timestamp,est_x,est_y,est_theta,gt_x,gt_y,gt_theta,error_m,update_time_ms,kidnapped
0.020000,-2.349584,2.609869,1.259755,-0.550000,-0.458800,0.000000,3.557419,22.611800,0
0.040000,-2.113217,2.151373,1.797710,-0.550000,-0.458800,0.000000,3.042474,11.930900,0
0.060000,-1.866902,1.491210,1.555041,-0.550000,-0.458800,0.000000,2.353034,15.487500,0
0.080000,-1.832243,0.338206,0.784150,-0.550000,-0.458800,0.000000,1.509756,19.327300,0
0.100000,-0.476270,0.889894,0.424859,-0.550000,-0.458800,0.000000,1.350708,31.142800,0
0.120000,-0.430346,0.518755,0.058618,-0.550000,-0.458800,0.000000,0.984851,43.726100,0
0.140000,-0.305903,0.543891,-0.111913,-0.550000,-0.458800,0.000000,1.031975,1035.974400,0
0.160000,-0.461478,0.491419,0.223184,-0.550000,-0.458800,0.000000,0.954334,39.600900,0
0.180000,-0.355231,0.555466,-0.101648,-0.550000,-0.458800,0.000000,1.032797,412.403000,0
0.200000,-0.456981,0.545207,-0.048911,-0.550000,-0.458800,0.000000,1.008307,53.895400,0
0.220000,-0.333875,0.547764,-0.142303,-0.550000,-0.458800,0.000000,1.029505,40.010900,0
0.240000,-0.418292,0.537179,0.090542,-0.550000,-0.458800,0.000000,1.004650,44.958100,0
0.260000,-0.405851,0.549407,-0.016042,-0.550000,-0.458800,0.000000,1.018460,37.899900,0
0.280000,-0.401420,0.537495,-0.107813,-0.550000,-0.458800,0.000000,1.007313,38.974400,0
0.300000,-0.575093,0.535501,0.033698,-0.550000,-0.458800,0.000000,0.994618,44.115000,0
0.320000,-0.322676,0.554380,0.020890,-0.550000,-0.458800,0.000000,1.038369,40.097900,0
0.340000,-0.449833,0.553306,-0.033300,-0.550000,-0.458800,0.000000,1.017050,38.324600,0
0.360000,-0.386035,0.538193,0.073743,-0.550000,-0.458800,0.000000,1.010386,51.318900,0
0.380000,-0.426887,0.533258,0.007383,-0.550000,-0.458800,0.000000,0.999668,43.325600,0
0.400000,-0.300157,0.557228,-0.153247,-0.550000,-0.458800,0.000000,1.046296,66.965100,0
0.420000,-0.417816,0.537828,-0.072282,-0.550000,-0.458800,0.000000,1.005356,38.449400,0
0.440000,-0.410250,0.545675,-0.206792,-0.550000,-0.458800,0.000000,1.014150,38.704700,0
0.460000,-0.443445,0.558009,0.127247,-0.550000,-0.458800,0.000000,1.022377,37.466700,0
0.480000,-0.355854,0.557519,-0.108763,-0.550000,-0.458800,0.000000,1.034697,36.919200,0
0.500000,-0.433653,0.542178,0.019725,-0.550000,-0.458800,0.000000,1.007717,37.809700,0
0.520000,-0.401018,0.531052,-0.064288,-0.550000,-0.458800,0.000000,1.001000,39.323200,0
0.540000,-0.481433,0.554731,0.037200,-0.550000,-0.458800,0.000000,1.015848,33.246800,0
0.560000,-0.371796,0.536212,-0.039125,-0.550000,-0.458800,0.000000,1.010844,36.399600,0
0.580000,-0.348163,0.547859,-0.216781,-0.550000,-0.458800,0.000000,1.026694,36.494900,0
0.600000,-0.385487,0.550425,-0.145356,-0.550000,-0.458800,0.000000,1.022546,35.521300,0
0.620000,-0.379033,0.542724,0.029895,-0.550000,-0.458800,0.000000,1.016011,24.528300,0
0.640000,-0.402371,0.546854,-0.180799,-0.550000,-0.458800,0.000000,1.016432,19.540300,0
0.660000,-0.427277,0.540368,0.088923,-0.550000,-0.458800,0.000000,1.006677,19.892200,0
0.680000,-0.345863,0.549564,-0.101371,-0.550000,-0.458800,0.000000,1.028820,21.237100,0
0.700000,-0.396712,0.533975,-0.067080,-0.550000,-0.458800,0.000000,1.004540,22.524200,0
0.720000,-0.399987,0.547487,0.058725,-0.550000,-0.458800,0.000000,1.017407,34.300600,0
0.740000,-0.319221,0.538695,-0.069353,-0.550000,-0.458800,0.000000,1.023843,38.042400,0
0.760000,-0.343853,0.535589,-0.112573,-0.550000,-0.458800,0.000000,1.015532,35.839100,0
0.780000,-0.429599,0.541070,0.113531,-0.550000,-0.458800,0.000000,1.007093,32.128200,0
0.800000,-0.368730,0.561403,-0.103865,-0.550000,-0.458800,0.000000,1.036182,19.620900,0
0.820000,-0.442935,0.546423,-0.097374,-0.550000,-0.458800,0.000000,1.010908,18.739500,0
0.840000,-0.419028,0.546384,0.081637,-0.550000,-0.458800,0.000000,1.013681,18.462400,0
0.860000,-0.339090,0.544278,-0.077244,-0.550000,-0.458800,0.000000,1.025012,18.689600,0
0.880000,-0.425770,0.542691,-0.091707,-0.550000,-0.458800,0.000000,1.009167,18.645200,0
0.900000,-0.399658,0.550688,0.006936,-0.550000,-0.458800,0.000000,1.020621,18.884500,0
0.920000,-0.424881,0.542859,0.021934,-0.550000,-0.458800,0.000000,1.009444,18.460900,0
0.940000,-0.442325,0.549641,-0.068549,-0.550000,-0.458800,0.000000,1.014173,16.267200,0
0.960000,-0.401585,0.543191,0.048830,-0.550000,-0.458800,0.000000,1.012923,17.048100,0
0.980000,-0.434689,0.538812,0.011139,-0.550000,-0.458800,0.000000,1.004254,16.918300,0
1.000000,-0.474876,0.548653,-0.073789,-0.550000,-0.458800,0.000000,1.010250,17.068500,0
1.020000,-0.381575,0.534476,0.006664,-0.550000,-0.458800,0.000000,1.007455,17.146500,0
1.040000,-0.424710,0.538578,0.039436,-0.550000,-0.458800,0.000000,1.005216,16.698500,0
1.060000,-0.403367,0.556410,-0.046394,-0.550000,-0.458800,0.000000,1.025745,18.397600,0
1.080000,-0.374034,0.538283,-0.084830,-0.550000,-0.458800,0.000000,1.012491,15.734300,0
1.100000,-0.449592,0.537124,0.049742,-0.550000,-0.458800,0.000000,1.000973,15.616700,0
1.120000,-0.449360,0.528729,0.165746,-0.550000,-0.458800,0.000000,0.992644,16.445800,0
1.140000,-0.349328,0.551039,-0.019652,-0.550000,-0.458800,0.000000,1.029585,15.864700,0
1.160000,-0.337608,0.543995,-0.138130,-0.550000,-0.458800,0.000000,1.025041,15.171500,0
1.180000,-0.420293,0.535858,-0.086866,-0.550000,-0.458800,0.000000,1.003080,16.836200,0
1.200000,-0.438849,0.535756,0.114695,-0.550000,-0.458800,0.000000,1.000748,17.383800,0
1.220000,-0.438781,0.536628,0.013477,-0.550000,-0.458800,0.000000,1.001622,17.084200,0
1.240000,-0.301133,0.539454,0.149784,-0.550000,-0.458800,0.000000,1.028808,17.111700,0
1.260000,-0.372115,0.542831,-0.128757,-0.550000,-0.458800,0.000000,1.017304,16.530800,0
1.280000,-0.272953,0.562163,-0.039546,-0.550000,-0.458800,0.000000,1.057885,17.983300,0
1.300000,-0.366651,0.545161,0.118887,-0.550000,-0.458800,0.000000,1.020566,16.961600,0
1.320000,-0.456962,0.547539,-0.029246,-0.550000,-0.458800,0.000000,1.010631,17.013300,0
1.340000,-0.371725,0.537777,0.025252,-0.550000,-0.458800,0.000000,1.012397,17.980700,0
1.360000,-0.377208,0.554642,-0.069302,-0.550000,-0.458800,0.000000,1.028068,20.762900,0
1.380000,-0.444039,0.538748,-0.077178,-0.550000,-0.458800,0.000000,1.003160,20.329500,0
1.400000,-0.397880,0.534788,0.036430,-0.550000,-0.458800,0.000000,1.005165,16.676000,0
1.420000,-0.404966,0.542768,0.032337,-0.550000,-0.458800,0.000000,1.012015,16.582300,0
1.440000,-0.412209,0.545854,0.125146,-0.550000,-0.458800,0.000000,1.014059,17.683000,0
1.460000,-0.329462,0.545957,-0.068288,-0.550000,-0.458800,0.000000,1.028676,18.377300,0
1.480000,-0.386146,0.552527,-0.004526,-0.550000,-0.458800,0.000000,1.024515,19.048300,0
1.500000,-0.361491,0.552589,-0.126291,-0.550000,-0.458800,0.000000,1.028807,20.357900,0
1.520000,-0.450753,0.539690,-0.170897,-0.550000,-0.458800,0.000000,1.003411,17.056200,0
1.540000,-0.418757,0.535640,0.034788,-0.550000,-0.458800,0.000000,1.003064,17.820000,0
1.560000,-0.450098,0.557433,-0.001590,-0.550000,-0.458800,0.000000,1.021132,17.416900,0
1.580000,-0.383650,0.558615,0.000894,-0.550000,-0.458800,0.000000,1.030925,17.789600,0
1.600000,-0.416789,0.546233,-0.042372,-0.550000,-0.458800,0.000000,1.013823,24.796800,0
1.620000,-0.418904,0.552268,0.088134,-0.550000,-0.458800,0.000000,1.019532,19.734900,0
1.640000,-0.471135,0.538338,0.074294,-0.550000,-0.458800,0.000000,1.000252,18.079200,0
1.660000,-0.417557,0.542651,-0.040193,-0.550000,-0.458800,0.000000,1.010171,20.732700,0
1.680000,-0.302920,0.543869,-0.203191,-0.550000,-0.458800,0.000000,1.032663,25.407800,0
1.700000,-0.477034,0.556324,-0.151568,-0.550000,-0.458800,0.000000,1.017743,19.459800,0
1.720000,-0.337025,0.529921,-0.121387,-0.550000,-0.458800,0.000000,1.011399,17.842100,0
1.740000,-0.391346,0.550007,-0.160161,-0.550000,-0.458800,0.000000,1.021206,18.414900,0
1.760000,-0.402766,0.545312,0.045191,-0.550000,-0.458800,0.000000,1.014849,18.670400,0
1.780000,-0.327239,0.547082,-0.135800,-0.550000,-0.458800,0.000000,1.030252,18.336500,0
1.800000,-0.431504,0.540948,-0.111166,-0.550000,-0.458800,0.000000,1.006746,29.046100,0
1.820000,-0.384666,0.546574,-0.031467,-0.550000,-0.458800,0.000000,1.018878,18.512400,0
1.840000,-0.383327,0.536147,-0.048717,-0.550000,-0.458800,0.000000,1.008811,18.007000,0
1.860000,-0.431939,0.531800,-0.048357,-0.550000,-0.458800,0.000000,0.997611,18.599100,0
1.880000,-0.437525,0.545530,-0.024917,-0.550000,-0.458800,0.000000,1.010609,18.305000,0
1.900000,-0.415162,0.550994,-0.139863,-0.550000,-0.458800,0.000000,1.018757,19.235100,0
1.920000,-0.477515,0.561382,0.061301,-0.550000,-0.458800,0.000000,1.022754,30.836100,0
1.940000,-0.306055,0.546102,0.038665,-0.550000,-0.458800,0.000000,1.034088,19.523700,0
1.960000,-0.435338,0.530670,0.074839,-0.550000,-0.458800,0.000000,0.996092,17.952600,0
1.980000,-0.476284,0.544086,0.164344,-0.550000,-0.458800,0.000000,1.005592,18.668400,0
2.000000,-0.449280,0.537855,0.037527,-0.550000,-0.458800,0.000000,1.001732,21.042400,0
2.020000,-0.421594,0.555771,-0.120921,-0.550000,-0.458800,0.000000,1.022665,21.382100,0
2.040000,-0.417294,0.541925,-0.030007,-0.550000,-0.458800,0.000000,1.009486,20.154000,0
2.060000,-0.356919,0.568236,0.186580,-0.550000,-0.458800,0.000000,1.045028,20.498800,0
2.080000,-0.415363,0.540923,0.040461,-0.550000,-0.458800,0.000000,1.008748,31.409400,0
2.100000,-0.474203,0.535650,0.131064,-0.550000,-0.458800,0.000000,0.997335,18.386100,0
2.120000,-0.462356,0.535270,0.065010,-0.550000,-0.458800,0.000000,0.997926,17.992500,0
2.140000,-0.440732,0.541624,0.044685,-0.550000,-0.458800,0.000000,1.006373,16.955200,0
2.160000,-0.464711,0.548795,-0.007929,-0.550000,-0.458800,0.000000,1.011198,17.943300,0
2.180000,-0.387996,0.548504,0.050429,-0.550000,-0.458800,0.000000,1.020249,18.215500,0
2.200000,-0.401649,0.543516,0.045845,-0.550000,-0.458800,0.000000,1.013235,18.110500,0
2.220000,-0.328266,0.540258,-0.072192,-0.550000,-0.458800,0.000000,1.023368,18.442400,0
2.240000,-0.419683,0.535805,-0.034266,-0.550000,-0.458800,0.000000,1.003106,17.472200,0
2.260000,-0.453964,0.534141,0.171801,-0.550000,-0.458800,0.000000,0.997574,17.823500,0
2.280000,-0.269065,0.549008,-0.070869,-0.550000,-0.458800,0.000000,1.046232,17.275700,0
2.300000,-0.373415,0.541354,-0.010786,-0.550000,-0.458800,0.000000,1.015623,17.121200,0
2.320000,-0.444039,0.543377,0.076342,-0.550000,-0.458800,0.000000,1.007764,16.292700,0
2.340000,-0.458344,0.538815,0.138196,-0.550000,-0.458800,0.000000,1.001817,17.185500,0
2.360000,-0.467455,0.549537,0.057220,-0.550000,-0.458800,0.000000,1.011710,17.221100,0
2.380000,-0.283995,0.559447,-0.118941,-0.550000,-0.458800,0.000000,1.052419,16.985600,0
2.400000,-0.392262,0.545304,-0.089275,-0.550000,-0.458800,0.000000,1.016418,14.775000,0
2.420000,-0.383701,0.545026,0.061538,-0.550000,-0.458800,0.000000,1.017508,21.103200,0
2.440000,-0.428256,0.537413,0.087914,-0.550000,-0.458800,0.000000,1.003624,15.312500,0
2.460000,-0.471718,0.527658,0.086090,-0.550000,-0.458800,0.000000,0.989560,15.150900,0
2.480000,-0.379526,0.517142,-0.163257,-0.550000,-0.458800,0.000000,0.990719,16.230300,0
2.500000,-0.405603,0.531891,0.158537,-0.550000,-0.458800,0.000000,1.001158,15.054200,0
2.520000,-0.426089,0.544745,0.022967,-0.550000,-0.458800,0.000000,1.011166,15.012800,0
2.540000,-0.464816,0.546185,0.052817,-0.550000,-0.458800,0.000000,1.008589,16.050900,0
2.560000,-0.481689,0.531175,0.081883,-0.550000,-0.458800,0.000000,0.992329,15.655300,0
2.580000,-0.273534,0.538226,0.186083,-0.550000,-0.458800,0.000000,1.034647,16.186800,0
2.600000,-0.425509,0.535925,-0.096987,-0.550000,-0.458800,0.000000,1.002485,16.151000,0
2.620000,-0.420710,0.556234,-0.110183,-0.550000,-0.458800,0.000000,1.023235,15.657500,0
2.640000,-0.533510,0.544037,-0.002025,-0.550000,-0.458800,0.000000,1.002973,17.423400,0
2.660000,-0.372549,0.544528,-0.100922,-0.550000,-0.458800,0.000000,1.018899,16.614200,0
2.680000,-0.393075,0.549861,-0.123401,-0.550000,-0.458800,0.000000,1.020795,17.166400,0
2.700000,-0.407497,0.554064,-0.163214,-0.550000,-0.458800,0.000000,1.022839,16.901500,0
2.720000,-0.354027,0.554317,-0.002696,-0.550000,-0.458800,0.000000,1.031897,16.919500,0
2.740000,-0.452540,0.553195,0.074090,-0.550000,-0.458800,0.000000,1.016677,19.365700,0
2.760000,-0.360301,0.547534,0.087322,-0.550000,-0.458800,0.000000,1.024057,16.573800,0
2.780000,-0.462019,0.543341,-0.017042,-0.550000,-0.458800,0.000000,1.005995,19.720700,0
2.800000,-0.425816,0.543745,0.046440,-0.550000,-0.458800,0.000000,1.010207,14.341900,0
2.820000,-0.424216,0.540750,0.038337,-0.550000,-0.458800,0.000000,1.007433,16.161200,0
2.840000,-0.560553,0.533518,0.005566,-0.550000,-0.458800,0.000000,0.992374,16.604600,0
2.860000,-0.417997,0.532577,-0.090185,-0.550000,-0.458800,0.000000,1.000127,16.199400,0
2.880000,-0.431257,0.536761,0.084277,-0.550000,-0.458800,0.000000,1.002617,16.353900,0
2.900000,-0.433488,0.545849,0.102547,-0.550000,-0.458800,0.000000,1.011382,16.017000,0
2.920000,-0.359552,0.554137,-0.068039,-0.550000,-0.458800,0.000000,1.030685,16.520000,0
2.940000,-0.471712,0.545356,0.044946,-0.550000,-0.458800,0.000000,1.007203,15.490300,0
2.960000,-0.347880,0.539145,-0.037283,-0.550000,-0.458800,0.000000,1.018208,16.450900,0
2.980000,-0.394833,0.537369,-0.022779,-0.550000,-0.458800,0.000000,1.008181,15.367800,0
3.000000,-0.340739,0.540181,-0.171711,-0.550000,-0.458800,0.000000,1.020663,15.546900,0
3.020000,-0.412291,0.548181,-0.001446,-0.550000,-0.458800,0.000000,1.016353,17.243700,0
3.040000,-0.312525,0.548391,-0.181614,-0.550000,-0.458800,0.000000,1.034809,17.929900,0
3.060000,-0.409931,0.552831,-0.121168,-0.550000,-0.458800,0.000000,1.021282,18.527000,0
3.080000,-0.410566,0.543799,0.053165,-0.550000,-0.458800,0.000000,1.012248,17.851700,0
3.100000,-0.273762,0.543572,-0.181402,-0.550000,-0.458800,0.000000,1.039739,18.047300,0
3.120000,-0.436726,0.540374,0.128630,-0.550000,-0.458800,0.000000,1.005574,19.372800,0
3.140000,-0.346890,0.550201,-0.094803,-0.550000,-0.458800,0.000000,1.029241,18.121300,0
3.160000,-0.415658,0.532989,-0.048142,-0.550000,-0.458800,0.000000,1.000846,19.275300,0
3.180000,-0.471721,0.556079,0.014832,-0.550000,-0.458800,0.000000,1.017893,17.392700,0
3.200000,-0.361942,0.567843,-0.018069,-0.550000,-0.458800,0.000000,1.043725,14.678200,0
3.220000,-0.433051,0.526453,0.180408,-0.550000,-0.458800,0.000000,0.992170,15.141200,0
3.240000,-0.345853,0.555870,-0.148062,-0.550000,-0.458800,0.000000,1.035003,15.760900,0
3.260000,-0.436655,0.545267,0.100681,-0.550000,-0.458800,0.000000,1.010444,15.715500,0
3.280000,-0.348684,0.532552,-0.054516,-0.550000,-0.458800,0.000000,1.011586,16.027800,0
3.300000,-0.415631,0.543038,-0.065827,-0.550000,-0.458800,0.000000,1.010809,25.015200,0
3.320000,-0.607074,0.549207,0.048817,-0.550000,-0.458800,0.000000,1.009621,30.214200,0
3.340000,-0.386056,0.547458,-0.012313,-0.550000,-0.456378,-0.000076,1.017135,23.786600,0
3.360000,-0.433396,0.559282,-0.019015,-0.550000,-0.453378,-0.000076,1.019351,15.934900,0
3.380000,-0.374104,0.546458,0.005161,-0.550000,-0.450378,-0.000076,1.012236,24.143600,0
3.400000,-0.288478,0.546414,-0.262070,-0.550001,-0.447378,-0.000076,1.027627,16.266900,0
3.420000,-0.444341,0.539500,-0.025404,-0.550001,-0.444378,-0.000076,0.989536,15.970200,0
3.440000,-0.447840,0.557905,0.151673,-0.550001,-0.441377,-0.000076,1.004491,16.505800,0
3.460000,-0.395724,0.541040,-0.082486,-0.550001,-0.438377,-0.000076,0.991494,17.250100,0
3.480000,-0.404279,0.533685,0.035880,-0.550002,-0.435377,-0.000076,0.979957,20.672700,0
3.500000,-0.403494,0.543620,-0.034731,-0.550002,-0.432377,-0.000076,0.986932,16.696100,0
3.520000,-0.322284,0.566863,-0.150484,-0.550002,-0.429377,-0.000076,1.021934,17.492500,0
3.540000,-0.281948,0.538456,0.112239,-0.550002,-0.426377,-0.000076,1.001377,16.729700,0
3.560000,-0.378435,0.535882,0.034358,-0.550003,-0.423377,-0.000076,0.974481,17.317400,0
3.580000,-0.373733,0.540879,-0.082445,-0.550003,-0.420377,-0.000076,0.977284,16.378500,0
3.600000,-0.369712,0.532651,0.170560,-0.550003,-0.417377,-0.000076,0.966984,16.515200,0
3.620000,-0.395829,0.540601,0.042266,-0.550003,-0.414377,-0.000076,0.967343,17.563400,0
3.640000,-0.317571,0.540869,-0.115126,-0.550004,-0.411377,-0.000076,0.980202,16.771700,0
3.660000,-0.406615,0.530415,-0.012543,-0.550004,-0.408377,-0.000076,0.949680,16.867000,0
3.680000,-0.391793,0.551911,-0.092364,-0.550004,-0.405377,-0.000076,0.970274,18.527300,0
3.700000,-0.489365,0.568368,0.102572,-0.550004,-0.402377,-0.000076,0.972637,18.554600,0
3.720000,-0.408902,0.539492,0.080234,-0.550004,-0.399377,-0.000076,0.949413,18.488900,0
3.740000,-0.314981,0.533146,-0.015394,-0.550005,-0.396377,-0.000076,0.958775,18.263000,0
3.760000,-0.278956,0.534264,0.000314,-0.550005,-0.393377,-0.000076,0.966429,16.131800,0
3.780000,-0.301545,0.541236,-0.022921,-0.550005,-0.390377,-0.000076,0.964175,14.345200,0
3.800000,-0.238564,0.535126,-0.133648,-0.550005,-0.389867,-0.000003,0.976016,15.537900,0
3.820000,-0.367190,0.532046,-0.092623,-0.550005,-0.389867,-0.000003,0.939864,15.934400,0
3.840000,-0.180234,0.524872,-0.143962,-0.550005,-0.389867,-0.000003,0.986650,16.342200,0
3.860000,-0.366476,0.538814,-0.019146,-0.550005,-0.389867,-0.000003,0.946642,15.771600,0
3.880000,-0.453357,0.529092,0.127583,-0.550005,-0.389867,-0.000003,0.924027,15.301100,0
3.900000,-0.297685,0.549241,0.127331,-0.550005,-0.389867,-0.000003,0.972414,16.322100,0
3.920000,-0.386558,0.529844,0.131798,-0.550005,-0.389868,-0.000003,0.934123,15.318300,0
3.940000,-0.335308,0.536644,-0.035675,-0.550005,-0.389868,-0.000003,0.951062,15.166800,0
3.960000,-0.288116,0.529752,-0.119559,-0.550005,-0.389868,-0.000003,0.956184,15.577700,0
3.980000,-0.360919,0.546840,0.044967,-0.550005,-0.389868,-0.000003,0.955602,15.945300,0
4.000000,-0.273675,0.542343,-0.074371,-0.550005,-0.389868,-0.000003,0.972305,15.057700,0
4.020000,-0.287154,0.549973,-0.223530,-0.550005,-0.389868,-0.000003,0.975906,15.429500,0
4.040000,-0.255601,0.527942,-0.030102,-0.550005,-0.389868,-0.000003,0.963872,16.279900,0
4.060000,-0.318604,0.537344,-0.045732,-0.550005,-0.389868,-0.000003,0.955651,16.239000,0
4.080000,-0.279508,0.548804,-0.071737,-0.550005,-0.389868,-0.000003,0.976870,18.417300,0
4.100000,-0.356251,0.548353,-0.078905,-0.550005,-0.389868,-0.000003,0.958018,19.197000,0
4.120000,-0.298603,0.551712,0.038860,-0.550005,-0.389868,-0.000003,0.974564,19.261000,0
4.140000,-0.388744,0.547356,0.018980,-0.550005,-0.389868,-0.000003,0.950997,16.603600,0
4.160000,-0.334604,0.551777,0.102451,-0.550005,-0.389868,-0.000003,0.965968,17.892100,0
4.180000,-0.309410,0.538796,-0.071519,-0.550005,-0.389868,-0.000003,0.959324,14.592700,0
4.200000,-0.371700,0.532660,-0.048489,-0.550005,-0.387445,-0.000078,0.937222,24.246400,0
4.220000,-0.380963,0.544437,-0.044280,-0.550005,-0.384446,-0.000078,0.944139,17.499500,0
4.240000,-0.342587,0.540640,0.051818,-0.550006,-0.381445,-0.000078,0.945126,16.478400,0
4.260000,-0.352095,0.543763,-0.003368,-0.550006,-0.378445,-0.000078,0.943206,16.828900,0
4.280000,-0.245459,0.546670,-0.019784,-0.550006,-0.375445,-0.000078,0.971106,17.606400,0
4.300000,-0.256489,0.539551,-0.137094,-0.550006,-0.372445,-0.000078,0.958065,17.741200,0
4.320000,-0.417834,0.548487,-0.092531,-0.550007,-0.369445,-0.000078,0.927399,18.645100,0
4.340000,-0.317916,0.551731,-0.010867,-0.550007,-0.366445,-0.000078,0.947055,18.236800,0
4.360000,-0.353516,0.543565,0.125611,-0.550007,-0.363445,-0.000078,0.928050,18.242200,0
4.380000,-0.345634,0.540015,0.061525,-0.550007,-0.360445,-0.000078,0.923362,17.085300,0
4.400000,-0.332028,0.533847,-0.062598,-0.550008,-0.357445,-0.000078,0.917560,17.964300,0
4.420000,-0.348297,0.542453,0.084858,-0.550008,-0.354445,-0.000078,0.919300,18.393400,0
4.440000,-0.325407,0.538378,0.002365,-0.550008,-0.351445,-0.000078,0.917731,17.317300,0
4.460000,-0.303040,0.534899,0.013450,-0.550008,-0.348445,-0.000078,0.917218,15.417200,0
4.480000,-0.327979,0.543991,0.116098,-0.550009,-0.345445,-0.000078,0.916730,16.244700,0
4.500000,-0.255221,0.544733,0.000845,-0.550009,-0.342445,-0.000078,0.934871,17.212100,0
4.520000,-0.315936,0.536904,0.097916,-0.550009,-0.339445,-0.000078,0.907071,15.869100,0
4.540000,-0.363383,0.540499,0.063484,-0.550009,-0.336445,-0.000078,0.896582,13.722000,0
4.560000,-0.275993,0.531526,0.166123,-0.550009,-0.333445,-0.000078,0.907337,14.879200,0
4.580000,-0.293206,0.532637,0.045824,-0.550010,-0.330445,-0.000078,0.900477,14.919400,0
4.600000,-0.229031,0.542089,-0.069514,-0.550010,-0.327445,-0.000078,0.926886,14.497000,0
4.620000,-0.259788,0.535713,-0.028775,-0.550010,-0.324445,-0.000078,0.907800,14.975200,0
4.640000,-0.294616,0.521690,-0.003796,-0.550010,-0.321445,-0.000078,0.880967,15.451600,0
4.660000,-0.327652,0.536269,0.076518,-0.550011,-0.318445,-0.000078,0.883165,15.172700,0
4.680000,-0.341189,0.541488,0.078844,-0.550011,-0.315445,-0.000078,0.882009,13.968000,0
4.700000,-0.330790,0.538254,-0.038437,-0.550011,-0.312445,-0.000078,0.878491,14.560600,0
4.720000,-0.283978,0.546980,-0.123686,-0.550011,-0.309445,-0.000078,0.896793,14.924900,0
4.740000,-0.249703,0.538079,-0.119219,-0.550012,-0.306445,-0.000078,0.896330,15.326200,0
4.760000,-0.185363,0.541286,-0.031316,-0.550012,-0.303445,-0.000078,0.920076,15.403100,0
4.780000,-0.236072,0.529988,-0.075846,-0.550012,-0.300445,-0.000078,0.887793,14.678800,0
4.800000,-0.300416,0.540430,-0.146162,-0.550012,-0.297445,-0.000078,0.874261,15.946600,0
4.820000,-0.249390,0.551484,0.082920,-0.550013,-0.294445,-0.000078,0.897759,15.906700,0
4.840000,-0.292234,0.543042,0.065453,-0.550013,-0.291445,-0.000078,0.873395,15.026000,0
4.860000,-0.213084,0.535558,0.040315,-0.550013,-0.288445,-0.000078,0.890226,14.344800,0
4.880000,-0.214126,0.544982,-0.011509,-0.550013,-0.285445,-0.000078,0.895784,15.907700,0
4.900000,-0.326311,0.531357,0.074479,-0.550013,-0.282445,-0.000078,0.843988,15.744200,0
4.920000,-0.210543,0.532928,0.020911,-0.550014,-0.279445,-0.000078,0.880449,15.935400,0
4.940000,-0.233877,0.540906,-0.017862,-0.550014,-0.276445,-0.000078,0.876359,16.270500,0
4.960000,-0.138041,0.547074,-0.177056,-0.550014,-0.273445,-0.000078,0.918136,14.830300,0
4.980000,-0.235828,0.542950,-0.149839,-0.550014,-0.270445,-0.000078,0.871966,14.951300,0
5.000000,-0.132304,0.527632,0.008090,-0.550015,-0.267445,-0.000078,0.898125,15.768500,0
5.020000,-0.214585,0.554362,-0.086251,-0.550015,-0.264445,-0.000078,0.884849,16.150100,0
5.040000,-0.200820,0.540871,-0.099064,-0.550015,-0.261445,-0.000078,0.875013,14.715800,0
5.060000,-0.153770,0.543084,-0.110055,-0.550015,-0.258445,-0.000078,0.894124,14.942400,0
5.080000,-0.176090,0.537405,0.172998,-0.550016,-0.255445,-0.000078,0.876603,15.526500,0
5.100000,-0.275889,0.532738,0.037029,-0.550016,-0.252445,-0.000078,0.831659,14.359800,0
5.120000,-0.110865,0.527738,0.167642,-0.550016,-0.249445,-0.000078,0.892674,15.292800,0
5.140000,-0.124614,0.542615,-0.042304,-0.550016,-0.246445,-0.000078,0.896427,15.208200,0
5.160000,-0.264821,0.546486,0.133814,-0.550016,-0.243445,-0.000078,0.839837,16.194700,0
5.180000,-0.189894,0.525959,0.029469,-0.550017,-0.240445,-0.000078,0.846796,15.260000,0
5.200000,-0.301914,0.540352,0.121215,-0.550017,-0.237445,-0.000078,0.816409,16.969700,0
5.220000,-0.186131,0.537215,-0.172750,-0.550017,-0.234445,-0.000078,0.853154,17.875800,0
5.240000,-0.319076,0.574290,0.127151,-0.550017,-0.231445,-0.000078,0.838178,16.524000,0
5.260000,-0.116755,0.538828,0.086092,-0.550018,-0.228445,-0.000078,0.881150,14.336400,0
5.280000,-0.073481,0.537949,-0.082172,-0.550018,-0.225445,-0.000078,0.899921,15.861700,0
5.300000,-0.248807,0.537072,0.058901,-0.550018,-0.222445,-0.000078,0.817064,16.883400,0
5.320000,-0.151239,0.554037,0.058225,-0.550018,-0.219445,-0.000078,0.870229,16.366500,0
5.340000,-0.218949,0.543247,0.033275,-0.550019,-0.216445,-0.000078,0.828697,17.071300,0
5.360000,-0.189504,0.528914,0.084205,-0.550019,-0.213445,-0.000078,0.825268,17.581500,0
5.380000,-0.128906,0.560031,-0.019558,-0.550019,-0.210445,-0.000078,0.878049,18.526000,0
5.400000,-0.188740,0.544689,-0.096909,-0.550019,-0.207445,-0.000078,0.834403,15.232500,0
5.420000,-0.157201,0.515415,0.074709,-0.550020,-0.204445,-0.000078,0.820064,15.625400,0
5.440000,-0.203744,0.526847,0.017303,-0.550020,-0.201445,-0.000078,0.806422,16.837300,0
5.460000,-0.098240,0.537346,-0.037246,-0.550020,-0.198445,-0.000078,0.863420,15.910300,0
5.480000,-0.254240,0.542030,-0.035974,-0.550020,-0.195445,-0.000078,0.794578,15.426100,0
5.500000,-0.136683,0.538930,0.093028,-0.550020,-0.192445,-0.000078,0.840094,15.692900,0
5.520000,-0.176219,0.536266,-0.083007,-0.550021,-0.189445,-0.000078,0.816323,16.037400,0
5.540000,-0.032783,0.520509,-0.161088,-0.550021,-0.186445,-0.000078,0.875967,16.229300,0
5.560000,-0.223915,0.532327,0.023260,-0.550021,-0.183445,-0.000078,0.786559,15.708100,0
5.580000,-0.110093,0.529682,-0.159617,-0.550021,-0.180445,-0.000078,0.835354,15.880400,0
5.600000,-0.142396,0.535814,0.070049,-0.550022,-0.177445,-0.000078,0.821522,15.417600,0
5.620000,-0.223075,0.536208,0.092727,-0.550022,-0.174445,-0.000078,0.782254,14.396600,0
5.640000,-0.113675,0.536322,0.045801,-0.550022,-0.171445,-0.000078,0.831464,16.421300,0
5.660000,-0.186659,0.543004,-0.053853,-0.550022,-0.168445,-0.000078,0.798869,17.385800,0
5.680000,-0.194022,0.547149,0.058876,-0.550023,-0.165445,-0.000078,0.796572,16.348700,0
5.700000,-0.049763,0.550678,0.040556,-0.550023,-0.162445,-0.000078,0.871094,17.449900,0
5.720000,-0.026002,0.525301,-0.119380,-0.550023,-0.159445,-0.000078,0.862250,14.612300,0
5.740000,-0.065034,0.525412,-0.097554,-0.550023,-0.156445,-0.000078,0.836746,14.992000,0
5.760000,-0.055973,0.528298,0.030046,-0.550024,-0.153445,-0.000078,0.841938,14.162400,0
5.780000,-0.231251,0.534196,0.066905,-0.550024,-0.150445,-0.000078,0.755215,14.129100,0
5.800000,-0.051566,0.536893,0.028694,-0.550024,-0.147445,-0.000078,0.846628,15.106600,0
5.820000,-0.015461,0.543079,-0.134799,-0.550024,-0.144445,-0.000078,0.870888,14.443800,0
5.840000,-0.103033,0.533022,0.041952,-0.550025,-0.141445,-0.000078,0.809140,14.535900,0
5.860000,-0.125093,0.534259,-0.084590,-0.550025,-0.138445,-0.000078,0.795675,14.205700,0
5.880000,0.033921,0.525021,-0.106628,-0.550025,-0.135445,-0.000078,0.881595,14.423700,0
5.900000,-0.105727,0.529828,-0.056489,-0.550025,-0.132445,-0.000078,0.797500,13.980800,0
5.920000,-0.185379,0.535402,0.126033,-0.550025,-0.129445,-0.000078,0.758280,14.599600,0
5.940000,-0.045694,0.532700,0.000664,-0.550026,-0.126445,-0.000078,0.829954,14.253300,0
5.960000,-0.018740,0.539015,-0.017096,-0.550026,-0.123445,-0.000078,0.849187,13.831700,0
5.980000,0.008176,0.531894,-0.212779,-0.550026,-0.120445,-0.000078,0.858566,14.689400,0
6.000000,-0.082034,0.540020,0.019235,-0.550026,-0.117445,-0.000078,0.807017,14.458600,0
6.020000,-0.105533,0.529351,-0.065846,-0.550027,-0.114445,-0.000078,0.782335,14.714800,0
6.040000,-0.006492,0.518870,0.072977,-0.550027,-0.111445,-0.000078,0.832302,13.907500,0
6.060000,-0.041695,0.546062,0.043089,-0.550027,-0.108445,-0.000078,0.828723,13.865000,0
6.080000,0.017845,0.538073,-0.073158,-0.550027,-0.105445,-0.000078,0.858250,13.983100,0
6.100000,-0.137677,0.540458,0.029936,-0.550028,-0.102445,-0.000078,0.763779,14.276600,0
6.120000,-0.051085,0.532279,0.064681,-0.550028,-0.099445,-0.000078,0.804997,15.133400,0
6.140000,-0.129735,0.527889,0.027429,-0.550028,-0.096445,-0.000078,0.752621,14.816300,0
6.160000,0.032506,0.532353,-0.042803,-0.550028,-0.093445,-0.000078,0.854967,14.902000,0
6.180000,-0.090235,0.535402,0.123034,-0.550029,-0.090445,-0.000078,0.776592,15.411500,0
6.200000,-0.031922,0.545806,-0.128492,-0.550029,-0.087445,-0.000078,0.818194,15.002900,0
6.220000,-0.075337,0.534388,-0.055972,-0.550029,-0.084445,-0.000078,0.779928,15.716800,0
6.240000,-0.073107,0.529911,-0.006008,-0.550029,-0.081445,-0.000078,0.775377,15.965500,0
6.260000,-0.025181,0.533691,-0.024001,-0.550029,-0.078445,-0.000078,0.806335,15.883900,0
6.280000,0.109045,0.522806,0.060185,-0.550030,-0.075445,-0.000078,0.890103,17.101700,0
6.300000,-0.061834,0.536131,-0.064589,-0.550030,-0.072445,-0.000078,0.780192,15.757100,0
6.320000,0.023900,0.525665,-0.075644,-0.550030,-0.069445,-0.000078,0.826772,15.833000,0
6.340000,-0.063453,0.531536,0.041278,-0.550030,-0.066445,-0.000078,0.770934,14.806900,0
6.360000,0.085373,0.540042,-0.100732,-0.550031,-0.063445,-0.000078,0.876319,15.805000,0
6.380000,-0.106548,0.547914,-0.056917,-0.550031,-0.060445,-0.000078,0.752847,15.094600,0
6.400000,0.023039,0.538581,-0.050956,-0.550031,-0.057445,-0.000078,0.826835,15.258500,0
6.420000,-0.036150,0.530592,0.048502,-0.550031,-0.054445,-0.000078,0.778679,15.047800,0
6.440000,0.028051,0.541523,0.115299,-0.550032,-0.051445,-0.000078,0.828125,15.558700,0
6.460000,-0.045949,0.534196,0.076819,-0.550032,-0.048445,-0.000078,0.770435,13.890300,0
6.480000,-0.066718,0.532024,-0.008180,-0.550032,-0.045445,-0.000078,0.753036,14.755500,0
6.500000,0.015793,0.522838,-0.013365,-0.550032,-0.042445,-0.000078,0.799814,13.647400,0
6.520000,0.024301,0.545314,0.089634,-0.550032,-0.039445,-0.000078,0.819635,13.841800,0
6.540000,0.034358,0.536591,-0.137090,-0.550033,-0.036445,-0.000078,0.818464,14.950700,0
6.560000,-0.002137,0.541860,-0.034071,-0.550033,-0.033445,-0.000078,0.794459,14.608700,0
6.580000,0.151486,0.536063,-0.227537,-0.550033,-0.030445,-0.000078,0.901698,14.997400,0
6.600000,-0.016123,0.542105,-0.090285,-0.550033,-0.027445,-0.000078,0.780671,15.824200,0
6.620000,-0.040519,0.527422,0.160530,-0.550034,-0.024445,-0.000078,0.751107,15.357700,0
6.640000,-0.084919,0.541976,0.052677,-0.550034,-0.021445,-0.000078,0.730599,15.455900,0
6.660000,-0.011440,0.522212,0.113129,-0.550034,-0.018445,-0.000078,0.763147,15.316400,0
6.680000,0.146793,0.532543,-0.121618,-0.550034,-0.015445,-0.000078,0.886487,15.596000,0
6.700000,0.060944,0.539266,-0.166249,-0.550035,-0.012445,-0.000078,0.823214,14.495100,0
6.720000,0.068826,0.533550,0.052683,-0.550035,-0.009445,-0.000078,0.823306,14.685100,0
6.740000,0.185133,0.534083,-0.153960,-0.550035,-0.006445,-0.000078,0.912492,14.834700,0
6.760000,0.084396,0.535229,0.082723,-0.550035,-0.003445,-0.000078,0.832269,15.003000,0
6.780000,-0.034518,0.519504,0.008253,-0.550035,-0.002491,0.009002,0.733646,14.636400,0
6.800000,-0.016259,0.522195,-0.016315,-0.550033,-0.002317,0.029000,0.748349,13.848400,0
6.820000,-0.011811,0.539409,0.077100,-0.550032,-0.002300,0.047227,0.763630,14.332400,0
6.840000,0.000093,0.537452,-0.047917,-0.550031,-0.002303,0.065216,0.770696,16.000000,0
6.860000,-0.022563,0.530100,-0.149462,-0.550030,-0.002306,0.083205,0.749452,15.929400,0
6.880000,0.153916,0.521612,-0.311971,-0.550029,-0.002308,0.101195,0.877514,15.674100,0
6.900000,0.027723,0.537759,-0.149787,-0.550028,-0.002309,0.119185,0.790866,14.298300,0
6.920000,0.057556,0.522289,-0.184586,-0.550027,-0.002316,0.137231,0.802726,14.842400,0
6.940000,0.175618,0.530535,-0.386113,-0.550026,-0.002323,0.155285,0.900276,15.677600,0
6.960000,0.007737,0.550955,-0.129423,-0.550025,-0.002330,0.173339,0.785635,16.086600,0
6.980000,0.064352,0.533236,-0.280703,-0.550024,-0.002337,0.191390,0.815043,16.604900,0
7.000000,0.069877,0.544622,-0.199192,-0.550023,-0.002343,0.209436,0.826708,16.608700,0
7.020000,0.117831,0.526886,-0.217131,-0.550023,-0.002338,0.209435,0.852119,16.557300,0
7.040000,0.083854,0.535515,-0.294249,-0.550022,-0.002334,0.209429,0.831312,16.603400,0
7.060000,-0.021320,0.552946,-0.242126,-0.550022,-0.002331,0.209423,0.766719,17.151900,0
7.080000,0.160505,0.502236,-0.347916,-0.550021,-0.002328,0.209418,0.871454,17.564500,0
7.100000,-0.057527,0.561171,-0.173983,-0.550021,-0.002326,0.209414,0.748384,17.302300,0
7.120000,0.088750,0.537698,-0.348272,-0.550021,-0.002325,0.209411,0.836453,16.283800,0
7.140000,0.067147,0.539883,-0.334407,-0.549397,0.000099,0.209456,0.819447,14.013300,0
7.160000,0.176823,0.508841,-0.329247,-0.548773,0.003035,0.209456,0.884494,13.907700,0
7.180000,0.019986,0.530573,-0.218923,-0.548150,0.005970,0.209454,0.773296,15.138500,0
7.200000,-0.030768,0.547346,-0.064302,-0.547526,0.008905,0.209453,0.746296,15.643500,0
7.220000,-0.055573,0.541593,-0.155048,-0.546902,0.011840,0.209452,0.722525,17.006300,0
7.240000,0.134644,0.528050,-0.291476,-0.546278,0.014775,0.209451,0.852705,16.333200,0
7.260000,0.091726,0.517125,-0.176726,-0.545655,0.017710,0.209451,0.809734,16.564200,0
7.280000,0.136988,0.523453,-0.241149,-0.545031,0.020645,0.209450,0.847329,16.181200,0
7.300000,0.095334,0.531171,-0.223230,-0.544407,0.023579,0.209450,0.816650,16.201000,0
7.320000,-0.025645,0.539458,-0.227658,-0.543783,0.026514,0.209450,0.729094,14.181900,0
7.340000,0.154966,0.513178,-0.302630,-0.543160,0.029449,0.209450,0.849337,13.893500,0
7.360000,0.057334,0.528651,-0.285516,-0.542536,0.032383,0.209450,0.778541,14.054200,0
7.380000,0.175021,0.499825,-0.229745,-0.541912,0.035318,0.209449,0.854260,15.847500,0
7.400000,0.115455,0.519562,-0.303756,-0.541288,0.038252,0.209449,0.814230,16.781200,0
7.420000,0.073858,0.531551,-0.092503,-0.540665,0.041187,0.209449,0.786190,18.039500,0
7.440000,0.139838,0.521465,-0.240475,-0.540041,0.044121,0.209449,0.830719,16.583100,0
7.460000,0.021528,0.544445,-0.147004,-0.539417,0.047056,0.209449,0.749703,16.573700,0
7.480000,0.152406,0.532356,-0.209515,-0.539321,0.047729,0.222260,0.844600,16.534900,0
7.500000,0.042305,0.535872,-0.226184,-0.539285,0.047888,0.242145,0.759194,17.011900,0
7.520000,0.050149,0.533463,-0.144326,-0.539285,0.047888,0.260167,0.763685,17.640800,0
7.540000,0.060376,0.546756,-0.253498,-0.539285,0.047883,0.278176,0.780044,16.163100,0
7.560000,0.164146,0.500378,-0.356554,-0.539284,0.047878,0.296192,0.836403,17.613700,0
7.580000,0.148670,0.515408,-0.490839,-0.539283,0.047873,0.314212,0.831786,16.608800,0
7.600000,0.099721,0.532006,-0.430862,-0.539283,0.047868,0.332233,0.801696,16.239800,0
7.620000,0.109562,0.518248,-0.362617,-0.539282,0.047863,0.350255,0.801412,17.239300,0
7.640000,0.194281,0.508500,-0.360976,-0.539281,0.047859,0.368275,0.866200,17.214300,0
7.660000,0.085179,0.513669,-0.410364,-0.539280,0.047855,0.386294,0.779058,17.226700,0
7.680000,0.054324,0.551286,-0.221228,-0.539279,0.047851,0.404311,0.778339,16.862800,0
7.700000,0.006813,0.544848,-0.407658,-0.539278,0.047847,0.422326,0.738394,18.186500,0
7.720000,0.035161,0.543372,-0.211180,-0.539277,0.047844,0.440339,0.758635,17.559400,0
7.740000,0.063032,0.553122,-0.434884,-0.539276,0.047841,0.458350,0.786182,16.121200,0
7.760000,0.021583,0.547305,-0.465012,-0.539275,0.047838,0.476359,0.751019,17.406400,0
7.780000,0.144730,0.511223,-0.490621,-0.539274,0.047835,0.494366,0.826190,16.677300,0
7.800000,0.125765,0.515190,-0.534856,-0.539273,0.047832,0.512372,0.812834,16.304400,0
7.820000,0.092376,0.535288,-0.479351,-0.539272,0.047829,0.530376,0.797870,15.974700,0
7.840000,0.080318,0.542381,-0.643492,-0.539271,0.047827,0.548378,0.792764,16.373600,0
7.860000,0.094057,0.539084,-0.514933,-0.539270,0.047824,0.566379,0.801523,16.901800,0
7.880000,-0.017123,0.585946,-0.494672,-0.539269,0.047822,0.584379,0.749809,14.727500,0
7.900000,0.085237,0.551118,-0.750034,-0.539268,0.047819,0.602378,0.802070,14.518400,0
7.920000,0.111207,0.490016,-0.648498,-0.539267,0.047817,0.620376,0.786547,14.977200,0
7.940000,0.058293,0.546990,-0.722582,-0.539266,0.047815,0.638373,0.778622,13.586500,0
7.960000,0.110309,0.520180,-0.605073,-0.539265,0.047812,0.656369,0.803168,15.271000,0
7.980000,0.127076,0.528301,-0.834580,-0.539264,0.047810,0.674365,0.821511,15.537600,0
8.000000,0.138413,0.511162,-0.770290,-0.539263,0.047808,0.692360,0.820940,14.988100,0
8.020000,0.118871,0.524969,-0.789087,-0.539261,0.047813,0.692353,0.812906,14.541100,0
8.040000,0.099939,0.531187,-0.693859,-0.537345,0.050123,0.692363,0.798470,14.932400,0
8.060000,0.108757,0.532435,-0.664796,-0.535427,0.052434,0.692357,0.803351,14.847800,0
8.080000,0.106928,0.547614,-0.794484,-0.533511,0.054746,0.692351,0.808134,14.378600,0
8.100000,0.144094,0.502713,-0.672871,-0.531595,0.057057,0.692345,0.809422,14.406500,0
8.120000,0.093338,0.561592,-0.758908,-0.529679,0.059368,0.692340,0.800237,15.618300,0
8.140000,0.154017,0.501016,-0.805767,-0.527763,0.061679,0.692336,0.811074,15.644000,0
8.160000,0.118035,0.521494,-0.733129,-0.525848,0.063990,0.692333,0.789871,16.116600,0
8.180000,0.151434,0.516794,-0.665328,-0.523933,0.066300,0.692331,0.811829,16.211200,0
8.200000,0.090927,0.532355,-0.645438,-0.522017,0.068610,0.692329,0.768609,13.763400,0
8.220000,0.173887,0.485167,-0.758766,-0.520102,0.070920,0.692328,0.808221,13.493600,0
8.240000,0.168721,0.496328,-0.702274,-0.518187,0.073230,0.692327,0.806755,14.511300,0
8.260000,0.101597,0.523568,-0.641168,-0.516272,0.075539,0.692326,0.763212,14.887500,0
8.280000,0.133812,0.508629,-0.786342,-0.514357,0.077849,0.692326,0.778263,15.061600,0
8.300000,0.088606,0.520795,-0.632723,-0.514132,0.078119,0.709845,0.747833,17.197000,0
8.320000,0.105282,0.510702,-0.850418,-0.514116,0.078136,0.728137,0.755491,16.720400,0
8.340000,0.142243,0.491536,-0.817366,-0.514118,0.078133,0.746124,0.775701,16.870700,0
8.360000,0.087060,0.548590,-0.653305,-0.514119,0.078130,0.764116,0.763379,16.379200,0
8.380000,0.087301,0.536668,-0.717831,-0.514120,0.078127,0.782110,0.756285,17.537200,0
8.400000,0.241852,0.447013,-0.909060,-0.514120,0.078124,0.800107,0.841173,16.420000,0
8.420000,0.125525,0.524291,-0.811673,-0.514121,0.078121,0.818104,0.779882,17.954300,0
8.440000,0.166315,0.463619,-0.940830,-0.514121,0.078118,0.836102,0.782051,16.720300,0
8.460000,0.155072,0.497647,-0.969805,-0.512044,0.079994,0.838423,0.787069,16.445800,0
8.480000,0.124339,0.533066,-0.801180,-0.509811,0.082002,0.838417,0.778207,16.650800,0
8.500000,0.196558,0.460419,-0.895467,-0.507577,0.084009,0.838412,0.798430,16.254200,0
8.520000,0.143003,0.498650,-0.898422,-0.505345,0.086017,0.838407,0.768519,14.119200,0
8.540000,0.137301,0.491769,-0.977882,-0.503113,0.088024,0.838404,0.757060,14.545700,0
8.560000,0.140793,0.471373,-0.870865,-0.500881,0.090031,0.838401,0.746436,15.473400,0
8.580000,0.137883,0.511660,-0.823743,-0.500622,0.090262,0.856005,0.765026,14.490300,0
8.600000,0.182233,0.467165,-0.948935,-0.500599,0.090281,0.874365,0.779937,15.396300,0
8.620000,0.158895,0.492483,-0.980704,-0.500601,0.090278,0.892354,0.772466,16.181400,0
8.640000,0.129850,0.514272,-0.973715,-0.500602,0.090275,0.910345,0.759765,16.765100,0
8.660000,0.148419,0.487170,-1.074441,-0.500603,0.090273,0.928339,0.760761,16.602600,0
8.680000,0.153218,0.505447,-0.930628,-0.500604,0.090270,0.946333,0.774503,16.168800,0
8.700000,0.147428,0.504735,-0.985863,-0.500604,0.090268,0.964328,0.769239,16.583000,0
8.720000,0.145404,0.490484,-1.100887,-0.498513,0.091975,0.964436,0.757257,16.682100,0
8.740000,0.145060,0.482991,-1.100553,-0.496045,0.093686,0.964429,0.750049,16.692300,0
8.760000,0.181300,0.454929,-1.101447,-0.493578,0.095398,0.964423,0.764672,17.301000,0
8.780000,0.140278,0.498382,-1.003985,-0.491111,0.097109,0.964418,0.748112,16.643100,0
8.800000,0.169855,0.465748,-0.955010,-0.488644,0.098821,0.964415,0.753828,16.648500,0
8.820000,0.171729,0.462498,-1.007691,-0.486178,0.100531,0.964412,0.750907,16.384100,0
8.840000,0.141748,0.480520,-0.980834,-0.485852,0.100583,0.981334,0.733644,16.693900,0
8.860000,0.143648,0.498993,-1.007196,-0.485855,0.100580,0.999319,0.744988,16.557900,0
8.880000,0.135133,0.503138,-0.950417,-0.485857,0.100577,1.017308,0.740056,17.704700,0
8.900000,0.159180,0.474519,-1.114374,-0.485859,0.100575,1.035299,0.745594,17.239200,0
8.920000,0.164951,0.507007,-1.067770,-0.485860,0.100572,1.053292,0.767297,17.211900,0
8.940000,0.109182,0.563381,-1.100615,-0.485861,0.100570,1.071285,0.753837,16.475800,0
8.960000,0.154564,0.510608,-1.091373,-0.485862,0.100568,1.089279,0.760447,17.423600,0
8.980000,0.183208,0.454362,-1.256692,-0.485862,0.100565,1.107272,0.756853,16.178000,0
9.000000,0.147056,0.527173,-1.249595,-0.485863,0.100563,1.125265,0.763271,15.443900,0
9.020000,0.138264,0.524488,-1.148688,-0.485863,0.100561,1.143257,0.754486,14.693100,0
9.040000,0.184177,0.455278,-1.162590,-0.485863,0.100559,1.161249,0.758142,16.436200,0
9.060000,0.155689,0.524042,-1.164814,-0.485863,0.100556,1.179239,0.768719,16.740200,0
9.080000,0.133434,0.493813,-1.112772,-0.485863,0.100554,1.197229,0.733608,17.275900,0
9.100000,0.153494,0.478942,-1.350011,-0.485862,0.100552,1.215218,0.742937,16.336600,0
9.120000,0.158555,0.543829,-1.150271,-0.485862,0.100550,1.233207,0.782157,14.441700,0
9.140000,0.170449,0.477371,-1.328407,-0.485862,0.100548,1.251195,0.756796,14.572400,0
9.160000,0.175002,0.466363,-1.305729,-0.485862,0.100546,1.269182,0.755357,14.399100,0
9.180000,0.174260,0.462589,-1.370025,-0.485862,0.100544,1.287168,0.752886,16.615900,0
9.200000,0.145028,0.440447,-1.279461,-0.485861,0.100542,1.305155,0.716628,17.618800,0
9.220000,0.171947,0.465131,-1.342379,-0.485861,0.100540,1.323140,0.752089,17.775100,0
9.240000,0.167472,0.437365,-1.390841,-0.485861,0.100538,1.341126,0.735049,17.269800,0
9.260000,0.163779,0.462686,-1.476356,-0.485861,0.100537,1.359111,0.743763,17.194400,0
9.280000,0.161495,0.510520,-1.452080,-0.485861,0.100535,1.377095,0.766262,17.733800,0
9.300000,0.164834,0.495437,-1.365071,-0.483533,0.101015,1.384194,0.758913,15.165700,0
9.320000,0.145117,0.512548,-1.301466,-0.480581,0.101571,1.384191,0.748599,15.161100,0
9.340000,0.184428,0.439287,-1.468385,-0.477629,0.102128,1.384178,0.742964,14.279800,0
9.360000,0.164079,0.481454,-1.445809,-0.474678,0.102684,1.384169,0.742615,14.649300,0
9.380000,0.169848,0.442268,-1.422924,-0.471728,0.103241,1.384162,0.725644,14.752300,0
9.400000,0.162791,0.463344,-1.382049,-0.468778,0.103798,1.384157,0.726742,14.134600,0
9.420000,0.171361,0.510967,-1.243553,-0.465829,0.104355,1.384154,0.755873,14.742500,0
9.440000,0.163741,0.426705,-1.358388,-0.462879,0.104912,1.384152,0.704417,14.551300,0
9.460000,0.155723,0.458741,-1.398900,-0.459931,0.105469,1.384151,0.709810,15.473500,0
9.480000,0.162431,0.470758,-1.406957,-0.456982,0.106026,1.384150,0.718820,15.832100,0
9.500000,0.187200,0.500750,-1.450918,-0.454033,0.106583,1.384149,0.752693,15.278600,0
9.520000,0.183832,0.434168,-1.344246,-0.451085,0.107140,1.384148,0.714189,15.747400,0
9.540000,0.158152,0.467878,-1.200867,-0.448137,0.107697,1.384147,0.705207,14.832500,0
9.560000,0.145750,0.492843,-1.403518,-0.445188,0.108253,1.384146,0.705065,14.388900,0
9.580000,0.157964,0.442345,-1.351561,-0.442240,0.108810,1.384146,0.686652,13.511700,0
9.600000,0.159014,0.459004,-1.374737,-0.439292,0.109367,1.384145,0.692976,14.746900,0
9.620000,0.171353,0.498544,-1.199955,-0.436344,0.109924,1.384145,0.721333,14.556300,0
9.640000,0.164600,0.429493,-1.348139,-0.433396,0.110481,1.384145,0.677767,14.893500,0
9.660000,0.158756,0.474235,-1.309697,-0.432741,0.110560,1.397258,0.694354,15.001300,0
9.680000,0.160568,0.436759,-1.280015,-0.432570,0.110527,1.417257,0.676934,15.284900,0
9.700000,0.192573,0.398305,-1.533306,-0.432572,0.110525,1.435255,0.688203,14.953200,0
9.720000,0.185236,0.441646,-1.530619,-0.432575,0.110524,1.453244,0.700951,14.308600,0
9.740000,0.168201,0.490543,-1.489781,-0.432577,0.110522,1.471233,0.710880,15.375900,0
9.760000,0.175038,0.387056,-1.423604,-0.432579,0.110521,1.489223,0.667586,15.404300,0
9.780000,0.178268,0.455816,-1.459280,-0.432580,0.110519,1.507213,0.701688,15.584100,0
9.800000,0.176541,0.456731,-1.501778,-0.432581,0.110518,1.525203,0.700638,15.877600,0
9.820000,0.183099,0.439638,-1.450626,-0.432582,0.110517,1.543191,0.698129,15.909300,0
9.840000,0.174059,0.464626,-1.591885,-0.432583,0.110517,1.561179,0.702430,15.149600,0
9.860000,0.185774,0.534957,-1.470593,-0.432584,0.110516,1.579167,0.750011,15.352300,0
9.880000,0.183841,0.449469,-1.556725,-0.432584,0.110515,1.597153,0.703469,15.689000,0
9.900000,0.190798,0.478256,-1.653633,-0.432585,0.110514,1.615139,0.723768,15.491000,0
9.920000,0.190024,0.384927,-1.761920,-0.430416,0.110408,1.624495,0.678459,14.546100,0
9.940000,0.174585,0.428957,-1.719667,-0.427417,0.110244,1.624492,0.681164,14.669000,0
9.960000,0.150248,0.367914,-1.609271,-0.424418,0.110082,1.624487,0.629856,15.205500,0
9.980000,0.171746,0.432163,-1.689490,-0.421420,0.109919,1.624479,0.675046,15.273300,0
10.000000,0.177944,0.417525,-1.628095,-0.418422,0.109757,1.624474,0.671099,15.258700,0
10.020000,0.175426,0.387329,-1.472251,-0.415424,0.109596,1.624469,0.652871,16.768100,0
10.040000,0.169077,0.451268,-1.508045,-0.412427,0.109435,1.624465,0.674535,14.955400,0
10.060000,0.182536,0.405739,-1.769267,-0.409430,0.109274,1.624461,0.662054,15.753200,0
10.080000,0.163789,0.045237,-1.572535,-0.406434,0.109112,1.624458,0.573789,15.505300,0
10.100000,0.202259,0.357763,-1.744671,-0.403437,0.108951,1.624456,0.654809,15.639400,0
10.120000,0.172393,0.332294,-1.507889,-0.400441,0.108790,1.624455,0.614892,15.698300,0
10.140000,0.172220,0.366801,-1.592465,-0.397445,0.108630,1.624454,0.625436,15.502400,0
10.160000,0.178560,0.403603,-1.500290,-0.394449,0.108469,1.624453,0.644549,15.670600,0
10.180000,0.195031,0.355457,-1.656125,-0.391453,0.108308,1.624452,0.636432,15.726500,0
10.200000,0.176572,0.365576,-1.587688,-0.388457,0.108147,1.624452,0.620909,15.840000,0
10.220000,0.183208,0.463512,-1.421833,-0.385461,0.107986,1.624451,0.670659,15.765900,0
10.240000,0.179441,0.354133,-1.440976,-0.382465,0.107825,1.624451,0.613519,15.996400,0
10.260000,0.180574,0.383702,-1.542992,-0.379469,0.107664,1.624451,0.624375,16.595000,0
10.280000,0.181544,0.408820,-1.600793,-0.376474,0.107503,1.624451,0.634173,15.905700,0
10.300000,0.183827,0.379761,-1.610284,-0.373478,0.107343,1.624451,0.620323,14.312900,0
10.320000,0.171923,0.399276,-1.580614,-0.370482,0.107182,1.624451,0.616053,14.967600,0
10.340000,0.179984,0.365949,-1.576542,-0.367486,0.107021,1.624451,0.605613,16.315200,0
10.360000,0.180643,0.346671,-1.771931,-0.364491,0.106860,1.624451,0.595551,16.218700,0
10.380000,0.181933,0.366378,-1.621084,-0.361495,0.106699,1.624451,0.602284,16.799900,0
10.400000,0.169471,0.301485,-1.732034,-0.358499,0.106538,1.624451,0.562811,16.854300,0
10.420000,0.175174,0.368136,-1.696110,-0.355504,0.106377,1.624451,0.591724,16.437000,0
10.440000,0.167187,0.398798,-1.709119,-0.352508,0.106217,1.624451,0.596394,15.777400,0
10.460000,0.182272,0.400984,-1.621160,-0.349512,0.106056,1.624451,0.608093,16.604600,0
10.480000,0.173700,0.333962,-1.615233,-0.346516,0.105895,1.624451,0.568014,16.579600,0
10.500000,0.156883,0.199610,-1.800491,-0.343521,0.105734,1.624451,0.509133,17.338400,0
10.520000,0.177280,0.336331,-1.714810,-0.340525,0.105573,1.624451,0.566896,16.564100,0
10.540000,0.181514,0.325718,-1.583739,-0.337529,0.105412,1.624451,0.563863,17.146100,0
10.560000,0.167306,0.356937,-1.522636,-0.334534,0.105251,1.624451,0.561417,15.738200,0
10.580000,0.162093,0.291838,-1.564936,-0.331538,0.105090,1.624451,0.527775,17.387200,0
10.600000,0.159645,0.342992,-1.582681,-0.328542,0.104930,1.624451,0.543139,16.515500,0
10.620000,0.175818,0.360116,-1.651009,-0.325547,0.104769,1.624451,0.562644,16.202600,0
10.640000,0.175202,0.357055,-1.506796,-0.322551,0.104608,1.624451,0.558111,17.030500,0
10.660000,0.173458,0.421137,-1.533588,-0.319555,0.104447,1.624451,0.585965,16.709900,0
10.680000,0.175054,0.223893,-1.618785,-0.316560,0.104286,1.624451,0.505954,16.783000,0
10.700000,0.166770,0.323242,-1.640379,-0.313564,0.104125,1.624451,0.527952,16.712400,0
10.720000,0.181215,0.300225,-1.653306,-0.310568,0.103964,1.624451,0.529499,15.739700,0
10.740000,0.176804,0.311421,-1.586927,-0.307573,0.103803,1.624451,0.526998,15.940100,0
10.760000,0.172938,0.256270,-1.694222,-0.304577,0.103642,1.624451,0.501314,17.427600,0
10.780000,0.160767,0.324420,-1.649154,-0.301581,0.103482,1.624451,0.512425,16.118500,0
10.800000,0.175715,0.203375,-1.760430,-0.298585,0.103321,1.624451,0.484739,16.354300,0
10.820000,0.175530,0.303498,-1.734260,-0.295590,0.103160,1.624451,0.511947,17.193600,0
10.840000,0.181833,0.291149,-1.580470,-0.292594,0.102999,1.624451,0.510373,16.160900,0
10.860000,0.176863,0.378097,-1.583528,-0.289598,0.102838,1.624451,0.541621,16.051600,0
10.880000,0.166075,0.260602,-1.636735,-0.286603,0.102677,1.624451,0.479435,16.040800,0
10.900000,0.169251,0.310825,-1.632108,-0.283607,0.102516,1.624451,0.498470,16.059200,0
10.920000,0.180957,0.161715,-1.596172,-0.280611,0.102355,1.624451,0.465370,16.508500,0
10.940000,0.157595,0.271081,-1.679200,-0.277616,0.102194,1.624451,0.466831,16.415000,0
10.960000,0.168232,0.306054,-1.670305,-0.274620,0.102034,1.624451,0.487588,16.989300,0
10.980000,0.162078,0.265004,-1.673309,-0.271624,0.101873,1.624451,0.463367,16.696500,0
11.000000,0.162472,0.321322,-1.715269,-0.268629,0.101712,1.624451,0.483815,16.635300,0
11.020000,0.161930,0.294569,-1.737049,-0.265633,0.101551,1.624451,0.469112,15.337000,0
11.040000,0.161430,0.278909,-1.678038,-0.262637,0.101390,1.624451,0.459724,14.437700,0
11.060000,0.165916,0.229155,-1.759396,-0.259642,0.101229,1.624451,0.444370,14.771200,0
11.080000,0.178976,0.291501,-1.579507,-0.256646,0.101068,1.624451,0.475428,15.110500,0
11.100000,0.176138,0.249674,-1.643320,-0.253650,0.100907,1.624451,0.454806,14.826700,0
11.120000,0.169459,0.193637,-1.633959,-0.250655,0.100746,1.624451,0.430260,14.380000,0
11.140000,0.176026,0.192041,-1.618907,-0.247659,0.100586,1.624451,0.433443,15.314400,0
11.160000,0.160214,0.165726,-1.688886,-0.244663,0.100425,1.624451,0.410110,15.180200,0
11.180000,0.177734,0.306088,-1.701769,-0.241668,0.100264,1.624451,0.467185,16.308000,0
11.200000,0.171197,0.225343,-1.538871,-0.238672,0.100103,1.624451,0.428576,14.732000,0
11.220000,0.166486,0.235202,-1.731483,-0.235676,0.099942,1.624451,0.424299,15.851800,0
11.240000,0.172508,0.282365,-1.673141,-0.232680,0.099781,1.624451,0.444426,16.067300,0
11.260000,0.152992,0.261703,-1.655877,-0.229685,0.099620,1.624451,0.415587,14.991900,0
11.280000,0.166413,0.256197,-1.697469,-0.226689,0.099459,1.624451,0.423198,16.498700,0
11.300000,0.168466,0.195010,-1.696894,-0.223693,0.099299,1.624451,0.403670,15.870900,0
11.320000,0.168106,0.183005,-1.766511,-0.220698,0.099138,1.624451,0.397746,15.807900,0
11.340000,0.170161,0.243142,-1.714238,-0.217702,0.098977,1.624451,0.413789,15.649400,0
11.360000,0.164056,0.168961,-1.640575,-0.214706,0.098816,1.624451,0.385202,15.990900,0
11.380000,0.162594,0.143221,-1.608032,-0.211711,0.098655,1.624451,0.376949,15.533000,0
11.400000,0.163052,0.209790,-1.449574,-0.208715,0.098494,1.624451,0.388069,16.418500,0
11.420000,0.160098,0.236538,-1.660344,-0.205719,0.098333,1.624451,0.391054,16.702900,0
11.440000,0.160161,0.276132,-1.699128,-0.202724,0.098172,1.624451,0.404173,17.619900,0
11.460000,0.150860,0.174149,-1.563148,-0.199728,0.098011,1.624451,0.358760,18.824000,0
11.480000,0.175354,0.185224,-1.661167,-0.196732,0.097851,1.624451,0.382206,15.039500,0
11.500000,0.162390,0.243340,-1.706469,-0.193737,0.097690,1.624451,0.384760,14.308300,0
11.520000,0.145521,0.059422,-1.830344,-0.192877,0.097726,1.614062,0.340558,15.754700,0
11.540000,0.159504,0.180931,-1.718343,-0.192703,0.097734,1.594064,0.361900,15.291500,0
11.560000,0.182236,0.279987,-1.628565,-0.192704,0.097735,1.576047,0.416888,14.171200,0
11.580000,0.163942,0.187847,-1.677425,-0.192707,0.097736,1.558059,0.367857,14.268100,0
11.600000,0.157593,0.196043,-1.538443,-0.190590,0.097767,1.548127,0.361786,15.925200,0
11.620000,0.151609,0.200367,-1.487613,-0.187589,0.097838,1.548129,0.354355,15.536800,0
11.640000,0.161894,0.216355,-1.502634,-0.184587,0.097908,1.548132,0.366168,15.721200,0
11.660000,0.167819,0.188040,-1.678329,-0.181586,0.097978,1.548134,0.360826,17.104200,0
11.680000,0.151407,0.117381,-1.492628,-0.178586,0.098047,1.548135,0.330559,16.505400,0
11.700000,0.158222,0.214226,-1.630666,-0.175585,0.098116,1.548137,0.353424,18.191800,0
11.720000,0.154054,0.188261,-1.599229,-0.172585,0.098185,1.548138,0.338831,17.025000,0
11.740000,0.151975,0.201006,-1.677519,-0.169585,0.098254,1.548139,0.337578,17.691700,0
11.760000,0.161854,0.155075,-1.724277,-0.166585,0.098322,1.548140,0.333307,16.449600,0
11.780000,0.156818,0.207555,-1.522893,-0.163586,0.098390,1.548141,0.338491,16.525700,0
11.800000,0.151123,0.122604,-1.548237,-0.160586,0.098458,1.548141,0.312643,16.859600,0
11.820000,0.160810,0.129961,-1.646560,-0.157587,0.098526,1.548141,0.319945,18.677400,0
11.840000,0.166244,0.211331,-1.550959,-0.154587,0.098594,1.548142,0.340062,19.657200,0
11.860000,0.155029,0.204680,-1.473243,-0.151588,0.098662,1.548142,0.324429,17.871100,0
11.880000,0.160341,0.125378,-1.489040,-0.148588,0.098730,1.548142,0.310076,15.526600,0
11.900000,0.151955,0.183460,-1.454540,-0.145589,0.098798,1.548142,0.309355,17.346800,0
11.920000,0.155654,0.105148,-1.445040,-0.142590,0.098866,1.548142,0.298310,18.836300,0
11.940000,0.168288,0.109655,-1.606649,-0.139590,0.098934,1.548142,0.308065,16.865300,0
11.960000,0.170551,0.220829,-1.572668,-0.136591,0.099002,1.548143,0.330421,16.326200,0
11.980000,0.167129,0.220080,-1.571030,-0.133592,0.099070,1.548143,0.324155,16.460300,0
12.000000,0.175805,0.132181,-1.573079,-0.130593,0.099138,1.548143,0.308174,17.279000,0
12.020000,0.152354,0.062856,-1.550648,-0.127593,0.099206,1.548143,0.282297,17.016400,0
12.040000,0.158993,0.117471,-1.471069,-0.124594,0.099274,1.548142,0.284170,18.408400,0
12.060000,0.150237,0.187393,-1.439809,-0.121595,0.099342,1.548142,0.285737,15.562300,0
12.080000,0.164582,0.090892,-1.447536,-0.118596,0.099410,1.548142,0.283306,17.011100,0
12.100000,0.157966,0.187233,-1.322140,-0.115596,0.099478,1.548142,0.287293,18.890100,0
12.120000,0.151849,0.135502,-1.410180,-0.112597,0.099545,1.548142,0.266879,17.313800,0
12.140000,0.166156,0.207674,-1.571199,-0.109598,0.099613,1.548142,0.296171,17.141800,0
12.160000,0.161928,0.147259,-1.431318,-0.106599,0.099681,1.548142,0.272710,18.634100,0
12.180000,0.166048,0.041804,-1.524321,-0.103599,0.099749,1.548142,0.275802,17.914400,0
12.200000,0.166970,0.085379,-1.611883,-0.100600,0.099817,1.548142,0.267959,17.916900,0
12.220000,0.163319,0.070725,-1.585948,-0.097601,0.099885,1.548142,0.262544,16.329100,0
12.240000,0.164011,0.138273,-1.422022,-0.094602,0.099953,1.548142,0.261436,20.184500,0
12.260000,0.171825,0.171283,-1.527338,-0.091602,0.100021,1.548142,0.272896,16.631100,0
12.280000,0.151963,0.059720,-1.435059,-0.088603,0.100089,1.548142,0.243930,15.923500,0
12.300000,0.165568,0.033813,-1.659875,-0.085604,0.100157,1.548142,0.259786,16.996300,0
12.320000,0.138945,-0.045670,-1.615851,-0.082605,0.100225,1.548142,0.265272,20.025600,0
12.340000,0.167899,0.088140,-1.610088,-0.079605,0.100293,1.548142,0.247802,18.129500,0
12.360000,0.172671,0.110264,-1.715295,-0.076606,0.100361,1.548142,0.249473,15.882700,0
12.380000,0.157627,0.047834,-1.601710,-0.073607,0.100429,1.548142,0.237140,16.317200,0
12.400000,0.156388,0.085368,-1.636424,-0.070608,0.100497,1.548142,0.227499,20.346700,0
12.420000,0.182738,0.157784,-1.613041,-0.067609,0.100565,1.548142,0.256802,17.958300,0
12.440000,0.150396,0.106319,-1.643699,-0.064609,0.100633,1.548142,0.215080,19.558500,0
12.460000,0.157814,0.025620,-1.680968,-0.061610,0.100701,1.548142,0.231914,20.010100,0
12.480000,0.146166,0.083562,-1.564709,-0.058611,0.100769,1.548142,0.205498,19.201000,0
12.500000,0.166168,0.028146,-1.744853,-0.055612,0.100837,1.548142,0.233389,21.827800,0
12.520000,0.140689,-0.061346,-1.634298,-0.052612,0.100905,1.548142,0.252370,21.327900,0
12.540000,0.164725,0.054732,-1.663536,-0.049613,0.100973,1.548142,0.219270,17.685300,0
12.560000,0.161228,-0.009356,-1.525030,-0.046614,0.101040,1.548142,0.235341,17.165500,0
12.580000,0.153466,0.134524,-1.473016,-0.043615,0.101108,1.548142,0.199894,18.782100,0
12.600000,0.171656,0.043133,-1.563145,-0.040615,0.101176,1.548142,0.220064,15.571600,0
12.620000,0.165139,0.043862,-1.432659,-0.037616,0.101244,1.548142,0.210718,15.310300,0
12.640000,0.160097,0.068229,-1.492342,-0.034617,0.101312,1.548142,0.197505,15.861800,0
12.660000,0.157705,0.117157,-1.505586,-0.031618,0.101380,1.548142,0.189979,16.598000,0
12.680000,0.160018,0.086806,-1.410082,-0.028619,0.101448,1.548142,0.189205,17.748400,0
12.700000,0.166738,0.073987,-1.643485,-0.025619,0.101516,1.548142,0.194316,16.474300,0
12.720000,0.157551,0.033577,-1.585840,-0.022620,0.101584,1.548142,0.192579,16.344000,0
12.740000,0.157804,-0.018681,-1.707156,-0.019621,0.101652,1.548142,0.214382,16.172900,0
12.760000,0.173093,0.047097,-1.668273,-0.016622,0.101720,1.548142,0.197422,16.636800,0
12.780000,0.160474,0.038145,-1.628168,-0.013622,0.101788,1.548142,0.185364,16.980900,0
12.800000,0.155324,-0.017217,-1.626009,-0.010623,0.101856,1.548142,0.204247,14.531800,0
12.820000,0.167515,0.042634,-1.541757,-0.007624,0.101924,1.548142,0.184902,16.052300,0
12.840000,0.162774,-0.048142,-1.621615,-0.004625,0.101992,1.548142,0.224862,15.384600,0
12.860000,0.153809,-0.013173,-1.475439,-0.001625,0.102060,1.548142,0.193490,15.087400,0
12.880000,0.165276,0.062701,-1.499888,0.001374,0.102128,1.548142,0.168578,15.509700,0
12.900000,0.154476,0.007268,-1.487893,0.004373,0.102196,1.548142,0.177602,15.597500,0
12.920000,0.158659,0.066924,-1.617284,0.007372,0.102264,1.548142,0.155360,15.206700,0
12.940000,0.151861,0.016558,-1.667983,0.010371,0.102332,1.548142,0.165459,15.773900,0
12.960000,0.159655,0.023919,-1.606537,0.013371,0.102400,1.548142,0.166007,16.005200,0
12.980000,0.163932,-0.010076,-1.493158,0.016370,0.102468,1.548142,0.185582,17.905800,0
13.000000,0.181447,-0.060113,-1.559063,0.019369,0.102536,1.548142,0.229617,17.060400,0
13.020000,0.169320,0.041573,-1.640295,0.022368,0.102603,1.548142,0.159121,14.923100,0
13.040000,0.167681,-0.029623,-1.604524,0.025368,0.102671,1.548142,0.194305,15.030500,0
13.060000,0.170780,0.009090,-1.546322,0.028367,0.102739,1.548142,0.170445,14.371200,0
13.080000,0.157344,-0.002569,-1.598710,0.031366,0.102807,1.548142,0.164239,16.235700,0
13.100000,0.160504,0.005188,-1.507374,0.034365,0.102875,1.548142,0.159543,15.565900,0
13.120000,0.156473,-0.038811,-1.586700,0.037364,0.102943,1.548142,0.185152,16.145900,0
13.140000,0.161057,0.062585,-1.383016,0.040364,0.103011,1.548142,0.127283,15.868000,0
13.160000,0.149919,-0.019566,-1.454774,0.043363,0.103079,1.548142,0.162469,15.002100,0
13.180000,0.156579,0.068642,-1.503130,0.046362,0.103147,1.548142,0.115492,16.373600,0
13.200000,0.165812,-0.004757,-1.483521,0.049361,0.103215,1.548142,0.158804,15.958800,0
13.220000,0.167949,-0.063889,-1.606448,0.052361,0.103283,1.548142,0.203242,15.384900,0
13.240000,0.168752,-0.005686,-1.617429,0.055360,0.103351,1.548142,0.157312,15.762700,0
13.260000,0.144071,-0.042866,-1.640461,0.058359,0.103419,1.548142,0.169546,15.505400,0
13.280000,0.157074,-0.022850,-1.651376,0.061358,0.103487,1.548142,0.158501,15.974300,0
13.300000,0.166732,-0.102416,-1.601138,0.064358,0.103555,1.548142,0.230010,15.837400,0
13.320000,0.154059,-0.000017,-1.562621,0.067357,0.103623,1.548142,0.135124,15.414300,0
13.340000,0.160058,-0.006269,-1.625000,0.070356,0.103691,1.548142,0.141907,14.585200,0
13.360000,0.173745,0.020971,-1.557260,0.073355,0.103759,1.548142,0.130123,14.490000,0
13.380000,0.157105,-0.081982,-1.619388,0.076354,0.103827,1.548142,0.202597,15.733800,0
13.400000,0.163060,-0.044871,-1.643854,0.079354,0.103895,1.548142,0.170698,16.365900,0
13.420000,0.182265,-0.084734,-1.624757,0.082353,0.103963,1.548142,0.213516,17.004500,0
13.440000,0.161819,-0.092739,-1.694117,0.085352,0.104031,1.548142,0.211106,16.955700,0
13.460000,0.168174,-0.049393,-1.657264,0.088351,0.104099,1.548142,0.173007,17.348000,0
13.480000,0.147594,-0.112046,-1.565418,0.091351,0.104166,1.548142,0.223407,17.594300,0
13.500000,0.163658,-0.148825,-1.614823,0.094350,0.104234,1.548142,0.262379,17.223300,0
13.520000,0.164499,-0.059987,-1.439417,0.097349,0.104302,1.548142,0.177482,17.508400,0
13.540000,0.165123,-0.125928,-1.551688,0.100348,0.104370,1.548142,0.239234,16.788000,0
13.560000,0.165364,-0.071643,-1.797119,0.103348,0.104438,1.548142,0.186683,16.904500,0
13.580000,0.148694,-0.173005,-1.541047,0.106347,0.104506,1.548142,0.280723,14.779100,0
13.600000,0.145048,-0.011316,-1.382303,0.109346,0.104574,1.548142,0.121265,15.449900,0
13.620000,0.162553,-0.099978,-1.717658,0.112345,0.104642,1.548142,0.210690,15.941200,0
13.640000,0.153914,-0.142959,-1.567735,0.115344,0.104710,1.548142,0.250654,16.475500,0
13.660000,0.173065,-0.119101,-1.677162,0.118344,0.104778,1.548142,0.230469,16.125400,0
13.680000,0.165622,-0.156349,-1.489504,0.121343,0.104846,1.548142,0.264922,15.697400,0
13.700000,0.159464,-0.129875,-1.556161,0.124342,0.104914,1.548142,0.237402,15.559200,0
13.720000,0.153861,-0.132652,-1.276624,0.127341,0.104982,1.548142,0.239109,15.460600,0
13.740000,0.134098,-0.082272,-1.612385,0.130341,0.105050,1.548142,0.187360,15.153400,0
13.760000,0.160174,-0.165324,-1.782425,0.133340,0.105118,1.548142,0.271770,15.965200,0
13.780000,0.152284,-0.147914,-1.562643,0.136339,0.105186,1.548142,0.253601,15.676500,0
13.800000,0.159101,-0.115394,-1.759469,0.139338,0.105254,1.548142,0.221531,15.173900,0
13.820000,0.159736,-0.146769,-1.495403,0.142338,0.105322,1.548142,0.252691,16.162600,0
13.840000,0.182578,-0.111974,-1.418382,0.145337,0.105390,1.548142,0.220531,17.800900,0
13.860000,0.160046,-0.150441,-1.616994,0.148336,0.105458,1.548142,0.256167,17.112900,0
13.880000,0.162037,-0.103686,-1.579146,0.151335,0.105526,1.548142,0.209485,16.467000,0
13.900000,0.167018,-0.192113,-1.738184,0.154334,0.105594,1.548142,0.297977,15.293700,0
13.920000,0.171263,-0.087862,-1.574529,0.157334,0.105662,1.548142,0.194025,15.586800,0
13.940000,0.136945,-0.167945,-1.522646,0.160333,0.105729,1.548142,0.274672,18.628400,0
13.960000,0.160581,-0.096413,-1.531874,0.163332,0.105797,1.548142,0.202229,16.885400,0
13.980000,0.170060,-0.165062,-1.441185,0.166331,0.105865,1.548142,0.270953,17.375400,0
14.000000,0.163679,-0.140600,-1.530243,0.169331,0.105933,1.548142,0.246598,17.570600,0
14.020000,0.151521,-0.127557,-1.698395,0.172330,0.106001,1.548142,0.234483,15.837500,0
14.040000,0.153200,-0.220991,-1.649709,0.175329,0.106069,1.548142,0.327807,15.403200,0
14.060000,0.159775,-0.100942,-1.601240,0.178328,0.106137,1.548142,0.207908,15.791200,0
14.080000,0.139704,-0.269979,-1.777974,0.181328,0.106205,1.548142,0.378479,16.103000,0
14.100000,0.161852,-0.120839,-1.545902,0.184327,0.106273,1.548142,0.228222,15.326200,0
14.120000,0.158464,-0.181803,-1.667917,0.187326,0.106341,1.548142,0.289586,16.187600,0
14.140000,0.148031,-0.222938,-1.627005,0.190325,0.106409,1.548142,0.332051,15.687900,0
14.160000,0.175194,-0.141111,-1.685491,0.193324,0.106477,1.548142,0.248251,16.655700,0
14.180000,0.151862,-0.210041,-1.670896,0.196324,0.106545,1.548142,0.319693,15.325500,0
14.200000,0.162589,-0.136869,-1.574344,0.199323,0.106613,1.548142,0.246238,15.554600,0
14.220000,0.147576,-0.146134,-1.459783,0.202322,0.106681,1.548142,0.258675,15.939800,0
14.240000,0.154498,-0.193479,-1.508416,0.205321,0.106749,1.548142,0.304499,15.530300,0
14.260000,0.165746,-0.174023,-1.508594,0.208321,0.106817,1.548142,0.284048,15.888300,0
14.280000,0.164473,-0.203547,-1.527419,0.211320,0.106885,1.548142,0.313947,16.170100,0
14.300000,0.154972,-0.162453,-1.546765,0.214319,0.106953,1.548142,0.275865,15.577900,0
14.320000,0.144221,-0.198554,-1.504212,0.217318,0.107021,1.548142,0.314196,15.472500,0
14.340000,0.167092,-0.279173,-1.605532,0.220318,0.107089,1.548142,0.389912,16.838300,0
14.360000,0.157214,-0.245668,-1.638079,0.223317,0.107157,1.548142,0.358964,17.997800,0
14.380000,0.173766,-0.222515,-1.697982,0.226316,0.107225,1.548142,0.333901,18.407600,0
14.400000,0.155548,-0.280462,-1.569883,0.229315,0.107292,1.548142,0.394708,17.867200,0
14.420000,0.188317,-0.212901,-1.622576,0.232314,0.107360,1.548142,0.323269,18.244100,0
14.440000,0.163484,-0.259969,-1.507395,0.235314,0.107428,1.548142,0.374353,16.422400,0
14.460000,0.163173,-0.259279,-1.684125,0.238313,0.107496,1.548142,0.374392,16.565400,0
14.480000,0.135530,-0.246975,-1.645776,0.241312,0.107564,1.548142,0.369984,16.353200,0
14.500000,0.148708,-0.245295,-1.732156,0.244311,0.107632,1.548142,0.365647,16.304200,0
14.520000,0.156782,-0.238703,-1.706840,0.247311,0.107700,1.548142,0.358037,16.346200,0
14.540000,0.152708,-0.279777,-1.604134,0.250310,0.107768,1.548142,0.399646,16.710000,0
14.560000,0.159495,-0.175379,-1.620528,0.253309,0.107836,1.548142,0.298349,16.196800,0
14.580000,0.153778,-0.297110,-1.520512,0.256308,0.107904,1.548142,0.417791,16.118800,0
14.600000,0.169973,-0.274561,-1.601723,0.259308,0.107972,1.548142,0.392825,15.784300,0
14.620000,0.164595,-0.229782,-1.442096,0.262307,0.108040,1.548142,0.351669,15.642300,0
14.640000,0.171969,-0.279673,-1.552278,0.265306,0.108108,1.548142,0.398856,15.294300,0
14.660000,0.168888,-0.189423,-1.439854,0.268305,0.108176,1.548142,0.313766,16.147100,0
14.680000,0.158680,-0.259072,-1.494782,0.271304,0.108244,1.548142,0.384194,15.571900,0
14.700000,0.160429,-0.321198,-1.499412,0.274304,0.108312,1.548142,0.444349,16.147900,0
14.720000,0.161916,-0.164699,-1.450261,0.277303,0.108380,1.548142,0.296456,16.616900,0
14.740000,0.150502,-0.260713,-1.516788,0.280302,0.108448,1.548142,0.391316,14.522600,0
14.760000,0.166717,-0.364949,-1.621695,0.283301,0.108516,1.548142,0.487607,15.311500,0
14.780000,0.162736,-0.198556,-1.659002,0.286301,0.108584,1.548142,0.331064,17.332200,0
14.800000,0.158756,-0.273094,-1.677318,0.289300,0.108652,1.548142,0.403449,14.460200,0
14.820000,0.161786,-0.312790,-1.651065,0.292299,0.108720,1.548142,0.441253,14.905700,0
14.840000,0.159318,-0.263190,-1.643924,0.295298,0.108788,1.548142,0.396053,16.327700,0
14.860000,0.164897,-0.308313,-1.628350,0.298298,0.108855,1.548142,0.437978,15.451300,0
14.880000,0.159414,-0.256422,-1.538127,0.301297,0.108923,1.548142,0.391928,15.429800,0
14.900000,0.164552,-0.282671,-1.487185,0.304296,0.108991,1.548142,0.415846,15.469100,0
14.920000,0.172739,-0.342621,-1.516601,0.307295,0.109059,1.548142,0.471296,15.559700,0
14.940000,0.168778,-0.245838,-1.598871,0.308210,0.109042,1.557778,0.381288,15.534900,0
14.960000,0.162153,-0.241666,-1.545686,0.308383,0.109040,1.577775,0.379971,15.645100,0
14.980000,0.169139,-0.294515,-1.508092,0.308396,0.109039,1.595953,0.426906,15.158200,0
15.000000,0.157064,-0.299298,-1.607831,0.308393,0.109038,1.613942,0.435476,15.428800,0
15.020000,0.158950,-0.242644,-1.518821,0.308391,0.109037,1.631931,0.382116,15.125600,0
15.040000,0.166271,-0.322040,-1.549805,0.308389,0.109036,1.649921,0.453899,15.426800,0
15.060000,0.157397,-0.265461,-1.721775,0.308387,0.109035,1.667911,0.403789,15.899100,0
15.080000,0.161824,-0.285327,-1.662386,0.308385,0.109034,1.685900,0.420715,15.517900,0
15.100000,0.159060,-0.217020,-1.819740,0.308379,0.109033,1.703950,0.358618,15.454900,0
15.120000,0.176058,-0.276499,-1.857702,0.308372,0.109032,1.722008,0.407604,15.389200,0
15.140000,0.156863,-0.351667,-1.778923,0.310660,0.108660,1.729750,0.485340,15.665400,0
15.160000,0.147170,-0.348911,-1.770288,0.313625,0.108183,1.729749,0.486459,15.806400,0
15.180000,0.152812,-0.287505,-1.948060,0.316589,0.107706,1.729746,0.427802,15.715500,0
15.200000,0.165286,-0.315224,-1.887124,0.319554,0.107230,1.729740,0.449739,15.871900,0
15.220000,0.175720,-0.258126,-1.771619,0.322518,0.106754,1.729736,0.393303,14.842400,0
15.240000,0.164844,-0.313605,-1.763495,0.325482,0.106279,1.729732,0.449564,14.860500,0
15.260000,0.153022,-0.333469,-1.833912,0.328446,0.105804,1.729729,0.473005,16.426500,0
15.280000,0.172667,-0.292965,-1.653256,0.331409,0.105329,1.729726,0.428762,16.379000,0
15.300000,0.163077,-0.383566,-1.685399,0.334372,0.104854,1.729724,0.517587,17.162300,0
15.320000,0.165954,-0.300498,-1.848227,0.337335,0.104379,1.729722,0.439655,16.884000,0
15.340000,0.154814,-0.328175,-1.819916,0.340297,0.103904,1.729721,0.470209,16.689000,0
15.360000,0.155884,-0.353420,-1.763105,0.343260,0.103429,1.729720,0.493783,16.674700,0
15.380000,0.155216,-0.288765,-1.772530,0.346223,0.102955,1.729719,0.435808,16.536000,0
15.400000,0.151204,-0.342207,-1.727232,0.349185,0.102480,1.729719,0.486768,14.561400,0
15.420000,0.157860,-0.285273,-1.578064,0.352147,0.102005,1.729719,0.433280,14.556100,0
15.440000,0.160240,-0.373487,-1.685094,0.355110,0.101530,1.729718,0.513435,15.026900,0
15.460000,0.166656,-0.323980,-1.852716,0.358072,0.101056,1.729718,0.466150,16.360600,0
15.480000,0.145779,-0.366631,-1.840434,0.361035,0.100581,1.729718,0.514414,16.817700,0
15.500000,0.129812,-0.406311,-1.728032,0.363997,0.100106,1.729718,0.557943,17.370000,0
15.520000,0.157446,-0.327133,-1.659550,0.366959,0.099632,1.729718,0.475420,16.113500,0
15.540000,0.163035,-0.364232,-1.707222,0.369921,0.099157,1.729718,0.507475,14.147900,0
15.560000,0.161977,-0.323446,-1.813916,0.372884,0.098682,1.729718,0.471884,13.755800,0
15.580000,0.171976,-0.292288,-1.640387,0.373615,0.098599,1.741794,0.439830,14.549500,0
15.600000,0.162460,-0.381423,-1.756561,0.373786,0.098569,1.761792,0.524453,14.391000,0
15.620000,0.173073,-0.080608,-1.835216,0.373785,0.098569,1.779808,0.269053,14.040300,0
15.640000,0.151227,-0.287356,-1.944448,0.373781,0.098568,1.797801,0.445498,13.824100,0
15.660000,0.158953,-0.363435,-1.948498,0.373777,0.098568,1.815809,0.509505,14.395300,0
15.680000,0.163848,-0.305711,-1.798051,0.373772,0.098567,1.833825,0.455531,14.332000,0
15.700000,0.166330,-0.342044,-1.800685,0.373768,0.098566,1.851846,0.486999,13.761000,0
15.720000,0.171435,-0.301148,-2.030902,0.373763,0.098565,1.869868,0.448004,14.516600,0
15.740000,0.157029,-0.355317,-2.091329,0.373758,0.098564,1.887891,0.502971,17.023300,0
15.760000,0.090158,-0.399555,-2.013801,0.373754,0.098564,1.905912,0.573192,16.441300,0
15.780000,0.149734,-0.329533,-2.035821,0.373750,0.098563,1.923932,0.483166,16.535000,0
15.800000,0.175479,-0.340717,-1.997605,0.373746,0.098561,1.941950,0.481949,14.429200,0
15.820000,0.170762,-0.347665,-2.069852,0.373743,0.098560,1.959966,0.490223,18.282300,0
15.840000,0.182661,-0.326125,-1.866980,0.373739,0.098559,1.977980,0.465690,15.382600,0
15.860000,0.187052,-0.248872,-2.158368,0.373736,0.098558,1.995992,0.394409,17.042600,0
15.880000,0.169758,-0.324841,-1.973906,0.373733,0.098557,2.014002,0.469970,14.604600,0
15.900000,0.165242,-0.377593,-1.886417,0.373730,0.098556,2.032010,0.519793,15.123600,0
15.920000,0.167609,-0.352294,-1.887464,0.373727,0.098555,2.050016,0.495732,16.381600,0
15.940000,0.167683,-0.368054,-2.141781,0.373724,0.098554,2.068021,0.510074,15.457600,0
15.960000,0.127305,-0.409781,-2.197070,0.376099,0.097264,2.071408,0.564795,14.906300,0
15.980000,0.138475,-0.385388,-1.956049,0.378734,0.095821,2.071405,0.537853,16.058800,0
16.000000,0.183093,-0.324167,-2.136753,0.381369,0.094379,2.071400,0.463135,15.736800,0
16.020000,0.146994,-0.380635,-2.188310,0.384003,0.092938,2.071392,0.529570,15.701800,0
16.040000,0.159336,-0.370876,-1.945040,0.386637,0.091498,2.071386,0.515224,15.476900,0
16.060000,0.174775,-0.316155,-2.165773,0.389271,0.090057,2.071381,0.459365,15.936800,0
16.080000,0.150565,-0.375287,-2.089739,0.391904,0.088617,2.071377,0.522926,15.183700,0
16.100000,0.152087,-0.371464,-2.014692,0.394537,0.087177,2.071374,0.518781,15.558100,0
16.120000,0.133314,-0.393276,-2.190211,0.397170,0.085737,2.071371,0.546877,15.865100,0
16.140000,0.173727,-0.386529,-2.104672,0.399803,0.084297,2.071369,0.522291,16.559100,0
16.160000,0.150798,-0.398029,-2.142977,0.402435,0.082857,2.071368,0.542745,17.231100,0
16.180000,0.146315,-0.387055,-2.140791,0.405068,0.081417,2.071367,0.535182,15.598800,0
16.200000,0.138495,-0.418810,-2.121471,0.407700,0.079977,2.071366,0.566798,15.527900,0
16.220000,0.076810,-0.468526,-2.126029,0.410332,0.078537,2.071365,0.640714,14.682500,0
16.240000,0.147666,-0.381706,-2.027821,0.412964,0.077098,2.071365,0.529985,14.791700,0
16.260000,0.118951,-0.396227,-2.022594,0.415596,0.075658,2.071365,0.557382,15.817700,0
16.280000,0.142405,-0.386797,-1.954333,0.418229,0.074218,2.071364,0.537228,15.638600,0
16.300000,0.125671,-0.415665,-2.059481,0.420861,0.072778,2.071364,0.570713,14.849200,0
16.320000,0.153757,-0.364072,-2.171776,0.423493,0.071339,2.071364,0.512192,15.201700,0
16.340000,0.120510,-0.415226,-2.128374,0.426125,0.069899,2.071364,0.573365,14.721400,0
16.360000,0.110300,-0.445236,-2.120354,0.428757,0.068459,2.071364,0.604398,15.744500,0
16.380000,0.126373,-0.423189,-2.146261,0.431389,0.067019,2.071364,0.577355,18.836200,0
16.400000,0.135070,-0.363771,-1.908016,0.434021,0.065580,2.071364,0.523176,16.239200,0
16.420000,0.116786,-0.434830,-2.168561,0.434395,0.065374,2.087830,0.592519,14.439100,0
16.440000,0.100567,-0.451484,-2.127388,0.434439,0.065348,2.106444,0.615293,14.383100,0
16.460000,0.137180,-0.406726,-2.165865,0.434436,0.065349,2.124433,0.557867,15.056600,0
16.480000,0.099608,-0.454934,-2.274592,0.434432,0.065350,2.142428,0.618710,15.510700,0
16.500000,0.121225,-0.413338,-2.158339,0.434429,0.065350,2.160427,0.572048,15.692500,0
16.520000,0.136183,-0.413918,-2.178630,0.434425,0.065350,2.178429,0.564487,15.405400,0
16.540000,0.125709,-0.448847,-2.232688,0.434422,0.065350,2.196432,0.599752,14.799400,0
16.560000,0.089214,-0.470158,-2.176665,0.434419,0.065350,2.214435,0.637130,15.755100,0
16.580000,0.098825,-0.464680,-2.337812,0.434416,0.065349,2.232438,0.627337,16.230800,0
16.600000,0.095216,-0.454301,-2.348911,0.434413,0.065349,2.250440,0.620557,15.142600,0
16.620000,0.160049,-0.404096,-2.279263,0.434410,0.065348,2.268442,0.543739,14.686600,0
16.640000,0.118233,-0.445063,-2.408592,0.436549,0.063554,2.270830,0.600014,14.073100,0
16.660000,0.086114,-0.443891,-2.327287,0.438846,0.061618,2.270825,0.616408,14.553800,0
16.680000,0.148236,-0.422971,-2.095424,0.441143,0.059683,2.270820,0.564579,14.680000,0
16.700000,0.137345,-0.370915,-2.362890,0.443439,0.057749,2.270815,0.526732,16.355700,0
16.720000,0.127196,-0.439379,-2.309166,0.445735,0.055815,2.270810,0.588799,15.843100,0
16.740000,0.112616,-0.463642,-2.308885,0.448031,0.053881,2.270806,0.616711,15.659400,0
16.760000,0.120927,-0.442571,-2.166645,0.450327,0.051948,2.270804,0.594183,15.958200,0
16.780000,0.143520,-0.410250,-2.261982,0.452622,0.050015,2.270801,0.554425,15.022500,0
16.800000,0.145266,-0.386136,-2.094115,0.454918,0.048082,2.270800,0.533320,15.457700,0
16.820000,0.113399,-0.461001,-2.167511,0.457213,0.046149,2.270799,0.612706,15.990100,0
16.840000,0.136759,-0.411845,-2.111358,0.459508,0.044216,2.270798,0.558711,15.566700,0
16.860000,0.098299,-0.468957,-2.289136,0.461803,0.042283,2.270797,0.627297,14.136400,0
16.880000,0.097393,-0.449179,-2.324266,0.464098,0.040350,2.270797,0.611646,14.779300,0
16.900000,0.085358,-0.468583,-2.335283,0.466393,0.038418,2.270796,0.634223,15.933400,0
16.920000,0.120012,-0.465064,-2.364562,0.468687,0.036485,2.270796,0.610840,15.566700,0
16.940000,0.116680,-0.445595,-2.192472,0.470982,0.034552,2.270796,0.596717,15.966300,0
16.960000,0.083614,-0.470955,-2.320228,0.473277,0.032619,2.270795,0.636729,16.054100,0
16.980000,0.095682,-0.476802,-2.374362,0.475571,0.030687,2.270795,0.633925,15.710600,0
17.000000,0.112407,-0.454803,-2.259829,0.475839,0.030461,2.288335,0.606270,15.622400,0
17.020000,0.095214,-0.465459,-2.336626,0.475853,0.030446,2.306599,0.625147,16.923600,0
17.040000,0.133455,-0.450642,-2.186309,0.475850,0.030448,2.324587,0.590493,16.505200,0
17.060000,0.105071,-0.433699,-2.405740,0.475847,0.030449,2.342578,0.594061,16.909000,0
17.080000,0.114968,-0.466444,-2.510604,0.475844,0.030450,2.360572,0.614113,16.943200,0
17.100000,0.138652,-0.438473,-2.292895,0.475841,0.030450,2.378569,0.577568,16.567700,0
17.120000,0.088293,-0.472487,-2.546905,0.475838,0.030451,2.396566,0.634932,16.150600,0
17.140000,0.137376,-0.450160,-2.495277,0.475835,0.030451,2.414564,0.587828,16.434300,0
17.160000,0.105779,-0.476310,-2.500472,0.475833,0.030450,2.432562,0.627492,14.459700,0
17.180000,0.104365,-0.462811,-2.336754,0.475830,0.030450,2.450559,0.617489,13.725100,0
17.200000,0.109868,-0.453689,-2.541413,0.475828,0.030450,2.468555,0.606891,14.223400,0
17.220000,0.132045,-0.453793,-2.546384,0.475825,0.030449,2.486550,0.593864,15.023600,0
17.240000,0.099825,-0.465218,-2.613638,0.475823,0.030449,2.504545,0.622142,16.225700,0
17.260000,0.064470,-0.488321,-2.665306,0.475820,0.030449,2.522538,0.662066,14.986600,0
17.280000,0.130995,-0.465220,-2.513387,0.477558,0.028362,2.522659,0.603100,15.199600,0
17.300000,0.131993,-0.461424,-2.470767,0.479301,0.025915,2.522651,0.598433,15.066200,0
17.320000,0.095770,-0.452335,-2.617619,0.481043,0.023469,2.522643,0.612230,14.868300,0
17.340000,0.105964,-0.469148,-2.459275,0.482786,0.021023,2.522636,0.618274,15.009300,0
17.360000,0.053193,-0.445873,-2.596078,0.484528,0.018579,2.522630,0.633850,15.862900,0
17.380000,0.083778,-0.500568,-2.740976,0.486270,0.016134,2.522626,0.654966,13.822200,0
17.400000,0.002771,-0.518477,-2.724323,0.488012,0.013690,2.522624,0.720181,14.156500,0
17.420000,0.087625,-0.484676,-2.625162,0.489754,0.011246,2.522622,0.638472,14.119600,0
17.440000,0.097272,-0.480799,-2.490053,0.491495,0.008802,2.522620,0.628586,14.824200,0
17.460000,0.084635,-0.473986,-2.460905,0.491552,0.008480,2.539562,0.631154,15.877400,0
17.480000,0.071558,-0.489952,-2.605168,0.491549,0.008483,2.557551,0.651789,14.059000,0
17.500000,0.111414,-0.462064,-2.378728,0.491547,0.008485,2.575538,0.604911,15.703400,0
17.520000,0.056131,-0.492655,-2.754970,0.491544,0.008487,2.593528,0.663874,15.289600,0
17.540000,-0.027461,-0.549722,-2.785175,0.491542,0.008488,2.611520,0.762209,15.870900,0
17.560000,0.085154,-0.491719,-2.735886,0.491539,0.008489,2.629513,0.644482,14.835700,0
17.580000,0.035712,-0.495349,-2.730302,0.491537,0.008490,2.647507,0.679434,14.908300,0
17.600000,0.048546,-0.525383,-2.717735,0.491535,0.008491,2.665500,0.693730,14.764400,0
17.620000,0.104739,-0.485830,-2.721767,0.491532,0.008491,2.683493,0.627664,15.878900,0
17.640000,0.056573,-0.493780,-2.914843,0.491530,0.008491,2.701486,0.664427,15.852500,0
17.660000,0.067528,-0.493118,-2.661132,0.491528,0.008491,2.719478,0.656801,15.595900,0
17.680000,0.086680,-0.493299,-2.840971,0.491526,0.008491,2.737469,0.644743,15.606700,0
17.700000,0.016672,-0.508699,-2.825509,0.491523,0.008491,2.755459,0.702118,15.785700,0
17.720000,0.027537,-0.514523,-2.868014,0.491521,0.008491,2.773449,0.699160,15.240100,0
17.740000,0.145709,-0.474056,-2.719351,0.491519,0.008491,2.791437,0.593663,15.446700,0
17.760000,0.111273,-0.494181,-2.896352,0.491517,0.008491,2.809425,0.630290,15.347200,0
17.780000,0.036328,-0.511946,-2.886029,0.492464,0.006247,2.810826,0.690351,15.555700,0
17.800000,0.107985,-0.486857,-2.979087,0.493440,0.003407,2.810825,0.623646,15.723300,0
17.820000,0.023353,-0.508808,-2.986689,0.494415,0.000566,2.810814,0.693802,14.524000,0
17.840000,0.012422,-0.500133,-2.865303,0.495391,-0.002274,2.810805,0.693630,14.244600,0
17.860000,0.036534,-0.506468,-2.800931,0.496367,-0.005114,2.810799,0.680296,14.891000,0
17.880000,-0.000751,-0.523676,-2.960317,0.497342,-0.007952,2.810795,0.716985,14.594500,0
17.900000,0.077054,-0.488018,-2.942265,0.498317,-0.010791,2.810792,0.636560,13.839500,0
17.920000,-0.024424,-0.499018,-2.898387,0.499292,-0.013629,2.810790,0.714059,14.701600,0
17.940000,0.052817,-0.491869,-2.948841,0.500268,-0.016468,2.810789,0.652855,15.524200,0
17.960000,0.111760,-0.487406,-2.693242,0.501242,-0.019306,2.810788,0.608945,13.748100,0
17.980000,0.046450,-0.503463,-2.761998,0.502217,-0.022143,2.810788,0.662867,14.111300,0
18.000000,0.065264,-0.506584,-2.715308,0.503192,-0.024981,2.810787,0.650939,14.359700,0
18.020000,-0.008099,-0.522093,-2.920350,0.504167,-0.027819,2.810786,0.711845,14.124300,0
18.040000,0.075742,-0.497034,-2.885416,0.505141,-0.030656,2.810786,0.633950,13.934900,0
18.060000,-0.007055,-0.509792,-2.939309,0.506116,-0.033494,2.810785,0.700146,14.831000,0
18.080000,-0.024220,-0.505652,-2.841113,0.507091,-0.036331,2.810785,0.708910,14.846400,0
18.100000,-0.021182,-0.540327,-3.017981,0.508065,-0.039169,2.810785,0.728877,14.773000,0
18.120000,0.149738,-0.486144,-2.731686,0.509040,-0.042006,2.810785,0.571277,14.545700,0
18.140000,0.053647,-0.498074,-2.735115,0.510014,-0.044844,2.810785,0.643186,13.616200,0
18.160000,0.066271,-0.504923,-2.839294,0.510070,-0.045354,2.826752,0.638875,15.720100,0
18.180000,0.022199,-0.517485,-2.821337,0.510043,-0.045457,2.845994,0.678824,14.144700,0
18.200000,0.053115,-0.505068,-2.863089,0.510041,-0.045453,2.863981,0.648096,14.908300,0
18.220000,-0.016073,-0.524523,-2.855673,0.510039,-0.045451,2.881970,0.711550,13.971600,0
18.240000,0.072803,-0.513699,-2.865537,0.510037,-0.045449,2.899960,0.640649,15.017800,0
18.260000,0.011728,-0.525832,-3.028413,0.510035,-0.045448,2.917951,0.692155,16.974100,0
18.280000,-0.013912,-0.523565,-2.906040,0.510033,-0.045446,2.935942,0.709307,15.966400,0
18.300000,0.103304,-0.512561,-2.932097,0.510031,-0.045445,2.953933,0.619375,17.411000,0
18.320000,0.044049,-0.511033,-2.918686,0.510029,-0.045445,2.971923,0.658718,15.886000,0
18.340000,0.067216,-0.513891,-2.992084,0.510027,-0.045444,2.989913,0.644611,18.286900,0
18.360000,0.060797,-0.503679,-2.917182,0.510397,-0.047736,2.997614,0.640332,16.055400,0
18.380000,0.060050,-0.507800,-3.020972,0.510827,-0.050708,2.997612,0.641976,16.892300,0
18.400000,0.122626,-0.501538,-2.918501,0.511256,-0.053681,2.997603,0.592966,17.397600,0
18.420000,-0.015889,-0.523960,-2.943213,0.511686,-0.056653,2.997596,0.704777,16.689000,0
18.440000,0.132559,-0.502755,-2.937085,0.512116,-0.059624,2.997592,0.583463,18.642000,0
18.460000,0.029003,-0.498231,-2.981457,0.512547,-0.062595,2.997588,0.650841,15.625300,0
18.480000,0.004278,-0.523020,-2.983220,0.512977,-0.065565,2.997585,0.684135,15.853300,0
18.500000,0.042024,-0.509739,-3.092064,0.513408,-0.068535,2.997584,0.645650,17.935500,0
18.520000,0.087368,-0.504929,-2.934973,0.513839,-0.071505,2.997583,0.608058,16.968500,0
18.540000,0.054638,-0.517355,-3.111299,0.513872,-0.072218,3.009962,0.639565,16.022200,0
18.560000,-0.065998,-0.520819,-3.052252,0.513846,-0.072391,3.029964,0.733012,14.968700,0
18.580000,0.122147,-0.516495,-2.933835,0.513845,-0.072389,3.047967,0.592164,17.972100,0
18.600000,0.048215,-0.517719,-2.896997,0.513844,-0.072386,3.065954,0.644308,15.448700,0
18.620000,0.050600,-0.519819,-3.101582,0.513842,-0.072384,3.083943,0.644043,15.785500,0
18.640000,-0.007045,-0.522610,-3.084985,0.513841,-0.072382,3.101931,0.688496,14.528800,0
18.660000,0.092587,-0.523832,-3.120941,0.513841,-0.072381,3.119920,0.617465,16.173900,0
18.680000,-0.028437,-0.526819,-3.055534,0.513840,-0.072379,3.137909,0.707517,18.452000,0
18.700000,0.102837,-0.514603,3.095941,0.513839,-0.072378,-3.127289,0.603726,16.286100,0
18.720000,0.008052,-0.526195,3.087911,0.513838,-0.072378,-3.109302,0.679537,15.502900,0
18.740000,0.048292,-0.527493,3.111061,0.513761,-0.074529,-3.099745,0.649490,16.018600,0
18.760000,-0.016169,-0.531914,3.121393,0.513633,-0.077530,-3.099748,0.697965,20.414200,0
18.780000,-0.083632,-0.526588,3.140374,0.513505,-0.080531,-3.099758,0.745345,19.642700,0
18.800000,0.117623,-0.530328,-3.037552,0.513379,-0.083531,-3.099764,0.596867,15.673400,0
18.820000,-0.069386,-0.529863,3.074789,0.513252,-0.086530,-3.099769,0.732128,18.053300,0
18.840000,0.060115,-0.521566,3.102232,0.513126,-0.089530,-3.099773,0.625999,16.093500,0
18.860000,-0.036933,-0.524125,3.120208,0.513000,-0.092528,-3.099777,0.699072,16.846600,0
18.880000,-0.099366,-0.517340,3.119080,0.512875,-0.095527,-3.099780,0.743482,17.161300,0
18.900000,-0.041033,-0.515197,2.954937,0.512749,-0.098525,-3.099782,0.693030,18.112000,0
18.920000,-0.033199,-0.523721,3.110835,0.512623,-0.101523,-3.099784,0.690053,16.682400,0
18.940000,0.099808,-0.530500,-3.123968,0.512498,-0.104521,-3.099785,0.593103,17.966500,0
18.960000,0.001703,-0.525262,-3.123890,0.512372,-0.107519,-3.099786,0.659767,16.125400,0
18.980000,-0.045561,-0.523772,-3.130818,0.512247,-0.110516,-3.099787,0.694213,14.515600,0
19.000000,-0.142874,-0.525077,2.922073,0.512121,-0.113514,-3.099788,0.773565,16.066000,0
19.020000,-0.002584,-0.528870,3.035865,0.511996,-0.116512,-3.099788,0.659418,14.814900,0
19.040000,0.050018,-0.531851,-3.119549,0.511871,-0.119509,-3.099788,0.619139,16.081100,0
19.060000,-0.091316,-0.512363,2.789243,0.511745,-0.122507,-3.099789,0.718102,16.876100,0
19.080000,-0.015605,-0.533982,-3.095566,0.511620,-0.125504,-3.099789,0.666949,16.444600,0
19.100000,0.072280,-0.516521,-3.140279,0.511495,-0.128502,-3.099789,0.586062,17.903300,0
19.120000,-0.024981,-0.530459,3.112813,0.511369,-0.131499,-3.099789,0.668461,16.880700,0
19.140000,-0.100390,-0.527439,3.048014,0.511244,-0.134497,-3.099789,0.726980,16.892000,0
19.160000,-0.040565,-0.526885,3.002831,0.511119,-0.137494,-3.099789,0.675263,15.582200,0
19.180000,-0.056010,-0.532437,3.049927,0.510993,-0.140492,-3.099789,0.689285,17.754600,0
19.200000,-0.111048,-0.521403,3.073488,0.510868,-0.143489,-3.099789,0.727736,17.508700,0
19.220000,-0.074715,-0.515198,2.956586,0.510743,-0.146486,-3.099789,0.691888,20.231600,0
19.240000,-0.126027,-0.505689,3.125227,0.510617,-0.149484,-3.099789,0.729519,15.853600,0
19.260000,-0.077721,-0.514605,3.010723,0.510492,-0.152481,-3.099789,0.690745,14.867800,0
19.280000,-0.103020,-0.524481,-3.111860,0.510367,-0.155479,-3.099789,0.715825,16.208200,0
19.300000,-0.056144,-0.524977,3.090545,0.510241,-0.158476,-3.099789,0.674622,16.565900,0
19.320000,-0.183511,-0.509350,3.007330,0.510116,-0.161473,-3.099789,0.775975,15.955500,0
19.340000,-0.060360,-0.514442,3.019370,0.509991,-0.164471,-3.099789,0.669164,16.408200,0
19.360000,-0.120930,-0.524842,-3.128282,0.509865,-0.167468,-3.099789,0.724996,16.321000,0
19.380000,-0.085910,-0.514723,2.960363,0.509836,-0.168359,-3.089823,0.689116,16.364600,0
19.400000,-0.100016,-0.519064,3.015963,0.509826,-0.168532,-3.069826,0.703406,16.783500,0
19.420000,-0.062409,-0.515078,2.975153,0.509825,-0.168538,-3.051727,0.668985,17.549400,0
19.440000,-0.155110,-0.509758,2.950817,0.509825,-0.168535,-3.033739,0.747376,19.236100,0
19.460000,-0.060208,-0.528141,2.999501,0.509824,-0.168532,-3.015749,0.673985,18.586200,0
19.480000,-0.030229,-0.532017,2.961548,0.509517,-0.170798,-3.007673,0.649465,17.324100,0
19.500000,-0.035112,-0.522165,3.079568,0.509114,-0.173773,-3.007674,0.646188,17.651000,0
19.520000,-0.093924,-0.533244,3.072487,0.508711,-0.176748,-3.007676,0.700184,17.735500,0
19.540000,-0.009670,-0.528223,3.002129,0.508309,-0.179723,-3.007678,0.624303,18.529100,0
19.560000,-0.000929,-0.538534,3.105548,0.507907,-0.182697,-3.007680,0.620914,18.998600,0
19.580000,-0.100290,-0.525683,3.106583,0.507506,-0.185672,-3.007682,0.696437,17.642900,0
19.600000,-0.085506,-0.518162,3.041568,0.507105,-0.188646,-3.007684,0.678062,17.420500,0
19.620000,-0.233800,-0.511405,2.921709,0.506704,-0.191620,-3.007685,0.806603,17.501200,0
19.640000,-0.077422,-0.528954,-3.079110,0.506303,-0.194594,-3.007686,0.672704,17.680300,0
19.660000,-0.034815,-0.521419,3.027915,0.505902,-0.197567,-3.007686,0.630282,17.405500,0
19.680000,-0.152034,-0.514804,3.028973,0.505502,-0.200541,-3.007687,0.728776,15.816300,0
19.700000,-0.171294,-0.515442,2.940073,0.505101,-0.203514,-3.007687,0.744856,15.740900,0
19.720000,-0.081314,-0.530201,2.974094,0.504701,-0.206488,-3.007688,0.669480,14.252900,0
19.740000,-0.243786,-0.500083,2.855245,0.504300,-0.209461,-3.007688,0.802554,15.364000,0
19.760000,-0.164045,-0.506449,2.867392,0.503900,-0.212434,-3.007688,0.729791,14.741400,0
19.780000,-0.097488,-0.525707,3.089342,0.503499,-0.215408,-3.007688,0.676366,15.149800,0
19.800000,-0.100891,-0.507493,2.979839,0.503099,-0.218381,-3.007688,0.669619,14.791000,0
19.820000,-0.084782,-0.516128,-3.088229,0.502698,-0.221354,-3.007689,0.657286,16.192500,0
19.840000,-0.070451,-0.519911,3.057781,0.502298,-0.224327,-3.007689,0.644524,17.628600,0
19.860000,-0.162609,-0.509995,2.994227,0.501897,-0.227300,-3.007689,0.722139,17.286100,0
19.880000,-0.183730,-0.501759,2.973490,0.501497,-0.230274,-3.007689,0.737048,18.619600,0
19.900000,-0.230086,-0.507845,2.991877,0.501096,-0.233247,-3.007689,0.781045,14.431700,0
19.920000,-0.120240,-0.512969,2.992347,0.500696,-0.236220,-3.007689,0.679817,14.831500,0
19.940000,-0.165691,-0.513998,2.908063,0.500295,-0.239193,-3.007689,0.720455,15.185600,0
19.960000,-0.131787,-0.510916,2.985459,0.500220,-0.239956,-2.996014,0.687643,15.300300,0
19.980000,-0.038360,-0.540134,-3.136802,0.500195,-0.240127,-2.976016,0.616478,15.765500,0
20.000000,-0.166454,-0.516129,3.053619,0.500194,-0.240127,-2.957988,0.721523,16.840100,0
20.020000,-0.228604,-0.503442,2.872719,0.500194,-0.240123,-2.939993,0.774908,15.487500,0
20.040000,-0.155396,-0.505197,2.872526,0.500193,-0.240119,-2.921981,0.707151,15.440400,0
20.060000,-0.157951,-0.512562,2.793427,0.500192,-0.240114,-2.903960,0.712306,15.972900,0
20.080000,-0.205084,-0.494857,2.845813,0.500191,-0.240109,-2.885935,0.749873,16.045700,0
20.100000,-0.193197,-0.505242,2.731268,0.500191,-0.240104,-2.867908,0.742351,15.220800,0
20.120000,-0.215689,-0.497872,2.725663,0.500190,-0.240099,-2.849882,0.760874,15.120800,0
20.140000,-0.124597,-0.525106,2.938006,0.499441,-0.242491,-2.844195,0.685051,17.030800,0
20.160000,-0.082789,-0.535236,2.921332,0.498559,-0.245362,-2.844192,0.649609,15.406000,0
20.180000,-0.153740,-0.510113,2.907952,0.497679,-0.248233,-2.844195,0.702088,14.555800,0
20.200000,-0.136134,-0.520941,2.780353,0.496798,-0.251103,-2.844199,0.688053,14.882200,0
20.220000,-0.192773,-0.508260,2.799769,0.495918,-0.253973,-2.844203,0.734137,15.131500,0
20.240000,-0.237526,-0.502225,2.673388,0.495038,-0.256843,-2.844206,0.772568,15.671400,0
20.260000,-0.194660,-0.506769,3.012229,0.494159,-0.259713,-2.844209,0.731784,14.837300,0
20.280000,-0.260483,-0.488399,2.688191,0.493279,-0.262582,-2.844211,0.786861,16.325100,0
20.300000,-0.220505,-0.495418,2.695341,0.492400,-0.265451,-2.844213,0.749078,17.823000,0
20.320000,-0.172079,-0.517681,2.888137,0.491521,-0.268320,-2.844214,0.708905,13.930900,0
20.340000,-0.146991,-0.519821,2.854452,0.490642,-0.271189,-2.844216,0.684393,13.917800,0
20.360000,-0.147262,-0.517046,2.865931,0.489763,-0.274057,-2.844216,0.681795,15.433100,0
20.380000,-0.189087,-0.499624,2.901613,0.488884,-0.276926,-2.844217,0.713610,14.656600,0
20.400000,-0.290052,-0.483480,2.711313,0.488005,-0.279795,-2.844217,0.804276,15.261000,0
20.420000,-0.235786,-0.481224,2.676939,0.487126,-0.282663,-2.844218,0.749685,14.568200,0
20.440000,-0.225453,-0.516387,2.850671,0.486247,-0.285532,-2.844218,0.748205,17.043300,0
20.460000,-0.301322,-0.465032,2.636544,0.485368,-0.288400,-2.844218,0.806275,18.072600,0
20.480000,-0.182215,-0.491496,2.831105,0.484489,-0.291269,-2.844218,0.696121,16.049500,0
20.500000,-0.215974,-0.488362,2.734788,0.483610,-0.294137,-2.844218,0.726045,15.628700,0
20.520000,-0.151293,-0.528413,2.931123,0.482731,-0.297006,-2.844218,0.674934,15.880700,0
20.540000,-0.237566,-0.483440,2.806830,0.481852,-0.299874,-2.844218,0.742468,16.452900,0
20.560000,-0.202652,-0.489938,2.692636,0.480973,-0.302742,-2.844218,0.708791,16.234100,0
20.580000,-0.262335,-0.486483,2.739889,0.480094,-0.305611,-2.844218,0.764143,15.672200,0
20.600000,-0.241736,-0.473878,2.764503,0.479215,-0.308479,-2.844218,0.739680,16.602600,0
20.620000,-0.215581,-0.501220,2.863308,0.478336,-0.311347,-2.844218,0.719425,15.512800,0
20.640000,-0.149286,-0.511493,2.967582,0.477456,-0.314216,-2.844218,0.657057,16.736500,0
20.660000,-0.287431,-0.483050,2.809470,0.476577,-0.317084,-2.844218,0.781827,16.160500,0
20.680000,-0.213104,-0.493997,2.745175,0.475698,-0.319952,-2.844218,0.710450,15.601900,0
20.700000,-0.267223,-0.471904,2.636163,0.474819,-0.322821,-2.844218,0.756870,16.166100,0
20.720000,-0.272860,-0.454831,2.820179,0.473940,-0.325689,-2.844218,0.757883,15.387800,0
20.740000,-0.218741,-0.505524,2.817171,0.473061,-0.328557,-2.844218,0.714079,15.477500,0
20.760000,-0.273670,-0.473195,2.733025,0.472182,-0.331426,-2.844218,0.759206,16.193900,0
20.780000,-0.301047,-0.446612,2.807070,0.471303,-0.334294,-2.844218,0.780474,15.075500,0
20.800000,-0.267752,-0.464333,2.763772,0.470424,-0.337162,-2.844218,0.749051,15.512200,0
20.820000,-0.348692,-0.439851,2.775579,0.469545,-0.340031,-2.844218,0.824303,15.847800,0
20.840000,-0.218036,-0.509094,3.045064,0.468666,-0.342899,-2.844218,0.706527,15.926200,0
20.860000,-0.268708,-0.472341,2.718824,0.467787,-0.345767,-2.844218,0.747293,14.455400,0
20.880000,-0.294971,-0.465111,2.748794,0.466908,-0.348636,-2.844218,0.770730,14.750100,0
20.900000,-0.244501,-0.487062,2.849745,0.466029,-0.351504,-2.844218,0.723346,13.539700,0
20.920000,-0.296709,-0.478050,2.709842,0.465150,-0.354372,-2.844218,0.771833,14.493200,0
20.940000,-0.246916,-0.468249,2.845604,0.464271,-0.357241,-2.844218,0.719799,14.556000,0
20.960000,-0.229997,-0.503145,2.931957,0.463392,-0.360109,-2.844218,0.707988,13.894900,0
20.980000,-0.302627,-0.465132,2.696244,0.462513,-0.362977,-2.844218,0.771930,14.053600,0
21.000000,-0.205736,-0.486168,2.820802,0.461634,-0.365846,-2.844218,0.678130,14.268800,0
21.020000,-0.290095,-0.468683,2.750493,0.460755,-0.368714,-2.844218,0.757475,14.670800,0
21.040000,-0.390956,-0.415131,2.789067,0.459876,-0.371582,-2.844218,0.851946,15.685200,0
21.060000,-0.221965,-0.480955,2.877225,0.458997,-0.374451,-2.844218,0.689241,15.119200,0
21.080000,-0.283890,-0.459966,2.823914,0.458118,-0.377319,-2.844218,0.746597,15.316500,0
21.100000,-0.169218,-0.505483,3.103044,0.457239,-0.380187,-2.844218,0.638864,15.037200,0
21.120000,-0.318361,-0.471495,2.912789,0.456360,-0.383056,-2.844218,0.779753,15.517800,0
21.140000,-0.276791,-0.475405,2.871521,0.455481,-0.385924,-2.844218,0.737718,14.419800,0
21.160000,-0.355481,-0.445453,2.979837,0.454602,-0.388792,-2.844218,0.812063,14.931200,0
21.180000,-0.240642,-0.479876,3.032770,0.453723,-0.391661,-2.844218,0.699946,14.597900,0
21.200000,-0.376160,-0.469295,2.899915,0.452844,-0.394529,-2.844218,0.832368,14.060300,0
21.220000,-0.356957,-0.466642,2.901649,0.451965,-0.397397,-2.844218,0.811880,14.659300,0
21.240000,-0.449695,-0.423600,2.627510,0.451086,-0.400266,-2.844218,0.901083,14.687600,0
21.260000,-0.270817,-0.492184,2.795232,0.450207,-0.403134,-2.844218,0.726502,14.691800,0
21.280000,-0.343746,-0.453198,2.779308,0.449327,-0.406002,-2.844218,0.794476,14.509600,0
21.300000,-0.324901,-0.444896,2.880507,0.448448,-0.408871,-2.844218,0.774188,15.316500,0
21.320000,-0.352180,-0.457884,2.894726,0.447569,-0.411739,-2.844218,0.801080,15.407400,0
21.340000,-0.256823,-0.474301,2.917852,0.446690,-0.414607,-2.844218,0.706041,16.295100,0
21.360000,-0.337507,-0.452879,2.908049,0.445811,-0.417476,-2.844218,0.784118,14.505000,0
21.380000,-0.364779,-0.464940,2.845898,0.444932,-0.420344,-2.844218,0.810938,14.834300,0
21.400000,-0.374682,-0.441523,2.835122,0.444053,-0.423212,-2.844218,0.818940,14.589900,0
21.420000,-0.389008,-0.453043,2.804858,0.443174,-0.426081,-2.844218,0.832619,15.048800,0
21.440000,-0.233988,-0.490765,2.964594,0.443066,-0.426669,-2.830387,0.680082,15.429300,0
21.460000,-0.333599,-0.458118,2.663153,0.443026,-0.426791,-2.810903,0.777256,15.576100,0
21.480000,-0.350250,-0.450433,2.817937,0.443027,-0.426789,-2.792893,0.793630,15.259300,0
21.500000,-0.304182,-0.455191,2.754537,0.443027,-0.426784,-2.774886,0.747748,15.184100,0
21.520000,-0.410257,-0.428066,2.533018,0.443026,-0.426779,-2.756874,0.853284,14.379000,0
21.540000,-0.302532,-0.466675,2.755309,0.443026,-0.426775,-2.738859,0.746625,14.573800,0
21.560000,-0.287121,-0.469830,2.888452,0.443025,-0.426770,-2.720844,0.731415,15.412700,0
21.580000,-0.325337,-0.458194,2.893617,0.441945,-0.429181,-2.716779,0.767830,15.227100,0
21.600000,-0.417194,-0.431805,2.548537,0.440706,-0.431917,-2.716777,0.857900,13.990800,0
21.620000,-0.278439,-0.473861,2.742421,0.439468,-0.434653,-2.716779,0.718977,15.440700,0
21.640000,-0.322469,-0.450412,2.694065,0.438230,-0.437388,-2.716783,0.760810,15.169800,0
21.660000,-0.298004,-0.466997,2.784215,0.436993,-0.440123,-2.716786,0.735488,14.680300,0
21.680000,-0.369673,-0.426966,2.715534,0.435755,-0.442857,-2.716788,0.805585,15.383700,0
21.700000,-0.360542,-0.443038,2.858219,0.434519,-0.445592,-2.716790,0.795065,15.740000,0
21.720000,-0.338587,-0.463047,2.638803,0.433282,-0.448326,-2.716791,0.772009,15.032300,0
21.740000,-0.408188,-0.425623,2.716318,0.432045,-0.451060,-2.716793,0.840618,15.862800,0
21.760000,-0.356557,-0.461292,2.700738,0.430808,-0.453794,-2.716794,0.787401,15.158700,0
21.780000,-0.319269,-0.480892,2.865109,0.429572,-0.456528,-2.716794,0.749237,15.100300,0
21.800000,-0.389505,-0.461142,2.750752,0.428335,-0.459261,-2.716795,0.817842,15.325200,0
21.820000,-0.283139,-0.455285,2.689940,0.428138,-0.459697,-2.701032,0.711291,15.195800,0
21.840000,-0.349182,-0.463443,2.799223,0.428105,-0.459765,-2.682142,0.777296,14.932400,0
21.860000,-0.334662,-0.459800,2.637973,0.428106,-0.459761,-2.664151,0.762768,15.682200,0
21.880000,-0.315151,-0.466950,2.780814,0.428106,-0.459758,-2.646156,0.743292,15.417300,0
21.900000,-0.374068,-0.436792,2.743205,0.428107,-0.459754,-2.628156,0.802504,15.178900,0
21.920000,-0.356384,-0.450079,2.530035,0.428106,-0.459751,-2.610153,0.784550,14.110000,0
21.940000,-0.377350,-0.453291,2.504015,0.428106,-0.459747,-2.592149,0.805481,13.924100,0
21.960000,-0.336477,-0.479835,2.490568,0.428106,-0.459744,-2.574143,0.764846,14.973300,0
21.980000,-0.417779,-0.421804,2.464654,0.428105,-0.459741,-2.556138,0.846734,15.415200,0
22.000000,-0.412902,-0.392937,2.573902,0.428105,-0.459738,-2.538134,0.843655,16.716100,0
22.020000,-0.347228,-0.460559,2.603514,0.428104,-0.459735,-2.520130,0.775333,15.808800,0
22.040000,-0.333861,-0.464905,2.435148,0.428103,-0.459732,-2.502128,0.761982,16.184500,0
22.060000,-0.389065,-0.441201,2.432583,0.428103,-0.459729,-2.484126,0.817378,15.728400,0
22.080000,-0.403922,-0.421888,2.339314,0.428102,-0.459727,-2.466126,0.832884,16.301600,0
22.100000,-0.415142,-0.415511,2.367716,0.428101,-0.459724,-2.448127,0.844401,15.823800,0
22.120000,-0.343289,-0.491209,2.598233,0.428100,-0.459722,-2.430129,0.772032,17.610400,0
22.140000,-0.382014,-0.431297,2.345191,0.428099,-0.459720,-2.412132,0.810611,17.637900,0
22.160000,-0.401960,-0.434926,2.337004,0.428099,-0.459717,-2.394136,0.830430,16.011300,0
22.180000,-0.421179,-0.422884,2.415348,0.428098,-0.459715,-2.376141,0.850076,16.344700,0
22.200000,-0.422358,-0.423099,2.201352,0.428097,-0.459713,-2.358147,0.851243,16.218500,0
22.220000,-0.350815,-0.476711,2.327521,0.428096,-0.459711,-2.340154,0.779096,16.797200,0
22.240000,-0.398503,-0.431228,2.158154,0.428095,-0.459709,-2.322161,0.827089,16.701400,0
22.260000,-0.346678,-0.491943,2.156195,0.428094,-0.459707,-2.304169,0.775443,16.729600,0
22.280000,-0.410415,-0.393574,2.163056,0.428094,-0.459705,-2.286177,0.841113,15.999100,0
22.300000,-0.375166,-0.450650,2.194640,0.428093,-0.459703,-2.268186,0.803310,14.654400,0
22.320000,-0.385651,-0.451541,2.319639,0.428092,-0.459701,-2.250195,0.813784,13.491000,0
22.340000,-0.381568,-0.465553,2.371647,0.426020,-0.461545,-2.249426,0.807598,14.309100,0
22.360000,-0.403805,-0.439528,2.089816,0.423681,-0.463431,-2.249433,0.827831,14.129500,0
22.380000,-0.383132,-0.426337,2.254003,0.421343,-0.465317,-2.249443,0.805419,14.291800,0
22.400000,-0.384249,-0.415932,2.101560,0.419006,-0.467202,-2.249451,0.804890,15.138200,0
22.420000,-0.406617,-0.376619,2.265697,0.416669,-0.469087,-2.249458,0.828463,14.994500,0
22.440000,-0.440905,-0.387977,2.131517,0.414333,-0.470972,-2.249462,0.859256,15.096900,0
22.460000,-0.410243,-0.430142,2.254002,0.411997,-0.472857,-2.249465,0.823349,15.509400,0
22.480000,-0.406206,-0.416877,2.286579,0.409661,-0.474741,-2.249468,0.817917,14.759200,0
22.500000,-0.387197,-0.444447,2.172585,0.407325,-0.476625,-2.249469,0.795174,14.477800,0
22.520000,-0.429811,-0.377618,2.184216,0.404990,-0.478509,-2.249471,0.840876,14.310000,0
22.540000,-0.413105,-0.402679,2.068609,0.402654,-0.480393,-2.249471,0.819453,15.323100,0
22.560000,-0.446580,-0.361515,2.079422,0.400319,-0.482277,-2.249472,0.855466,16.033200,0
22.580000,-0.394758,-0.426722,2.282146,0.397983,-0.484161,-2.249473,0.794820,16.561200,0
22.600000,-0.454605,-0.357590,2.169638,0.395648,-0.486044,-2.249473,0.859901,15.826300,0
22.620000,-0.420909,-0.387564,2.161574,0.393313,-0.487928,-2.249474,0.820385,15.034000,0
22.640000,-0.429101,-0.384409,2.298835,0.390977,-0.489811,-2.249474,0.826824,13.419100,0
22.660000,-0.372254,-0.435362,2.214819,0.388642,-0.491695,-2.249475,0.762978,14.605200,0
22.680000,-0.356259,-0.462595,2.332260,0.386307,-0.493578,-2.249475,0.743213,14.292800,0
22.700000,-0.409689,-0.442100,2.400496,0.383972,-0.495462,-2.249475,0.795453,17.364100,0
22.720000,-0.395591,-0.426146,2.229578,0.381636,-0.497345,-2.249475,0.780481,14.341000,0
22.740000,-0.440769,-0.369717,2.165324,0.379301,-0.499228,-2.249475,0.830233,14.256700,0
22.760000,-0.393110,-0.434797,2.327593,0.376966,-0.501112,-2.249475,0.772926,15.763500,0
22.780000,-0.412674,-0.383886,2.334024,0.374631,-0.502995,-2.249475,0.796264,14.353700,0
22.800000,-0.442302,-0.386314,2.171862,0.372295,-0.504878,-2.249475,0.823180,15.905300,0
22.820000,-0.411151,-0.415497,2.345557,0.369960,-0.506762,-2.249475,0.786424,16.468300,0
22.840000,-0.440253,-0.360611,2.236857,0.367625,-0.508645,-2.249475,0.821329,17.098800,0
22.860000,-0.449814,-0.363586,2.131207,0.365290,-0.510528,-2.249475,0.828243,16.843000,0
22.880000,-0.452769,-0.338131,2.153964,0.362955,-0.512412,-2.249475,0.834134,16.506300,0
22.900000,-0.444139,-0.368539,2.112820,0.362675,-0.512612,-2.232048,0.819576,17.574300,0
22.920000,-0.459027,-0.342181,2.252246,0.362667,-0.512616,-2.213917,0.839183,16.405600,0
22.940000,-0.462916,-0.356214,2.230068,0.362670,-0.512613,-2.195929,0.840269,16.893100,0
22.960000,-0.453071,-0.357949,2.084776,0.362671,-0.512610,-2.177937,0.830275,13.561000,0
22.980000,-0.415138,-0.400886,2.150511,0.362673,-0.512607,-2.159943,0.785794,14.273200,0
23.000000,-0.456018,-0.351371,2.021683,0.362673,-0.512605,-2.141948,0.834417,15.359900,0
23.020000,-0.446595,-0.344750,2.150575,0.362674,-0.512602,-2.123952,0.826493,14.458700,0
23.040000,-0.420113,-0.413847,2.150206,0.362674,-0.512599,-2.105957,0.788991,15.246900,0
23.060000,-0.425107,-0.384118,2.147450,0.362675,-0.512597,-2.087962,0.798190,14.793600,0
23.080000,-0.457070,-0.359570,1.995745,0.362675,-0.512594,-2.069968,0.833906,14.637500,0
23.100000,-0.457957,-0.331010,1.938850,0.362675,-0.512592,-2.051975,0.840482,14.827400,0
23.120000,-0.455897,-0.328425,1.958532,0.362674,-0.512589,-2.033983,0.839032,14.136700,0
23.140000,-0.454477,-0.359031,1.892717,0.362674,-0.512587,-2.015991,0.831454,15.210700,0
23.160000,-0.439649,-0.399214,1.980141,0.362674,-0.512585,-1.998000,0.810294,15.517700,0
23.180000,-0.495717,-0.271708,1.755027,0.360494,-0.513827,-1.997921,0.889786,15.346200,0
23.200000,-0.421592,-0.451842,2.202302,0.357761,-0.515072,-1.997926,0.781914,15.330400,0
23.220000,-0.458483,-0.327240,1.814269,0.355027,-0.516316,-1.997936,0.835193,15.889300,0
23.240000,-0.449643,-0.333022,2.010227,0.352294,-0.517561,-1.997944,0.822896,14.995400,0
23.260000,-0.454144,-0.369545,2.077387,0.349562,-0.518805,-1.997949,0.817448,14.647400,0
23.280000,-0.472322,-0.305674,1.938970,0.346830,-0.520049,-1.997953,0.846739,15.108800,0
23.300000,-0.442634,-0.396616,2.070519,0.344099,-0.521293,-1.997956,0.796551,15.674800,0
23.320000,-0.446458,-0.359440,1.960616,0.341367,-0.522537,-1.997957,0.804530,15.255900,0
23.340000,-0.450521,-0.341821,1.839135,0.338636,-0.523780,-1.997958,0.809862,16.139400,0
23.360000,-0.448621,-0.369443,2.117335,0.335905,-0.525024,-1.997959,0.799804,14.861300,0
23.380000,-0.444215,-0.379275,1.950527,0.333174,-0.526267,-1.997960,0.791164,14.623200,0
23.400000,-0.490978,-0.239157,1.784017,0.330443,-0.527510,-1.997960,0.870563,15.303800,0
23.420000,-0.451785,-0.372352,2.045582,0.327713,-0.528753,-1.997961,0.795033,15.707000,0
23.440000,-0.478364,-0.298388,1.893840,0.324982,-0.529997,-1.997961,0.836067,14.762800,0
23.460000,-0.454209,-0.308879,1.941006,0.322252,-0.531240,-1.997962,0.807674,15.116400,0
23.480000,-0.464015,-0.364057,2.014314,0.319521,-0.532483,-1.997962,0.801434,14.191500,0
23.500000,-0.464923,-0.231455,1.822738,0.316791,-0.533726,-1.997962,0.838120,14.632900,0
23.520000,-0.463222,-0.335702,2.031468,0.314060,-0.534969,-1.997962,0.802418,15.295600,0
23.540000,-0.452099,-0.383002,1.894431,0.313588,-0.534974,-1.980198,0.780623,13.984800,0
23.560000,-0.468045,-0.340888,1.981113,0.313523,-0.534968,-1.961369,0.805305,14.362600,0
23.580000,-0.485381,-0.315504,2.005769,0.313525,-0.534966,-1.943381,0.828501,14.810700,0
23.600000,-0.464233,-0.368327,1.989825,0.313528,-0.534963,-1.925392,0.795412,15.459300,0
23.620000,-0.459048,-0.393533,1.931357,0.313529,-0.534961,-1.907402,0.785415,15.646500,0
23.640000,-0.479635,-0.339654,1.779469,0.313531,-0.534959,-1.889410,0.816857,15.035400,0
23.660000,-0.448094,-0.390364,1.989039,0.313531,-0.534957,-1.871419,0.775229,13.963100,0
23.680000,-0.459325,-0.350641,1.925160,0.313532,-0.534955,-1.853427,0.794531,14.067900,0
23.700000,-0.496424,-0.281958,1.728584,0.313533,-0.534953,-1.835436,0.848550,14.551100,0
23.720000,-0.472868,-0.322174,1.859002,0.313533,-0.534951,-1.817446,0.814678,15.903100,0
23.740000,-0.482918,-0.300543,1.828320,0.313533,-0.534949,-1.799456,0.830229,15.199500,0
23.760000,-0.463346,-0.336605,1.924774,0.313534,-0.534947,-1.781468,0.801799,14.584100,0
23.780000,-0.468331,-0.371570,1.809560,0.313534,-0.534945,-1.763480,0.798751,15.258800,0
23.800000,-0.484488,-0.194620,1.714732,0.313534,-0.534942,-1.745492,0.867559,14.292800,0
23.820000,-0.458882,-0.362791,1.863947,0.313534,-0.534940,-1.727506,0.791367,15.890900,0
23.840000,-0.478550,-0.314135,1.625027,0.311237,-0.535324,-1.719883,0.820176,14.256700,0
23.860000,-0.476447,-0.297953,1.816442,0.308266,-0.535769,-1.719886,0.819957,14.327400,0
23.880000,-0.474043,-0.357626,1.782081,0.305296,-0.536214,-1.719897,0.799539,14.454200,0
23.900000,-0.462286,-0.413807,1.769999,0.302326,-0.536659,-1.719905,0.774419,14.156300,0
23.920000,-0.480301,-0.292791,1.747945,0.299357,-0.537105,-1.719911,0.817041,14.208900,0
23.940000,-0.478300,-0.344458,1.732492,0.296388,-0.537550,-1.719916,0.798390,15.082400,0
23.960000,-0.480693,-0.334928,1.650780,0.293420,-0.537996,-1.719919,0.800304,13.436000,0
23.980000,-0.495917,-0.312593,1.560693,0.290452,-0.538442,-1.719921,0.818159,15.253300,0
24.000000,-0.482170,-0.253541,1.672684,0.287485,-0.538888,-1.719922,0.820849,16.535600,0
24.020000,-0.472869,-0.365187,1.666187,0.284517,-0.539334,-1.719923,0.777150,14.329600,0
24.040000,-0.479054,-0.346578,1.631059,0.281550,-0.539780,-1.719924,0.784758,13.662800,0
24.060000,-0.464815,-0.428260,1.878297,0.278583,-0.540226,-1.719924,0.751783,14.852800,0
24.080000,-0.461654,-0.335371,1.615461,0.275615,-0.540672,-1.719925,0.765319,15.032100,0
24.100000,-0.480485,-0.344387,1.710771,0.272649,-0.541118,-1.719926,0.778405,14.761900,0
24.120000,-0.470181,-0.259741,1.773044,0.269682,-0.541563,-1.719927,0.791720,14.637400,0
24.140000,-0.471505,-0.310552,1.760690,0.266715,-0.542009,-1.719927,0.773654,14.499600,0
24.160000,-0.477811,-0.290904,1.617087,0.263748,-0.542455,-1.719928,0.783063,15.514600,0
24.180000,-0.481952,-0.245357,1.642894,0.260781,-0.542901,-1.719928,0.800115,15.037700,0
24.200000,-0.495611,-0.286150,1.681229,0.257814,-0.543347,-1.719928,0.796115,14.715000,0
24.220000,-0.490262,-0.291108,1.688809,0.254847,-0.543793,-1.719928,0.786789,15.716400,0
24.240000,-0.486941,-0.243641,1.608642,0.251881,-0.544238,-1.719928,0.797632,15.237800,0
24.260000,-0.477380,-0.274785,1.784603,0.248914,-0.544684,-1.719928,0.774822,15.441200,0
24.280000,-0.481530,-0.240467,1.600380,0.245947,-0.545130,-1.719928,0.788697,14.659700,0
24.300000,-0.481269,-0.314892,1.860497,0.242981,-0.545576,-1.719928,0.760100,15.732300,0
24.320000,-0.477431,-0.296687,1.707326,0.242275,-0.545621,-1.707469,0.761541,16.972700,0
24.340000,-0.477178,-0.188325,1.700045,0.242103,-0.545595,-1.687471,0.803123,17.443400,0
24.360000,-0.473145,-0.311962,1.764932,0.242106,-0.545593,-1.669483,0.752441,16.807500,0
24.380000,-0.495927,-0.205616,1.634454,0.242109,-0.545592,-1.651495,0.812576,16.853100,0
24.400000,-0.481179,-0.339978,1.693246,0.242111,-0.545590,-1.633505,0.751947,17.239900,0
24.420000,-0.478441,-0.379009,1.625005,0.242113,-0.545589,-1.615515,0.739559,16.416800,0
24.440000,-0.479395,-0.332246,1.665175,0.242115,-0.545587,-1.597525,0.752390,17.064500,0
24.460000,-0.474300,-0.299139,1.719808,0.239968,-0.545685,-1.587914,0.755621,16.133500,0
24.480000,-0.499156,-0.190331,1.519415,0.236966,-0.545734,-1.587917,0.817427,16.734800,0
24.500000,-0.489678,-0.239941,1.540638,0.233963,-0.545783,-1.587921,0.785618,16.620800,0
24.520000,-0.481262,-0.296379,1.526903,0.230961,-0.545833,-1.587925,0.754645,16.155500,0
24.540000,-0.478811,-0.092782,1.480697,0.227960,-0.545884,-1.587928,0.839540,16.928200,0
24.560000,-0.485439,-0.197902,1.412095,0.224958,-0.545935,-1.587931,0.791069,16.074900,0
24.580000,-0.482683,-0.138282,1.530805,0.221958,-0.545985,-1.587933,0.814089,16.423700,0
24.600000,-0.486341,-0.105805,1.399262,0.218957,-0.546037,-1.587935,0.831414,15.659300,0
24.620000,-0.485341,-0.258161,1.604447,0.215957,-0.546088,-1.587937,0.758103,14.281600,0
24.640000,-0.491681,-0.278180,1.540040,0.212957,-0.546139,-1.587938,0.753868,13.547300,0
24.660000,-0.477836,-0.189668,1.594432,0.209956,-0.546191,-1.587939,0.774704,14.010700,0
24.680000,-0.496418,-0.220427,1.445743,0.206957,-0.546242,-1.587940,0.775172,13.886000,0
24.700000,-0.476856,-0.077479,1.499771,0.203957,-0.546293,-1.587940,0.826615,13.943000,0
24.720000,-0.493929,-0.278843,1.614438,0.200957,-0.546345,-1.587941,0.744596,14.819100,0
24.740000,-0.488044,-0.226913,1.617623,0.197957,-0.546396,-1.587941,0.756747,14.730300,0
24.760000,-0.489211,-0.177798,1.564300,0.194957,-0.546448,-1.587941,0.777167,14.545200,0
24.780000,-0.492276,-0.181617,1.537936,0.191958,-0.546499,-1.587941,0.775445,15.055500,0
24.800000,-0.487331,-0.239168,1.545761,0.188958,-0.546551,-1.587942,0.742867,15.045400,0
24.820000,-0.479889,-0.094277,1.404672,0.185958,-0.546602,-1.587942,0.804954,15.111900,0
24.840000,-0.487020,-0.206816,1.510611,0.182959,-0.546654,-1.587942,0.751240,14.520000,0
24.860000,-0.481917,-0.259383,1.611243,0.179959,-0.546705,-1.587942,0.721550,14.465400,0
24.880000,-0.486964,-0.142128,1.344723,0.176959,-0.546757,-1.587942,0.777508,14.167600,0
24.900000,-0.490845,-0.170550,1.597463,0.173960,-0.546808,-1.587942,0.763895,14.271400,0
24.920000,-0.497404,-0.182394,1.645981,0.170960,-0.546860,-1.587942,0.761279,14.406700,0
24.940000,-0.484265,-0.249911,1.684389,0.167961,-0.546911,-1.587942,0.716664,14.760000,0
24.960000,-0.489237,-0.254172,1.601708,0.164961,-0.546962,-1.587942,0.716729,14.116100,0
24.980000,-0.484228,-0.226492,1.506479,0.161962,-0.547014,-1.587942,0.721315,14.766300,0
25.000000,-0.496378,-0.270723,1.771021,0.158962,-0.547065,-1.587942,0.711221,15.426300,0
25.020000,-0.478222,-0.225148,1.535494,0.155962,-0.547117,-1.587942,0.711233,15.312000,0
25.040000,-0.487130,-0.139410,1.482712,0.152963,-0.547168,-1.587942,0.758937,15.401900,0
25.060000,-0.491143,-0.158518,1.655560,0.149963,-0.547220,-1.587942,0.749737,15.154900,0
25.080000,-0.487731,-0.251123,1.554057,0.146964,-0.547271,-1.587942,0.700386,15.160500,0
25.100000,-0.489104,-0.104190,1.521798,0.143964,-0.547322,-1.587942,0.772749,15.067500,0
25.120000,-0.496088,-0.233977,1.641990,0.140965,-0.547374,-1.587942,0.709968,15.374400,0
25.140000,-0.496449,-0.125310,1.576152,0.137965,-0.547425,-1.587942,0.762012,15.540000,0
25.160000,-0.478964,-0.139416,1.484668,0.134966,-0.547477,-1.587942,0.737173,15.641700,0
25.180000,-0.485153,-0.111659,1.536760,0.131966,-0.547528,-1.587942,0.755525,15.207300,0
25.200000,-0.485192,-0.141266,1.476647,0.128966,-0.547580,-1.587942,0.736397,15.154900,0
25.220000,-0.496796,-0.167212,1.681863,0.125967,-0.547631,-1.587942,0.729761,15.862000,0
25.240000,-0.483934,-0.181915,1.654071,0.122967,-0.547683,-1.587942,0.708601,15.521400,0
25.260000,-0.499330,-0.041377,1.530456,0.119968,-0.547734,-1.587942,0.799954,15.009100,0
25.280000,-0.489216,-0.068288,1.489490,0.116968,-0.547785,-1.587942,0.772901,15.251000,0
25.300000,-0.500980,-0.233931,1.561004,0.113969,-0.547837,-1.587942,0.690434,15.385100,0
25.320000,-0.489239,-0.114141,1.650080,0.110969,-0.547888,-1.587942,0.740531,15.320400,0
25.340000,-0.492016,-0.173654,1.605208,0.107969,-0.547940,-1.587942,0.707158,15.292400,0
25.360000,-0.491296,-0.094847,1.586494,0.104970,-0.547991,-1.587942,0.748915,14.928200,0
25.380000,-0.496155,-0.091335,1.400246,0.101970,-0.548043,-1.587942,0.752553,15.322000,0
25.400000,-0.481581,-0.096788,1.601652,0.098971,-0.548094,-1.587942,0.735335,15.304100,0
25.420000,-0.484560,-0.147101,1.549913,0.095971,-0.548145,-1.587942,0.705587,14.733300,0
25.440000,-0.499773,-0.269188,1.658727,0.092972,-0.548197,-1.587942,0.655128,15.584400,0
25.460000,-0.490767,-0.118476,1.558279,0.089972,-0.548248,-1.587942,0.722469,15.277300,0
25.480000,-0.490997,-0.125599,1.636146,0.086973,-0.548300,-1.587942,0.716048,15.960800,0
25.500000,-0.494762,-0.080916,1.625496,0.083973,-0.548351,-1.587942,0.743929,15.802900,0
25.520000,-0.485766,-0.096767,1.597422,0.080973,-0.548403,-1.587942,0.724685,14.342000,0
25.540000,-0.475216,-0.187807,1.792925,0.077974,-0.548454,-1.587942,0.660368,15.993500,0
25.560000,-0.488967,-0.062227,1.496562,0.074974,-0.548505,-1.587942,0.744644,15.749200,0
25.580000,-0.494197,-0.108019,1.522050,0.071975,-0.548557,-1.587942,0.717374,15.491300,0
25.600000,-0.484704,-0.083292,1.603830,0.068975,-0.548608,-1.587942,0.723242,15.107000,0
25.620000,-0.492485,-0.159615,1.615248,0.065976,-0.548660,-1.587942,0.680613,14.665900,0
25.640000,-0.483530,-0.021292,1.550291,0.062976,-0.548711,-1.587942,0.759500,14.039100,0
25.660000,-0.493167,-0.160480,1.471924,0.059977,-0.548763,-1.587942,0.675820,13.756500,0
25.680000,-0.488941,-0.008652,1.571027,0.056977,-0.548814,-1.587942,0.767985,13.907500,0
25.700000,-0.489242,-0.014686,1.504366,0.053977,-0.548865,-1.587942,0.761862,15.084000,0
25.720000,-0.495742,-0.160635,1.491567,0.050978,-0.548917,-1.587942,0.670571,15.591800,0
25.740000,-0.483917,-0.141287,1.552999,0.047978,-0.548968,-1.587942,0.670161,15.208800,0
25.760000,-0.490662,-0.097306,1.722202,0.044979,-0.549020,-1.587942,0.700683,15.093500,0
25.780000,-0.485351,-0.104977,1.661847,0.041979,-0.549071,-1.587942,0.689417,15.043500,0
25.800000,-0.473515,-0.167553,1.624373,0.038980,-0.549123,-1.587942,0.638942,15.908400,0
25.820000,-0.489038,-0.117294,1.464679,0.035980,-0.549174,-1.587942,0.679827,16.093700,0
25.840000,-0.471331,-0.044169,1.483595,0.032980,-0.549226,-1.587942,0.713731,15.434500,0
25.860000,-0.476645,0.015543,1.584495,0.029981,-0.549277,-1.587942,0.758743,15.262400,0
25.880000,-0.494625,-0.071219,1.677052,0.026981,-0.549328,-1.587942,0.707574,15.669200,0
25.900000,-0.488711,-0.071251,1.473659,0.023982,-0.549380,-1.587942,0.701043,15.758900,0
25.920000,-0.480349,-0.045996,1.632674,0.020982,-0.549431,-1.587942,0.710478,15.493300,0
25.940000,-0.483029,-0.091314,1.510127,0.017983,-0.549483,-1.587942,0.678919,15.911300,0
25.960000,-0.486807,-0.117724,1.525233,0.014983,-0.549534,-1.587942,0.662007,17.324600,0
25.980000,-0.481672,-0.053764,1.685270,0.011984,-0.549586,-1.587942,0.699668,16.645500,0
26.000000,-0.488434,-0.089552,1.644839,0.008984,-0.549637,-1.587942,0.677571,16.201300,0
26.020000,-0.484487,-0.112300,1.646460,0.005984,-0.549688,-1.587942,0.657168,15.437600,0
26.040000,-0.492523,0.000471,1.620414,0.002985,-0.549740,-1.587942,0.740446,15.019800,0
26.060000,-0.488420,-0.096892,1.700323,-0.000015,-0.549791,-1.587942,0.666076,15.563400,0
26.080000,-0.493174,0.084028,1.461454,-0.003014,-0.549843,-1.587942,0.801280,16.654000,0
26.100000,-0.496461,-0.071273,1.572775,-0.006014,-0.549894,-1.587942,0.685285,15.624300,0
26.120000,-0.476514,0.030187,1.449523,-0.009013,-0.549946,-1.587942,0.745058,16.295600,0
26.140000,-0.501992,-0.039441,1.666532,-0.012013,-0.549997,-1.587942,0.707635,16.415400,0
26.160000,-0.485669,-0.043392,1.565675,-0.015012,-0.550048,-1.587942,0.691533,14.295800,0
26.180000,-0.499111,-0.033468,1.512423,-0.018012,-0.550100,-1.587942,0.705949,14.549400,0
26.200000,-0.489208,-0.016960,1.621687,-0.021012,-0.550151,-1.587942,0.709577,14.010300,0
26.220000,-0.488026,-0.100826,1.763802,-0.024011,-0.550203,-1.587942,0.645949,14.335300,0
26.240000,-0.474801,-0.034685,1.503053,-0.027011,-0.550254,-1.587942,0.682882,14.480500,0
26.260000,-0.484458,-0.041949,1.548454,-0.030010,-0.550306,-1.587942,0.681872,15.236500,0
26.280000,-0.488448,-0.043625,1.509864,-0.033010,-0.550357,-1.587942,0.681323,14.591400,0
26.300000,-0.480916,0.010856,1.419645,-0.036009,-0.550408,-1.587942,0.716212,15.095500,0
26.320000,-0.494406,-0.008385,1.673958,-0.039009,-0.550460,-1.587942,0.707978,14.889500,0
26.340000,-0.485690,-0.029358,1.450743,-0.042008,-0.550511,-1.587942,0.684437,15.191100,0
26.360000,-0.485140,0.000901,1.672406,-0.045008,-0.550563,-1.587942,0.705570,15.118200,0
26.380000,-0.490732,-0.019877,1.531935,-0.048008,-0.550614,-1.587942,0.691148,14.552300,0
26.400000,-0.493617,-0.054347,1.619234,-0.051007,-0.550666,-1.587942,0.665008,15.039200,0
26.420000,-0.500251,0.021675,1.630109,-0.054007,-0.550717,-1.587942,0.725787,15.093600,0
26.440000,-0.483594,-0.020390,1.703686,-0.057006,-0.550769,-1.587942,0.680646,15.051700,0
26.460000,-0.480258,0.016904,1.557710,-0.060006,-0.550820,-1.587942,0.706344,15.914100,0
26.480000,-0.488029,0.084934,1.643962,-0.063005,-0.550871,-1.587942,0.764783,16.057800,0
26.500000,-0.482617,-0.050843,1.678592,-0.066005,-0.550923,-1.587942,0.650881,15.738600,0
26.520000,-0.493524,0.098007,1.613589,-0.069005,-0.550974,-1.587942,0.775495,14.963200,0
26.540000,-0.487252,-0.026545,1.622935,-0.072004,-0.551026,-1.587942,0.668963,15.273800,0
26.560000,-0.487880,-0.106814,1.809835,-0.075004,-0.551077,-1.587942,0.606495,15.192100,0
26.580000,-0.495332,0.020712,1.713055,-0.078003,-0.551129,-1.587942,0.707930,15.323500,0
26.600000,-0.490446,0.015317,1.593567,-0.078928,-0.551116,-1.578443,0.700138,14.686000,0
26.620000,-0.471491,-0.078757,1.681936,-0.079101,-0.551114,-1.558446,0.614078,15.549200,0
26.640000,-0.482141,0.037385,1.670209,-0.079117,-0.551113,-1.540232,0.713273,16.717800,0
26.660000,-0.489937,-0.038372,1.506331,-0.079114,-0.551112,-1.522244,0.657022,14.793900,0
26.680000,-0.494496,-0.067090,1.528038,-0.079112,-0.551111,-1.504254,0.637825,15.931200,0
26.700000,-0.488398,0.062828,1.412600,-0.079110,-0.551110,-1.486265,0.737860,15.352100,0
26.720000,-0.487715,0.072530,1.292864,-0.079108,-0.551109,-1.468275,0.745577,15.865400,0
26.740000,-0.484277,0.101351,1.391692,-0.079106,-0.551108,-1.450286,0.768028,15.022600,0
26.760000,-0.481357,0.046274,1.380699,-0.079100,-0.551107,-1.432235,0.720191,16.065700,0
26.780000,-0.483441,0.084661,1.365021,-0.079093,-0.551106,-1.414178,0.753457,19.464400,0
26.800000,-0.495650,0.014633,1.303632,-0.081386,-0.550720,-1.406519,0.700884,15.343200,0
26.820000,-0.494358,0.089641,1.375747,-0.084348,-0.550228,-1.406521,0.759961,15.294000,0
26.840000,-0.495702,0.016967,1.460297,-0.087311,-0.549735,-1.406523,0.698523,15.919300,0
26.860000,-0.475441,0.179262,1.329529,-0.090273,-0.549243,-1.406529,0.824060,14.241100,0
26.880000,-0.501583,-0.015915,1.445152,-0.093234,-0.548752,-1.406534,0.671315,15.745600,0
26.900000,-0.479781,0.089164,1.314513,-0.096196,-0.548260,-1.406537,0.743940,15.827100,0
26.920000,-0.477028,0.108629,1.355095,-0.099157,-0.547769,-1.406540,0.757393,15.706500,0
26.940000,-0.478873,0.064866,1.365290,-0.102117,-0.547278,-1.406543,0.718795,15.244500,0
26.960000,-0.477999,0.147276,1.500498,-0.105078,-0.546788,-1.406545,0.787905,14.602800,0
26.980000,-0.501352,-0.060593,1.452318,-0.108038,-0.546297,-1.406547,0.624984,14.262200,0
27.000000,-0.481885,0.162007,1.474355,-0.110998,-0.545807,-1.406548,0.799098,13.253900,0
27.020000,-0.497716,-0.051250,1.514187,-0.113958,-0.545316,-1.406549,0.625597,13.739500,0
27.040000,-0.504679,-0.049057,1.515153,-0.116918,-0.544826,-1.406550,0.629401,13.630000,0
27.060000,-0.477424,0.060574,1.371249,-0.117644,-0.544741,-1.394393,0.704164,14.140600,0
27.080000,-0.486102,0.104123,1.400883,-0.117815,-0.544710,-1.374393,0.746069,14.211900,0
27.100000,-0.470241,0.179940,1.378432,-0.117813,-0.544710,-1.356386,0.805806,13.953600,0
27.120000,-0.480587,0.143890,1.247766,-0.117809,-0.544709,-1.338398,0.778316,14.736900,0
27.140000,-0.491641,0.072457,1.160770,-0.117806,-0.544709,-1.320396,0.721558,14.425400,0
27.160000,-0.491967,0.084673,1.373754,-0.117801,-0.544708,-1.302384,0.732203,14.417300,0
27.180000,-0.513771,-0.011666,1.389551,-0.117797,-0.544708,-1.284367,0.664025,13.962300,0
27.200000,-0.498897,0.060832,1.174509,-0.117793,-0.544707,-1.266348,0.715485,14.086200,0
27.220000,-0.482835,0.116479,1.146740,-0.117789,-0.544706,-1.248328,0.755264,15.371000,0
27.240000,-0.512441,0.031949,1.327246,-0.117785,-0.544705,-1.230309,0.698773,16.320900,0
27.260000,-0.468726,0.196300,1.164692,-0.117781,-0.544704,-1.212291,0.819908,16.551500,0
27.280000,-0.481732,0.078756,1.198756,-0.117777,-0.544703,-1.194274,0.721917,13.893100,0
27.300000,-0.469394,0.125949,0.996352,-0.117773,-0.544702,-1.176259,0.757239,13.900300,0
27.320000,-0.473356,0.037351,1.034572,-0.117770,-0.544701,-1.158247,0.682075,14.361000,0
27.340000,-0.487515,0.131842,0.958642,-0.117767,-0.544700,-1.140236,0.770988,14.224800,0
27.360000,-0.451718,0.132863,1.025656,-0.117764,-0.544699,-1.122227,0.755391,14.700200,0
27.380000,-0.465248,0.081500,1.056693,-0.117761,-0.544698,-1.104220,0.716150,14.563100,0
27.400000,-0.464418,0.147909,0.963269,-0.117758,-0.544697,-1.086214,0.774516,14.880600,0
27.420000,-0.485000,0.119168,1.119671,-0.117755,-0.544696,-1.068210,0.758672,14.827200,0
27.440000,-0.500511,0.110582,1.195516,-0.117753,-0.544695,-1.050207,0.758876,14.915400,0
27.460000,-0.520723,0.001544,1.011228,-0.117750,-0.544694,-1.032205,0.678795,14.918100,0
27.480000,-0.478753,0.091754,0.966873,-0.117748,-0.544693,-1.014205,0.731703,15.351000,0
27.500000,-0.446866,0.195545,0.757746,-0.117745,-0.544692,-0.996205,0.810106,14.897100,0
27.520000,-0.467910,0.112850,0.821645,-0.117743,-0.544691,-0.978207,0.744968,15.376500,0
27.540000,-0.485426,0.089899,1.091997,-0.117741,-0.544690,-0.960209,0.733413,15.637200,0
27.560000,-0.525467,0.021908,1.064074,-0.117739,-0.544689,-0.942212,0.698051,15.179400,0
27.580000,-0.526679,0.045763,0.963330,-0.117736,-0.544688,-0.924216,0.718239,14.651400,0
27.600000,-0.487952,0.118114,0.920085,-0.117734,-0.544687,-0.906221,0.759188,14.761200,0
27.620000,-0.512989,0.059149,0.995401,-0.117732,-0.544686,-0.888226,0.721695,15.037300,0
27.640000,-0.477232,0.128080,0.815992,-0.117730,-0.544685,-0.870232,0.762794,14.765700,0
27.660000,-0.534013,0.043531,1.107610,-0.117728,-0.544684,-0.852238,0.720618,15.767900,0
27.680000,-0.508800,0.019953,0.742583,-0.117726,-0.544683,-0.834245,0.686842,14.543100,0
27.700000,-0.440863,0.111197,0.793695,-0.117724,-0.544682,-0.816252,0.731161,14.937400,0
27.720000,-0.503679,0.087093,0.742216,-0.117722,-0.544681,-0.798260,0.740338,15.375600,0
27.740000,-0.486720,0.088616,0.694138,-0.117720,-0.544680,-0.780268,0.732956,15.055600,0
27.760000,-0.536180,0.060331,0.861151,-0.117718,-0.544680,-0.762276,0.735628,14.847300,0
27.780000,-0.492523,0.110635,0.752088,-0.119653,-0.542653,-0.759999,0.752209,14.376300,0
27.800000,-0.465978,0.140996,0.730425,-0.121722,-0.540475,-0.760006,0.763488,14.181500,0
27.820000,-0.522603,0.075863,0.804241,-0.123791,-0.538298,-0.760015,0.732287,14.907800,0
27.840000,-0.507551,0.082432,0.641447,-0.125860,-0.536122,-0.760024,0.726841,14.285100,0
27.860000,-0.501160,0.070452,0.829135,-0.127929,-0.533946,-0.760030,0.710351,14.658800,0
27.880000,-0.479735,0.116024,0.809764,-0.129997,-0.531770,-0.760035,0.736175,14.950200,0
27.900000,-0.481541,0.114827,0.794115,-0.132065,-0.529595,-0.760039,0.733085,15.769400,0
27.920000,-0.480794,0.115196,0.643384,-0.134133,-0.527420,-0.760041,0.730156,15.938700,0
27.940000,-0.465420,0.113280,0.780266,-0.136201,-0.525245,-0.760043,0.718400,15.675500,0
27.960000,-0.482857,0.100632,0.821601,-0.138269,-0.523070,-0.760045,0.712562,13.835400,0
27.980000,-0.494710,0.050214,0.834894,-0.140336,-0.520896,-0.760046,0.672121,13.478800,0
28.000000,-0.517368,0.061060,0.660355,-0.142403,-0.518721,-0.760047,0.690467,15.106700,0
28.020000,-0.445286,0.141170,0.643401,-0.144471,-0.516546,-0.760047,0.723242,14.771900,0
28.040000,-0.462875,0.077052,0.781774,-0.146538,-0.514372,-0.760048,0.670709,14.967100,0
28.060000,-0.440018,0.140663,0.643009,-0.148605,-0.512197,-0.760048,0.714946,15.028600,0
28.080000,-0.524783,0.082088,0.827895,-0.150672,-0.510023,-0.760049,0.700395,15.163200,0
28.100000,-0.485138,0.097320,0.874581,-0.152739,-0.507849,-0.760049,0.690448,15.259000,0
28.120000,-0.446068,0.173798,0.883081,-0.154806,-0.505674,-0.760049,0.739267,15.060600,0
28.140000,-0.470259,0.116181,0.839240,-0.156873,-0.503500,-0.760049,0.694417,14.870600,0
28.160000,-0.399301,0.181684,0.685862,-0.158940,-0.501325,-0.760049,0.724068,15.699000,0
28.180000,-0.477531,0.123084,0.831266,-0.159176,-0.501076,-0.742412,0.700661,15.317800,0
28.200000,-0.452792,0.119849,0.662682,-0.159186,-0.501062,-0.724181,0.686830,15.517800,0
28.220000,-0.436167,0.171952,0.580554,-0.159183,-0.501064,-0.706193,0.727785,14.872700,0
28.240000,-0.443849,0.134458,0.590296,-0.159181,-0.501066,-0.688203,0.696367,15.043100,0
28.260000,-0.464161,0.100106,0.706815,-0.159178,-0.501067,-0.670210,0.674110,15.112900,0
28.280000,-0.479560,0.132239,0.617149,-0.159175,-0.501067,-0.652215,0.709735,15.067500,0
28.300000,-0.544078,0.083252,0.722197,-0.159172,-0.501068,-0.634219,0.699702,15.093200,0
28.320000,-0.441083,0.146429,0.679864,-0.159170,-0.501068,-0.616223,0.706206,15.452900,0
28.340000,-0.476919,0.106415,0.703000,-0.159167,-0.501068,-0.598228,0.685567,14.355000,0
28.360000,-0.422754,0.151472,0.606460,-0.159165,-0.501068,-0.580233,0.703767,15.529800,0
28.380000,-0.459647,0.133509,0.564998,-0.159162,-0.501068,-0.562238,0.702125,15.700000,0
28.400000,-0.461694,0.137649,0.672349,-0.159160,-0.501067,-0.544245,0.706743,16.597800,0
28.420000,-0.494410,0.122506,0.636248,-0.159158,-0.501067,-0.526252,0.707981,18.563400,0
28.440000,-0.378565,0.163823,0.482744,-0.159155,-0.501067,-0.508261,0.700157,17.248200,0
28.460000,-0.429282,0.179249,0.378821,-0.159153,-0.501066,-0.490270,0.731982,17.410700,0
28.480000,-0.424430,0.165315,0.374561,-0.160565,-0.498918,-0.490200,0.714724,17.542900,0
28.500000,-0.474435,0.140780,0.375213,-0.161979,-0.496269,-0.490207,0.709549,18.519300,0
28.520000,-0.385554,0.161072,0.433761,-0.163394,-0.493619,-0.490217,0.691357,18.703300,0
28.540000,-0.431414,0.163483,0.369841,-0.164808,-0.490970,-0.490224,0.706674,18.931400,0
28.560000,-0.477229,0.141813,0.570236,-0.166222,-0.488322,-0.490230,0.702706,18.936900,0
28.580000,-0.539801,0.060776,0.554607,-0.167636,-0.485674,-0.490234,0.661147,16.609100,0
28.600000,-0.415532,0.130972,0.492772,-0.169050,-0.483026,-0.490237,0.661624,14.618500,0
28.620000,-0.401128,0.186146,0.305190,-0.170463,-0.480378,-0.490238,0.705309,14.742000,0
28.640000,-0.390773,0.135245,0.540619,-0.171876,-0.477731,-0.490239,0.650888,15.687300,0
28.660000,-0.451273,0.136781,0.576749,-0.171884,-0.477310,-0.472503,0.674660,15.291700,0
28.680000,-0.446323,0.153058,0.373899,-0.171890,-0.477296,-0.454301,0.687502,15.547400,0
28.700000,-0.511284,0.074182,0.441929,-0.171887,-0.477299,-0.436314,0.647550,15.127100,0
28.720000,-0.445042,0.126848,0.537611,-0.171885,-0.477301,-0.418325,0.663031,14.792400,0
28.740000,-0.471657,0.125556,0.543475,-0.171883,-0.477303,-0.400335,0.673278,15.059200,0
28.760000,-0.448484,0.126052,0.367762,-0.171881,-0.477304,-0.382343,0.663738,15.186800,0
28.780000,-0.464970,0.148654,0.403030,-0.171879,-0.477305,-0.364351,0.691178,15.154500,0
28.800000,-0.434848,0.158594,0.438839,-0.171877,-0.477305,-0.346360,0.688129,15.061000,0
28.820000,-0.341735,0.215963,0.195913,-0.171875,-0.477306,-0.328368,0.713775,15.487400,0
28.840000,-0.415145,0.160265,0.249478,-0.171873,-0.477306,-0.310378,0.682406,14.477800,0
28.860000,-0.406019,0.156599,0.130623,-0.171871,-0.477306,-0.292388,0.675767,15.754100,0
28.880000,-0.496934,0.145570,0.334052,-0.171869,-0.477306,-0.274399,0.702596,17.133900,0
28.900000,-0.413493,0.169377,0.231885,-0.171867,-0.477307,-0.256410,0.690350,17.607400,0
28.920000,-0.478221,0.162617,0.110394,-0.171865,-0.477307,-0.238422,0.709476,15.147800,0
28.940000,-0.215283,0.119033,0.346994,-0.171863,-0.477306,-0.220435,0.597918,14.535500,0
28.960000,-0.276774,0.099632,0.138031,-0.171861,-0.477306,-0.202449,0.586399,14.011200,0
28.980000,-0.401681,0.137707,0.110224,-0.171859,-0.477306,-0.184463,0.656551,14.564400,0
29.000000,-0.445899,0.180364,0.110835,-0.171857,-0.477306,-0.166477,0.712481,14.995000,0
29.020000,-0.484762,0.164582,0.156935,-0.172266,-0.475000,-0.158996,0.711842,14.981200,0
29.040000,-0.203695,0.177617,0.306337,-0.172740,-0.472035,-0.158999,0.650389,16.630400,0
29.060000,-0.471850,0.152663,0.212227,-0.173215,-0.469068,-0.159011,0.689733,16.883500,0
29.080000,-0.413286,0.157830,0.259038,-0.173689,-0.466103,-0.159020,0.668355,16.461200,0
29.100000,-0.459803,0.166029,0.271946,-0.174164,-0.463139,-0.159027,0.690972,16.710800,0
29.120000,-0.540326,0.114573,0.125418,-0.174640,-0.460175,-0.159031,0.681221,15.121100,0
29.140000,-0.391758,0.169172,0.109406,-0.175115,-0.457211,-0.159034,0.662789,13.672800,0
29.160000,-0.427932,0.151484,0.133659,-0.175590,-0.454247,-0.159036,0.656191,13.882700,0
29.180000,-0.421631,0.160283,-0.019443,-0.176066,-0.451284,-0.159037,0.659027,14.652700,0
29.200000,-0.442832,0.161235,0.184442,-0.176541,-0.448321,-0.159038,0.665184,15.279500,0
29.220000,-0.521945,0.138575,0.087381,-0.177016,-0.445359,-0.159039,0.678200,16.100000,0
29.240000,-0.443297,0.165745,0.176495,-0.177492,-0.442396,-0.159040,0.663692,15.086100,0
29.260000,-0.368500,0.163224,0.201172,-0.177967,-0.439433,-0.159041,0.632058,14.451000,0
29.280000,-0.424668,0.164371,0.233627,-0.178442,-0.436471,-0.159041,0.649337,16.231600,0
29.300000,-0.397963,0.157343,0.242635,-0.178917,-0.433509,-0.159042,0.630148,14.039200,0
29.320000,-0.394818,0.153686,0.188132,-0.179393,-0.430546,-0.159043,0.622683,14.419600,0
29.340000,-0.396927,0.167925,0.197726,-0.179868,-0.427584,-0.159043,0.633834,15.131600,0
29.360000,-0.418646,0.160672,0.131554,-0.179938,-0.426889,-0.146440,0.634200,14.827600,0
29.380000,-0.330709,0.167377,0.129246,-0.179910,-0.426717,-0.126441,0.612934,15.076200,0
29.400000,-0.428483,0.172053,0.125143,-0.179909,-0.426720,-0.108439,0.648319,14.885000,0
29.420000,-0.400656,0.175698,-0.033982,-0.179907,-0.426722,-0.090450,0.641591,15.176700,0
29.440000,-0.378629,0.181492,-0.074052,-0.179906,-0.426725,-0.072461,0.639858,15.594400,0
29.460000,-0.524459,0.166118,-0.059969,-0.179904,-0.426727,-0.054471,0.685699,15.111700,0
29.480000,-0.408427,0.182213,-0.075621,-0.179903,-0.426728,-0.036482,0.650409,15.073200,0
29.500000,-0.278644,0.157015,-0.095549,-0.179901,-0.426729,-0.018492,0.592036,15.968400,0
29.520000,-0.371306,0.159480,0.086288,-0.179900,-0.426730,-0.000504,0.616667,15.416100,0
29.540000,-0.310144,0.192936,-0.131945,-0.179899,-0.426731,0.017484,0.633207,15.869100,0
29.560000,-0.390902,0.168861,-0.132243,-0.179898,-0.426732,0.035471,0.631865,15.925000,0
29.580000,-0.374407,0.157737,0.038671,-0.179813,-0.424575,0.044975,0.613966,15.084000,0
29.600000,-0.349024,0.170953,-0.156141,-0.179676,-0.421575,0.044972,0.616254,15.670800,0
29.620000,-0.295122,0.177563,0.021087,-0.179539,-0.418575,0.044968,0.607239,16.313300,0
29.640000,-0.429295,0.181241,-0.216180,-0.179403,-0.415575,0.044961,0.647020,15.768600,0
29.660000,-0.305871,0.168725,-0.162321,-0.179267,-0.412576,0.044956,0.594928,14.077200,0
29.680000,-0.393883,0.186736,-0.112111,-0.179132,-0.409578,0.044951,0.633805,14.423900,0
29.700000,-0.358993,0.165659,-0.042755,-0.178996,-0.406579,0.044948,0.599880,13.463800,0
29.720000,-0.354060,0.157034,-0.063762,-0.178861,-0.403581,0.044945,0.587353,14.440100,0
29.740000,-0.385922,0.177188,-0.218033,-0.178726,-0.400583,0.044942,0.613799,14.433100,0
29.760000,-0.355141,0.184954,-0.159701,-0.178592,-0.397586,0.044940,0.608706,13.852900,0
29.780000,-0.334652,0.169542,-0.070876,-0.178457,-0.394588,0.044939,0.585354,14.746500,0
29.800000,-0.313720,0.176655,-0.004302,-0.178322,-0.391591,0.044938,0.584154,15.224800,0
29.820000,-0.345634,0.185236,-0.143780,-0.178187,-0.388593,0.044937,0.597761,14.865200,0
29.840000,-0.332537,0.182345,0.001864,-0.178052,-0.385596,0.044936,0.588577,14.609700,0
29.860000,-0.316618,0.170009,-0.069554,-0.177917,-0.382599,0.044936,0.569749,14.536900,0
29.880000,-0.303732,0.161209,-0.030514,-0.177783,-0.379602,0.044936,0.555284,14.686400,0
29.900000,-0.257840,0.171544,-0.157544,-0.177648,-0.376605,0.044936,0.553984,14.660000,0
29.920000,-0.325197,0.159692,-0.175715,-0.177513,-0.373608,0.044935,0.553371,15.400500,0
29.940000,-0.375180,0.169840,-0.131842,-0.177379,-0.370610,0.044935,0.575510,14.319300,0
29.960000,-0.235506,0.144759,-0.173785,-0.177244,-0.367613,0.044935,0.515674,14.498500,0
29.980000,-0.301494,0.167340,-0.206429,-0.177109,-0.364616,0.044935,0.546305,15.001900,0
30.000000,-0.311068,0.158163,0.080519,-0.176974,-0.361619,0.044935,0.536800,15.517600,0
30.020000,-0.274435,0.184799,-0.164365,-0.176840,-0.358622,0.044935,0.552115,14.578000,0
30.040000,-0.319858,0.162619,-0.089118,-0.176705,-0.355625,0.044935,0.537652,15.192600,0
30.060000,-0.331711,0.186376,-0.089102,-0.176570,-0.352628,0.044935,0.560887,15.139600,0
30.080000,-0.316568,0.182379,0.067116,-0.176435,-0.349631,0.044935,0.550157,16.064300,0
30.100000,-0.247506,0.182637,-0.149140,-0.176301,-0.346634,0.044935,0.534040,15.432700,0
30.120000,-0.292174,0.165567,-0.156377,-0.176166,-0.343637,0.044935,0.522251,16.039200,0
30.140000,-0.214936,0.171062,-0.015934,-0.176031,-0.340640,0.044935,0.513179,15.749500,0
30.160000,-0.309015,0.177372,-0.024622,-0.175896,-0.337643,0.044935,0.531940,15.456700,0
30.180000,-0.316471,0.170562,-0.077114,-0.175762,-0.334646,0.044935,0.524437,15.516500,0
30.200000,-0.200213,0.168189,-0.084738,-0.175627,-0.331649,0.044935,0.500443,14.991800,0
30.220000,-0.299368,0.165673,-0.146163,-0.175492,-0.328652,0.044935,0.509610,15.464600,0
30.240000,-0.320374,0.171464,0.011013,-0.175357,-0.325656,0.044935,0.517840,15.442600,0
30.260000,-0.359371,0.171908,-0.229934,-0.175223,-0.322659,0.044935,0.527738,15.515400,0
30.280000,-0.237292,0.180370,-0.180329,-0.175088,-0.319662,0.044935,0.503886,15.569200,0
30.300000,-0.290257,0.188454,-0.169075,-0.174953,-0.316665,0.044935,0.518112,15.551300,0
30.320000,-0.257915,0.150139,-0.011838,-0.174818,-0.313668,0.044935,0.471193,14.756700,0
30.340000,-0.244972,0.168958,-0.110073,-0.174684,-0.310671,0.044935,0.484752,14.921900,0
30.360000,-0.314154,0.158658,-0.085113,-0.174549,-0.307674,0.044935,0.486780,15.456000,0
30.380000,-0.358274,0.176997,-0.081679,-0.174414,-0.304677,0.044935,0.515572,15.421700,0
30.400000,-0.243926,0.169525,-0.112924,-0.174279,-0.301680,0.044935,0.476324,15.669500,0
30.420000,-0.349876,0.175981,-0.138641,-0.174145,-0.298683,0.044935,0.506149,15.600400,0
30.440000,-0.215302,0.169742,-0.123048,-0.174010,-0.295686,0.044935,0.467256,15.290200,0
30.460000,-0.281901,0.158844,-0.044244,-0.173875,-0.292689,0.044935,0.464275,15.402200,0
30.480000,-0.260316,0.177776,-0.274000,-0.173740,-0.289692,0.044935,0.475417,15.504500,0
30.500000,-0.245787,0.188337,-0.016315,-0.173606,-0.286695,0.044935,0.480484,15.291700,0
30.520000,-0.289031,0.176007,-0.053787,-0.173471,-0.283698,0.044935,0.474008,14.771200,0
30.540000,-0.193786,0.172070,0.032917,-0.173336,-0.280701,0.044935,0.453232,15.024900,0
30.560000,-0.232261,0.167328,-0.027326,-0.173201,-0.277704,0.044935,0.448934,15.969600,0
30.580000,-0.242621,0.158306,-0.001607,-0.173067,-0.274707,0.044935,0.438564,15.335700,0
30.600000,-0.281256,0.155514,0.009861,-0.172932,-0.271710,0.044935,0.440743,15.716100,0
30.620000,-0.212059,0.172290,0.015305,-0.172797,-0.268713,0.044935,0.442747,15.973800,0
30.640000,-0.256942,0.173557,-0.076546,-0.172662,-0.265716,0.044935,0.447285,14.940900,0
30.660000,-0.208243,0.164237,-0.004472,-0.172527,-0.262719,0.044935,0.428447,15.489600,0
30.680000,-0.198090,0.160588,-0.119579,-0.172393,-0.259722,0.044935,0.421094,15.876700,0
30.700000,-0.259444,0.171279,-0.101055,-0.172258,-0.256725,0.044935,0.436793,15.182400,0
30.720000,-0.278904,0.163176,0.106482,-0.172123,-0.253728,0.044935,0.430362,15.949100,0
30.740000,-0.322521,0.157635,-0.039321,-0.171988,-0.250731,0.044935,0.435228,15.313200,0
30.760000,-0.155144,0.171607,0.070867,-0.171854,-0.247734,0.044935,0.419674,15.372300,0
30.780000,-0.158846,0.163503,-0.051681,-0.171719,-0.244737,0.044935,0.408443,15.888300,0
30.800000,-0.192045,0.167257,-0.142547,-0.171584,-0.241740,0.044935,0.409508,15.429200,0
30.820000,-0.114345,0.169892,-0.208650,-0.171449,-0.238743,0.044935,0.412606,15.165100,0
30.840000,-0.164805,0.164623,0.024419,-0.171315,-0.235746,0.044935,0.400422,14.389900,0
30.860000,-0.198025,0.155215,-0.037664,-0.171180,-0.232749,0.044935,0.388892,13.921000,0
30.880000,-0.163712,0.163785,-0.100622,-0.171045,-0.229752,0.044935,0.393605,16.284100,0
30.900000,-0.226771,0.155993,-0.076773,-0.170910,-0.226755,0.044935,0.386803,15.871900,0
30.920000,-0.167018,0.159362,-0.237889,-0.170776,-0.223758,0.044935,0.383139,14.015600,0
30.940000,-0.216624,0.183805,-0.105553,-0.170641,-0.220761,0.044935,0.407170,13.780600,0
30.960000,-0.154315,0.165004,-0.073395,-0.170506,-0.217765,0.044935,0.383111,13.433700,0
30.980000,-0.148012,0.167025,-0.099066,-0.170371,-0.214768,0.044935,0.382447,14.485200,0
31.000000,-0.165827,0.155893,-0.111788,-0.170237,-0.211771,0.044935,0.367690,14.356600,0
31.020000,-0.262326,0.154265,-0.045650,-0.170102,-0.208774,0.044935,0.374570,14.339900,0
31.040000,-0.139648,0.158219,-0.208573,-0.169967,-0.205777,0.044935,0.365256,15.346000,0
31.060000,-0.089703,0.151256,0.029835,-0.169832,-0.202780,0.044935,0.362990,16.003200,0
31.080000,-0.232911,0.156850,0.013126,-0.169698,-0.199783,0.044935,0.362192,15.683500,0
31.100000,-0.126002,0.169638,0.076487,-0.169563,-0.196786,0.044935,0.369004,17.349000,0
31.120000,-0.140363,0.166250,-0.074341,-0.169428,-0.193789,0.044935,0.361210,16.333900,0
31.140000,-0.210498,0.165711,0.239644,-0.169293,-0.190792,0.044935,0.358876,16.825900,0
31.160000,-0.151410,0.168966,-0.119357,-0.169158,-0.187795,0.044935,0.357202,16.622800,0
31.180000,-0.262654,0.157584,-0.029513,-0.169024,-0.184798,0.044935,0.354953,16.588700,0
31.200000,-0.166367,0.149475,0.010026,-0.168889,-0.181801,0.044935,0.331286,16.731300,0
31.220000,-0.184920,0.154565,-0.135215,-0.168754,-0.178804,0.044935,0.333760,15.716000,0
31.240000,-0.119484,0.143689,-0.048616,-0.168619,-0.175807,0.044935,0.323253,14.647300,0
31.260000,-0.095502,0.146685,-0.080921,-0.168485,-0.172810,0.044935,0.327724,16.788200,0
31.280000,-0.102343,0.160672,0.037062,-0.168350,-0.169813,0.044935,0.337012,17.260900,0
31.300000,-0.128427,0.171164,-0.033166,-0.168215,-0.166816,0.044935,0.340314,16.970200,0
31.320000,-0.084139,0.143170,0.044922,-0.168080,-0.163819,0.044935,0.318258,16.562500,0
31.340000,-0.140069,0.155643,-0.022282,-0.167946,-0.160822,0.044935,0.317690,16.938800,0
31.360000,-0.160545,0.155983,-0.062509,-0.167811,-0.157825,0.044935,0.313892,17.384800,0
31.380000,-0.095936,0.163443,-0.185606,-0.167676,-0.154828,0.044935,0.326256,14.304100,0
31.400000,-0.104120,0.139306,0.006174,-0.167541,-0.151831,0.044935,0.297965,14.204300,0
31.420000,-0.025490,0.165856,-0.151494,-0.167407,-0.148834,0.044935,0.345210,14.427400,0
31.440000,-0.115995,0.151468,-0.141406,-0.167272,-0.145837,0.044935,0.301695,14.303200,0
31.460000,-0.180619,0.170063,-0.066914,-0.167137,-0.142840,0.044935,0.313194,14.467900,0
31.480000,-0.045119,0.149211,-0.020931,-0.167002,-0.139843,0.044935,0.313700,14.315200,0
31.500000,-0.043081,0.150046,-0.169130,-0.166868,-0.136846,0.044935,0.312458,14.984100,0
31.520000,-0.100354,0.151302,-0.133324,-0.166733,-0.133849,0.044935,0.292775,15.175400,0
31.540000,-0.039121,0.154024,-0.060186,-0.166598,-0.130852,0.044935,0.312097,14.760500,0
31.560000,-0.146203,0.168140,-0.103402,-0.166463,-0.127855,0.044935,0.296688,15.021200,0
31.580000,-0.085956,0.157891,0.087210,-0.166329,-0.124858,0.044935,0.293950,14.568800,0
31.600000,-0.123494,0.150884,-0.012585,-0.166194,-0.121861,0.044935,0.276067,16.203900,0
31.620000,-0.081864,0.148906,-0.141583,-0.166059,-0.118864,0.044935,0.280695,16.088300,0
31.640000,-0.000712,0.135934,-0.142734,-0.165924,-0.115867,0.044935,0.301162,17.436500,0
31.660000,-0.091147,0.142686,0.161045,-0.165789,-0.112871,0.044935,0.266234,17.269200,0
31.680000,-0.026276,0.159358,-0.110002,-0.165655,-0.109874,0.044935,0.303170,16.542600,0
31.700000,-0.076840,0.155935,0.040572,-0.165520,-0.106877,0.044935,0.277371,16.551500,0
31.720000,-0.108453,0.158620,-0.074573,-0.165385,-0.103880,0.044935,0.268603,17.104600,0
31.740000,0.027011,0.136931,-0.137127,-0.165250,-0.100883,0.044935,0.305811,17.507000,0
31.760000,-0.065313,0.156429,-0.184489,-0.165116,-0.097886,0.044935,0.273198,16.607100,0
31.780000,-0.053401,0.156588,-0.207311,-0.164981,-0.094889,0.044935,0.275119,15.674900,0
31.800000,-0.017025,0.144307,-0.069673,-0.164846,-0.091892,0.044935,0.278642,14.009500,0
31.820000,-0.055992,0.152384,-0.236253,-0.164814,-0.091006,0.054966,0.266610,15.571200,0
31.840000,-0.015728,0.141443,-0.134721,-0.164804,-0.090833,0.074963,0.275999,16.073500,0
31.860000,-0.076599,0.160178,-0.022470,-0.164804,-0.090824,0.093088,0.266049,15.927700,0
31.880000,-0.126091,0.163548,-0.126240,-0.164803,-0.090828,0.111077,0.257305,16.641700,0
31.900000,0.001111,0.149825,-0.113396,-0.164802,-0.090832,0.129084,0.292306,16.030400,0
31.920000,-0.035038,0.158924,-0.035561,-0.164801,-0.090838,0.147117,0.281459,17.741500,0
31.940000,-0.072821,0.146934,-0.177791,-0.164800,-0.090845,0.165160,0.254949,16.775200,0
31.960000,0.008179,0.143043,-0.191850,-0.164799,-0.090851,0.183207,0.290909,16.824900,0
31.980000,-0.012276,0.149230,-0.229035,-0.164798,-0.090858,0.201254,0.284438,16.147900,0
32.000000,-0.089510,0.159852,-0.187797,-0.164797,-0.090864,0.219298,0.261776,16.603700,0
32.020000,-0.004295,0.150493,-0.294928,-0.164246,-0.088516,0.226016,0.287593,14.188700,0
32.040000,-0.005667,0.143200,-0.343350,-0.163571,-0.085589,0.226016,0.277989,13.712100,0
32.060000,-0.092107,0.167125,-0.465962,-0.162897,-0.082663,0.226013,0.259625,14.306100,0
32.080000,-0.062870,0.161024,-0.145116,-0.162223,-0.079737,0.226008,0.260455,14.362000,0
32.100000,-0.043170,0.159310,-0.107715,-0.161550,-0.076811,0.226004,0.264134,14.660800,0
32.120000,-0.064466,0.156188,-0.250639,-0.160877,-0.073886,0.226001,0.249458,14.867900,0
32.140000,-0.002955,0.136421,-0.231136,-0.160204,-0.070961,0.225998,0.260259,15.278000,0
32.160000,-0.086082,0.154815,-0.290803,-0.159532,-0.068036,0.225995,0.234643,14.514500,0
32.180000,0.029120,0.146735,-0.262287,-0.158860,-0.065112,0.225993,0.283223,15.186000,0
32.200000,-0.046542,0.156882,-0.173331,-0.158187,-0.062187,0.225991,0.245878,14.863500,0
32.220000,0.011498,0.142013,-0.282589,-0.157515,-0.059263,0.225990,0.262826,14.572300,0
32.240000,-0.002200,0.132410,-0.394525,-0.156843,-0.056339,0.225989,0.244010,15.519700,0
32.260000,-0.032154,0.152178,-0.116448,-0.156171,-0.053415,0.225988,0.240102,15.866000,0
32.280000,-0.063838,0.151869,-0.236186,-0.155498,-0.050491,0.225988,0.222152,16.067200,0
32.300000,0.041629,0.146430,-0.159812,-0.154826,-0.047567,0.225988,0.276097,15.985000,0
32.320000,0.007880,0.145744,-0.341711,-0.154154,-0.044643,0.225987,0.250005,16.878600,0
32.340000,-0.031633,0.164859,-0.120311,-0.153482,-0.041719,0.225987,0.239837,16.195900,0
32.360000,0.035756,0.146257,-0.187481,-0.152810,-0.038795,0.225987,0.264200,16.760900,0
32.380000,0.031952,0.143289,-0.258291,-0.152138,-0.035872,0.225987,0.256880,16.228000,0
32.400000,0.021602,0.145229,-0.134096,-0.151465,-0.032948,0.225987,0.248393,16.226800,0
32.420000,-0.043653,0.131815,-0.157615,-0.151367,-0.032292,0.239012,0.196299,17.263700,0
32.440000,0.057465,0.121041,-0.304268,-0.151329,-0.032139,0.258823,0.258958,16.470100,0
32.460000,0.017187,0.146450,-0.257102,-0.151329,-0.032142,0.276825,0.245545,16.755300,0
32.480000,-0.101783,0.161018,-0.304033,-0.151329,-0.032146,0.294821,0.199418,16.696900,0
32.500000,0.064220,0.129166,-0.339629,-0.151328,-0.032150,0.312827,0.269228,17.327000,0
32.520000,-0.007574,0.145135,-0.478118,-0.151328,-0.032154,0.330838,0.228247,15.253600,0
32.540000,0.046671,0.140907,-0.315309,-0.151327,-0.032158,0.348853,0.262973,14.881300,0
32.560000,0.007383,0.153431,-0.420634,-0.151326,-0.032162,0.366869,0.244199,14.827000,0
32.580000,-0.039912,0.169300,-0.434413,-0.151326,-0.032166,0.384885,0.230221,14.573700,0
32.600000,0.077855,0.112210,-0.281928,-0.151325,-0.032170,0.402901,0.270867,14.914700,0
32.620000,0.030517,0.151459,-0.403753,-0.151324,-0.032174,0.420915,0.258432,15.018600,0
32.640000,0.034493,0.131738,-0.510811,-0.151323,-0.032177,0.438927,0.247782,14.804100,0
32.660000,0.005629,0.155539,-0.409994,-0.151322,-0.032180,0.456938,0.244687,15.152900,0
32.680000,-0.096895,0.202132,-0.350996,-0.151321,-0.032184,0.474947,0.240554,15.385000,0
32.700000,0.077910,0.136555,-0.378658,-0.150091,-0.029795,0.478516,0.282236,15.092400,0
32.720000,0.000904,0.163333,-0.349085,-0.148707,-0.027129,0.478514,0.242197,15.496200,0
32.740000,-0.028519,0.156356,-0.444233,-0.147324,-0.024463,0.478510,0.216356,15.158900,0
32.760000,0.061269,0.124362,-0.673265,-0.145941,-0.021798,0.478504,0.253572,15.880500,0
32.780000,0.019055,0.142096,-0.609578,-0.144559,-0.019133,0.478499,0.229705,15.480300,0
32.800000,0.039017,0.124613,-0.505122,-0.143177,-0.016468,0.478495,0.230431,15.029900,0
32.820000,0.032167,0.124458,-0.532724,-0.141795,-0.013803,0.478491,0.222214,15.748600,0
32.840000,0.014509,0.151183,-0.581030,-0.140413,-0.011139,0.478488,0.224387,15.595800,0
32.860000,0.034503,0.143852,-0.458740,-0.139032,-0.008475,0.478486,0.230907,14.786800,0
32.880000,0.022385,0.149831,-0.423653,-0.137650,-0.005812,0.478484,0.223239,15.550400,0
32.900000,0.020979,0.127839,-0.498003,-0.136269,-0.003148,0.478483,0.204657,15.473500,0
32.920000,0.061846,0.115619,-0.241736,-0.134888,-0.000484,0.478482,0.228439,15.715600,0
32.940000,0.039685,0.145276,-0.544260,-0.133506,0.002179,0.478481,0.224660,14.934800,0
32.960000,0.125644,0.089907,-0.565133,-0.132125,0.004842,0.478481,0.271442,15.897500,0
32.980000,0.063677,0.135817,-0.603828,-0.130744,0.007506,0.478480,0.232945,15.968100,0
33.000000,0.001889,0.130904,-0.405761,-0.129362,0.010169,0.478480,0.178336,15.639000,0
33.020000,0.086433,0.121179,-0.476630,-0.127981,0.012832,0.478480,0.240234,15.452900,0
33.040000,0.077329,0.123631,-0.543203,-0.126600,0.015496,0.478480,0.230825,15.111900,0
33.060000,0.042073,0.133395,-0.449790,-0.125219,0.018159,0.478479,0.203140,15.718200,0
33.080000,0.009121,0.140100,-0.326251,-0.123837,0.020822,0.478479,0.178621,15.369800,0
33.100000,0.063763,0.119982,-0.597728,-0.122456,0.023485,0.478479,0.209736,14.213000,0
33.120000,0.045254,0.120432,-0.360221,-0.121075,0.026148,0.478479,0.191193,15.652400,0
33.140000,0.096865,0.117332,-0.355372,-0.119693,0.028811,0.478479,0.233952,14.965400,0
33.160000,0.068955,0.124032,-0.375825,-0.118312,0.031475,0.478479,0.208892,15.795100,0
33.180000,0.077234,0.108487,-0.399220,-0.116931,0.034138,0.478479,0.207913,15.306200,0
33.200000,0.040506,0.112928,-0.430941,-0.115550,0.036801,0.478479,0.173634,16.544300,0
33.220000,0.060576,0.103540,-0.485591,-0.114168,0.039464,0.478479,0.186122,15.935400,0
33.240000,0.042514,0.107187,-0.624258,-0.112787,0.042127,0.478479,0.168378,17.068900,0
33.260000,0.051671,0.123490,-0.564645,-0.111406,0.044790,0.478479,0.181074,16.536600,0
33.280000,0.075925,0.101896,-0.588463,-0.110024,0.047453,0.478479,0.193755,15.639300,0
33.300000,0.093457,0.099213,-0.455608,-0.108643,0.050116,0.478479,0.207978,16.004300,0
33.320000,0.052241,0.127042,-0.416439,-0.107262,0.052779,0.478479,0.175944,16.357900,0
33.340000,0.145024,0.074893,-0.494824,-0.105881,0.055442,0.478479,0.251658,16.615400,0
33.360000,0.102452,0.106750,-0.366101,-0.104499,0.058106,0.478479,0.212591,16.335000,0
33.380000,0.056906,0.110945,-0.516676,-0.103118,0.060769,0.478479,0.167706,16.652000,0
33.400000,0.156346,0.065248,-0.464757,-0.101737,0.063432,0.478479,0.258089,17.298000,0
33.420000,0.126958,0.100630,-0.510417,-0.100355,0.066095,0.478479,0.229922,16.958100,0
33.440000,0.109473,0.081966,-0.540173,-0.098974,0.068758,0.478479,0.208865,16.712400,0
33.460000,0.151625,0.066011,-0.431487,-0.097593,0.071421,0.478479,0.249277,16.543100,0
33.480000,0.114212,0.089094,-0.437890,-0.096212,0.074084,0.478479,0.210958,17.461100,0
33.500000,0.086391,0.099992,-0.362362,-0.094830,0.076747,0.478479,0.182706,16.511800,0
33.520000,0.111592,0.074055,-0.653272,-0.093449,0.079410,0.478479,0.205111,16.041800,0
33.540000,0.080979,0.107029,-0.382002,-0.092068,0.082073,0.478479,0.174838,14.549100,0
33.560000,0.163366,0.070355,-0.457142,-0.090686,0.084736,0.478479,0.254459,14.448300,0
33.580000,0.107528,0.094818,-0.423973,-0.089305,0.087400,0.478479,0.196972,14.392300,0
33.600000,0.122755,0.084229,-0.358916,-0.087924,0.090063,0.478479,0.210760,14.593100,0
33.620000,0.089732,0.097426,-0.470849,-0.086543,0.092726,0.478479,0.176337,14.230300,0
33.640000,0.093885,0.093807,-0.431084,-0.085161,0.095389,0.478479,0.179053,14.156800,0
33.660000,0.113442,0.082737,-0.528851,-0.083780,0.098052,0.478479,0.197816,14.467100,0
33.680000,0.096058,0.107346,-0.562112,-0.082399,0.100715,0.478479,0.178581,15.333400,0
33.700000,0.180534,0.046537,-0.628844,-0.081017,0.103378,0.478479,0.267656,15.588900,0
33.720000,0.157404,0.077080,-0.568601,-0.079636,0.106041,0.478479,0.238803,15.553800,0
33.740000,0.111133,0.081990,-0.429067,-0.079619,0.106463,0.461008,0.192315,15.342300,0
33.760000,0.051198,0.105526,-0.250401,-0.079616,0.106472,0.442873,0.130817,15.715800,0
33.780000,0.162286,0.063642,-0.532720,-0.079618,0.106469,0.424884,0.245666,15.661700,0
33.800000,0.099249,0.100106,-0.512071,-0.079620,0.106467,0.406893,0.178982,15.793300,0
33.820000,0.157514,0.061451,-0.481983,-0.079623,0.106465,0.388900,0.241371,15.426800,0
33.840000,0.150839,0.074421,-0.315248,-0.079626,0.106464,0.370906,0.232682,14.016300,0
33.860000,0.120070,0.093016,-0.384439,-0.079628,0.106463,0.352913,0.200151,14.537800,0
33.880000,0.114883,0.063885,-0.374905,-0.078615,0.108694,0.351931,0.198619,14.132100,0
33.900000,0.094423,0.083406,-0.157994,-0.077580,0.111513,0.351932,0.174285,13.565800,0
33.920000,0.224055,0.056308,-0.427800,-0.076545,0.114332,0.351938,0.306149,14.243100,0
33.940000,0.163264,0.070223,-0.535951,-0.075509,0.117150,0.351942,0.243340,13.523700,0
33.960000,0.185620,0.053114,-0.417039,-0.074474,0.119968,0.351945,0.268548,14.528200,0
33.980000,0.136722,0.073621,-0.411744,-0.073440,0.122785,0.351947,0.215836,13.860000,0
34.000000,0.141207,0.077627,-0.276862,-0.072405,0.125602,0.351949,0.218933,15.309500,0
34.020000,0.191580,0.067718,-0.293441,-0.071370,0.128419,0.351950,0.269865,14.645400,0
34.040000,0.121911,0.077230,-0.265041,-0.070336,0.131236,0.351951,0.199689,14.415700,0
34.060000,0.221796,0.051373,-0.323857,-0.069301,0.134052,0.351952,0.302611,14.841900,0
34.080000,0.251189,0.040895,-0.397037,-0.068267,0.136869,0.351953,0.333561,15.424000,0
34.100000,0.171836,0.073368,-0.318834,-0.067232,0.139685,0.351953,0.248096,15.391800,0
34.120000,0.133044,0.079146,-0.413901,-0.066198,0.142502,0.351953,0.209073,15.072500,0
34.140000,0.185310,0.049929,-0.469774,-0.065163,0.145318,0.351954,0.268022,15.663900,0
34.160000,0.209776,0.029090,-0.404196,-0.064129,0.148134,0.351954,0.298656,15.218000,0
34.180000,0.233596,0.034567,-0.450845,-0.063095,0.150950,0.351954,0.318702,14.046700,0
34.200000,0.182991,0.046781,-0.237685,-0.062060,0.153767,0.351954,0.267388,14.343400,0
34.220000,0.134356,0.064752,-0.353513,-0.061026,0.156583,0.351954,0.215887,15.351500,0
34.240000,0.176396,0.058820,-0.435249,-0.059992,0.159399,0.351954,0.256895,15.729300,0
34.260000,0.273791,0.014783,-0.434692,-0.059940,0.159896,0.335759,0.363915,16.389000,0
34.280000,0.190685,0.047653,-0.457848,-0.059959,0.159984,0.316677,0.274664,16.027000,0
34.300000,0.221530,0.027658,-0.332238,-0.059961,0.159981,0.298690,0.311041,16.182800,0
34.320000,0.199344,0.046086,-0.402504,-0.059963,0.159979,0.280700,0.283217,16.459500,0
34.340000,0.226627,0.039473,-0.341395,-0.059965,0.159977,0.262709,0.310896,16.369000,0
34.360000,0.138264,0.078754,-0.371295,-0.059967,0.159976,0.244718,0.214226,15.792900,0
34.380000,0.161459,0.064507,-0.135941,-0.059969,0.159974,0.226727,0.241131,14.351600,0
34.400000,0.213362,0.047574,-0.143527,-0.059971,0.159974,0.208736,0.295541,13.870100,0
34.420000,0.161844,0.048148,-0.295499,-0.059974,0.159973,0.190745,0.248411,13.880400,0
34.440000,0.204164,0.040805,-0.202387,-0.059976,0.159972,0.172755,0.289777,13.895200,0
34.460000,0.172208,0.037768,-0.216030,-0.059978,0.159972,0.154766,0.262382,14.161100,0
34.480000,0.216354,0.031852,-0.166749,-0.059600,0.162263,0.147071,0.305217,14.771500,0
34.500000,0.224718,0.037173,-0.283787,-0.059161,0.165234,0.147074,0.311427,15.254700,0
34.520000,0.153425,0.046670,-0.225784,-0.058723,0.168206,0.147083,0.244495,15.086400,0
34.540000,0.229806,0.026313,-0.193318,-0.058283,0.171176,0.147090,0.322460,15.189300,0
34.560000,0.252828,0.052191,-0.162129,-0.057844,0.174146,0.147095,0.333752,14.955300,0
34.580000,0.205686,0.046938,-0.235224,-0.057404,0.177116,0.147099,0.293534,15.666400,0
34.600000,0.160937,0.049346,-0.162267,-0.056965,0.180085,0.147102,0.254114,15.132300,0
34.620000,0.294135,0.044980,-0.157112,-0.056906,0.180801,0.134775,0.376401,14.764900,0
34.640000,0.199634,0.036227,-0.226341,-0.056932,0.180975,0.114772,0.294582,14.910100,0
34.660000,0.132873,0.035182,-0.096843,-0.056933,0.180972,0.096779,0.239335,15.048800,0
34.680000,0.280714,0.041464,-0.130644,-0.056934,0.180970,0.078792,0.365333,15.793400,0
34.700000,0.205061,0.034275,-0.157713,-0.056936,0.180967,0.060804,0.300268,15.134300,0
34.720000,0.227606,0.049464,-0.216452,-0.056936,0.180966,0.042815,0.313460,15.155500,0
34.740000,0.203061,0.040992,0.067588,-0.056937,0.180964,0.024827,0.295282,14.800300,0
34.760000,0.173199,0.042076,-0.046634,-0.056938,0.180963,0.006839,0.268798,16.013600,0
34.780000,0.170982,0.041237,-0.155444,-0.056913,0.183076,-0.003168,0.268429,16.063900,0
34.800000,0.241807,0.042177,-0.088915,-0.056925,0.186079,-0.003166,0.331585,15.400700,0
34.820000,0.180594,0.045874,0.089590,-0.056936,0.189082,-0.003162,0.277360,15.723700,0
34.840000,0.210527,0.047498,0.044043,-0.056947,0.192085,-0.003156,0.304052,14.293700,0
34.860000,0.260566,0.035617,-0.038078,-0.056958,0.195087,-0.003152,0.355320,14.124000,0
34.880000,0.206970,0.043235,-0.071931,-0.056968,0.198088,-0.003148,0.306011,14.436000,0
34.900000,0.244615,0.037867,-0.007059,-0.056978,0.201090,-0.003145,0.342929,14.695300,0
34.920000,0.302114,0.022609,0.074351,-0.056987,0.204091,-0.003142,0.402355,14.913800,0
34.940000,0.167159,0.026674,0.068966,-0.056997,0.207091,-0.003140,0.287743,14.609200,0
34.960000,0.244072,0.038583,0.082519,-0.057006,0.210092,-0.003139,0.346502,15.359300,0
34.980000,0.180156,0.025447,0.087010,-0.057015,0.213093,-0.003137,0.302426,14.817300,0
35.000000,0.243226,0.034587,-0.057110,-0.057025,0.216093,-0.003136,0.350849,14.613500,0
35.020000,0.278914,0.033337,-0.126666,-0.057034,0.219093,-0.003136,0.383884,15.288400,0
35.040000,0.219470,0.035030,-0.140503,-0.057043,0.222094,-0.003135,0.333845,15.481000,0
35.060000,0.234419,0.043419,0.073565,-0.057052,0.225094,-0.003135,0.343455,15.524300,0
35.080000,0.267583,0.022025,0.072736,-0.057062,0.228094,-0.003134,0.384524,16.009000,0
35.100000,0.223290,0.050060,0.068329,-0.057071,0.231094,-0.003134,0.333729,14.282500,0
35.120000,0.289052,0.050663,-0.069597,-0.057080,0.234094,-0.003134,0.391733,14.732900,0
35.140000,0.207179,0.041836,-0.037812,-0.057090,0.237094,-0.003134,0.328579,15.287300,0
35.160000,0.339371,0.041830,-0.020114,-0.057099,0.240094,-0.003134,0.443280,15.362900,0
35.180000,0.233176,0.035057,-0.109532,-0.057108,0.243094,-0.003134,0.357133,15.894300,0
35.200000,0.236111,0.040883,-0.091725,-0.057110,0.244048,-0.012225,0.356727,15.707100,0
35.220000,0.300331,0.044077,-0.041849,-0.057113,0.244222,-0.032222,0.409663,15.218000,0
35.240000,0.254627,0.032023,0.071783,-0.057114,0.244231,-0.050359,0.377113,14.662500,0
35.260000,0.171989,0.026556,0.074118,-0.057115,0.244228,-0.068348,0.316022,15.195600,0
35.280000,0.175999,0.031022,0.271190,-0.057116,0.244225,-0.086337,0.315908,15.350500,0
35.300000,0.241556,0.023497,0.163192,-0.057117,0.244223,-0.104327,0.371383,14.751100,0
35.320000,0.281850,0.025565,0.183672,-0.057369,0.246462,-0.112775,0.404802,15.440100,0
35.340000,0.238475,0.028459,0.149519,-0.057709,0.249445,-0.112773,0.369540,15.052200,0
35.360000,0.274187,0.030074,0.027488,-0.058049,0.252428,-0.112770,0.399777,14.918000,0
35.380000,0.312633,0.031004,0.012577,-0.058388,0.255411,-0.112767,0.433607,14.966200,0
35.400000,0.258221,0.039413,0.099756,-0.058727,0.258394,-0.112765,0.385239,14.922800,0
35.420000,0.290352,0.020840,-0.004958,-0.059065,0.261376,-0.112762,0.424205,15.668100,0
35.440000,0.392146,0.038964,0.015359,-0.059403,0.264358,-0.112761,0.504677,15.267300,0
35.460000,0.310699,0.035273,0.232719,-0.059741,0.267340,-0.112759,0.437128,15.112400,0
35.480000,0.289972,0.031540,0.258497,-0.060079,0.270322,-0.112758,0.423736,14.643800,0
35.500000,0.295459,0.032652,0.171562,-0.060417,0.273303,-0.112757,0.429605,14.335600,0
35.520000,0.367020,0.044025,0.173595,-0.060754,0.276284,-0.112756,0.486759,14.331500,0
35.540000,0.330546,0.016531,0.148158,-0.061092,0.279266,-0.112756,0.471604,14.919100,0
35.560000,0.307605,0.050960,0.230723,-0.061430,0.282247,-0.112755,0.435523,15.179300,0
35.580000,0.329077,0.041062,0.069478,-0.061767,0.285228,-0.112755,0.460843,15.985800,0
35.600000,0.311255,0.041832,0.112963,-0.062105,0.288209,-0.112755,0.447325,16.296700,0
35.620000,0.309593,0.032877,0.220305,-0.062442,0.291190,-0.112755,0.452919,16.694900,0
35.640000,0.347830,0.047335,0.020100,-0.062780,0.294171,-0.112754,0.479091,15.734200,0
35.660000,0.299951,0.046011,0.173535,-0.062847,0.294966,-0.124009,0.440001,15.862800,0
35.680000,0.275884,0.037168,0.175027,-0.062869,0.295138,-0.144007,0.425796,16.839500,0
35.700000,0.316379,0.035712,0.223455,-0.062869,0.295138,-0.162030,0.459489,15.696300,0
35.720000,0.341554,0.038914,0.149878,-0.062870,0.295134,-0.180018,0.478756,16.135800,0
35.740000,0.300135,0.036005,0.268941,-0.062870,0.295130,-0.198022,0.446003,14.886400,0
35.760000,0.311482,0.026399,0.322820,-0.062871,0.295126,-0.216038,0.460820,13.771600,0
35.780000,0.311879,0.033196,0.101531,-0.063413,0.297469,-0.222826,0.459003,14.919600,0
35.800000,0.338215,0.042272,0.145108,-0.064078,0.300397,-0.222825,0.477983,14.825700,0
35.820000,0.271282,0.037603,0.175388,-0.064743,0.303325,-0.222823,0.428393,15.457300,0
35.840000,0.414187,0.035613,0.192071,-0.065407,0.306253,-0.222820,0.550687,15.315400,0
35.860000,0.266139,0.027129,0.114645,-0.066071,0.309180,-0.222817,0.435794,15.064800,0
35.880000,0.335160,0.050639,0.224065,-0.066735,0.312107,-0.222815,0.479463,15.409200,0
35.900000,0.344557,0.036775,0.254649,-0.067399,0.315034,-0.222813,0.497128,15.319100,0
35.920000,0.394923,0.039747,0.261905,-0.068062,0.317960,-0.222812,0.540146,15.075700,0
35.940000,0.259304,0.014803,0.122416,-0.068725,0.320887,-0.222810,0.448654,15.700600,0
35.960000,0.357301,0.052018,0.165762,-0.069388,0.323813,-0.222809,0.505902,14.481400,0
35.980000,0.331975,0.039028,0.157165,-0.070051,0.326740,-0.222809,0.494372,15.011300,0
36.000000,0.355789,0.046976,0.150649,-0.070714,0.329666,-0.222808,0.511682,15.406100,0
36.020000,0.298407,0.053811,0.318396,-0.071377,0.332592,-0.222808,0.463098,15.247200,0
36.040000,0.282561,0.036205,0.063929,-0.072040,0.335518,-0.222808,0.464037,15.051300,0
36.060000,0.376984,0.045759,0.177671,-0.072703,0.338444,-0.222807,0.536547,15.081500,0
36.080000,0.333604,0.045260,0.230763,-0.073366,0.341370,-0.222807,0.503295,14.618600,0
36.100000,0.376148,0.035996,0.099421,-0.074029,0.344296,-0.222807,0.545627,15.423800,0
36.120000,0.378933,0.039541,0.086440,-0.074692,0.347222,-0.222807,0.548127,15.658800,0
36.140000,0.387095,0.050519,0.171881,-0.075355,0.350148,-0.222807,0.551033,15.000900,0
36.160000,0.380537,0.047434,0.153667,-0.076018,0.353074,-0.222807,0.549416,14.939100,0
36.180000,0.413790,0.040805,0.169647,-0.076680,0.356000,-0.222807,0.583017,15.109000,0
36.200000,0.257450,0.028563,0.115385,-0.077343,0.358926,-0.222807,0.470347,15.548500,0
36.220000,0.361476,0.052692,0.106199,-0.077442,0.359589,-0.235729,0.535569,15.287300,0
36.240000,0.380950,0.027435,0.180943,-0.077480,0.359743,-0.255555,0.566204,14.542000,0
36.260000,0.422422,0.062887,0.167281,-0.077480,0.359741,-0.273562,0.581399,14.404900,0
36.280000,0.367879,0.043168,0.140259,-0.077480,0.359737,-0.291561,0.546407,14.476400,0
36.300000,0.452572,0.052893,0.225481,-0.077481,0.359732,-0.309569,0.612459,16.389700,0
36.320000,0.362740,0.038570,0.397372,-0.077481,0.359728,-0.327582,0.544920,16.047000,0
36.340000,0.417309,0.047646,0.422059,-0.077482,0.359724,-0.345598,0.584988,15.745700,0
36.360000,0.402253,0.062689,0.539790,-0.077483,0.359720,-0.363616,0.564246,16.464000,0
36.380000,0.372125,0.044511,0.380906,-0.078404,0.362136,-0.368309,0.551236,15.873800,0
36.400000,0.349244,0.026275,0.302146,-0.079487,0.364938,-0.368311,0.546354,15.419700,0
36.420000,0.343056,0.025105,0.241363,-0.080569,0.367739,-0.368309,0.544845,18.941000,0
36.440000,0.385183,0.035623,0.285965,-0.081650,0.370540,-0.368305,0.574545,16.031900,0
36.460000,0.469377,0.070404,0.303011,-0.082731,0.373340,-0.368301,0.629756,17.246500,0
36.480000,0.405597,0.049327,0.368238,-0.083812,0.376140,-0.368299,0.588496,15.068100,0
36.500000,0.418432,0.073526,0.385567,-0.084892,0.378940,-0.368296,0.588738,14.292400,0
36.520000,0.419013,0.056552,0.340939,-0.085973,0.381740,-0.368294,0.600631,14.422200,0
36.540000,0.374708,0.051273,0.233506,-0.087053,0.384539,-0.368293,0.569464,14.501400,0
36.560000,0.413136,0.052596,0.297471,-0.088133,0.387339,-0.368291,0.602763,14.524000,0
36.580000,0.410117,0.086745,0.337928,-0.089214,0.390138,-0.368290,0.584276,14.213700,0
36.600000,0.455396,0.068600,0.283227,-0.090294,0.392937,-0.368290,0.634801,14.755200,0
36.620000,0.438264,0.059008,0.255727,-0.091374,0.395737,-0.368289,0.627617,14.749600,0
36.640000,0.387664,0.052968,0.346518,-0.092454,0.398536,-0.368289,0.591550,15.141500,0
36.660000,0.388909,0.066762,0.350491,-0.093534,0.401335,-0.368289,0.587104,15.247000,0
36.680000,0.411647,0.059593,0.297719,-0.094614,0.404134,-0.368288,0.612379,14.874300,0
36.700000,0.398637,0.055623,0.297399,-0.095694,0.406933,-0.368288,0.606450,16.004200,0
36.720000,0.454844,0.058816,0.251466,-0.096774,0.409732,-0.368288,0.653777,13.930000,0
36.740000,0.446716,0.067781,0.463048,-0.097854,0.412531,-0.368288,0.644522,13.911800,0
36.760000,0.458956,0.070629,0.286546,-0.098934,0.415329,-0.368288,0.655789,13.954300,0
36.780000,0.364956,0.054125,0.305321,-0.100014,0.418128,-0.368288,0.590504,15.156800,0
36.800000,0.421495,0.052956,0.200497,-0.100204,0.418620,-0.383358,0.637087,14.207700,0
36.820000,0.447179,0.061853,0.414727,-0.100239,0.418704,-0.402419,0.653459,14.908700,0
36.840000,0.366817,0.044879,0.351444,-0.100238,0.418701,-0.420412,0.598234,14.331100,0
36.860000,0.432698,0.074777,0.560907,-0.100238,0.418697,-0.438410,0.634273,13.877000,0
36.880000,0.409931,0.050434,0.378785,-0.100238,0.418693,-0.456413,0.629196,14.419100,0
36.900000,0.442531,0.038114,0.405841,-0.100238,0.418689,-0.474419,0.662899,13.966400,0
36.920000,0.517806,0.099180,0.463664,-0.100239,0.418685,-0.492427,0.695746,13.779200,0
36.940000,0.448857,0.058128,0.377471,-0.100239,0.418682,-0.510436,0.656891,14.869300,0
36.960000,0.430994,0.043515,0.459022,-0.100240,0.418678,-0.528444,0.650351,14.181400,0
36.980000,0.508732,0.093469,0.429066,-0.101611,0.421025,-0.531664,0.692684,15.348100,0
37.000000,0.440161,0.051962,0.550361,-0.103134,0.423613,-0.531663,0.658251,15.320000,0
37.020000,0.399600,0.018926,0.332451,-0.104657,0.426201,-0.531659,0.648188,15.806300,0
37.040000,0.482367,0.080314,0.481699,-0.106180,0.428789,-0.531655,0.683976,14.544100,0
37.060000,0.458652,0.073242,0.432296,-0.107702,0.431377,-0.531651,0.670088,13.958600,0
37.080000,0.490465,0.086978,0.460786,-0.109223,0.433964,-0.531648,0.692838,13.560400,0
37.100000,0.450432,0.057302,0.511047,-0.110745,0.436551,-0.531646,0.677310,13.690000,0
37.120000,0.481798,0.091441,0.790093,-0.112266,0.439138,-0.531644,0.688335,14.695700,0
37.140000,0.501544,0.062479,0.566908,-0.113787,0.441725,-0.531642,0.722814,14.885800,0
37.160000,0.495249,0.064414,0.402143,-0.115308,0.444311,-0.531641,0.719098,14.314800,0
37.180000,0.401118,0.057040,0.524770,-0.116829,0.446898,-0.531640,0.648273,14.920500,0
37.200000,0.481981,0.068907,0.492843,-0.118350,0.449484,-0.531639,0.710799,14.921200,0
37.220000,0.504584,0.103556,0.500183,-0.119871,0.452070,-0.531639,0.715127,15.213400,0
37.240000,0.484770,0.095101,0.579325,-0.121392,0.454656,-0.531638,0.704778,14.580600,0
37.260000,0.505465,0.099013,0.535844,-0.121602,0.455014,-0.548277,0.721076,14.604700,0
37.280000,0.458428,0.059745,0.485310,-0.121628,0.455053,-0.566841,0.701950,15.311200,0
37.300000,0.495641,0.086724,0.528761,-0.121627,0.455050,-0.584828,0.718808,16.456000,0
37.320000,0.472246,0.059351,0.593196,-0.121626,0.455047,-0.602821,0.713624,15.982400,0
37.340000,0.475289,0.081442,0.568862,-0.121625,0.455043,-0.620818,0.704191,16.487200,0
37.360000,0.454334,0.070305,0.690580,-0.121625,0.455040,-0.638818,0.692640,16.190200,0
37.380000,0.488482,0.074507,0.473134,-0.121625,0.455037,-0.656819,0.719050,16.560500,0
37.400000,0.449884,0.064878,0.537670,-0.121626,0.455034,-0.674820,0.691987,16.862100,0
37.420000,0.500847,0.074178,0.540593,-0.121626,0.455031,-0.692822,0.729741,16.005000,0
37.440000,0.425188,0.026140,0.686177,-0.121626,0.455028,-0.710823,0.694946,17.406100,0
37.460000,0.479659,0.068031,0.578927,-0.121627,0.455026,-0.728823,0.715059,16.711000,0
37.480000,0.449865,0.047944,0.617448,-0.121627,0.455023,-0.746822,0.701653,16.456700,0
37.500000,0.521201,0.093991,0.814522,-0.121628,0.455020,-0.764820,0.737272,13.837200,0
37.520000,0.460702,0.037177,0.739424,-0.121629,0.455018,-0.782817,0.716729,14.554900,0
37.540000,0.507686,0.080287,0.889184,-0.121630,0.455016,-0.800813,0.732434,13.565100,0
37.560000,0.477495,0.057020,0.892772,-0.121630,0.455013,-0.818809,0.719269,13.346300,0
37.580000,0.551642,0.117556,0.802518,-0.121631,0.455011,-0.836803,0.753108,14.322900,0
37.600000,0.508341,0.077102,0.930377,-0.121632,0.455009,-0.854796,0.734629,14.939000,0
37.620000,0.485033,0.041822,0.740350,-0.121632,0.455007,-0.872789,0.734005,16.875000,0
37.640000,0.516081,0.084004,0.801081,-0.121633,0.455005,-0.890781,0.737782,16.702400,0
37.660000,0.459387,0.030109,0.883235,-0.121634,0.455003,-0.908772,0.719806,16.983100,0
37.680000,0.497222,0.051242,0.972000,-0.123713,0.456821,-0.909301,0.741657,16.341200,0
37.700000,0.533429,0.134223,0.937730,-0.126084,0.458666,-0.909293,0.734997,16.788500,0
37.720000,0.511366,0.096774,0.881586,-0.128454,0.460512,-0.909283,0.735985,17.195300,0
37.740000,0.500409,0.089019,0.768994,-0.130823,0.462357,-0.909275,0.733372,16.472700,0
37.760000,0.549179,0.138353,0.931787,-0.133191,0.464201,-0.909269,0.756178,16.059500,0
37.780000,0.529681,0.115640,0.858259,-0.135560,0.466046,-0.909265,0.751884,18.158000,0
37.800000,0.521071,0.076557,0.887139,-0.137928,0.467890,-0.909262,0.766434,16.297300,0
37.820000,0.538458,0.128636,0.913548,-0.140296,0.469734,-0.909260,0.759642,13.931300,0
37.840000,0.515436,0.094952,0.956608,-0.142663,0.471578,-0.909258,0.758249,13.927400,0
37.860000,0.549426,0.147351,0.899701,-0.145031,0.473422,-0.909257,0.767198,14.169300,0
37.880000,0.533569,0.124263,0.825677,-0.147398,0.475265,-0.909256,0.766106,14.781700,0
37.900000,0.503399,0.071551,0.798283,-0.149766,0.477109,-0.909255,0.768831,14.786800,0
37.920000,0.550301,0.117564,0.989412,-0.152133,0.478952,-0.909255,0.789946,15.469700,0
37.940000,0.505591,0.072726,0.904570,-0.154500,0.480795,-0.909254,0.776042,14.483000,0
37.960000,0.492748,0.064988,0.967481,-0.156867,0.482639,-0.909254,0.772291,14.674200,0
37.980000,0.496577,0.051669,0.743442,-0.159235,0.484482,-0.909253,0.785758,14.767000,0
38.000000,0.532702,0.112990,0.854649,-0.161602,0.486325,-0.909253,0.788313,14.738200,0
38.020000,0.546563,0.135232,1.007649,-0.163969,0.488168,-0.909253,0.793360,14.640900,0
38.040000,0.513161,0.087467,0.811599,-0.166336,0.490011,-0.909253,0.789784,15.858600,0
38.060000,0.535544,0.102334,0.811547,-0.168703,0.491855,-0.909253,0.804792,13.620600,0
38.080000,0.512699,0.135745,0.957946,-0.171071,0.493698,-0.909253,0.771798,14.045900,0
38.100000,0.448985,0.023485,0.705031,-0.173438,0.495541,-0.909252,0.781183,13.654400,0
38.120000,0.512568,0.108094,0.844010,-0.175805,0.497384,-0.909252,0.790825,14.142100,0
38.140000,0.535520,0.181317,0.837680,-0.178172,0.499227,-0.909252,0.781296,14.227200,0
38.160000,0.537428,0.071915,0.743806,-0.180539,0.501070,-0.909252,0.836451,14.128600,0
38.180000,0.550557,0.114657,0.815974,-0.182906,0.502913,-0.909252,0.829886,13.744500,0
38.200000,0.526195,0.107843,0.849912,-0.185273,0.504756,-0.909252,0.814694,13.702300,0
38.220000,0.533172,0.108383,0.890605,-0.187641,0.506599,-0.909252,0.823497,13.827800,0
38.240000,0.552242,0.150017,0.885370,-0.190008,0.508442,-0.909252,0.824260,13.854200,0
38.260000,0.561326,0.127207,0.635778,-0.192375,0.510285,-0.909252,0.845466,13.651100,0
38.280000,0.549174,0.172493,0.813903,-0.194742,0.512128,-0.909252,0.817779,14.328700,0
38.300000,0.543845,0.116729,0.977791,-0.197109,0.513971,-0.909252,0.840722,14.566100,0
38.320000,0.569276,0.176645,1.007980,-0.199476,0.515814,-0.909252,0.840247,13.774700,0
38.340000,0.539572,0.116932,0.872651,-0.199772,0.515977,-0.926467,0.840158,14.330900,0
38.360000,0.526178,0.094841,0.956956,-0.199769,0.515974,-0.944452,0.839257,15.705100,0
38.380000,0.571430,0.180168,1.041167,-0.199767,0.515971,-0.962441,0.841135,15.435800,0
38.400000,0.542734,0.131004,0.879955,-0.199765,0.515968,-0.980433,0.836363,15.727800,0
38.420000,0.562753,0.146596,1.056220,-0.199763,0.515965,-0.998427,0.847268,15.373400,0
38.440000,0.547181,0.085126,0.989407,-0.199763,0.515962,-1.016423,0.862291,15.913500,0
38.460000,0.542381,0.143900,1.227054,-0.199762,0.515959,-1.034418,0.830183,15.826400,0
38.480000,0.597139,0.265158,1.150939,-0.199762,0.515956,-1.052414,0.835434,15.483400,0
38.500000,0.582610,0.183673,1.151271,-0.201899,0.517440,-1.052511,0.852558,15.249900,0
38.520000,0.537585,0.101132,1.177254,-0.204508,0.518928,-1.052504,0.851620,14.575200,0
38.540000,0.576726,0.176480,0.953957,-0.207117,0.520416,-1.052498,0.855980,13.933700,0
38.560000,0.546089,0.151499,1.075955,-0.209724,0.521904,-1.052493,0.841697,14.313100,0
38.580000,0.554822,0.142680,1.076474,-0.212332,0.523391,-1.052490,0.856426,14.575000,0
38.600000,0.574730,0.135450,1.197312,-0.214939,0.524879,-1.052487,0.880472,15.836000,0
38.620000,0.582317,0.154522,0.988344,-0.217546,0.526366,-1.052485,0.882071,16.025800,0
38.640000,0.540952,0.129657,1.011947,-0.220153,0.527853,-1.052484,0.858977,16.216800,0
38.660000,0.589891,0.198770,1.172653,-0.220533,0.527887,-1.069616,0.874702,16.016400,0
38.680000,0.555017,0.074398,1.126553,-0.220531,0.527885,-1.087605,0.898401,16.782200,0
38.700000,0.583394,0.201435,1.181431,-0.220528,0.527882,-1.105593,0.867674,16.603600,0
38.720000,0.561958,0.131227,0.978158,-0.220526,0.527880,-1.123583,0.877277,16.488400,0
38.740000,0.610459,0.194433,1.240420,-0.220524,0.527878,-1.141575,0.895387,18.591800,0
38.760000,0.577415,0.101595,1.160939,-0.220523,0.527875,-1.159568,0.904665,17.178100,0
38.780000,0.563745,0.135376,1.143042,-0.220522,0.527873,-1.177561,0.877000,16.100600,0
38.800000,0.598510,0.239153,1.223381,-0.220522,0.527871,-1.195553,0.868430,15.755300,0
38.820000,0.589838,0.179608,1.104996,-0.220521,0.527868,-1.213545,0.882024,15.052300,0
38.840000,0.567108,0.126962,1.198149,-0.220521,0.527866,-1.231537,0.883790,14.083200,0
38.860000,0.582823,0.198140,1.278707,-0.220521,0.527864,-1.249527,0.868377,14.562900,0
38.880000,0.596729,0.190254,1.482609,-0.220521,0.527862,-1.267517,0.884238,14.174500,0
38.900000,0.565746,0.084368,1.077304,-0.220521,0.527860,-1.285506,0.902719,14.004400,0
38.920000,0.549165,0.088562,1.225097,-0.220521,0.527858,-1.303495,0.886227,14.282700,0
38.940000,0.577236,0.120882,1.145453,-0.220521,0.527856,-1.321482,0.895569,15.064800,0
38.960000,0.559848,0.132510,1.283288,-0.220521,0.527854,-1.339469,0.874798,15.619100,0
38.980000,0.594520,0.174525,1.301198,-0.220521,0.527852,-1.357456,0.888331,16.371900,0
39.000000,0.567112,0.094845,1.293396,-0.222859,0.528384,-1.364329,0.901116,15.420300,0
39.020000,0.580586,0.213841,1.549293,-0.225799,0.528998,-1.364326,0.865784,17.134500,0
39.040000,0.582027,0.050571,1.320614,-0.228739,0.529613,-1.364314,0.941713,16.292700,0
39.060000,0.569700,0.168588,1.503357,-0.231679,0.530228,-1.364305,0.879199,16.746700,0
39.080000,0.595990,0.182166,1.317242,-0.234617,0.530843,-1.364299,0.900824,16.250800,0
39.100000,0.577725,0.181975,1.236273,-0.237555,0.531459,-1.364294,0.887029,17.369600,0
39.120000,0.565399,0.118058,1.237470,-0.240493,0.532074,-1.364292,0.906019,16.929100,0
39.140000,0.566812,0.083761,1.316551,-0.243431,0.532690,-1.364290,0.926300,16.506200,0
39.160000,0.588665,0.235716,1.188165,-0.246368,0.533305,-1.364289,0.886476,16.402500,0
39.180000,0.592444,0.201991,1.257859,-0.249305,0.533920,-1.364288,0.904831,16.286200,0
39.200000,0.574424,0.147610,1.325537,-0.252242,0.534536,-1.364287,0.912737,15.778900,0
39.220000,0.582894,0.145523,1.280803,-0.255179,0.535151,-1.364286,0.924217,16.218900,0
39.240000,0.598735,0.222199,1.299514,-0.258115,0.535767,-1.364285,0.912423,15.632400,0
39.260000,0.577988,0.115899,1.230973,-0.261052,0.536382,-1.364285,0.938506,16.251000,0
39.280000,0.592961,0.208104,1.264264,-0.263988,0.536997,-1.364284,0.917896,16.447200,0
39.300000,0.593103,0.149243,1.347240,-0.266925,0.537613,-1.364284,0.943652,16.968600,0
39.320000,0.598781,0.224526,1.368224,-0.269861,0.538228,-1.364283,0.923552,15.718100,0
39.340000,0.591803,0.148124,1.226037,-0.272797,0.538843,-1.364283,0.948785,16.884200,0
39.360000,0.610583,0.242725,1.304095,-0.275734,0.539458,-1.364283,0.934670,16.216400,0
39.380000,0.587051,0.170846,1.198335,-0.278670,0.540074,-1.364283,0.941170,16.337200,0
39.400000,0.597838,0.181208,1.317441,-0.281606,0.540689,-1.364283,0.950078,16.740000,0
39.420000,0.555358,0.158060,1.331664,-0.284543,0.541304,-1.364283,0.923206,16.497900,0
39.440000,0.602833,0.278714,1.449795,-0.287479,0.541919,-1.364283,0.928403,16.545200,0
39.460000,0.595004,0.225973,1.471008,-0.290415,0.542534,-1.364283,0.940307,16.644500,0
39.480000,0.591391,0.256932,1.371531,-0.293351,0.543150,-1.364283,0.929886,16.631300,0
39.500000,0.604843,0.233005,1.404927,-0.296288,0.543765,-1.364283,0.953210,17.422700,0
39.520000,0.617194,0.329378,1.444541,-0.299224,0.544380,-1.364283,0.941301,16.945000,0
39.540000,0.592246,0.182302,1.308460,-0.302160,0.544995,-1.364282,0.965147,16.410600,0
39.560000,0.599949,0.248231,1.428779,-0.305097,0.545610,-1.364282,0.952650,16.357400,0
39.580000,0.605003,0.272478,1.457425,-0.308033,0.546225,-1.364282,0.953191,16.182400,0
39.600000,0.603074,0.138109,1.318555,-0.310969,0.546840,-1.364282,1.001267,16.361900,0
39.620000,0.602558,0.221340,1.256605,-0.313905,0.547456,-1.364282,0.972757,16.895100,0
39.640000,0.603181,0.277236,1.435038,-0.316842,0.548071,-1.364282,0.959059,17.600500,0
39.660000,0.626688,0.363427,1.366936,-0.319778,0.548686,-1.364282,0.964427,17.804300,0
39.680000,0.615502,0.289053,1.359373,-0.322714,0.549301,-1.364282,0.973641,16.752900,0
39.700000,0.597095,0.187690,1.395934,-0.325650,0.549916,-1.364282,0.991295,16.893900,0
39.720000,0.592747,0.202420,1.276281,-0.328587,0.550531,-1.364282,0.984904,16.532900,0
39.740000,0.595096,0.229026,1.170648,-0.331523,0.551147,-1.364282,0.981012,16.554700,0
39.760000,0.600518,0.257408,1.249757,-0.334459,0.551762,-1.364282,0.980217,16.267900,0
39.780000,0.602571,0.246568,1.283756,-0.337395,0.552377,-1.364282,0.988461,17.832000,0
39.800000,0.594949,0.223196,1.346466,-0.340332,0.552992,-1.364282,0.991724,16.916400,0
39.820000,0.618260,0.323016,1.470190,-0.343268,0.553607,-1.364282,0.988791,15.949000,0
39.840000,0.610730,0.259884,1.552199,-0.346204,0.554222,-1.364282,1.001178,16.947700,0
39.860000,0.615052,0.296108,1.394054,-0.349140,0.554837,-1.364282,0.998302,15.637500,0
39.880000,0.624778,0.348535,1.447653,-0.349773,0.554919,-1.377692,0.996165,16.214700,0
39.900000,0.593130,0.185846,1.275120,-0.349941,0.554882,-1.397663,1.012704,16.409100,0
39.920000,0.609997,0.304904,1.349570,-0.349937,0.554881,-1.415651,0.991948,17.343600,0
39.940000,0.607832,0.255963,1.282608,-0.349935,0.554879,-1.433640,1.003329,16.260900,0
39.960000,0.607183,0.223092,1.374505,-0.349932,0.554877,-1.451631,1.012991,16.427900,0
39.980000,0.615844,0.326254,1.521277,-0.349931,0.554875,-1.469621,0.992466,16.403900,0
40.000000,0.616024,0.226067,1.448977,-0.352175,0.555167,-1.478018,1.022602,16.518200,0
40.020000,0.619029,0.346568,1.393765,-0.355165,0.555443,-1.478016,0.996335,16.062500,0
40.040000,0.600221,0.225430,1.416509,-0.358155,0.555720,-1.478010,1.013695,15.847900,0
40.060000,0.618132,0.306417,1.628522,-0.361144,0.555996,-1.478007,1.010579,14.561200,0
40.080000,0.607363,0.319988,1.398807,-0.364133,0.556274,-1.478004,0.999818,13.979000,0
40.100000,0.620967,0.268729,1.370105,-0.367122,0.556551,-1.478002,1.029156,13.823200,0
40.120000,0.621394,0.322162,1.405651,-0.370110,0.556829,-1.478000,1.018896,14.026500,0
40.140000,0.616827,0.278565,1.537941,-0.373098,0.557106,-1.477999,1.028366,13.571300,0
40.160000,0.614599,0.347172,1.520344,-0.376086,0.557384,-1.477997,1.012742,13.952600,0
40.180000,0.629393,0.408758,1.511739,-0.379074,0.557662,-1.477996,1.019400,14.686400,0
40.200000,0.623310,0.288501,1.434185,-0.382061,0.557940,-1.477996,1.040850,14.691800,0
40.220000,0.611352,0.328433,1.392879,-0.382845,0.557885,-1.489429,1.020332,15.058200,0
40.240000,0.619336,0.307639,1.523951,-0.383019,0.557869,-1.509429,1.033117,14.285100,0
40.260000,0.616918,0.244578,1.387577,-0.383017,0.557868,-1.527441,1.047865,14.897700,0
40.280000,0.621016,0.319733,1.459611,-0.383014,0.557867,-1.545429,1.031884,14.885800,0
40.300000,0.644936,0.446843,1.681856,-0.383012,0.557866,-1.563417,1.033926,14.598400,0
40.320000,0.633388,0.244332,1.570854,-0.383010,0.557864,-1.581407,1.063658,14.937800,0
40.340000,0.635918,0.244408,1.480744,-0.383008,0.557863,-1.599396,1.066051,14.190000,0
40.360000,0.612332,0.353102,1.557152,-0.383007,0.557862,-1.617384,1.016182,15.292700,0
40.380000,0.629879,0.313568,1.530698,-0.383006,0.557860,-1.635373,1.041928,14.036600,0
40.400000,0.629668,0.447658,1.704313,-0.383005,0.557859,-1.653360,1.018652,15.171800,0
40.420000,0.637762,0.240278,1.596300,-0.383004,0.557857,-1.671347,1.069027,15.027100,0
40.440000,0.622956,0.267103,1.713687,-0.383004,0.557856,-1.689334,1.047135,14.548200,0
40.460000,0.623474,0.391410,1.650640,-0.382998,0.557855,-1.707377,1.020142,14.528300,0
40.480000,0.601348,0.341915,1.719753,-0.382992,0.557853,-1.725426,1.007747,14.906600,0
40.500000,0.623034,0.320801,1.654406,-0.382986,0.557852,-1.743473,1.033571,14.597800,0
40.520000,0.616884,0.399286,1.813005,-0.382980,0.557851,-1.761516,1.012359,15.587500,0
40.540000,0.616763,0.374304,1.868769,-0.382975,0.557850,-1.779554,1.016447,15.784300,0
40.560000,0.597801,0.358159,1.753067,-0.382970,0.557849,-1.797588,1.000893,15.723200,0
40.580000,0.620455,0.372803,1.871759,-0.382965,0.557847,-1.815618,1.020339,16.354000,0
40.600000,0.618433,0.357874,1.902720,-0.382961,0.557846,-1.833644,1.021165,16.662300,0
40.620000,0.607622,0.358385,1.978485,-0.382957,0.557845,-1.851667,1.010461,15.861100,0
40.640000,0.622660,0.313614,1.880633,-0.382953,0.557844,-1.869687,1.034846,16.872800,0
40.660000,0.657091,0.263064,1.803112,-0.382950,0.557843,-1.887704,1.081009,16.022800,0
40.680000,0.620840,0.318628,1.718341,-0.382946,0.557841,-1.905718,1.031896,16.011900,0
40.700000,0.645628,0.249265,1.781504,-0.382943,0.557840,-1.923731,1.073860,15.717000,0
40.720000,0.620496,0.308675,1.906353,-0.382940,0.557839,-1.941741,1.033909,15.418400,0
40.740000,0.640301,0.289301,1.844899,-0.382937,0.557838,-1.959750,1.057889,13.128900,0
40.760000,0.647110,0.256411,2.003855,-0.382934,0.557837,-1.977757,1.073242,14.525100,0
40.780000,0.623895,0.346709,2.166588,-0.382932,0.557836,-1.995763,1.028725,13.354300,0
40.800000,0.620617,0.348875,1.934606,-0.382929,0.557835,-2.013767,1.025070,14.626200,0
40.820000,0.622831,0.350004,2.011643,-0.382926,0.557833,-2.031771,1.027006,15.036500,0
40.840000,0.635930,0.333546,2.043685,-0.382924,0.557832,-2.049773,1.043249,14.707100,0
40.860000,0.650573,0.270720,1.904801,-0.382921,0.557831,-2.067774,1.072633,14.801700,0
40.880000,0.631727,0.296572,1.997247,-0.385294,0.556543,-2.071205,1.049722,15.633900,0
40.900000,0.611463,0.348831,2.163369,-0.387929,0.555102,-2.071202,1.020456,15.694500,0
40.920000,0.580979,0.354307,2.087301,-0.390564,0.553660,-2.071195,0.991785,16.991700,0
40.940000,0.583635,0.392605,2.219958,-0.393199,0.552220,-2.071186,0.989789,16.707800,0
40.960000,0.636869,0.315137,1.962485,-0.395833,0.550779,-2.071180,1.059245,16.016400,0
40.980000,0.661383,0.227098,1.957708,-0.398467,0.549339,-2.071174,1.107755,16.456500,0
41.000000,0.624500,0.309499,2.111494,-0.401100,0.547900,-2.071170,1.052944,16.205700,0
41.020000,0.617864,0.342645,1.942075,-0.403734,0.546460,-2.071166,1.041731,16.626600,0
41.040000,0.644002,0.302207,2.131091,-0.406367,0.545021,-2.071164,1.078070,17.726900,0
41.060000,0.611393,0.357788,2.149808,-0.406747,0.544813,-2.087558,1.035175,16.807700,0
41.080000,0.604011,0.350831,2.016630,-0.406799,0.544782,-2.106274,1.029249,17.014800,0
41.100000,0.605313,0.374977,2.067402,-0.406796,0.544783,-2.124261,1.026255,15.907100,0
41.120000,0.642252,0.293263,2.032059,-0.406793,0.544784,-2.142252,1.078776,16.957200,0
41.140000,0.621242,0.326140,2.129301,-0.406790,0.544784,-2.160248,1.051026,16.484300,0
41.160000,0.588001,0.425458,2.329305,-0.406787,0.544785,-2.178247,1.001919,16.191400,0
41.180000,0.649517,0.309526,2.042125,-0.406784,0.544784,-2.196248,1.082182,15.859600,0
41.200000,0.662186,0.267273,2.084571,-0.406781,0.544784,-2.214249,1.104402,16.187000,0
41.220000,0.575774,0.412749,2.306293,-0.406778,0.544784,-2.232250,0.991384,17.083400,0
41.240000,0.588985,0.385587,2.227004,-0.406775,0.544783,-2.250251,1.008405,16.583700,0
41.260000,0.655602,0.305847,2.106127,-0.406772,0.544783,-2.268251,1.088911,16.045200,0
41.280000,0.625567,0.323652,2.284276,-0.406770,0.544782,-2.286250,1.055754,13.962700,0
41.300000,0.597575,0.380966,2.429556,-0.406767,0.544782,-2.304248,1.017614,13.831800,0
41.320000,0.629371,0.324736,2.342499,-0.406765,0.544781,-2.322246,1.059243,13.511300,0
41.340000,0.626307,0.356061,2.426970,-0.406763,0.544780,-2.340242,1.050166,13.903200,0
41.360000,0.616631,0.358950,2.205112,-0.406760,0.544780,-2.358237,1.040126,14.469900,0
41.380000,0.634111,0.353295,2.337961,-0.406758,0.544779,-2.376232,1.058336,13.648600,0
41.400000,0.624692,0.346760,2.403810,-0.406756,0.544778,-2.394226,1.050284,14.400100,0
41.420000,0.630408,0.330219,2.294796,-0.406754,0.544777,-2.412219,1.059122,15.130200,0
41.440000,0.568965,0.415998,2.580146,-0.406752,0.544777,-2.430211,0.984179,16.301700,0
41.460000,0.586101,0.390608,2.595209,-0.406750,0.544776,-2.448203,1.004749,13.994400,0
41.480000,0.662621,0.347692,2.462411,-0.408590,0.542693,-2.449613,1.088815,13.313900,0
41.500000,0.652203,0.330944,2.402329,-0.410507,0.540379,-2.449606,1.083151,13.897700,0
41.520000,0.651629,0.325905,2.257478,-0.412423,0.538067,-2.449596,1.084997,14.812400,0
41.540000,0.649432,0.322241,2.383656,-0.414339,0.535755,-2.449588,1.084987,14.855900,0
41.560000,0.551621,0.410645,2.413158,-0.416255,0.533443,-2.449582,0.975635,14.943700,0
41.580000,0.621678,0.354866,2.408629,-0.418171,0.531132,-2.449578,1.054682,15.627200,0
41.600000,0.626833,0.334264,2.369051,-0.420087,0.528822,-2.449574,1.064844,14.872000,0
41.620000,0.589465,0.368657,2.398550,-0.422002,0.526511,-2.449572,1.023711,14.724900,0
41.640000,0.607416,0.347709,2.452573,-0.423917,0.524201,-2.449570,1.046326,14.998500,0
41.660000,0.624177,0.361212,2.492718,-0.425832,0.521891,-2.449569,1.062231,14.622100,0
41.680000,0.617293,0.376725,2.531815,-0.427747,0.519580,-2.449568,1.054758,14.789500,0
41.700000,0.608980,0.388805,2.544387,-0.429662,0.517270,-2.449568,1.046557,14.584000,0
41.720000,0.592228,0.340813,2.411690,-0.431576,0.514960,-2.449567,1.038509,14.466600,0
41.740000,0.589617,0.386056,2.519812,-0.433491,0.512650,-2.449566,1.030911,13.948600,0
41.760000,0.590847,0.395540,2.422256,-0.435406,0.510340,-2.449566,1.032654,14.255600,0
41.780000,0.538481,0.429287,2.598668,-0.437320,0.508030,-2.449566,0.978973,14.216500,0
41.800000,0.571402,0.384476,2.519736,-0.439235,0.505720,-2.449565,1.017884,14.340700,0
41.820000,0.567956,0.397709,2.413627,-0.441149,0.503410,-2.449565,1.014626,14.372900,0
41.840000,0.585470,0.393816,2.402432,-0.443063,0.501101,-2.449565,1.034113,14.892100,0
41.860000,0.547130,0.424472,2.501807,-0.444978,0.498791,-2.449565,0.994888,13.922400,0
41.880000,0.551737,0.408487,2.526825,-0.446892,0.496481,-2.449565,1.002498,15.072000,0
41.900000,0.591916,0.391197,2.397092,-0.448807,0.494171,-2.449565,1.045805,14.675700,0
41.920000,0.606045,0.344834,2.388139,-0.450721,0.491861,-2.449565,1.066945,15.605300,0
41.940000,0.590302,0.380484,2.301660,-0.452635,0.489551,-2.449565,1.048625,15.139400,0
41.960000,0.587669,0.384716,2.388250,-0.454550,0.487241,-2.449565,1.047249,14.601600,0
41.980000,0.646420,0.334647,2.651860,-0.456464,0.484931,-2.449565,1.113076,14.673100,0
42.000000,0.540957,0.418721,2.518449,-0.458378,0.482622,-2.449565,1.001376,14.593300,0
42.020000,0.576321,0.392612,2.564990,-0.460292,0.480312,-2.449565,1.040316,14.463300,0
42.040000,0.507380,0.449310,2.728420,-0.462207,0.478002,-2.449564,0.970012,15.175400,0
42.060000,0.585386,0.406412,2.335312,-0.464121,0.475692,-2.449564,1.051791,14.704100,0
42.080000,0.510898,0.461721,2.468386,-0.466035,0.473382,-2.449564,0.977003,15.720800,0
42.100000,0.537704,0.431916,2.489000,-0.467950,0.471072,-2.449564,1.006416,15.077200,0
42.120000,0.585453,0.404121,2.267053,-0.469864,0.468762,-2.449564,1.057295,15.823800,0
42.140000,0.579995,0.386729,2.389609,-0.471778,0.466452,-2.449564,1.054790,15.251600,0
42.160000,0.594039,0.389051,2.349721,-0.473693,0.464143,-2.449564,1.070369,14.388600,0
42.180000,0.564774,0.413495,2.291922,-0.475607,0.461833,-2.449564,1.041503,14.791900,0
42.200000,0.584324,0.393216,2.449139,-0.477521,0.459523,-2.449564,1.063914,14.893700,0
42.220000,0.510589,0.445208,2.518900,-0.479436,0.457213,-2.449564,0.990098,14.853300,0
42.240000,0.551371,0.415424,2.359657,-0.481350,0.454903,-2.449564,1.033475,14.884600,0
42.260000,0.516996,0.455747,2.491312,-0.483264,0.452593,-2.449564,1.000265,15.479000,0
42.280000,0.567846,0.394580,2.384370,-0.485178,0.450283,-2.449564,1.054497,15.574500,0
42.300000,0.563176,0.424165,2.315601,-0.487093,0.447974,-2.449564,1.050539,15.279700,0
42.320000,0.520214,0.432795,2.427257,-0.489007,0.445664,-2.449564,1.009303,16.582900,0
42.340000,0.481510,0.468939,2.550176,-0.490921,0.443354,-2.449564,0.972768,15.416400,0
42.360000,0.550891,0.429906,2.511335,-0.492836,0.441044,-2.449564,1.043787,15.289200,0
42.380000,0.553624,0.446539,2.568869,-0.494750,0.438734,-2.449564,1.048403,16.118100,0
42.400000,0.485461,0.452398,2.533755,-0.496664,0.436424,-2.449564,0.982255,15.618500,0
42.420000,0.532382,0.424327,2.346611,-0.498579,0.434114,-2.449564,1.031008,15.335100,0
42.440000,0.495928,0.477220,2.292897,-0.500493,0.431805,-2.449564,0.997455,16.106400,0
42.460000,0.512142,0.451199,2.424092,-0.502407,0.429495,-2.449564,1.014781,14.451300,0
42.480000,0.546447,0.432288,2.341725,-0.504321,0.427185,-2.449564,1.050780,14.919300,0
42.500000,0.477298,0.440629,2.508899,-0.506236,0.424875,-2.449564,0.983660,15.704000,0
42.520000,0.533508,0.403825,2.325932,-0.508150,0.422565,-2.449564,1.041826,15.204800,0
42.540000,0.536751,0.413436,2.496916,-0.510064,0.420255,-2.449564,1.046837,15.475100,0
42.560000,0.509015,0.457328,2.421528,-0.511979,0.417945,-2.449564,1.021753,14.807900,0
42.580000,0.465379,0.503476,2.628628,-0.513893,0.415636,-2.449564,0.983204,15.406100,0
42.600000,0.480108,0.467098,2.468291,-0.515807,0.413326,-2.449564,0.997366,14.151100,0
42.620000,0.461865,0.503548,2.519454,-0.517722,0.411016,-2.449564,0.983948,14.995100,0
42.640000,0.555613,0.435726,2.307568,-0.519636,0.408706,-2.449564,1.075588,14.890300,0
42.660000,0.465033,0.464896,2.472245,-0.521550,0.406396,-2.449564,0.988316,15.343800,0
42.680000,0.434996,0.519498,2.599534,-0.523464,0.404086,-2.449564,0.965384,15.343800,0
42.700000,0.499887,0.463875,2.424345,-0.525379,0.401776,-2.449564,1.027145,15.885000,0
42.720000,0.439404,0.516929,2.584476,-0.527293,0.399467,-2.449564,0.973807,15.374900,0
42.740000,0.473591,0.497028,2.547892,-0.527519,0.399191,-2.467016,1.005879,15.494300,0
42.760000,0.490599,0.489362,2.499328,-0.527532,0.399174,-2.485294,1.022118,14.420700,0
42.780000,0.438945,0.510667,2.617958,-0.527529,0.399176,-2.503285,0.972884,13.558900,0
42.800000,0.521143,0.453341,2.442612,-0.527526,0.399178,-2.521278,1.050067,14.243300,0
42.820000,0.493255,0.478715,2.570664,-0.527523,0.399179,-2.539274,1.023872,15.328100,0
42.840000,0.420841,0.490648,2.541931,-0.527520,0.399180,-2.557270,0.952761,15.929600,0
42.860000,0.517905,0.445322,2.414643,-0.529171,0.397075,-2.557388,1.048187,16.714400,0
42.880000,0.477247,0.458225,2.532883,-0.530827,0.394570,-2.557382,1.010082,17.265400,0
42.900000,0.430786,0.498615,2.693430,-0.532484,0.392065,-2.557378,0.969145,17.682300,0
42.920000,0.556738,0.454873,2.443475,-0.534140,0.389561,-2.557374,1.092832,18.438400,0
42.940000,0.493913,0.483910,2.454735,-0.535795,0.387057,-2.557372,1.034253,18.414900,0
42.960000,0.514448,0.449179,2.433735,-0.537451,0.384554,-2.557370,1.053883,17.226500,0
42.980000,0.440362,0.503949,2.564429,-0.539106,0.382050,-2.557369,0.987024,16.609800,0
43.000000,0.502069,0.472467,2.431085,-0.540762,0.379547,-2.557368,1.046963,16.494200,0
43.020000,0.444436,0.488547,2.555637,-0.542417,0.377045,-2.557367,0.993133,15.565200,0
43.040000,0.461714,0.510085,2.409268,-0.544072,0.374542,-2.557366,1.014878,14.960600,0
43.060000,0.475999,0.483037,2.459481,-0.545727,0.372039,-2.557366,1.027737,15.968900,0
43.080000,0.490832,0.464832,2.625726,-0.547382,0.369536,-2.557365,1.042578,17.486300,0
43.100000,0.367386,0.546981,2.769509,-0.549037,0.367034,-2.557365,0.933923,17.332700,0
43.120000,0.424384,0.527204,2.751689,-0.550692,0.364531,-2.557365,0.988553,17.012100,0
43.140000,0.425762,0.521431,2.513144,-0.552347,0.362029,-2.557365,0.991013,16.936000,0
43.160000,0.453976,0.503430,2.498094,-0.554001,0.359526,-2.557365,1.018198,16.581000,0
43.180000,0.488990,0.470978,2.520348,-0.555656,0.357024,-2.557365,1.050843,16.118000,0
43.200000,0.418268,0.523447,2.593857,-0.557311,0.354521,-2.557364,0.990096,15.394800,0
43.220000,0.458562,0.505403,2.451597,-0.558966,0.352019,-2.557364,1.029024,14.563100,0
43.240000,0.501346,0.456826,2.518920,-0.560620,0.349516,-2.557364,1.067374,14.725900,0
43.260000,0.383314,0.550451,2.679857,-0.562275,0.347014,-2.557364,0.967226,14.287800,0
43.280000,0.393444,0.528711,2.486101,-0.563930,0.344511,-2.557364,0.974934,15.151400,0
43.300000,0.371410,0.574076,2.690492,-0.565584,0.342009,-2.557364,0.965304,15.177100,0
43.320000,0.426113,0.518922,2.647149,-0.567239,0.339507,-2.557364,1.009425,14.723200,0
43.340000,0.402230,0.545351,2.518054,-0.568894,0.337004,-2.557364,0.993222,15.792800,0
43.360000,0.475006,0.505087,2.636110,-0.570548,0.334502,-2.557364,1.059379,15.819000,0
43.380000,0.417006,0.523232,2.612257,-0.572203,0.331999,-2.557364,1.007523,15.140200,0
43.400000,0.381946,0.548394,2.590480,-0.573858,0.329497,-2.557364,0.980549,15.107000,0
43.420000,0.383295,0.568299,2.667850,-0.575512,0.326994,-2.557364,0.988706,14.424600,0
43.440000,0.537126,0.479680,2.449893,-0.577167,0.324492,-2.557364,1.125048,15.472600,0
43.460000,0.420816,0.534720,2.506725,-0.578822,0.321990,-2.557364,1.022022,15.628700,0
43.480000,0.417754,0.526845,2.653401,-0.580476,0.319487,-2.557364,1.019539,14.807300,0
43.500000,0.352447,0.554583,2.536502,-0.582131,0.316985,-2.557364,0.964308,14.878800,0
43.520000,0.409014,0.522480,2.449518,-0.583786,0.314482,-2.557364,1.014354,15.217300,0
43.540000,0.404856,0.536127,2.717957,-0.585440,0.311980,-2.557364,1.015346,15.555200,0
43.560000,0.511328,0.470525,2.408507,-0.587095,0.309478,-2.557364,1.110166,15.263800,0
43.580000,0.457388,0.516244,2.440670,-0.588750,0.306975,-2.557364,1.066863,14.235500,0
43.600000,0.410371,0.536771,2.542807,-0.588802,0.306641,-2.574216,1.025333,13.725600,0
43.620000,0.413363,0.533284,2.628395,-0.588799,0.306644,-2.592201,1.027470,14.805900,0
43.640000,0.435511,0.525570,2.704616,-0.588796,0.306647,-2.610190,1.047441,15.393800,0
43.660000,0.444186,0.515900,2.526860,-0.588793,0.306649,-2.628183,1.053960,15.076600,0
43.680000,0.381742,0.557661,2.649994,-0.588790,0.306650,-2.646177,1.002466,14.745500,0
43.700000,0.412913,0.531084,2.805554,-0.588787,0.306651,-2.664172,1.026535,15.989000,0
43.720000,0.366948,0.536103,2.617657,-0.590163,0.304495,-2.664261,0.984735,15.555900,0
43.740000,0.369767,0.572880,2.582776,-0.591543,0.301828,-2.664256,0.998792,14.974000,0
43.760000,0.469589,0.520868,2.496452,-0.592923,0.299161,-2.664252,1.085397,16.127100,0
43.780000,0.363328,0.573806,2.664430,-0.594302,0.296494,-2.664248,0.996974,15.035400,0
43.800000,0.292997,0.586592,2.736500,-0.595681,0.293828,-2.664246,0.935659,15.546000,0
43.820000,0.299553,0.588541,2.804668,-0.597060,0.291162,-2.664244,0.944642,15.350400,0
43.840000,0.389086,0.553629,2.682714,-0.598439,0.288497,-2.664243,1.022497,15.587900,0
43.860000,0.293953,0.573357,2.676405,-0.599818,0.285832,-2.664241,0.938881,15.895000,0
43.880000,0.323620,0.576748,2.776960,-0.601197,0.283166,-2.664241,0.970297,15.352900,0
43.900000,0.371008,0.564700,2.529475,-0.602576,0.280501,-2.664240,1.014216,15.061900,0
43.920000,0.365589,0.547605,2.683237,-0.603954,0.277836,-2.664240,1.006374,14.724700,0
43.940000,0.436513,0.530644,2.546984,-0.605333,0.275172,-2.664239,1.072711,14.415800,0
43.960000,0.358059,0.575731,2.640781,-0.606711,0.272507,-2.664239,1.011300,14.399600,0
43.980000,0.409215,0.536667,2.577224,-0.606729,0.272083,-2.681710,1.049832,14.517400,0
44.000000,0.325676,0.565769,2.590499,-0.606734,0.272071,-2.699893,0.977572,15.418100,0
44.020000,0.361542,0.552566,2.772891,-0.606731,0.272074,-2.717881,1.008081,15.635400,0
44.040000,0.401199,0.559694,2.633807,-0.606729,0.272076,-2.735871,1.048162,14.847800,0
44.060000,0.322082,0.577396,2.713543,-0.606727,0.272077,-2.753862,0.977705,15.585300,0
44.080000,0.384812,0.555121,2.825667,-0.606724,0.272079,-2.771855,1.031144,15.350300,0
44.100000,0.439465,0.547689,2.653677,-0.606722,0.272080,-2.789847,1.081881,15.195600,0
44.120000,0.380948,0.535340,2.749520,-0.606720,0.272080,-2.807840,1.022151,14.913000,0
44.140000,0.306282,0.581930,2.934288,-0.606718,0.272081,-2.825832,0.964145,15.078000,0
44.160000,0.370422,0.585565,2.846051,-0.606715,0.272081,-2.843823,1.026191,14.783200,0
44.180000,0.299282,0.579768,2.956374,-0.606713,0.272081,-2.861813,0.956817,15.238700,0
44.200000,0.402613,0.561475,2.855019,-0.606711,0.272082,-2.879803,1.049992,15.090500,0
44.220000,0.378000,0.557778,2.811437,-0.606709,0.272082,-2.897791,1.025316,14.753600,0
44.240000,0.355345,0.594618,2.868931,-0.606707,0.272082,-2.915780,1.014679,14.549700,0
44.260000,0.429904,0.564588,2.768486,-0.606705,0.272082,-2.933767,1.077088,15.617100,0
44.280000,0.435114,0.557857,2.889287,-0.606703,0.272082,-2.951753,1.080301,14.946300,0
44.300000,0.317592,0.586369,2.931574,-0.606701,0.272082,-2.969740,0.976266,14.738000,0
44.320000,0.444969,0.564852,2.841499,-0.607123,0.269775,-2.977185,1.092689,14.932800,0
44.340000,0.342305,0.582757,2.785887,-0.607614,0.266811,-2.977182,1.001083,15.613100,0
44.360000,0.386340,0.569052,2.934577,-0.608104,0.263848,-2.977170,1.040225,14.941200,0
44.380000,0.355405,0.579558,2.854529,-0.608595,0.260885,-2.977162,1.015307,14.234300,0
44.400000,0.385375,0.571165,3.005144,-0.609086,0.257923,-2.977155,1.042628,15.431000,0
44.420000,0.444954,0.563630,2.780187,-0.609577,0.254962,-2.977151,1.098778,15.529200,0
44.440000,0.267498,0.581318,2.987718,-0.610068,0.252001,-2.977148,0.937321,15.722800,0
44.460000,0.304553,0.596363,3.047436,-0.610560,0.249040,-2.977146,0.978808,14.337300,0
44.480000,0.351584,0.580419,2.958233,-0.611051,0.246079,-2.977145,1.019044,14.659300,0
44.500000,0.392368,0.584695,2.934766,-0.611543,0.243119,-2.977144,1.060430,14.543900,0
44.520000,0.447572,0.551029,3.065280,-0.612034,0.240159,-2.977143,1.104266,15.776400,0
44.540000,0.379151,0.577510,2.986803,-0.612525,0.237199,-2.977143,1.048443,13.649500,0
44.560000,0.277146,0.591191,2.935268,-0.613017,0.234239,-2.977142,0.959065,14.295800,0
44.580000,0.262806,0.595594,2.975893,-0.613508,0.231279,-2.977141,0.949026,15.178900,0
44.600000,0.404290,0.577042,2.930133,-0.613999,0.228320,-2.977140,1.076345,15.885600,0
44.620000,0.263522,0.586651,2.954883,-0.614491,0.225360,-2.977140,0.949440,15.021000,0
44.640000,0.243213,0.588609,3.120803,-0.614567,0.224668,-2.989778,0.931794,15.169100,0
44.660000,0.174508,0.582389,3.110477,-0.614538,0.224496,-3.009778,0.866418,15.476400,0
44.680000,0.239594,0.593138,3.079595,-0.614537,0.224498,-3.027780,0.930288,15.070800,0
44.700000,0.242826,0.591503,2.977496,-0.614536,0.224501,-3.045769,0.932609,14.760500,0
44.720000,0.405774,0.585787,3.027791,-0.614534,0.224504,-3.063758,1.082384,13.918000,0
44.740000,0.304265,0.592704,-3.112175,-0.614533,0.224505,-3.081748,0.989829,14.810700,0
44.760000,0.204971,0.589712,-3.053191,-0.614749,0.222308,-3.090756,0.898291,15.759400,0
44.780000,0.409567,0.592131,3.063533,-0.614900,0.219309,-3.090754,1.090196,15.625600,0
44.800000,0.333948,0.591169,3.003584,-0.615051,0.216310,-3.090750,1.020353,15.296900,0
44.820000,0.096684,0.606508,-3.100746,-0.615202,0.213312,-3.090747,0.813256,15.911300,0
44.840000,0.364849,0.593796,2.982075,-0.615353,0.210314,-3.090744,1.052546,16.859000,0
44.860000,0.369377,0.590867,-3.109403,-0.615505,0.207316,-3.090741,1.056932,16.856300,0
44.880000,0.302188,0.590805,3.027540,-0.615657,0.204319,-3.090739,0.995897,16.607400,0
44.900000,0.184497,0.596882,3.105972,-0.615809,0.201322,-3.090738,0.892725,14.207000,0
44.920000,0.378246,0.591341,2.869800,-0.615962,0.198325,-3.090736,1.069070,14.266700,0
44.940000,0.167472,0.598769,-3.119544,-0.616114,0.195328,-3.090735,0.881347,14.309400,0
44.960000,0.251284,0.598973,3.094138,-0.616267,0.192332,-3.090735,0.958124,13.363600,0
44.980000,0.204922,0.600372,2.994576,-0.616419,0.189335,-3.090734,0.918451,14.980500,0
45.000000,0.318850,0.592295,3.119230,-0.616572,0.186339,-3.090734,1.019713,13.710000,0
45.020000,0.428792,0.591116,3.015732,-0.616724,0.183343,-3.090733,1.122222,14.250100,0
45.040000,0.229721,0.596140,3.061099,-0.616877,0.180346,-3.090733,0.943192,13.224500,0
45.060000,0.304480,0.595938,-3.100439,-0.617029,0.177350,-3.090733,1.012124,13.723800,0
45.080000,0.312725,0.589694,2.995121,-0.617182,0.174354,-3.090733,1.018447,13.455500,0
45.100000,0.379127,0.585553,2.975259,-0.617334,0.171358,-3.090733,1.079116,14.093700,0
45.120000,0.220286,0.592436,-3.097732,-0.617487,0.168361,-3.090733,0.938991,14.376000,0
45.140000,0.303973,0.594513,3.130548,-0.617452,0.167496,-3.101051,1.015563,14.357400,0
45.160000,0.258428,0.599918,-3.107228,-0.617443,0.167323,-3.121049,0.976877,14.407600,0
45.180000,0.228592,0.599522,-3.048738,-0.617442,0.167321,-3.139098,0.950037,14.148000,0
45.200000,0.217596,0.603039,-3.070324,-0.617441,0.167324,3.126099,0.941878,13.981800,0
45.220000,0.325218,0.596597,-3.100510,-0.617440,0.167326,3.108110,1.035798,14.048400,0
45.240000,0.237190,0.579302,-2.990238,-0.617439,0.167329,3.090121,0.948743,13.992800,0
45.260000,0.326933,0.588464,-3.041977,-0.617316,0.165156,3.080828,1.034793,14.647300,0
45.280000,0.320458,0.595075,-3.127921,-0.617131,0.162159,3.080830,1.032710,14.366100,0
45.300000,0.233486,0.606665,3.036140,-0.616947,0.159162,3.080836,0.960986,14.904700,0
45.320000,0.289128,0.600143,-3.109077,-0.616763,0.156165,3.080839,1.008838,15.008800,0
45.340000,0.225497,0.601591,3.049439,-0.616580,0.153169,3.080842,0.954031,15.217600,0
45.360000,0.276568,0.591983,-3.045964,-0.616397,0.150173,3.080844,0.996284,15.072900,0
45.380000,0.244429,0.592835,-3.022289,-0.616214,0.147178,3.080846,0.969183,15.994900,0
45.400000,0.395015,0.610559,3.059992,-0.616032,0.144182,3.080848,1.113429,15.360800,0
45.420000,0.072643,0.596076,-2.893496,-0.615849,0.141187,3.080849,0.825194,15.892800,0
45.440000,0.229454,0.584609,-2.952119,-0.615667,0.138192,3.080850,0.955781,15.999700,0
45.460000,0.146039,0.597040,-2.995087,-0.615485,0.135197,3.080851,0.890627,15.260800,0
45.480000,0.238690,0.595833,3.057816,-0.615303,0.132202,3.080851,0.971729,15.400300,0
45.500000,0.105003,0.595720,-2.936028,-0.615121,0.129208,3.080852,0.858028,15.824200,0
45.520000,0.297813,0.589091,-3.070551,-0.614938,0.126213,3.080852,1.023411,15.274600,0
45.540000,0.046138,0.584484,-2.829036,-0.614756,0.123218,3.080852,0.805945,15.092700,0
45.560000,0.216533,0.578860,-3.017661,-0.614574,0.120224,3.080853,0.949255,14.486500,0
45.580000,0.325892,0.609491,3.114000,-0.614392,0.117229,3.080853,1.061346,14.422100,0
45.600000,0.227510,0.596284,-2.966082,-0.614210,0.114234,3.080853,0.969982,13.583100,0
45.620000,0.233461,0.601800,-3.096842,-0.614028,0.111240,3.080853,0.979228,14.734900,0
45.640000,0.112519,0.595500,-2.889457,-0.613846,0.108245,3.080853,0.874657,14.507100,0
45.660000,0.226620,0.602444,3.096277,-0.613664,0.105251,3.080853,0.976360,15.053400,0
45.680000,0.248912,0.589179,-3.050034,-0.613482,0.102256,3.080853,0.990363,15.046500,0
45.700000,0.359112,0.604534,3.033725,-0.613522,0.101412,3.091463,1.095056,14.014000,0
45.720000,0.146070,0.609215,3.127941,-0.613533,0.101239,3.111461,0.913803,15.325600,0
45.740000,0.312483,0.594369,2.947622,-0.613534,0.101240,3.129475,1.049134,13.891400,0
45.760000,0.268805,0.587704,3.124851,-0.613535,0.101243,-3.135722,1.007556,14.895100,0
45.780000,0.242331,0.593909,3.049200,-0.613536,0.101246,-3.117733,0.987535,15.463000,0
45.800000,0.287833,0.593713,3.133594,-0.613537,0.101248,-3.099743,1.027127,16.138900,0
45.820000,0.210078,0.590278,3.046121,-0.613637,0.099085,-3.090332,0.959050,16.295200,0
45.840000,0.181142,0.594756,2.981886,-0.613793,0.096086,-3.090334,0.938399,16.218200,0
45.860000,0.261940,0.590459,3.045969,-0.613949,0.093088,-3.090338,1.007254,15.952000,0
45.880000,0.159639,0.605965,3.074672,-0.614105,0.090089,-3.090341,0.929951,17.265900,0
45.900000,0.082600,0.601565,-3.022867,-0.614259,0.087092,-3.090344,0.866195,15.904000,0
45.920000,0.083927,0.567886,3.130583,-0.614414,0.084094,-3.090346,0.849550,16.289500,0
45.940000,0.187079,0.588273,3.117294,-0.614568,0.081097,-3.090348,0.948612,16.383300,0
45.960000,0.210730,0.602626,3.042947,-0.614722,0.078100,-3.090350,0.978008,14.762700,0
45.980000,0.220774,0.583567,2.909511,-0.614876,0.075103,-3.090351,0.978185,13.957900,0
46.000000,0.206733,0.580399,3.091618,-0.615030,0.072107,-3.090352,0.966258,14.260400,0
46.020000,0.184796,0.600071,3.085201,-0.615184,0.069110,-3.090353,0.960150,14.079400,0
46.040000,0.148360,0.594323,-3.137894,-0.615337,0.066114,-3.090354,0.928568,14.964700,0
46.060000,0.141701,0.595431,3.141574,-0.615491,0.063117,-3.090354,0.925580,13.673100,0
46.080000,0.112835,0.595008,3.041172,-0.615645,0.060121,-3.090354,0.903763,13.478400,0
46.100000,0.090216,0.603118,-3.077563,-0.615798,0.057125,-3.090355,0.892505,13.526100,0
46.120000,0.102166,0.594413,3.101059,-0.615952,0.054129,-3.090355,0.898666,14.198400,0
46.140000,0.211233,0.593700,3.093799,-0.616106,0.051132,-3.090355,0.989378,13.702800,0
46.160000,0.158527,0.599450,3.132648,-0.616259,0.048136,-3.090355,0.950916,14.960600,0
46.180000,0.151994,0.595564,2.948476,-0.616413,0.045140,-3.090355,0.945207,14.515900,0
46.200000,0.252016,0.571418,3.066702,-0.616566,0.042144,-3.090355,1.017136,14.315300,0
46.220000,0.053577,0.608456,-3.078980,-0.616720,0.039148,-3.090355,0.879437,14.594200,0
46.240000,0.059296,0.593942,3.023248,-0.616874,0.036152,-3.090355,0.876548,15.113800,0
46.260000,0.078814,0.602984,3.059686,-0.617027,0.033156,-3.090355,0.899388,14.582900,0
46.280000,0.080203,0.596774,-3.010033,-0.617181,0.030160,-3.090355,0.898552,14.913900,0
46.300000,0.080332,0.597204,3.075006,-0.617335,0.027164,-3.090355,0.900936,14.579300,0
46.320000,0.122096,0.591480,3.058994,-0.617488,0.024167,-3.090355,0.932110,14.313700,0
46.340000,0.180907,0.595273,2.957789,-0.617642,0.021171,-3.090355,0.983500,14.748600,0
46.360000,0.046634,0.611307,3.136833,-0.617795,0.018175,-3.090355,0.890658,14.892400,0
46.380000,0.141173,0.604245,3.116186,-0.617949,0.015179,-3.090355,0.960867,14.006800,0
46.400000,0.171264,0.600390,3.084437,-0.618103,0.012183,-3.090355,0.984422,14.409400,0
46.420000,0.163195,0.589865,3.036019,-0.618256,0.009187,-3.090355,0.973577,14.094600,0
46.440000,0.096049,0.602611,3.037865,-0.618410,0.006191,-3.090355,0.930682,14.739300,0
46.460000,0.085695,0.604778,3.000647,-0.618564,0.003195,-3.090355,0.926220,15.098500,0
46.480000,-0.025779,0.612940,-3.068426,-0.618717,0.000199,-3.090355,0.852659,14.375900,0
46.500000,0.111785,0.601794,-3.096413,-0.618871,-0.002797,-3.090355,0.948361,14.518400,0
46.520000,0.081969,0.592516,3.122412,-0.619025,-0.005793,-3.090355,0.921611,15.036400,0
46.540000,0.056043,0.602606,3.009192,-0.619178,-0.008789,-3.090355,0.910893,15.647600,0
46.560000,-0.009915,0.611834,-3.027495,-0.619332,-0.011785,-3.090355,0.871945,15.270800,0
46.580000,0.193999,0.605305,-3.102277,-0.619486,-0.014781,-3.090355,1.022871,15.734100,0
46.600000,0.098806,0.593005,3.088419,-0.619639,-0.017778,-3.090355,0.942984,13.955700,0
46.620000,0.268907,0.598968,3.053974,-0.619793,-0.020774,-3.090355,1.083452,15.289800,0
46.640000,0.195787,0.587333,3.140450,-0.619946,-0.023770,-3.090355,1.019248,14.973000,0
46.660000,0.007949,0.595912,-3.103317,-0.620100,-0.026766,-3.090355,0.884406,14.280600,0
46.680000,0.031652,0.611939,3.058327,-0.620254,-0.029762,-3.090355,0.914747,15.052200,0
46.700000,0.068395,0.609372,-3.127044,-0.620407,-0.032758,-3.090355,0.941690,14.174000,0
46.720000,0.023307,0.608870,3.049677,-0.620561,-0.035754,-3.090355,0.911101,14.993400,0
46.740000,0.070382,0.594905,3.137018,-0.620715,-0.038750,-3.090355,0.937621,14.260200,0
46.760000,0.040759,0.607527,3.093106,-0.620868,-0.041746,-3.090355,0.926988,13.867200,0
46.780000,0.133919,0.609290,3.030291,-0.621022,-0.044742,-3.090355,0.998846,13.602600,0
46.800000,0.121852,0.593301,3.028339,-0.621176,-0.047738,-3.090355,0.981336,13.603200,0
46.820000,0.100012,0.590332,2.962919,-0.621329,-0.050734,-3.090355,0.965038,14.374700,0
46.840000,0.026727,0.591807,2.950260,-0.621483,-0.053730,-3.090355,0.914819,15.026700,0
46.860000,0.113225,0.588827,3.056059,-0.621637,-0.056726,-3.090355,0.978142,14.258400,0
46.880000,-0.140314,0.596080,2.801832,-0.621790,-0.059722,-3.090355,0.813570,14.726500,0
46.900000,-0.076645,0.624813,-3.087397,-0.621944,-0.062718,-3.090355,0.877525,14.883500,0
46.920000,-0.033674,0.602600,3.083012,-0.622098,-0.065715,-3.090355,0.890443,15.357400,0
46.940000,0.069642,0.601068,3.130335,-0.622251,-0.068711,-3.090355,0.962974,15.187300,0
46.960000,0.123627,0.609793,3.103104,-0.622405,-0.071707,-3.090355,1.010448,14.442100,0
46.980000,0.126981,0.596129,3.078552,-0.622558,-0.074703,-3.090355,1.005895,14.261000,0
47.000000,0.015296,0.614139,-3.093341,-0.622712,-0.077699,-3.090355,0.941113,15.116600,0
47.020000,0.071675,0.594912,-3.128611,-0.622866,-0.080695,-3.090355,0.968934,16.292200,0
47.040000,0.001330,0.600004,3.116865,-0.623019,-0.083691,-3.090355,0.925878,16.650700,0
47.060000,0.105526,0.611717,3.095490,-0.623173,-0.086687,-3.090355,1.009342,16.024100,0
47.080000,0.017671,0.601948,2.974228,-0.623327,-0.089683,-3.090355,0.942991,15.376400,0
47.100000,0.146232,0.592736,-3.132816,-0.623480,-0.092679,-3.090355,1.030656,14.764500,0
47.120000,-0.045978,0.617795,3.117666,-0.623634,-0.095675,-3.090355,0.918001,14.691500,0
47.140000,0.060433,0.607782,2.852005,-0.623788,-0.098671,-3.090355,0.983481,14.336500,0
47.160000,0.029883,0.613891,3.119931,-0.623941,-0.101667,-3.090355,0.969282,15.737600,0
47.180000,0.138099,0.598422,2.867603,-0.624095,-0.104663,-3.090355,1.036951,16.336200,0
47.200000,0.003033,0.612240,2.986682,-0.624249,-0.107659,-3.090355,0.954849,15.433000,0
47.220000,0.016214,0.609355,3.117191,-0.624402,-0.110655,-3.090355,0.963744,15.861400,0
47.240000,-0.080803,0.598034,3.132178,-0.624556,-0.113652,-3.090355,0.895636,16.733900,0
47.260000,-0.110953,0.614152,-3.100352,-0.624709,-0.116648,-3.090355,0.893316,16.375600,0
47.280000,0.086420,0.611683,2.878213,-0.624863,-0.119644,-3.090355,1.020178,17.117800,0
47.300000,-0.064859,0.605830,2.982882,-0.625017,-0.122640,-3.090355,0.918937,16.225200,0
47.320000,-0.083066,0.612467,-3.119991,-0.625170,-0.125636,-3.090355,0.915791,16.494400,0
47.340000,-0.004793,0.605310,3.125996,-0.625324,-0.128632,-3.090355,0.961108,15.751400,0
47.360000,-0.085987,0.612382,3.072482,-0.625478,-0.131628,-3.090355,0.919022,16.290800,0
47.380000,0.081586,0.601393,3.082299,-0.625631,-0.134624,-3.090355,1.020723,16.721900,0
47.400000,-0.061450,0.592541,-3.027510,-0.625785,-0.137620,-3.090355,0.922826,16.071500,0
47.420000,-0.065128,0.604602,3.086798,-0.625939,-0.140616,-3.090355,0.932662,16.818300,0
47.440000,0.071042,0.602781,3.054085,-0.626092,-0.143612,-3.090355,1.021322,16.693900,0
47.460000,-0.037888,0.613305,3.115815,-0.626246,-0.146608,-3.090355,0.961058,16.064700,0
47.480000,-0.089575,0.613741,3.051219,-0.626400,-0.149604,-3.090355,0.933207,15.450500,0
47.500000,-0.057715,0.606579,-3.102717,-0.626553,-0.152600,-3.090355,0.948646,16.908700,0
47.520000,0.018631,0.605830,3.129843,-0.626707,-0.155596,-3.090355,0.998114,14.400200,0
47.540000,-0.032371,0.612636,3.023114,-0.626861,-0.158592,-3.090355,0.973761,14.029300,0
47.560000,0.158905,0.606763,3.021289,-0.627014,-0.161589,-3.090355,1.099106,13.920700,0
47.580000,-0.099998,0.606446,2.970725,-0.627168,-0.164585,-3.090355,0.934021,14.173900,0
47.600000,0.064141,0.593231,2.917534,-0.627321,-0.167581,-3.090355,1.028083,14.778700,0
47.620000,-0.093766,0.607062,2.859122,-0.627475,-0.170577,-3.090355,0.943169,14.912600,0
47.640000,0.013351,0.604562,3.039984,-0.627629,-0.173573,-3.090355,1.008142,14.916000,0
47.660000,0.066426,0.600019,2.945536,-0.627782,-0.176569,-3.090355,1.041639,14.509800,0
47.680000,-0.067348,0.608485,3.088983,-0.627936,-0.179565,-3.090355,0.967099,15.988900,0
47.700000,-0.138154,0.617374,3.075811,-0.628090,-0.182561,-3.090355,0.938048,14.279400,0
47.720000,-0.037249,0.615749,3.076840,-0.628243,-0.185557,-3.090355,0.995673,14.208500,0
47.740000,0.003808,0.612576,2.990808,-0.628397,-0.188553,-3.090355,1.020535,14.742500,0
47.760000,-0.075318,0.603177,3.040625,-0.628551,-0.191549,-3.090355,0.968327,14.091000,0
47.780000,-0.011411,0.609386,3.111320,-0.628704,-0.194545,-3.090355,1.013585,14.185200,0
47.800000,-0.003845,0.613539,3.016145,-0.628858,-0.197541,-3.090355,1.023959,13.492700,0
47.820000,-0.197729,0.614588,3.030577,-0.629012,-0.200537,-3.090355,0.922190,15.076500,0
47.840000,-0.194429,0.618622,-3.066042,-0.629165,-0.203533,-3.090355,0.930019,14.570400,0
47.860000,0.025254,0.610022,2.926657,-0.629319,-0.206529,-3.090355,1.046528,14.388400,0
47.880000,-0.174422,0.629519,3.119364,-0.629472,-0.209526,-3.090355,0.954499,14.377800,0
47.900000,-0.106912,0.606326,3.077757,-0.629626,-0.212522,-3.090355,0.971464,13.991400,0
47.920000,0.003108,0.596857,3.100567,-0.629591,-0.213386,-3.100681,1.028008,14.907500,0
47.940000,-0.151755,0.614339,3.137589,-0.629583,-0.213560,-3.120678,0.955895,14.852900,0
47.960000,-0.166007,0.617751,-3.067224,-0.629582,-0.213559,-3.138698,0.951829,14.347800,0
47.980000,-0.045497,0.616206,3.047512,-0.629581,-0.213556,3.126499,1.014721,13.471700,0
48.000000,-0.132393,0.610726,3.137406,-0.629580,-0.213553,3.108509,0.962616,12.826500,0
48.020000,-0.115242,0.633144,3.114331,-0.629501,-0.215700,3.098912,0.992471,12.946300,0
48.040000,-0.071147,0.610289,3.060924,-0.629498,-0.215712,3.098826,0.997012,12.754900,0
48.060000,-0.076608,0.601706,-3.121672,-0.629368,-0.218245,3.098808,0.988870,13.675400,0
48.080000,-0.199491,0.620911,-3.048510,-0.629238,-0.221244,3.098810,0.945467,14.153400,0
48.100000,-0.139270,0.610351,-2.948071,-0.629108,-0.224243,3.098812,0.967723,13.182800,0
48.120000,-0.168786,0.606056,3.122491,-0.628979,-0.227241,3.098814,0.951926,13.722600,0
48.140000,-0.077335,0.614647,3.134309,-0.628850,-0.230240,3.098815,1.008961,14.398400,0
48.160000,-0.086205,0.626424,-3.116341,-0.628721,-0.233238,3.098817,1.016535,14.683900,0
48.180000,-0.161332,0.623857,3.054605,-0.628592,-0.236236,3.098818,0.978822,14.703800,0
48.200000,-0.210833,0.625773,-3.026424,-0.628464,-0.239233,3.098818,0.960547,15.022300,0
48.220000,-0.124837,0.606239,-3.112329,-0.628335,-0.242231,3.098819,0.986616,15.006700,0
48.240000,-0.134062,0.605569,-2.925093,-0.628207,-0.245229,3.098820,0.983889,15.050500,0
48.260000,-0.154712,0.593498,3.069440,-0.628079,-0.248226,3.098820,0.965700,16.720900,0
48.280000,-0.029824,0.624070,3.000218,-0.627950,-0.251224,3.098820,1.060139,15.841900,0
48.300000,-0.205567,0.617204,3.063110,-0.627822,-0.254221,3.098820,0.968339,15.373400,0
48.320000,-0.067056,0.613804,-3.106888,-0.627694,-0.257219,3.098821,1.035856,15.430500,0
48.340000,-0.199526,0.611180,-3.066718,-0.627565,-0.260216,3.098821,0.970850,15.667300,0
48.360000,-0.100739,0.620229,-3.132217,-0.627437,-0.263213,3.098821,1.028534,15.034100,0
48.380000,-0.041362,0.617636,2.900146,-0.627309,-0.266211,3.098821,1.060434,16.535100,0
48.400000,-0.246852,0.634314,-3.136121,-0.627181,-0.269208,3.098821,0.980307,15.724500,0
48.420000,-0.237613,0.612013,3.138970,-0.627052,-0.272205,3.098821,0.966181,15.076800,0
48.440000,-0.156217,0.610508,-3.073320,-0.626924,-0.275203,3.098821,1.003020,13.114000,0
48.460000,-0.226507,0.612584,3.127314,-0.626796,-0.278200,3.098821,0.976590,13.097300,0
48.480000,-0.058126,0.612553,3.012693,-0.626668,-0.281197,3.098821,1.059259,13.901900,0
48.500000,-0.159825,0.621444,-3.097081,-0.626539,-0.284194,3.098821,1.018824,13.320400,0
48.520000,-0.255399,0.616079,-3.061360,-0.626411,-0.287192,3.098821,0.976498,14.258200,0
48.540000,-0.125619,0.620447,-3.123045,-0.626283,-0.290189,3.098821,1.039193,15.576500,0
48.560000,-0.216393,0.619844,-3.096349,-0.626155,-0.293186,3.098821,1.000764,15.939300,0
48.580000,-0.155371,0.627333,-3.010214,-0.626026,-0.296183,3.098821,1.036532,15.955700,0
48.600000,-0.305841,0.609607,-3.023629,-0.625898,-0.299181,3.098821,0.963500,16.464700,0
48.620000,-0.216131,0.590971,3.036937,-0.625770,-0.302178,3.098821,0.982608,15.479100,0
48.640000,-0.268219,0.622755,-3.086062,-0.625642,-0.305175,3.098821,0.994387,16.703200,0
48.660000,-0.136679,0.615014,3.139839,-0.625513,-0.308173,3.098821,1.044620,16.255700,0
48.680000,-0.103364,0.613686,3.068173,-0.625385,-0.311170,3.098821,1.062010,13.750100,0
48.700000,-0.154992,0.613794,3.134034,-0.625257,-0.314167,3.098821,1.040318,13.946400,0
48.720000,-0.293698,0.609826,3.130078,-0.625128,-0.317164,3.098821,0.984457,13.470500,0
48.740000,-0.209802,0.610296,-3.012024,-0.625000,-0.320162,3.098821,1.018892,14.282800,0
48.760000,-0.242978,0.597841,-3.084274,-0.624872,-0.323159,3.098821,0.997038,14.721700,0
48.780000,-0.085426,0.613571,3.004975,-0.624744,-0.326156,3.098821,1.083490,14.681000,0
48.800000,-0.183900,0.614052,3.063112,-0.624615,-0.329153,3.098821,1.041088,14.112200,0
48.820000,-0.216746,0.621683,-3.013467,-0.624487,-0.332151,3.098821,1.037329,15.425900,0
48.840000,-0.106491,0.625425,3.123676,-0.624359,-0.335148,3.098821,1.091278,15.378300,0
48.860000,-0.212621,0.600671,-3.112461,-0.624231,-0.338145,3.098821,1.025085,15.973300,0
48.880000,-0.244105,0.621314,3.137244,-0.624102,-0.341142,3.098821,1.034756,16.174400,0
48.900000,-0.318861,0.616408,-2.920738,-0.623974,-0.344140,3.098821,1.007842,15.926300,0
48.920000,-0.254417,0.600449,-3.070501,-0.623846,-0.347137,3.098821,1.017053,16.167300,0
48.940000,-0.269078,0.601215,2.991149,-0.623717,-0.350134,3.098821,1.015299,13.623000,0
48.960000,-0.161252,0.603608,3.017736,-0.623589,-0.353131,3.098821,1.062594,14.485900,0
48.980000,-0.226715,0.623357,-3.023936,-0.623461,-0.356129,3.098821,1.056787,13.455000,0
49.000000,-0.298939,0.620567,-3.078341,-0.623333,-0.359126,3.098821,1.032003,15.122400,0
49.020000,-0.207538,0.617221,3.096956,-0.623302,-0.360019,3.088889,1.062006,16.260900,0
49.040000,-0.138176,0.599321,-3.007032,-0.623293,-0.360192,3.068892,1.075176,17.564600,0
49.060000,-0.096322,0.627956,3.016485,-0.623292,-0.360200,3.050769,1.119888,15.892100,0
49.080000,-0.264463,0.613437,-3.083549,-0.623291,-0.360197,3.032781,1.037652,15.931400,0
49.100000,-0.330438,0.605309,-2.896490,-0.623290,-0.360193,3.014777,1.008939,13.642500,0
49.120000,-0.168447,0.633705,-3.005738,-0.623289,-0.360187,2.996747,1.093025,13.387700,0
49.140000,-0.362277,0.603579,-3.037864,-0.623288,-0.360181,2.978704,0.998479,15.260900,0
49.160000,-0.302376,0.614013,-2.899430,-0.622887,-0.362477,2.971108,1.027745,13.341100,0
49.180000,-0.272121,0.592556,3.131413,-0.622375,-0.365436,2.971109,1.020013,15.271200,0
49.200000,-0.294022,0.611969,-2.912980,-0.621864,-0.368395,2.971111,1.033728,16.810000,0
49.220000,-0.249754,0.608881,-3.013814,-0.621354,-0.371353,2.971114,1.048306,14.459800,0
49.240000,-0.193279,0.596450,-3.015863,-0.620844,-0.374311,2.971118,1.060749,14.363900,0
49.260000,-0.197865,0.624550,-2.966469,-0.620334,-0.377269,2.971120,1.087254,14.262500,0
49.280000,-0.241850,0.615761,-2.972643,-0.619825,-0.380227,2.971122,1.065297,14.334800,0
49.300000,-0.223404,0.603830,-2.990910,-0.619315,-0.383184,2.971124,1.063458,14.633500,0
49.320000,-0.277771,0.613459,-3.014902,-0.618806,-0.386142,2.971125,1.056176,14.104900,0
49.340000,-0.398591,0.589021,-2.943430,-0.618297,-0.389099,2.971126,1.002492,14.825000,0
49.360000,-0.211904,0.612202,3.081276,-0.617788,-0.392056,2.971127,1.083179,14.421300,0
49.380000,-0.231497,0.616629,-2.921291,-0.617279,-0.395013,2.971128,1.082704,14.334700,0
49.400000,-0.358104,0.605082,-2.874749,-0.616770,-0.397969,2.971128,1.035867,14.603500,0
49.420000,-0.310943,0.599088,3.137926,-0.616261,-0.400926,2.971129,1.045585,15.260200,0
49.440000,-0.153829,0.606444,-2.925984,-0.615752,-0.403883,2.971129,1.110916,15.182200,0
49.460000,-0.242272,0.627768,-3.050588,-0.615243,-0.406840,2.971129,1.099783,14.261700,0
49.480000,-0.335405,0.606916,-3.028315,-0.614734,-0.409796,2.971129,1.054385,14.612700,0
49.500000,-0.434626,0.597348,-2.709675,-0.614226,-0.412753,2.971129,1.025943,14.896900,0
49.520000,-0.318539,0.596603,-3.032107,-0.613717,-0.415710,2.971129,1.054471,14.603600,0
49.540000,-0.469217,0.577831,-2.779307,-0.613208,-0.418666,2.971129,1.006847,15.189000,0
49.560000,-0.246573,0.636825,-3.073434,-0.612699,-0.421623,2.971129,1.119983,14.590400,0
49.580000,-0.317336,0.621426,-3.022762,-0.612190,-0.424579,2.971129,1.086768,14.764700,0
49.600000,-0.231124,0.626331,-3.080271,-0.611681,-0.427536,2.971129,1.120473,15.167200,0
49.620000,-0.333098,0.603338,-2.991168,-0.611172,-0.430492,2.971129,1.070574,13.957900,0
49.640000,-0.428710,0.589130,-2.954204,-0.610663,-0.433449,2.971129,1.038641,14.998000,0
49.660000,-0.228719,0.608636,3.135314,-0.610576,-0.434171,2.958936,1.110523,15.111000,0
49.680000,-0.370360,0.611727,-2.825287,-0.610544,-0.434341,2.938938,1.073288,15.523200,0
49.700000,-0.386542,0.599544,-2.969220,-0.610544,-0.434340,2.920919,1.057872,15.885600,0
49.720000,-0.336151,0.586580,-2.811212,-0.610544,-0.434336,2.902921,1.057148,15.781300,0
49.740000,-0.333742,0.610599,-2.825713,-0.610543,-0.434331,2.884910,1.080971,13.715300,0
49.760000,-0.330717,0.624318,-2.835066,-0.610542,-0.434327,2.866892,1.095003,13.680500,0
49.780000,-0.293022,0.614592,-2.941561,-0.609841,-0.436706,2.860932,1.097999,13.974800,0
49.800000,-0.312939,0.608536,-2.998693,-0.609008,-0.439591,2.860930,1.089140,13.582300,0
49.820000,-0.382854,0.603629,-2.851535,-0.608175,-0.442476,2.860931,1.070096,13.906800,0
49.840000,-0.338287,0.594804,-2.799924,-0.607343,-0.445361,2.860935,1.074400,14.656800,0
49.860000,-0.317732,0.597029,-2.748778,-0.606511,-0.448245,2.860937,1.084431,14.208300,0
49.880000,-0.337959,0.584713,-2.877442,-0.605679,-0.451129,2.860939,1.069880,14.668800,0
49.900000,-0.275225,0.592449,-2.949274,-0.604848,-0.454012,2.860941,1.097147,15.031400,0
49.920000,-0.426875,0.578698,-2.673125,-0.604016,-0.456896,2.860942,1.050635,14.602800,0
49.940000,-0.408864,0.557898,-2.873787,-0.603185,-0.459779,2.860943,1.036063,15.231000,0
49.960000,-0.404329,0.593390,-2.859841,-0.602354,-0.462662,2.860944,1.074458,14.344800,0
49.980000,-0.309882,0.592175,-2.824256,-0.601523,-0.465545,2.860945,1.097191,14.636700,0
50.000000,-0.387527,0.579308,-2.800292,-0.600692,-0.468428,2.860945,1.069200,15.109100,0
50.020000,-0.389286,0.572230,-2.856368,-0.599861,-0.471311,2.860946,1.064575,15.090700,0
50.040000,-0.409227,0.577421,-3.004187,-0.599030,-0.474194,2.860946,1.068606,14.721800,0
50.060000,-0.451571,0.577419,-2.833407,-0.598199,-0.477077,2.860946,1.064641,15.006000,0
50.080000,-0.273273,0.621284,-3.116005,-0.597368,-0.479959,2.860946,1.147943,15.472000,0
50.100000,-0.377788,0.586397,-2.748558,-0.596537,-0.482842,2.860946,1.091386,14.720200,0
50.120000,-0.313820,0.613104,-2.988362,-0.595706,-0.485725,2.860947,1.134409,14.924900,0
50.140000,-0.262525,0.593575,-2.862325,-0.594875,-0.488608,2.860947,1.132067,15.538300,0
50.160000,-0.311525,0.613213,-2.961531,-0.594044,-0.491490,2.860947,1.140257,15.449400,0
50.180000,-0.428635,0.587534,-2.717536,-0.593214,-0.494373,2.860947,1.094353,15.009200,0
50.200000,-0.357630,0.588406,-2.902602,-0.592383,-0.497256,2.860947,1.110752,15.029000,0
50.220000,-0.445392,0.580343,-2.845948,-0.591552,-0.500138,2.860947,1.090322,15.181100,0
50.240000,-0.284398,0.595813,-2.880983,-0.590721,-0.503021,2.860947,1.140732,15.458300,0
50.260000,-0.437067,0.585993,-2.954230,-0.589890,-0.505904,2.860947,1.102540,14.730400,0
50.280000,-0.493640,0.568545,-2.655559,-0.589059,-0.508786,2.860947,1.081548,15.202500,0
50.300000,-0.307085,0.637345,-2.984582,-0.588228,-0.511669,2.860947,1.182909,14.818500,0
50.320000,-0.350345,0.599128,-2.961227,-0.587397,-0.514552,2.860947,1.138629,14.795800,0
50.340000,-0.413365,0.580447,-2.807052,-0.587289,-0.515159,2.847351,1.109325,15.255900,0
50.360000,-0.437261,0.590908,-2.743667,-0.587250,-0.515288,2.827789,1.116318,15.081000,0
50.380000,-0.404153,0.571098,-2.888615,-0.587250,-0.515286,2.809784,1.101706,14.689900,0
50.400000,-0.314980,0.606164,-2.907104,-0.587250,-0.515281,2.791782,1.154023,15.658100,0
50.420000,-0.362364,0.610355,-2.944961,-0.587249,-0.515277,2.773773,1.147877,15.635300,0
50.440000,-0.334050,0.592488,-2.878641,-0.587249,-0.515272,2.755761,1.136328,14.846300,0
50.460000,-0.350500,0.618374,-2.978486,-0.587248,-0.515268,2.737746,1.158099,15.219400,0
50.480000,-0.181434,0.633395,-2.956260,-0.587248,-0.515264,2.719732,1.218238,15.332800,0
50.500000,-0.310171,0.608833,-2.877833,-0.587247,-0.515260,2.701718,1.157737,15.230700,0
50.520000,-0.368442,0.607473,-2.787434,-0.587246,-0.515257,2.683705,1.143852,15.427100,0
50.540000,-0.429556,0.576418,-2.605505,-0.587245,-0.515253,2.665694,1.103001,16.032400,0
50.560000,-0.374210,0.591122,-2.821232,-0.587244,-0.515250,2.647684,1.126695,15.211000,0
50.580000,-0.367684,0.600929,-2.648552,-0.587244,-0.515247,2.629676,1.137565,14.783300,0
50.600000,-0.458469,0.556662,-2.555090,-0.587243,-0.515244,2.611669,1.079613,14.643600,0
50.620000,-0.408080,0.579152,-2.695522,-0.587242,-0.515241,2.593664,1.108961,14.636300,0
50.640000,-0.443018,0.564714,-2.477336,-0.587241,-0.515238,2.575661,1.089540,14.920900,0
50.660000,-0.415554,0.580996,-2.404617,-0.587240,-0.515236,2.557659,1.109595,14.720900,0
50.680000,-0.397423,0.611608,-2.499360,-0.587239,-0.515233,2.539658,1.142716,14.714700,0
50.700000,-0.430268,0.569840,-2.477102,-0.587238,-0.515231,2.521659,1.096366,14.041900,0
50.720000,-0.421445,0.548803,-2.347309,-0.587237,-0.515228,2.503660,1.076870,14.211900,0
50.740000,-0.387655,0.579531,-2.599143,-0.587236,-0.515226,2.485663,1.112801,14.586000,0
50.760000,-0.377420,0.608326,-2.414641,-0.587235,-0.515224,2.467666,1.142973,14.058600,0
50.780000,-0.376736,0.614046,-2.513086,-0.587234,-0.515222,2.449671,1.148719,13.774100,0
50.800000,-0.394009,0.591664,-2.363308,-0.587233,-0.515219,2.431676,1.123622,13.059800,0
50.820000,-0.464794,0.568478,-2.288345,-0.587232,-0.515217,2.413682,1.090590,13.472500,0
50.840000,-0.457613,0.560681,-2.228707,-0.587231,-0.515215,2.395688,1.083676,13.859800,0
50.860000,-0.405879,0.602529,-2.251041,-0.587230,-0.515213,2.377695,1.132358,14.148700,0
50.880000,-0.352797,0.638362,-2.557521,-0.587230,-0.515211,2.359702,1.177154,14.382800,0
50.900000,-0.319903,0.593671,-2.633565,-0.587229,-0.515209,2.341710,1.140648,14.303400,0
50.920000,-0.259529,0.658143,-2.470223,-0.587228,-0.515207,2.323719,1.218251,14.459100,0
50.940000,-0.423463,0.583726,-2.231231,-0.587227,-0.515205,2.305727,1.111067,13.977400,0
50.960000,-0.411778,0.640501,-2.274204,-0.587226,-0.515203,2.287737,1.168945,13.722000,0
50.980000,-0.380038,0.646100,-2.280587,-0.587225,-0.515201,2.269746,1.179638,14.304400,0
51.000000,-0.438417,0.593450,-2.320087,-0.587225,-0.515199,2.251756,1.118591,13.906600,0
51.020000,-0.410753,0.595640,-2.403337,-0.587224,-0.515197,2.233766,1.124767,14.266900,0
51.040000,-0.446210,0.579289,-2.078977,-0.587223,-0.515195,2.215777,1.103530,14.308500,0
51.060000,-0.400271,0.593656,-2.334096,-0.587223,-0.515193,2.197788,1.124499,15.030500,0
51.080000,-0.378576,0.627363,-2.185984,-0.587222,-0.515192,2.179799,1.161450,14.069000,0
51.100000,-0.400110,0.623168,-2.283961,-0.587221,-0.515190,2.161811,1.153633,14.123100,0
51.120000,-0.380046,0.658292,-2.286788,-0.587221,-0.515188,2.143822,1.191628,14.736800,0
51.140000,-0.428244,0.559388,-2.179502,-0.587220,-0.515186,2.125834,1.086270,15.176500,0
51.160000,-0.461675,0.556895,-2.083829,-0.587219,-0.515184,2.107847,1.079405,14.399100,0
51.180000,-0.400093,0.631360,-2.216851,-0.587219,-0.515182,2.089859,1.161712,14.907000,0
51.200000,-0.350451,0.679961,-2.133657,-0.587218,-0.515180,2.071872,1.218368,14.365700,0
51.220000,-0.432358,0.577673,-2.013211,-0.587218,-0.515178,2.053885,1.103768,14.512400,0
51.240000,-0.425698,0.585162,-1.990633,-0.587217,-0.515176,2.035898,1.112130,13.465400,0
51.260000,-0.449515,0.549925,-1.878821,-0.587216,-0.515175,2.017912,1.073964,13.714800,0
51.280000,-0.425184,0.592352,-1.992004,-0.587216,-0.515173,1.999925,1.119315,13.750500,0
51.300000,-0.470276,0.525116,-1.877908,-0.587216,-0.515171,1.981939,1.046839,12.940100,0
51.320000,-0.414294,0.601237,-2.157316,-0.587215,-0.515169,1.963953,1.129718,13.904200,0
51.340000,-0.399784,0.601100,-2.034847,-0.587215,-0.515167,1.945967,1.131893,14.043600,0
51.360000,-0.429264,0.606133,-1.888164,-0.587214,-0.515165,1.927982,1.132368,14.281700,0
51.380000,-0.433409,0.620512,-1.744510,-0.587214,-0.515163,1.909997,1.146043,13.948700,0
51.400000,-0.432096,0.575102,-2.000392,-0.584968,-0.516128,1.908522,1.101886,14.000900,0
51.420000,-0.438992,0.582553,-2.007206,-0.582134,-0.517123,1.908524,1.108953,14.354200,0
51.440000,-0.420108,0.618554,-1.998120,-0.579300,-0.518119,1.908537,1.147766,13.981600,0
51.460000,-0.405921,0.568207,-1.903007,-0.576467,-0.519114,1.908546,1.100615,14.451800,0
51.480000,-0.417270,0.614030,-1.900266,-0.573635,-0.520110,1.908553,1.144868,14.276600,0
51.500000,-0.433118,0.610468,-1.875107,-0.570802,-0.521105,1.908558,1.139918,14.118700,0
51.520000,-0.435759,0.604468,-1.920216,-0.567971,-0.522100,1.908561,1.134299,13.850900,0
51.540000,-0.474506,0.503445,-1.828817,-0.565139,-0.523095,1.908563,1.030533,14.368300,0
51.560000,-0.453729,0.572539,-1.779947,-0.562308,-0.524090,1.908564,1.101991,13.391400,0
51.580000,-0.435620,0.612493,-1.849668,-0.559477,-0.525084,1.908565,1.144300,17.949900,0
51.600000,-0.437511,0.618966,-1.850020,-0.556646,-0.526079,1.908566,1.151226,15.025200,0
51.620000,-0.456168,0.524868,-1.790553,-0.553815,-0.527073,1.908567,1.056463,14.725800,0
51.640000,-0.445711,0.552164,-1.894739,-0.550984,-0.528068,1.908567,1.085350,13.646100,0
51.660000,-0.455793,0.543198,-1.833844,-0.548153,-0.529062,1.908568,1.076230,15.877100,0
51.680000,-0.437654,0.565415,-2.109159,-0.545323,-0.530057,1.908569,1.100751,16.129600,0
51.700000,-0.447145,0.562762,-2.008201,-0.542492,-0.531051,1.908569,1.097961,15.537500,0
51.720000,-0.408232,0.620735,-2.088829,-0.539662,-0.532045,1.908569,1.160248,15.825400,0
51.740000,-0.449567,0.538958,-2.017818,-0.536831,-0.533040,1.908569,1.075544,15.537600,0
51.760000,-0.480535,0.499519,-1.767114,-0.534000,-0.534034,1.908570,1.034935,13.927800,0
51.780000,-0.458096,0.563831,-1.849985,-0.531170,-0.535028,1.908570,1.101286,14.260300,0
51.800000,-0.469506,0.530672,-1.879499,-0.528339,-0.536022,1.908570,1.068315,15.107400,0
51.820000,-0.454971,0.510526,-1.852716,-0.525509,-0.537017,1.908570,1.049915,15.106200,0
51.840000,-0.473196,0.501011,-1.860508,-0.522678,-0.538011,1.908570,1.040200,15.525300,0
51.860000,-0.468311,0.526632,-1.814088,-0.519848,-0.539005,1.908570,1.066882,15.726500,0
51.880000,-0.462793,0.547418,-1.879311,-0.517017,-0.539999,1.908570,1.088768,16.315000,0
51.900000,-0.493391,0.418240,-1.734356,-0.514187,-0.540993,1.908570,0.959459,15.867500,0
51.920000,-0.468326,0.535141,-1.853375,-0.513685,-0.541055,1.892752,1.077152,16.340800,0
51.940000,-0.480393,0.477508,-1.732765,-0.513597,-0.541031,1.873670,1.019080,16.179300,0
51.960000,-0.444309,0.558163,-1.810602,-0.513600,-0.541029,1.855682,1.101374,17.352200,0
51.980000,-0.443562,0.598251,-1.790105,-0.513603,-0.541027,1.837693,1.141429,16.084400,0
52.000000,-0.477715,0.466020,-1.812838,-0.513605,-0.541025,1.819702,1.007684,16.318200,0
52.020000,-0.449326,0.555971,-1.978215,-0.513606,-0.541023,1.801710,1.098875,16.145400,0
52.040000,-0.432106,0.537117,-1.912085,-0.513607,-0.541021,1.783719,1.081214,16.137600,0
52.060000,-0.470827,0.508193,-1.665725,-0.513608,-0.541018,1.765728,1.050083,16.851400,0
52.080000,-0.449784,0.556159,-1.777087,-0.511284,-0.541501,1.758592,1.099382,16.247200,0
52.100000,-0.487501,0.415161,-1.722131,-0.508334,-0.542060,1.758595,0.957448,16.710700,0
52.120000,-0.464461,0.540022,-1.828653,-0.505383,-0.542620,1.758602,1.083415,15.518100,0
52.140000,-0.484491,0.435310,-1.671876,-0.502433,-0.543179,1.758607,0.978654,16.664500,0
52.160000,-0.462340,0.540768,-1.896584,-0.499484,-0.543739,1.758611,1.085143,14.744400,0
52.180000,-0.487048,0.465765,-1.673853,-0.496535,-0.544299,1.758614,1.010109,13.990600,0
52.200000,-0.471451,0.532530,-1.785584,-0.493587,-0.544859,1.758616,1.077616,14.088000,0
52.220000,-0.451630,0.536320,-1.830453,-0.490638,-0.545420,1.758618,1.082443,13.718000,0
52.240000,-0.464166,0.456295,-1.637500,-0.487690,-0.545980,1.758619,1.002551,14.078400,0
52.260000,-0.453614,0.516055,-1.721327,-0.484742,-0.546540,1.758620,1.063051,15.023600,0
52.280000,-0.459958,0.543883,-1.931275,-0.481795,-0.547100,1.758620,1.091201,14.730600,0
52.300000,-0.451618,0.510130,-1.916935,-0.478847,-0.547661,1.758621,1.058141,15.229300,0
52.320000,-0.476184,0.421822,-1.613647,-0.478188,-0.547741,1.745548,0.969565,14.899900,0
52.340000,-0.469621,0.496591,-1.581187,-0.478017,-0.547708,1.725547,1.044332,14.529300,0
52.360000,-0.468008,0.500817,-1.848876,-0.478019,-0.547706,1.707550,1.048571,14.205400,0
52.380000,-0.463719,0.527254,-1.723416,-0.478022,-0.547705,1.689562,1.075054,14.477500,0
52.400000,-0.475120,0.498056,-1.696640,-0.478024,-0.547703,1.671573,1.045763,14.912600,0
52.420000,-0.466102,0.453720,-1.626233,-0.478026,-0.547702,1.653583,1.001493,14.947400,0
52.440000,-0.491182,0.443029,-1.482812,-0.478028,-0.547700,1.635593,0.990816,14.879200,0
52.460000,-0.480488,0.496625,-1.522282,-0.478029,-0.547698,1.617604,1.044326,13.964200,0
52.480000,-0.473423,0.485233,-1.711755,-0.478030,-0.547696,1.599616,1.032939,14.966700,0
52.500000,-0.479861,0.539520,-1.651208,-0.475881,-0.547802,1.590020,1.087329,14.955800,0
52.520000,-0.498040,0.419170,-1.597242,-0.472879,-0.547857,1.590022,0.967354,14.478000,0
52.540000,-0.464542,0.423120,-1.663556,-0.469876,-0.547913,1.590026,0.971048,12.615600,0
52.560000,-0.479149,0.473919,-1.712988,-0.466874,-0.547969,1.590032,1.021962,13.958000,0
52.580000,-0.481749,0.499205,-1.602946,-0.463872,-0.548026,1.590036,1.047384,14.324700,0
52.600000,-0.475711,0.415937,-1.499391,-0.460871,-0.548083,1.590040,0.964135,14.639800,0
52.620000,-0.463727,0.498386,-1.786785,-0.457870,-0.548141,1.590043,1.046543,14.458800,0
52.640000,-0.481804,0.428037,-1.526582,-0.454870,-0.548198,1.590046,0.976606,13.344600,0
52.660000,-0.470327,0.497963,-1.680798,-0.451869,-0.548256,1.590048,1.046381,14.278300,0
52.680000,-0.482256,0.467183,-1.744365,-0.448869,-0.548314,1.590050,1.016045,14.029100,0
52.700000,-0.482481,0.385049,-1.584927,-0.445869,-0.548372,1.590051,0.934139,14.109200,0
52.720000,-0.481892,0.465346,-1.631101,-0.442869,-0.548429,1.590052,1.014526,13.963600,0
52.740000,-0.479929,0.424522,-1.555604,-0.439870,-0.548487,1.590052,0.973833,13.883800,0
52.760000,-0.480405,0.482589,-1.580509,-0.436870,-0.548545,1.590053,1.032053,13.869900,0
52.780000,-0.483173,0.444235,-1.679975,-0.433870,-0.548603,1.590053,0.994061,14.116100,0
52.800000,-0.478767,0.371555,-1.543330,-0.430871,-0.548661,1.590054,0.921462,13.997500,0
52.820000,-0.476349,0.423003,-1.605138,-0.427871,-0.548719,1.590054,0.972930,14.150800,0
52.840000,-0.471516,0.411268,-1.572319,-0.424872,-0.548777,1.590054,0.961178,14.114600,0
52.860000,-0.484324,0.373714,-1.665496,-0.421872,-0.548835,1.590054,0.924660,17.900700,0
52.880000,-0.480974,0.502908,-1.762614,-0.418872,-0.548892,1.590054,1.053632,17.047900,0
52.900000,-0.473147,0.465716,-1.781323,-0.415873,-0.548950,1.590054,1.016281,14.142400,0
52.920000,-0.464241,0.496954,-1.733177,-0.412873,-0.549008,1.590054,1.047223,15.973000,0
52.940000,-0.467771,0.407879,-1.546285,-0.409874,-0.549066,1.590054,0.958695,15.378900,0
52.960000,-0.485486,0.442110,-1.515015,-0.406874,-0.549124,1.590054,0.994346,15.209500,0
52.980000,-0.484033,0.427358,-1.592371,-0.403875,-0.549181,1.590054,0.979824,15.231800,0
53.000000,-0.482588,0.336737,-1.478399,-0.400876,-0.549239,1.590054,0.889736,16.096700,0
53.020000,-0.476282,0.389376,-1.688963,-0.397876,-0.549297,1.590054,0.941941,14.971500,0
53.040000,-0.479959,0.328046,-1.501076,-0.394877,-0.549355,1.590054,0.881517,15.534600,0
53.060000,-0.482451,0.398641,-1.544151,-0.391877,-0.549413,1.590054,0.952371,16.146800,0
53.080000,-0.481852,0.474905,-1.587921,-0.388878,-0.549470,1.590054,1.028585,14.251200,0
53.100000,-0.474648,0.410816,-1.588064,-0.385878,-0.549528,1.590054,0.964438,15.607900,0
53.120000,-0.475888,0.444093,-1.549108,-0.382879,-0.549586,1.590054,0.998022,14.295800,0
53.140000,-0.471576,0.414315,-1.629264,-0.379879,-0.549644,1.590054,0.968311,16.099000,0
53.160000,-0.473813,0.446201,-1.588104,-0.376880,-0.549701,1.590054,1.000609,15.167300,0
53.180000,-0.484942,0.345720,-1.598067,-0.373881,-0.549759,1.590054,0.902340,15.553000,0
53.200000,-0.482696,0.435395,-1.593744,-0.370881,-0.549817,1.590054,0.991536,15.424300,0
53.220000,-0.472463,0.437911,-1.594748,-0.367882,-0.549875,1.590054,0.993307,16.375100,0
53.240000,-0.477180,0.324660,-1.658397,-0.364882,-0.549933,1.590054,0.881773,16.122500,0
53.260000,-0.476281,0.308062,-1.538229,-0.361883,-0.549990,1.590054,0.865644,14.703800,0
53.280000,-0.480156,0.292752,-1.399525,-0.358883,-0.550048,1.590054,0.851481,15.174200,0
53.300000,-0.472118,0.351502,-1.503947,-0.355884,-0.550106,1.590054,0.909069,16.740000,0
53.320000,-0.477304,0.385584,-1.474885,-0.352884,-0.550164,1.590054,0.943984,16.536600,0
53.340000,-0.493169,0.416851,-1.641292,-0.349885,-0.550221,1.590054,0.977629,15.157700,0
53.360000,-0.476215,0.352266,-1.430560,-0.346886,-0.550279,1.590054,0.911764,15.251700,0
53.380000,-0.488508,0.359449,-1.703176,-0.343886,-0.550337,1.590054,0.921209,16.594000,0
53.400000,-0.486998,0.370244,-1.649581,-0.340887,-0.550395,1.590054,0.932161,17.083900,0
53.420000,-0.479882,0.342329,-1.544648,-0.337887,-0.550452,1.590054,0.904002,15.619200,0
53.440000,-0.481683,0.216887,-1.522130,-0.334888,-0.550510,1.590054,0.781311,15.401100,0
53.460000,-0.486192,0.293426,-1.628089,-0.331888,-0.550568,1.590054,0.857984,15.058300,0
53.480000,-0.488508,0.251485,-1.487752,-0.330964,-0.550553,1.580549,0.817365,15.252500,0
53.500000,-0.481880,0.307940,-1.500087,-0.330791,-0.550551,1.560552,0.871685,14.354400,0
53.520000,-0.484028,0.313994,-1.522910,-0.330777,-0.550550,1.542365,0.878022,17.070400,0
53.540000,-0.477935,0.245900,-1.446062,-0.330780,-0.550549,1.524376,0.809929,15.452600,0
53.560000,-0.478300,0.352049,-1.430980,-0.330783,-0.550548,1.506387,0.914572,16.030100,0
53.580000,-0.498845,0.394291,-1.549801,-0.328594,-0.550394,1.497300,0.959904,15.323300,0
53.600000,-0.476294,0.310413,-1.531847,-0.325600,-0.550171,1.497302,0.873678,15.375100,0
53.620000,-0.471179,0.396000,-1.577227,-0.322605,-0.549949,1.497306,0.957546,14.252600,0
53.640000,-0.482607,0.310840,-1.576066,-0.319612,-0.549727,1.497308,0.875867,14.691500,0
53.660000,-0.478802,0.352671,-1.561519,-0.316618,-0.549505,1.497310,0.916638,15.749700,0
53.680000,-0.484466,0.339967,-1.563589,-0.313625,-0.549284,1.497312,0.905513,14.933500,0
53.700000,-0.472513,0.445834,-1.636513,-0.310632,-0.549063,1.497313,1.007980,15.199000,0
53.720000,-0.476904,0.415151,-1.659799,-0.307640,-0.548842,1.497315,0.978740,16.448500,0
53.740000,-0.475588,0.302634,-1.546128,-0.304647,-0.548622,1.497316,0.868250,16.006600,0
53.760000,-0.478188,0.411883,-1.589342,-0.301655,-0.548401,1.497316,0.976375,16.422100,0
53.780000,-0.494572,0.292142,-1.601561,-0.298662,-0.548181,1.497317,0.862858,14.950300,0
53.800000,-0.483729,0.360109,-1.453170,-0.295670,-0.547961,1.497317,0.927339,14.693900,0
53.820000,-0.474108,0.328867,-1.569776,-0.292678,-0.547740,1.497318,0.895185,15.168600,0
53.840000,-0.487748,0.370450,-1.488351,-0.289686,-0.547520,1.497318,0.939094,16.688000,0
53.860000,-0.474076,0.168057,-1.203703,-0.286694,-0.547300,1.497318,0.739491,15.180300,0
53.880000,-0.477150,0.282086,-1.304082,-0.283702,-0.547080,1.497318,0.851433,16.364100,0
53.900000,-0.481686,0.276403,-1.580774,-0.280710,-0.546860,1.497318,0.847439,16.031700,0
53.920000,-0.481989,0.360646,-1.699903,-0.277718,-0.546639,1.497319,0.929997,15.860500,0
53.940000,-0.476499,0.358745,-1.482745,-0.276869,-0.546591,1.486783,0.927084,15.742800,0
53.960000,-0.490005,0.266252,-1.473603,-0.276696,-0.546576,1.466785,0.840351,15.969400,0
53.980000,-0.497626,0.342514,-1.455402,-0.276695,-0.546575,1.448740,0.916128,16.400000,0
54.000000,-0.479780,0.306211,-1.431017,-0.276698,-0.546575,1.430751,0.876634,16.091200,0
54.020000,-0.483355,0.309158,-1.529313,-0.276701,-0.546574,1.412754,0.880331,15.843600,0
54.040000,-0.484521,0.315757,-1.336048,-0.276706,-0.546573,1.394737,0.887017,15.594200,0
54.060000,-0.482244,0.265986,-1.394760,-0.276711,-0.546572,1.376709,0.838150,16.264300,0
54.080000,-0.482839,0.279737,-1.359602,-0.276717,-0.546571,1.358676,0.851629,16.559000,0
54.100000,-0.498675,0.285276,-1.347482,-0.276722,-0.546570,1.340642,0.860948,15.600300,0
54.120000,-0.496506,0.376903,-1.283489,-0.276727,-0.546569,1.322609,0.949265,16.043000,0
54.140000,-0.466831,0.231135,-1.232753,-0.274363,-0.545940,1.316272,0.800555,16.179500,0
54.160000,-0.483167,0.299319,-1.359420,-0.271456,-0.545183,1.316272,0.870635,18.898100,0
54.180000,-0.482827,0.219217,-1.366609,-0.268550,-0.544426,1.316275,0.793136,17.273000,0
54.200000,-0.473881,0.189292,-1.128155,-0.265645,-0.543669,1.316281,0.761967,16.641800,0
54.220000,-0.477977,0.278390,-1.286997,-0.262739,-0.542913,1.316285,0.849038,15.359900,0
54.240000,-0.494692,0.257601,-1.177099,-0.259835,-0.542157,1.316289,0.833529,17.412600,0
54.260000,-0.475867,0.246126,-1.285728,-0.256930,-0.541401,1.316292,0.817394,17.594500,0
54.280000,-0.469714,0.268037,-1.333966,-0.254026,-0.540645,1.316294,0.836952,17.595100,0
54.300000,-0.468760,0.191262,-1.358912,-0.251121,-0.539890,1.316296,0.762856,16.845800,0
54.320000,-0.482861,0.263687,-1.395026,-0.248217,-0.539134,1.316298,0.836409,17.580900,0
54.340000,-0.473893,0.264893,-1.357298,-0.245314,-0.538379,1.316299,0.835161,17.914000,0
54.360000,-0.482267,0.239037,-1.316188,-0.242410,-0.537624,1.316300,0.812855,18.631000,0
54.380000,-0.470172,0.217995,-1.377132,-0.239506,-0.536868,1.316301,0.789319,18.581100,0
54.400000,-0.473839,0.271110,-1.236867,-0.236602,-0.536113,1.316301,0.841362,16.929300,0
54.420000,-0.470761,0.201610,-1.418556,-0.233699,-0.535358,1.316302,0.774157,17.957400,0
54.440000,-0.471002,0.326017,-1.310149,-0.230795,-0.534603,1.316302,0.893513,16.493300,0
54.460000,-0.481769,0.289360,-1.295049,-0.227892,-0.533847,1.316302,0.861465,16.962500,0
54.480000,-0.490395,0.299673,-1.347879,-0.224988,-0.533092,1.316302,0.874036,16.014200,0
54.500000,-0.453696,0.196036,-1.222758,-0.222085,-0.532337,1.316302,0.764310,16.562900,0
54.520000,-0.480984,0.269909,-1.206001,-0.219181,-0.531582,1.316302,0.843166,15.718500,0
54.540000,-0.466253,0.218164,-1.395135,-0.216278,-0.530827,1.316302,0.789605,14.644000,0
54.560000,-0.481689,0.231557,-1.208503,-0.213374,-0.530071,1.316302,0.807509,15.946500,0
54.580000,-0.475572,0.240507,-1.427887,-0.212743,-0.529967,1.302994,0.814070,16.255100,0
54.600000,-0.483643,0.337525,-1.347417,-0.212603,-0.529928,1.283325,0.908811,15.878700,0
54.620000,-0.466126,0.226484,-1.313736,-0.212606,-0.529928,1.265323,0.797766,17.302600,0
54.640000,-0.444874,0.168931,-1.212221,-0.212610,-0.529928,1.247326,0.736444,16.732600,0
54.660000,-0.461911,0.182239,-1.043652,-0.212614,-0.529928,1.229319,0.754540,16.325000,0
54.680000,-0.473541,0.243966,-1.161030,-0.212618,-0.529927,1.211308,0.816695,15.757500,0
54.700000,-0.461292,0.219078,-1.349878,-0.212622,-0.529927,1.193294,0.789205,15.563300,0
54.720000,-0.450964,0.177986,-1.133882,-0.212626,-0.529926,1.175280,0.746957,16.210300,0
54.740000,-0.474698,0.241760,-1.168486,-0.212630,-0.529925,1.157265,0.814971,15.069300,0
54.760000,-0.469071,0.250071,-1.006158,-0.212634,-0.529924,1.139252,0.821067,15.131400,0
54.780000,-0.453651,0.217896,-1.234652,-0.210229,-0.528815,1.135251,0.785386,14.069800,0
54.800000,-0.485768,0.266399,-1.203436,-0.207506,-0.527547,1.135251,0.841296,14.811700,0
54.820000,-0.449292,0.175204,-1.042291,-0.204784,-0.526279,1.135254,0.742875,15.880200,0
54.840000,-0.453778,0.209879,-0.986671,-0.202062,-0.525012,1.135258,0.776805,14.575600,0
54.860000,-0.457214,0.198615,-1.125934,-0.199340,-0.523746,1.135262,0.767010,14.068900,0
54.880000,-0.447559,0.210227,-1.122737,-0.196619,-0.522479,1.135266,0.774487,14.834600,0
54.900000,-0.461578,0.227603,-1.070575,-0.193898,-0.521213,1.135269,0.795222,15.230200,0
54.920000,-0.462466,0.201769,-1.098866,-0.191177,-0.519947,1.135271,0.771020,14.791700,0
54.940000,-0.467069,0.146342,-1.174693,-0.188456,-0.518681,1.135273,0.721028,16.294800,0
54.960000,-0.445450,0.183478,-1.205813,-0.185735,-0.517415,1.135274,0.747465,14.396200,0
54.980000,-0.484028,0.271834,-1.212042,-0.185305,-0.517215,1.119470,0.843703,15.216500,0
55.000000,-0.446266,0.136658,-1.149464,-0.185238,-0.517182,1.100590,0.704019,16.182200,0
55.020000,-0.475257,0.221531,-1.211907,-0.185241,-0.517182,1.082601,0.793604,14.033600,0
55.040000,-0.459267,0.202862,-1.027204,-0.185244,-0.517183,1.064608,0.770424,15.599800,0
55.060000,-0.458074,0.193061,-0.861192,-0.185248,-0.517183,1.046609,0.760842,16.032500,0
55.080000,-0.431594,0.149205,-0.820109,-0.185251,-0.517183,1.028607,0.710463,15.681000,0
55.100000,-0.450408,0.193506,-0.951735,-0.185255,-0.517183,1.010603,0.758542,15.538700,0
55.120000,-0.470622,0.212167,-0.929711,-0.185258,-0.517182,0.992599,0.783188,14.015200,0
55.140000,-0.426625,0.182157,-0.991067,-0.185261,-0.517182,0.974595,0.739819,15.058700,0
55.160000,-0.459528,0.181154,-0.858945,-0.185264,-0.517181,0.956592,0.750262,16.951000,0
55.180000,-0.447194,0.178794,-0.811129,-0.185266,-0.517181,0.938589,0.743631,16.654700,0
55.200000,-0.473840,0.218486,-0.859347,-0.185269,-0.517180,0.920587,0.790240,15.489800,0
55.220000,-0.446957,0.181837,-0.764457,-0.185272,-0.517179,0.902586,0.746393,16.160300,0
55.240000,-0.447424,0.233603,-0.980951,-0.185274,-0.517179,0.884587,0.795234,16.607000,0
55.260000,-0.453495,0.160007,-0.761257,-0.185277,-0.517178,0.866588,0.728369,16.161600,0
55.280000,-0.463832,0.187085,-0.741957,-0.185279,-0.517177,0.848591,0.757349,16.554900,0
55.300000,-0.440344,0.202367,-0.769339,-0.185281,-0.517176,0.830595,0.763413,15.857500,0
55.320000,-0.463027,0.195853,-0.773907,-0.185284,-0.517175,0.812599,0.765212,15.129900,0
55.340000,-0.456398,0.186383,-0.741689,-0.185286,-0.517175,0.794604,0.753986,15.987800,0
55.360000,-0.437055,0.178858,-0.680326,-0.185288,-0.517174,0.776610,0.740167,15.885200,0
55.380000,-0.480359,0.184149,-0.714013,-0.185290,-0.517173,0.758617,0.760867,16.003000,0
55.400000,-0.493882,0.227759,-0.907772,-0.185292,-0.517172,0.740625,0.806319,15.848400,0
55.420000,-0.480307,0.229206,-0.810844,-0.183406,-0.515109,0.738279,0.801346,15.479100,0
55.440000,-0.450241,0.201287,-0.898426,-0.181384,-0.512886,0.738286,0.763103,16.118400,0
55.460000,-0.473998,0.218185,-0.681214,-0.179363,-0.510665,0.738295,0.786150,15.937100,0
55.480000,-0.442628,0.165484,-0.751098,-0.177342,-0.508444,0.738304,0.724262,16.261900,0
55.500000,-0.450804,0.197436,-0.688588,-0.175321,-0.506224,0.738310,0.755664,15.501500,0
55.520000,-0.462785,0.196894,-0.733837,-0.173300,-0.504004,0.738315,0.758327,15.162500,0
55.540000,-0.437578,0.222153,-0.713854,-0.171280,-0.501784,0.738318,0.771362,16.019400,0
55.560000,-0.479975,0.242042,-0.792649,-0.169260,-0.499565,0.738320,0.804068,16.052300,0
55.580000,-0.371204,0.120459,-0.681953,-0.167240,-0.497345,0.738322,0.650603,16.619000,0
55.600000,-0.444327,0.166043,-0.763304,-0.165220,-0.495126,0.738324,0.717666,15.254300,0
55.620000,-0.448702,0.170591,-0.573718,-0.163201,-0.492907,0.738325,0.722316,15.942700,0
55.640000,-0.444766,0.183102,-0.873113,-0.161181,-0.490688,0.738325,0.731036,14.537300,0
55.660000,-0.438082,0.181393,-0.769051,-0.159161,-0.488469,0.738326,0.725611,14.237800,0
55.680000,-0.405379,0.122225,-0.589088,-0.157142,-0.486250,0.738326,0.657164,14.457900,0
55.700000,-0.441317,0.172101,-0.724984,-0.155122,-0.484031,0.738327,0.715832,14.006800,0
55.720000,-0.390561,0.143090,-0.714953,-0.153103,-0.481812,0.738327,0.668498,14.342600,0
55.740000,-0.427813,0.156991,-0.651440,-0.151084,-0.479593,0.738328,0.694131,13.640700,0
55.760000,-0.393227,0.133267,-0.810952,-0.149064,-0.477375,0.738328,0.657646,14.318600,0
55.780000,-0.434440,0.160163,-0.762790,-0.147045,-0.475156,0.738328,0.697300,14.361000,0
55.800000,-0.404875,0.131557,-0.647939,-0.145026,-0.472937,0.738328,0.657977,14.278100,0
55.820000,-0.344448,0.115603,-0.836324,-0.143007,-0.470718,0.738328,0.619961,15.195000,0
55.840000,-0.436576,0.160515,-0.751586,-0.140988,-0.468499,0.738328,0.695004,15.709500,0
55.860000,-0.398861,0.111493,-0.524043,-0.138968,-0.466281,0.738328,0.633535,15.679800,0
55.880000,-0.467838,0.175449,-0.618114,-0.136949,-0.464062,0.738328,0.720043,14.978900,0
55.900000,-0.436162,0.200430,-0.876314,-0.134930,-0.461843,0.738328,0.727562,15.455100,0
55.920000,-0.378348,0.128352,-0.754610,-0.132911,-0.459624,0.738329,0.637146,15.259500,0
55.940000,-0.435376,0.152525,-0.833916,-0.130892,-0.457405,0.738329,0.681707,15.270100,0
55.960000,-0.461931,0.216358,-0.887865,-0.128872,-0.455187,0.738329,0.749600,15.061500,0
55.980000,-0.404317,0.129781,-0.839335,-0.126853,-0.452968,0.738329,0.645432,14.863100,0
56.000000,-0.447140,0.173514,-0.789430,-0.124834,-0.450749,0.738329,0.702556,15.613800,0
56.020000,-0.403626,0.159071,-0.864283,-0.122815,-0.448530,0.738329,0.669353,16.630100,0
56.040000,-0.390617,0.107600,-0.643039,-0.122581,-0.448271,0.720784,0.617119,14.575500,0
56.060000,-0.411746,0.149907,-0.647583,-0.122569,-0.448256,0.702545,0.664396,15.498700,0
56.080000,-0.353341,0.136285,-0.755945,-0.122572,-0.448259,0.684556,0.628448,14.819900,0
56.100000,-0.387875,0.113006,-0.543470,-0.122575,-0.448260,0.666564,0.620808,13.746100,0
56.120000,-0.356867,0.128793,-0.760292,-0.122578,-0.448261,0.648569,0.622802,14.322800,0
56.140000,-0.398971,0.140311,-0.666723,-0.122581,-0.448262,0.630573,0.650239,14.106200,0
56.160000,-0.500783,0.204115,-0.738913,-0.122584,-0.448262,0.612576,0.754075,14.814400,0
56.180000,-0.421850,0.132683,-0.868237,-0.122587,-0.448263,0.594580,0.653496,14.700500,0
56.200000,-0.420812,0.143463,-0.641091,-0.122589,-0.448263,0.576584,0.662629,15.603500,0
56.220000,-0.409343,0.113054,-0.548889,-0.122592,-0.448263,0.558589,0.630320,14.262000,0
56.240000,-0.377557,0.145850,-0.446836,-0.122594,-0.448262,0.540595,0.646510,15.622600,0
56.260000,-0.421137,0.131285,-0.439779,-0.122597,-0.448262,0.522601,0.651921,14.501100,0
56.280000,-0.369004,0.110384,-0.585711,-0.122599,-0.448262,0.504609,0.610574,15.223300,0
56.300000,-0.423669,0.146707,-0.555632,-0.122601,-0.448262,0.486617,0.666805,16.161200,0
56.320000,-0.391250,0.148322,-0.580303,-0.122604,-0.448261,0.468626,0.654280,15.421000,0
56.340000,-0.389599,0.135955,-0.652272,-0.122606,-0.448261,0.450636,0.642335,16.053600,0
56.360000,-0.405727,0.158837,-0.440945,-0.122608,-0.448261,0.432647,0.669869,15.440900,0
56.380000,-0.345939,0.106080,-0.490720,-0.122610,-0.448260,0.414658,0.597636,15.497200,0
56.400000,-0.424319,0.147927,-0.586877,-0.122612,-0.448260,0.396670,0.668181,19.487700,0
56.420000,-0.403326,0.122176,-0.335031,-0.122614,-0.448259,0.378683,0.635764,16.575500,0
56.440000,-0.393898,0.096774,-0.266325,-0.122616,-0.448259,0.360696,0.608814,15.730700,0
56.460000,-0.423665,0.145909,-0.334078,-0.122618,-0.448259,0.342709,0.666081,15.312600,0
56.480000,-0.411600,0.131275,-0.234570,-0.122620,-0.448258,0.324723,0.647586,16.444500,0
56.500000,-0.428502,0.119903,-0.253186,-0.122622,-0.448258,0.306737,0.645267,17.100400,0
56.520000,-0.365704,0.118253,-0.342050,-0.122624,-0.448258,0.288752,0.616460,17.749700,0
56.540000,-0.384158,0.100718,-0.199850,-0.121839,-0.445969,0.285271,0.606364,16.305400,0
56.560000,-0.417144,0.142870,-0.300591,-0.120994,-0.443087,0.285273,0.656545,14.635000,0
56.580000,0.030122,0.058181,-0.350884,-0.120149,-0.440205,0.285286,0.520547,15.267000,0
56.600000,-0.418953,0.171618,-0.484319,-0.119304,-0.437323,0.285295,0.678674,15.177100,0
56.620000,-0.423275,0.164960,-0.341652,-0.118459,-0.434442,0.285302,0.672455,15.152200,0
56.640000,-0.399742,0.159759,-0.216942,-0.117613,-0.431562,0.285307,0.655177,15.623400,0
56.660000,-0.294274,0.119412,-0.345007,-0.116768,-0.428682,0.285310,0.576121,15.947100,0
56.680000,-0.374199,0.139160,-0.229243,-0.115923,-0.425802,0.285312,0.621200,15.286800,0
56.700000,-0.429377,0.145910,-0.147150,-0.115078,-0.422922,0.285313,0.649887,15.730400,0
56.720000,-0.356078,0.109787,-0.303072,-0.114234,-0.420043,0.285314,0.582416,17.166600,0
56.740000,-0.384871,0.108928,-0.214787,-0.113389,-0.417163,0.285315,0.592009,16.597800,0
56.760000,-0.356131,0.127108,-0.355012,-0.112544,-0.414284,0.285316,0.593667,15.650100,0
56.780000,-0.377136,0.107837,-0.342578,-0.111699,-0.411405,0.285317,0.583154,15.586200,0
56.800000,-0.324304,0.113314,-0.229251,-0.110855,-0.408526,0.285317,0.563806,15.356600,0
56.820000,-0.360061,0.110036,-0.413142,-0.110010,-0.405647,0.285318,0.573110,15.697400,0
56.840000,-0.325607,0.098295,-0.242023,-0.109166,-0.402769,0.285318,0.545813,14.578800,0
56.860000,-0.369118,0.129633,-0.287792,-0.108321,-0.399890,0.285319,0.590263,16.027700,0
56.880000,-0.002710,0.081659,-0.356473,-0.107477,-0.397011,0.285319,0.490001,17.158000,0
56.900000,-0.242914,0.129624,-0.240861,-0.106632,-0.394132,0.285319,0.541196,16.858400,0
56.920000,-0.350782,0.127572,-0.236247,-0.105788,-0.391253,0.285319,0.573761,17.259500,0
56.940000,-0.287255,0.104974,-0.394080,-0.105706,-0.390718,0.270671,0.527893,15.681800,0
56.960000,-0.341561,0.104699,-0.192806,-0.105740,-0.390608,0.251344,0.548581,14.999000,0
56.980000,-0.300652,0.109521,-0.350715,-0.105742,-0.390611,0.233357,0.536770,15.673800,0
57.000000,-0.364562,0.107926,-0.314429,-0.105744,-0.390614,0.215368,0.561720,15.083300,0
57.020000,-0.402553,0.116754,-0.200775,-0.105746,-0.390616,0.197378,0.587809,17.002400,0
57.040000,-0.337650,0.100148,-0.112106,-0.105748,-0.390617,0.179387,0.542797,19.014400,0
57.060000,-0.379838,0.098235,-0.108017,-0.105750,-0.390619,0.161396,0.560449,16.976200,0
57.080000,-0.162618,0.083398,-0.076865,-0.105752,-0.390620,0.143406,0.477417,16.375400,0
57.100000,-0.271002,0.086379,-0.397064,-0.105754,-0.390620,0.125416,0.504812,18.130400,0
57.120000,-0.366937,0.107568,-0.185329,-0.105756,-0.390621,0.107427,0.562502,16.003300,0
57.140000,-0.406644,0.120929,-0.010390,-0.105758,-0.390622,0.089439,0.593478,14.862200,0
57.160000,-0.445236,0.105861,-0.238248,-0.105760,-0.390622,0.071451,0.601448,15.619500,0
57.180000,-0.281455,0.095654,-0.089073,-0.105762,-0.390622,0.053464,0.517042,15.547600,0
57.200000,-0.345041,0.112594,-0.147364,-0.105764,-0.390623,0.035478,0.557208,15.538400,0
57.220000,-0.427157,0.097749,-0.011348,-0.105634,-0.388462,0.026017,0.582905,15.605100,0
57.240000,-0.325816,0.105648,-0.122780,-0.105558,-0.385460,0.026019,0.538238,14.942500,0
57.260000,-0.253665,0.111179,-0.036440,-0.105482,-0.382458,0.026024,0.515399,15.573500,0
57.280000,-0.289363,0.105217,-0.075919,-0.105405,-0.379456,0.026032,0.518409,15.694500,0
57.300000,-0.300042,0.091724,0.054640,-0.105328,-0.376454,0.026038,0.507054,16.477600,0
57.320000,-0.369085,0.089721,0.026108,-0.105250,-0.373453,0.026043,0.533047,16.140400,0
57.340000,-0.294180,0.105402,-0.112797,-0.105172,-0.370453,0.026047,0.512018,15.673300,0
57.360000,-0.319181,0.091359,-0.026752,-0.105094,-0.367453,0.026050,0.506302,14.668100,0
57.380000,-0.335621,0.086986,0.171781,-0.105016,-0.364453,0.026053,0.506928,15.431100,0
57.400000,-0.320447,0.079146,-0.037739,-0.104937,-0.361453,0.026055,0.490481,16.260000,0
57.420000,-0.361321,0.095838,-0.042016,-0.104859,-0.358454,0.026057,0.521684,16.447900,0
57.440000,-0.060818,0.086244,0.114844,-0.104781,-0.355454,0.026058,0.443880,16.644200,0
57.460000,-0.174607,0.106315,-0.265676,-0.104702,-0.352455,0.026059,0.464065,16.621200,0
57.480000,-0.336346,0.140134,-0.248912,-0.104624,-0.349456,0.026060,0.541658,16.369300,0
57.500000,-0.293840,0.124583,0.008750,-0.104545,-0.346456,0.026061,0.507652,17.019500,0
57.520000,-0.347357,0.084735,0.101155,-0.104467,-0.343457,0.026061,0.492284,16.474000,0
57.540000,-0.449571,0.088085,-0.137660,-0.104389,-0.340458,0.026061,0.550272,17.415600,0
57.560000,-0.316713,0.103916,0.010230,-0.104310,-0.337459,0.026062,0.489823,16.518200,0
57.580000,-0.216966,0.099157,0.028440,-0.104232,-0.334460,0.026062,0.448032,16.277700,0
57.600000,-0.299567,0.091672,0.023832,-0.104154,-0.331461,0.026062,0.466077,15.678900,0
57.620000,-0.308197,0.089717,0.050113,-0.104076,-0.328462,0.026062,0.465337,14.291600,0
57.640000,-0.278911,0.093907,0.031072,-0.103998,-0.325463,0.026062,0.454385,14.052900,0
57.660000,-0.321868,0.134693,0.005836,-0.103998,-0.324954,0.025798,0.508667,14.922000,0
57.680000,-0.268490,0.101467,0.030887,-0.103997,-0.324953,0.025798,0.457047,14.442400,0
57.700000,-0.305202,0.085147,0.028674,-0.103997,-0.324954,0.025798,0.456800,14.703400,0
57.720000,-0.296711,0.107840,-0.126308,-0.103997,-0.324954,0.025798,0.473761,14.536500,0
57.740000,-0.285877,0.097895,-0.004278,-0.103997,-0.324954,0.025798,0.460306,14.476800,0
57.760000,-0.325613,0.076558,0.052063,-0.103997,-0.324954,0.025798,0.458613,15.774600,0
57.780000,-0.286512,0.092519,0.149456,-0.103997,-0.324954,0.025798,0.455626,15.047100,0
57.800000,-0.235223,0.105796,-0.145719,-0.103997,-0.324954,0.025798,0.450296,14.740900,0
57.820000,-0.293346,0.106911,-0.084985,-0.103997,-0.324954,0.025798,0.471551,14.155700,0
57.840000,-0.300513,0.095378,0.035762,-0.103997,-0.324954,0.025798,0.464002,14.694600,0
57.860000,-0.274451,0.096485,0.078316,-0.103997,-0.324954,0.025798,0.454605,15.329400,0
57.880000,-0.344229,0.094728,0.026392,-0.103997,-0.324954,0.025798,0.483575,15.443300,0
57.900000,-0.394269,0.096851,-0.249688,-0.103997,-0.324954,0.025798,0.512033,15.103300,0
57.920000,-0.342564,0.112776,0.004067,-0.103997,-0.324954,0.025798,0.498520,15.762500,0
57.940000,-0.314661,0.092279,-0.130437,-0.103997,-0.324954,0.025798,0.467400,15.800600,0
57.960000,-0.483023,0.132410,0.134227,-0.103997,-0.324954,0.025798,0.594005,15.945400,0
57.980000,-0.266643,0.118622,0.104261,-0.103997,-0.324954,0.025798,0.472455,16.171100,0
58.000000,-0.317151,0.094281,0.084867,-0.103997,-0.324954,0.025798,0.470311,16.136100,0
58.020000,-0.318988,0.106743,-0.099498,-0.103997,-0.324954,0.025798,0.482269,15.861500,0
58.040000,-0.171847,0.078539,-0.009034,-0.103997,-0.324954,0.025798,0.409158,15.652500,0
58.060000,-0.255279,0.098102,-0.120454,-0.103997,-0.324954,0.025798,0.449291,15.963400,0
58.080000,-0.311518,0.087445,-0.143093,-0.103997,-0.324954,0.025798,0.461669,15.389800,0
58.100000,-0.277828,0.094569,-0.102274,-0.103997,-0.324954,0.025798,0.454111,15.635600,0
58.120000,-0.300003,0.107228,-0.076051,-0.103997,-0.324954,0.025798,0.474552,15.483100,0
58.140000,-0.261099,0.096796,0.055580,-0.103997,-0.324954,0.025798,0.450060,16.149700,0
58.160000,-0.309218,0.095901,0.067969,-0.103997,-0.324954,0.025798,0.468225,15.463000,0
58.180000,-0.286731,0.080440,0.058052,-0.103997,-0.324954,0.025798,0.444675,15.402700,0
58.200000,-0.291061,0.104947,0.045858,-0.103997,-0.324954,0.025798,0.468837,15.351600,0
58.220000,-0.333639,0.098239,-0.004052,-0.103997,-0.324954,0.025798,0.481485,14.514600,0
58.240000,-0.226332,0.092341,-0.010183,-0.103997,-0.324954,0.025798,0.434857,14.077100,0
58.260000,-0.246932,0.100621,-0.146813,-0.103997,-0.324954,0.025798,0.448937,14.449000,0
58.280000,-0.289899,0.106974,-0.119570,-0.103997,-0.324954,0.025798,0.470236,12.737400,0
58.300000,-0.257696,0.092861,-0.003074,-0.103997,-0.324954,0.025798,0.445189,13.645000,0
58.320000,-0.288907,0.097042,0.045507,-0.103997,-0.324954,0.025798,0.460730,14.387700,0
58.340000,-0.285972,0.098038,-0.020406,-0.103997,-0.324954,0.025798,0.460475,14.339300,0
58.360000,-0.297660,0.092678,0.034895,-0.103997,-0.324954,0.025798,0.460349,14.635700,0
58.380000,-0.309570,0.087410,-0.069718,-0.103997,-0.324954,0.025798,0.460766,15.762800,0
58.400000,-0.283537,0.098507,-0.054857,-0.103997,-0.324954,0.025798,0.459950,14.576800,0
58.420000,-0.299058,0.104576,-0.204262,-0.103997,-0.324954,0.025798,0.471746,14.138100,0
58.440000,-0.303632,0.103433,-0.121303,-0.103997,-0.324954,0.025798,0.472620,14.870200,0
58.460000,-0.298716,0.098984,-0.118801,-0.103997,-0.324954,0.025798,0.466518,14.849200,0
58.480000,-0.268791,0.117816,-0.017613,-0.103997,-0.324954,0.025798,0.472443,15.067600,0
58.500000,-0.279549,0.106457,-0.012593,-0.103997,-0.324954,0.025798,0.465761,14.956600,0
58.520000,-0.288402,0.104528,-0.049755,-0.103997,-0.324954,0.025798,0.467397,14.842300,0
58.540000,-0.375586,0.087606,-0.101246,-0.103997,-0.324954,0.025798,0.493930,15.117100,0
58.560000,-0.324455,0.097110,-0.036300,-0.103997,-0.324954,0.025798,0.476171,15.000900,0
58.580000,-0.249575,0.078135,-0.068431,-0.103997,-0.324954,0.025798,0.428571,14.287100,0
58.600000,-0.301218,0.107505,-0.121744,-0.103997,-0.324954,0.025798,0.475307,15.596600,0
58.620000,-0.247615,0.092238,0.014043,-0.103997,-0.324954,0.025798,0.441220,14.586100,0
58.640000,-0.298743,0.082223,0.159534,-0.103997,-0.324954,0.025798,0.451353,16.115300,0
58.660000,-0.233411,0.103060,-0.140098,-0.103997,-0.324954,0.025798,0.447151,14.619100,0
58.680000,-0.287929,0.109993,-0.052010,-0.103997,-0.324954,0.025798,0.472239,14.931700,0
58.700000,-0.313757,0.106994,0.229892,-0.103997,-0.324954,0.025798,0.480186,14.213700,0
58.720000,-0.241494,0.110116,-0.048377,-0.103997,-0.324954,0.025798,0.456280,14.302400,0
58.740000,-0.301768,0.087589,0.096763,-0.103997,-0.324954,0.025798,0.457499,13.882800,0
58.760000,-0.308567,0.076878,0.011578,-0.103997,-0.324954,0.025798,0.450908,14.617300,0
58.780000,-0.354010,0.076779,-0.023201,-0.103997,-0.324954,0.025798,0.473177,14.168900,0
58.800000,-0.015076,0.099197,0.011900,-0.103997,-0.324954,0.025798,0.433372,15.294300,0
58.820000,-0.266759,0.111419,-0.111430,-0.103997,-0.324954,0.025798,0.465739,13.820300,0
58.840000,-0.319289,0.076668,-0.091432,-0.103997,-0.324954,0.025798,0.455687,13.854600,0
58.860000,-0.213555,0.090586,-0.206033,-0.103997,-0.324954,0.025798,0.429739,15.717800,0
58.880000,-0.311001,0.109110,-0.142239,-0.103997,-0.324954,0.025798,0.480897,15.924600,0
58.900000,-0.293221,0.100801,-0.096849,-0.103997,-0.324954,0.025798,0.465911,15.363600,0
58.920000,-0.300498,0.088098,-0.133741,-0.103997,-0.324954,0.025798,0.457411,15.380000,0
58.940000,-0.237842,0.081539,-0.047834,-0.103997,-0.324954,0.025798,0.427961,16.377400,0
58.960000,-0.322156,0.093516,-0.163058,-0.103997,-0.324954,0.025798,0.471922,16.974200,0
58.980000,-0.205140,0.093649,-0.094672,-0.103997,-0.324954,0.025798,0.430649,16.109000,0
59.000000,-0.260048,0.097842,-0.050978,-0.103997,-0.324954,0.025798,0.450675,15.928600,0
59.020000,-0.214648,0.105986,-0.034477,-0.103997,-0.324954,0.025798,0.444919,14.598000,0
59.040000,-0.253927,0.086998,-0.129176,-0.103997,-0.324954,0.025798,0.438387,14.857800,0
59.060000,-0.291036,0.088573,-0.087916,-0.103997,-0.324954,0.025798,0.453859,15.889100,0
59.080000,-0.274136,0.110881,0.008859,-0.103997,-0.324954,0.025798,0.467867,16.567400,0
59.100000,-0.221998,0.103986,-0.156595,-0.103997,-0.324954,0.025798,0.444875,16.832400,0
59.120000,-0.292294,0.112772,-0.156855,-0.103997,-0.324954,0.025798,0.476507,15.971300,0
59.140000,-0.244402,0.089834,-0.062792,-0.103997,-0.324954,0.025798,0.437907,17.050600,0
59.160000,-0.215407,0.086757,-0.032219,-0.103997,-0.324954,0.025798,0.426518,16.525100,0
59.180000,-0.244811,0.087538,-0.088443,-0.103997,-0.324954,0.025798,0.435864,16.752600,0
59.200000,-0.300668,0.082895,-0.132591,-0.103997,-0.324954,0.025798,0.452792,16.220900,0
59.220000,-0.251092,0.093136,0.055749,-0.103997,-0.324954,0.025798,0.443211,17.059500,0
59.240000,-0.366762,0.097581,0.121916,-0.103997,-0.324954,0.025798,0.497575,15.986000,0
59.260000,-0.263610,0.101217,-0.001465,-0.103997,-0.324954,0.025798,0.455081,17.432700,0
59.280000,-0.256052,0.110279,-0.097738,-0.103997,-0.324954,0.025798,0.461030,16.629900,0
59.300000,-0.331377,0.104145,0.054981,-0.103997,-0.324954,0.025798,0.485621,16.708900,0
59.320000,-0.186760,0.105318,-0.000393,-0.103997,-0.324954,0.025798,0.438160,17.338700,0
59.340000,-0.271618,0.097814,-0.094616,-0.103997,-0.324954,0.025798,0.454785,16.258300,0
59.360000,-0.213660,0.089230,0.073684,-0.103997,-0.324954,0.025798,0.428456,17.528700,0
59.380000,-0.282228,0.098312,-0.049493,-0.103997,-0.324954,0.025798,0.459261,16.491800,0
59.400000,-0.314821,0.080419,-0.051565,-0.103997,-0.324954,0.025798,0.456918,16.697800,0
59.420000,-0.282035,0.086485,0.048024,-0.103997,-0.324954,0.025798,0.448307,16.326000,0
59.440000,-0.302986,0.090638,-0.075329,-0.103997,-0.324954,0.025798,0.460775,16.900200,0
59.460000,-0.234642,0.091384,-0.083454,-0.103997,-0.324954,0.025798,0.436355,16.576200,0
59.480000,-0.310159,0.084902,-0.057413,-0.103997,-0.324954,0.025798,0.458786,16.665500,0
59.500000,-0.314704,0.089846,-0.010211,-0.103997,-0.324954,0.025798,0.465249,16.568700,0
59.520000,-0.235885,0.090567,0.030850,-0.103997,-0.324954,0.025798,0.435949,13.724900,0
59.540000,-0.351550,0.092509,0.105946,-0.103997,-0.324954,0.025798,0.485344,14.295000,0
59.560000,-0.268081,0.079501,-0.139667,-0.103997,-0.324954,0.025798,0.436471,14.305700,0
59.580000,-0.333871,0.109744,-0.003656,-0.103997,-0.324954,0.025798,0.491737,14.041500,0
59.600000,-0.254900,0.103233,-0.022615,-0.103997,-0.324954,0.025798,0.453999,14.321000,0
59.620000,-0.302615,0.098884,0.026095,-0.103997,-0.324954,0.025798,0.468068,14.519700,0
59.640000,-0.263695,0.096792,-0.123660,-0.103997,-0.324954,0.025798,0.450969,14.805500,0
59.660000,-0.220468,0.089536,-0.110225,-0.103997,-0.324954,0.025798,0.430543,15.433000,0
59.680000,-0.305012,0.088035,-0.048873,-0.103997,-0.324954,0.025798,0.459312,15.565000,0
59.700000,-0.176525,0.089134,-0.142017,-0.103997,-0.324954,0.025798,0.420392,15.064100,0
59.720000,-0.276662,0.113170,-0.168194,-0.103997,-0.324954,0.025798,0.470920,15.010600,0
59.740000,-0.271711,0.109159,-0.012380,-0.103997,-0.324954,0.025798,0.465384,14.874300,0
