timestamp,est_x,est_y,est_theta,gt_x,gt_y,gt_theta,error_m,update_time_ms,kidnapped
0.020000,-0.557696,-0.200343,1.071240,-0.550000,-0.458800,0.000000,0.258572,55.597300,0
0.040000,-0.508926,-0.490738,1.534169,-0.550000,-0.458800,0.000000,0.052030,57.822200,0
0.060000,-0.501790,-0.490273,1.536273,-0.550000,-0.458800,0.000000,0.057574,55.823800,0
0.080000,-0.502053,-0.486456,1.545374,-0.550000,-0.458800,0.000000,0.055351,58.593000,0
0.100000,-0.500342,-0.490499,1.539930,-0.550000,-0.458800,0.000000,0.058913,49.365700,0
0.120000,-0.502263,-0.487960,1.541930,-0.550000,-0.458800,0.000000,0.055939,34.152100,0
0.140000,-0.498763,-0.494948,1.543722,-0.550000,-0.458800,0.000000,0.062706,39.344200,0
0.160000,-0.501856,-0.489935,1.540855,-0.550000,-0.458800,0.000000,0.057334,47.609100,0
0.180000,-0.501453,-0.491140,1.550260,-0.550000,-0.458800,0.000000,0.058333,44.131500,0
0.200000,-0.504415,-0.487136,1.543087,-0.550000,-0.458800,0.000000,0.053675,36.370000,0
0.220000,-0.500079,-0.491215,1.556628,-0.550000,-0.458800,0.000000,0.059522,26.612000,0
0.240000,-0.502012,-0.481248,1.544395,-0.550000,-0.458800,0.000000,0.052979,26.697100,0
0.260000,-0.499428,-0.487544,1.536468,-0.550000,-0.458800,0.000000,0.058170,27.243100,0
0.280000,-0.499266,-0.492910,1.542422,-0.550000,-0.458800,0.000000,0.061134,26.427800,0
0.300000,-0.502051,-0.486301,1.548839,-0.550000,-0.458800,0.000000,0.055275,31.339900,0
0.320000,-0.504271,-0.486052,1.539853,-0.550000,-0.458800,0.000000,0.053233,49.223200,0
0.340000,-0.500577,-0.493445,1.540990,-0.550000,-0.458800,0.000000,0.060356,29.032200,0
0.360000,-0.500171,-0.490526,1.539494,-0.550000,-0.458800,0.000000,0.059071,23.314500,0
0.380000,-0.503976,-0.486029,1.533147,-0.550000,-0.458800,0.000000,0.053476,23.517800,0
0.400000,-0.502344,-0.485064,1.545678,-0.550000,-0.458800,0.000000,0.054414,24.429100,0
0.420000,-0.499588,-0.489298,1.545366,-0.550000,-0.458800,0.000000,0.058920,23.849900,0
0.440000,-0.498900,-0.488352,1.545179,-0.550000,-0.458800,0.000000,0.059030,23.511700,0
0.460000,-0.501476,-0.489393,1.540415,-0.550000,-0.458800,0.000000,0.057363,22.706200,0
0.480000,-0.502536,-0.489282,1.543866,-0.550000,-0.458800,0.000000,0.056409,23.990700,0
0.500000,-0.498753,-0.492832,1.554403,-0.550000,-0.458800,0.000000,0.061518,23.668700,0
0.520000,-0.499556,-0.490647,1.550319,-0.550000,-0.458800,0.000000,0.059656,24.856900,0
0.540000,-0.502325,-0.484367,1.535589,-0.550000,-0.458800,0.000000,0.054098,26.439200,0
0.560000,-0.497469,-0.487046,1.543404,-0.550000,-0.458800,0.000000,0.059643,29.513400,0
0.580000,-0.503242,-0.488551,1.543811,-0.550000,-0.458800,0.000000,0.055421,24.939400,0
0.600000,-0.500186,-0.492529,1.550710,-0.550000,-0.458800,0.000000,0.060159,25.682800,0
0.620000,-0.496149,-0.487716,1.537220,-0.550000,-0.458800,0.000000,0.061124,26.306200,0
0.640000,-0.501443,-0.489324,1.552527,-0.550000,-0.458800,0.000000,0.057354,23.688800,0
0.660000,-0.501016,-0.483853,1.537619,-0.550000,-0.458800,0.000000,0.055019,23.514600,0
0.680000,-0.504077,-0.494307,1.549033,-0.550000,-0.458800,0.000000,0.058048,25.754700,0
0.700000,-0.502097,-0.483838,1.534218,-0.550000,-0.458800,0.000000,0.054052,23.693500,0
0.720000,-0.501763,-0.485300,1.536477,-0.550000,-0.458800,0.000000,0.055037,23.479500,0
0.740000,-0.503339,-0.485302,1.535252,-0.550000,-0.458800,0.000000,0.053662,24.222800,0
0.760000,-0.503949,-0.490896,1.548134,-0.550000,-0.458800,0.000000,0.056133,40.047900,0
0.780000,-0.504534,-0.490208,1.536565,-0.550000,-0.458800,0.000000,0.055259,26.390200,0
0.800000,-0.502066,-0.484608,1.533541,-0.550000,-0.458800,0.000000,0.054440,25.910000,0
0.820000,-0.502398,-0.486527,1.533410,-0.550000,-0.458800,0.000000,0.055088,25.312400,0
0.840000,-0.501178,-0.482735,1.536757,-0.550000,-0.458800,0.000000,0.054374,25.130700,0
0.860000,-0.500129,-0.494561,1.551367,-0.550000,-0.458800,0.000000,0.061367,25.260200,0
0.880000,-0.497908,-0.484586,1.549414,-0.550000,-0.458800,0.000000,0.058125,22.285800,0
0.900000,-0.500565,-0.485711,1.548282,-0.550000,-0.458800,0.000000,0.056285,21.040900,0
0.920000,-0.502801,-0.483440,1.549674,-0.550000,-0.458800,0.000000,0.053243,23.297000,0
0.940000,-0.498479,-0.487745,1.556645,-0.550000,-0.458800,0.000000,0.059095,22.262900,0
0.960000,-0.499027,-0.479480,1.544523,-0.550000,-0.458800,0.000000,0.055008,22.899200,0
0.980000,-0.500650,-0.489441,1.551690,-0.550000,-0.458800,0.000000,0.058089,25.385600,0
1.000000,-0.501162,-0.479630,1.529565,-0.550000,-0.458800,0.000000,0.053094,24.128800,0
1.020000,-0.501017,-0.480905,1.545072,-0.550000,-0.458800,0.000000,0.053739,31.726200,0
1.040000,-0.500744,-0.482550,1.538060,-0.550000,-0.458800,0.000000,0.054682,22.474700,0
1.060000,-0.504161,-0.483029,1.553136,-0.550000,-0.458800,0.000000,0.051849,22.375500,0
1.080000,-0.499641,-0.490993,1.575660,-0.550000,-0.458800,0.000000,0.059770,22.964600,0
1.100000,-0.497396,-0.501990,1.587588,-0.550000,-0.458800,0.000000,0.068063,21.937600,0
1.120000,-0.501689,-0.486113,1.562605,-0.550000,-0.458800,0.000000,0.055497,21.908400,0
1.140000,-0.501512,-0.495355,1.586654,-0.550000,-0.458800,0.000000,0.060723,22.120100,0
1.160000,-0.500835,-0.495811,1.566498,-0.550000,-0.458800,0.000000,0.061539,22.388100,0
1.180000,-0.498268,-0.500075,1.577127,-0.550000,-0.458800,0.000000,0.066180,22.788600,0
1.200000,-0.501609,-0.481222,1.547043,-0.550000,-0.458800,0.000000,0.053333,22.540000,0
1.220000,-0.500150,-0.480550,1.539124,-0.550000,-0.458800,0.000000,0.054388,22.088600,0
1.240000,-0.499376,-0.493285,1.555858,-0.550000,-0.458800,0.000000,0.061253,21.679800,0
1.260000,-0.500943,-0.488419,1.549742,-0.550000,-0.458800,0.000000,0.057305,22.274400,0
1.280000,-0.499812,-0.488067,1.534907,-0.550000,-0.458800,0.000000,0.058098,22.879100,0
1.300000,-0.499564,-0.481775,1.537641,-0.550000,-0.458800,0.000000,0.055423,23.046400,0
1.320000,-0.503001,-0.492139,1.542809,-0.550000,-0.458800,0.000000,0.057623,23.184900,0
1.340000,-0.503794,-0.493585,1.548215,-0.550000,-0.458800,0.000000,0.057836,23.771000,0
1.360000,-0.500874,-0.495988,1.554974,-0.550000,-0.458800,0.000000,0.061615,28.605100,0
1.380000,-0.502211,-0.534109,1.617828,-0.550000,-0.458800,0.000000,0.089192,19.780400,0
1.400000,-0.499743,-0.485231,1.563587,-0.550000,-0.458800,0.000000,0.056784,20.715900,0
1.420000,-0.499609,-0.504575,1.599086,-0.550000,-0.458800,0.000000,0.068078,20.247500,0
1.440000,-0.501570,-0.507011,1.572259,-0.550000,-0.458800,0.000000,0.068336,22.166600,0
1.460000,-0.502815,-0.505934,1.578268,-0.550000,-0.458800,0.000000,0.066694,23.765700,0
1.480000,-0.501408,-0.498680,1.571812,-0.550000,-0.458800,0.000000,0.062862,23.016200,0
1.500000,-0.498891,-0.494500,1.566547,-0.550000,-0.458800,0.000000,0.062343,27.695200,0
1.520000,-0.500877,-0.498395,1.583611,-0.550000,-0.458800,0.000000,0.063094,34.632200,0
1.540000,-0.500493,-0.508033,1.564801,-0.550000,-0.458800,0.000000,0.069820,44.571600,0
1.560000,-0.500300,-0.499203,1.566517,-0.550000,-0.458800,0.000000,0.064051,46.542300,0
1.580000,-0.504882,-0.514101,1.554254,-0.550000,-0.458800,0.000000,0.071371,39.698600,0
1.600000,-0.501416,-0.497887,1.563580,-0.550000,-0.458800,0.000000,0.062355,48.608900,0
1.620000,-0.500257,-0.497667,1.574114,-0.550000,-0.458800,0.000000,0.063127,46.354700,0
1.640000,-0.500781,-0.500866,1.574483,-0.550000,-0.458800,0.000000,0.064746,51.260400,0
1.660000,-0.503326,-0.496202,1.576772,-0.550000,-0.458800,0.000000,0.059811,53.604900,0
1.680000,-0.500094,-0.497238,1.569286,-0.550000,-0.458800,0.000000,0.062993,59.182800,0
1.700000,-0.498044,-0.502319,1.582679,-0.550000,-0.458800,0.000000,0.067774,47.904400,0
1.720000,-0.501520,-0.488356,1.564331,-0.550000,-0.458800,0.000000,0.056779,30.292500,0
1.740000,-0.503892,-0.490628,1.557749,-0.550000,-0.458800,0.000000,0.056026,40.101700,0
1.760000,-0.506090,-0.493144,1.575913,-0.550000,-0.458800,0.000000,0.055746,37.949700,0
1.780000,-0.501106,-0.496628,1.579669,-0.550000,-0.458800,0.000000,0.061819,50.289900,0
1.800000,-0.501181,-0.499493,1.570631,-0.550000,-0.458800,0.000000,0.063555,30.599700,0
1.820000,-0.500152,-0.495944,1.575340,-0.550000,-0.458800,0.000000,0.062165,34.790400,0
1.840000,-0.499215,-0.495984,1.572769,-0.550000,-0.458800,0.000000,0.062942,25.332300,0
1.860000,-0.494746,-0.490048,1.564377,-0.550000,-0.458800,0.000000,0.063478,26.062500,0
1.880000,-0.500017,-0.492962,1.574509,-0.550000,-0.458800,0.000000,0.060542,35.748000,0
1.900000,-0.501874,-0.494142,1.571277,-0.550000,-0.458800,0.000000,0.059709,34.540500,0
1.920000,-0.501688,-0.499997,1.579995,-0.550000,-0.458800,0.000000,0.063492,28.205100,0
1.940000,-0.498992,-0.497616,1.568164,-0.550000,-0.458800,0.000000,0.064098,26.797600,0
1.960000,-0.502757,-0.501516,1.571675,-0.550000,-0.458800,0.000000,0.063691,28.886700,0
1.980000,-0.502257,-0.503542,1.584368,-0.550000,-0.458800,0.000000,0.065431,25.483300,0
2.000000,-0.502081,-0.489047,1.561366,-0.550000,-0.458800,0.000000,0.056667,25.580800,0
2.020000,-0.501188,-0.490216,1.570523,-0.550000,-0.458800,0.000000,0.058048,25.494000,0
2.040000,-0.501957,-0.496013,1.573690,-0.550000,-0.458800,0.000000,0.060769,23.793500,0
2.060000,-0.501084,-0.498396,1.569651,-0.550000,-0.458800,0.000000,0.062934,23.640800,0
2.080000,-0.503293,-0.499085,1.573308,-0.550000,-0.458800,0.000000,0.061680,23.030600,0
2.100000,-0.503275,-0.488020,1.559560,-0.550000,-0.458800,0.000000,0.055109,22.970200,0
2.120000,-0.501160,-0.490649,1.571172,-0.550000,-0.458800,0.000000,0.058307,22.805700,0
2.140000,-0.500092,-0.494361,1.568734,-0.550000,-0.458800,0.000000,0.061281,22.711500,0
2.160000,-0.504751,-0.490555,1.568208,-0.550000,-0.458800,0.000000,0.055280,22.327900,0
2.180000,-0.501760,-0.498489,1.577422,-0.550000,-0.458800,0.000000,0.062468,35.082400,0
2.200000,-0.504138,-0.502747,1.567730,-0.550000,-0.458800,0.000000,0.063519,24.079400,0
2.220000,-0.498994,-0.501381,1.584869,-0.550000,-0.458800,0.000000,0.066443,33.140000,0
2.240000,-0.501100,-0.499371,1.581035,-0.550000,-0.458800,0.000000,0.063539,35.471200,0
2.260000,-0.501108,-0.489613,1.564059,-0.550000,-0.458800,0.000000,0.057792,23.883900,0
2.280000,-0.502332,-0.493173,1.569426,-0.550000,-0.458800,0.000000,0.058769,20.624100,0
2.300000,-0.499409,-0.495853,1.576179,-0.550000,-0.458800,0.000000,0.062708,21.221000,0
2.320000,-0.501076,-0.494566,1.564701,-0.550000,-0.458800,0.000000,0.060604,27.874400,0
2.340000,-0.503080,-0.495274,1.569528,-0.550000,-0.458800,0.000000,0.059429,22.221200,0
2.360000,-0.502430,-0.501023,1.575298,-0.550000,-0.458800,0.000000,0.063606,23.572100,0
2.380000,-0.502193,-0.494157,1.566314,-0.550000,-0.458800,0.000000,0.059461,23.557100,0
2.400000,-0.501985,-0.495497,1.573156,-0.550000,-0.458800,0.000000,0.060433,23.397400,0
2.420000,-0.501437,-0.496780,1.574954,-0.550000,-0.458800,0.000000,0.061651,23.194300,0
2.440000,-0.503871,-0.498219,1.556296,-0.550000,-0.458800,0.000000,0.060678,23.260600,0
2.460000,-0.503045,-0.504308,1.567068,-0.550000,-0.458800,0.000000,0.065389,23.613500,0
2.480000,-0.498586,-0.503235,1.575410,-0.550000,-0.458800,0.000000,0.067955,24.094800,0
2.500000,-0.502127,-0.503068,1.583176,-0.550000,-0.458800,0.000000,0.065204,24.063600,0
2.520000,-0.500680,-0.498025,1.585443,-0.550000,-0.458800,0.000000,0.063016,23.938500,0
2.540000,-0.500035,-0.499072,1.580522,-0.550000,-0.458800,0.000000,0.064174,23.253000,0
2.560000,-0.503982,-0.499774,1.572263,-0.550000,-0.458800,0.000000,0.061616,23.732200,0
2.580000,-0.503465,-0.497466,1.577272,-0.550000,-0.458800,0.000000,0.060503,24.166100,0
2.600000,-0.501327,-0.499667,1.575188,-0.550000,-0.458800,0.000000,0.063554,23.642900,0
2.620000,-0.500001,-0.495674,1.581654,-0.550000,-0.458800,0.000000,0.062125,23.761500,0
2.640000,-0.503950,-0.493326,1.572461,-0.550000,-0.458800,0.000000,0.057556,23.270000,0
2.660000,-0.503183,-0.495452,1.571549,-0.550000,-0.458800,0.000000,0.059458,23.519200,0
2.680000,-0.501166,-0.495468,1.571333,-0.550000,-0.458800,0.000000,0.061068,23.920800,0
2.700000,-0.498714,-0.493097,1.574702,-0.550000,-0.458800,0.000000,0.061697,22.727500,0
2.720000,-0.501713,-0.498062,1.573546,-0.550000,-0.458800,0.000000,0.062235,23.683300,0
2.740000,-0.503963,-0.494144,1.568085,-0.550000,-0.458800,0.000000,0.058040,23.255800,0
2.760000,-0.504313,-0.491279,1.554207,-0.550000,-0.458800,0.000000,0.056055,23.598000,0
2.780000,-0.503095,-0.492727,1.560890,-0.550000,-0.458800,0.000000,0.057889,23.560700,0
2.800000,-0.502366,-0.498132,1.568309,-0.550000,-0.458800,0.000000,0.061774,23.604200,0
2.820000,-0.501632,-0.498697,1.578346,-0.550000,-0.458800,0.000000,0.062700,23.107800,0
2.840000,-0.501817,-0.506576,1.580600,-0.550000,-0.458800,0.000000,0.067854,23.527000,0
2.860000,-0.501930,-0.497822,1.577974,-0.550000,-0.458800,0.000000,0.061915,23.446100,0
2.880000,-0.501908,-0.503591,1.580606,-0.550000,-0.458800,0.000000,0.065719,23.833600,0
2.900000,-0.500340,-0.497716,1.584506,-0.550000,-0.458800,0.000000,0.063092,23.141000,0
2.920000,-0.501636,-0.504695,1.581886,-0.550000,-0.458800,0.000000,0.066674,23.341400,0
2.940000,-0.501677,-0.495567,1.575406,-0.550000,-0.458800,0.000000,0.060720,23.633800,0
2.960000,-0.503001,-0.491992,1.573209,-0.550000,-0.458800,0.000000,0.057538,22.751800,0
2.980000,-0.500704,-0.495714,1.572915,-0.550000,-0.458800,0.000000,0.061585,23.324200,0
3.000000,-0.501588,-0.493717,1.570703,-0.550000,-0.458800,0.000000,0.059691,22.773000,0
3.020000,-0.500871,-0.491268,1.572442,-0.550000,-0.458800,0.000000,0.058888,23.115800,0
3.040000,-0.501696,-0.494007,1.560863,-0.550000,-0.458800,0.000000,0.059773,23.803400,0
3.060000,-0.501066,-0.497112,1.575424,-0.550000,-0.458800,0.000000,0.062148,23.631600,0
3.080000,-0.500910,-0.497768,1.577141,-0.550000,-0.458800,0.000000,0.062676,25.623900,0
3.100000,-0.503260,-0.501210,1.577013,-0.550000,-0.458800,0.000000,0.063113,26.623900,0
3.120000,-0.501395,-0.493619,1.578842,-0.550000,-0.458800,0.000000,0.059790,21.814300,0
3.140000,-0.502531,-0.497697,1.575979,-0.550000,-0.458800,0.000000,0.061370,20.866800,0
3.160000,-0.502429,-0.491901,1.567736,-0.550000,-0.458800,0.000000,0.057954,20.689400,0
3.180000,-0.502232,-0.495108,1.571133,-0.550000,-0.458800,0.000000,0.060000,21.179800,0
3.200000,-0.501072,-0.491794,1.574906,-0.550000,-0.458800,0.000000,0.059013,20.681400,0
3.220000,-0.497120,-0.502118,1.580446,-0.550000,-0.458800,0.000000,0.068357,21.044600,0
3.240000,-0.496995,-0.500898,1.586336,-0.550000,-0.458800,0.000000,0.067689,28.342300,0
3.260000,-0.497232,-0.501309,1.580177,-0.550000,-0.458800,0.000000,0.067761,20.466100,0
3.280000,-0.499579,-0.489497,1.561526,-0.550000,-0.458800,0.000000,0.059031,20.835800,0
3.300000,-0.502559,-0.502863,1.576621,-0.550000,-0.458800,0.000000,0.064747,19.884500,0
3.320000,-0.500802,-0.496622,1.579256,-0.550000,-0.458800,0.000000,0.062056,20.351400,0
3.340000,-0.500908,-0.491208,1.570322,-0.550000,-0.456378,-0.000076,0.060192,20.243700,0
3.360000,-0.501190,-0.486840,1.568622,-0.550000,-0.453378,-0.000076,0.059179,20.641300,0
3.380000,-0.503125,-0.483932,1.569983,-0.550000,-0.450378,-0.000076,0.057646,22.340900,0
3.400000,-0.501942,-0.482635,1.569641,-0.550001,-0.447378,-0.000076,0.059605,24.209100,0
3.420000,-0.503298,-0.478292,1.561583,-0.550001,-0.444378,-0.000076,0.057718,22.066600,0
3.440000,-0.497293,-0.474226,1.579125,-0.550001,-0.441377,-0.000076,0.062106,20.034300,0
3.460000,-0.501185,-0.475963,1.572686,-0.550001,-0.438377,-0.000076,0.061609,20.186200,0
3.480000,-0.503124,-0.471848,1.561920,-0.550002,-0.435377,-0.000076,0.059395,20.799200,0
3.500000,-0.502316,-0.472002,1.586527,-0.550002,-0.432377,-0.000076,0.062001,21.205700,0
3.520000,-0.502060,-0.471968,1.580255,-0.550002,-0.429377,-0.000076,0.064129,21.434200,0
3.540000,-0.499156,-0.456656,1.554834,-0.550002,-0.426377,-0.000076,0.059179,21.246500,0
3.560000,-0.499012,-0.447626,1.541474,-0.550003,-0.423377,-0.000076,0.056463,24.342400,0
3.580000,-0.499270,-0.445804,1.536142,-0.550003,-0.420377,-0.000076,0.056748,20.655600,0
3.600000,-0.500241,-0.449388,1.545873,-0.550003,-0.417377,-0.000076,0.059169,18.970200,0
3.620000,-0.499349,-0.445062,1.539930,-0.550003,-0.414377,-0.000076,0.059224,20.202800,0
3.640000,-0.499307,-0.437615,1.538912,-0.550004,-0.411377,-0.000076,0.057084,20.372900,0
3.660000,-0.501032,-0.437306,1.537592,-0.550004,-0.408377,-0.000076,0.056879,20.441100,0
3.680000,-0.500931,-0.430837,1.539103,-0.550004,-0.405377,-0.000076,0.055284,20.680800,0
3.700000,-0.498609,-0.425711,1.543173,-0.550004,-0.402377,-0.000076,0.056444,20.925800,0
3.720000,-0.499256,-0.426815,1.533796,-0.550004,-0.399377,-0.000076,0.057690,20.824500,0
3.740000,-0.500070,-0.432312,1.547648,-0.550005,-0.396377,-0.000076,0.061521,20.537100,0
3.760000,-0.500313,-0.427432,1.543447,-0.550005,-0.393377,-0.000076,0.060241,20.794500,0
3.780000,-0.499380,-0.419194,1.543386,-0.550005,-0.390377,-0.000076,0.058252,20.283200,0
3.800000,-0.500538,-0.419072,1.539598,-0.550005,-0.389867,-0.000003,0.057445,20.769300,0
3.820000,-0.498288,-0.420487,1.542909,-0.550005,-0.389867,-0.000003,0.060102,20.816300,0
3.840000,-0.498739,-0.423255,1.547707,-0.550005,-0.389867,-0.000003,0.061180,20.877800,0
3.860000,-0.499077,-0.419955,1.548244,-0.550005,-0.389867,-0.000003,0.059152,20.898500,0
3.880000,-0.499567,-0.418172,1.543133,-0.550005,-0.389867,-0.000003,0.057838,21.325000,0
3.900000,-0.498818,-0.416444,1.536140,-0.550005,-0.389867,-0.000003,0.057675,21.232900,0
3.920000,-0.498814,-0.416757,1.531774,-0.550005,-0.389868,-0.000003,0.057823,21.457500,0
3.940000,-0.499196,-0.414882,1.531576,-0.550005,-0.389868,-0.000003,0.056633,20.770100,0
3.960000,-0.498174,-0.429758,1.581280,-0.550005,-0.389868,-0.000003,0.065404,21.139900,0
3.980000,-0.498962,-0.434700,1.575987,-0.550005,-0.389868,-0.000003,0.067936,20.855000,0
4.000000,-0.498998,-0.430723,1.565994,-0.550005,-0.389868,-0.000003,0.065352,20.598600,0
4.020000,-0.499873,-0.429417,1.576112,-0.550005,-0.389868,-0.000003,0.063853,20.613300,0
4.040000,-0.501975,-0.429894,1.583993,-0.550005,-0.389868,-0.000003,0.062521,20.845400,0
4.060000,-0.500008,-0.433496,1.571902,-0.550005,-0.389868,-0.000003,0.066356,20.833800,0
4.080000,-0.501067,-0.437056,1.574700,-0.550005,-0.389868,-0.000003,0.067982,20.667800,0
4.100000,-0.500442,-0.430659,1.575052,-0.550005,-0.389868,-0.000003,0.064190,21.045000,0
4.120000,-0.501098,-0.437791,1.587230,-0.550005,-0.389868,-0.000003,0.068473,21.288000,0
4.140000,-0.501083,-0.419926,1.562248,-0.550005,-0.389868,-0.000003,0.057418,21.226100,0
4.160000,-0.500159,-0.425320,1.572051,-0.550005,-0.389868,-0.000003,0.061167,20.395200,0
4.180000,-0.500766,-0.420618,1.565525,-0.550005,-0.389868,-0.000003,0.058052,20.642000,0
4.200000,-0.501209,-0.420076,1.559597,-0.550005,-0.387445,-0.000078,0.058701,20.507800,0
4.220000,-0.501012,-0.422884,1.577545,-0.550005,-0.384446,-0.000078,0.062272,20.699400,0
4.240000,-0.499135,-0.416857,1.571158,-0.550006,-0.381445,-0.000078,0.061983,20.864300,0
4.260000,-0.501080,-0.416647,1.562568,-0.550006,-0.378445,-0.000078,0.062073,20.909200,0
4.280000,-0.501477,-0.408517,1.561618,-0.550006,-0.375445,-0.000078,0.058727,20.544400,0
4.300000,-0.499949,-0.408690,1.572370,-0.550006,-0.372445,-0.000078,0.061801,20.530300,0
4.320000,-0.498224,-0.411232,1.576551,-0.550007,-0.369445,-0.000078,0.066541,21.324200,0
4.340000,-0.498531,-0.408280,1.583885,-0.550007,-0.366445,-0.000078,0.066332,20.955400,0
4.360000,-0.499345,-0.406000,1.576279,-0.550007,-0.363445,-0.000078,0.066163,20.678000,0
4.380000,-0.500002,-0.398326,1.576000,-0.550007,-0.360445,-0.000078,0.062733,20.805600,0
4.400000,-0.501409,-0.398021,1.582456,-0.550008,-0.357445,-0.000078,0.063311,20.079100,0
4.420000,-0.499986,-0.388377,1.565591,-0.550008,-0.354445,-0.000078,0.060445,19.403300,0
4.440000,-0.498677,-0.389845,1.578728,-0.550008,-0.351445,-0.000078,0.064105,19.218800,0
4.460000,-0.499108,-0.383881,1.567223,-0.550008,-0.348445,-0.000078,0.062020,20.243000,0
4.480000,-0.499829,-0.380752,1.569458,-0.550009,-0.345445,-0.000078,0.061357,20.083700,0
4.500000,-0.500808,-0.378523,1.560957,-0.550009,-0.342445,-0.000078,0.061011,19.726700,0
4.520000,-0.500934,-0.379342,1.561842,-0.550009,-0.339445,-0.000078,0.063246,20.461000,0
4.540000,-0.499328,-0.378272,1.561498,-0.550009,-0.336445,-0.000078,0.065712,21.367000,0
4.560000,-0.499000,-0.376014,1.567537,-0.550009,-0.333445,-0.000078,0.066438,20.034300,0
4.580000,-0.498615,-0.372400,1.563799,-0.550010,-0.330445,-0.000078,0.066345,21.955700,0
4.600000,-0.498035,-0.368272,1.568286,-0.550010,-0.327445,-0.000078,0.066093,22.672000,0
4.620000,-0.499489,-0.366884,1.566157,-0.550010,-0.324445,-0.000078,0.065981,22.020500,0
4.640000,-0.498614,-0.366898,1.579151,-0.550010,-0.321445,-0.000078,0.068612,22.602800,0
4.660000,-0.499184,-0.356504,1.576356,-0.550011,-0.318445,-0.000078,0.063496,23.660700,0
4.680000,-0.500671,-0.356222,1.571468,-0.550011,-0.315445,-0.000078,0.064009,24.205200,0
4.700000,-0.499929,-0.351581,1.573347,-0.550011,-0.312445,-0.000078,0.063559,22.555900,0
4.720000,-0.497116,-0.357088,1.583035,-0.550011,-0.309445,-0.000078,0.071188,22.850700,0
4.740000,-0.497385,-0.352115,1.588245,-0.550012,-0.306445,-0.000078,0.069680,22.872000,0
4.760000,-0.497022,-0.340998,1.560622,-0.550012,-0.303445,-0.000078,0.064948,22.449600,0
4.780000,-0.497180,-0.340435,1.573770,-0.550012,-0.300445,-0.000078,0.066261,22.389100,0
4.800000,-0.496400,-0.333318,1.569389,-0.550012,-0.297445,-0.000078,0.064507,23.126000,0
4.820000,-0.497180,-0.332599,1.576025,-0.550013,-0.294445,-0.000078,0.065169,22.636400,0
4.840000,-0.497129,-0.334442,1.584494,-0.550013,-0.291445,-0.000078,0.068157,22.719300,0
4.860000,-0.498592,-0.326696,1.573919,-0.550013,-0.288445,-0.000078,0.064088,22.616800,0
4.880000,-0.498514,-0.318114,1.550325,-0.550013,-0.285445,-0.000078,0.060987,21.308900,0
4.900000,-0.498446,-0.311275,1.536686,-0.550013,-0.282445,-0.000078,0.059079,19.207700,0
4.920000,-0.495693,-0.309923,1.530985,-0.550014,-0.279445,-0.000078,0.062287,19.358500,0
4.940000,-0.497260,-0.304773,1.538332,-0.550014,-0.276445,-0.000078,0.059879,19.661500,0
4.960000,-0.497514,-0.302485,1.535735,-0.550014,-0.273445,-0.000078,0.059996,18.953800,0
4.980000,-0.497947,-0.300634,1.542466,-0.550014,-0.270445,-0.000078,0.060186,19.399800,0
5.000000,-0.496361,-0.297574,1.550124,-0.550015,-0.267445,-0.000078,0.061534,19.476400,0
5.020000,-0.497565,-0.292730,1.550538,-0.550015,-0.264445,-0.000078,0.059591,20.125300,0
5.040000,-0.497598,-0.296916,1.553575,-0.550015,-0.261445,-0.000078,0.063291,20.384600,0
5.060000,-0.496597,-0.295811,1.559365,-0.550015,-0.258445,-0.000078,0.065189,20.452800,0
5.080000,-0.495392,-0.291889,1.560756,-0.550016,-0.255445,-0.000078,0.065665,20.489200,0
5.100000,-0.496417,-0.292418,1.562934,-0.550016,-0.252445,-0.000078,0.066863,20.503100,0
5.120000,-0.495725,-0.293809,1.570846,-0.550016,-0.249445,-0.000078,0.070112,20.119300,0
5.140000,-0.495563,-0.286070,1.566524,-0.550016,-0.246445,-0.000078,0.067345,19.850000,0
5.160000,-0.497614,-0.282340,1.568282,-0.550016,-0.243445,-0.000078,0.065259,21.008700,0
5.180000,-0.497145,-0.277497,1.568656,-0.550017,-0.240445,-0.000078,0.064562,20.536900,0
5.200000,-0.496310,-0.274886,1.573184,-0.550017,-0.237445,-0.000078,0.065470,20.444700,0
5.220000,-0.495976,-0.269564,1.561970,-0.550017,-0.234445,-0.000078,0.064450,20.690400,0
5.240000,-0.497496,-0.264112,1.557034,-0.550017,-0.231445,-0.000078,0.061851,20.407200,0
5.260000,-0.495775,-0.264553,1.571481,-0.550018,-0.228445,-0.000078,0.065162,20.780200,0
5.280000,-0.495833,-0.260082,1.567360,-0.550018,-0.225445,-0.000078,0.064310,20.733200,0
5.300000,-0.496202,-0.243729,1.554639,-0.550018,-0.222445,-0.000078,0.057872,21.367300,0
5.320000,-0.495985,-0.231405,1.534018,-0.550018,-0.219445,-0.000078,0.055341,20.707400,0
5.340000,-0.495019,-0.235641,1.528973,-0.550019,-0.216445,-0.000078,0.058254,20.444200,0
5.360000,-0.496167,-0.252901,1.557491,-0.550019,-0.213445,-0.000078,0.066759,20.700700,0
5.380000,-0.496555,-0.252343,1.561901,-0.550019,-0.210445,-0.000078,0.067925,19.170800,0
5.400000,-0.498071,-0.247546,1.559144,-0.550019,-0.207445,-0.000078,0.065625,20.562800,0
5.420000,-0.498398,-0.246197,1.561605,-0.550020,-0.204445,-0.000078,0.066393,20.672500,0
5.440000,-0.496237,-0.240699,1.565519,-0.550020,-0.201445,-0.000078,0.066585,20.134000,0
5.460000,-0.494504,-0.240882,1.573658,-0.550020,-0.198445,-0.000078,0.069878,22.203700,0
5.480000,-0.495634,-0.220085,1.554844,-0.550020,-0.195445,-0.000078,0.059707,24.002300,0
5.500000,-0.494487,-0.209083,1.543483,-0.550020,-0.192445,-0.000078,0.057972,22.076300,0
5.520000,-0.495684,-0.208905,1.537524,-0.550021,-0.189445,-0.000078,0.057717,20.231900,0
5.540000,-0.495635,-0.207448,1.533786,-0.550021,-0.186445,-0.000078,0.058301,18.925300,0
5.560000,-0.496016,-0.211882,1.546956,-0.550021,-0.183445,-0.000078,0.061034,19.711200,0
5.580000,-0.495258,-0.209241,1.543501,-0.550021,-0.180445,-0.000078,0.061873,20.024500,0
5.600000,-0.493676,-0.203337,1.543630,-0.550022,-0.177445,-0.000078,0.062010,19.759900,0
5.620000,-0.494524,-0.202071,1.543739,-0.550022,-0.174445,-0.000078,0.061994,22.187600,0
5.640000,-0.493000,-0.198626,1.541026,-0.550022,-0.171445,-0.000078,0.063169,22.621800,0
5.660000,-0.494128,-0.197599,1.549479,-0.550022,-0.168445,-0.000078,0.063041,22.613000,0
5.680000,-0.494234,-0.189093,1.530711,-0.550023,-0.165445,-0.000078,0.060594,22.498700,0
5.700000,-0.493970,-0.187754,1.555831,-0.550023,-0.162445,-0.000078,0.061502,22.860400,0
5.720000,-0.494436,-0.185278,1.549401,-0.550023,-0.159445,-0.000078,0.061297,23.292900,0
5.740000,-0.493531,-0.177799,1.536700,-0.550023,-0.156445,-0.000078,0.060393,22.278500,0
5.760000,-0.495252,-0.185812,1.542194,-0.550024,-0.153445,-0.000078,0.063621,22.112000,0
5.780000,-0.494063,-0.166703,1.516543,-0.550024,-0.150445,-0.000078,0.058275,19.326500,0
5.800000,-0.494414,-0.168016,1.549347,-0.550024,-0.147445,-0.000078,0.059293,18.687600,0
5.820000,-0.494838,-0.171573,1.556589,-0.550024,-0.144445,-0.000078,0.061494,19.545900,0
5.840000,-0.494693,-0.187315,1.589428,-0.550025,-0.141445,-0.000078,0.071873,20.000200,0
5.860000,-0.493554,-0.179652,1.572438,-0.550025,-0.138445,-0.000078,0.069907,20.431200,0
5.880000,-0.494858,-0.170383,1.572210,-0.550025,-0.135445,-0.000078,0.065300,20.320900,0
5.900000,-0.494841,-0.174349,1.576468,-0.550025,-0.132445,-0.000078,0.069291,22.052700,0
5.920000,-0.493635,-0.165118,1.557648,-0.550025,-0.129445,-0.000078,0.066726,22.320800,0
5.940000,-0.494486,-0.107298,1.471189,-0.550026,-0.126445,-0.000078,0.058748,23.422800,0
5.960000,-0.494494,-0.151896,1.559414,-0.550026,-0.123445,-0.000078,0.062397,22.447600,0
5.980000,-0.494076,-0.150965,1.567522,-0.550026,-0.120445,-0.000078,0.063733,24.013400,0
6.000000,-0.493250,-0.151163,1.572816,-0.550026,-0.117445,-0.000078,0.066034,22.655500,0
6.020000,-0.492641,-0.155341,1.580516,-0.550027,-0.114445,-0.000078,0.070467,22.713000,0
6.040000,-0.495031,-0.154330,1.572420,-0.550027,-0.111445,-0.000078,0.069740,22.565300,0
6.060000,-0.493353,-0.161294,1.576187,-0.550027,-0.108445,-0.000078,0.077492,23.177000,0
6.080000,-0.493979,-0.147183,1.571897,-0.550027,-0.105445,-0.000078,0.069881,22.954500,0
6.100000,-0.492728,-0.145394,1.573079,-0.550028,-0.102445,-0.000078,0.071610,22.793400,0
6.120000,-0.493098,-0.145891,1.581764,-0.550028,-0.099445,-0.000078,0.073473,22.251000,0
6.140000,-0.494365,-0.129730,1.578672,-0.550028,-0.096445,-0.000078,0.064856,22.764000,0
6.160000,-0.493374,-0.126740,1.575237,-0.550028,-0.093445,-0.000078,0.065713,22.888200,0
6.180000,-0.493073,-0.123339,1.578077,-0.550029,-0.090445,-0.000078,0.065773,22.615200,0
6.200000,-0.491053,-0.123601,1.565520,-0.550029,-0.087445,-0.000078,0.069176,22.836900,0
6.220000,-0.493909,-0.126683,1.581854,-0.550029,-0.084445,-0.000078,0.070239,22.123100,0
6.240000,-0.494015,-0.127545,1.576729,-0.550029,-0.081445,-0.000078,0.072545,22.231000,0
6.260000,-0.493486,-0.122095,1.581827,-0.550029,-0.078445,-0.000078,0.071431,22.453400,0
6.280000,-0.492748,-0.115256,1.571624,-0.550030,-0.075445,-0.000078,0.069758,22.439000,0
6.300000,-0.494030,-0.103710,1.568402,-0.550030,-0.072445,-0.000078,0.064137,23.232600,0
6.320000,-0.494574,-0.105032,1.579236,-0.550030,-0.069445,-0.000078,0.065893,22.154300,0
6.340000,-0.493519,-0.103088,1.573194,-0.550030,-0.066445,-0.000078,0.067352,22.305500,0
6.360000,-0.493284,-0.104557,1.585945,-0.550031,-0.063445,-0.000078,0.070074,23.058100,0
6.380000,-0.493681,-0.105732,1.574842,-0.550031,-0.060445,-0.000078,0.072293,22.272400,0
6.400000,-0.492621,-0.096650,1.577446,-0.550031,-0.057445,-0.000078,0.069520,19.631000,0
6.420000,-0.490719,-0.095974,1.582451,-0.550031,-0.054445,-0.000078,0.072406,18.910800,0
6.440000,-0.492411,-0.088861,1.561728,-0.550032,-0.051445,-0.000078,0.068703,19.531100,0
6.460000,-0.494614,-0.083993,1.558649,-0.550032,-0.048445,-0.000078,0.065840,19.997500,0
6.480000,-0.493658,-0.090045,1.567899,-0.550032,-0.045445,-0.000078,0.071883,20.555300,0
6.500000,-0.493226,-0.088558,1.570147,-0.550032,-0.042445,-0.000078,0.073166,20.513300,0
6.520000,-0.490609,-0.084622,1.574348,-0.550032,-0.039445,-0.000078,0.074647,20.032500,0
6.540000,-0.491266,-0.072203,1.575549,-0.550033,-0.036445,-0.000078,0.068791,20.672600,0
6.560000,-0.490882,-0.072072,1.574308,-0.550033,-0.033445,-0.000078,0.070646,22.587300,0
6.580000,-0.492367,-0.069775,1.551292,-0.550033,-0.030445,-0.000078,0.069801,22.407800,0
6.600000,-0.492834,-0.068379,1.567936,-0.550033,-0.027445,-0.000078,0.070337,22.406200,0
6.620000,-0.493346,-0.060112,1.569546,-0.550034,-0.024445,-0.000078,0.066975,22.659800,0
6.640000,-0.493026,-0.063615,1.588045,-0.550034,-0.021445,-0.000078,0.070910,22.796800,0
6.660000,-0.490707,-0.058340,1.582638,-0.550034,-0.018445,-0.000078,0.071494,22.695800,0
6.680000,-0.492548,-0.051884,1.569278,-0.550034,-0.015445,-0.000078,0.068062,22.165700,0
6.700000,-0.490407,-0.049923,1.565618,-0.550035,-0.012445,-0.000078,0.070428,24.319500,0
6.720000,-0.491365,-0.067718,1.591845,-0.550035,-0.009445,-0.000078,0.082692,25.419400,0
6.740000,-0.490507,-0.045246,1.590142,-0.550035,-0.006445,-0.000078,0.071057,23.067100,0
6.760000,-0.490140,-0.040901,1.553362,-0.550035,-0.003445,-0.000078,0.070642,22.780000,0
6.780000,-0.491171,-0.040049,1.568822,-0.550035,-0.002491,0.009002,0.069825,20.537600,0
6.800000,-0.491039,-0.038304,1.535849,-0.550033,-0.002317,0.029000,0.069104,18.896100,0
6.820000,-0.493744,-0.040824,1.519892,-0.550032,-0.002300,0.047227,0.068209,19.217500,0
6.840000,-0.493206,-0.038312,1.505127,-0.550031,-0.002303,0.065216,0.067273,19.493700,0
6.860000,-0.494109,-0.038018,1.480416,-0.550030,-0.002306,0.083205,0.066351,20.856100,0
6.880000,-0.494273,-0.039811,1.458109,-0.550029,-0.002308,0.101195,0.067195,20.114300,0
6.900000,-0.495266,-0.040194,1.449598,-0.550028,-0.002309,0.119185,0.066590,19.102800,0
6.920000,-0.496856,-0.039522,1.434178,-0.550027,-0.002316,0.137231,0.064895,19.062000,0
6.940000,-0.500274,-0.040481,1.423405,-0.550026,-0.002323,0.155285,0.062700,20.047600,0
6.960000,-0.498155,-0.035431,1.382888,-0.550025,-0.002330,0.173339,0.061532,20.000600,0
6.980000,-0.499005,-0.046938,1.386402,-0.550024,-0.002337,0.191390,0.067766,20.941300,0
7.000000,-0.498631,-0.038256,1.352490,-0.550023,-0.002343,0.209436,0.062697,20.551000,0
7.020000,-0.498560,-0.039572,1.358900,-0.550023,-0.002338,0.209435,0.063520,20.626100,0
7.040000,-0.499190,-0.042777,1.370086,-0.550022,-0.002334,0.209429,0.064958,20.714400,0
7.060000,-0.497970,-0.035375,1.369351,-0.550022,-0.002331,0.209423,0.061655,18.589900,0
7.080000,-0.498916,-0.036734,1.362047,-0.550021,-0.002328,0.209418,0.061607,18.562100,0
7.100000,-0.498380,-0.040551,1.367154,-0.550021,-0.002326,0.209414,0.064249,19.326800,0
7.120000,-0.498897,-0.037008,1.364168,-0.550021,-0.002325,0.209411,0.061779,20.392400,0
7.140000,-0.498919,-0.033135,1.355918,-0.549397,0.000099,0.209456,0.060437,19.932000,0
7.160000,-0.497847,-0.028935,1.355280,-0.548773,0.003035,0.209456,0.060129,19.735000,0
7.180000,-0.497125,-0.027049,1.362180,-0.548150,0.005970,0.209454,0.060777,20.089000,0
7.200000,-0.498704,-0.026390,1.366111,-0.547526,0.008905,0.209453,0.060244,20.425100,0
7.220000,-0.495707,-0.022979,1.359408,-0.546902,0.011840,0.209452,0.061913,20.368300,0
7.240000,-0.494488,-0.017797,1.356664,-0.546278,0.014775,0.209451,0.061181,20.161300,0
7.260000,-0.493866,-0.021199,1.367396,-0.545655,0.017710,0.209451,0.064776,19.382900,0
7.280000,-0.493317,-0.017239,1.370208,-0.545031,0.020645,0.209450,0.064106,19.093200,0
7.300000,-0.494314,-0.015149,1.373577,-0.544407,0.023579,0.209450,0.063318,19.491100,0
7.320000,-0.493626,-0.011190,1.366029,-0.543783,0.026514,0.209450,0.062748,20.018300,0
7.340000,-0.493231,-0.011142,1.379480,-0.543160,0.029449,0.209450,0.064347,19.942000,0
7.360000,-0.491670,-0.000588,1.351871,-0.542536,0.032383,0.209450,0.060617,19.747400,0
7.380000,-0.490422,-0.002490,1.366619,-0.541912,0.035318,0.209449,0.063881,19.716600,0
7.400000,-0.489471,0.001954,1.370922,-0.541288,0.038252,0.209449,0.063266,20.239600,0
7.420000,-0.488922,0.004527,1.366834,-0.540665,0.041187,0.209449,0.063414,20.127500,0
7.440000,-0.487555,0.005744,1.367134,-0.540041,0.044121,0.209449,0.065019,20.487800,0
7.460000,-0.486038,0.009030,1.355987,-0.539417,0.047056,0.209449,0.065538,20.290600,0
7.480000,-0.487929,-0.001076,1.358982,-0.539321,0.047729,0.222260,0.070873,20.793800,0
7.500000,-0.486347,0.012861,1.309990,-0.539285,0.047888,0.242145,0.063477,20.490700,0
7.520000,-0.488421,0.008819,1.308431,-0.539285,0.047888,0.260167,0.064137,20.547100,0
7.540000,-0.488848,0.007390,1.292232,-0.539285,0.047883,0.278176,0.064680,20.430700,0
7.560000,-0.489584,0.016095,1.281437,-0.539284,0.047878,0.296192,0.058994,20.165400,0
7.580000,-0.486881,0.017872,1.251326,-0.539283,0.047873,0.314212,0.060382,20.314600,0
7.600000,-0.490394,0.010607,1.237509,-0.539283,0.047868,0.332233,0.061470,20.274100,0
7.620000,-0.491712,0.015297,1.219148,-0.539282,0.047863,0.350255,0.057649,18.775700,0
7.640000,-0.492223,0.021501,1.181803,-0.539281,0.047859,0.368275,0.053937,19.689100,0
7.660000,-0.492494,0.015851,1.180851,-0.539280,0.047855,0.386294,0.056686,20.845800,0
7.680000,-0.490931,0.018296,1.159159,-0.539279,0.047851,0.404311,0.056666,21.178300,0
7.700000,-0.493441,0.013442,1.146025,-0.539278,0.047847,0.422326,0.057312,19.358000,0
7.720000,-0.495118,0.017019,1.123554,-0.539277,0.047844,0.440339,0.053854,18.830800,0
7.740000,-0.493644,0.017024,1.110488,-0.539276,0.047841,0.458350,0.055063,19.438700,0
7.760000,-0.493243,0.011911,1.092603,-0.539275,0.047838,0.476359,0.058393,19.751200,0
7.780000,-0.495187,0.011090,1.081801,-0.539274,0.047835,0.494366,0.057392,19.663700,0
7.800000,-0.495635,0.013422,1.053978,-0.539273,0.047832,0.512372,0.055573,21.502200,0
7.820000,-0.497145,0.015042,1.037768,-0.539272,0.047829,0.530376,0.053382,22.494300,0
7.840000,-0.494040,0.020069,1.010943,-0.539271,0.047827,0.548378,0.053069,22.467300,0
7.860000,-0.500037,0.009837,1.002083,-0.539270,0.047824,0.566379,0.054610,19.899900,0
7.880000,-0.495066,0.024108,0.964381,-0.539269,0.047822,0.584379,0.050163,18.529800,0
7.900000,-0.497106,0.020788,0.963327,-0.539268,0.047819,0.602378,0.050083,19.406600,0
7.920000,-0.500811,0.014013,0.949620,-0.539267,0.047817,0.620376,0.051201,19.767400,0
7.940000,-0.496838,0.022708,0.923758,-0.539266,0.047815,0.638373,0.049300,18.762700,0
7.960000,-0.499101,0.021105,0.903781,-0.539265,0.047812,0.656369,0.048232,19.041100,0
7.980000,-0.499410,0.021014,0.892393,-0.539264,0.047810,0.674365,0.048024,19.697600,0
8.000000,-0.501925,0.019826,0.884688,-0.539263,0.047808,0.692360,0.046659,20.220400,0
8.020000,-0.502280,0.022410,0.880949,-0.539261,0.047813,0.692353,0.044865,19.178600,0
8.040000,-0.496937,0.028397,0.875307,-0.537345,0.050123,0.692363,0.045879,20.300000,0
8.060000,-0.494752,0.027705,0.871242,-0.535427,0.052434,0.692357,0.047602,21.913900,0
8.080000,-0.492801,0.029257,0.871716,-0.533511,0.054746,0.692351,0.048032,22.031400,0
8.100000,-0.493386,0.027474,0.887737,-0.531595,0.057057,0.692345,0.048322,21.749200,0
8.120000,-0.494318,0.025684,0.894020,-0.529679,0.059368,0.692340,0.048836,22.386500,0
8.140000,-0.486057,0.036787,0.848197,-0.527763,0.061679,0.692336,0.048569,22.675400,0
8.160000,-0.481647,0.036577,0.849213,-0.525848,0.063990,0.692333,0.052011,22.694200,0
8.180000,-0.480953,0.039405,0.852826,-0.523933,0.066300,0.692331,0.050701,22.898100,0
8.200000,-0.478427,0.044517,0.847371,-0.522017,0.068610,0.692329,0.049805,22.402200,0
8.220000,-0.475376,0.049504,0.848365,-0.520102,0.070920,0.692328,0.049589,22.144900,0
8.240000,-0.475127,0.052059,0.849294,-0.518187,0.073230,0.692327,0.047983,21.597600,0
8.260000,-0.471318,0.052730,0.850799,-0.516272,0.075539,0.692326,0.050410,18.589000,0
8.280000,-0.475223,0.048666,0.889141,-0.514357,0.077849,0.692326,0.048817,19.107200,0
8.300000,-0.472125,0.052416,0.848394,-0.514132,0.078119,0.709845,0.049247,19.124900,0
8.320000,-0.474825,0.051394,0.841757,-0.514116,0.078136,0.728137,0.047528,19.012100,0
8.340000,-0.476822,0.042409,0.837570,-0.514118,0.078133,0.746124,0.051645,19.602600,0
8.360000,-0.472266,0.054316,0.792695,-0.514119,0.078130,0.764116,0.048154,19.380500,0
8.380000,-0.475599,0.050746,0.787724,-0.514120,0.078127,0.782110,0.047261,19.627600,0
8.400000,-0.474189,0.054115,0.764790,-0.514120,0.078124,0.800107,0.046593,20.413200,0
8.420000,-0.475622,0.052542,0.743182,-0.514121,0.078121,0.818104,0.046221,19.985300,0
8.440000,-0.481171,0.050355,0.732570,-0.514121,0.078118,0.836102,0.043087,20.031700,0
8.460000,-0.474145,0.054533,0.724364,-0.512044,0.079994,0.838423,0.045658,20.320500,0
8.480000,-0.471952,0.058552,0.727187,-0.509811,0.082002,0.838417,0.044533,20.108700,0
8.500000,-0.471491,0.057134,0.731714,-0.507577,0.084009,0.838412,0.044994,19.613400,0
8.520000,-0.468959,0.059051,0.730810,-0.505345,0.086017,0.838407,0.045290,19.851200,0
8.540000,-0.463863,0.067032,0.729071,-0.503113,0.088024,0.838404,0.044510,21.136100,0
8.560000,-0.464318,0.063951,0.737787,-0.500881,0.090031,0.838401,0.044911,21.664300,0
8.580000,-0.465816,0.063585,0.710996,-0.500622,0.090262,0.856005,0.043853,21.960600,0
8.600000,-0.468126,0.066404,0.697383,-0.500599,0.090281,0.874365,0.040306,22.033700,0
8.620000,-0.464087,0.066981,0.672076,-0.500601,0.090278,0.892354,0.043313,22.122200,0
8.640000,-0.462007,0.068600,0.653787,-0.500602,0.090275,0.910345,0.044264,21.956200,0
8.660000,-0.466462,0.064999,0.639666,-0.500603,0.090273,0.928339,0.042478,21.908500,0
8.680000,-0.468563,0.067173,0.628750,-0.500604,0.090270,0.946333,0.039498,20.344600,0
8.700000,-0.465895,0.071571,0.598933,-0.500604,0.090268,0.964328,0.039424,18.703400,0
8.720000,-0.464555,0.071887,0.604376,-0.498513,0.091975,0.964436,0.039455,19.389700,0
8.740000,-0.462932,0.071547,0.605562,-0.496045,0.093686,0.964429,0.039832,19.660100,0
8.760000,-0.459300,0.076973,0.606685,-0.493578,0.095398,0.964423,0.038916,20.736900,0
8.780000,-0.461122,0.073466,0.607918,-0.491111,0.097109,0.964418,0.038188,20.146000,0
8.800000,-0.455681,0.077400,0.605040,-0.488644,0.098821,0.964415,0.039312,18.922900,0
8.820000,-0.454022,0.077209,0.603753,-0.486178,0.100531,0.964412,0.039723,19.005100,0
8.840000,-0.458939,0.076883,0.594613,-0.485852,0.100583,0.981334,0.035861,19.692900,0
8.860000,-0.448663,0.079428,0.560686,-0.485855,0.100580,0.999319,0.042786,18.868300,0
8.880000,-0.451209,0.084299,0.545589,-0.485857,0.100577,1.017308,0.038281,19.008600,0
8.900000,-0.451290,0.083059,0.521106,-0.485859,0.100575,1.035299,0.038753,19.261000,0
8.920000,-0.449646,0.085524,0.500612,-0.485860,0.100572,1.053292,0.039216,20.163500,0
8.940000,-0.452525,0.084801,0.497856,-0.485861,0.100570,1.071285,0.036877,20.005800,0
8.960000,-0.451756,0.085020,0.475161,-0.485862,0.100568,1.089279,0.037483,20.162200,0
8.980000,-0.451035,0.087184,0.466032,-0.485862,0.100565,1.107272,0.037309,20.489900,0
9.000000,-0.455379,0.084436,0.441152,-0.485863,0.100563,1.125265,0.034487,19.544200,0
9.020000,-0.456633,0.085439,0.430263,-0.485863,0.100561,1.143257,0.032910,20.151000,0
9.040000,-0.453956,0.084222,0.401101,-0.485863,0.100559,1.161249,0.035847,21.013200,0
9.060000,-0.455974,0.084827,0.399756,-0.485863,0.100556,1.179239,0.033775,21.993100,0
9.080000,-0.462387,0.081795,0.381202,-0.485863,0.100554,1.197229,0.030050,22.148500,0
9.100000,-0.449283,0.088738,0.347983,-0.485862,0.100552,1.215218,0.038439,22.315100,0
9.120000,-0.457388,0.090329,0.330282,-0.485862,0.100550,1.233207,0.030253,22.305600,0
9.140000,-0.458546,0.086633,0.322915,-0.485862,0.100548,1.251195,0.030656,21.971400,0
9.160000,-0.459687,0.084674,0.302904,-0.485862,0.100546,1.269182,0.030612,22.067700,0
9.180000,-0.448918,0.090571,0.277198,-0.485862,0.100544,1.287168,0.038267,22.514400,0
9.200000,-0.458437,0.088272,0.280053,-0.485861,0.100542,1.305155,0.030044,22.161500,0
9.220000,-0.461237,0.090281,0.245412,-0.485861,0.100540,1.323140,0.026676,22.560700,0
9.240000,-0.452280,0.092982,0.232554,-0.485861,0.100538,1.341126,0.034420,22.658000,0
9.260000,-0.458769,0.092641,0.210427,-0.485861,0.100537,1.359111,0.028220,22.223900,0
9.280000,-0.455489,0.092621,0.185476,-0.485861,0.100535,1.377095,0.031386,22.529200,0
9.300000,-0.455837,0.091155,0.183307,-0.483533,0.101015,1.384194,0.029399,22.205300,0
9.320000,-0.449748,0.091465,0.187435,-0.480581,0.101571,1.384191,0.032447,22.475100,0
9.340000,-0.446467,0.092611,0.182157,-0.477629,0.102128,1.384178,0.032583,22.325000,0
9.360000,-0.440737,0.093805,0.180244,-0.474678,0.102684,1.384169,0.035083,22.883500,0
9.380000,-0.442168,0.093908,0.183944,-0.471728,0.103241,1.384162,0.030998,22.158000,0
9.400000,-0.438900,0.095793,0.190137,-0.468778,0.103798,1.384157,0.030932,22.671000,0
9.420000,-0.432146,0.096141,0.183574,-0.465829,0.104355,1.384154,0.034670,22.202800,0
9.440000,-0.431242,0.096202,0.196627,-0.462879,0.104912,1.384152,0.032814,22.888300,0
9.460000,-0.430830,0.097356,0.185009,-0.459931,0.105469,1.384151,0.030211,22.895500,0
9.480000,-0.427107,0.098938,0.186640,-0.456982,0.106026,1.384150,0.030705,22.678400,0
9.500000,-0.422047,0.096925,0.174600,-0.454033,0.106583,1.384149,0.033412,22.472500,0
9.520000,-0.420341,0.100753,0.192605,-0.451085,0.107140,1.384148,0.031400,22.430100,0
9.540000,-0.418839,0.097002,0.188875,-0.448137,0.107697,1.384147,0.031189,22.357100,0
9.560000,-0.417692,0.098584,0.183199,-0.445188,0.108253,1.384146,0.029147,22.429300,0
9.580000,-0.414156,0.099321,0.185358,-0.442240,0.108810,1.384146,0.029643,22.415500,0
9.600000,-0.411161,0.101642,0.178820,-0.439292,0.109367,1.384145,0.029173,22.653200,0
9.620000,-0.411531,0.101014,0.187246,-0.436344,0.109924,1.384145,0.026364,23.558700,0
9.640000,-0.400800,0.103287,0.186432,-0.433396,0.110481,1.384145,0.033381,22.354800,0
9.660000,-0.407896,0.100626,0.164943,-0.432741,0.110560,1.397258,0.026757,22.848500,0
9.680000,-0.395883,0.102041,0.145134,-0.432570,0.110527,1.417257,0.037655,22.784400,0
9.700000,-0.398184,0.102719,0.122456,-0.432572,0.110525,1.435255,0.035263,22.395700,0
9.720000,-0.406265,0.103297,0.121207,-0.432575,0.110524,1.453244,0.027284,22.638100,0
9.740000,-0.400439,0.104008,0.077324,-0.432577,0.110522,1.471233,0.032792,22.529900,0
9.760000,-0.401584,0.105471,0.083093,-0.432579,0.110521,1.489223,0.031403,22.835700,0
9.780000,-0.406254,0.105254,0.047040,-0.432580,0.110519,1.507213,0.026847,22.529400,0
9.800000,-0.397980,0.105571,0.022222,-0.432581,0.110518,1.525203,0.034953,22.399000,0
9.820000,-0.402699,0.110536,0.031893,-0.432582,0.110517,1.543191,0.029883,22.379200,0
9.840000,-0.407996,0.110444,-0.004232,-0.432583,0.110517,1.561179,0.024587,22.700300,0
9.860000,-0.402160,0.107338,-0.022234,-0.432584,0.110516,1.579167,0.030590,22.097500,0
9.880000,-0.406210,0.108951,-0.028993,-0.432584,0.110515,1.597153,0.026421,22.589400,0
9.900000,-0.402951,0.109238,-0.052174,-0.432585,0.110514,1.615139,0.029661,22.393200,0
9.920000,-0.396509,0.109146,-0.067768,-0.430416,0.110408,1.624495,0.033930,22.020100,0
9.940000,-0.394677,0.107730,-0.074782,-0.427417,0.110244,1.624492,0.032837,21.876500,0
9.960000,-0.393854,0.106665,-0.080184,-0.424418,0.110082,1.624487,0.030755,18.989600,0
9.980000,-0.395459,0.104134,-0.070433,-0.421420,0.109919,1.624479,0.026598,18.618000,0
10.000000,-0.389095,0.106651,-0.081529,-0.418422,0.109757,1.624474,0.029491,19.841600,0
10.020000,-0.386772,0.104593,-0.082711,-0.415424,0.109596,1.624469,0.029086,19.977400,0
10.040000,-0.380012,0.106222,-0.077766,-0.412427,0.109435,1.624465,0.032573,19.707800,0
10.060000,-0.376785,0.105699,-0.076946,-0.409430,0.109274,1.624461,0.032840,19.866000,0
10.080000,-0.379183,0.105648,-0.062617,-0.406434,0.109112,1.624458,0.027470,20.020400,0
10.100000,-0.376660,0.105741,-0.059240,-0.403437,0.108951,1.624456,0.026969,20.307500,0
10.120000,-0.376801,0.104673,-0.038469,-0.400441,0.108790,1.624455,0.023996,20.095700,0
10.140000,-0.365063,0.104759,-0.061226,-0.397445,0.108630,1.624454,0.032613,20.301300,0
10.160000,-0.363300,0.105477,-0.052615,-0.394449,0.108469,1.624453,0.031292,19.552400,0
10.180000,-0.356036,0.103108,-0.068889,-0.391453,0.108308,1.624452,0.035796,20.154800,0
10.200000,-0.353538,0.105781,-0.082103,-0.388457,0.108147,1.624452,0.034999,18.766700,0
10.220000,-0.351838,0.106907,-0.075194,-0.385461,0.107986,1.624451,0.033640,19.351800,0
10.240000,-0.353004,0.107606,-0.088752,-0.382465,0.107825,1.624451,0.029462,18.895800,0
10.260000,-0.344966,0.102258,-0.077410,-0.379469,0.107664,1.624451,0.034924,19.866300,0
10.280000,-0.343449,0.102811,-0.078119,-0.376474,0.107503,1.624451,0.033356,19.054300,0
10.300000,-0.340603,0.103043,-0.075190,-0.373478,0.107343,1.624451,0.033155,19.074800,0
10.320000,-0.339543,0.102065,-0.077223,-0.370482,0.107182,1.624451,0.031359,19.970500,0
10.340000,-0.337872,0.102887,-0.077328,-0.367486,0.107021,1.624451,0.029901,19.912500,0
10.360000,-0.339351,0.103047,-0.063286,-0.364491,0.106860,1.624451,0.025427,20.164900,0
10.380000,-0.332734,0.103734,-0.053031,-0.361495,0.106699,1.624451,0.028913,19.611600,0
10.400000,-0.326527,0.103793,-0.064953,-0.358499,0.106538,1.624451,0.032090,19.367700,0
10.420000,-0.323137,0.103228,-0.057688,-0.355504,0.106377,1.624451,0.032519,18.912000,0
10.440000,-0.324641,0.103509,-0.048913,-0.352508,0.106217,1.624451,0.027998,19.259400,0
10.460000,-0.319699,0.103359,-0.051572,-0.349512,0.106056,1.624451,0.029935,19.993500,0
10.480000,-0.322429,0.104454,-0.058708,-0.346516,0.105895,1.624451,0.024130,20.203600,0
10.500000,-0.316907,0.101980,-0.059137,-0.343521,0.105734,1.624451,0.026878,19.984600,0
10.520000,-0.311590,0.101846,-0.052779,-0.340525,0.105573,1.624451,0.029174,20.815200,0
10.540000,-0.308483,0.101250,-0.051624,-0.337529,0.105412,1.624451,0.029342,20.394600,0
10.560000,-0.306522,0.102517,-0.075809,-0.334534,0.105251,1.624451,0.028145,20.635900,0
10.580000,-0.303447,0.099873,-0.077239,-0.331538,0.105090,1.624451,0.028571,21.067500,0
10.600000,-0.300222,0.100788,-0.080704,-0.328542,0.104930,1.624451,0.028621,20.302100,0
10.620000,-0.293336,0.102372,-0.083651,-0.325547,0.104769,1.624451,0.032300,18.456200,0
10.640000,-0.296109,0.101722,-0.072955,-0.322551,0.104608,1.624451,0.026599,18.437200,0
10.660000,-0.293224,0.102501,-0.075433,-0.319555,0.104447,1.624451,0.026403,19.625700,0
10.680000,-0.287526,0.100090,-0.088603,-0.316560,0.104286,1.624451,0.029336,20.700600,0
10.700000,-0.283919,0.097560,-0.075028,-0.313564,0.104125,1.624451,0.030364,20.612400,0
10.720000,-0.279715,0.098673,-0.078545,-0.310568,0.103964,1.624451,0.031303,20.909500,0
10.740000,-0.277024,0.099837,-0.089547,-0.307573,0.103803,1.624451,0.030805,19.256300,0
10.760000,-0.279978,0.099099,-0.086083,-0.304577,0.103642,1.624451,0.025015,19.744300,0
10.780000,-0.275093,0.098693,-0.082675,-0.301581,0.103482,1.624451,0.026918,21.653400,0
10.800000,-0.270746,0.099061,-0.081372,-0.298585,0.103321,1.624451,0.028163,21.955800,0
10.820000,-0.261243,0.097856,-0.082979,-0.295590,0.103160,1.624451,0.034754,21.849800,0
10.840000,-0.263563,0.095664,-0.076971,-0.292594,0.102999,1.624451,0.029943,20.127100,0
10.860000,-0.258526,0.095232,-0.062558,-0.289598,0.102838,1.624451,0.031989,19.066900,0
10.880000,-0.253733,0.097233,-0.050760,-0.286603,0.102677,1.624451,0.033318,19.013800,0
10.900000,-0.254919,0.099133,-0.056733,-0.283607,0.102516,1.624451,0.028886,19.843800,0
10.920000,-0.251883,0.099349,-0.057003,-0.280611,0.102355,1.624451,0.028885,19.470500,0
10.940000,-0.249009,0.098031,-0.051253,-0.277616,0.102194,1.624451,0.028908,19.983400,0
10.960000,-0.242668,0.097462,-0.054364,-0.274620,0.102034,1.624451,0.032278,20.152800,0
10.980000,-0.241883,0.096842,-0.053290,-0.271624,0.101873,1.624451,0.030164,21.223200,0
11.000000,-0.232933,0.098061,-0.059927,-0.268629,0.101712,1.624451,0.035882,19.864600,0
11.020000,-0.230145,0.098209,-0.056219,-0.265633,0.101551,1.624451,0.035645,19.112900,0
11.040000,-0.230245,0.098415,-0.060262,-0.262637,0.101390,1.624451,0.032528,19.583900,0
11.060000,-0.226740,0.097052,-0.055796,-0.259642,0.101229,1.624451,0.033166,21.305600,0
11.080000,-0.222306,0.094502,-0.047499,-0.256646,0.101068,1.624451,0.034962,22.548100,0
11.100000,-0.223824,0.093525,-0.048005,-0.253650,0.100907,1.624451,0.030726,22.011700,0
11.120000,-0.225166,0.095862,-0.078620,-0.250655,0.100746,1.624451,0.025952,22.587200,0
11.140000,-0.218490,0.093054,-0.087594,-0.247659,0.100586,1.624451,0.030125,22.772700,0
11.160000,-0.214797,0.092722,-0.071892,-0.244663,0.100425,1.624451,0.030843,21.946100,0
11.180000,-0.208404,0.092720,-0.087692,-0.241668,0.100264,1.624451,0.034109,22.129900,0
11.200000,-0.203232,0.091799,-0.083617,-0.238672,0.100103,1.624451,0.036400,22.784000,0
11.220000,-0.207652,0.091793,-0.077502,-0.235676,0.099942,1.624451,0.029184,22.840600,0
11.240000,-0.202380,0.090871,-0.076092,-0.232680,0.099781,1.624451,0.031583,22.112600,0
11.260000,-0.201000,0.091849,-0.079149,-0.229685,0.099620,1.624451,0.029719,22.280800,0
11.280000,-0.195381,0.090231,-0.082387,-0.226689,0.099459,1.624451,0.032640,23.039200,0
11.300000,-0.189363,0.090824,-0.083079,-0.223693,0.099299,1.624451,0.035360,20.924700,0
11.320000,-0.186004,0.091437,-0.085826,-0.220698,0.099138,1.624451,0.035538,19.160600,0
11.340000,-0.178786,0.091487,-0.086347,-0.217702,0.098977,1.624451,0.039630,18.667200,0
11.360000,-0.177307,0.091334,-0.078640,-0.214706,0.098816,1.624451,0.038140,19.327200,0
11.380000,-0.176212,0.091498,-0.079926,-0.211711,0.098655,1.624451,0.036214,19.760500,0
11.400000,-0.175089,0.090998,-0.085197,-0.208715,0.098494,1.624451,0.034452,20.079400,0
11.420000,-0.172131,0.089926,-0.104668,-0.205719,0.098333,1.624451,0.034624,20.477800,0
11.440000,-0.176082,0.092731,-0.063642,-0.202724,0.098172,1.624451,0.027192,20.541200,0
11.460000,-0.167219,0.093535,-0.057554,-0.199728,0.098011,1.624451,0.032816,20.266800,0
11.480000,-0.166014,0.091212,-0.046137,-0.196732,0.097851,1.624451,0.031427,20.789800,0
11.500000,-0.165324,0.091683,-0.064751,-0.193737,0.097690,1.624451,0.029041,20.836100,0
11.520000,-0.160138,0.090612,-0.070854,-0.192877,0.097726,1.614062,0.033503,18.915600,0
11.540000,-0.160405,0.089129,-0.038630,-0.192703,0.097734,1.594064,0.033425,20.431800,0
11.560000,-0.161552,0.089249,-0.022672,-0.192704,0.097735,1.576047,0.032287,21.929900,0
11.580000,-0.164508,0.089449,-0.006067,-0.192707,0.097736,1.558059,0.029391,21.178300,0
11.600000,-0.158474,0.089636,-0.003076,-0.190590,0.097767,1.548127,0.033129,18.566000,0
11.620000,-0.153021,0.088938,-0.007372,-0.187589,0.097838,1.548129,0.035695,19.142100,0
11.640000,-0.148930,0.088141,0.001070,-0.184587,0.097908,1.548132,0.036971,18.966600,0
11.660000,-0.148614,0.087619,-0.003481,-0.181586,0.097978,1.548134,0.034561,18.933300,0
11.680000,-0.145760,0.088031,-0.008841,-0.178586,0.098047,1.548135,0.034320,19.743000,0
11.700000,-0.146356,0.087249,0.000351,-0.175585,0.098116,1.548137,0.031184,19.896200,0
11.720000,-0.139369,0.086684,-0.021988,-0.172585,0.098185,1.548138,0.035151,20.466600,0
11.740000,-0.145523,0.086912,0.011676,-0.169585,0.098254,1.548139,0.026601,20.638700,0
11.760000,-0.141634,0.088686,0.021919,-0.166585,0.098322,1.548140,0.026747,19.998300,0
11.780000,-0.136221,0.088090,0.026589,-0.163586,0.098390,1.548141,0.029240,20.416900,0
11.800000,-0.130851,0.088881,0.023926,-0.160586,0.098458,1.548141,0.031239,21.084000,0
11.820000,-0.125269,0.088265,0.009349,-0.157587,0.098526,1.548141,0.033908,20.087900,0
11.840000,-0.122492,0.089558,0.024451,-0.154587,0.098594,1.548142,0.033343,21.482500,0
11.860000,-0.123121,0.090524,0.015412,-0.151588,0.098662,1.548142,0.029607,22.973900,0
11.880000,-0.119628,0.091064,0.020092,-0.148588,0.098730,1.548142,0.029957,22.226700,0
11.900000,-0.122536,0.089919,0.031304,-0.145589,0.098798,1.548142,0.024704,23.276100,0
11.920000,-0.115809,0.088148,0.025275,-0.142590,0.098866,1.548142,0.028846,22.848900,0
11.940000,-0.113940,0.086801,0.032955,-0.139590,0.098934,1.548142,0.028375,23.707000,0
11.960000,-0.108285,0.086783,0.019271,-0.136591,0.099002,1.548143,0.030831,22.563200,0
11.980000,-0.106120,0.088703,0.025427,-0.133592,0.099070,1.548143,0.029363,22.929300,0
12.000000,-0.102448,0.090082,0.028467,-0.130593,0.099138,1.548143,0.029566,23.295300,0
12.020000,-0.092105,0.088133,0.011794,-0.127593,0.099206,1.548143,0.037175,22.596100,0
12.040000,-0.094547,0.087355,0.019314,-0.124594,0.099274,1.548142,0.032324,22.277300,0
12.060000,-0.091367,0.088586,0.027102,-0.121595,0.099342,1.548142,0.032085,22.739200,0
12.080000,-0.079829,0.090681,0.002828,-0.118596,0.099410,1.548142,0.039737,22.147900,0
12.100000,-0.078890,0.089418,0.001061,-0.115596,0.099478,1.548142,0.038060,22.129300,0
12.120000,-0.078698,0.088500,-0.016450,-0.112597,0.099545,1.548142,0.035653,22.722400,0
12.140000,-0.081051,0.088200,0.001560,-0.109598,0.099613,1.548142,0.030744,19.186800,0
12.160000,-0.072460,0.088148,-0.008926,-0.106599,0.099681,1.548142,0.036034,18.734700,0
12.180000,-0.072221,0.088847,0.013588,-0.103599,0.099749,1.548142,0.033218,19.153400,0
12.200000,-0.073136,0.089730,0.022001,-0.100600,0.099817,1.548142,0.029258,21.618000,0
12.220000,-0.067235,0.088827,0.014874,-0.097601,0.099885,1.548142,0.032317,22.913500,0
12.240000,-0.065846,0.090347,0.027557,-0.094602,0.099953,1.548142,0.030318,22.232800,0
12.260000,-0.065129,0.088625,0.023615,-0.091602,0.100021,1.548142,0.028822,22.724800,0
12.280000,-0.059129,0.088034,0.021651,-0.088603,0.100089,1.548142,0.031843,21.796200,0
12.300000,-0.055670,0.087952,0.026631,-0.085604,0.100157,1.548142,0.032326,22.502300,0
12.320000,-0.045369,0.087432,0.020044,-0.082605,0.100225,1.548142,0.039372,22.300300,0
12.340000,-0.044527,0.087562,0.015539,-0.079605,0.100293,1.548142,0.037317,22.140100,0
12.360000,-0.046042,0.088230,0.021168,-0.076606,0.100361,1.548142,0.032884,19.874100,0
12.380000,-0.037665,0.089581,0.005811,-0.073607,0.100429,1.548142,0.037543,19.017300,0
12.400000,-0.025593,0.089836,-0.014376,-0.070608,0.100497,1.548142,0.046261,19.172200,0
12.420000,-0.038406,0.090121,-0.009888,-0.067609,0.100565,1.548142,0.031014,19.807000,0
12.440000,-0.032627,0.088956,-0.006345,-0.064609,0.100633,1.548142,0.034048,20.903600,0
12.460000,-0.030411,0.088396,0.003008,-0.061610,0.100701,1.548142,0.033538,20.934000,0
12.480000,-0.023752,0.088671,-0.007096,-0.058611,0.100769,1.548142,0.036899,22.291800,0
12.500000,-0.025346,0.088327,-0.003593,-0.055612,0.100837,1.548142,0.032749,22.498700,0
12.520000,-0.021734,0.086583,-0.009391,-0.052612,0.100905,1.548142,0.034038,19.190100,0
12.540000,-0.019121,0.088831,-0.013911,-0.049613,0.100973,1.548142,0.032821,19.568100,0
12.560000,-0.018966,0.089442,-0.005665,-0.046614,0.101040,1.548142,0.029982,21.875700,0
12.580000,-0.013913,0.089159,-0.020538,-0.043615,0.101108,1.548142,0.032016,23.100000,0
12.600000,-0.003450,0.087832,0.002479,-0.040615,0.101176,1.548142,0.039488,22.586600,0
12.620000,-0.002091,0.087830,-0.001265,-0.037616,0.101244,1.548142,0.037974,22.165500,0
12.640000,0.002092,0.088700,-0.003047,-0.034617,0.101312,1.548142,0.038815,22.421000,0
12.660000,0.005020,0.087380,-0.006338,-0.031618,0.101380,1.548142,0.039221,22.485100,0
12.680000,0.007723,0.086947,-0.006113,-0.028619,0.101448,1.548142,0.039128,22.794400,0
12.700000,0.007570,0.086341,-0.008381,-0.025619,0.101516,1.548142,0.036494,22.418400,0
12.720000,0.011024,0.087843,0.003903,-0.022620,0.101584,1.548142,0.036342,22.075200,0
12.740000,0.015730,0.086956,-0.001714,-0.019621,0.101652,1.548142,0.038284,22.968600,0
12.760000,0.020874,0.087151,-0.004294,-0.016622,0.101720,1.548142,0.040227,21.835000,0
12.780000,0.021711,0.088563,-0.004116,-0.013622,0.101788,1.548142,0.037727,22.385400,0
12.800000,0.022789,0.088483,0.001300,-0.010623,0.101856,1.548142,0.035989,22.566500,0
12.820000,0.026663,0.087455,0.005646,-0.007624,0.101924,1.548142,0.037215,21.251600,0
12.840000,0.023138,0.088828,-0.005855,-0.004625,0.101992,1.548142,0.030725,18.446100,0
12.860000,0.026601,0.088450,-0.004694,-0.001625,0.102060,1.548142,0.031336,18.956600,0
12.880000,0.032290,0.088621,-0.011995,0.001374,0.102128,1.548142,0.033738,19.209800,0
12.900000,0.042623,0.089133,-0.007096,0.004373,0.102196,1.548142,0.040419,19.066600,0
12.920000,0.038119,0.088144,-0.005103,0.007372,0.102264,1.548142,0.033834,18.906000,0
12.940000,0.038930,0.086343,-0.008637,0.010371,0.102332,1.548142,0.032730,19.900000,0
12.960000,0.042892,0.087145,-0.008249,0.013371,0.102400,1.548142,0.033229,20.039500,0
12.980000,0.048506,0.087585,-0.002523,0.016370,0.102468,1.548142,0.035415,19.956200,0
13.000000,0.051331,0.087046,-0.009350,0.019369,0.102536,1.548142,0.035517,19.853300,0
13.020000,0.055985,0.087870,-0.010931,0.022368,0.102603,1.548142,0.036704,20.736600,0
13.040000,0.055996,0.087556,0.000122,0.025368,0.102671,1.548142,0.034154,20.333300,0
13.060000,0.061740,0.086813,-0.002006,0.028367,0.102739,1.548142,0.036978,20.551000,0
13.080000,0.062957,0.087105,0.004985,0.031366,0.102807,1.548142,0.035278,19.747900,0
13.100000,0.065873,0.086017,-0.016770,0.034365,0.102875,1.548142,0.035734,19.830700,0
13.120000,0.071501,0.085969,-0.009217,0.037364,0.102943,1.548142,0.038124,21.163200,0
13.140000,0.062928,0.088628,0.000731,0.040364,0.103011,1.548142,0.026758,21.975200,0
13.160000,0.076671,0.087001,-0.003928,0.043363,0.103079,1.548142,0.036985,23.011200,0
13.180000,0.077660,0.086513,-0.004672,0.046362,0.103147,1.548142,0.035444,22.021200,0
13.200000,0.083491,0.086029,0.001197,0.049361,0.103215,1.548142,0.038212,22.393700,0
13.220000,0.083357,0.086351,-0.010823,0.052361,0.103283,1.548142,0.035319,22.889000,0
13.240000,0.087299,0.086752,0.008407,0.055360,0.103351,1.548142,0.035994,22.058300,0
13.260000,0.076628,0.087123,0.091756,0.058359,0.103419,1.548142,0.024481,22.716100,0
13.280000,0.096011,0.087838,0.006753,0.061358,0.103487,1.548142,0.038023,22.797400,0
13.300000,0.098192,0.086970,-0.008633,0.064358,0.103555,1.548142,0.037680,22.498100,0
13.320000,0.098730,0.086674,-0.009032,0.067357,0.103623,1.548142,0.035659,19.271400,0
13.340000,0.101440,0.086436,-0.004820,0.070356,0.103691,1.548142,0.035552,18.644100,0
13.360000,0.105722,0.086460,-0.005155,0.073355,0.103759,1.548142,0.036700,19.253400,0
13.380000,0.109094,0.088793,0.001021,0.076354,0.103827,1.548142,0.036027,19.424200,0
13.400000,0.108322,0.086841,0.002469,0.079354,0.103895,1.548142,0.033615,20.180900,0
13.420000,0.112452,0.088304,-0.013171,0.082353,0.103963,1.548142,0.033929,19.992000,0
13.440000,0.120552,0.088644,-0.004136,0.085352,0.104031,1.548142,0.038416,20.083700,0
13.460000,0.125502,0.086279,-0.009908,0.088351,0.104099,1.548142,0.041204,20.710600,0
13.480000,0.126841,0.087570,-0.014284,0.091351,0.104166,1.548142,0.039179,20.611500,0
13.500000,0.122340,0.087162,0.005435,0.094350,0.104234,1.548142,0.032785,19.677100,0
13.520000,0.126554,0.086577,-0.000802,0.097349,0.104302,1.548142,0.034163,19.217000,0
13.540000,0.134628,0.087904,-0.013073,0.100348,0.104370,1.548142,0.038029,20.762200,0
13.560000,0.134022,0.087957,0.015555,0.103348,0.104438,1.548142,0.034821,21.817900,0
13.580000,0.137698,0.087815,0.025329,0.106347,0.104506,1.548142,0.035517,22.138900,0
13.600000,0.135764,0.088086,0.012509,0.109346,0.104574,1.548142,0.031142,22.478900,0
13.620000,0.141021,0.087400,0.026439,0.112345,0.104642,1.548142,0.033460,22.541500,0
13.640000,0.147810,0.088990,0.015089,0.115344,0.104710,1.548142,0.036071,22.797100,0
13.660000,0.148749,0.088271,0.018223,0.118344,0.104778,1.548142,0.034597,22.040900,0
13.680000,0.152183,0.088738,0.032806,0.121343,0.104846,1.548142,0.034794,22.139500,0
13.700000,0.152959,0.088219,0.021241,0.124342,0.104914,1.548142,0.033131,22.235000,0
13.720000,0.154614,0.087215,0.023603,0.127341,0.104982,1.548142,0.032549,22.196900,0
13.740000,0.160229,0.087763,0.015201,0.130341,0.105050,1.548142,0.034527,22.205700,0
13.760000,0.160760,0.087481,0.012020,0.133340,0.105118,1.548142,0.032602,22.070100,0
13.780000,0.168382,0.087146,0.019018,0.136339,0.105186,1.548142,0.036772,22.362000,0
13.800000,0.161982,0.088260,0.038513,0.139338,0.105254,1.548142,0.028312,22.388600,0
13.820000,0.174194,0.089043,0.022125,0.142338,0.105322,1.548142,0.035774,22.110600,0
13.840000,0.178543,0.086406,0.022154,0.145337,0.105390,1.548142,0.038250,23.082400,0
13.860000,0.176285,0.085699,0.015110,0.148336,0.105458,1.548142,0.034229,22.184100,0
13.880000,0.179079,0.085888,0.017824,0.151335,0.105526,1.548142,0.033991,21.849200,0
13.900000,0.184350,0.084835,0.028757,0.154334,0.105594,1.548142,0.036496,22.435300,0
13.920000,0.185708,0.085895,0.017179,0.157334,0.105662,1.548142,0.034581,18.884900,0
13.940000,0.190261,0.085854,0.024610,0.160333,0.105729,1.548142,0.035926,18.626100,0
13.960000,0.198132,0.086053,0.021731,0.163332,0.105797,1.548142,0.040011,19.658000,0
13.980000,0.201145,0.087525,0.014988,0.166331,0.105865,1.548142,0.039349,19.659700,0
14.000000,0.198558,0.087282,0.013803,0.169331,0.105933,1.548142,0.034671,19.802700,0
14.020000,0.203258,0.088083,0.015642,0.172330,0.106001,1.548142,0.035744,19.805600,0
14.040000,0.207164,0.086027,0.022240,0.175329,0.106069,1.548142,0.037619,19.932600,0
14.060000,0.208816,0.086260,0.012397,0.178328,0.106137,1.548142,0.036395,18.712600,0
14.080000,0.209497,0.087796,0.011540,0.181328,0.106205,1.548142,0.033651,18.510500,0
14.100000,0.212804,0.086257,0.029703,0.184327,0.106273,1.548142,0.034808,19.462000,0
14.120000,0.211808,0.086681,0.019293,0.187326,0.106341,1.548142,0.031399,19.967800,0
14.140000,0.214974,0.087989,0.021735,0.190325,0.106409,1.548142,0.030772,19.808400,0
14.160000,0.219383,0.086856,0.029903,0.193324,0.106477,1.548142,0.032620,20.069400,0
14.180000,0.223632,0.086825,0.033722,0.196324,0.106545,1.548142,0.033684,19.986400,0
14.200000,0.228953,0.087537,0.033487,0.199323,0.106613,1.548142,0.035240,20.308400,0
14.220000,0.230549,0.086650,0.015915,0.202322,0.106681,1.548142,0.034612,19.935300,0
14.240000,0.235360,0.086404,0.022310,0.205321,0.106749,1.548142,0.036281,20.017500,0
14.260000,0.238607,0.087754,0.019081,0.208321,0.106817,1.548142,0.035786,20.226900,0
14.280000,0.245825,0.088637,0.024911,0.211320,0.106885,1.548142,0.039033,19.982500,0
14.300000,0.248632,0.087943,0.028312,0.214319,0.106953,1.548142,0.039227,20.213400,0
14.320000,0.249952,0.087333,0.027807,0.217318,0.107021,1.548142,0.038113,20.109900,0
14.340000,0.253436,0.091508,0.031496,0.220318,0.107089,1.548142,0.036600,20.379400,0
14.360000,0.254175,0.090147,0.015556,0.223317,0.107157,1.548142,0.035235,20.097700,0
14.380000,0.252158,0.089781,0.030453,0.226316,0.107225,1.548142,0.031178,19.979300,0
14.400000,0.261487,0.087899,0.023295,0.229315,0.107292,1.548142,0.037565,20.575200,0
14.420000,0.260381,0.088728,0.027138,0.232314,0.107360,1.548142,0.033688,20.261100,0
14.440000,0.267480,0.087167,0.011200,0.235314,0.107428,1.548142,0.038015,20.007400,0
14.460000,0.264301,0.087641,-0.026043,0.238313,0.107496,1.548142,0.032705,20.086900,0
14.480000,0.277040,0.086762,-0.009086,0.241312,0.107564,1.548142,0.041343,20.596500,0
14.500000,0.277264,0.087447,0.000793,0.244311,0.107632,1.548142,0.038644,20.398900,0
14.520000,0.279969,0.089197,-0.005659,0.247311,0.107700,1.548142,0.037535,20.275400,0
14.540000,0.275493,0.089121,0.002767,0.250310,0.107768,1.548142,0.031335,20.261200,0
14.560000,0.283793,0.089844,0.004481,0.253309,0.107836,1.548142,0.035398,20.166000,0
14.580000,0.287406,0.086763,-0.014328,0.256308,0.107904,1.548142,0.037604,20.417400,0
14.600000,0.297027,0.087231,0.006249,0.259308,0.107972,1.548142,0.043046,20.174700,0
14.620000,0.299135,0.087190,0.000488,0.262307,0.108040,1.548142,0.042320,20.393300,0
14.640000,0.296706,0.087181,0.002614,0.265306,0.108108,1.548142,0.037735,20.014400,0
14.660000,0.303929,0.087437,-0.022419,0.268305,0.108176,1.548142,0.041221,19.919900,0
14.680000,0.300497,0.087969,0.009850,0.271304,0.108244,1.548142,0.035543,19.363800,0
14.700000,0.306442,0.088921,0.027412,0.274304,0.108312,1.548142,0.037534,18.807900,0
14.720000,0.312858,0.088711,0.022530,0.277303,0.108380,1.548142,0.040633,19.692300,0
14.740000,0.313979,0.088743,0.023320,0.280302,0.108448,1.548142,0.039018,20.241500,0
14.760000,0.315394,0.086961,0.025581,0.283301,0.108516,1.548142,0.038660,19.975300,0
14.780000,0.316571,0.087429,0.018794,0.286301,0.108584,1.548142,0.036930,20.336400,0
14.800000,0.318006,0.087640,0.019650,0.289300,0.108652,1.548142,0.035574,20.089500,0
14.820000,0.325415,0.087508,0.017121,0.292299,0.108720,1.548142,0.039327,20.020100,0
14.840000,0.329796,0.088000,0.021405,0.295298,0.108788,1.548142,0.040277,19.012300,0
14.860000,0.332389,0.088014,0.022269,0.298298,0.108855,1.548142,0.039957,18.942700,0
14.880000,0.331733,0.087356,0.012585,0.301297,0.108923,1.548142,0.037303,19.104300,0
14.900000,0.330842,0.086887,0.019603,0.304296,0.108991,1.548142,0.034543,19.932500,0
14.920000,0.338859,0.086099,0.024539,0.307295,0.109059,1.548142,0.039031,20.856700,0
14.940000,0.339114,0.086397,-0.006284,0.308210,0.109042,1.557778,0.038313,20.373200,0
14.960000,0.332829,0.088212,-0.015971,0.308383,0.109040,1.577775,0.032116,20.366900,0
14.980000,0.341474,0.089224,-0.035642,0.308396,0.109039,1.595953,0.038559,20.299800,0
15.000000,0.339819,0.091561,-0.050195,0.308393,0.109038,1.613942,0.035958,20.347900,0
15.020000,0.332725,0.092006,-0.074084,0.308391,0.109037,1.631931,0.029701,20.657400,0
15.040000,0.342064,0.090736,-0.090798,0.308389,0.109036,1.649921,0.038326,19.935400,0
15.060000,0.340762,0.090821,-0.110809,0.308387,0.109035,1.667911,0.037147,18.991200,0
15.080000,0.334659,0.090058,-0.123300,0.308385,0.109034,1.685900,0.032410,19.222700,0
15.100000,0.343489,0.089400,-0.146164,0.308379,0.109033,1.703950,0.040226,19.488100,0
15.120000,0.341443,0.091557,-0.151080,0.308372,0.109032,1.722008,0.037404,20.056500,0
15.140000,0.343731,0.092441,-0.165466,0.310660,0.108660,1.729750,0.036835,20.875100,0
15.160000,0.348484,0.091600,-0.160973,0.313625,0.108183,1.729749,0.038603,21.594300,0
15.180000,0.349368,0.090299,-0.170653,0.316589,0.107706,1.729746,0.037114,21.894700,0
15.200000,0.351039,0.090262,-0.163091,0.319554,0.107230,1.729740,0.035766,21.869100,0
15.220000,0.356929,0.089892,-0.144640,0.322518,0.106754,1.729736,0.038321,22.178900,0
15.240000,0.356561,0.090499,-0.166944,0.325482,0.106279,1.729732,0.034856,22.068400,0
15.260000,0.363702,0.087404,-0.163903,0.328446,0.105804,1.729729,0.039769,22.086400,0
15.280000,0.369824,0.086264,-0.158940,0.331409,0.105329,1.729726,0.042886,22.526300,0
15.300000,0.367970,0.087702,-0.164112,0.334372,0.104854,1.729724,0.037723,22.537900,0
15.320000,0.368929,0.086624,-0.167698,0.337335,0.104379,1.729722,0.036241,22.323100,0
15.340000,0.373604,0.086767,-0.162401,0.340297,0.103904,1.729721,0.037457,22.129000,0
15.360000,0.374423,0.085680,-0.159808,0.343260,0.103429,1.729720,0.035863,22.509300,0
15.380000,0.380972,0.084760,-0.152117,0.346223,0.102955,1.729719,0.039224,22.583400,0
15.400000,0.376670,0.085916,-0.163185,0.349185,0.102480,1.729719,0.032091,23.401800,0
15.420000,0.382892,0.085801,-0.157057,0.352147,0.102005,1.729719,0.034754,22.407900,0
15.440000,0.393145,0.082247,-0.170461,0.355110,0.101530,1.729718,0.042644,22.555100,0
15.460000,0.398878,0.080154,-0.187571,0.358072,0.101056,1.729718,0.045848,22.212100,0
15.480000,0.398159,0.080628,-0.189987,0.361035,0.100581,1.729718,0.042147,21.980000,0
15.500000,0.394114,0.081705,-0.179862,0.363997,0.100106,1.729718,0.035293,22.117000,0
15.520000,0.394455,0.081886,-0.193620,0.366959,0.099632,1.729718,0.032726,22.572000,0
15.540000,0.403122,0.080786,-0.196846,0.369921,0.099157,1.729718,0.037944,22.407600,0
15.560000,0.405659,0.081742,-0.190057,0.372884,0.098682,1.729718,0.036894,22.663300,0
15.580000,0.403412,0.080729,-0.170880,0.373615,0.098599,1.741794,0.034745,22.139300,0
15.600000,0.400835,0.083330,-0.203730,0.373786,0.098569,1.761792,0.031046,22.422800,0
15.620000,0.410234,0.081575,-0.216755,0.373785,0.098569,1.779808,0.040216,19.124800,0
15.640000,0.403506,0.085624,-0.217341,0.373781,0.098568,1.797801,0.032421,21.404100,0
15.660000,0.398515,0.085464,-0.247258,0.373777,0.098568,1.815809,0.027994,23.500600,0
15.680000,0.410824,0.080891,-0.276231,0.373772,0.098567,1.833825,0.041053,22.466800,0
15.700000,0.400769,0.083658,-0.272612,0.373768,0.098566,1.851846,0.030843,23.185700,0
15.720000,0.398534,0.085173,-0.305833,0.373763,0.098565,1.869868,0.028160,22.628800,0
15.740000,0.408145,0.081738,-0.340228,0.373758,0.098564,1.887891,0.038283,22.777800,0
15.760000,0.402459,0.085569,-0.341471,0.373754,0.098564,1.905912,0.031510,22.583000,0
15.780000,0.410630,0.085636,-0.370509,0.373750,0.098563,1.923932,0.039080,22.694300,0
15.800000,0.402251,0.086935,-0.371062,0.373746,0.098561,1.941950,0.030785,22.297500,0
15.820000,0.407884,0.086450,-0.411440,0.373743,0.098560,1.959966,0.036225,22.391100,0
15.840000,0.408100,0.090640,-0.404760,0.373739,0.098559,1.977980,0.035262,22.348100,0
15.860000,0.407199,0.088936,-0.429137,0.373736,0.098558,1.995992,0.034819,22.362100,0
15.880000,0.407727,0.087562,-0.457960,0.373733,0.098557,2.014002,0.035728,22.401400,0
15.900000,0.401384,0.094033,-0.456645,0.373730,0.098556,2.032010,0.028022,22.930100,0
15.920000,0.399616,0.095961,-0.470528,0.373727,0.098555,2.050016,0.026018,22.692800,0
15.940000,0.412524,0.089907,-0.518155,0.373724,0.098554,2.068021,0.039752,22.649700,0
15.960000,0.416077,0.087708,-0.536438,0.376099,0.097264,2.071408,0.041104,20.772200,0
15.980000,0.419866,0.083979,-0.530442,0.378734,0.095821,2.071405,0.042803,19.959100,0
16.000000,0.422653,0.082703,-0.535964,0.381369,0.094379,2.071400,0.042903,21.940400,0
16.020000,0.423572,0.082644,-0.540684,0.384003,0.092938,2.071392,0.040886,22.377800,0
16.040000,0.428878,0.080009,-0.536228,0.386637,0.091498,2.071386,0.043776,22.845200,0
16.060000,0.432304,0.077002,-0.542929,0.389271,0.090057,2.071381,0.044969,22.771900,0
16.080000,0.426959,0.079258,-0.538053,0.391904,0.088617,2.071377,0.036283,22.520100,0
16.100000,0.433839,0.078179,-0.528424,0.394537,0.087177,2.071374,0.040319,22.142200,0
16.120000,0.440776,0.072878,-0.534546,0.397170,0.085737,2.071371,0.045463,22.848500,0
16.140000,0.439060,0.073472,-0.533949,0.399803,0.084297,2.071369,0.040722,22.176200,0
16.160000,0.441033,0.073621,-0.529303,0.402435,0.082857,2.071368,0.039687,22.102400,0
16.180000,0.445590,0.070576,-0.531534,0.405068,0.081417,2.071367,0.041947,22.972400,0
16.200000,0.447536,0.069701,-0.535114,0.407700,0.079977,2.071366,0.041140,22.841200,0
16.220000,0.448209,0.068688,-0.537417,0.410332,0.078537,2.071365,0.039137,22.825900,0
16.240000,0.452315,0.065743,-0.538740,0.412964,0.077098,2.071365,0.040956,21.922600,0
16.260000,0.451824,0.065481,-0.524424,0.415596,0.075658,2.071365,0.037630,22.054700,0
16.280000,0.454775,0.063672,-0.531664,0.418229,0.074218,2.071364,0.038037,22.413600,0
16.300000,0.460095,0.063352,-0.524951,0.420861,0.072778,2.071364,0.040350,23.132300,0
16.320000,0.464158,0.059688,-0.529006,0.423493,0.071339,2.071364,0.042301,22.165600,0
16.340000,0.468374,0.057527,-0.527585,0.426125,0.069899,2.071364,0.044024,21.825300,0
16.360000,0.469267,0.054837,-0.538566,0.428757,0.068459,2.071364,0.042739,20.365100,0
16.380000,0.464960,0.058159,-0.517898,0.431389,0.067019,2.071364,0.034721,19.192100,0
16.400000,0.470001,0.054886,-0.517009,0.434021,0.065580,2.071364,0.037536,18.951200,0
16.420000,0.469769,0.056496,-0.529628,0.434395,0.065374,2.087830,0.036471,19.159600,0
16.440000,0.466674,0.057460,-0.530151,0.434439,0.065348,2.106444,0.033186,19.228100,0
16.460000,0.470590,0.055680,-0.569891,0.434436,0.065349,2.124433,0.037425,20.445500,0
16.480000,0.470532,0.056122,-0.574639,0.434432,0.065350,2.142428,0.037261,21.753700,0
16.500000,0.468260,0.061255,-0.599320,0.434429,0.065350,2.160427,0.034078,22.420900,0
16.520000,0.466175,0.063477,-0.609269,0.434425,0.065350,2.178429,0.031805,22.269000,0
16.540000,0.471425,0.060804,-0.650198,0.434422,0.065350,2.196432,0.037281,21.837200,0
16.560000,0.470039,0.059757,-0.658718,0.434419,0.065350,2.214435,0.036056,22.613500,0
16.580000,0.466795,0.062924,-0.659423,0.434416,0.065349,2.232438,0.032470,22.199400,0
16.600000,0.471585,0.061796,-0.686941,0.434413,0.065349,2.250440,0.037341,21.921800,0
16.620000,0.472503,0.060844,-0.690569,0.434410,0.065348,2.268442,0.038358,22.424400,0
16.640000,0.473689,0.061992,-0.703192,0.436549,0.063554,2.270830,0.037173,22.135700,0
16.660000,0.480134,0.057631,-0.694084,0.438846,0.061618,2.270825,0.041480,22.692000,0
16.680000,0.478124,0.057983,-0.696276,0.441143,0.059683,2.270820,0.037020,22.128900,0
16.700000,0.479554,0.056282,-0.690558,0.443439,0.057749,2.270815,0.036145,22.881500,0
16.720000,0.477321,0.056328,-0.688346,0.445735,0.055815,2.270810,0.031590,22.545400,0
16.740000,0.485948,0.046749,-0.703166,0.448031,0.053881,2.270806,0.038582,23.396200,0
16.760000,0.487212,0.047298,-0.701499,0.450327,0.051948,2.270804,0.037177,22.334600,0
16.780000,0.491164,0.045538,-0.698444,0.452622,0.050015,2.270801,0.038801,21.930300,0
16.800000,0.490266,0.044506,-0.695788,0.454918,0.048082,2.270800,0.035528,22.305100,0
16.820000,0.491358,0.042164,-0.696188,0.457213,0.046149,2.270799,0.034377,22.204300,0
16.840000,0.495946,0.040035,-0.704303,0.459508,0.044216,2.270798,0.036677,21.654800,0
16.860000,0.497454,0.040296,-0.694001,0.461803,0.042283,2.270797,0.035706,22.537900,0
16.880000,0.502682,0.032183,-0.720617,0.464098,0.040350,2.270797,0.039439,22.381400,0
16.900000,0.507301,0.031132,-0.739623,0.466393,0.038418,2.270796,0.041552,22.358700,0
16.920000,0.514775,0.022326,-0.742298,0.468687,0.036485,2.270796,0.048214,22.690600,0
16.940000,0.506425,0.031912,-0.729238,0.470982,0.034552,2.270796,0.035541,22.459900,0
16.960000,0.512829,0.028545,-0.725518,0.473277,0.032619,2.270795,0.039761,22.466600,0
16.980000,0.513872,0.028506,-0.710223,0.475571,0.030687,2.270795,0.038363,21.757400,0
17.000000,0.513552,0.026114,-0.728880,0.475839,0.030461,2.288335,0.037963,22.969100,0
17.020000,0.512113,0.027180,-0.742315,0.475853,0.030446,2.306599,0.036407,21.909600,0
17.040000,0.513179,0.026317,-0.766513,0.475850,0.030448,2.324587,0.037557,21.957800,0
17.060000,0.514487,0.027057,-0.772816,0.475847,0.030449,2.342578,0.038789,21.932100,0
17.080000,0.512596,0.028251,-0.786209,0.475844,0.030450,2.360572,0.036818,22.131000,0
17.100000,0.516731,0.025610,-0.828096,0.475841,0.030450,2.378569,0.041176,22.086600,0
17.120000,0.514232,0.027836,-0.831577,0.475838,0.030451,2.396566,0.038483,19.117600,0
17.140000,0.512737,0.030660,-0.846512,0.475835,0.030451,2.414564,0.036902,18.959500,0
17.160000,0.515370,0.029085,-0.863562,0.475833,0.030450,2.432562,0.039560,19.422300,0
17.180000,0.514833,0.030160,-0.887310,0.475830,0.030450,2.450559,0.039004,21.693300,0
17.200000,0.514978,0.030960,-0.898455,0.475828,0.030450,2.468555,0.039154,23.063100,0
17.220000,0.515686,0.031939,-0.925004,0.475825,0.030449,2.486550,0.039889,22.393700,0
17.240000,0.516498,0.028259,-0.948559,0.475823,0.030449,2.504545,0.040734,22.222700,0
17.260000,0.515838,0.029853,-0.952665,0.475820,0.030449,2.522538,0.040022,22.333600,0
17.280000,0.520004,0.028201,-0.954702,0.477558,0.028362,2.522659,0.042446,22.098900,0
17.300000,0.519668,0.027530,-0.948955,0.479301,0.025915,2.522651,0.040399,18.963800,0
17.320000,0.520885,0.027431,-0.945256,0.481043,0.023469,2.522643,0.040039,19.080500,0
17.340000,0.523919,0.020844,-0.970534,0.482786,0.021023,2.522636,0.041134,20.364900,0
17.360000,0.528078,0.015529,-0.975853,0.484528,0.018579,2.522630,0.043657,20.056300,0
17.380000,0.532516,0.010179,-0.978370,0.486270,0.016134,2.522626,0.046628,20.100500,0
17.400000,0.533737,0.009734,-0.979620,0.488012,0.013690,2.522624,0.045896,20.057000,0
17.420000,0.538049,0.005650,-0.976596,0.489754,0.011246,2.522622,0.048618,20.070300,0
17.440000,0.535161,0.008919,-0.954950,0.491495,0.008802,2.522620,0.043666,20.277100,0
17.460000,0.534415,0.010693,-0.970380,0.491552,0.008480,2.539562,0.042920,20.533300,0
17.480000,0.534585,0.005892,-1.014558,0.491549,0.008483,2.557551,0.043114,22.483300,0
17.500000,0.535481,0.008205,-1.000055,0.491547,0.008485,2.575538,0.043935,22.797800,0
17.520000,0.531799,0.012767,-1.028756,0.491544,0.008487,2.593528,0.040482,22.205400,0
17.540000,0.535167,0.011645,-1.043344,0.491542,0.008488,2.611520,0.043739,22.017000,0
17.560000,0.534995,0.009555,-1.061034,0.491539,0.008489,2.629513,0.043469,21.728000,0
17.580000,0.539761,0.008744,-1.080304,0.491537,0.008490,2.647507,0.048225,22.935400,0
17.600000,0.534086,0.017904,-1.088100,0.491535,0.008491,2.665500,0.043580,22.292700,0
17.620000,0.540835,0.002818,-1.149645,0.491532,0.008491,2.683493,0.049628,22.443700,0
17.640000,0.538852,0.010546,-1.120565,0.491530,0.008491,2.701486,0.047367,22.354000,0
17.660000,0.538739,0.015015,-1.152101,0.491528,0.008491,2.719478,0.047660,20.551000,0
17.680000,0.539997,0.009325,-1.183032,0.491526,0.008491,2.737469,0.048478,19.050900,0
17.700000,0.537904,0.017348,-1.176514,0.491523,0.008491,2.755459,0.047219,18.897000,0
17.720000,0.538221,0.014482,-1.199740,0.491521,0.008491,2.773449,0.047083,19.123200,0
17.740000,0.538477,0.014435,-1.232261,0.491519,0.008491,2.791437,0.047332,19.477800,0
17.760000,0.541141,0.014419,-1.237639,0.491517,0.008491,2.809425,0.049976,19.308400,0
17.780000,0.543218,0.013197,-1.242930,0.492464,0.006247,2.810826,0.051228,18.900300,0
17.800000,0.542005,0.011030,-1.235812,0.493440,0.003407,2.810825,0.049159,19.170300,0
17.820000,0.544548,0.005851,-1.240426,0.494415,0.000566,2.810814,0.050411,19.653500,0
17.840000,0.546283,0.004645,-1.239006,0.495391,-0.002274,2.810805,0.051360,19.645400,0
17.860000,0.548143,-0.003066,-1.237306,0.496367,-0.005114,2.810799,0.051817,22.073300,0
17.880000,0.547525,-0.003477,-1.234392,0.497342,-0.007952,2.810795,0.050382,21.161900,0
17.900000,0.545642,-0.000658,-1.236784,0.498317,-0.010791,2.810792,0.048398,18.765000,0
17.920000,0.547145,-0.007986,-1.242308,0.499292,-0.013629,2.810790,0.048184,18.972200,0
17.940000,0.546494,-0.008570,-1.241493,0.500268,-0.016468,2.810789,0.046896,19.490500,0
17.960000,0.550091,-0.016674,-1.240652,0.501242,-0.019306,2.810788,0.048920,19.814000,0
17.980000,0.552038,-0.017360,-1.240701,0.502217,-0.022143,2.810788,0.050050,20.267600,0
18.000000,0.553097,-0.018937,-1.229118,0.503192,-0.024981,2.810787,0.050270,20.340800,0
18.020000,0.550835,-0.018453,-1.225980,0.504167,-0.027819,2.810786,0.047599,19.857800,0
18.040000,0.551809,-0.018260,-1.228697,0.505141,-0.030656,2.810786,0.048286,20.272400,0
18.060000,0.556606,-0.029810,-1.236142,0.506116,-0.033494,2.810785,0.050624,20.281300,0
18.080000,0.557306,-0.033770,-1.245423,0.507091,-0.036331,2.810785,0.050281,20.229800,0
18.100000,0.559486,-0.037352,-1.238728,0.508065,-0.039169,2.810785,0.051453,21.187900,0
18.120000,0.560093,-0.038022,-1.246339,0.509040,-0.042006,2.810785,0.051209,20.461600,0
18.140000,0.558441,-0.036708,-1.238390,0.510014,-0.044844,2.810785,0.049106,20.582200,0
18.160000,0.559877,-0.034421,-1.249476,0.510070,-0.045354,2.826752,0.050993,21.154100,0
18.180000,0.561188,-0.040764,-1.283529,0.510043,-0.045457,2.845994,0.051360,21.289300,0
18.200000,0.560826,-0.033056,-1.279240,0.510041,-0.045453,2.863981,0.052276,20.693800,0
18.220000,0.564832,-0.040467,-1.305375,0.510039,-0.045451,2.881970,0.055019,20.281500,0
18.240000,0.566247,-0.042991,-1.339640,0.510037,-0.045449,2.899960,0.056263,20.285300,0
18.260000,0.564646,-0.039601,-1.355319,0.510035,-0.045448,2.917951,0.054923,20.359300,0
18.280000,0.563617,-0.032227,-1.364533,0.510033,-0.045446,2.935942,0.055191,19.136500,0
18.300000,0.564143,-0.028410,-1.378852,0.510031,-0.045445,2.953933,0.056730,19.270500,0
18.320000,0.563332,-0.031242,-1.397382,0.510029,-0.045445,2.971923,0.055163,19.088700,0
18.340000,0.566059,-0.040121,-1.416271,0.510027,-0.045444,2.989913,0.056285,19.400700,0
18.360000,0.565827,-0.037653,-1.427375,0.510397,-0.047736,2.997614,0.056339,19.657600,0
18.380000,0.564698,-0.040354,-1.424442,0.510827,-0.050708,2.997612,0.054857,20.126800,0
18.400000,0.567164,-0.041070,-1.433899,0.511256,-0.053681,2.997603,0.057313,19.576100,0
18.420000,0.564589,-0.044249,-1.431819,0.511686,-0.056653,2.997596,0.054338,20.068700,0
18.440000,0.565107,-0.055331,-1.434306,0.512116,-0.059624,2.997592,0.053164,20.061300,0
18.460000,0.565731,-0.051200,-1.433135,0.512547,-0.062595,2.997588,0.054392,19.712200,0
18.480000,0.567117,-0.049697,-1.424386,0.512977,-0.065565,2.997585,0.056418,20.168100,0
18.500000,0.566666,-0.055483,-1.428606,0.513408,-0.068535,2.997584,0.054834,19.901200,0
18.520000,0.569318,-0.064513,-1.430355,0.513839,-0.071505,2.997583,0.055918,21.940600,0
18.540000,0.570342,-0.067551,-1.444229,0.513872,-0.072218,3.009962,0.056663,21.936000,0
18.560000,0.571215,-0.062492,-1.475003,0.513846,-0.072391,3.029964,0.058217,21.784900,0
18.580000,0.571238,-0.065306,-1.498905,0.513845,-0.072389,3.047967,0.057829,22.408800,0
18.600000,0.570932,-0.067862,-1.505637,0.513844,-0.072386,3.065954,0.057267,21.746600,0
18.620000,0.569746,-0.061922,-1.518889,0.513842,-0.072384,3.083943,0.056875,22.055400,0
18.640000,0.571142,-0.064119,-1.525720,0.513841,-0.072382,3.101931,0.057893,22.446900,0
18.660000,0.572366,-0.058804,-1.542999,0.513841,-0.072381,3.119920,0.060079,21.998700,0
18.680000,0.573437,-0.062073,-1.562786,0.513840,-0.072379,3.137909,0.060481,22.025200,0
18.700000,0.571048,-0.054052,-1.584190,0.513839,-0.072378,-3.127289,0.060072,22.279900,0
18.720000,0.571854,-0.068863,-1.623086,0.513838,-0.072378,-3.109302,0.058123,21.964900,0
18.740000,0.572938,-0.064872,-1.608421,0.513761,-0.074529,-3.099745,0.059960,22.003300,0
18.760000,0.572380,-0.066260,-1.601696,0.513633,-0.077530,-3.099748,0.059818,22.597600,0
18.780000,0.573384,-0.068267,-1.610419,0.513505,-0.080531,-3.099758,0.061122,21.579400,0
18.800000,0.572233,-0.071634,-1.612710,0.513379,-0.083531,-3.099764,0.060045,22.451500,0
18.820000,0.573789,-0.067062,-1.614825,0.513252,-0.086530,-3.099769,0.063591,20.286900,0
18.840000,0.573878,-0.069015,-1.609374,0.513126,-0.089530,-3.099773,0.064122,19.216700,0
18.860000,0.573293,-0.077840,-1.609493,0.513000,-0.092528,-3.099777,0.062056,19.248900,0
18.880000,0.572040,-0.086182,-1.616111,0.512875,-0.095527,-3.099780,0.059898,20.122200,0
18.900000,0.572410,-0.086843,-1.608119,0.512749,-0.098525,-3.099782,0.060794,22.594600,0
18.920000,0.573417,-0.096312,-1.610869,0.512623,-0.101523,-3.099784,0.061017,22.023000,0
18.940000,0.572778,-0.099580,-1.618035,0.512498,-0.104521,-3.099785,0.060482,22.150200,0
18.960000,0.571452,-0.096997,-1.607256,0.512372,-0.107519,-3.099786,0.060010,22.484300,0
18.980000,0.572705,-0.107855,-1.613693,0.512247,-0.110516,-3.099787,0.060517,22.368300,0
19.000000,0.573083,-0.106493,-1.617354,0.512121,-0.113514,-3.099788,0.061365,22.404600,0
19.020000,0.573106,-0.102830,-1.597246,0.511996,-0.116512,-3.099788,0.062622,22.853200,0
19.040000,0.573808,-0.107514,-1.609125,0.511871,-0.119509,-3.099788,0.063087,22.772300,0
19.060000,0.572681,-0.109661,-1.604064,0.511745,-0.122507,-3.099789,0.062275,22.240600,0
19.080000,0.571107,-0.115746,-1.626014,0.511620,-0.125504,-3.099789,0.060282,22.326900,0
19.100000,0.570559,-0.122605,-1.631442,0.511495,-0.128502,-3.099789,0.059358,22.344900,0
19.120000,0.570593,-0.122273,-1.622367,0.511369,-0.131499,-3.099789,0.059939,22.267000,0
19.140000,0.570749,-0.116352,-1.601389,0.511244,-0.134497,-3.099789,0.062210,22.225200,0
19.160000,0.570499,-0.134693,-1.619474,0.511119,-0.137494,-3.099789,0.059446,22.333600,0
19.180000,0.571436,-0.133554,-1.609869,0.510993,-0.140492,-3.099789,0.060840,21.940900,0
19.200000,0.570106,-0.136936,-1.610264,0.510868,-0.143489,-3.099789,0.059599,22.389100,0
19.220000,0.569958,-0.133860,-1.617550,0.510743,-0.146486,-3.099789,0.060547,21.507700,0
19.240000,0.569603,-0.138118,-1.608851,0.510617,-0.149484,-3.099789,0.060071,19.632000,0
19.260000,0.571627,-0.135630,-1.592243,0.510492,-0.152481,-3.099789,0.063415,21.679400,0
19.280000,0.569232,-0.146577,-1.616476,0.510367,-0.155479,-3.099789,0.059534,18.802200,0
19.300000,0.567875,-0.158527,-1.625674,0.510241,-0.158476,-3.099789,0.057634,18.816000,0
19.320000,0.568985,-0.123670,-1.550103,0.510116,-0.161473,-3.099789,0.069961,19.869300,0
19.340000,0.566699,-0.157406,-1.632884,0.509991,-0.164471,-3.099789,0.057146,19.557200,0
19.360000,0.568302,-0.170795,-1.638352,0.509865,-0.167468,-3.099789,0.058531,21.861800,0
19.380000,0.567806,-0.160856,-1.626090,0.509836,-0.168359,-3.089823,0.058453,21.985300,0
19.400000,0.567624,-0.159174,-1.642836,0.509826,-0.168532,-3.069826,0.058551,22.060100,0
19.420000,0.569602,-0.163751,-1.669794,0.509825,-0.168538,-3.051727,0.059968,22.790200,0
19.440000,0.569499,-0.159718,-1.681674,0.509825,-0.168535,-3.033739,0.060322,22.575000,0
19.460000,0.569381,-0.163349,-1.709139,0.509824,-0.168532,-3.015749,0.059782,22.264600,0
19.480000,0.571953,-0.163938,-1.710300,0.509517,-0.170798,-3.007673,0.062812,22.371000,0
19.500000,0.572889,-0.153652,-1.692071,0.509114,-0.173773,-3.007674,0.066874,22.843500,0
19.520000,0.567552,-0.167048,-1.694932,0.508711,-0.176748,-3.007676,0.059635,23.110300,0
19.540000,0.568097,-0.168836,-1.698631,0.508309,-0.179723,-3.007678,0.060771,22.285900,0
19.560000,0.570337,-0.166957,-1.696165,0.507907,-0.182697,-3.007680,0.064383,22.410100,0
19.580000,0.567530,-0.182786,-1.708347,0.507506,-0.185672,-3.007682,0.060093,22.512000,0
19.600000,0.567189,-0.183029,-1.701745,0.507105,-0.188646,-3.007684,0.060346,22.398800,0
19.620000,0.567782,-0.177452,-1.684493,0.506704,-0.191620,-3.007685,0.062700,22.746600,0
19.640000,0.567733,-0.181386,-1.700975,0.506303,-0.194594,-3.007686,0.062834,22.634300,0
19.660000,0.567094,-0.184651,-1.697219,0.505902,-0.197567,-3.007686,0.062540,21.730500,0
19.680000,0.567673,-0.188296,-1.696430,0.505502,-0.200541,-3.007687,0.063366,22.506100,0
19.700000,0.568407,-0.189390,-1.704502,0.505101,-0.203514,-3.007687,0.064863,22.157100,0
19.720000,0.567764,-0.200349,-1.713924,0.504701,-0.206488,-3.007688,0.063361,22.074000,0
19.740000,0.568196,-0.195613,-1.687015,0.504300,-0.209461,-3.007688,0.065380,21.879600,0
19.760000,0.565958,-0.200449,-1.694759,0.503900,-0.212434,-3.007688,0.063205,19.492200,0
19.780000,0.564520,-0.207291,-1.703815,0.503499,-0.215408,-3.007688,0.061558,19.073300,0
19.800000,0.563485,-0.210058,-1.711262,0.503099,-0.218381,-3.007688,0.060957,19.358700,0
19.820000,0.563087,-0.209435,-1.705360,0.502698,-0.221354,-3.007689,0.061554,19.894700,0
19.840000,0.563583,-0.213366,-1.698682,0.502298,-0.224327,-3.007689,0.062258,19.858000,0
19.860000,0.563084,-0.218766,-1.699439,0.501897,-0.227300,-3.007689,0.061780,20.013600,0
19.880000,0.564141,-0.219067,-1.692582,0.501497,-0.230274,-3.007689,0.063639,20.312900,0
19.900000,0.561864,-0.227488,-1.717066,0.501096,-0.233247,-3.007689,0.061041,19.947000,0
19.920000,0.561976,-0.225173,-1.692791,0.500696,-0.236220,-3.007689,0.062268,20.635900,0
19.940000,0.561950,-0.229002,-1.703511,0.500295,-0.239193,-3.007689,0.062491,20.857600,0
19.960000,0.561139,-0.234068,-1.727681,0.500220,-0.239956,-2.996014,0.061203,20.788900,0
19.980000,0.561508,-0.229745,-1.736990,0.500195,-0.240127,-2.976016,0.062186,20.914400,0
20.000000,0.564139,-0.218598,-1.765422,0.500194,-0.240127,-2.957988,0.067472,20.251700,0
20.020000,0.564004,-0.227028,-1.779174,0.500194,-0.240123,-2.939993,0.065139,18.802300,0
20.040000,0.564779,-0.234788,-1.785410,0.500193,-0.240119,-2.921981,0.064805,19.123100,0
20.060000,0.563114,-0.233619,-1.818102,0.500192,-0.240114,-2.903960,0.063257,18.999900,0
20.080000,0.564180,-0.229963,-1.827453,0.500191,-0.240109,-2.885935,0.064789,19.232400,0
20.100000,0.564002,-0.228289,-1.848417,0.500191,-0.240104,-2.867908,0.064896,19.870400,0
20.120000,0.564546,-0.234808,-1.855100,0.500190,-0.240099,-2.849882,0.064573,19.662700,0
20.140000,0.564574,-0.234968,-1.865930,0.499441,-0.242491,-2.844195,0.065566,19.941600,0
20.160000,0.565852,-0.235726,-1.864053,0.498559,-0.245362,-2.844192,0.067979,19.354900,0
20.180000,0.561193,-0.246221,-1.894402,0.497679,-0.248233,-2.844195,0.063546,18.978700,0
20.200000,0.559757,-0.252417,-1.904685,0.496798,-0.251103,-2.844199,0.062973,19.700900,0
20.220000,0.557839,-0.255781,-1.900044,0.495918,-0.253973,-2.844203,0.061947,19.519700,0
20.240000,0.557615,-0.257135,-1.891819,0.495038,-0.256843,-2.844206,0.062578,20.551300,0
20.260000,0.558089,-0.256142,-1.878334,0.494159,-0.259713,-2.844209,0.064029,21.384100,0
20.280000,0.559031,-0.259184,-1.875292,0.493279,-0.262582,-2.844211,0.065840,21.656300,0
20.300000,0.562972,-0.249976,-1.858216,0.492400,-0.265451,-2.844213,0.072249,21.673900,0
20.320000,0.558429,-0.262673,-1.886251,0.491521,-0.268320,-2.844214,0.067146,22.143700,0
20.340000,0.555136,-0.267027,-1.892952,0.490642,-0.271189,-2.844216,0.064628,21.527700,0
20.360000,0.552954,-0.271790,-1.903367,0.489763,-0.274057,-2.844216,0.063232,21.849000,0
20.380000,0.551405,-0.271041,-1.901252,0.488884,-0.276926,-2.844217,0.062797,20.049400,0
20.400000,0.549884,-0.280624,-1.899489,0.488005,-0.279795,-2.844217,0.061884,18.469100,0
20.420000,0.551601,-0.281718,-1.894706,0.487126,-0.282663,-2.844218,0.064482,22.844200,0
20.440000,0.550862,-0.283463,-1.892175,0.486247,-0.285532,-2.844218,0.064648,19.857500,0
20.460000,0.547710,-0.291646,-1.902861,0.485368,-0.288400,-2.844218,0.062427,19.951300,0
20.480000,0.543492,-0.300227,-1.909549,0.484489,-0.291269,-2.844218,0.059679,20.114900,0
20.500000,0.544824,-0.299078,-1.893316,0.483610,-0.294137,-2.844218,0.061413,19.662200,0
20.520000,0.545568,-0.300925,-1.897468,0.482731,-0.297006,-2.844218,0.062959,19.814800,0
20.540000,0.545390,-0.301442,-1.889025,0.481852,-0.299874,-2.844218,0.063557,20.042600,0
20.560000,0.538853,-0.327459,-1.928700,0.480973,-0.302742,-2.844218,0.062937,20.195300,0
20.580000,0.543950,-0.301240,-1.896798,0.480094,-0.305611,-2.844218,0.064005,20.386800,0
20.600000,0.540635,-0.314795,-1.903646,0.479215,-0.308479,-2.844218,0.061744,20.623800,0
20.620000,0.541008,-0.309994,-1.900660,0.478336,-0.311347,-2.844218,0.062687,20.528200,0
20.640000,0.541625,-0.312432,-1.886180,0.477456,-0.314216,-2.844218,0.064194,20.066500,0
20.660000,0.543064,-0.307801,-1.872214,0.476577,-0.317084,-2.844218,0.067132,20.874200,0
20.680000,0.543218,-0.303416,-1.860379,0.475698,-0.319952,-2.844218,0.069516,20.467300,0
20.700000,0.542744,-0.307616,-1.858774,0.474819,-0.322821,-2.844218,0.069606,20.479100,0
20.720000,0.535690,-0.324508,-1.888397,0.473940,-0.325689,-2.844218,0.061762,20.365600,0
20.740000,0.535241,-0.334212,-1.903560,0.473061,-0.328557,-2.844218,0.062437,20.916900,0
20.760000,0.535777,-0.331645,-1.898283,0.472182,-0.331426,-2.844218,0.063595,20.446500,0
20.780000,0.533587,-0.336262,-1.901470,0.471303,-0.334294,-2.844218,0.062315,20.338300,0
20.800000,0.532862,-0.341081,-1.893804,0.470424,-0.337162,-2.844218,0.062561,20.428300,0
20.820000,0.531307,-0.339414,-1.892164,0.469545,-0.340031,-2.844218,0.061765,20.154000,0
20.840000,0.527714,-0.344603,-1.886057,0.468666,-0.342899,-2.844218,0.059073,20.240400,0
20.860000,0.527331,-0.349232,-1.890749,0.467787,-0.345767,-2.844218,0.059645,20.363200,0
20.880000,0.525939,-0.356495,-1.898375,0.466908,-0.348636,-2.844218,0.059552,20.454800,0
20.900000,0.526112,-0.353149,-1.895981,0.466029,-0.351504,-2.844218,0.060105,19.963700,0
20.920000,0.528139,-0.347179,-1.886694,0.465150,-0.354372,-2.844218,0.063399,20.311800,0
20.940000,0.526484,-0.357731,-1.898388,0.464271,-0.357241,-2.844218,0.062215,20.362900,0
20.960000,0.526849,-0.355502,-1.895536,0.463392,-0.360109,-2.844218,0.063624,20.339900,0
20.980000,0.522719,-0.361746,-1.893003,0.462513,-0.362977,-2.844218,0.060219,21.171500,0
21.000000,0.522467,-0.361009,-1.888607,0.461634,-0.365846,-2.844218,0.061025,19.966400,0
21.020000,0.520773,-0.367968,-1.906920,0.460755,-0.368714,-2.844218,0.060023,18.985200,0
21.040000,0.519979,-0.372674,-1.900898,0.459876,-0.371582,-2.844218,0.060113,20.231900,0
21.060000,0.518791,-0.375576,-1.900539,0.458997,-0.374451,-2.844218,0.059805,20.054400,0
21.080000,0.514906,-0.384520,-1.908282,0.458118,-0.377319,-2.844218,0.057243,20.235500,0
21.100000,0.517721,-0.378108,-1.892326,0.457239,-0.380187,-2.844218,0.060518,20.777700,0
21.120000,0.517294,-0.382635,-1.906054,0.456360,-0.383056,-2.844218,0.060936,20.558000,0
21.140000,0.515860,-0.386432,-1.904511,0.455481,-0.385924,-2.844218,0.060381,20.400300,0
21.160000,0.514687,-0.386144,-1.903560,0.454602,-0.388792,-2.844218,0.060143,20.247900,0
21.180000,0.513894,-0.389082,-1.897372,0.453723,-0.391661,-2.844218,0.060226,19.332400,0
21.200000,0.511419,-0.393884,-1.902372,0.452844,-0.394529,-2.844218,0.058578,19.481100,0
21.220000,0.511858,-0.398997,-1.889438,0.451965,-0.397397,-2.844218,0.059914,18.855200,0
21.240000,0.510167,-0.404049,-1.897913,0.451086,-0.400266,-2.844218,0.059202,19.810000,0
21.260000,0.509699,-0.405335,-1.900624,0.450207,-0.403134,-2.844218,0.059533,20.210800,0
21.280000,0.508177,-0.408710,-1.899692,0.449327,-0.406002,-2.844218,0.058912,20.639400,0
21.300000,0.510500,-0.405731,-1.891162,0.448448,-0.408871,-2.844218,0.062131,20.537000,0
21.320000,0.508712,-0.412652,-1.897691,0.447569,-0.411739,-2.844218,0.061150,20.387300,0
21.340000,0.505773,-0.417084,-1.899551,0.446690,-0.414607,-2.844218,0.059135,20.666700,0
21.360000,0.503352,-0.423321,-1.898782,0.445811,-0.417476,-2.844218,0.057837,20.846000,0
21.380000,0.503825,-0.421082,-1.897863,0.444932,-0.420344,-2.844218,0.058897,18.722800,0
21.400000,0.502869,-0.420530,-1.895000,0.444053,-0.423212,-2.844218,0.058877,19.787200,0
21.420000,0.505199,-0.416023,-1.864642,0.443174,-0.426081,-2.844218,0.062835,21.191000,0
21.440000,0.502461,-0.419492,-1.912029,0.443066,-0.426669,-2.830387,0.059827,21.292800,0
21.460000,0.503673,-0.420458,-1.899171,0.443026,-0.426791,-2.810903,0.060977,21.421200,0
21.480000,0.504251,-0.419916,-1.932868,0.443027,-0.426789,-2.792893,0.061609,21.534500,0
21.500000,0.506912,-0.415631,-1.931833,0.443027,-0.426784,-2.774886,0.064851,21.714800,0
21.520000,0.505327,-0.419632,-1.972031,0.443026,-0.426779,-2.756874,0.062710,21.659400,0
21.540000,0.505614,-0.421257,-1.978860,0.443026,-0.426775,-2.738859,0.062831,22.169500,0
21.560000,0.507098,-0.422558,-2.005274,0.443025,-0.426770,-2.720844,0.064211,22.393500,0
21.580000,0.509804,-0.419881,-1.993335,0.441945,-0.429181,-2.716779,0.068494,22.076700,0
21.600000,0.505385,-0.425276,-1.994108,0.440706,-0.431917,-2.716777,0.065019,22.261100,0
21.620000,0.504642,-0.427206,-1.994668,0.439468,-0.434653,-2.716779,0.065598,21.861500,0
21.640000,0.501985,-0.434750,-2.000434,0.438230,-0.437388,-2.716783,0.063810,22.036300,0
21.660000,0.503285,-0.435141,-1.986953,0.436993,-0.440123,-2.716786,0.066479,22.350900,0
21.680000,0.498681,-0.443028,-2.002189,0.435755,-0.442857,-2.716788,0.062926,22.398100,0
21.700000,0.498073,-0.441605,-1.979106,0.434519,-0.445592,-2.716790,0.063679,21.894800,0
21.720000,0.499528,-0.437817,-1.996731,0.433282,-0.448326,-2.716791,0.067074,20.230300,0
21.740000,0.499671,-0.441504,-1.995127,0.432045,-0.451060,-2.716793,0.068298,18.986000,0
21.760000,0.497221,-0.443685,-1.986151,0.430808,-0.453794,-2.716794,0.067178,21.172600,0
21.780000,0.490909,-0.453477,-2.000653,0.429572,-0.456528,-2.716794,0.061413,21.345200,0
21.800000,0.494145,-0.448285,-1.987572,0.428335,-0.459261,-2.716795,0.066719,22.773100,0
21.820000,0.492056,-0.455706,-2.024418,0.428138,-0.459697,-2.701032,0.064043,22.389100,0
21.840000,0.490917,-0.456941,-2.058476,0.428105,-0.459765,-2.682142,0.062875,22.632900,0
21.860000,0.494285,-0.452325,-2.053112,0.428106,-0.459761,-2.664151,0.066595,22.086100,0
21.880000,0.494968,-0.456823,-2.065317,0.428106,-0.459758,-2.646156,0.066926,22.091700,0
21.900000,0.493376,-0.460181,-2.103368,0.428107,-0.459754,-2.628156,0.065271,21.655100,0
21.920000,0.494656,-0.456420,-2.094967,0.428106,-0.459751,-2.610153,0.066633,22.567300,0
21.940000,0.496140,-0.452401,-2.126442,0.428106,-0.459747,-2.592149,0.068429,22.640300,0
21.960000,0.495448,-0.455624,-2.150563,0.428106,-0.459744,-2.574143,0.067468,22.177200,0
21.980000,0.493820,-0.458984,-2.169810,0.428105,-0.459741,-2.556138,0.065719,21.996400,0
22.000000,0.494134,-0.459812,-2.182000,0.428105,-0.459738,-2.538134,0.066029,22.416000,0
22.020000,0.496914,-0.453869,-2.195939,0.428104,-0.459735,-2.520130,0.069059,21.853800,0
22.040000,0.495772,-0.458420,-2.211601,0.428103,-0.459732,-2.502128,0.067682,22.890100,0
22.060000,0.496446,-0.460545,-2.238046,0.428103,-0.459729,-2.484126,0.068348,22.084200,0
22.080000,0.500413,-0.455567,-2.248091,0.428102,-0.459727,-2.466126,0.072431,22.116000,0
22.100000,0.495395,-0.461950,-2.281137,0.428101,-0.459724,-2.448127,0.067331,21.957900,0
22.120000,0.504131,-0.453879,-2.273461,0.428100,-0.459722,-2.430129,0.076255,22.459000,0
22.140000,0.498897,-0.461163,-2.303875,0.428099,-0.459720,-2.412132,0.070812,22.175400,0
22.160000,0.502268,-0.457727,-2.322480,0.428099,-0.459717,-2.394136,0.074195,22.346300,0
22.180000,0.499082,-0.462973,-2.342818,0.428098,-0.459715,-2.376141,0.071059,22.715100,0
22.200000,0.502853,-0.461651,-2.361528,0.428097,-0.459713,-2.358147,0.074782,22.522000,0
22.220000,0.502970,-0.461717,-2.368461,0.428096,-0.459711,-2.340154,0.074901,22.238400,0
22.240000,0.503293,-0.460546,-2.397045,0.428095,-0.459709,-2.322161,0.075202,22.209400,0
22.260000,0.499225,-0.464507,-2.407214,0.428094,-0.459707,-2.304169,0.071293,22.465100,0
22.280000,0.501317,-0.461436,-2.426557,0.428094,-0.459705,-2.286177,0.073244,22.122000,0
22.300000,0.500248,-0.464107,-2.458326,0.428093,-0.459703,-2.268186,0.072290,21.828900,0
22.320000,0.502357,-0.464046,-2.467052,0.428092,-0.459701,-2.250195,0.074392,22.214100,0
22.340000,0.500579,-0.465841,-2.462804,0.426020,-0.461545,-2.249426,0.074682,22.706100,0
22.360000,0.498099,-0.466918,-2.459128,0.423681,-0.463431,-2.249433,0.074500,22.042700,0
22.380000,0.494948,-0.468872,-2.462340,0.421343,-0.465317,-2.249443,0.073691,22.193400,0
22.400000,0.491852,-0.472712,-2.462844,0.419006,-0.467202,-2.249451,0.073055,21.840400,0
22.420000,0.491921,-0.472691,-2.468615,0.416669,-0.469087,-2.249458,0.075339,22.115500,0
22.440000,0.491676,-0.475833,-2.468019,0.414333,-0.470972,-2.249462,0.077496,22.333400,0
22.460000,0.489715,-0.476499,-2.460464,0.411997,-0.472857,-2.249465,0.077803,22.473300,0
22.480000,0.485502,-0.476239,-2.451315,0.409661,-0.474741,-2.249468,0.075856,22.655100,0
22.500000,0.482274,-0.480037,-2.462908,0.407325,-0.476625,-2.249469,0.075027,22.445000,0
22.520000,0.482248,-0.480441,-2.458643,0.404990,-0.478509,-2.249471,0.077282,22.172800,0
22.540000,0.481383,-0.481309,-2.452885,0.402654,-0.480393,-2.249471,0.078735,22.179500,0
22.560000,0.474635,-0.483351,-2.458869,0.400319,-0.482277,-2.249472,0.074324,22.464700,0
22.580000,0.475859,-0.487125,-2.450367,0.397983,-0.484161,-2.249473,0.077932,22.581200,0
22.600000,0.469438,-0.490027,-2.457980,0.395648,-0.486044,-2.249473,0.073897,22.495000,0
22.620000,0.465088,-0.493020,-2.464492,0.393313,-0.487928,-2.249474,0.071956,22.695800,0
22.640000,0.464806,-0.493137,-2.460683,0.390977,-0.489811,-2.249474,0.073903,22.123900,0
22.660000,0.468971,-0.490712,-2.450462,0.388642,-0.491695,-2.249475,0.080335,23.234300,0
22.680000,0.461158,-0.497178,-2.460761,0.386307,-0.493578,-2.249475,0.074938,22.250000,0
22.700000,0.459689,-0.497852,-2.459818,0.383972,-0.495462,-2.249475,0.075755,21.987900,0
22.720000,0.457804,-0.499917,-2.460070,0.381636,-0.497345,-2.249475,0.076212,22.437800,0
22.740000,0.456025,-0.501547,-2.452100,0.379301,-0.499228,-2.249475,0.076759,18.603100,0
22.760000,0.453280,-0.505326,-2.466778,0.376966,-0.501112,-2.249475,0.076431,19.072700,0
22.780000,0.450235,-0.505033,-2.463212,0.374631,-0.502995,-2.249475,0.075631,18.891600,0
22.800000,0.450448,-0.504373,-2.448079,0.372295,-0.504878,-2.249475,0.078155,19.401500,0
22.820000,0.442817,-0.509594,-2.469725,0.369960,-0.506762,-2.249475,0.072912,19.335800,0
22.840000,0.439009,-0.513703,-2.467127,0.367625,-0.508645,-2.249475,0.071563,19.853500,0
22.860000,0.436115,-0.513846,-2.464979,0.365290,-0.510528,-2.249475,0.070903,19.968700,0
22.880000,0.434737,-0.513529,-2.470986,0.362955,-0.512412,-2.249475,0.071790,20.043100,0
22.900000,0.429947,-0.520000,-2.513344,0.362675,-0.512612,-2.232048,0.067676,19.953700,0
22.920000,0.437341,-0.517424,-2.502316,0.362667,-0.512616,-2.213917,0.074828,20.056800,0
22.940000,0.440196,-0.517082,-2.524666,0.362670,-0.512613,-2.195929,0.077655,19.974100,0
22.960000,0.437707,-0.517348,-2.530465,0.362671,-0.512610,-2.177937,0.075186,20.484400,0
22.980000,0.437795,-0.520661,-2.563515,0.362673,-0.512607,-2.159943,0.075553,20.304000,0
23.000000,0.434471,-0.521404,-2.574497,0.362673,-0.512605,-2.141948,0.072336,20.462500,0
23.020000,0.443295,-0.515265,-2.595107,0.362674,-0.512602,-2.123952,0.080665,19.492400,0
23.040000,0.435869,-0.520056,-2.613280,0.362674,-0.512599,-2.105957,0.073574,19.445300,0
23.060000,0.443219,-0.516659,-2.629862,0.362675,-0.512597,-2.087962,0.080646,18.830600,0
23.080000,0.431788,-0.521829,-2.652174,0.362675,-0.512594,-2.069968,0.069727,18.781200,0
23.100000,0.442832,-0.518722,-2.662000,0.362675,-0.512592,-2.051975,0.080391,20.015300,0
23.120000,0.444306,-0.519285,-2.667966,0.362674,-0.512589,-2.033983,0.081906,19.351500,0
23.140000,0.436984,-0.524914,-2.703888,0.362674,-0.512587,-2.015991,0.075325,18.709400,0
23.160000,0.442320,-0.524120,-2.725140,0.362674,-0.512585,-1.998000,0.080477,18.985700,0
23.180000,0.440211,-0.522796,-2.719620,0.360494,-0.513827,-1.997921,0.080220,19.934900,0
23.200000,0.441889,-0.521277,-2.709740,0.357761,-0.515072,-1.997926,0.084356,19.739200,0
23.220000,0.435975,-0.525113,-2.719020,0.355027,-0.516316,-1.997936,0.081424,20.023200,0
23.240000,0.433908,-0.525399,-2.705565,0.352294,-0.517561,-1.997944,0.081990,21.815900,0
23.260000,0.430851,-0.527467,-2.696540,0.349562,-0.518805,-1.997949,0.081749,22.048500,0
23.280000,0.424505,-0.529414,-2.712245,0.346830,-0.520049,-1.997953,0.078238,21.780500,0
23.300000,0.419812,-0.531940,-2.726984,0.344099,-0.521293,-1.997956,0.076458,22.154500,0
23.320000,0.417736,-0.532468,-2.705815,0.341367,-0.522537,-1.997957,0.077012,21.869500,0
23.340000,0.413781,-0.534723,-2.719224,0.338636,-0.523780,-1.997958,0.075938,21.953000,0
23.360000,0.411636,-0.535070,-2.722336,0.335905,-0.525024,-1.997959,0.076394,22.481000,0
23.380000,0.412650,-0.534930,-2.715971,0.333174,-0.526267,-1.997960,0.079946,18.821500,0
23.400000,0.409997,-0.536174,-2.709651,0.330443,-0.527510,-1.997960,0.080024,18.776700,0
23.420000,0.403243,-0.540677,-2.716716,0.327713,-0.528753,-1.997961,0.076465,19.192700,0
23.440000,0.401425,-0.541320,-2.719019,0.324982,-0.529997,-1.997961,0.077277,19.629600,0
23.460000,0.403809,-0.539697,-2.711131,0.322252,-0.531240,-1.997962,0.081994,19.679900,0
23.480000,0.400483,-0.541384,-2.712881,0.319521,-0.532483,-1.997962,0.081450,19.736100,0
23.500000,0.398252,-0.540756,-2.706272,0.316791,-0.533726,-1.997962,0.081764,19.679800,0
23.520000,0.383701,-0.548551,-2.735054,0.314060,-0.534969,-1.997962,0.070953,20.214900,0
23.540000,0.393769,-0.544444,-2.739187,0.313588,-0.534974,-1.980198,0.080739,20.190900,0
23.560000,0.389797,-0.547364,-2.758919,0.313523,-0.534968,-1.961369,0.077275,19.516800,0
23.580000,0.393504,-0.546689,-2.773184,0.313525,-0.534966,-1.943381,0.080833,19.273000,0
23.600000,0.385202,-0.546948,-2.790775,0.313528,-0.534963,-1.925392,0.072669,21.167700,0
23.620000,0.395422,-0.543690,-2.803083,0.313529,-0.534961,-1.907402,0.082357,21.095100,0
23.640000,0.394594,-0.544388,-2.822550,0.313531,-0.534959,-1.889410,0.081610,18.871500,0
23.660000,0.392842,-0.546763,-2.837150,0.313531,-0.534957,-1.871419,0.080185,18.845200,0
23.680000,0.399768,-0.546094,-2.856679,0.313532,-0.534955,-1.853427,0.086952,19.066700,0
23.700000,0.398693,-0.546631,-2.883377,0.313533,-0.534953,-1.835436,0.085957,18.410800,0
23.720000,0.390845,-0.548346,-2.907208,0.313533,-0.534951,-1.817446,0.078464,19.005900,0
23.740000,0.395585,-0.545850,-2.909668,0.313533,-0.534949,-1.799456,0.082773,19.887600,0
23.760000,0.396160,-0.549749,-2.931284,0.313534,-0.534947,-1.781468,0.083941,19.735100,0
23.780000,0.400317,-0.549384,-2.936874,0.313534,-0.534945,-1.763480,0.087976,20.243300,0
23.800000,0.398671,-0.552530,-2.966915,0.313534,-0.534942,-1.745492,0.086934,20.211400,0
23.820000,0.406083,-0.549432,-2.975918,0.313534,-0.534940,-1.727506,0.093676,20.696900,0
23.840000,0.402059,-0.550565,-2.991955,0.311237,-0.535324,-1.719883,0.092092,20.417900,0
23.860000,0.396345,-0.551579,-2.986025,0.308266,-0.535769,-1.719886,0.089487,20.592100,0
23.880000,0.392929,-0.551488,-2.986106,0.305296,-0.536214,-1.719897,0.088954,20.421900,0
23.900000,0.380770,-0.554174,-3.010995,0.302326,-0.536659,-1.719905,0.080375,20.189700,0
23.920000,0.372450,-0.555207,-3.025931,0.299357,-0.537105,-1.719911,0.075302,20.564300,0
23.940000,0.373128,-0.553341,-3.021465,0.296388,-0.537550,-1.719916,0.078347,20.915300,0
23.960000,0.366640,-0.554834,-3.023471,0.293420,-0.537996,-1.719919,0.075131,20.339900,0
23.980000,0.361611,-0.556350,-3.025005,0.290452,-0.538442,-1.719921,0.073378,20.613000,0
24.000000,0.360285,-0.556000,-3.025452,0.287485,-0.538888,-1.719922,0.074784,19.931700,0
24.020000,0.360818,-0.555865,-3.017659,0.284517,-0.539334,-1.719923,0.078071,19.768400,0
24.040000,0.358757,-0.555858,-3.019220,0.281550,-0.539780,-1.719924,0.078863,20.858600,0
24.060000,0.357507,-0.555759,-3.015247,0.278583,-0.540226,-1.719924,0.080438,20.817200,0
24.080000,0.356195,-0.556924,-3.019201,0.275615,-0.540672,-1.719925,0.082202,18.730000,0
24.100000,0.349525,-0.558017,-3.018838,0.272649,-0.541118,-1.719926,0.078712,19.015700,0
24.120000,0.345634,-0.557389,-3.039664,0.269682,-0.541563,-1.719927,0.077584,19.665600,0
24.140000,0.342474,-0.559417,-3.017836,0.266715,-0.542009,-1.719927,0.077734,19.418100,0
24.160000,0.337525,-0.559770,-3.029092,0.263748,-0.542455,-1.719928,0.075781,21.874700,0
24.180000,0.337818,-0.560486,-3.017699,0.260781,-0.542901,-1.719928,0.079019,23.296200,0
24.200000,0.335388,-0.559858,-3.025149,0.257814,-0.543347,-1.719928,0.079312,22.525800,0
24.220000,0.332032,-0.559255,-3.033683,0.254847,-0.543793,-1.719928,0.078719,22.257300,0
24.240000,0.324761,-0.562337,-3.018187,0.251881,-0.544238,-1.719928,0.075094,22.384800,0
24.260000,0.327001,-0.561711,-3.020835,0.248914,-0.544684,-1.719928,0.079922,22.269700,0
24.280000,0.318119,-0.562112,-3.024956,0.245947,-0.545130,-1.719928,0.074143,22.292600,0
24.300000,0.322340,-0.560911,-3.004556,0.242981,-0.545576,-1.719928,0.080827,22.346600,0
24.320000,0.318653,-0.561334,-3.012651,0.242275,-0.545621,-1.707469,0.077978,22.790400,0
24.340000,0.326420,-0.562232,-3.028401,0.242103,-0.545595,-1.687471,0.085943,22.252600,0
24.360000,0.330036,-0.562360,-3.045633,0.242106,-0.545593,-1.669483,0.089514,20.774000,0
24.380000,0.324180,-0.562326,-3.074537,0.242109,-0.545592,-1.651495,0.083760,18.309600,0
24.400000,0.326274,-0.565393,-3.085015,0.242111,-0.545590,-1.633505,0.086461,19.708500,0
24.420000,0.326315,-0.565144,-3.094394,0.242113,-0.545589,-1.615515,0.086443,19.703300,0
24.440000,0.336212,-0.566139,-3.110775,0.242115,-0.545587,-1.597525,0.096315,19.858900,0
24.460000,0.312298,-0.565886,-3.127623,0.239968,-0.545685,-1.587914,0.075098,19.865100,0
24.480000,0.315615,-0.565883,-3.121072,0.236966,-0.545734,-1.587917,0.081189,19.895800,0
24.500000,0.316652,-0.566769,-3.130677,0.233963,-0.545783,-1.587921,0.085311,20.142900,0
24.520000,0.310082,-0.564701,-3.135401,0.230961,-0.545833,-1.587925,0.081339,20.000200,0
24.540000,0.296367,-0.564379,3.121735,0.227960,-0.545884,-1.587928,0.070863,21.829500,0
24.560000,0.296770,-0.564752,3.130483,0.224958,-0.545935,-1.587931,0.074236,22.026600,0
24.580000,0.292805,-0.565057,3.130560,0.221958,-0.545985,-1.587933,0.073370,23.813000,0
24.600000,0.280804,-0.566131,3.137615,0.218957,-0.546037,-1.587935,0.065029,18.916200,0
24.620000,0.290916,-0.565275,3.140677,0.215957,-0.546088,-1.587937,0.077376,19.013200,0
24.640000,0.278147,-0.564493,3.127075,0.212957,-0.546139,-1.587938,0.067725,20.265100,0
24.660000,0.287117,-0.564526,3.138789,0.209956,-0.546191,-1.587939,0.079310,18.980800,0
24.680000,0.283927,-0.566156,3.129791,0.206957,-0.546242,-1.587940,0.079504,19.535100,0
24.700000,0.278238,-0.564509,3.115731,0.203957,-0.546293,-1.587940,0.076482,19.846500,0
24.720000,0.275410,-0.564399,3.130208,0.200957,-0.546345,-1.587941,0.076610,19.444300,0
24.740000,0.271957,-0.564454,3.130840,0.197957,-0.546396,-1.587941,0.076172,19.901100,0
24.760000,0.262802,-0.565466,3.123093,0.194957,-0.546448,-1.587941,0.070460,19.655200,0
24.780000,0.263013,-0.564973,3.130012,0.191958,-0.546499,-1.587941,0.073418,20.361100,0
24.800000,0.261456,-0.563909,3.131708,0.188958,-0.546551,-1.587942,0.074547,20.188200,0
24.820000,0.246195,-0.563537,3.125856,0.185958,-0.546602,-1.587942,0.062572,20.816000,0
24.840000,0.249857,-0.564984,3.135881,0.182959,-0.546654,-1.587942,0.069363,20.072800,0
24.860000,0.249249,-0.565228,-3.140541,0.179959,-0.546705,-1.587942,0.071723,20.264700,0
24.880000,0.239145,-0.565836,3.121607,0.176959,-0.546757,-1.587942,0.065047,20.708200,0
24.900000,0.248187,-0.566346,3.123831,0.173960,-0.546808,-1.587942,0.076755,20.535300,0
24.920000,0.245669,-0.566758,3.123325,0.170960,-0.546860,-1.587942,0.077313,20.881900,0
24.940000,0.244051,-0.567757,3.128078,0.167961,-0.546911,-1.587942,0.078894,20.610600,0
24.960000,0.237681,-0.566069,3.134331,0.164961,-0.546962,-1.587942,0.075188,20.214900,0
24.980000,0.232208,-0.567333,3.129919,0.161962,-0.547014,-1.587942,0.073126,18.968400,0
25.000000,0.236016,-0.564911,3.128428,0.158962,-0.547065,-1.587942,0.079094,20.312700,0
25.020000,0.234697,-0.565022,3.130203,0.155962,-0.547117,-1.587942,0.080745,21.469800,0
25.040000,0.234178,-0.566112,3.136169,0.152963,-0.547168,-1.587942,0.083395,20.675400,0
25.060000,0.213272,-0.565024,3.096236,0.149963,-0.547220,-1.587942,0.065765,18.758200,0
25.080000,0.221927,-0.565381,3.129568,0.146964,-0.547271,-1.587942,0.077119,19.217800,0
25.100000,0.219610,-0.565134,3.128868,0.143964,-0.547322,-1.587942,0.077715,19.555700,0
25.120000,0.216848,-0.563294,3.127057,0.140965,-0.547374,-1.587942,0.077535,20.013400,0
25.140000,0.211249,-0.564479,3.123880,0.137965,-0.547425,-1.587942,0.075242,18.734100,0
25.160000,0.206860,-0.564521,3.122720,0.134966,-0.547477,-1.587942,0.073887,19.267300,0
25.180000,0.203422,-0.564818,3.132087,0.131966,-0.547528,-1.587942,0.073518,19.961900,0
25.200000,0.192865,-0.564814,3.111650,0.128966,-0.547580,-1.587942,0.066183,20.233200,0
25.220000,0.196401,-0.565637,3.124706,0.125967,-0.547631,-1.587942,0.072699,20.493700,0
25.240000,0.194696,-0.565441,-3.138411,0.122967,-0.547683,-1.587942,0.073894,20.096100,0
25.260000,0.185283,-0.565782,3.130325,0.119968,-0.547734,-1.587942,0.067762,23.941400,0
25.280000,0.190303,-0.565396,3.125818,0.116968,-0.547785,-1.587942,0.075420,22.185300,0
25.300000,0.186330,-0.566168,3.120429,0.113969,-0.547837,-1.587942,0.074646,22.571700,0
25.320000,0.185295,-0.565474,3.130790,0.110969,-0.547888,-1.587942,0.076378,22.200800,0
25.340000,0.188141,-0.564953,3.126217,0.107969,-0.547940,-1.587942,0.081957,22.288300,0
25.360000,0.176656,-0.565900,3.128151,0.104970,-0.547991,-1.587942,0.073889,22.179900,0
25.380000,0.171794,-0.565480,3.132009,0.101970,-0.548043,-1.587942,0.071968,22.802200,0
25.400000,0.179672,-0.565707,-3.125851,0.098971,-0.548094,-1.587942,0.082600,20.020200,0
25.420000,0.181493,-0.565792,-3.120584,0.095971,-0.548145,-1.587942,0.087324,18.660600,0
25.440000,0.175285,-0.563910,-3.120832,0.092972,-0.548197,-1.587942,0.083799,19.674000,0
25.460000,0.170670,-0.564232,-3.116047,0.089972,-0.548248,-1.587942,0.082265,19.844000,0
25.480000,0.167475,-0.565794,-3.131772,0.086973,-0.548300,-1.587942,0.082381,19.659400,0
25.500000,0.172712,-0.564575,-3.120013,0.083973,-0.548351,-1.587942,0.090210,19.887300,0
25.520000,0.160487,-0.565787,-3.128922,0.080973,-0.548403,-1.587942,0.081392,20.298500,0
25.540000,0.159573,-0.565539,-3.123419,0.077974,-0.548454,-1.587942,0.083369,20.150000,0
25.560000,0.156411,-0.563621,-3.128423,0.074974,-0.548505,-1.587942,0.082828,20.367300,0
25.580000,0.156946,-0.564406,-3.121612,0.071975,-0.548557,-1.587942,0.086437,20.754100,0
25.600000,0.151969,-0.564941,-3.127205,0.068975,-0.548608,-1.587942,0.084586,20.461300,0
25.620000,0.148240,-0.565993,-3.134387,0.065976,-0.548660,-1.587942,0.084070,19.621700,0
25.640000,0.152784,-0.566627,-3.121002,0.062976,-0.548711,-1.587942,0.091578,20.706000,0
25.660000,0.141711,-0.566819,-3.130550,0.059977,-0.548763,-1.587942,0.083705,21.047400,0
25.680000,0.141234,-0.566516,3.141291,0.056977,-0.548814,-1.587942,0.086096,21.917500,0
25.700000,0.108746,-0.565631,3.086556,0.053977,-0.548865,-1.587942,0.057277,21.937400,0
25.720000,0.116616,-0.567008,3.133350,0.050978,-0.548917,-1.587942,0.068086,21.807900,0
25.740000,0.104008,-0.565416,3.113038,0.047978,-0.548968,-1.587942,0.058394,22.015800,0
25.760000,0.119877,-0.565478,3.134222,0.044979,-0.549020,-1.587942,0.076685,21.618600,0
25.780000,0.114894,-0.566330,3.132445,0.041979,-0.549071,-1.587942,0.074930,22.371000,0
25.800000,0.113071,-0.565541,3.131229,0.038980,-0.549123,-1.587942,0.075888,22.057700,0
25.820000,0.105216,-0.564751,3.112530,0.035980,-0.549174,-1.587942,0.070967,22.135300,0
25.840000,0.110985,-0.564556,-3.125403,0.032980,-0.549226,-1.587942,0.079498,24.772300,0
25.860000,0.105199,-0.565116,-3.127976,0.029981,-0.549277,-1.587942,0.076867,22.166800,0
25.880000,0.112259,-0.566412,-3.129077,0.026981,-0.549328,-1.587942,0.086972,22.343700,0
25.900000,0.109684,-0.564830,-3.121288,0.023982,-0.549380,-1.587942,0.087083,22.419100,0
25.920000,0.108845,-0.563450,-3.118168,0.020982,-0.549431,-1.587942,0.088974,22.856400,0
25.940000,0.101417,-0.564229,-3.128008,0.017983,-0.549483,-1.587942,0.084727,22.515300,0
25.960000,0.096574,-0.562805,-3.120592,0.014983,-0.549534,-1.587942,0.082663,22.390100,0
25.980000,0.094804,-0.562280,-3.116643,0.011984,-0.549586,-1.587942,0.083787,22.125700,0
26.000000,0.089406,-0.565987,-3.118838,0.008984,-0.549637,-1.587942,0.082067,20.173300,0
26.020000,0.091996,-0.566595,-3.109009,0.005984,-0.549688,-1.587942,0.087658,19.367500,0
26.040000,0.090653,-0.564205,-3.120484,0.002985,-0.549740,-1.587942,0.088853,18.847400,0
26.060000,0.080952,-0.564808,-3.130963,-0.000015,-0.549791,-1.587942,0.082348,19.025400,0
26.080000,0.081421,-0.563787,-3.126325,-0.003014,-0.549843,-1.587942,0.085578,19.619400,0
26.100000,0.084494,-0.564695,-3.112825,-0.006014,-0.549894,-1.587942,0.091710,20.220200,0
26.120000,0.074199,-0.561959,-3.123949,-0.009013,-0.549946,-1.587942,0.084075,19.201400,0
26.140000,0.073095,-0.563680,-3.116044,-0.012013,-0.549997,-1.587942,0.086201,18.489400,0
26.160000,0.070560,-0.563691,-3.110216,-0.015012,-0.550048,-1.587942,0.086653,19.846600,0
26.180000,0.063827,-0.565487,-3.124348,-0.018012,-0.550100,-1.587942,0.083273,19.854500,0
26.200000,0.064723,-0.564526,-3.116280,-0.021012,-0.550151,-1.587942,0.086931,19.900800,0
26.220000,0.058139,-0.565303,-3.125148,-0.024011,-0.550203,-1.587942,0.083526,19.885900,0
26.240000,0.057015,-0.563546,-3.121038,-0.027011,-0.550254,-1.587942,0.085070,19.752200,0
26.260000,0.059123,-0.564869,-3.113954,-0.030010,-0.550306,-1.587942,0.090314,19.933300,0
26.280000,0.057805,-0.565343,-3.121940,-0.033010,-0.550357,-1.587942,0.092043,20.144900,0
26.300000,0.054194,-0.563585,-3.128968,-0.036009,-0.550408,-1.587942,0.091160,20.479600,0
26.320000,0.055668,-0.563954,-3.120898,-0.039009,-0.550460,-1.587942,0.095634,20.152600,0
26.340000,0.044221,-0.564550,-3.124131,-0.042008,-0.550511,-1.587942,0.087364,18.868300,0
26.360000,0.033636,-0.563912,-3.126558,-0.045008,-0.550563,-1.587942,0.079769,19.856900,0
26.380000,0.034551,-0.565525,-3.110799,-0.048008,-0.550614,-1.587942,0.083895,19.072700,0
26.400000,0.029388,-0.564225,-3.125930,-0.051007,-0.550666,-1.587942,0.081530,19.526200,0
26.420000,0.025851,-0.563410,-3.120939,-0.054007,-0.550717,-1.587942,0.080860,20.123600,0
26.440000,0.020081,-0.563417,-3.126132,-0.057006,-0.550769,-1.587942,0.078118,19.723500,0
26.460000,0.020805,-0.564360,-3.121659,-0.060006,-0.550820,-1.587942,0.081937,20.044300,0
26.480000,0.021632,-0.565313,-3.119991,-0.063005,-0.550871,-1.587942,0.085860,19.738100,0
26.500000,0.021456,-0.564739,-3.120590,-0.066005,-0.550923,-1.587942,0.088545,19.984200,0
26.520000,0.005992,-0.564613,-3.124552,-0.069005,-0.550974,-1.587942,0.076227,19.965700,0
26.540000,0.012013,-0.563079,-3.122478,-0.072004,-0.551026,-1.587942,0.084877,20.545800,0
26.560000,0.010906,-0.563247,-3.118035,-0.075004,-0.551077,-1.587942,0.086768,20.111300,0
26.580000,0.011943,-0.563416,-3.121425,-0.078003,-0.551129,-1.587942,0.090781,19.829900,0
26.600000,-0.006011,-0.563196,3.127949,-0.078928,-0.551116,-1.578443,0.073911,19.265200,0
26.620000,0.004549,-0.564162,3.128808,-0.079101,-0.551114,-1.558446,0.084662,20.053800,0
26.640000,0.005837,-0.564750,3.109259,-0.079117,-0.551113,-1.540232,0.086042,20.327200,0
26.660000,0.006520,-0.566306,3.108212,-0.079114,-0.551112,-1.522244,0.086971,19.756100,0
26.680000,0.001533,-0.568847,3.070428,-0.079112,-0.551111,-1.504254,0.082572,22.809400,0
26.700000,0.004438,-0.568001,3.064014,-0.079110,-0.551110,-1.486265,0.085238,19.103500,0
26.720000,0.006758,-0.568439,3.040085,-0.079108,-0.551109,-1.468275,0.087597,19.235400,0
26.740000,0.004932,-0.569589,3.016714,-0.079106,-0.551108,-1.450286,0.086046,19.364000,0
26.760000,0.000958,-0.570201,2.989077,-0.079100,-0.551107,-1.432235,0.082304,19.609800,0
26.780000,0.000077,-0.570096,2.986922,-0.079093,-0.551106,-1.414178,0.081415,19.820200,0
26.800000,-0.003432,-0.570618,2.972471,-0.081386,-0.550720,-1.406519,0.080453,19.753000,0
26.820000,-0.003807,-0.570235,2.978995,-0.084348,-0.550228,-1.406521,0.082988,20.225500,0
26.840000,-0.006161,-0.568380,2.988366,-0.087311,-0.549735,-1.406523,0.083264,20.230600,0
26.860000,-0.010936,-0.568824,2.966013,-0.090273,-0.549243,-1.406529,0.081718,19.974400,0
26.880000,0.002540,-0.570047,2.993694,-0.093234,-0.548752,-1.406534,0.098113,20.122700,0
26.900000,-0.019269,-0.566790,2.970227,-0.096196,-0.548260,-1.406537,0.079127,19.846000,0
26.920000,-0.012545,-0.567288,2.987193,-0.099157,-0.547769,-1.406540,0.088784,20.293600,0
26.940000,-0.015487,-0.565629,2.982150,-0.102117,-0.547278,-1.406543,0.088552,20.057700,0
26.960000,-0.035090,-0.562536,2.968966,-0.105078,-0.546788,-1.406545,0.071738,20.646600,0
26.980000,-0.019177,-0.565496,2.983219,-0.108038,-0.546297,-1.406547,0.090912,20.320400,0
27.000000,-0.034750,-0.563711,2.968061,-0.110998,-0.545807,-1.406548,0.078322,20.025900,0
27.020000,-0.031324,-0.564882,2.985162,-0.113958,-0.545316,-1.406549,0.084919,19.889500,0
27.040000,-0.033178,-0.564515,2.958124,-0.116918,-0.544826,-1.406550,0.086023,20.296300,0
27.060000,-0.033037,-0.565528,2.975661,-0.117644,-0.544741,-1.394393,0.087123,20.545700,0
27.080000,-0.035517,-0.563155,2.938582,-0.117815,-0.544710,-1.374393,0.084340,20.155200,0
27.100000,-0.043268,-0.565069,2.907966,-0.117813,-0.544710,-1.356386,0.077276,20.452600,0
27.120000,-0.033339,-0.565325,2.908746,-0.117809,-0.544709,-1.338398,0.086950,19.822900,0
27.140000,-0.040174,-0.562456,2.873324,-0.117806,-0.544709,-1.320396,0.079635,19.844000,0
27.160000,-0.037414,-0.564367,2.854705,-0.117801,-0.544708,-1.302384,0.082756,19.707500,0
27.180000,-0.034636,-0.566191,2.847414,-0.117797,-0.544708,-1.284367,0.085891,20.376100,0
27.200000,-0.035406,-0.567724,2.840538,-0.117793,-0.544707,-1.266348,0.085542,20.510800,0
27.220000,-0.039370,-0.567167,2.804106,-0.117789,-0.544706,-1.248328,0.081572,20.199800,0
27.240000,-0.041404,-0.567652,2.801304,-0.117785,-0.544705,-1.230309,0.079754,20.162100,0
27.260000,-0.034303,-0.571497,2.784403,-0.117781,-0.544704,-1.212291,0.087672,20.187900,0
27.280000,-0.040196,-0.570618,2.758004,-0.117777,-0.544703,-1.194274,0.081795,19.936200,0
27.300000,-0.040323,-0.570756,2.743153,-0.117773,-0.544702,-1.176259,0.081715,19.554100,0
27.320000,-0.044426,-0.567233,2.708957,-0.117770,-0.544701,-1.158247,0.076727,20.529500,0
27.340000,-0.035715,-0.571163,2.720395,-0.117767,-0.544700,-1.140236,0.086214,20.105400,0
27.360000,-0.043569,-0.569752,2.677013,-0.117764,-0.544699,-1.122227,0.078311,19.770200,0
27.380000,-0.033649,-0.575322,2.671970,-0.117761,-0.544698,-1.104220,0.089513,20.276100,0
27.400000,-0.036282,-0.573774,2.663940,-0.117758,-0.544697,-1.086214,0.086509,20.197800,0
27.420000,-0.038747,-0.574644,2.630585,-0.117755,-0.544696,-1.068210,0.084493,20.226200,0
27.440000,-0.042584,-0.571263,2.606151,-0.117753,-0.544695,-1.050207,0.079726,20.185800,0
27.460000,-0.039695,-0.574928,2.599647,-0.117750,-0.544694,-1.032205,0.083706,19.774000,0
27.480000,-0.043392,-0.570799,2.574109,-0.117748,-0.544693,-1.014205,0.078806,20.462600,0
27.500000,-0.044192,-0.571656,2.551762,-0.117745,-0.544692,-0.996205,0.078340,19.836100,0
27.520000,-0.040328,-0.574263,2.543449,-0.117743,-0.544691,-0.978207,0.082871,20.035500,0
27.540000,-0.039030,-0.574705,2.528440,-0.117741,-0.544690,-0.960209,0.084240,20.140600,0
27.560000,-0.040660,-0.573588,2.520618,-0.117739,-0.544689,-0.942212,0.082319,20.163400,0
27.580000,-0.039944,-0.576786,2.492088,-0.117736,-0.544688,-0.924216,0.084154,19.958500,0
27.600000,-0.042928,-0.576105,2.473834,-0.117734,-0.544687,-0.906221,0.081136,20.868600,0
27.620000,-0.045115,-0.576302,2.447580,-0.117732,-0.544686,-0.888226,0.079201,20.386600,0
27.640000,-0.047962,-0.577098,2.424688,-0.117730,-0.544685,-0.870232,0.076930,19.849800,0
27.660000,-0.043812,-0.577258,2.417915,-0.117728,-0.544684,-0.852238,0.080775,20.047600,0
27.680000,-0.046998,-0.576261,2.409105,-0.117726,-0.544683,-0.834245,0.077457,20.403000,0
27.700000,-0.043626,-0.578608,2.376688,-0.117724,-0.544682,-0.816252,0.081496,20.035600,0
27.720000,-0.046352,-0.577094,2.357654,-0.117722,-0.544681,-0.798260,0.078386,20.027800,0
27.740000,-0.046933,-0.582055,2.362964,-0.117720,-0.544680,-0.780268,0.080048,20.184400,0
27.760000,-0.049621,-0.578714,2.322865,-0.117718,-0.544680,-0.762276,0.076128,19.812600,0
27.780000,-0.063270,-0.567617,2.282125,-0.119653,-0.542653,-0.759999,0.061662,19.895300,0
27.800000,-0.056097,-0.572316,2.287410,-0.121722,-0.540475,-0.760006,0.072942,20.126500,0
27.820000,-0.055916,-0.572351,2.294936,-0.123791,-0.538298,-0.760015,0.075938,20.623700,0
27.840000,-0.058666,-0.570737,2.301033,-0.125860,-0.536122,-0.760024,0.075586,20.086400,0
27.860000,-0.056452,-0.566168,2.304204,-0.127929,-0.533946,-0.760030,0.078404,20.064500,0
27.880000,-0.060283,-0.564779,2.306353,-0.129997,-0.531770,-0.760035,0.077133,20.041500,0
27.900000,-0.066564,-0.562139,2.306025,-0.132065,-0.529595,-0.760039,0.073140,19.928300,0
27.920000,-0.062481,-0.562376,2.305954,-0.134133,-0.527420,-0.760041,0.079724,20.287400,0
27.940000,-0.061824,-0.559444,2.309938,-0.136201,-0.525245,-0.760043,0.081863,20.022400,0
27.960000,-0.066324,-0.557700,2.299334,-0.138269,-0.523070,-0.760045,0.079846,19.988300,0
27.980000,-0.070456,-0.555867,2.300790,-0.140336,-0.520896,-0.760046,0.078142,20.124000,0
28.000000,-0.074107,-0.555209,2.313540,-0.142403,-0.518721,-0.760047,0.077432,19.969000,0
28.020000,-0.075797,-0.550911,2.309325,-0.144471,-0.516546,-0.760047,0.076793,19.849000,0
28.040000,-0.076365,-0.547322,2.307243,-0.146538,-0.514372,-0.760048,0.077524,20.114900,0
28.060000,-0.083237,-0.542590,2.299856,-0.148605,-0.512197,-0.760048,0.072088,19.703700,0
28.080000,-0.087318,-0.539877,2.303116,-0.150672,-0.510023,-0.760049,0.070036,19.572200,0
28.100000,-0.084497,-0.542814,2.313791,-0.152739,-0.507849,-0.760049,0.076678,20.508000,0
28.120000,-0.088609,-0.539295,2.307291,-0.154806,-0.505674,-0.760049,0.074246,21.227100,0
28.140000,-0.096205,-0.534330,2.291187,-0.156873,-0.503500,-0.760049,0.068052,21.473000,0
28.160000,-0.099395,-0.527793,2.295189,-0.158940,-0.501325,-0.760049,0.065162,21.557000,0
28.180000,-0.092298,-0.531865,2.307433,-0.159176,-0.501076,-0.742412,0.073625,22.209600,0
28.200000,-0.086954,-0.536166,2.290805,-0.159186,-0.501062,-0.724181,0.080311,21.932400,0
28.220000,-0.091436,-0.533863,2.263231,-0.159183,-0.501064,-0.706193,0.075269,21.694900,0
28.240000,-0.091534,-0.535218,2.253140,-0.159181,-0.501066,-0.688203,0.075779,21.991900,0
28.260000,-0.090702,-0.536466,2.222859,-0.159178,-0.501067,-0.670210,0.077085,21.938200,0
28.280000,-0.093332,-0.534923,2.209941,-0.159175,-0.501067,-0.652215,0.074037,22.363100,0
28.300000,-0.086633,-0.541437,2.221787,-0.159172,-0.501068,-0.634219,0.083015,22.364200,0
28.320000,-0.089333,-0.539383,2.176035,-0.159170,-0.501068,-0.616223,0.079657,20.081200,0
28.340000,-0.094615,-0.536217,2.150654,-0.159167,-0.501068,-0.598228,0.073501,19.607500,0
28.360000,-0.092539,-0.539735,2.142296,-0.159165,-0.501068,-0.580233,0.077034,19.291900,0
28.380000,-0.096229,-0.536755,2.121932,-0.159162,-0.501068,-0.562238,0.072348,19.238400,0
28.400000,-0.093504,-0.540405,2.111615,-0.159160,-0.501067,-0.544245,0.076539,19.847500,0
28.420000,-0.096642,-0.538919,2.074809,-0.159158,-0.501067,-0.526252,0.073082,19.964700,0
28.440000,-0.094575,-0.538820,2.070801,-0.159155,-0.501067,-0.508261,0.074806,19.887300,0
28.460000,-0.092503,-0.544593,2.058142,-0.159153,-0.501066,-0.490270,0.079604,19.715200,0
28.480000,-0.094949,-0.539829,2.051264,-0.160565,-0.498918,-0.490200,0.077325,20.449200,0
28.500000,-0.099028,-0.538555,2.050471,-0.161979,-0.496269,-0.490207,0.075835,19.982000,0
28.520000,-0.099635,-0.534892,2.059853,-0.163394,-0.493619,-0.490217,0.075952,20.527900,0
28.540000,-0.105024,-0.529219,2.068885,-0.164808,-0.490970,-0.490224,0.070973,20.327500,0
28.560000,-0.101815,-0.529877,2.058730,-0.166222,-0.488322,-0.490230,0.076649,19.963900,0
28.580000,-0.105914,-0.526941,2.063862,-0.167636,-0.485674,-0.490234,0.074247,20.489800,0
28.600000,-0.103797,-0.524697,2.055272,-0.169050,-0.483026,-0.490237,0.077423,18.987500,0
28.620000,-0.105683,-0.522370,2.064579,-0.170463,-0.480378,-0.490238,0.077199,20.121500,0
28.640000,-0.104952,-0.521417,2.060858,-0.171876,-0.477731,-0.490239,0.079921,21.197700,0
28.660000,-0.107975,-0.516953,2.027687,-0.171884,-0.477310,-0.472503,0.075206,21.583600,0
28.680000,-0.108828,-0.519205,2.027406,-0.171890,-0.477296,-0.454301,0.075718,21.498200,0
28.700000,-0.113449,-0.515062,2.009487,-0.171887,-0.477299,-0.436314,0.069578,22.223400,0
28.720000,-0.113507,-0.518477,1.977118,-0.171885,-0.477301,-0.418325,0.071438,21.898000,0
28.740000,-0.113907,-0.515363,1.956691,-0.171883,-0.477303,-0.400335,0.069352,22.196200,0
28.760000,-0.109314,-0.522923,1.954290,-0.171881,-0.477304,-0.382343,0.077432,22.588400,0
28.780000,-0.109364,-0.526323,1.937157,-0.171879,-0.477305,-0.364351,0.079441,20.396400,0
28.800000,-0.112569,-0.515677,1.899453,-0.171877,-0.477305,-0.346360,0.070638,19.609200,0
28.820000,-0.112785,-0.520356,1.900948,-0.171875,-0.477306,-0.328368,0.073109,18.874100,0
28.840000,-0.114887,-0.519022,1.868022,-0.171873,-0.477306,-0.310378,0.070623,18.842800,0
28.860000,-0.113800,-0.516360,1.854663,-0.171871,-0.477306,-0.292388,0.069982,18.759900,0
28.880000,-0.112115,-0.520654,1.833458,-0.171869,-0.477306,-0.274399,0.073822,18.664900,0
28.900000,-0.114347,-0.523422,1.824219,-0.171867,-0.477307,-0.256410,0.073723,19.109100,0
28.920000,-0.115626,-0.523225,1.805610,-0.171865,-0.477307,-0.238422,0.072603,18.373900,0
28.940000,-0.116146,-0.513739,1.781278,-0.171863,-0.477306,-0.220435,0.066571,18.746500,0
28.960000,-0.116598,-0.521281,1.759943,-0.171861,-0.477306,-0.202449,0.070625,18.837300,0
28.980000,-0.115977,-0.524167,1.745652,-0.171859,-0.477306,-0.184463,0.072930,18.690100,0
29.000000,-0.117057,-0.525634,1.737982,-0.171857,-0.477306,-0.166477,0.073066,19.204000,0
29.020000,-0.118687,-0.519132,1.735415,-0.172266,-0.475000,-0.158996,0.069414,19.853000,0
29.040000,-0.116942,-0.511183,1.718259,-0.172740,-0.472035,-0.158999,0.068162,18.858800,0
29.060000,-0.119570,-0.515170,1.730872,-0.173215,-0.469068,-0.159011,0.070733,18.587400,0
29.080000,-0.120027,-0.511747,1.735289,-0.173689,-0.466103,-0.159020,0.070448,19.829600,0
29.100000,-0.121675,-0.500650,1.719918,-0.174164,-0.463139,-0.159027,0.064515,19.308800,0
29.120000,-0.121451,-0.501500,1.739842,-0.174640,-0.460175,-0.159031,0.067356,20.237600,0
29.140000,-0.120391,-0.502540,1.720743,-0.175115,-0.457211,-0.159034,0.071059,20.909300,0
29.160000,-0.118883,-0.505855,1.733444,-0.175590,-0.454247,-0.159036,0.076676,21.565100,0
29.180000,-0.121693,-0.496527,1.733764,-0.176066,-0.451284,-0.159037,0.070735,21.839100,0
29.200000,-0.122455,-0.494229,1.723328,-0.176541,-0.448321,-0.159038,0.070942,21.669400,0
29.220000,-0.123785,-0.486836,1.727138,-0.177016,-0.445359,-0.159039,0.067482,22.078500,0
29.240000,-0.127341,-0.487627,1.723665,-0.177492,-0.442396,-0.159040,0.067535,23.725700,0
29.260000,-0.124031,-0.485605,1.726534,-0.177967,-0.439433,-0.159041,0.070999,21.730900,0
29.280000,-0.124003,-0.481594,1.736314,-0.178442,-0.436471,-0.159041,0.070709,22.504000,0
29.300000,-0.123942,-0.478484,1.725467,-0.178917,-0.433509,-0.159042,0.071028,21.008800,0
29.320000,-0.122699,-0.472722,1.731422,-0.179393,-0.430546,-0.159043,0.070661,20.413200,0
29.340000,-0.126246,-0.469441,1.711446,-0.179868,-0.427584,-0.159043,0.068025,21.193900,0
29.360000,-0.125482,-0.470546,1.715376,-0.179938,-0.426889,-0.146440,0.069795,20.257200,0
29.380000,-0.125186,-0.471657,1.686078,-0.179910,-0.426717,-0.126441,0.070812,20.300600,0
29.400000,-0.124410,-0.473898,1.670608,-0.179909,-0.426720,-0.108439,0.072841,20.132500,0
29.420000,-0.125139,-0.470589,1.646917,-0.179907,-0.426722,-0.090450,0.070170,20.424300,0
29.440000,-0.127312,-0.470864,1.627392,-0.179906,-0.426725,-0.072461,0.068661,20.676900,0
29.460000,-0.127236,-0.474781,1.624393,-0.179904,-0.426727,-0.054471,0.071296,20.319100,0
29.480000,-0.128875,-0.461814,1.596323,-0.179903,-0.426728,-0.036482,0.061926,20.734700,0
29.500000,-0.130808,-0.476322,1.593820,-0.179901,-0.426729,-0.018492,0.069783,20.580700,0
29.520000,-0.129390,-0.462532,1.565151,-0.179900,-0.426730,-0.000504,0.061912,20.770000,0
29.540000,-0.128947,-0.471923,1.550860,-0.179899,-0.426731,0.017484,0.068106,20.693400,0
29.560000,-0.130223,-0.477404,1.534335,-0.179898,-0.426732,0.035471,0.070960,21.036700,0
29.580000,-0.131796,-0.466187,1.515644,-0.179813,-0.424575,0.044975,0.063539,20.787900,0
29.600000,-0.129065,-0.456643,1.524664,-0.179676,-0.421575,0.044972,0.061573,20.648600,0
29.620000,-0.131235,-0.459270,1.518918,-0.179539,-0.418575,0.044968,0.063162,20.619900,0
29.640000,-0.128321,-0.456338,1.526237,-0.179403,-0.415575,0.044961,0.065353,20.934900,0
29.660000,-0.129321,-0.452588,1.520692,-0.179267,-0.412576,0.044956,0.063996,21.550100,0
29.680000,-0.130291,-0.454194,1.520267,-0.179132,-0.409578,0.044951,0.066152,21.199000,0
29.700000,-0.130626,-0.451369,1.524270,-0.178996,-0.406579,0.044948,0.065923,22.512800,0
29.720000,-0.130489,-0.448547,1.520431,-0.178861,-0.403581,0.044945,0.066044,24.311000,0
29.740000,-0.129626,-0.445903,1.528912,-0.178726,-0.400583,0.044942,0.066818,24.878800,0
29.760000,-0.130275,-0.437019,1.519940,-0.178592,-0.397586,0.044940,0.062366,22.980700,0
29.780000,-0.128933,-0.433980,1.519436,-0.178457,-0.394588,0.044939,0.063280,21.087200,0
29.800000,-0.129125,-0.432780,1.531290,-0.178322,-0.391591,0.044938,0.064163,21.190500,0
29.820000,-0.128036,-0.434299,1.520638,-0.178187,-0.388593,0.044937,0.067854,20.969300,0
29.840000,-0.128918,-0.428176,1.526919,-0.178052,-0.385596,0.044936,0.065017,21.275500,0
29.860000,-0.128309,-0.425408,1.535338,-0.177917,-0.382599,0.044936,0.065525,21.698300,0
29.880000,-0.130996,-0.426299,1.525149,-0.177783,-0.379602,0.044936,0.066103,20.671300,0
29.900000,-0.129860,-0.421112,1.529203,-0.177648,-0.376605,0.044936,0.065304,20.522600,0
29.920000,-0.131578,-0.415322,1.517806,-0.177513,-0.373608,0.044935,0.062049,21.656700,0
29.940000,-0.130192,-0.415209,1.525946,-0.177379,-0.370610,0.044935,0.064928,20.809700,0
29.960000,-0.130139,-0.409395,1.518725,-0.177244,-0.367613,0.044935,0.062965,19.019700,0
29.980000,-0.126909,-0.399696,1.520277,-0.177109,-0.364616,0.044935,0.061242,19.329700,0
30.000000,-0.126655,-0.406940,1.523824,-0.176974,-0.361619,0.044935,0.067719,19.593800,0
30.020000,-0.125770,-0.398815,1.516036,-0.176840,-0.358622,0.044935,0.064989,20.007800,0
30.040000,-0.126291,-0.398650,1.523533,-0.176705,-0.355625,0.044935,0.066278,21.053700,0
30.060000,-0.127666,-0.395292,1.523344,-0.176570,-0.352628,0.044935,0.064898,20.516400,0
30.080000,-0.126775,-0.395428,1.519749,-0.176435,-0.349631,0.044935,0.067553,20.401700,0
30.100000,-0.126076,-0.390274,1.531017,-0.176301,-0.346634,0.044935,0.066535,20.752100,0
30.120000,-0.124518,-0.383818,1.526764,-0.176166,-0.343637,0.044935,0.065437,20.415300,0
30.140000,-0.127836,-0.377954,1.524518,-0.176031,-0.340640,0.044935,0.060951,20.839000,0
30.160000,-0.129371,-0.381002,1.517682,-0.175896,-0.337643,0.044935,0.063597,20.778000,0
30.180000,-0.128024,-0.378827,1.533276,-0.175762,-0.334646,0.044935,0.065045,20.703600,0
30.200000,-0.128074,-0.377349,1.525988,-0.175627,-0.331649,0.044935,0.065953,20.632800,0
30.220000,-0.126825,-0.378201,1.529414,-0.175492,-0.328652,0.044935,0.069451,20.618000,0
30.240000,-0.126173,-0.369962,1.527037,-0.175357,-0.325656,0.044935,0.066198,20.972800,0
30.260000,-0.125809,-0.371779,1.517721,-0.175223,-0.322659,0.044935,0.069675,20.904300,0
30.280000,-0.126615,-0.367221,1.521102,-0.175088,-0.319662,0.044935,0.067908,21.798600,0
30.300000,-0.125895,-0.364560,1.522857,-0.174953,-0.316665,0.044935,0.068561,21.875900,0
30.320000,-0.124354,-0.357872,1.522213,-0.174818,-0.313668,0.044935,0.067087,21.416900,0
30.340000,-0.126947,-0.353987,1.526290,-0.174684,-0.310671,0.044935,0.064461,20.906500,0
30.360000,-0.123958,-0.339996,1.512680,-0.174549,-0.307674,0.044935,0.060035,20.897100,0
30.380000,-0.125019,-0.352566,1.587633,-0.174414,-0.304677,0.044935,0.068798,20.288000,0
30.400000,-0.123864,-0.352787,1.514319,-0.174279,-0.301680,0.044935,0.071789,20.606500,0
30.420000,-0.124296,-0.344262,1.530075,-0.174145,-0.298683,0.044935,0.067545,20.850700,0
30.440000,-0.124647,-0.341148,1.528534,-0.174010,-0.295686,0.044935,0.067108,20.392400,0
30.460000,-0.122920,-0.334242,1.520621,-0.173875,-0.292689,0.044935,0.065750,21.019600,0
30.480000,-0.121210,-0.333832,1.521182,-0.173740,-0.289692,0.044935,0.068613,20.910900,0
30.500000,-0.122606,-0.329759,1.526593,-0.173606,-0.286695,0.044935,0.066750,20.721100,0
30.520000,-0.122978,-0.329603,1.516267,-0.173471,-0.283698,0.044935,0.068241,20.746600,0
30.540000,-0.125216,-0.332795,1.520847,-0.173336,-0.280701,0.044935,0.070918,21.721600,0
30.560000,-0.121638,-0.323766,1.525629,-0.173201,-0.277704,0.044935,0.069141,21.095800,0
30.580000,-0.122465,-0.319609,1.525859,-0.173067,-0.274707,0.044935,0.067652,20.859600,0
30.600000,-0.122184,-0.318255,1.526527,-0.172932,-0.271710,0.044935,0.068861,20.573100,0
30.620000,-0.122495,-0.311138,1.524942,-0.172797,-0.268713,0.044935,0.065804,20.624100,0
30.640000,-0.121207,-0.306221,1.531444,-0.172662,-0.265716,0.044935,0.065484,20.738400,0
30.660000,-0.121199,-0.308383,1.522622,-0.172527,-0.262719,0.044935,0.068701,20.512200,0
30.680000,-0.118891,-0.305829,1.525541,-0.172393,-0.259722,0.044935,0.070628,20.249500,0
30.700000,-0.120027,-0.300865,1.523762,-0.172258,-0.256725,0.044935,0.068384,20.209100,0
30.720000,-0.119567,-0.300445,1.525145,-0.172123,-0.253728,0.044935,0.070318,19.899700,0
30.740000,-0.120158,-0.295227,1.526665,-0.171988,-0.250731,0.044935,0.068310,19.842000,0
30.760000,-0.120988,-0.290423,1.529986,-0.171854,-0.247734,0.044935,0.066405,19.424500,0
30.780000,-0.119830,-0.286034,1.530951,-0.171719,-0.244737,0.044935,0.066317,20.692200,0
30.800000,-0.119743,-0.284559,1.518364,-0.171584,-0.241740,0.044935,0.067238,21.048200,0
30.820000,-0.120715,-0.284872,1.550478,-0.171449,-0.238743,0.044935,0.068570,22.076600,0
30.840000,-0.119731,-0.282561,1.515904,-0.171315,-0.235746,0.044935,0.069660,21.859400,0
30.860000,-0.119071,-0.282909,1.532877,-0.171180,-0.232749,0.044935,0.072328,21.900400,0
30.880000,-0.119548,-0.269753,1.516900,-0.171045,-0.229752,0.044935,0.065208,21.727500,0
30.900000,-0.119854,-0.263675,1.487261,-0.170910,-0.226755,0.044935,0.063007,21.994200,0
30.920000,-0.119148,-0.268918,1.519296,-0.170776,-0.223758,0.044935,0.068592,22.181600,0
30.940000,-0.120221,-0.263019,1.519271,-0.170641,-0.220761,0.044935,0.065787,20.087400,0
30.960000,-0.119071,-0.262515,1.524306,-0.170506,-0.217765,0.044935,0.068177,18.734600,0
30.980000,-0.117928,-0.256815,1.526124,-0.170371,-0.214768,0.044935,0.067218,19.033000,0
31.000000,-0.116263,-0.256308,1.523203,-0.170237,-0.211771,0.044935,0.069977,19.667200,0
31.020000,-0.115488,-0.252195,1.530728,-0.170102,-0.208774,0.044935,0.069772,20.228000,0
31.040000,-0.116139,-0.245720,1.527454,-0.169967,-0.205777,0.044935,0.067029,19.834300,0
31.060000,-0.116392,-0.249182,1.509678,-0.169832,-0.202780,0.044935,0.070774,20.041700,0
31.080000,-0.115766,-0.244600,1.523429,-0.169698,-0.199783,0.044935,0.070123,19.957000,0
31.100000,-0.117250,-0.244596,1.525548,-0.169563,-0.196786,0.044935,0.070869,20.010500,0
31.120000,-0.116046,-0.236229,1.521463,-0.169428,-0.193789,0.044935,0.068197,20.373000,0
31.140000,-0.115366,-0.229255,1.508848,-0.169293,-0.190792,0.044935,0.066238,20.076600,0
31.160000,-0.115654,-0.225775,1.490033,-0.169158,-0.187795,0.044935,0.065613,20.345600,0
31.180000,-0.116915,-0.231406,1.500309,-0.169024,-0.184798,0.044935,0.069911,20.248300,0
31.200000,-0.116371,-0.226961,1.501238,-0.168889,-0.181801,0.044935,0.069265,20.481800,0
31.220000,-0.116040,-0.220405,1.510988,-0.168754,-0.178804,0.044935,0.067152,20.295500,0
31.240000,-0.114801,-0.217969,1.527021,-0.168619,-0.175807,0.044935,0.068367,20.879900,0
31.260000,-0.115313,-0.211932,1.530585,-0.168485,-0.172810,0.044935,0.066013,20.422400,0
31.280000,-0.116391,-0.214344,1.513872,-0.168350,-0.169813,0.044935,0.068430,21.078400,0
31.300000,-0.113950,-0.210010,1.529979,-0.168215,-0.166816,0.044935,0.069357,20.687000,0
31.320000,-0.112943,-0.212824,1.523115,-0.168080,-0.163819,0.044935,0.073767,20.658700,0
31.340000,-0.113100,-0.208420,1.525225,-0.167946,-0.160822,0.044935,0.072620,19.244000,0
31.360000,-0.115032,-0.205082,1.535347,-0.167811,-0.157825,0.044935,0.070844,19.019100,0
31.380000,-0.115098,-0.198948,1.535249,-0.167676,-0.154828,0.044935,0.068637,19.344000,0
31.400000,-0.113573,-0.198045,1.539290,-0.167541,-0.151831,0.044935,0.071051,19.060700,0
31.420000,-0.113927,-0.191399,1.522015,-0.167407,-0.148834,0.044935,0.068351,19.010500,0
31.440000,-0.113790,-0.187798,1.522194,-0.167272,-0.145837,0.044935,0.067978,19.607000,0
31.460000,-0.112609,-0.186600,1.518361,-0.167137,-0.142840,0.044935,0.069916,18.777200,0
31.480000,-0.112311,-0.179774,1.531926,-0.167002,-0.139843,0.044935,0.067717,24.275900,0
31.500000,-0.112325,-0.179945,1.529338,-0.166868,-0.136846,0.044935,0.069516,24.539100,0
31.520000,-0.112907,-0.174858,1.517802,-0.166733,-0.133849,0.044935,0.067668,22.981300,0
31.540000,-0.111531,-0.172252,1.522507,-0.166598,-0.130852,0.044935,0.068893,24.298400,0
31.560000,-0.112956,-0.169540,1.526609,-0.166463,-0.127855,0.044935,0.067828,22.781500,0
31.580000,-0.113844,-0.171306,1.518039,-0.166329,-0.124858,0.044935,0.070086,21.940100,0
31.600000,-0.112925,-0.174641,1.528480,-0.166194,-0.121861,0.044935,0.074989,20.655100,0
31.620000,-0.111458,-0.161284,1.521034,-0.166059,-0.118864,0.044935,0.069143,19.997100,0
31.640000,-0.111327,-0.153997,1.524031,-0.165924,-0.115867,0.044935,0.066593,20.735600,0
31.660000,-0.111601,-0.156676,1.534926,-0.165789,-0.112871,0.044935,0.069679,20.465600,0
31.680000,-0.110192,-0.149575,1.514476,-0.165655,-0.109874,0.044935,0.068208,20.433000,0
31.700000,-0.108960,-0.144035,1.525957,-0.165520,-0.106877,0.044935,0.067674,21.594800,0
31.720000,-0.109284,-0.142148,1.528464,-0.165385,-0.103880,0.044935,0.067910,21.732200,0
31.740000,-0.109288,-0.139787,1.522614,-0.165250,-0.100883,0.044935,0.068156,22.602800,0
31.760000,-0.110418,-0.139704,1.516267,-0.165116,-0.097886,0.044935,0.068853,22.025600,0
31.780000,-0.110784,-0.163074,1.608635,-0.164981,-0.094889,0.044935,0.087100,22.386700,0
31.800000,-0.108176,-0.130170,1.519431,-0.164846,-0.091892,0.044935,0.068386,22.056300,0
31.820000,-0.109800,-0.142029,1.503210,-0.164814,-0.091006,0.054966,0.075033,22.389000,0
31.840000,-0.108092,-0.125553,1.496862,-0.164804,-0.090833,0.074963,0.066496,22.390700,0
31.860000,-0.110035,-0.133187,1.468459,-0.164804,-0.090824,0.093088,0.069241,22.118000,0
31.880000,-0.110764,-0.133111,1.443792,-0.164803,-0.090828,0.111077,0.068615,21.837700,0
31.900000,-0.112965,-0.136139,1.440350,-0.164802,-0.090832,0.129084,0.068846,22.351700,0
31.920000,-0.111092,-0.131395,1.411404,-0.164801,-0.090838,0.147117,0.067302,22.706100,0
31.940000,-0.113160,-0.130570,1.397865,-0.164800,-0.090845,0.165160,0.065152,22.020200,0
31.960000,-0.114782,-0.134194,1.371138,-0.164799,-0.090851,0.183207,0.066184,22.384900,0
31.980000,-0.114802,-0.134747,1.349598,-0.164798,-0.090858,0.201254,0.066527,22.541900,0
32.000000,-0.115615,-0.133543,1.363273,-0.164797,-0.090864,0.219298,0.065118,22.161400,0
32.020000,-0.116948,-0.133072,1.347700,-0.164246,-0.088516,0.226016,0.064979,20.571300,0
32.040000,-0.115575,-0.125129,1.340819,-0.163571,-0.085589,0.226016,0.062186,20.175100,0
32.060000,-0.114343,-0.127412,1.338643,-0.162897,-0.082663,0.226013,0.066030,20.083400,0
32.080000,-0.113154,-0.120819,1.336816,-0.162223,-0.079737,0.226008,0.063996,21.356800,0
32.100000,-0.111767,-0.116398,1.334352,-0.161550,-0.076811,0.226004,0.063604,21.339600,0
32.120000,-0.109815,-0.111772,1.326496,-0.160877,-0.073886,0.226001,0.063582,21.243600,0
32.140000,-0.109618,-0.107761,1.293965,-0.160204,-0.070961,0.225998,0.062555,20.761400,0
32.160000,-0.106010,-0.102181,1.318152,-0.159532,-0.068036,0.225995,0.063486,20.896900,0
32.180000,-0.106790,-0.105154,1.325364,-0.158860,-0.065112,0.225993,0.065686,22.522100,0
32.200000,-0.107264,-0.101168,1.309930,-0.158187,-0.062187,0.225991,0.064130,24.235200,0
32.220000,-0.104623,-0.095120,1.318969,-0.157515,-0.059263,0.225990,0.063900,20.451700,0
32.240000,-0.104822,-0.093406,1.310708,-0.156843,-0.056339,0.225989,0.063876,20.430900,0
32.260000,-0.105029,-0.088903,1.316763,-0.156171,-0.053415,0.225988,0.062248,20.972900,0
32.280000,-0.104157,-0.091177,1.327061,-0.155498,-0.050491,0.225988,0.065507,21.036400,0
32.300000,-0.104151,-0.089914,1.325542,-0.154826,-0.047567,0.225988,0.066040,21.379100,0
32.320000,-0.101280,-0.083399,1.313567,-0.154154,-0.044643,0.225987,0.065557,20.689100,0
32.340000,-0.103646,-0.081634,1.320067,-0.153482,-0.041719,0.225987,0.063850,21.204500,0
32.360000,-0.103874,-0.081719,1.322702,-0.152810,-0.038795,0.225987,0.065094,20.456400,0
32.380000,-0.102976,-0.079237,1.319648,-0.152138,-0.035872,0.225987,0.065555,20.806000,0
32.400000,-0.103093,-0.081815,1.346212,-0.151465,-0.032948,0.225987,0.068760,20.701800,0
32.420000,-0.100342,-0.069892,1.318470,-0.151367,-0.032292,0.239012,0.063382,20.381800,0
32.440000,-0.101242,-0.083427,1.319488,-0.151329,-0.032139,0.258823,0.071688,20.936600,0
32.460000,-0.098631,-0.073706,1.288113,-0.151329,-0.032142,0.276825,0.067116,20.521800,0
32.480000,-0.102851,-0.080004,1.281171,-0.151329,-0.032146,0.294821,0.068121,19.820100,0
32.500000,-0.101916,-0.076374,1.236615,-0.151328,-0.032150,0.312827,0.066312,21.643100,0
32.520000,-0.102895,-0.073015,1.234443,-0.151328,-0.032154,0.330838,0.063367,22.409500,0
32.540000,-0.103473,-0.076064,1.219199,-0.151327,-0.032158,0.348853,0.064944,22.497100,0
32.560000,-0.104729,-0.077394,1.194086,-0.151326,-0.032162,0.366869,0.064940,22.632200,0
32.580000,-0.102915,-0.071466,1.166775,-0.151326,-0.032166,0.384885,0.062355,22.560300,0
32.600000,-0.104732,-0.073740,1.145046,-0.151325,-0.032170,0.402901,0.062442,23.953700,0
32.620000,-0.105031,-0.072411,1.138935,-0.151324,-0.032174,0.420915,0.061336,23.085500,0
32.640000,-0.101025,-0.065668,1.130052,-0.151323,-0.032177,0.438927,0.060428,22.837700,0
32.660000,-0.106399,-0.074332,1.116947,-0.151322,-0.032180,0.456938,0.061602,23.253200,0
32.680000,-0.107057,-0.075935,1.100468,-0.151321,-0.032184,0.474947,0.062237,24.309700,0
32.700000,-0.104340,-0.065552,1.093597,-0.150091,-0.029795,0.478516,0.058066,23.056600,0
32.720000,-0.106571,-0.070686,1.091048,-0.148707,-0.027129,0.478514,0.060602,23.710800,0
32.740000,-0.104276,-0.065299,1.082054,-0.147324,-0.024463,0.478510,0.059336,22.910400,0
32.760000,-0.101595,-0.062977,1.082962,-0.145941,-0.021798,0.478504,0.060517,23.558700,0
32.780000,-0.100119,-0.056842,1.080537,-0.144559,-0.019133,0.478499,0.058282,22.735900,0
32.800000,-0.099640,-0.056691,1.100715,-0.143177,-0.016468,0.478495,0.059274,22.746100,0
32.820000,-0.096381,-0.052109,1.088451,-0.141795,-0.013803,0.478491,0.059412,21.775000,0
32.840000,-0.098190,-0.054908,1.086423,-0.140413,-0.011139,0.478488,0.060815,19.914300,0
32.860000,-0.097346,-0.049747,1.087930,-0.139032,-0.008475,0.478486,0.058661,22.904000,0
32.880000,-0.096275,-0.048508,1.092802,-0.137650,-0.005812,0.478484,0.059455,22.591000,0
32.900000,-0.092570,-0.042947,1.093283,-0.136269,-0.003148,0.478483,0.059106,22.741800,0
32.920000,-0.087778,-0.034581,1.086212,-0.134888,-0.000484,0.478482,0.058155,22.052600,0
32.940000,-0.089280,-0.032208,1.097057,-0.133506,0.002179,0.478481,0.056021,22.746000,0
32.960000,-0.087760,-0.033337,1.094232,-0.132125,0.004842,0.478481,0.058531,22.503700,0
32.980000,-0.087421,-0.034153,1.095190,-0.130744,0.007506,0.478480,0.060103,22.313200,0
33.000000,-0.082972,-0.028086,1.094877,-0.129362,0.010169,0.478480,0.060129,22.354700,0
33.020000,-0.083655,-0.029388,1.086917,-0.127981,0.012832,0.478480,0.061215,22.681600,0
33.040000,-0.081990,-0.022925,1.092752,-0.126600,0.015496,0.478480,0.058875,22.859400,0
33.060000,-0.079279,-0.020538,1.096996,-0.125219,0.018159,0.478479,0.060066,22.615600,0
33.080000,-0.079456,-0.019669,1.090003,-0.123837,0.020822,0.478479,0.060077,22.761400,0
33.100000,-0.075081,-0.014816,1.094735,-0.122456,0.023485,0.478479,0.060922,22.302300,0
33.120000,-0.074774,-0.012166,1.091340,-0.121075,0.026148,0.478479,0.060098,22.193500,0
33.140000,-0.073295,-0.007449,1.086673,-0.119693,0.028811,0.478479,0.058886,22.252500,0
33.160000,-0.072859,-0.007926,1.091342,-0.118312,0.031475,0.478479,0.060154,22.020200,0
33.180000,-0.070828,-0.005407,1.087077,-0.116931,0.034138,0.478479,0.060739,22.360800,0
33.200000,-0.069369,-0.003136,1.074488,-0.115550,0.036801,0.478479,0.061055,22.475000,0
33.220000,-0.067730,0.003124,1.063176,-0.114168,0.039464,0.478479,0.058966,23.228600,0
33.240000,-0.067716,0.004505,1.075245,-0.112787,0.042127,0.478479,0.058710,22.563600,0
33.260000,-0.065806,0.006236,1.051206,-0.111406,0.044790,0.478479,0.059714,22.544600,0
33.280000,-0.059106,0.016415,1.045876,-0.110024,0.047453,0.478479,0.059633,22.792700,0
33.300000,-0.061953,0.011608,1.058110,-0.108643,0.050116,0.478479,0.060522,21.793000,0
33.320000,-0.062250,0.011118,1.067455,-0.107262,0.052779,0.478479,0.061333,22.596200,0
33.340000,-0.062364,0.011258,1.083474,-0.105881,0.055442,0.478479,0.062016,22.896000,0
33.360000,-0.060161,0.015520,1.087292,-0.104499,0.058106,0.478479,0.061477,22.010000,0
33.380000,-0.056595,0.022556,1.084764,-0.103118,0.060769,0.478479,0.060205,22.826900,0
33.400000,-0.054648,0.026394,1.088799,-0.101737,0.063432,0.478479,0.059910,22.339300,0
33.420000,-0.052898,0.028804,1.094701,-0.100355,0.066095,0.478479,0.060356,22.558600,0
33.440000,-0.053494,0.028856,1.090379,-0.098974,0.068758,0.478479,0.060503,22.022600,0
33.460000,-0.050791,0.033588,1.080535,-0.097593,0.071421,0.478479,0.060181,21.968900,0
33.480000,-0.049911,0.035255,1.091003,-0.096212,0.074084,0.478479,0.060428,22.147400,0
33.500000,-0.048376,0.036149,1.076857,-0.094830,0.076747,0.478479,0.061694,21.247200,0
33.520000,-0.047073,0.038428,1.103029,-0.093449,0.079410,0.478479,0.061889,19.030700,0
33.540000,-0.048110,0.038308,1.096226,-0.092068,0.082073,0.478479,0.062030,18.758900,0
33.560000,-0.043566,0.044066,1.086987,-0.090686,0.084736,0.478479,0.062244,18.858800,0
33.580000,-0.040098,0.049562,1.073683,-0.089305,0.087400,0.478479,0.062073,18.682400,0
33.600000,-0.042072,0.043821,1.070791,-0.087924,0.090063,0.478479,0.065121,19.120300,0
33.620000,-0.036827,0.054671,1.068509,-0.086543,0.092726,0.478479,0.062609,18.943200,0
33.640000,-0.037820,0.052294,1.055924,-0.085161,0.095389,0.478479,0.064018,19.496800,0
33.660000,-0.034634,0.060645,1.068081,-0.083780,0.098052,0.478479,0.061763,18.742300,0
33.680000,-0.031492,0.064442,1.067912,-0.082399,0.100715,0.478479,0.062508,19.708200,0
33.700000,-0.030669,0.065856,1.067684,-0.081017,0.103378,0.478479,0.062792,20.406300,0
33.720000,-0.029186,0.069561,1.059245,-0.079636,0.106041,0.478479,0.062258,20.744900,0
33.740000,-0.025295,0.074000,1.082001,-0.079619,0.106463,0.461008,0.063285,20.849800,0
33.760000,-0.030333,0.069315,1.097651,-0.079616,0.106472,0.442873,0.061721,20.943700,0
33.780000,-0.031234,0.068124,1.124486,-0.079618,0.106469,0.424884,0.061736,20.827800,0
33.800000,-0.027600,0.077665,1.134110,-0.079620,0.106467,0.406893,0.059461,20.976300,0
33.820000,-0.032560,0.061312,1.159437,-0.079623,0.106465,0.388900,0.065221,21.232600,0
33.840000,-0.029750,0.069324,1.157818,-0.079626,0.106464,0.370906,0.062185,21.201400,0
33.860000,-0.032310,0.063681,1.196296,-0.079628,0.106463,0.352913,0.063791,21.194800,0
33.880000,-0.029702,0.068931,1.196549,-0.078615,0.108694,0.351931,0.063036,20.248500,0
33.900000,-0.026668,0.068859,1.196167,-0.077580,0.111513,0.351932,0.066418,19.453000,0
33.920000,-0.024596,0.076849,1.188279,-0.076545,0.114332,0.351938,0.064060,19.384400,0
33.940000,-0.025226,0.076872,1.190908,-0.075509,0.117150,0.351942,0.064426,18.917800,0
33.960000,-0.023091,0.082259,1.183351,-0.074474,0.119968,0.351945,0.063735,19.423900,0
33.980000,-0.023020,0.083700,1.172092,-0.073440,0.122785,0.351947,0.063795,18.917600,0
34.000000,-0.020663,0.087438,1.196442,-0.072405,0.125602,0.351949,0.064294,19.162800,0
34.020000,-0.019946,0.084611,1.199531,-0.071370,0.128419,0.351950,0.067554,18.782800,0
34.040000,-0.020051,0.087485,1.190562,-0.070336,0.131236,0.351951,0.066654,18.903500,0
34.060000,-0.018219,0.092906,1.190720,-0.069301,0.134052,0.351952,0.065592,19.492900,0
34.080000,-0.017600,0.100636,1.194908,-0.068267,0.136869,0.351953,0.062290,19.280100,0
34.100000,-0.017230,0.099394,1.196499,-0.067232,0.139685,0.351953,0.064215,19.267600,0
34.120000,-0.010725,0.108983,1.193415,-0.066198,0.142502,0.351953,0.064813,19.078100,0
34.140000,-0.011437,0.106720,1.191138,-0.065163,0.145318,0.351954,0.066154,18.775000,0
34.160000,-0.012902,0.106496,1.182011,-0.064129,0.148134,0.351954,0.066015,19.363700,0
34.180000,-0.010436,0.113593,1.188869,-0.063095,0.150950,0.351954,0.064564,19.661500,0
34.200000,-0.010681,0.115857,1.184729,-0.062060,0.153767,0.351954,0.063851,19.862900,0
34.220000,-0.010382,0.116363,1.185352,-0.061026,0.156583,0.351954,0.064672,19.934200,0
34.240000,-0.006987,0.124800,1.194551,-0.059992,0.159399,0.351954,0.063298,19.792800,0
34.260000,-0.009005,0.116044,1.221323,-0.059940,0.159896,0.335759,0.067211,19.407400,0
34.280000,-0.006251,0.118144,1.225273,-0.059959,0.159984,0.316677,0.068082,20.213300,0
34.300000,-0.005046,0.120456,1.243471,-0.059961,0.159981,0.298690,0.067660,21.110800,0
34.320000,-0.002618,0.125497,1.258249,-0.059963,0.159979,0.280700,0.066914,21.508500,0
34.340000,-0.007281,0.113217,1.279798,-0.059965,0.159977,0.262709,0.070442,21.564200,0
34.360000,-0.003385,0.118329,1.291253,-0.059967,0.159976,0.244718,0.070257,21.905600,0
34.380000,-0.003564,0.122389,1.314243,-0.059969,0.159974,0.226727,0.067780,21.318200,0
34.400000,-0.003137,0.123798,1.343241,-0.059971,0.159974,0.208736,0.067370,22.197300,0
34.420000,-0.006885,0.114444,1.350797,-0.059974,0.159973,0.190745,0.069939,22.435600,0
34.440000,-0.002996,0.119336,1.383208,-0.059976,0.159972,0.172755,0.069986,22.060300,0
34.460000,-0.003122,0.115621,1.393611,-0.059978,0.159972,0.154766,0.072108,21.785000,0
34.480000,-0.001801,0.120808,1.391918,-0.059600,0.162263,0.147071,0.071129,21.865300,0
34.500000,-0.003066,0.121039,1.412979,-0.059161,0.165234,0.147074,0.071413,24.191200,0
34.520000,-0.000955,0.127339,1.419413,-0.058723,0.168206,0.147083,0.070762,21.818200,0
34.540000,-0.001448,0.128014,1.415375,-0.058283,0.171176,0.147090,0.071367,22.425900,0
34.560000,0.000627,0.133352,1.432172,-0.057844,0.174146,0.147095,0.071295,21.949300,0
34.580000,0.002252,0.135147,1.405396,-0.057404,0.177116,0.147099,0.072940,22.169700,0
34.600000,0.001914,0.141540,1.400683,-0.056965,0.180085,0.147102,0.070374,21.905000,0
34.620000,0.004511,0.140066,1.421917,-0.056906,0.180801,0.134775,0.073698,21.974200,0
34.640000,0.004948,0.142933,1.425307,-0.056932,0.180975,0.114772,0.072639,22.419100,0
34.660000,0.001775,0.130441,1.447275,-0.056933,0.180972,0.096779,0.077459,22.101100,0
34.680000,0.004852,0.145378,1.469107,-0.056934,0.180970,0.078792,0.071304,22.532200,0
34.700000,0.002843,0.135996,1.502322,-0.056936,0.180967,0.060804,0.074806,22.689800,0
34.720000,0.002709,0.139413,1.507548,-0.056936,0.180966,0.042815,0.072692,22.225200,0
34.740000,0.002749,0.143806,1.523291,-0.056937,0.180964,0.024827,0.070307,22.328600,0
34.760000,0.003816,0.137009,1.532586,-0.056938,0.180963,0.006839,0.074987,22.228400,0
34.780000,0.004934,0.138187,1.549608,-0.056913,0.183076,-0.003168,0.076420,22.136800,0
34.800000,0.005344,0.144598,1.550087,-0.056925,0.186079,-0.003166,0.074821,21.597200,0
34.820000,0.006635,0.146875,1.530378,-0.056936,0.189082,-0.003162,0.076307,19.319100,0
34.840000,0.005683,0.148683,1.564147,-0.056947,0.192085,-0.003156,0.076199,18.706500,0
34.860000,0.007177,0.156513,1.571560,-0.056958,0.195087,-0.003152,0.074842,19.306500,0
34.880000,0.006164,0.162621,1.579972,-0.056968,0.198088,-0.003148,0.072412,19.714900,0
34.900000,0.006522,0.167912,1.575579,-0.056978,0.201090,-0.003145,0.071646,20.776400,0
34.920000,0.006369,0.168038,1.577233,-0.056987,0.204091,-0.003142,0.072896,20.036500,0
34.940000,0.007798,0.165770,1.570781,-0.056997,0.207091,-0.003140,0.076850,20.113100,0
34.960000,0.006821,0.169112,1.569552,-0.057006,0.210092,-0.003139,0.075850,20.171800,0
34.980000,0.008092,0.169598,1.568001,-0.057015,0.213093,-0.003137,0.078300,20.301200,0
35.000000,0.004363,0.171617,1.576671,-0.057025,0.216093,-0.003136,0.075806,20.025400,0
35.020000,0.007027,0.175136,1.573015,-0.057034,0.219093,-0.003136,0.077692,20.089300,0
35.040000,0.006595,0.177402,1.562529,-0.057043,0.222094,-0.003135,0.077763,20.009700,0
35.060000,0.007548,0.181443,1.574620,-0.057052,0.225094,-0.003135,0.077966,20.255200,0
35.080000,0.006621,0.183092,1.569406,-0.057062,0.228094,-0.003134,0.077979,20.328100,0
35.100000,0.007861,0.187458,1.572449,-0.057071,0.231094,-0.003134,0.078232,20.289600,0
35.120000,0.008136,0.195489,1.574558,-0.057080,0.234094,-0.003134,0.075785,20.431100,0
35.140000,0.008587,0.199454,1.577814,-0.057090,0.237094,-0.003134,0.075699,20.497800,0
35.160000,0.008495,0.197420,1.576123,-0.057099,0.240094,-0.003134,0.078254,20.861500,0
35.180000,0.006921,0.201865,1.532300,-0.057108,0.243094,-0.003134,0.076155,20.407900,0
35.200000,0.006773,0.206928,1.563237,-0.057110,0.244048,-0.012225,0.073885,20.653800,0
35.220000,0.007540,0.198975,1.585554,-0.057113,0.244222,-0.032222,0.078913,20.268600,0
35.240000,0.009357,0.208854,1.593376,-0.057114,0.244231,-0.050359,0.075299,20.245900,0
35.260000,0.008854,0.199307,1.623782,-0.057115,0.244228,-0.068348,0.079811,20.353500,0
35.280000,0.008089,0.200272,1.636134,-0.057116,0.244225,-0.086337,0.078636,20.120800,0
35.300000,0.010102,0.199228,1.646133,-0.057117,0.244223,-0.104327,0.080889,19.284400,0
35.320000,0.010735,0.193092,1.679342,-0.057369,0.246462,-0.112775,0.086525,18.954800,0
35.340000,0.009082,0.206772,1.674361,-0.057709,0.249445,-0.112773,0.079259,18.721400,0
35.360000,0.009847,0.206590,1.676446,-0.058049,0.252428,-0.112770,0.081920,18.984800,0
35.380000,0.010717,0.211165,1.670294,-0.058388,0.255411,-0.112767,0.082056,19.031000,0
35.400000,0.011244,0.212902,1.696794,-0.058727,0.258394,-0.112765,0.083459,21.235300,0
35.420000,0.008442,0.225255,1.665290,-0.059065,0.261376,-0.112762,0.076563,21.584300,0
35.440000,0.007043,0.221849,1.653424,-0.059403,0.264358,-0.112761,0.078880,22.118200,0
35.460000,0.008044,0.223640,1.661158,-0.059741,0.267340,-0.112759,0.080650,21.646900,0
35.480000,0.005917,0.229905,1.663821,-0.060079,0.270322,-0.112758,0.077389,20.285100,0
35.500000,0.005960,0.232280,1.653282,-0.060417,0.273303,-0.112757,0.078031,18.874200,0
35.520000,0.006748,0.235563,1.663838,-0.060754,0.276284,-0.112756,0.078833,18.932600,0
35.540000,0.006559,0.240482,1.638765,-0.061092,0.279266,-0.112756,0.077980,20.275500,0
35.560000,0.008488,0.240311,1.658573,-0.061430,0.282247,-0.112755,0.081530,20.396600,0
35.580000,0.006233,0.246174,1.657265,-0.061767,0.285228,-0.112755,0.078416,20.278700,0
35.600000,0.006592,0.243317,1.657755,-0.062105,0.288209,-0.112755,0.082064,19.826500,0
35.620000,0.006550,0.251305,1.660689,-0.062442,0.291190,-0.112755,0.079691,19.963400,0
35.640000,0.005196,0.246775,1.667991,-0.062780,0.294171,-0.112754,0.082868,20.159000,0
35.660000,0.006231,0.250092,1.674817,-0.062847,0.294966,-0.124009,0.082374,20.544800,0
35.680000,0.006223,0.255677,1.706329,-0.062869,0.295138,-0.144007,0.079567,19.837400,0
35.700000,0.007436,0.252673,1.710854,-0.062869,0.295138,-0.162030,0.082135,21.377400,0
35.720000,0.007083,0.258475,1.732934,-0.062870,0.295134,-0.180018,0.078977,22.942600,0
35.740000,0.008389,0.247499,1.748526,-0.062870,0.295130,-0.198022,0.085712,22.045700,0
35.760000,0.008585,0.249468,1.769289,-0.062871,0.295126,-0.216038,0.084798,22.166900,0
35.780000,0.008250,0.253084,1.773775,-0.063413,0.297469,-0.222826,0.084295,22.180700,0
35.800000,0.005925,0.258153,1.773999,-0.064078,0.300397,-0.222825,0.081762,22.541700,0
35.820000,0.004815,0.259277,1.774686,-0.064743,0.303325,-0.222823,0.082331,21.926300,0
35.840000,0.006367,0.262680,1.786510,-0.065407,0.306253,-0.222820,0.083964,22.490300,0
35.860000,0.006878,0.260769,1.789310,-0.066071,0.309180,-0.222817,0.087551,22.331300,0
35.880000,0.008559,0.266933,1.802272,-0.066735,0.312107,-0.222815,0.087806,22.387500,0
35.900000,0.005999,0.276251,1.802172,-0.067399,0.315034,-0.222813,0.083015,22.284200,0
35.920000,0.005021,0.277070,1.796941,-0.068062,0.317960,-0.222812,0.083744,22.065700,0
35.940000,0.005613,0.275948,1.783342,-0.068725,0.320887,-0.222810,0.086866,21.560300,0
35.960000,0.005416,0.279812,1.774448,-0.069388,0.323813,-0.222809,0.086786,22.301700,0
35.980000,0.004659,0.277996,1.766743,-0.070051,0.326740,-0.222809,0.089205,22.165700,0
36.000000,0.004046,0.281436,1.767591,-0.070714,0.329666,-0.222808,0.088967,21.761300,0
36.020000,0.002343,0.287357,1.773126,-0.071377,0.332592,-0.222808,0.086491,19.875500,0
36.040000,0.000129,0.291370,1.760372,-0.072040,0.335518,-0.222808,0.084602,18.878500,0
36.060000,-0.001482,0.298235,1.766972,-0.072703,0.338444,-0.222807,0.081788,18.988400,0
36.080000,-0.000149,0.299564,1.765532,-0.073366,0.341370,-0.222807,0.084312,19.247900,0
36.100000,-0.000007,0.297945,1.783160,-0.074029,0.344296,-0.222807,0.087337,19.883400,0
36.120000,-0.000214,0.303543,1.790095,-0.074692,0.347222,-0.222807,0.086342,19.671800,0
36.140000,-0.000247,0.311530,1.798309,-0.075355,0.350148,-0.222807,0.084454,19.981500,0
36.160000,-0.003416,0.323607,1.793580,-0.076018,0.353074,-0.222807,0.078354,19.946900,0
36.180000,-0.001185,0.313224,1.791990,-0.076680,0.356000,-0.222807,0.086771,19.870100,0
36.200000,-0.002184,0.315729,1.772197,-0.077343,0.358926,-0.222807,0.086689,20.009800,0
36.220000,-0.002480,0.316337,1.780703,-0.077442,0.359589,-0.235729,0.086545,19.764700,0
36.240000,-0.004499,0.322985,1.802894,-0.077480,0.359743,-0.255555,0.081715,19.877900,0
36.260000,-0.001121,0.311233,1.810108,-0.077480,0.359741,-0.273562,0.090464,21.766600,0
36.280000,-0.002338,0.324006,1.851512,-0.077480,0.359737,-0.291561,0.083204,19.306200,0
36.300000,-0.000959,0.313569,1.860768,-0.077481,0.359732,-0.309569,0.089368,19.221800,0
36.320000,-0.002188,0.319756,1.878034,-0.077481,0.359728,-0.327582,0.085246,18.926700,0
36.340000,0.002009,0.314436,1.890143,-0.077482,0.359724,-0.345598,0.091487,20.478400,0
36.360000,-0.001666,0.324059,1.915078,-0.077483,0.359720,-0.363616,0.083785,21.978500,0
36.380000,-0.002468,0.324670,1.909803,-0.078404,0.362136,-0.368309,0.084676,21.675500,0
36.400000,-0.002262,0.325836,1.909334,-0.079487,0.364938,-0.368311,0.086560,22.250500,0
36.420000,-0.004026,0.326241,1.905816,-0.080569,0.367739,-0.368309,0.087069,21.697200,0
36.440000,-0.002462,0.324453,1.913831,-0.081650,0.370540,-0.368305,0.091623,21.625200,0
36.460000,-0.004221,0.333579,1.914405,-0.082731,0.373340,-0.368301,0.088004,22.077100,0
36.480000,-0.004270,0.333612,1.909116,-0.083812,0.376140,-0.368299,0.090198,22.335400,0
36.500000,-0.007028,0.341157,1.907478,-0.084892,0.378940,-0.368296,0.086546,22.343300,0
36.520000,-0.007337,0.339413,1.908827,-0.085973,0.381740,-0.368294,0.089304,21.981900,0
36.540000,-0.012113,0.347520,1.928482,-0.087053,0.384539,-0.368293,0.083585,23.658600,0
36.560000,-0.012301,0.350214,1.921587,-0.088133,0.387339,-0.368291,0.084432,22.482700,0
36.580000,-0.013401,0.352200,1.907437,-0.089214,0.390138,-0.368290,0.084776,22.411800,0
36.600000,-0.011212,0.351549,1.908331,-0.090294,0.392937,-0.368290,0.089257,22.362600,0
36.620000,-0.012755,0.357169,1.904124,-0.091374,0.395737,-0.368289,0.087569,22.605500,0
36.640000,-0.012122,0.354770,1.903493,-0.092454,0.398536,-0.368289,0.091480,22.290900,0
36.660000,-0.015128,0.361506,1.918376,-0.093534,0.401335,-0.368289,0.087943,22.221800,0
36.680000,-0.013659,0.362321,1.900129,-0.094614,0.404134,-0.368288,0.091116,20.455800,0
36.700000,-0.015347,0.359573,1.924147,-0.095694,0.406933,-0.368288,0.093266,19.478500,0
36.720000,-0.018787,0.369815,1.918502,-0.096774,0.409732,-0.368288,0.087609,18.222800,0
36.740000,-0.018073,0.369445,1.903890,-0.097854,0.412531,-0.368288,0.090672,18.893500,0
36.760000,-0.021719,0.378223,1.924177,-0.098934,0.415329,-0.368288,0.085668,19.195800,0
36.780000,-0.020278,0.374688,1.906980,-0.100014,0.418128,-0.368288,0.090801,19.319100,0
36.800000,-0.021379,0.371722,1.931290,-0.100204,0.418620,-0.383358,0.091721,20.049900,0
36.820000,-0.020065,0.372748,1.961739,-0.100239,0.418704,-0.402419,0.092411,21.638300,0
36.840000,-0.022011,0.380491,1.959225,-0.100238,0.418701,-0.420412,0.087060,21.819100,0
36.860000,-0.021744,0.375513,1.991910,-0.100238,0.418697,-0.438410,0.089588,21.878000,0
36.880000,-0.022937,0.377428,2.014329,-0.100238,0.418693,-0.456413,0.087626,21.626600,0
36.900000,-0.018368,0.376830,2.025320,-0.100238,0.418689,-0.474419,0.091950,21.503200,0
36.920000,-0.018645,0.380754,2.055757,-0.100239,0.418685,-0.492427,0.089980,21.720400,0
36.940000,-0.017198,0.376330,2.071354,-0.100239,0.418682,-0.510436,0.093217,21.583900,0
36.960000,-0.018629,0.382098,2.064659,-0.100240,0.418678,-0.528444,0.089434,22.726400,0
36.980000,-0.020065,0.383427,2.071777,-0.101611,0.421025,-0.531664,0.089796,22.282800,0
37.000000,-0.020592,0.384058,2.068306,-0.103134,0.423613,-0.531663,0.091530,22.518500,0
37.020000,-0.019225,0.387082,2.070919,-0.104657,0.426201,-0.531659,0.093963,22.120100,0
37.040000,-0.016321,0.386217,2.065324,-0.106180,0.428789,-0.531655,0.099433,21.591300,0
37.060000,-0.018868,0.391631,2.074229,-0.107702,0.431377,-0.531651,0.097321,22.171000,0
37.080000,-0.022905,0.392474,2.084331,-0.109223,0.433964,-0.531648,0.095772,22.036100,0
37.100000,-0.023846,0.393221,2.068256,-0.110745,0.436551,-0.531646,0.097102,22.566100,0
37.120000,-0.026555,0.398391,2.073126,-0.112266,0.439138,-0.531644,0.094904,22.558600,0
37.140000,-0.031522,0.401816,2.084091,-0.113787,0.441725,-0.531642,0.091435,21.856000,0
37.160000,-0.034683,0.407137,2.082941,-0.115308,0.444311,-0.531641,0.088783,19.815500,0
37.180000,-0.032087,0.407149,2.076546,-0.116829,0.446898,-0.531640,0.093601,18.751700,0
37.200000,-0.032224,0.410794,2.073520,-0.118350,0.449484,-0.531639,0.094418,18.800500,0
37.220000,-0.033089,0.415634,2.078181,-0.119871,0.452070,-0.531639,0.094121,18.678400,0
37.240000,-0.033847,0.411838,2.075533,-0.121392,0.454656,-0.531638,0.097455,19.339400,0
37.260000,-0.039905,0.419286,2.100262,-0.121602,0.455014,-0.548277,0.089168,18.977300,0
37.280000,-0.036130,0.419204,2.124038,-0.121628,0.455053,-0.566841,0.092709,19.342700,0
37.300000,-0.035413,0.416832,2.159920,-0.121627,0.455050,-0.584828,0.094305,19.930200,0
37.320000,-0.034507,0.417101,2.150555,-0.121626,0.455047,-0.602821,0.095024,19.419600,0
37.340000,-0.032608,0.416337,2.167352,-0.121625,0.455043,-0.620818,0.097068,19.460900,0
37.360000,-0.031895,0.414540,2.197016,-0.121625,0.455040,-0.638818,0.098446,19.891900,0
37.380000,-0.027473,0.410239,2.189673,-0.121625,0.455037,-0.656819,0.104266,19.900100,0
37.400000,-0.031250,0.418165,2.225262,-0.121626,0.455034,-0.674820,0.097607,19.421300,0
37.420000,-0.030019,0.417581,2.247149,-0.121626,0.455031,-0.692822,0.098966,20.121900,0
37.440000,-0.032070,0.419912,2.272047,-0.121626,0.455028,-0.710823,0.096194,19.908100,0
37.460000,-0.030942,0.419644,2.305766,-0.121627,0.455026,-0.728823,0.097343,19.746000,0
37.480000,-0.032617,0.421821,2.293064,-0.121627,0.455023,-0.746822,0.095001,19.964100,0
37.500000,-0.032882,0.420857,2.320846,-0.121628,0.455020,-0.764820,0.095095,20.608400,0
37.520000,-0.031207,0.419832,2.344445,-0.121629,0.455018,-0.782817,0.097027,19.667200,0
37.540000,-0.032110,0.422647,2.363096,-0.121630,0.455016,-0.800813,0.095192,19.637600,0
37.560000,-0.026820,0.418029,2.365235,-0.121630,0.455013,-0.818809,0.101769,19.853700,0
37.580000,-0.030078,0.422693,2.394991,-0.121631,0.455011,-0.836803,0.097090,18.584500,0
37.600000,-0.029535,0.423609,2.413736,-0.121632,0.455009,-0.854796,0.097303,19.382000,0
37.620000,-0.031038,0.422378,2.426973,-0.121632,0.455007,-0.872789,0.096291,20.552300,0
37.640000,-0.026627,0.420883,2.445590,-0.121633,0.455005,-0.890781,0.100948,21.360200,0
37.660000,-0.027168,0.422466,2.448161,-0.121634,0.455003,-0.908772,0.099913,21.254900,0
37.680000,-0.032020,0.427327,2.471570,-0.123713,0.456821,-0.909301,0.096320,18.763900,0
37.700000,-0.032550,0.427905,2.469010,-0.126084,0.458666,-0.909293,0.098462,19.526700,0
37.720000,-0.036797,0.434922,2.472985,-0.128454,0.460512,-0.909283,0.095162,19.466000,0
37.740000,-0.040004,0.433976,2.479348,-0.130823,0.462357,-0.909275,0.095150,20.014500,0
37.760000,-0.040150,0.435272,2.477151,-0.133191,0.464201,-0.909269,0.097435,19.706000,0
37.780000,-0.039120,0.433385,2.473767,-0.135560,0.466046,-0.909265,0.101820,19.625200,0
37.800000,-0.047459,0.440617,2.488984,-0.137928,0.467890,-0.909262,0.094491,19.860800,0
37.820000,-0.051708,0.444510,2.485039,-0.140296,0.469734,-0.909260,0.092109,19.810600,0
37.840000,-0.045305,0.440680,2.470649,-0.142663,0.471578,-0.909258,0.102143,20.178300,0
37.860000,-0.049045,0.443728,2.470982,-0.145031,0.473422,-0.909257,0.100474,20.271500,0
37.880000,-0.049601,0.444222,2.458705,-0.147398,0.475265,-0.909256,0.102606,20.356000,0
37.900000,-0.050424,0.443905,2.445897,-0.149766,0.477109,-0.909255,0.104745,20.358100,0
37.920000,-0.056546,0.447727,2.451010,-0.152133,0.478952,-0.909255,0.100558,20.396300,0
37.940000,-0.060848,0.453202,2.447263,-0.154500,0.480795,-0.909254,0.097633,20.291400,0
37.960000,-0.059820,0.450719,2.443486,-0.156867,0.482639,-0.909254,0.102162,20.070100,0
37.980000,-0.066984,0.455858,2.461178,-0.159235,0.484482,-0.909253,0.096590,20.198100,0
38.000000,-0.070310,0.458140,2.473884,-0.161602,0.486325,-0.909253,0.095544,20.500300,0
38.020000,-0.073577,0.462004,2.482804,-0.163969,0.488168,-0.909253,0.094102,20.658800,0
38.040000,-0.075785,0.463813,2.483647,-0.166336,0.490011,-0.909253,0.094265,20.214100,0
38.060000,-0.075352,0.461338,2.479860,-0.168703,0.491855,-0.909253,0.098212,19.980600,0
38.080000,-0.080543,0.466451,2.488073,-0.171071,0.493698,-0.909253,0.094539,20.109100,0
38.100000,-0.079485,0.466824,2.465070,-0.173438,0.495541,-0.909252,0.098243,20.628700,0
38.120000,-0.079194,0.469503,2.458731,-0.175805,0.497384,-0.909252,0.100554,20.306500,0
38.140000,-0.078899,0.465888,2.461360,-0.178172,0.499227,-0.909252,0.104722,20.388900,0
38.160000,-0.081303,0.469616,2.450506,-0.180539,0.501070,-0.909252,0.104101,20.251200,0
38.180000,-0.086658,0.475450,2.450448,-0.182906,0.502913,-0.909252,0.100090,20.118500,0
38.200000,-0.084594,0.475162,2.453322,-0.185273,0.504756,-0.909252,0.104939,21.138700,0
38.220000,-0.090558,0.478814,2.451865,-0.187641,0.506599,-0.909252,0.100981,20.685800,0
38.240000,-0.094533,0.480385,2.449609,-0.190008,0.508442,-0.909252,0.099513,20.596600,0
38.260000,-0.100179,0.481732,2.445996,-0.192375,0.510285,-0.909252,0.096516,20.777900,0
38.280000,-0.096824,0.479233,2.455360,-0.194742,0.512128,-0.909252,0.103296,20.167900,0
38.300000,-0.097802,0.481336,2.452398,-0.197109,0.513971,-0.909252,0.104532,20.218800,0
38.320000,-0.106112,0.488209,2.458454,-0.199476,0.515814,-0.909252,0.097360,20.120500,0
38.340000,-0.099417,0.483640,2.472033,-0.199772,0.515977,-0.926467,0.105436,20.429200,0
38.360000,-0.103078,0.488346,2.489672,-0.199769,0.515974,-0.944452,0.100560,20.507100,0
38.380000,-0.105536,0.490021,2.521560,-0.199767,0.515971,-0.962441,0.097739,20.252800,0
38.400000,-0.102269,0.488410,2.519592,-0.199765,0.515968,-0.980433,0.101315,20.564700,0
38.420000,-0.098312,0.485708,2.540912,-0.199763,0.515965,-0.998427,0.105867,20.595100,0
38.440000,-0.106035,0.490213,2.579060,-0.199763,0.515962,-1.016423,0.097200,20.592300,0
38.460000,-0.099202,0.487727,2.580717,-0.199762,0.515959,-1.034418,0.104447,20.441200,0
38.480000,-0.101038,0.489802,2.611787,-0.199762,0.515956,-1.052414,0.102129,20.064600,0
38.500000,-0.106727,0.491353,2.621429,-0.201899,0.517440,-1.052511,0.098683,21.275200,0
38.520000,-0.109710,0.493829,2.620006,-0.204508,0.518928,-1.052504,0.098064,20.584900,0
38.540000,-0.110178,0.496248,2.611866,-0.207117,0.520416,-1.052498,0.099906,20.121200,0
38.560000,-0.115346,0.501188,2.625013,-0.209724,0.521904,-1.052493,0.096625,20.182200,0
38.580000,-0.116643,0.499560,2.627714,-0.212332,0.523391,-1.052490,0.098612,20.465100,0
38.600000,-0.116967,0.501410,2.626691,-0.214939,0.524879,-1.052487,0.100743,20.672500,0
38.620000,-0.122193,0.500650,2.629360,-0.217546,0.526366,-1.052485,0.098759,20.212300,0
38.640000,-0.122458,0.502745,2.614042,-0.220153,0.527853,-1.052484,0.100870,20.888100,0
38.660000,-0.126374,0.506388,2.629887,-0.220533,0.527887,-1.069616,0.096582,19.929700,0
38.680000,-0.118174,0.500761,2.630002,-0.220531,0.527885,-1.087605,0.105890,18.976000,0
38.700000,-0.123481,0.505054,2.659908,-0.220528,0.527882,-1.105593,0.099695,18.838200,0
38.720000,-0.122459,0.504143,2.670565,-0.220526,0.527880,-1.123583,0.100898,19.081900,0
38.740000,-0.117858,0.501586,2.684349,-0.220524,0.527878,-1.141575,0.105979,19.730600,0
38.760000,-0.116617,0.502612,2.709740,-0.220523,0.527875,-1.159568,0.106933,20.408200,0
38.780000,-0.123968,0.505737,2.742294,-0.220522,0.527873,-1.177561,0.099059,19.333600,0
38.800000,-0.123492,0.505755,2.759074,-0.220522,0.527871,-1.195553,0.099518,19.073100,0
38.820000,-0.112713,0.504888,2.755966,-0.220521,0.527868,-1.213545,0.110230,20.320700,0
38.840000,-0.117107,0.505800,2.798702,-0.220521,0.527866,-1.231537,0.105742,20.976400,0
38.860000,-0.111940,0.504573,2.787580,-0.220521,0.527864,-1.249527,0.111051,21.151700,0
38.880000,-0.112253,0.506039,2.814328,-0.220521,0.527862,-1.267517,0.110445,21.322800,0
38.900000,-0.115121,0.507810,2.825320,-0.220521,0.527860,-1.285506,0.107290,21.795100,0
38.920000,-0.125693,0.510934,2.874263,-0.220521,0.527858,-1.303495,0.096327,21.623100,0
38.940000,-0.116748,0.509180,2.871088,-0.220521,0.527856,-1.321482,0.105440,21.677100,0
38.960000,-0.112339,0.509712,2.887406,-0.220521,0.527854,-1.339469,0.109692,22.101300,0
38.980000,-0.110766,0.509514,2.896279,-0.220521,0.527852,-1.357456,0.111276,21.741100,0
39.000000,-0.119597,0.510161,2.925422,-0.222859,0.528384,-1.364329,0.104858,18.652500,0
39.020000,-0.128711,0.513122,2.940011,-0.225799,0.528998,-1.364326,0.098378,18.682200,0
39.040000,-0.132297,0.515826,2.942018,-0.228739,0.529613,-1.364314,0.097422,19.266300,0
39.060000,-0.128443,0.514257,2.915003,-0.231679,0.530228,-1.364305,0.104464,18.932300,0
39.080000,-0.126984,0.513126,2.904096,-0.234617,0.530843,-1.364299,0.109082,19.183000,0
39.100000,-0.131046,0.513841,2.903251,-0.237555,0.531459,-1.364294,0.107957,19.095400,0
39.120000,-0.132730,0.514430,2.921227,-0.240493,0.532074,-1.364292,0.109198,18.994100,0
39.140000,-0.127390,0.513391,2.897055,-0.243431,0.532690,-1.364290,0.117634,19.294300,0
39.160000,-0.139346,0.517233,2.906654,-0.246368,0.533305,-1.364289,0.108222,18.835300,0
39.180000,-0.142589,0.515938,2.901009,-0.249305,0.533920,-1.364288,0.108220,19.883500,0
39.200000,-0.146607,0.519083,2.910741,-0.252242,0.534536,-1.364287,0.106759,19.068800,0
39.220000,-0.146494,0.519807,2.894810,-0.255179,0.535151,-1.364286,0.109763,18.904500,0
39.240000,-0.151518,0.520062,2.898401,-0.258115,0.535767,-1.364285,0.107748,19.760300,0
39.260000,-0.152256,0.520821,2.894826,-0.261052,0.536382,-1.364285,0.109903,19.393300,0
39.280000,-0.168461,0.526753,2.927726,-0.263988,0.536997,-1.364284,0.096075,19.896300,0
39.300000,-0.170322,0.526655,2.933577,-0.266925,0.537613,-1.364284,0.097223,21.074100,0
39.320000,-0.171867,0.526868,2.923812,-0.269861,0.538228,-1.364283,0.098651,21.333500,0
39.340000,-0.179737,0.529285,2.927293,-0.272797,0.538843,-1.364283,0.093549,21.483900,0
39.360000,-0.181553,0.529416,2.930559,-0.275734,0.539458,-1.364283,0.094715,21.855700,0
39.380000,-0.175260,0.529623,2.927294,-0.278670,0.540074,-1.364283,0.103937,21.759300,0
39.400000,-0.183849,0.529450,2.927011,-0.281606,0.540689,-1.364283,0.098401,21.707700,0
39.420000,-0.188171,0.528787,2.924047,-0.284543,0.541304,-1.364283,0.097181,22.849300,0
39.440000,-0.194513,0.530940,2.935310,-0.287479,0.541919,-1.364283,0.093612,22.582500,0
39.460000,-0.192061,0.531435,2.931512,-0.290415,0.542534,-1.364283,0.098978,22.028900,0
39.480000,-0.199591,0.533338,2.939449,-0.293351,0.543150,-1.364283,0.094272,22.472800,0
39.500000,-0.198056,0.531677,2.924438,-0.296288,0.543765,-1.364283,0.098973,22.109700,0
39.520000,-0.205002,0.532561,2.933924,-0.299224,0.544380,-1.364283,0.094960,21.880600,0
39.540000,-0.204561,0.531958,2.927509,-0.302160,0.544995,-1.364282,0.098466,22.387700,0
39.560000,-0.207962,0.535296,2.935809,-0.305097,0.545610,-1.364282,0.097681,22.357200,0
39.580000,-0.210778,0.535065,2.944562,-0.308033,0.546225,-1.364282,0.097893,22.359700,0
39.600000,-0.216398,0.535741,2.933878,-0.310969,0.546840,-1.364282,0.095220,22.371400,0
39.620000,-0.215122,0.535940,2.936280,-0.313905,0.547456,-1.364282,0.099452,22.132900,0
39.640000,-0.213888,0.536298,2.930487,-0.316842,0.548071,-1.364282,0.103625,21.540200,0
39.660000,-0.217929,0.537801,2.938792,-0.319778,0.548686,-1.364282,0.102429,18.571700,0
39.680000,-0.220454,0.538694,2.931077,-0.322714,0.549301,-1.364282,0.102809,18.834400,0
39.700000,-0.227364,0.537840,2.924661,-0.325650,0.549916,-1.364282,0.099025,18.981700,0
39.720000,-0.232297,0.540128,2.932168,-0.328587,0.550531,-1.364282,0.096851,20.048500,0
39.740000,-0.234782,0.542729,2.938891,-0.331523,0.551147,-1.364282,0.097107,18.845400,0
39.760000,-0.238278,0.540228,2.935350,-0.334459,0.551762,-1.364282,0.096870,18.880700,0
39.780000,-0.241311,0.540435,2.944460,-0.337395,0.552377,-1.364282,0.096823,18.840300,0
39.800000,-0.247035,0.541562,2.940794,-0.340332,0.552992,-1.364282,0.093995,18.824500,0
39.820000,-0.246196,0.543549,2.931171,-0.343268,0.553607,-1.364282,0.097592,20.016100,0
39.840000,-0.254042,0.541993,2.930708,-0.346204,0.554222,-1.364282,0.092970,19.755400,0
39.860000,-0.244569,0.541500,2.914384,-0.349140,0.554837,-1.364282,0.105418,19.727100,0
39.880000,-0.237212,0.540541,2.908052,-0.349773,0.554919,-1.377692,0.113476,19.989800,0
39.900000,-0.245112,0.542118,2.965084,-0.349941,0.554882,-1.397663,0.105604,20.124400,0
39.920000,-0.242760,0.541344,2.953837,-0.349937,0.554881,-1.415651,0.108028,20.368400,0
39.940000,-0.243116,0.542144,2.986222,-0.349935,0.554879,-1.433640,0.107576,20.003100,0
39.960000,-0.241661,0.543864,2.994922,-0.349932,0.554877,-1.451631,0.108829,20.515900,0
39.980000,-0.241597,0.543789,3.018437,-0.349931,0.554875,-1.469621,0.108900,20.170400,0
40.000000,-0.248928,0.545078,3.017363,-0.352175,0.555167,-1.478018,0.103739,20.106900,0
40.020000,-0.249708,0.544973,3.010904,-0.355165,0.555443,-1.478016,0.105975,20.421100,0
40.040000,-0.254914,0.547055,3.026650,-0.358155,0.555720,-1.478010,0.103604,20.206800,0
40.060000,-0.255975,0.547028,3.018449,-0.361144,0.555996,-1.478007,0.105550,20.337200,0
40.080000,-0.259847,0.546860,3.024145,-0.364133,0.556274,-1.478004,0.104710,20.702100,0
40.100000,-0.258401,0.546420,3.024389,-0.367122,0.556551,-1.478002,0.109192,20.562200,0
40.120000,-0.257029,0.546246,3.015785,-0.370110,0.556829,-1.478000,0.113576,20.180000,0
40.140000,-0.259532,0.547194,3.003297,-0.373098,0.557106,-1.477999,0.113998,20.825600,0
40.160000,-0.262476,0.549534,2.999504,-0.376086,0.557384,-1.477997,0.113881,20.392300,0
40.180000,-0.268825,0.548135,3.046770,-0.379074,0.557662,-1.477996,0.110659,20.511600,0
40.200000,-0.261645,0.547219,3.008504,-0.382061,0.557940,-1.477996,0.120893,20.741900,0
40.220000,-0.273905,0.548740,3.046513,-0.382845,0.557885,-1.489429,0.109323,20.135900,0
40.240000,-0.272513,0.549433,3.043514,-0.383019,0.557869,-1.509429,0.110827,19.471700,0
40.260000,-0.267807,0.550936,3.070943,-0.383017,0.557868,-1.527441,0.115418,20.984500,0
40.280000,-0.270270,0.550218,3.086340,-0.383014,0.557867,-1.545429,0.113003,21.676300,0
40.300000,-0.273744,0.551207,3.111169,-0.383012,0.557866,-1.563417,0.109471,21.091100,0
40.320000,-0.276322,0.553204,3.129767,-0.383010,0.557864,-1.581407,0.106789,21.546400,0
40.340000,-0.269551,0.551531,3.139818,-0.383008,0.557863,-1.599396,0.113634,22.239000,0
40.360000,-0.269955,0.552175,-3.117165,-0.383007,0.557862,-1.617384,0.113195,21.834500,0
40.380000,-0.275930,0.553092,-3.095108,-0.383006,0.557860,-1.635373,0.107182,20.512300,0
40.400000,-0.276586,0.553403,-3.069931,-0.383005,0.557859,-1.653360,0.106513,18.866800,0
40.420000,-0.274356,0.552860,-3.062482,-0.383004,0.557857,-1.671347,0.108763,18.785900,0
40.440000,-0.278936,0.552447,-3.038441,-0.383004,0.557856,-1.689334,0.104209,19.633100,0
40.460000,-0.274626,0.556164,-3.030330,-0.382998,0.557855,-1.707377,0.108385,19.639800,0
40.480000,-0.275914,0.554274,-3.008640,-0.382992,0.557853,-1.725426,0.107138,20.868100,0
40.500000,-0.276425,0.555848,-2.997307,-0.382986,0.557852,-1.743473,0.106579,22.438900,0
40.520000,-0.282134,0.557421,-2.964066,-0.382980,0.557851,-1.761516,0.100847,22.054700,0
40.540000,-0.283295,0.558300,-2.951327,-0.382975,0.557850,-1.779554,0.099681,21.881100,0
40.560000,-0.279252,0.558157,-2.940201,-0.382970,0.557849,-1.797588,0.103718,21.993100,0
40.580000,-0.272745,0.561074,-2.915737,-0.382965,0.557847,-1.815618,0.110267,18.722000,0
40.600000,-0.278498,0.562182,-2.922317,-0.382961,0.557846,-1.833644,0.104553,18.891000,0
40.620000,-0.272787,0.562301,-2.891925,-0.382957,0.557845,-1.851667,0.110260,19.339200,0
40.640000,-0.274156,0.562286,-2.867164,-0.382953,0.557844,-1.869687,0.108888,20.234500,0
40.660000,-0.274772,0.561477,-2.844957,-0.382950,0.557843,-1.887704,0.108239,18.676400,0
40.680000,-0.274752,0.561425,-2.831646,-0.382946,0.557841,-1.905718,0.108254,19.028300,0
40.700000,-0.278387,0.560609,-2.813634,-0.382943,0.557840,-1.923731,0.104592,19.734200,0
40.720000,-0.274755,0.565765,-2.800730,-0.382940,0.557839,-1.941741,0.108475,19.390100,0
40.740000,-0.272032,0.565472,-2.773791,-0.382937,0.557838,-1.959750,0.111167,19.961400,0
40.760000,-0.281579,0.563844,-2.763949,-0.382934,0.557837,-1.977757,0.101533,20.060700,0
40.780000,-0.275569,0.567060,-2.747857,-0.382932,0.557836,-1.995763,0.107759,19.939500,0
40.800000,-0.274385,0.566940,-2.718634,-0.382929,0.557835,-2.013767,0.108925,19.621800,0
40.820000,-0.282707,0.566037,-2.704989,-0.382926,0.557833,-2.031771,0.100554,20.476800,0
40.840000,-0.270535,0.571600,-2.701458,-0.382924,0.557832,-2.049773,0.113230,19.344000,0
40.860000,-0.278078,0.567942,-2.656093,-0.382921,0.557831,-2.067774,0.105329,20.167400,0
40.880000,-0.282497,0.568363,-2.663205,-0.385294,0.556543,-2.071205,0.103475,21.715600,0
40.900000,-0.284032,0.564274,-2.668048,-0.387929,0.555102,-2.071202,0.104301,21.784600,0
40.920000,-0.284266,0.562655,-2.682049,-0.390564,0.553660,-2.071195,0.106678,21.922600,0
40.940000,-0.295176,0.560745,-2.670259,-0.393199,0.552220,-2.071186,0.098393,22.054700,0
40.960000,-0.297012,0.559918,-2.656595,-0.395833,0.550779,-2.071180,0.099242,22.081600,0
40.980000,-0.302200,0.557366,-2.665202,-0.398467,0.549339,-2.071174,0.096601,22.345100,0
41.000000,-0.296763,0.560365,-2.669348,-0.401100,0.547900,-2.071170,0.105079,20.794100,0
41.020000,-0.297616,0.556900,-2.675079,-0.403734,0.546460,-2.071166,0.106631,18.927200,0
41.040000,-0.307634,0.552886,-2.659034,-0.406367,0.545021,-2.071164,0.099046,19.094800,0
41.060000,-0.301621,0.557763,-2.661311,-0.406747,0.544813,-2.087558,0.105921,19.268600,0
41.080000,-0.309504,0.553383,-2.628086,-0.406799,0.544782,-2.106274,0.097675,18.915100,0
41.100000,-0.302170,0.558188,-2.608339,-0.406796,0.544783,-2.124261,0.105481,19.529400,0
41.120000,-0.306213,0.555830,-2.595483,-0.406793,0.544784,-2.142252,0.101185,19.256300,0
41.140000,-0.305477,0.555598,-2.577582,-0.406790,0.544784,-2.160248,0.101889,19.380500,0
41.160000,-0.310241,0.556257,-2.551663,-0.406787,0.544785,-2.178247,0.097225,19.058100,0
41.180000,-0.307714,0.555951,-2.538719,-0.406784,0.544784,-2.196248,0.099697,19.751800,0
41.200000,-0.303004,0.559779,-2.519608,-0.406781,0.544784,-2.214249,0.104855,19.751100,0
41.220000,-0.307727,0.559250,-2.518346,-0.406778,0.544784,-2.232250,0.100102,20.985300,0
41.240000,-0.308441,0.559077,-2.499347,-0.406775,0.544783,-2.250251,0.099368,20.391300,0
41.260000,-0.305576,0.560024,-2.468937,-0.406772,0.544783,-2.268251,0.102337,20.005300,0
41.280000,-0.306665,0.561913,-2.448049,-0.406770,0.544782,-2.286250,0.101560,20.094500,0
41.300000,-0.309740,0.558819,-2.419945,-0.406767,0.544782,-2.304248,0.098037,19.514000,0
41.320000,-0.308296,0.563328,-2.426144,-0.406765,0.544781,-2.322246,0.100201,19.870400,0
41.340000,-0.313622,0.559396,-2.385805,-0.406763,0.544780,-2.340242,0.094281,19.719000,0
41.360000,-0.309541,0.562172,-2.376048,-0.406760,0.544780,-2.358237,0.098762,19.777500,0
41.380000,-0.306224,0.563327,-2.373380,-0.406758,0.544779,-2.376232,0.102231,20.357400,0
41.400000,-0.313807,0.560449,-2.326846,-0.406756,0.544778,-2.394226,0.094261,20.313900,0
41.420000,-0.310781,0.564263,-2.320197,-0.406754,0.544777,-2.412219,0.097931,20.059100,0
41.440000,-0.311249,0.567016,-2.306276,-0.406752,0.544777,-2.430211,0.098058,19.865600,0
41.460000,-0.307911,0.570283,-2.301292,-0.406750,0.544776,-2.448203,0.102078,19.901600,0
41.480000,-0.305529,0.573616,-2.313275,-0.408590,0.542693,-2.449613,0.107600,20.430500,0
41.500000,-0.316240,0.561712,-2.302713,-0.410507,0.540379,-2.449606,0.096651,20.358500,0
41.520000,-0.316707,0.559585,-2.290125,-0.412423,0.538067,-2.449596,0.098104,18.601200,0
41.540000,-0.321217,0.553749,-2.276727,-0.414339,0.535755,-2.449588,0.094845,18.953700,0
41.560000,-0.320973,0.556130,-2.284727,-0.416255,0.533443,-2.449582,0.097946,19.627500,0
41.580000,-0.323349,0.554117,-2.291138,-0.418171,0.531132,-2.449578,0.097568,19.720400,0
41.600000,-0.321984,0.558096,-2.293092,-0.420087,0.528822,-2.449574,0.102377,19.855400,0
41.620000,-0.332319,0.547622,-2.288612,-0.422002,0.526511,-2.449572,0.092134,19.541600,0
41.640000,-0.333730,0.543911,-2.292711,-0.423917,0.524201,-2.449570,0.092316,19.980700,0
41.660000,-0.331096,0.543794,-2.294188,-0.425832,0.521891,-2.449569,0.097235,20.189000,0
41.680000,-0.331203,0.543769,-2.299429,-0.427747,0.519580,-2.449568,0.099528,19.957500,0
41.700000,-0.335084,0.537932,-2.294593,-0.429662,0.517270,-2.449568,0.096809,20.157100,0
41.720000,-0.332831,0.542515,-2.305140,-0.431576,0.514960,-2.449567,0.102517,20.108100,0
41.740000,-0.340829,0.535735,-2.291085,-0.433491,0.512650,-2.449566,0.095494,20.179800,0
41.760000,-0.340142,0.533978,-2.293711,-0.435406,0.510340,-2.449566,0.098153,20.057700,0
41.780000,-0.343463,0.531728,-2.297766,-0.437320,0.508030,-2.449566,0.096802,20.267500,0
41.800000,-0.346704,0.527302,-2.294684,-0.439235,0.505720,-2.449565,0.095014,20.124700,0
41.820000,-0.345003,0.529184,-2.303743,-0.441149,0.503410,-2.449565,0.099541,20.711300,0
41.840000,-0.347924,0.523593,-2.300320,-0.443063,0.501101,-2.449565,0.097762,20.314500,0
41.860000,-0.353549,0.518112,-2.298546,-0.444978,0.498791,-2.449565,0.093449,20.185600,0
41.880000,-0.352927,0.521246,-2.298025,-0.446892,0.496481,-2.449565,0.097174,20.168600,0
41.900000,-0.359039,0.515673,-2.280061,-0.448807,0.494171,-2.449565,0.092307,19.966500,0
41.920000,-0.368884,0.504823,-2.249054,-0.450721,0.491861,-2.449565,0.082858,19.984600,0
41.940000,-0.369518,0.499935,-2.253982,-0.452635,0.489551,-2.449565,0.083763,20.169000,0
41.960000,-0.367614,0.503382,-2.245365,-0.454550,0.487241,-2.449565,0.088421,20.295000,0
41.980000,-0.365613,0.503584,-2.268637,-0.456464,0.484931,-2.449565,0.092746,20.118200,0
42.000000,-0.371962,0.498610,-2.274332,-0.458378,0.482622,-2.449565,0.087882,20.204000,0
42.020000,-0.376794,0.496045,-2.263588,-0.460292,0.480312,-2.449565,0.084968,19.269900,0
42.040000,-0.377621,0.489605,-2.269667,-0.462207,0.478002,-2.449564,0.085378,18.998300,0
42.060000,-0.375721,0.495138,-2.291037,-0.464121,0.475692,-2.449564,0.090513,19.339300,0
42.080000,-0.376823,0.494765,-2.284470,-0.466035,0.473382,-2.449564,0.091739,18.740800,0
42.100000,-0.378191,0.491558,-2.291334,-0.467950,0.471072,-2.449564,0.092067,19.238700,0
42.120000,-0.376682,0.492982,-2.288677,-0.469864,0.468762,-2.449564,0.096278,19.181000,0
42.140000,-0.378414,0.489011,-2.293206,-0.471778,0.466452,-2.449564,0.096051,20.656100,0
42.160000,-0.377884,0.491752,-2.298724,-0.473693,0.464143,-2.449564,0.099708,19.366500,0
42.180000,-0.383613,0.482553,-2.287324,-0.475607,0.461833,-2.449564,0.094298,19.633400,0
42.200000,-0.389566,0.479459,-2.286318,-0.477521,0.459523,-2.449564,0.090186,19.867700,0
42.220000,-0.389265,0.478130,-2.288497,-0.479436,0.457213,-2.449564,0.092565,19.617600,0
42.240000,-0.390197,0.473438,-2.289644,-0.481350,0.454903,-2.449564,0.093019,20.270000,0
42.260000,-0.392830,0.471864,-2.289867,-0.483264,0.452593,-2.449564,0.092465,19.632200,0
42.280000,-0.396313,0.471338,-2.287229,-0.485178,0.450283,-2.449564,0.091325,19.973600,0
42.300000,-0.398209,0.466086,-2.277766,-0.487093,0.447974,-2.449564,0.090710,19.774000,0
42.320000,-0.399605,0.461845,-2.275234,-0.489007,0.445664,-2.449564,0.090854,19.992900,0
42.340000,-0.406557,0.456958,-2.270443,-0.490921,0.443354,-2.449564,0.085454,20.162800,0
42.360000,-0.409052,0.455542,-2.264716,-0.492836,0.441044,-2.449564,0.085029,20.130600,0
42.380000,-0.408426,0.456918,-2.270121,-0.494750,0.438734,-2.449564,0.088218,19.938300,0
42.400000,-0.413147,0.450593,-2.262907,-0.496664,0.436424,-2.449564,0.084711,20.361200,0
42.420000,-0.417724,0.446866,-2.262400,-0.498579,0.434114,-2.449564,0.081855,20.702900,0
42.440000,-0.418591,0.445449,-2.256491,-0.500493,0.431805,-2.449564,0.083031,19.780400,0
42.460000,-0.418315,0.446407,-2.255830,-0.502407,0.429495,-2.449564,0.085775,19.815700,0
42.480000,-0.419873,0.442471,-2.253710,-0.504321,0.427185,-2.449564,0.085820,19.684200,0
42.500000,-0.421119,0.440680,-2.267615,-0.506236,0.424875,-2.449564,0.086572,20.282000,0
42.520000,-0.424503,0.435750,-2.262277,-0.508150,0.422565,-2.449564,0.084680,19.215400,0
42.540000,-0.420845,0.439833,-2.263851,-0.510064,0.420255,-2.449564,0.091342,20.166000,0
42.560000,-0.422248,0.436559,-2.259495,-0.511979,0.417945,-2.449564,0.091641,21.115500,0
42.580000,-0.424540,0.433456,-2.263456,-0.513893,0.415636,-2.449564,0.091113,21.254400,0
42.600000,-0.426335,0.432759,-2.252991,-0.515807,0.413326,-2.449564,0.091558,21.337200,0
42.620000,-0.428992,0.433354,-2.263167,-0.517722,0.411016,-2.449564,0.091498,21.853200,0
42.640000,-0.432822,0.427060,-2.262154,-0.519636,0.408706,-2.449564,0.088732,21.481800,0
42.660000,-0.435650,0.425928,-2.266203,-0.521550,0.406396,-2.449564,0.088092,21.682400,0
42.680000,-0.436216,0.424417,-2.265206,-0.523464,0.404086,-2.449564,0.089586,21.715700,0
42.700000,-0.439618,0.420226,-2.265795,-0.525379,0.401776,-2.449564,0.087723,21.748100,0
42.720000,-0.437715,0.423606,-2.292765,-0.527293,0.399467,-2.449564,0.092773,21.774800,0
42.740000,-0.438715,0.423464,-2.258509,-0.527519,0.399191,-2.467016,0.092062,21.534800,0
42.760000,-0.439748,0.421290,-2.255765,-0.527532,0.399174,-2.485294,0.090527,21.974800,0
42.780000,-0.435788,0.425301,-2.236378,-0.527529,0.399176,-2.503285,0.095388,22.030200,0
42.800000,-0.437997,0.423895,-2.218622,-0.527526,0.399178,-2.521278,0.092878,22.110800,0
42.820000,-0.437050,0.425178,-2.198339,-0.527523,0.399179,-2.539274,0.094134,21.575800,0
42.840000,-0.440173,0.425027,-2.188505,-0.527520,0.399180,-2.557270,0.091091,22.505600,0
42.860000,-0.440990,0.423572,-2.177261,-0.529171,0.397075,-2.557388,0.092076,22.292400,0
42.880000,-0.447019,0.415849,-2.176543,-0.530827,0.394570,-2.557382,0.086467,20.151600,0
42.900000,-0.443917,0.419909,-2.182376,-0.532484,0.392065,-2.557378,0.092841,18.607900,0
42.920000,-0.448340,0.412806,-2.184229,-0.534140,0.389561,-2.557374,0.088893,18.731700,0
42.940000,-0.449631,0.411077,-2.193557,-0.535795,0.387057,-2.557372,0.089450,18.837100,0
42.960000,-0.450222,0.406856,-2.179058,-0.537451,0.384554,-2.557370,0.090035,18.738900,0
42.980000,-0.452246,0.409365,-2.178727,-0.539106,0.382050,-2.557369,0.091053,19.293200,0
43.000000,-0.452141,0.409311,-2.196387,-0.540762,0.379547,-2.557368,0.093486,19.631400,0
43.020000,-0.455189,0.405013,-2.184226,-0.542417,0.377045,-2.557367,0.091602,19.649400,0
43.040000,-0.454949,0.402079,-2.191357,-0.544072,0.374542,-2.557366,0.093280,19.588900,0
43.060000,-0.456105,0.401778,-2.193011,-0.545727,0.372039,-2.557366,0.094427,20.013400,0
43.080000,-0.453668,0.402002,-2.201405,-0.547382,0.369536,-2.557365,0.099178,19.239200,0
43.100000,-0.460636,0.394200,-2.174521,-0.549037,0.367034,-2.557365,0.092481,20.192100,0
43.120000,-0.463255,0.391552,-2.169812,-0.550692,0.364531,-2.557365,0.091517,20.870600,0
43.140000,-0.466879,0.385146,-2.158275,-0.552347,0.362029,-2.557365,0.088539,21.841800,0
43.160000,-0.468939,0.380742,-2.138941,-0.554001,0.359526,-2.557365,0.087668,21.324500,0
43.180000,-0.471431,0.381790,-2.158136,-0.555656,0.357024,-2.557365,0.087791,21.185300,0
43.200000,-0.481896,0.364967,-2.143532,-0.557311,0.354521,-2.557364,0.076135,21.461200,0
43.220000,-0.476302,0.368868,-2.148161,-0.558966,0.352019,-2.557364,0.084364,20.632000,0
43.240000,-0.479726,0.366743,-2.147256,-0.560620,0.349516,-2.557364,0.082708,18.734900,0
43.260000,-0.483545,0.363841,-2.142266,-0.562275,0.347014,-2.557364,0.080508,18.918300,0
43.280000,-0.481188,0.369390,-2.153318,-0.563930,0.344511,-2.557364,0.086401,19.571800,0
43.300000,-0.483626,0.364844,-2.159885,-0.565584,0.342009,-2.557364,0.085080,19.706800,0
43.320000,-0.485800,0.361286,-2.153075,-0.567239,0.339507,-2.557364,0.084301,20.084600,0
43.340000,-0.485847,0.359226,-2.152739,-0.568894,0.337004,-2.557364,0.085969,20.086100,0
43.360000,-0.487460,0.355982,-2.151612,-0.570548,0.334502,-2.557364,0.085820,20.316100,0
43.380000,-0.489438,0.354598,-2.159876,-0.572203,0.331999,-2.557364,0.085795,20.255100,0
43.400000,-0.489410,0.355745,-2.163687,-0.573858,0.329497,-2.557364,0.088433,20.817800,0
43.420000,-0.493849,0.348335,-2.162891,-0.575512,0.326994,-2.557364,0.084406,20.665700,0
43.440000,-0.496606,0.344389,-2.151254,-0.577167,0.324492,-2.557364,0.082982,21.107100,0
43.460000,-0.495384,0.341980,-2.155225,-0.578822,0.321990,-2.557364,0.085799,21.281100,0
43.480000,-0.499862,0.336764,-2.160162,-0.580476,0.319487,-2.557364,0.082444,20.512600,0
43.500000,-0.501079,0.337085,-2.161782,-0.582131,0.316985,-2.557364,0.083507,20.495000,0
43.520000,-0.504586,0.333336,-2.152908,-0.583786,0.314482,-2.557364,0.081413,18.871800,0
43.540000,-0.504176,0.333711,-2.145726,-0.585440,0.311980,-2.557364,0.084119,21.234500,0
43.560000,-0.504469,0.332299,-2.144296,-0.587095,0.309478,-2.557364,0.085719,20.896400,0
43.580000,-0.505808,0.331891,-2.163669,-0.588750,0.306975,-2.557364,0.086604,21.478000,0
43.600000,-0.504186,0.331053,-2.162446,-0.588802,0.306641,-2.574216,0.088068,20.799300,0
43.620000,-0.503067,0.334954,-2.149159,-0.588799,0.306644,-2.592201,0.090285,18.505300,0
43.640000,-0.503513,0.333751,-2.125103,-0.588796,0.306647,-2.610190,0.089486,19.012400,0
43.660000,-0.507845,0.329134,-2.091996,-0.588793,0.306649,-2.628183,0.084013,18.678000,0
43.680000,-0.504207,0.333452,-2.085079,-0.588790,0.306650,-2.646177,0.088728,19.105200,0
43.700000,-0.508165,0.329766,-2.058724,-0.588787,0.306651,-2.664172,0.083870,19.417600,0
43.720000,-0.494747,0.358956,-2.138747,-0.590163,0.304495,-2.664261,0.109864,19.362100,0
43.740000,-0.510346,0.331879,-2.064194,-0.591543,0.301828,-2.664256,0.086580,19.202900,0
43.760000,-0.510719,0.328707,-2.067244,-0.592923,0.299161,-2.664252,0.087352,19.571600,0
43.780000,-0.512006,0.327022,-2.074722,-0.594302,0.296494,-2.664248,0.087776,19.622100,0
43.800000,-0.515455,0.321101,-2.079830,-0.595681,0.293828,-2.664246,0.084735,19.888500,0
43.820000,-0.516655,0.318864,-2.067496,-0.597060,0.291162,-2.664244,0.085044,19.685000,0
43.840000,-0.513508,0.321029,-2.079565,-0.598439,0.288497,-2.664243,0.090949,19.723000,0
43.860000,-0.521922,0.311073,-2.076135,-0.599818,0.285832,-2.664241,0.081883,19.053300,0
43.880000,-0.519609,0.314456,-2.069455,-0.601197,0.283166,-2.664241,0.087382,20.320800,0
43.900000,-0.521650,0.310258,-2.073289,-0.602576,0.280501,-2.664240,0.086224,19.279400,0
43.920000,-0.523315,0.308753,-2.076041,-0.603954,0.277836,-2.664240,0.086363,19.545900,0
43.940000,-0.522812,0.300924,-2.070168,-0.605333,0.275172,-2.664239,0.086446,20.360000,0
43.960000,-0.525733,0.298050,-2.081267,-0.606711,0.272507,-2.664239,0.084911,21.082600,0
43.980000,-0.523248,0.302983,-2.055052,-0.606729,0.272083,-2.681710,0.089016,21.854300,0
44.000000,-0.526881,0.298128,-2.033231,-0.606734,0.272071,-2.699893,0.083996,21.832700,0
44.020000,-0.525120,0.303567,-2.019426,-0.606731,0.272074,-2.717881,0.087477,19.081500,0
44.040000,-0.524238,0.306218,-2.005462,-0.606729,0.272076,-2.735871,0.089278,19.905900,0
44.060000,-0.528260,0.299915,-1.993265,-0.606727,0.272077,-2.753862,0.083259,18.952500,0
44.080000,-0.528394,0.303092,-1.956124,-0.606724,0.272079,-2.771855,0.084247,18.874200,0
44.100000,-0.527164,0.307834,-1.950553,-0.606722,0.272080,-2.789847,0.087223,19.923000,0
44.120000,-0.526899,0.308067,-1.938093,-0.606720,0.272080,-2.807840,0.087558,20.020200,0
44.140000,-0.525952,0.308311,-1.923706,-0.606718,0.272081,-2.825832,0.088520,19.914800,0
44.160000,-0.532823,0.297370,-1.894329,-0.606715,0.272081,-2.843823,0.078099,19.768300,0
44.180000,-0.533053,0.302942,-1.864415,-0.606713,0.272081,-2.861813,0.079863,19.848400,0
44.200000,-0.532339,0.304306,-1.855476,-0.606711,0.272082,-2.879803,0.081053,20.163300,0
44.220000,-0.533891,0.301191,-1.844958,-0.606709,0.272082,-2.897791,0.078421,19.594700,0
44.240000,-0.533446,0.307377,-1.820928,-0.606707,0.272082,-2.915780,0.081320,19.284700,0
44.260000,-0.534334,0.309698,-1.804382,-0.606705,0.272082,-2.933767,0.081563,20.632300,0
44.280000,-0.533030,0.314110,-1.802542,-0.606703,0.272082,-2.951753,0.084818,22.226900,0
44.300000,-0.535789,0.298651,-1.763317,-0.606701,0.272082,-2.969740,0.075726,21.515200,0
44.320000,-0.535772,0.298031,-1.750793,-0.607123,0.269775,-2.977185,0.076742,21.627400,0
44.340000,-0.541225,0.266764,-1.698246,-0.607614,0.266811,-2.977182,0.066389,22.010000,0
44.360000,-0.536848,0.283076,-1.719153,-0.608104,0.263848,-2.977170,0.073805,22.590300,0
44.380000,-0.536791,0.286201,-1.751473,-0.608595,0.260885,-2.977162,0.076136,21.533600,0
44.400000,-0.533734,0.309440,-1.814451,-0.609086,0.257923,-2.977155,0.091280,21.739100,0
44.420000,-0.540853,0.286533,-1.757778,-0.609577,0.254962,-2.977151,0.075628,22.041600,0
44.440000,-0.540577,0.282635,-1.764441,-0.610068,0.252001,-2.977148,0.075943,22.181300,0
44.460000,-0.540211,0.280146,-1.759468,-0.610560,0.249040,-2.977146,0.076919,21.835200,0
44.480000,-0.542334,0.277400,-1.765301,-0.611051,0.246079,-2.977145,0.075519,19.221300,0
44.500000,-0.542251,0.276519,-1.770911,-0.611543,0.243119,-2.977144,0.076922,18.671800,0
44.520000,-0.541815,0.276153,-1.778667,-0.612034,0.240159,-2.977143,0.078907,19.561600,0
44.540000,-0.541967,0.275593,-1.772256,-0.612525,0.237199,-2.977143,0.080328,19.758600,0
44.560000,-0.540572,0.274438,-1.768710,-0.613017,0.234239,-2.977142,0.082851,19.846400,0
44.580000,-0.541473,0.269146,-1.768750,-0.613508,0.231279,-2.977141,0.081382,19.706600,0
44.600000,-0.538966,0.277273,-1.777762,-0.613999,0.228320,-2.977140,0.089589,19.842200,0
44.620000,-0.541909,0.256784,-1.743702,-0.614491,0.225360,-2.977140,0.079093,20.323300,0
44.640000,-0.544253,0.257083,-1.747227,-0.614567,0.224668,-2.989778,0.077426,20.093100,0
44.660000,-0.544357,0.254947,-1.718273,-0.614538,0.224496,-3.009778,0.076502,20.206700,0
44.680000,-0.544973,0.265546,-1.714763,-0.614537,0.224498,-3.027780,0.080772,19.542400,0
44.700000,-0.547872,0.258919,-1.685871,-0.614536,0.224501,-3.045769,0.075024,19.363600,0
44.720000,-0.547269,0.264968,-1.672371,-0.614534,0.224504,-3.063758,0.078498,20.627300,0
44.740000,-0.547694,0.267177,-1.663710,-0.614533,0.224505,-3.081748,0.079299,21.718400,0
44.760000,-0.546437,0.259556,-1.641208,-0.614749,0.222308,-3.090756,0.077807,21.792000,0
44.780000,-0.551440,0.229122,-1.616766,-0.614900,0.219309,-3.090754,0.064215,22.071500,0
44.800000,-0.549533,0.245876,-1.625136,-0.615051,0.216310,-3.090750,0.071880,21.726700,0
44.820000,-0.550064,0.241029,-1.616811,-0.615202,0.213312,-3.090747,0.070789,21.340100,0
44.840000,-0.549250,0.237444,-1.622983,-0.615353,0.210314,-3.090744,0.071454,18.941900,0
44.860000,-0.547652,0.231448,-1.613327,-0.615505,0.207316,-3.090741,0.072017,18.877500,0
44.880000,-0.547529,0.231199,-1.624056,-0.615657,0.204319,-3.090739,0.073239,19.654400,0
44.900000,-0.547927,0.220091,-1.610617,-0.615809,0.201322,-3.090738,0.070429,19.207700,0
44.920000,-0.548476,0.223938,-1.626672,-0.615962,0.198325,-3.090736,0.072183,18.835400,0
44.940000,-0.548715,0.226197,-1.630691,-0.616114,0.195328,-3.090735,0.074132,18.728000,0
44.960000,-0.549439,0.216866,-1.614172,-0.616267,0.192332,-3.090735,0.071190,19.419600,0
44.980000,-0.549527,0.210514,-1.608296,-0.616419,0.189335,-3.090734,0.070165,20.283600,0
45.000000,-0.551902,0.205757,-1.603477,-0.616572,0.186339,-3.090734,0.067522,20.170100,0
45.020000,-0.550303,0.203113,-1.613094,-0.616724,0.183343,-3.090733,0.069301,19.946600,0
45.040000,-0.551152,0.220291,-1.640139,-0.616877,0.180346,-3.090733,0.076912,20.784800,0
45.060000,-0.550297,0.220152,-1.648111,-0.617029,0.177350,-3.090733,0.079279,20.174600,0
45.080000,-0.549322,0.221229,-1.652632,-0.617182,0.174354,-3.090733,0.082476,20.463400,0
45.100000,-0.552252,0.199677,-1.634177,-0.617334,0.171358,-3.090733,0.070976,20.363300,0
45.120000,-0.550719,0.206653,-1.644458,-0.617487,0.168361,-3.090733,0.076970,20.266400,0
45.140000,-0.550849,0.210730,-1.640068,-0.617452,0.167496,-3.101051,0.079404,20.292100,0
45.160000,-0.550817,0.209778,-1.624721,-0.617443,0.167323,-3.121049,0.079003,20.276500,0
45.180000,-0.551887,0.209505,-1.609910,-0.617442,0.167321,-3.139098,0.077955,20.330600,0
45.200000,-0.553835,0.210435,-1.589221,-0.617441,0.167324,3.126099,0.076839,20.367200,0
45.220000,-0.553756,0.188581,-1.532955,-0.617440,0.167326,3.108110,0.067138,20.144000,0
45.240000,-0.555413,0.190417,-1.532545,-0.617439,0.167329,3.090121,0.066184,19.967100,0
45.260000,-0.555950,0.197983,-1.535366,-0.617316,0.165156,3.080828,0.069594,20.277500,0
45.280000,-0.555772,0.198016,-1.534593,-0.617131,0.162159,3.080830,0.071068,21.223200,0
45.300000,-0.555813,0.197384,-1.534439,-0.616947,0.159162,3.080836,0.072099,20.333700,0
45.320000,-0.555183,0.195261,-1.538074,-0.616763,0.156165,3.080839,0.072943,20.132600,0
45.340000,-0.554635,0.193646,-1.542744,-0.616580,0.153169,3.080842,0.073997,19.946800,0
45.360000,-0.554791,0.191942,-1.541021,-0.616397,0.150173,3.080844,0.074431,20.247400,0
45.380000,-0.554947,0.186932,-1.549151,-0.616214,0.147178,3.080846,0.073034,20.271900,0
45.400000,-0.555297,0.187706,-1.547488,-0.616032,0.144182,3.080848,0.074720,19.251900,0
45.420000,-0.556283,0.182742,-1.526371,-0.615849,0.141187,3.080849,0.072628,19.530600,0
45.440000,-0.554583,0.181239,-1.534486,-0.615667,0.138192,3.080850,0.074728,20.350500,0
45.460000,-0.555708,0.178142,-1.535467,-0.615485,0.135197,3.080851,0.073604,21.238600,0
45.480000,-0.556971,0.183341,-1.547555,-0.615303,0.132202,3.080851,0.077575,22.312700,0
45.500000,-0.553840,0.169908,-1.537958,-0.615121,0.129208,3.080852,0.073565,21.402200,0
45.520000,-0.553708,0.151523,-1.530476,-0.614938,0.126213,3.080852,0.066255,22.550500,0
45.540000,-0.553571,0.143915,-1.519659,-0.614756,0.123218,3.080852,0.064591,21.824300,0
45.560000,-0.552730,0.129371,-1.494429,-0.614574,0.120224,3.080853,0.062517,21.794900,0
45.580000,-0.551789,0.146848,-1.515163,-0.614392,0.117229,3.080853,0.069256,22.063100,0
45.600000,-0.552538,0.135092,-1.488404,-0.614210,0.114234,3.080853,0.065104,21.638800,0
45.620000,-0.554281,0.137719,-1.524441,-0.614028,0.111240,3.080853,0.065352,21.942700,0
45.640000,-0.554414,0.138709,-1.525577,-0.613846,0.108245,3.080853,0.066785,18.656600,0
45.660000,-0.553432,0.143276,-1.538016,-0.613664,0.105251,3.080853,0.071231,18.901100,0
45.680000,-0.552826,0.123956,-1.495278,-0.613482,0.102256,3.080853,0.064421,19.222800,0
45.700000,-0.551911,0.121054,-1.516823,-0.613522,0.101412,3.091463,0.064666,19.053500,0
45.720000,-0.550549,0.126248,-1.531018,-0.613533,0.101239,3.111461,0.067767,19.953500,0
45.740000,-0.550577,0.126236,-1.570898,-0.613534,0.101240,3.129475,0.067738,19.605400,0
45.760000,-0.551356,0.129724,-1.578168,-0.613535,0.101243,-3.135722,0.068391,19.696800,0
45.780000,-0.551378,0.127965,-1.598732,-0.613536,0.101246,-3.117733,0.067658,19.796000,0
45.800000,-0.549496,0.133798,-1.612879,-0.613537,0.101248,-3.099743,0.071839,20.402200,0
45.820000,-0.551234,0.127847,-1.633531,-0.613637,0.099085,-3.090332,0.068712,20.083300,0
45.840000,-0.550670,0.136918,-1.649533,-0.613793,0.096086,-3.090334,0.075178,20.159500,0
45.860000,-0.549067,0.131919,-1.646974,-0.613949,0.093088,-3.090338,0.075614,20.367800,0
45.880000,-0.548489,0.132237,-1.656588,-0.614105,0.090089,-3.090341,0.077987,19.962000,0
45.900000,-0.550539,0.125774,-1.644555,-0.614259,0.087092,-3.090344,0.074543,19.904200,0
45.920000,-0.550199,0.127310,-1.655016,-0.614414,0.084094,-3.090346,0.077403,20.313500,0
45.940000,-0.551219,0.124414,-1.651563,-0.614568,0.081097,-3.090348,0.076742,20.172100,0
45.960000,-0.551470,0.118005,-1.652865,-0.614722,0.078100,-3.090350,0.074788,20.613700,0
45.980000,-0.551877,0.111175,-1.652599,-0.614876,0.075103,-3.090351,0.072595,20.401100,0
46.000000,-0.551341,0.104414,-1.644210,-0.615030,0.072107,-3.090352,0.071415,20.204200,0
46.020000,-0.550328,0.106459,-1.649227,-0.615184,0.069110,-3.090353,0.074842,20.008300,0
46.040000,-0.553339,0.100559,-1.647551,-0.615337,0.066114,-3.090354,0.070924,20.401600,0
46.060000,-0.549877,0.100941,-1.652492,-0.615491,0.063117,-3.090354,0.075735,20.359400,0
46.080000,-0.552156,0.090797,-1.638550,-0.615645,0.060121,-3.090354,0.070511,19.954400,0
46.100000,-0.554756,0.065490,-1.604028,-0.615798,0.057125,-3.090355,0.061613,20.250200,0
46.120000,-0.554431,0.082292,-1.626701,-0.615952,0.054129,-3.090355,0.067661,20.060600,0
46.140000,-0.553991,0.074377,-1.624684,-0.616106,0.051132,-3.090355,0.066322,19.834100,0
46.160000,-0.554123,0.079228,-1.630539,-0.616259,0.048136,-3.090355,0.069481,20.229300,0
46.180000,-0.552473,0.081385,-1.638966,-0.616413,0.045140,-3.090355,0.073498,20.527400,0
46.200000,-0.552192,0.081131,-1.640762,-0.616566,0.042144,-3.090355,0.075260,20.358900,0
46.220000,-0.552631,0.086495,-1.647858,-0.616720,0.039148,-3.090355,0.079681,20.344300,0
46.240000,-0.553544,0.080851,-1.642094,-0.616874,0.036152,-3.090355,0.077515,20.301800,0
46.260000,-0.554384,0.079622,-1.644543,-0.617027,0.033156,-3.090355,0.077995,20.589900,0
46.280000,-0.554749,0.067109,-1.642775,-0.617181,0.030160,-3.090355,0.072546,19.662000,0
46.300000,-0.554355,0.061688,-1.644146,-0.617335,0.027164,-3.090355,0.071821,21.241000,0
46.320000,-0.553787,0.058835,-1.646070,-0.617488,0.024167,-3.090355,0.072523,20.042400,0
46.340000,-0.550296,0.067369,-1.653964,-0.617642,0.021171,-3.090355,0.081668,19.129900,0
46.360000,-0.555625,0.058046,-1.653478,-0.617795,0.018175,-3.090355,0.073856,21.129400,0
46.380000,-0.554114,0.057252,-1.657561,-0.617949,0.015179,-3.090355,0.076453,20.647800,0
46.400000,-0.554887,0.045878,-1.648286,-0.618103,0.012183,-3.090355,0.071635,18.880400,0
46.420000,-0.555029,0.046728,-1.656683,-0.618256,0.009187,-3.090355,0.073532,18.864100,0
46.440000,-0.553852,0.052377,-1.673945,-0.618410,0.006191,-3.090355,0.079378,20.019000,0
46.460000,-0.557245,0.038880,-1.639789,-0.618564,0.003195,-3.090355,0.070947,19.620100,0
46.480000,-0.557085,0.038294,-1.653789,-0.618717,0.000199,-3.090355,0.072455,19.820100,0
46.500000,-0.557646,0.033052,-1.651193,-0.618871,-0.002797,-3.090355,0.070949,20.038200,0
46.520000,-0.556377,0.029439,-1.648946,-0.619025,-0.005793,-3.090355,0.071876,19.337700,0
46.540000,-0.559386,0.010238,-1.621614,-0.619178,-0.008789,-3.090355,0.062747,21.165700,0
46.560000,-0.561006,0.000840,-1.612830,-0.619332,-0.011785,-3.090355,0.059676,22.474400,0
46.580000,-0.559956,0.006225,-1.613389,-0.619486,-0.014781,-3.090355,0.063127,21.995600,0
46.600000,-0.559946,-0.000354,-1.610959,-0.619639,-0.017778,-3.090355,0.062184,21.714200,0
46.620000,-0.559381,0.005503,-1.631704,-0.619793,-0.020774,-3.090355,0.065880,22.065900,0
46.640000,-0.557670,0.001507,-1.619013,-0.619946,-0.023770,-3.090355,0.067210,22.485200,0
46.660000,-0.558957,-0.001704,-1.621351,-0.620100,-0.026766,-3.090355,0.066080,21.615000,0
46.680000,-0.560157,-0.009650,-1.621607,-0.620254,-0.029762,-3.090355,0.063373,22.264500,0
46.700000,-0.559942,-0.017972,-1.609226,-0.620407,-0.032758,-3.090355,0.062247,21.757900,0
46.720000,-0.560823,-0.016141,-1.632542,-0.620561,-0.035754,-3.090355,0.062875,20.599700,0
46.740000,-0.561202,-0.023603,-1.615559,-0.620715,-0.038750,-3.090355,0.061410,19.103800,0
46.760000,-0.560959,-0.016414,-1.617896,-0.620868,-0.041746,-3.090355,0.065044,19.592000,0
46.780000,-0.562580,-0.021596,-1.628278,-0.621022,-0.044742,-3.090355,0.062858,21.271800,0
46.800000,-0.560969,-0.028301,-1.614452,-0.621176,-0.047738,-3.090355,0.063267,21.411700,0
46.820000,-0.560952,-0.036001,-1.606776,-0.621329,-0.050734,-3.090355,0.062149,21.957000,0
46.840000,-0.560128,-0.020847,-1.637504,-0.621483,-0.053730,-3.090355,0.069611,21.800600,0
46.860000,-0.560783,-0.028073,-1.626559,-0.621637,-0.056726,-3.090355,0.067262,21.939500,0
46.880000,-0.561968,-0.037842,-1.612133,-0.621790,-0.059722,-3.090355,0.063698,22.764200,0
46.900000,-0.562846,-0.035931,-1.627796,-0.621944,-0.062718,-3.090355,0.064886,22.274500,0
46.920000,-0.563669,-0.043882,-1.621181,-0.622098,-0.065715,-3.090355,0.062374,22.334000,0
46.940000,-0.562556,-0.036925,-1.646194,-0.622251,-0.068711,-3.090355,0.067631,22.765000,0
46.960000,-0.560127,-0.036702,-1.648019,-0.622405,-0.071707,-3.090355,0.071441,22.391700,0
46.980000,-0.561721,-0.037977,-1.663082,-0.622558,-0.074703,-3.090355,0.071063,22.387400,0
47.000000,-0.563794,-0.042867,-1.661326,-0.622712,-0.077699,-3.090355,0.068445,21.991800,0
47.020000,-0.563269,-0.051458,-1.647733,-0.622866,-0.080695,-3.090355,0.066382,22.334300,0
47.040000,-0.561878,-0.041774,-1.660803,-0.623019,-0.083691,-3.090355,0.074130,21.817400,0
47.060000,-0.562631,-0.053624,-1.635338,-0.623173,-0.086687,-3.090355,0.068982,22.102000,0
47.080000,-0.562786,-0.040512,-1.657967,-0.623327,-0.089683,-3.090355,0.077994,21.998400,0
47.100000,-0.563721,-0.051087,-1.651727,-0.623480,-0.092679,-3.090355,0.072808,22.449700,0
47.120000,-0.564181,-0.069898,-1.634496,-0.623634,-0.095675,-3.090355,0.064801,21.665300,0
47.140000,-0.565318,-0.076381,-1.623217,-0.623788,-0.098671,-3.090355,0.062574,22.144700,0
47.160000,-0.565082,-0.068382,-1.622732,-0.623941,-0.101667,-3.090355,0.067619,18.857100,0
47.180000,-0.566084,-0.082493,-1.610649,-0.624095,-0.104663,-3.090355,0.062103,18.819400,0
47.200000,-0.565068,-0.084656,-1.619461,-0.624249,-0.107659,-3.090355,0.063494,20.964900,0
47.220000,-0.566274,-0.087199,-1.623012,-0.624402,-0.110655,-3.090355,0.062682,18.904400,0
47.240000,-0.566299,-0.087145,-1.620252,-0.624556,-0.113652,-3.090355,0.064004,18.900000,0
47.260000,-0.565950,-0.098297,-1.606601,-0.624709,-0.116648,-3.090355,0.061558,18.725100,0
47.280000,-0.567196,-0.094180,-1.633449,-0.624863,-0.119644,-3.090355,0.063039,20.651600,0
47.300000,-0.565937,-0.099808,-1.625627,-0.625017,-0.122640,-3.090355,0.063339,19.789400,0
47.320000,-0.565822,-0.101759,-1.632799,-0.625170,-0.125636,-3.090355,0.063971,19.087300,0
47.340000,-0.567294,-0.088468,-1.657990,-0.625324,-0.128632,-3.090355,0.070574,19.463900,0
47.360000,-0.565786,-0.093190,-1.658679,-0.625478,-0.131628,-3.090355,0.070997,18.956400,0
47.380000,-0.565387,-0.099034,-1.651868,-0.625631,-0.134624,-3.090355,0.069972,19.126400,0
47.400000,-0.565162,-0.101565,-1.654750,-0.625785,-0.137620,-3.090355,0.070535,19.421100,0
47.420000,-0.565960,-0.104041,-1.657752,-0.625939,-0.140616,-3.090355,0.070251,20.185300,0
47.440000,-0.566645,-0.102044,-1.675662,-0.626092,-0.143612,-3.090355,0.072539,19.363500,0
47.460000,-0.566091,-0.106604,-1.646787,-0.626246,-0.146608,-3.090355,0.072242,19.609000,0
47.480000,-0.568173,-0.112787,-1.655257,-0.626400,-0.149604,-3.090355,0.068891,19.351700,0
47.500000,-0.569786,-0.112583,-1.655664,-0.626553,-0.152600,-3.090355,0.069454,20.049100,0
47.520000,-0.567273,-0.115560,-1.663730,-0.626707,-0.155596,-3.090355,0.071661,19.589200,0
47.540000,-0.566680,-0.120937,-1.662223,-0.626861,-0.158592,-3.090355,0.070990,19.559800,0
47.560000,-0.568228,-0.131760,-1.652165,-0.627014,-0.161589,-3.090355,0.065921,19.424000,0
47.580000,-0.568592,-0.136090,-1.651942,-0.627168,-0.164585,-3.090355,0.065139,19.800800,0
47.600000,-0.567060,-0.133007,-1.653056,-0.627321,-0.167581,-3.090355,0.069474,20.179400,0
47.620000,-0.566247,-0.136282,-1.654556,-0.627475,-0.170577,-3.090355,0.070178,19.581800,0
47.640000,-0.568703,-0.132318,-1.645764,-0.627629,-0.173573,-3.090355,0.071932,19.368400,0
47.660000,-0.568436,-0.136457,-1.641849,-0.627782,-0.176569,-3.090355,0.071630,19.557500,0
47.680000,-0.566620,-0.137412,-1.643546,-0.627936,-0.179565,-3.090355,0.074408,20.046500,0
47.700000,-0.569155,-0.147812,-1.638219,-0.628090,-0.182561,-3.090355,0.068416,19.161200,0
47.720000,-0.569856,-0.161125,-1.619484,-0.628243,-0.185557,-3.090355,0.063293,18.734900,0
47.740000,-0.570683,-0.165805,-1.619170,-0.628397,-0.188553,-3.090355,0.062035,18.276000,0
47.760000,-0.571975,-0.171978,-1.624139,-0.628551,-0.191549,-3.090355,0.059866,19.725100,0
47.780000,-0.573467,-0.170530,-1.632487,-0.628704,-0.194545,-3.090355,0.060232,19.787900,0
47.800000,-0.571426,-0.174767,-1.630472,-0.628858,-0.197541,-3.090355,0.061782,20.591900,0
47.820000,-0.571882,-0.186294,-1.620287,-0.629012,-0.200537,-3.090355,0.058879,19.991600,0
47.840000,-0.570978,-0.181145,-1.626636,-0.629165,-0.203533,-3.090355,0.062346,20.386200,0
47.860000,-0.568408,-0.175481,-1.630611,-0.629319,-0.206529,-3.090355,0.068368,20.283200,0
47.880000,-0.570172,-0.167342,-1.653456,-0.629472,-0.209526,-3.090355,0.072773,20.170300,0
47.900000,-0.571569,-0.160888,-1.682240,-0.629626,-0.212522,-3.090355,0.077696,20.574000,0
47.920000,-0.572753,-0.181831,-1.625427,-0.629591,-0.213386,-3.100681,0.065010,20.552400,0
47.940000,-0.571323,-0.172982,-1.616143,-0.629583,-0.213560,-3.120678,0.070998,20.405100,0
47.960000,-0.575069,-0.170417,-1.601688,-0.629582,-0.213559,-3.138698,0.069519,18.675500,0
47.980000,-0.573414,-0.175454,-1.582656,-0.629581,-0.213556,3.126499,0.067871,17.077700,0
48.000000,-0.573707,-0.177296,-1.559732,-0.629580,-0.213553,3.108509,0.066606,17.056700,0
48.020000,-0.573951,-0.174732,-1.564401,-0.629501,-0.215700,3.098912,0.069024,17.117600,0
48.040000,-0.577018,-0.181311,-1.558001,-0.629498,-0.215712,3.098826,0.062750,17.715100,0
48.060000,-0.576541,-0.179055,-1.558480,-0.629368,-0.218245,3.098808,0.065776,17.434600,0
48.080000,-0.577491,-0.186309,-1.557210,-0.629238,-0.221244,3.098810,0.062436,17.606100,0
48.100000,-0.577614,-0.189420,-1.566761,-0.629108,-0.224243,3.098812,0.062163,17.571700,0
48.120000,-0.573843,-0.198498,-1.551815,-0.628979,-0.227241,3.098814,0.062179,18.534900,0
48.140000,-0.572720,-0.186850,-1.567587,-0.628850,-0.230240,3.098815,0.070945,17.684300,0
48.160000,-0.576061,-0.185807,-1.559743,-0.628721,-0.233238,3.098817,0.070871,16.896300,0
48.180000,-0.575557,-0.197398,-1.555610,-0.628592,-0.236236,3.098818,0.065735,18.239900,0
48.200000,-0.575155,-0.198838,-1.557780,-0.628464,-0.239233,3.098818,0.066885,19.844800,0
48.220000,-0.574097,-0.201493,-1.566231,-0.628335,-0.242231,3.098819,0.067833,19.609600,0
48.240000,-0.574250,-0.206257,-1.563888,-0.628207,-0.245229,3.098820,0.066559,20.555500,0
48.260000,-0.573210,-0.217651,-1.548516,-0.628079,-0.248226,3.098820,0.062813,20.091600,0
48.280000,-0.572595,-0.215744,-1.561646,-0.627950,-0.251224,3.098820,0.065749,19.920600,0
48.300000,-0.573631,-0.224660,-1.551022,-0.627822,-0.254221,3.098820,0.061729,20.027300,0
48.320000,-0.573911,-0.223770,-1.557612,-0.627694,-0.257219,3.098821,0.063336,20.241100,0
48.340000,-0.573594,-0.222225,-1.559370,-0.627565,-0.260216,3.098821,0.066001,21.307600,0
48.360000,-0.574137,-0.216937,-1.569773,-0.627437,-0.263213,3.098821,0.070586,19.894400,0
48.380000,-0.574207,-0.251116,-1.536893,-0.627309,-0.266211,3.098821,0.055206,20.694600,0
48.400000,-0.573412,-0.243067,-1.535782,-0.627181,-0.269208,3.098821,0.059787,20.017900,0
48.420000,-0.571991,-0.250764,-1.522468,-0.627052,-0.272205,3.098821,0.059088,20.525000,0
48.440000,-0.574115,-0.248361,-1.534042,-0.626924,-0.275203,3.098821,0.059239,20.247300,0
48.460000,-0.572940,-0.253793,-1.523859,-0.626796,-0.278200,3.098821,0.059129,21.426000,0
48.480000,-0.573143,-0.264476,-1.519793,-0.626668,-0.281197,3.098821,0.056075,20.285800,0
48.500000,-0.575191,-0.255431,-1.525365,-0.626539,-0.284194,3.098821,0.058855,21.063800,0
48.520000,-0.572708,-0.259857,-1.525537,-0.626411,-0.287192,3.098821,0.060260,20.671000,0
48.540000,-0.571246,-0.265945,-1.520134,-0.626283,-0.290189,3.098821,0.060140,21.000500,0
48.560000,-0.574124,-0.265332,-1.534521,-0.626155,-0.293186,3.098821,0.059018,20.993100,0
48.580000,-0.573278,-0.275145,-1.524697,-0.626026,-0.296183,3.098821,0.056789,20.662600,0
48.600000,-0.573661,-0.275450,-1.533639,-0.625898,-0.299181,3.098821,0.057375,21.058300,0
48.620000,-0.573323,-0.278264,-1.524168,-0.625770,-0.302178,3.098821,0.057641,22.064300,0
48.640000,-0.573396,-0.281608,-1.516988,-0.625642,-0.305175,3.098821,0.057315,18.989400,0
48.660000,-0.572653,-0.285164,-1.522412,-0.625513,-0.308173,3.098821,0.057650,18.800700,0
48.680000,-0.573721,-0.291423,-1.524171,-0.625385,-0.311170,3.098821,0.055309,20.263300,0
48.700000,-0.573059,-0.295074,-1.524186,-0.625257,-0.314167,3.098821,0.055580,18.476100,0
48.720000,-0.573821,-0.282071,-1.553134,-0.625128,-0.317164,3.098821,0.062161,19.122400,0
48.740000,-0.572931,-0.280796,-1.558623,-0.625000,-0.320162,3.098821,0.065275,19.559000,0
48.760000,-0.574328,-0.298060,-1.546753,-0.624872,-0.323159,3.098821,0.056433,19.034000,0
48.780000,-0.572770,-0.306673,-1.535950,-0.624744,-0.326156,3.098821,0.055506,19.907600,0
48.800000,-0.570365,-0.313510,-1.535681,-0.624615,-0.329153,3.098821,0.056461,20.487400,0
48.820000,-0.571922,-0.312543,-1.545779,-0.624487,-0.332151,3.098821,0.056103,19.575300,0
48.840000,-0.572440,-0.321101,-1.535225,-0.624359,-0.335148,3.098821,0.053785,19.473100,0
48.860000,-0.570894,-0.311205,-1.537543,-0.624231,-0.338145,3.098821,0.059754,19.633300,0
48.880000,-0.572578,-0.302578,-1.557593,-0.624102,-0.341142,3.098821,0.064358,18.908000,0
48.900000,-0.573375,-0.312136,-1.544869,-0.623974,-0.344140,3.098821,0.059871,18.545800,0
48.920000,-0.574042,-0.303671,-1.561033,-0.623846,-0.347137,3.098821,0.066104,18.968800,0
48.940000,-0.571092,-0.314818,-1.563751,-0.623717,-0.350134,3.098821,0.063377,19.340800,0
48.960000,-0.571180,-0.325430,-1.549019,-0.623589,-0.353131,3.098821,0.059279,19.548600,0
48.980000,-0.573510,-0.315996,-1.578966,-0.623461,-0.356129,3.098821,0.064076,19.510300,0
49.000000,-0.572781,-0.322289,-1.530536,-0.623333,-0.359126,3.098821,0.062550,19.863200,0
49.020000,-0.571558,-0.324543,-1.558137,-0.623302,-0.360019,3.088889,0.062738,18.365500,0
49.040000,-0.570588,-0.318383,-1.528145,-0.623293,-0.360192,3.068892,0.067274,18.456900,0
49.060000,-0.569377,-0.324572,-1.491522,-0.623292,-0.360200,3.050769,0.064623,17.919300,0
49.080000,-0.572970,-0.330287,-1.477790,-0.623291,-0.360197,3.032781,0.058539,17.756900,0
49.100000,-0.573944,-0.324716,-1.462828,-0.623290,-0.360193,3.014777,0.060775,18.116200,0
49.120000,-0.573610,-0.329769,-1.442154,-0.623289,-0.360187,2.996747,0.058252,17.941800,0
49.140000,-0.575637,-0.325550,-1.425886,-0.623288,-0.360181,2.978704,0.058906,17.898800,0
49.160000,-0.576547,-0.319513,-1.440044,-0.622887,-0.362477,2.971108,0.063192,17.889800,0
49.180000,-0.576390,-0.328732,-1.437243,-0.622375,-0.365436,2.971109,0.058837,19.278700,0
49.200000,-0.577009,-0.326563,-1.426799,-0.621864,-0.368395,2.971111,0.061334,18.657900,0
49.220000,-0.574940,-0.326501,-1.430904,-0.621354,-0.371353,2.971114,0.064544,18.688100,0
49.240000,-0.573586,-0.337884,-1.426306,-0.620844,-0.374311,2.971118,0.059667,19.597400,0
49.260000,-0.571269,-0.346424,-1.421105,-0.620334,-0.377269,2.971120,0.057955,18.968900,0
49.280000,-0.570511,-0.346368,-1.430469,-0.619825,-0.380227,2.971122,0.059819,18.155000,0
49.300000,-0.569265,-0.353836,-1.426063,-0.619315,-0.383184,2.971124,0.058020,20.217900,0
49.320000,-0.570226,-0.357182,-1.425857,-0.618806,-0.386142,2.971125,0.056557,20.880600,0
49.340000,-0.569870,-0.357671,-1.434245,-0.618297,-0.389099,2.971126,0.057731,21.121800,0
49.360000,-0.567991,-0.362476,-1.424264,-0.617788,-0.392056,2.971127,0.057920,20.976100,0
49.380000,-0.571853,-0.346716,-1.452476,-0.617279,-0.395013,2.971128,0.066303,20.278600,0
49.400000,-0.573633,-0.355666,-1.432084,-0.616770,-0.397969,2.971128,0.060418,20.486200,0
49.420000,-0.575553,-0.351967,-1.442731,-0.616261,-0.400926,2.971129,0.063672,19.665700,0
49.440000,-0.571632,-0.371067,-1.429171,-0.615752,-0.403883,2.971129,0.054986,18.952500,0
49.460000,-0.570724,-0.371626,-1.432082,-0.615243,-0.406840,2.971129,0.056762,19.299900,0
49.480000,-0.570781,-0.371740,-1.434399,-0.614734,-0.409796,2.971129,0.058139,18.897900,0
49.500000,-0.571013,-0.371185,-1.440172,-0.614226,-0.412753,2.971129,0.059960,19.876600,0
49.520000,-0.570860,-0.373004,-1.433328,-0.613717,-0.415710,2.971129,0.060502,19.980700,0
49.540000,-0.569617,-0.376089,-1.420726,-0.613208,-0.418666,2.971129,0.060934,20.508600,0
49.560000,-0.569487,-0.379083,-1.428896,-0.612699,-0.421623,2.971129,0.060637,20.720600,0
49.580000,-0.569132,-0.385195,-1.432782,-0.612190,-0.424579,2.971129,0.058354,20.587200,0
49.600000,-0.565534,-0.387453,-1.429147,-0.611681,-0.427536,2.971129,0.061124,21.260000,0
49.620000,-0.566331,-0.389346,-1.445806,-0.611172,-0.430492,2.971129,0.060858,20.953900,0
49.640000,-0.563409,-0.396824,-1.435309,-0.610663,-0.433449,2.971129,0.059786,20.675600,0
49.660000,-0.565978,-0.401348,-1.415523,-0.610576,-0.434171,2.958936,0.055374,20.500000,0
49.680000,-0.565419,-0.395811,-1.380438,-0.610544,-0.434341,2.938938,0.059336,21.092300,0
49.700000,-0.565264,-0.399377,-1.385697,-0.610544,-0.434340,2.920919,0.057207,20.304700,0
49.720000,-0.566323,-0.400286,-1.349312,-0.610544,-0.434336,2.902921,0.055811,20.104200,0
49.740000,-0.565471,-0.399758,-1.343124,-0.610543,-0.434331,2.884910,0.056804,22.451400,0
49.760000,-0.565449,-0.404583,-1.305803,-0.610542,-0.434327,2.866892,0.054019,19.806600,0
49.780000,-0.563843,-0.408389,-1.312934,-0.609841,-0.436706,2.860932,0.054015,19.709900,0
49.800000,-0.564832,-0.408361,-1.324658,-0.609008,-0.439591,2.860930,0.054100,20.082200,0
49.820000,-0.566354,-0.409089,-1.325300,-0.608175,-0.442476,2.860931,0.053513,20.453600,0
49.840000,-0.567402,-0.412531,-1.330430,-0.607343,-0.445361,2.860935,0.051702,21.331100,0
49.860000,-0.565222,-0.419075,-1.317313,-0.606511,-0.448245,2.860937,0.050554,23.799300,0
49.880000,-0.563787,-0.422658,-1.326120,-0.605679,-0.451129,2.860939,0.050651,22.229400,0
49.900000,-0.562252,-0.429010,-1.326484,-0.604848,-0.454012,2.860941,0.049391,20.161600,0
49.920000,-0.563137,-0.424702,-1.311809,-0.604016,-0.456896,2.860942,0.052034,20.381500,0
49.940000,-0.564256,-0.420880,-1.323687,-0.603185,-0.459779,2.860943,0.055032,19.882100,0
49.960000,-0.561743,-0.421963,-1.325744,-0.602354,-0.462662,2.860944,0.057495,20.265900,0
49.980000,-0.558107,-0.428122,-1.335902,-0.601523,-0.465545,2.860945,0.057319,20.926000,0
50.000000,-0.560134,-0.431115,-1.320204,-0.600692,-0.468428,2.860945,0.055111,20.499800,0
50.020000,-0.559967,-0.437525,-1.321372,-0.599861,-0.471311,2.860946,0.052278,20.302300,0
50.040000,-0.557351,-0.444638,-1.327853,-0.599030,-0.474194,2.860946,0.051095,20.505200,0
50.060000,-0.557987,-0.446435,-1.317481,-0.598199,-0.477077,2.860946,0.050556,20.654100,0
50.080000,-0.557797,-0.448997,-1.331229,-0.597368,-0.479959,2.860946,0.050244,21.180100,0
50.100000,-0.556259,-0.456082,-1.324526,-0.596537,-0.482842,2.860946,0.048357,21.186900,0
50.120000,-0.554999,-0.460599,-1.316928,-0.595706,-0.485725,2.860947,0.047837,20.948300,0
50.140000,-0.556355,-0.445720,-1.334830,-0.594875,-0.488608,2.860947,0.057647,20.545800,0
50.160000,-0.553123,-0.457279,-1.314419,-0.594044,-0.491490,2.860947,0.053338,20.571900,0
50.180000,-0.552543,-0.466320,-1.309870,-0.593214,-0.494373,2.860947,0.049408,20.467800,0
50.200000,-0.552080,-0.468459,-1.313730,-0.592383,-0.497256,2.860947,0.049534,20.402900,0
50.220000,-0.550012,-0.471014,-1.311591,-0.591552,-0.500138,2.860947,0.050732,22.180400,0
50.240000,-0.549288,-0.472158,-1.312950,-0.590721,-0.503021,2.860947,0.051664,20.326400,0
50.260000,-0.552918,-0.463206,-1.339626,-0.589890,-0.505904,2.860947,0.056481,20.659200,0
50.280000,-0.549679,-0.469455,-1.329369,-0.589059,-0.508786,2.860947,0.055657,22.894900,0
50.300000,-0.551645,-0.472132,-1.328631,-0.588228,-0.511669,2.860947,0.053866,22.606400,0
50.320000,-0.546105,-0.489940,-1.318215,-0.587397,-0.514552,2.860947,0.048071,19.413100,0
50.340000,-0.546696,-0.479748,-1.303173,-0.587289,-0.515159,2.847351,0.053868,20.268100,0
50.360000,-0.547843,-0.479749,-1.280367,-0.587250,-0.515288,2.827789,0.053066,19.696300,0
50.380000,-0.550184,-0.485184,-1.257508,-0.587250,-0.515286,2.809784,0.047749,20.145200,0
50.400000,-0.548752,-0.483011,-1.238655,-0.587250,-0.515281,2.791782,0.050234,20.410100,0
50.420000,-0.547990,-0.490992,-1.211592,-0.587249,-0.515277,2.773773,0.046163,21.755600,0
50.440000,-0.550319,-0.480389,-1.221625,-0.587249,-0.515272,2.755761,0.050800,20.757300,0
50.460000,-0.550615,-0.486761,-1.192805,-0.587248,-0.515268,2.737746,0.046418,21.103900,0
50.480000,-0.549282,-0.489321,-1.163807,-0.587248,-0.515264,2.719732,0.045984,23.014500,0
50.500000,-0.553336,-0.483398,-1.148192,-0.587247,-0.515260,2.701718,0.046531,21.688500,0
50.520000,-0.553807,-0.482277,-1.148033,-0.587246,-0.515257,2.683705,0.046966,18.877000,0
50.540000,-0.554957,-0.483463,-1.121100,-0.587245,-0.515253,2.665694,0.045312,21.520300,0
50.560000,-0.554433,-0.480114,-1.114441,-0.587244,-0.515250,2.647684,0.048074,21.780500,0
50.580000,-0.551211,-0.490617,-1.072308,-0.587244,-0.515247,2.629676,0.043647,18.655900,0
50.600000,-0.554498,-0.485731,-1.069334,-0.587243,-0.515244,2.611669,0.044082,19.882100,0
50.620000,-0.557707,-0.482006,-1.067613,-0.587242,-0.515241,2.593664,0.044462,20.619400,0
50.640000,-0.556569,-0.479844,-1.030609,-0.587241,-0.515238,2.575661,0.046835,20.354200,0
50.660000,-0.553923,-0.485142,-1.026588,-0.587240,-0.515236,2.557659,0.044897,20.617900,0
50.680000,-0.555687,-0.483745,-0.987220,-0.587239,-0.515233,2.539658,0.044576,20.509400,0
50.700000,-0.555158,-0.486391,-0.963162,-0.587238,-0.515231,2.521659,0.043138,19.508600,0
50.720000,-0.555720,-0.488863,-0.951904,-0.587237,-0.515228,2.503660,0.041091,19.163500,0
50.740000,-0.556195,-0.486742,-0.942450,-0.587236,-0.515226,2.485663,0.042130,20.078400,0
50.760000,-0.557353,-0.485519,-0.910021,-0.587235,-0.515224,2.467666,0.042135,20.102300,0
50.780000,-0.558214,-0.485133,-0.895199,-0.587234,-0.515222,2.449671,0.041803,20.105800,0
50.800000,-0.558930,-0.486196,-0.893112,-0.587233,-0.515219,2.431676,0.040539,19.866000,0
50.820000,-0.565077,-0.480013,-0.882769,-0.587232,-0.515217,2.413682,0.041595,20.298000,0
50.840000,-0.562106,-0.486661,-0.838459,-0.587231,-0.515215,2.395688,0.038034,20.337000,0
50.860000,-0.561068,-0.488603,-0.826722,-0.587230,-0.515213,2.377695,0.037317,20.228600,0
50.880000,-0.565459,-0.482728,-0.831327,-0.587230,-0.515211,2.359702,0.039104,22.506000,0
50.900000,-0.559652,-0.491572,-0.790713,-0.587229,-0.515209,2.341710,0.036321,22.781000,0
50.920000,-0.562580,-0.490133,-0.776759,-0.587228,-0.515207,2.323719,0.035160,22.154000,0
50.940000,-0.562183,-0.491402,-0.764868,-0.587227,-0.515205,2.305727,0.034551,19.156800,0
50.960000,-0.562235,-0.489757,-0.736683,-0.587226,-0.515203,2.287737,0.035666,20.519800,0
50.980000,-0.562891,-0.490203,-0.719738,-0.587225,-0.515201,2.269746,0.034886,20.389300,0
51.000000,-0.565899,-0.489941,-0.717771,-0.587225,-0.515199,2.251756,0.033057,21.844700,0
51.020000,-0.562250,-0.498109,-0.667114,-0.587224,-0.515197,2.233766,0.030260,22.018700,0
51.040000,-0.564903,-0.496221,-0.678008,-0.587223,-0.515195,2.215777,0.029296,20.158800,0
51.060000,-0.568504,-0.493363,-0.654075,-0.587223,-0.515193,2.197788,0.028757,18.467300,0
51.080000,-0.566003,-0.492713,-0.641082,-0.587222,-0.515192,2.179799,0.030912,18.281300,0
51.100000,-0.561604,-0.500026,-0.610879,-0.587221,-0.515190,2.161811,0.029769,18.249500,0
51.120000,-0.569827,-0.493714,-0.602943,-0.587221,-0.515188,2.143822,0.027635,18.448600,0
51.140000,-0.565216,-0.495525,-0.580618,-0.587220,-0.515186,2.125834,0.029508,20.695800,0
51.160000,-0.572120,-0.493075,-0.576050,-0.587219,-0.515184,2.107847,0.026773,20.898800,0
51.180000,-0.564154,-0.496725,-0.535989,-0.587219,-0.515182,2.089859,0.029541,20.486000,0
51.200000,-0.570579,-0.497628,-0.529237,-0.587218,-0.515180,2.071872,0.024186,20.514200,0
51.220000,-0.565234,-0.502391,-0.498133,-0.587218,-0.515178,2.053885,0.025432,21.548100,0
51.240000,-0.565808,-0.504449,-0.489786,-0.587217,-0.515176,2.035898,0.023945,21.088400,0
51.260000,-0.570853,-0.498727,-0.477756,-0.587216,-0.515175,2.017912,0.023201,21.396800,0
51.280000,-0.563949,-0.504630,-0.450842,-0.587216,-0.515173,1.999925,0.025545,21.678100,0
51.300000,-0.569437,-0.499494,-0.435040,-0.587216,-0.515171,1.981939,0.023704,21.017600,0
51.320000,-0.573726,-0.498652,-0.426026,-0.587215,-0.515169,1.963953,0.021325,20.701900,0
51.340000,-0.548158,-0.511738,-0.365355,-0.587215,-0.515167,1.945967,0.039207,21.787000,0
51.360000,-0.571872,-0.504561,-0.376750,-0.587214,-0.515165,1.927982,0.018650,20.881300,0
51.380000,-0.577340,-0.503709,-0.373481,-0.587214,-0.515163,1.909997,0.015122,21.871200,0
51.400000,-0.571048,-0.505641,-0.377495,-0.584968,-0.516128,1.908522,0.017428,21.521600,0
51.420000,-0.577859,-0.500689,-0.392868,-0.582134,-0.517123,1.908524,0.016981,21.861700,0
51.440000,-0.558154,-0.508987,-0.353869,-0.579300,-0.518119,1.908537,0.023033,22.469800,0
51.460000,-0.548724,-0.511238,-0.329904,-0.576467,-0.519114,1.908546,0.028839,21.059000,0
51.480000,-0.553080,-0.510318,-0.337335,-0.573635,-0.520110,1.908553,0.022768,18.638900,0
51.500000,-0.553111,-0.510147,-0.344401,-0.570802,-0.521105,1.908558,0.020810,18.448400,0
51.520000,-0.551123,-0.511596,-0.334574,-0.567971,-0.522100,1.908561,0.019854,19.311100,0
51.540000,-0.544974,-0.512072,-0.334329,-0.565139,-0.523095,1.908563,0.022981,19.486000,0
51.560000,-0.546920,-0.512100,-0.334601,-0.562308,-0.524090,1.908564,0.019507,19.542300,0
51.580000,-0.538388,-0.515392,-0.328698,-0.559477,-0.525084,1.908565,0.023210,19.912900,0
51.600000,-0.535508,-0.514730,-0.341233,-0.556646,-0.526079,1.908566,0.023992,19.748500,0
51.620000,-0.528990,-0.517808,-0.333872,-0.553815,-0.527073,1.908567,0.026497,19.867500,0
51.640000,-0.522256,-0.521313,-0.330324,-0.550984,-0.528068,1.908567,0.029511,19.842500,0
51.660000,-0.531453,-0.515774,-0.346743,-0.548153,-0.529062,1.908568,0.021341,20.156400,0
51.680000,-0.519372,-0.519536,-0.329500,-0.545323,-0.530057,1.908569,0.028003,20.123800,0
51.700000,-0.511914,-0.522243,-0.337346,-0.542492,-0.531051,1.908569,0.031821,19.871400,0
51.720000,-0.517166,-0.521588,-0.334136,-0.539662,-0.532045,1.908569,0.024808,19.803000,0
51.740000,-0.515078,-0.522362,-0.329541,-0.536831,-0.533040,1.908569,0.024232,19.425600,0
51.760000,-0.512531,-0.522469,-0.326801,-0.534000,-0.534034,1.908570,0.024386,19.423200,0
51.780000,-0.506498,-0.524611,-0.347282,-0.531170,-0.535028,1.908570,0.026781,19.972700,0
51.800000,-0.503872,-0.529171,-0.343846,-0.528339,-0.536022,1.908570,0.025408,20.551300,0
51.820000,-0.501975,-0.529135,-0.341876,-0.525509,-0.537017,1.908570,0.024819,21.513800,0
51.840000,-0.494716,-0.531644,-0.329542,-0.522678,-0.538011,1.908570,0.028678,20.349600,0
51.860000,-0.492590,-0.534126,-0.331141,-0.519848,-0.539005,1.908570,0.027691,21.114000,0
51.880000,-0.495702,-0.531755,-0.344018,-0.517017,-0.539999,1.908570,0.022854,22.082200,0
51.900000,-0.498842,-0.529340,-0.367482,-0.514187,-0.540993,1.908570,0.019268,21.844800,0
51.920000,-0.498602,-0.530841,-0.342503,-0.513685,-0.541055,1.892752,0.018216,25.119100,0
51.940000,-0.502514,-0.531025,-0.343634,-0.513597,-0.541031,1.873670,0.014932,24.386700,0
51.960000,-0.491326,-0.533689,-0.293964,-0.513600,-0.541029,1.855682,0.023452,24.413600,0
51.980000,-0.506210,-0.531532,-0.299531,-0.513603,-0.541027,1.837693,0.012034,22.341800,0
52.000000,-0.483104,-0.540424,-0.261602,-0.513605,-0.541025,1.819702,0.030507,21.527400,0
52.020000,-0.497322,-0.535528,-0.254815,-0.513606,-0.541023,1.801710,0.017186,20.355000,0
52.040000,-0.503549,-0.534930,-0.244057,-0.513607,-0.541021,1.783719,0.011758,21.136300,0
52.060000,-0.491849,-0.537063,-0.207458,-0.513608,-0.541018,1.765728,0.022115,22.146400,0
52.080000,-0.485548,-0.539611,-0.199635,-0.511284,-0.541501,1.758592,0.025806,21.221600,0
52.100000,-0.477255,-0.541555,-0.194816,-0.508334,-0.542060,1.758595,0.031083,20.557100,0
52.120000,-0.484226,-0.539389,-0.193500,-0.505383,-0.542620,1.758602,0.021402,20.910900,0
52.140000,-0.477737,-0.540937,-0.182788,-0.502433,-0.543179,1.758607,0.024798,19.606600,0
52.160000,-0.477953,-0.540273,-0.190220,-0.499484,-0.543739,1.758611,0.021808,21.342700,0
52.180000,-0.474669,-0.540800,-0.180327,-0.496535,-0.544299,1.758614,0.022144,19.524500,0
52.200000,-0.474933,-0.539185,-0.183552,-0.493587,-0.544859,1.758616,0.019498,20.012100,0
52.220000,-0.470705,-0.540752,-0.194275,-0.490638,-0.545420,1.758618,0.020472,19.834600,0
52.240000,-0.464480,-0.542558,-0.181169,-0.487690,-0.545980,1.758619,0.023461,20.792500,0
52.260000,-0.467159,-0.541223,-0.187288,-0.484742,-0.546540,1.758620,0.018369,21.336500,0
52.280000,-0.467866,-0.542041,-0.192572,-0.481795,-0.547100,1.758620,0.014819,20.211900,0
52.300000,-0.465777,-0.541203,-0.217618,-0.478847,-0.547661,1.758621,0.014579,20.383900,0
52.320000,-0.459619,-0.542100,-0.197738,-0.478188,-0.547741,1.745548,0.019407,21.701900,0
52.340000,-0.464843,-0.544127,-0.176965,-0.478017,-0.547708,1.725547,0.013652,21.091200,0
52.360000,-0.463970,-0.544506,-0.163801,-0.478019,-0.547706,1.707550,0.014409,20.731800,0
52.380000,-0.471939,-0.545171,-0.143300,-0.478022,-0.547705,1.689562,0.006589,21.315100,0
52.400000,-0.447280,-0.549458,-0.106147,-0.478024,-0.547703,1.671573,0.030794,21.846700,0
52.420000,-0.462004,-0.548421,-0.104862,-0.478026,-0.547702,1.653583,0.016038,22.611400,0
52.440000,-0.471680,-0.548428,-0.089438,-0.478028,-0.547700,1.635593,0.006389,22.841300,0
52.460000,-0.472900,-0.548036,-0.079321,-0.478029,-0.547698,1.617604,0.005140,23.368000,0
52.480000,-0.462891,-0.549126,-0.061158,-0.478030,-0.547696,1.599616,0.015206,23.636400,0
52.500000,-0.468709,-0.546062,-0.058785,-0.475881,-0.547802,1.590020,0.007380,23.187400,0
52.520000,-0.456778,-0.550026,-0.061574,-0.472879,-0.547857,1.590022,0.016247,22.850600,0
52.540000,-0.459886,-0.551405,-0.048315,-0.469876,-0.547913,1.590026,0.010583,22.617500,0
52.560000,-0.462132,-0.547457,-0.063647,-0.466874,-0.547969,1.590032,0.004770,22.788900,0
52.580000,-0.439028,-0.549887,-0.046693,-0.463872,-0.548026,1.590036,0.024914,22.257100,0
52.600000,-0.442680,-0.551474,-0.043661,-0.460871,-0.548083,1.590040,0.018504,22.796200,0
52.620000,-0.441797,-0.552096,-0.054007,-0.457870,-0.548141,1.590043,0.016553,22.485100,0
52.640000,-0.443614,-0.552706,-0.055964,-0.454870,-0.548198,1.590046,0.012125,22.441900,0
52.660000,-0.441070,-0.553582,-0.048800,-0.451869,-0.548256,1.590048,0.012041,23.296800,0
52.680000,-0.441510,-0.553604,-0.062024,-0.448869,-0.548314,1.590050,0.009063,22.475800,0
52.700000,-0.435584,-0.551306,-0.048642,-0.445869,-0.548372,1.590051,0.010695,22.668600,0
52.720000,-0.430058,-0.552135,-0.038082,-0.442869,-0.548429,1.590052,0.013337,21.993200,0
52.740000,-0.425319,-0.550642,-0.036549,-0.439870,-0.548487,1.590052,0.014709,22.386000,0
52.760000,-0.410522,-0.552226,-0.012926,-0.436870,-0.548545,1.590053,0.026603,19.472300,0
52.780000,-0.409183,-0.550344,-0.035198,-0.433870,-0.548603,1.590053,0.024748,18.791600,0
52.800000,-0.405242,-0.551495,-0.023181,-0.430871,-0.548661,1.590054,0.025785,19.103500,0
52.820000,-0.407265,-0.550373,-0.019278,-0.427871,-0.548719,1.590054,0.020672,19.475500,0
52.840000,-0.409294,-0.552550,-0.019947,-0.424872,-0.548777,1.590054,0.016028,20.194400,0
52.860000,-0.407847,-0.551562,-0.016739,-0.421872,-0.548835,1.590054,0.014287,19.969300,0
52.880000,-0.401858,-0.550383,-0.015063,-0.418872,-0.548892,1.590054,0.017080,20.132900,0
52.900000,-0.392779,-0.550450,-0.018818,-0.415873,-0.548950,1.590054,0.023143,20.733100,0
52.920000,-0.399114,-0.549777,-0.052233,-0.412873,-0.549008,1.590054,0.013781,18.754000,0
52.940000,-0.394130,-0.553202,-0.048809,-0.409874,-0.549066,1.590054,0.016278,18.736600,0
52.960000,-0.391779,-0.552713,-0.045095,-0.406874,-0.549124,1.590054,0.015516,18.566200,0
52.980000,-0.391302,-0.552576,-0.064104,-0.403875,-0.549181,1.590054,0.013024,19.114500,0
53.000000,-0.391578,-0.551565,-0.072689,-0.400876,-0.549239,1.590054,0.009584,19.764600,0
53.020000,-0.382310,-0.553450,-0.045494,-0.397876,-0.549297,1.590054,0.016111,19.944700,0
53.040000,-0.377708,-0.554249,-0.047965,-0.394877,-0.549355,1.590054,0.017853,20.138600,0
53.060000,-0.375114,-0.553990,-0.054962,-0.391877,-0.549413,1.590054,0.017376,19.522000,0
53.080000,-0.366491,-0.554133,-0.031913,-0.388878,-0.549470,1.590054,0.022867,19.764100,0
53.100000,-0.365425,-0.552835,-0.038119,-0.385878,-0.549528,1.590054,0.020718,19.909100,0
53.120000,-0.352282,-0.555305,-0.011927,-0.382879,-0.549586,1.590054,0.031126,20.173200,0
53.140000,-0.366259,-0.555062,-0.023010,-0.379879,-0.549644,1.590054,0.014658,19.255400,0
53.160000,-0.358500,-0.555564,-0.031202,-0.376880,-0.549701,1.590054,0.019293,20.205100,0
53.180000,-0.352463,-0.555084,-0.021948,-0.373881,-0.549759,1.590054,0.022070,20.774000,0
53.200000,-0.345251,-0.553483,-0.006606,-0.370881,-0.549817,1.590054,0.025891,22.542400,0
53.220000,-0.344334,-0.554705,-0.011624,-0.367882,-0.549875,1.590054,0.024039,21.615700,0
53.240000,-0.340330,-0.554559,-0.023113,-0.364882,-0.549933,1.590054,0.024984,18.728600,0
53.260000,-0.331756,-0.554670,-0.012055,-0.361883,-0.549990,1.590054,0.030489,19.078400,0
53.280000,-0.334463,-0.554776,-0.008186,-0.358883,-0.550048,1.590054,0.024873,20.325300,0
53.300000,-0.339580,-0.557114,-0.030553,-0.355884,-0.550106,1.590054,0.017747,22.241200,0
53.320000,-0.333547,-0.555604,-0.021499,-0.352884,-0.550164,1.590054,0.020088,21.946200,0
53.340000,-0.331635,-0.554572,-0.024624,-0.349885,-0.550221,1.590054,0.018761,22.339800,0
53.360000,-0.326948,-0.553886,-0.020987,-0.346886,-0.550279,1.590054,0.020261,21.873700,0
53.380000,-0.323545,-0.554964,-0.017620,-0.343886,-0.550337,1.590054,0.020861,22.167400,0
53.400000,-0.320737,-0.555444,-0.018586,-0.340887,-0.550395,1.590054,0.020773,21.566300,0
53.420000,-0.316050,-0.556254,-0.010889,-0.337887,-0.550452,1.590054,0.022595,18.793600,0
53.440000,-0.310006,-0.556236,-0.013008,-0.334888,-0.550510,1.590054,0.025533,19.058100,0
53.460000,-0.308367,-0.555952,-0.028205,-0.331888,-0.550568,1.590054,0.024129,19.077100,0
53.480000,-0.317208,-0.557574,-0.030688,-0.330964,-0.550553,1.580549,0.015444,19.898700,0
53.500000,-0.321697,-0.557327,-0.016476,-0.330791,-0.550551,1.560552,0.011340,20.102400,0
53.520000,-0.318410,-0.557112,0.020724,-0.330777,-0.550550,1.542365,0.014000,20.054900,0
53.540000,-0.323837,-0.560160,0.008330,-0.330780,-0.550549,1.524376,0.011857,20.107300,0
53.560000,-0.319784,-0.561652,0.025665,-0.330783,-0.550548,1.506387,0.015629,20.370000,0
53.580000,-0.317663,-0.562574,0.039825,-0.328594,-0.550394,1.497300,0.016365,20.372800,0
53.600000,-0.313303,-0.561695,0.040751,-0.325600,-0.550171,1.497302,0.016853,20.094500,0
53.620000,-0.311267,-0.560237,0.051631,-0.322605,-0.549949,1.497306,0.015310,20.203800,0
53.640000,-0.311003,-0.557470,0.054351,-0.319612,-0.549727,1.497308,0.011578,20.066900,0
53.660000,-0.309707,-0.559506,0.043506,-0.316618,-0.549505,1.497310,0.012156,19.912500,0
53.680000,-0.296837,-0.559728,0.048532,-0.313625,-0.549284,1.497312,0.019772,18.979400,0
53.700000,-0.275596,-0.558716,0.061789,-0.310632,-0.549063,1.497313,0.036342,20.506400,0
53.720000,-0.279245,-0.558786,0.071896,-0.307640,-0.548842,1.497315,0.030086,21.017000,0
53.740000,-0.284124,-0.557721,0.076437,-0.304647,-0.548622,1.497316,0.022450,21.353700,0
53.760000,-0.282334,-0.559427,0.076098,-0.301655,-0.548401,1.497316,0.022246,21.744900,0
53.780000,-0.279967,-0.557444,0.065266,-0.298662,-0.548181,1.497317,0.020864,21.514100,0
53.800000,-0.272764,-0.557552,0.071059,-0.295670,-0.547961,1.497317,0.024833,22.028800,0
53.820000,-0.274607,-0.555909,0.068601,-0.292678,-0.547740,1.497318,0.019831,21.587700,0
53.840000,-0.273907,-0.556606,0.077082,-0.289686,-0.547520,1.497318,0.018208,21.697600,0
53.860000,-0.271236,-0.555764,0.082328,-0.286694,-0.547300,1.497318,0.017623,22.318100,0
53.880000,-0.268199,-0.556310,0.073519,-0.283702,-0.547080,1.497318,0.018042,19.150100,0
53.900000,-0.265792,-0.554559,0.074774,-0.280710,-0.546860,1.497318,0.016788,19.154700,0
53.920000,-0.264902,-0.557039,0.046650,-0.277718,-0.546639,1.497319,0.016505,19.188500,0
53.940000,-0.261388,-0.557177,0.073239,-0.276869,-0.546591,1.486783,0.018755,19.487200,0
53.960000,-0.271939,-0.557687,0.075222,-0.276696,-0.546576,1.466785,0.012086,20.943800,0
53.980000,-0.259123,-0.557095,0.107104,-0.276695,-0.546575,1.448740,0.020480,21.754300,0
54.000000,-0.260383,-0.559199,0.118497,-0.276698,-0.546575,1.430751,0.020629,22.030500,0
54.020000,-0.259420,-0.559077,0.146469,-0.276701,-0.546574,1.412754,0.021330,21.993100,0
54.040000,-0.266516,-0.561681,0.146931,-0.276706,-0.546573,1.394737,0.018224,21.908600,0
54.060000,-0.262742,-0.561637,0.179162,-0.276711,-0.546572,1.376709,0.020545,21.948400,0
54.080000,-0.272075,-0.561907,0.185750,-0.276717,-0.546571,1.358676,0.016023,22.990900,0
54.100000,-0.265338,-0.563336,0.214252,-0.276722,-0.546570,1.340642,0.020266,22.306900,0
54.120000,-0.283484,-0.567530,0.203328,-0.276727,-0.546569,1.322609,0.022023,22.739900,0
54.140000,-0.258129,-0.564053,0.222605,-0.274363,-0.545940,1.316272,0.024323,22.932200,0
54.160000,-0.256470,-0.564007,0.224895,-0.271456,-0.545183,1.316272,0.024061,22.817900,0
54.180000,-0.253327,-0.562820,0.229471,-0.268550,-0.544426,1.316275,0.023876,22.794800,0
54.200000,-0.251508,-0.562070,0.239977,-0.265645,-0.543669,1.316281,0.023205,22.607600,0
54.220000,-0.250475,-0.562205,0.224373,-0.262739,-0.542913,1.316285,0.022860,22.325900,0
54.240000,-0.232815,-0.558401,0.237034,-0.259835,-0.542157,1.316289,0.031527,19.916000,0
54.260000,-0.243346,-0.560570,0.230571,-0.256930,-0.541401,1.316292,0.023495,20.462200,0
54.280000,-0.238978,-0.557754,0.248037,-0.254026,-0.540645,1.316294,0.022785,20.325000,0
54.300000,-0.231273,-0.555620,0.261751,-0.251121,-0.539890,1.316296,0.025325,20.666100,0
54.320000,-0.228675,-0.555004,0.261795,-0.248217,-0.539134,1.316298,0.025174,20.567700,0
54.340000,-0.222257,-0.554192,0.263884,-0.245314,-0.538379,1.316299,0.027958,21.124500,0
54.360000,-0.221460,-0.554198,0.250049,-0.242410,-0.537624,1.316300,0.026713,28.587400,0
54.380000,-0.219180,-0.553290,0.257397,-0.239506,-0.536868,1.316301,0.026131,21.436600,0
54.400000,-0.211228,-0.550016,0.260248,-0.236602,-0.536113,1.316301,0.028934,22.301600,0
54.420000,-0.209931,-0.552152,0.268238,-0.233699,-0.535358,1.316302,0.029103,22.475500,0
54.440000,-0.209317,-0.550939,0.238671,-0.230795,-0.534603,1.316302,0.026984,23.770000,0
54.460000,-0.210704,-0.550324,0.229810,-0.227892,-0.533847,1.316302,0.023810,23.577500,0
54.480000,-0.204688,-0.550935,0.228659,-0.224988,-0.533092,1.316302,0.027027,24.634200,0
54.500000,-0.204307,-0.551103,0.227655,-0.222085,-0.532337,1.316302,0.025850,20.545800,0
54.520000,-0.197931,-0.548494,0.216638,-0.219181,-0.531582,1.316302,0.027159,21.272700,0
54.540000,-0.197484,-0.549384,0.229124,-0.216278,-0.530827,1.316302,0.026412,21.455200,0
54.560000,-0.199998,-0.549562,0.222618,-0.213374,-0.530071,1.316302,0.023640,23.710600,0
54.580000,-0.202206,-0.549195,0.245773,-0.212743,-0.529967,1.302994,0.021926,22.903600,0
54.600000,-0.194691,-0.549238,0.275080,-0.212603,-0.529928,1.283325,0.026339,21.672600,0
54.620000,-0.198086,-0.550451,0.275142,-0.212606,-0.529928,1.265323,0.025140,22.485600,0
54.640000,-0.201864,-0.551156,0.310899,-0.212610,-0.529928,1.247326,0.023793,21.443600,0
54.660000,-0.204258,-0.552393,0.293690,-0.212614,-0.529928,1.229319,0.023968,27.883300,0
54.680000,-0.190413,-0.548291,0.355634,-0.212618,-0.529927,1.211308,0.028815,21.485100,0
54.700000,-0.200847,-0.552630,0.343291,-0.212622,-0.529927,1.193294,0.025575,23.342100,0
54.720000,-0.189361,-0.549217,0.398691,-0.212626,-0.529926,1.175280,0.030222,23.180600,0
54.740000,-0.198357,-0.554220,0.381163,-0.212630,-0.529925,1.157265,0.028177,23.527800,0
54.760000,-0.196230,-0.553927,0.401855,-0.212634,-0.529924,1.139252,0.029073,23.225700,0
54.780000,-0.194082,-0.554187,0.394401,-0.210229,-0.528815,1.135251,0.030074,23.606300,0
54.800000,-0.190488,-0.551869,0.419553,-0.207506,-0.527547,1.135251,0.029684,27.817800,0
54.820000,-0.188293,-0.551068,0.411198,-0.204784,-0.526279,1.135254,0.029773,22.600700,0
54.840000,-0.186473,-0.550438,0.408242,-0.202062,-0.525012,1.135258,0.029825,20.714600,0
54.860000,-0.182010,-0.549718,0.404298,-0.199340,-0.523746,1.135262,0.031223,22.663800,0
54.880000,-0.185997,-0.551244,0.411520,-0.196619,-0.522479,1.135266,0.030663,24.049000,0
54.900000,-0.174966,-0.546801,0.412621,-0.193898,-0.521213,1.135269,0.031831,23.294300,0
54.920000,-0.181404,-0.548122,0.398697,-0.191177,-0.519947,1.135271,0.029821,24.305400,0
54.940000,-0.172115,-0.544432,0.402094,-0.188456,-0.518681,1.135273,0.030498,21.412200,0
54.960000,-0.162206,-0.540166,0.436958,-0.185735,-0.517415,1.135274,0.032730,18.683000,0
54.980000,-0.169264,-0.543360,0.421916,-0.185305,-0.517215,1.119470,0.030674,19.821000,0
55.000000,-0.163762,-0.542133,0.466508,-0.185238,-0.517182,1.100590,0.032921,19.572800,0
55.020000,-0.171039,-0.543976,0.456742,-0.185241,-0.517182,1.082601,0.030325,18.794200,0
55.040000,-0.165945,-0.541113,0.495217,-0.185244,-0.517183,1.064608,0.030743,19.824400,0
55.060000,-0.158366,-0.537999,0.530051,-0.185248,-0.517183,1.046609,0.033999,20.347600,0
55.080000,-0.168849,-0.543737,0.513622,-0.185251,-0.517183,1.028607,0.031212,20.279500,0
55.100000,-0.162603,-0.542479,0.555410,-0.185255,-0.517183,1.010603,0.033956,19.427800,0
55.120000,-0.169700,-0.547462,0.548605,-0.185258,-0.517182,0.992599,0.034043,18.629600,0
55.140000,-0.166000,-0.543536,0.567832,-0.185261,-0.517182,0.974595,0.032642,19.731300,0
55.160000,-0.163311,-0.544599,0.594504,-0.185264,-0.517181,0.956592,0.035124,19.735900,0
55.180000,-0.166030,-0.547168,0.616376,-0.185266,-0.517181,0.938589,0.035626,19.587700,0
55.200000,-0.165259,-0.548245,0.614995,-0.185269,-0.517180,0.920587,0.036952,19.904600,0
55.220000,-0.157958,-0.544536,0.663422,-0.185272,-0.517179,0.902586,0.038658,20.021300,0
55.240000,-0.163878,-0.549058,0.673465,-0.185274,-0.517179,0.884587,0.038394,21.730400,0
55.260000,-0.165545,-0.553286,0.668040,-0.185277,-0.517178,0.866588,0.041148,22.320300,0
55.280000,-0.159291,-0.548741,0.710401,-0.185279,-0.517177,0.848591,0.040886,22.864500,0
55.300000,-0.165098,-0.550879,0.703482,-0.185281,-0.517176,0.830595,0.039284,22.600100,0
55.320000,-0.159208,-0.549336,0.747495,-0.185284,-0.517175,0.812599,0.041404,22.976700,0
55.340000,-0.159544,-0.550353,0.760671,-0.185286,-0.517175,0.794604,0.041993,22.668200,0
55.360000,-0.160022,-0.550763,0.784374,-0.185288,-0.517174,0.776610,0.042031,22.380200,0
55.380000,-0.163155,-0.553739,0.776446,-0.185290,-0.517173,0.758617,0.042744,22.792400,0
55.400000,-0.165813,-0.554459,0.791582,-0.185292,-0.517172,0.740625,0.042069,22.485300,0
55.420000,-0.153366,-0.545362,0.823476,-0.183406,-0.515109,0.738279,0.042634,21.991300,0
55.440000,-0.149882,-0.542443,0.827923,-0.181384,-0.512886,0.738286,0.043197,18.957400,0
55.460000,-0.149862,-0.541247,0.841512,-0.179363,-0.510665,0.738295,0.042492,18.871500,0
55.480000,-0.149781,-0.540074,0.826953,-0.177342,-0.508444,0.738304,0.041953,19.046200,0
55.500000,-0.150497,-0.538320,0.827179,-0.175321,-0.506224,0.738310,0.040576,18.581300,0
55.520000,-0.144959,-0.536426,0.830612,-0.173300,-0.504004,0.738315,0.043063,18.749000,0
55.540000,-0.137211,-0.530451,0.842422,-0.171280,-0.501784,0.738318,0.044525,19.442100,0
55.560000,-0.136385,-0.529619,0.826667,-0.169260,-0.499565,0.738320,0.044542,19.863600,0
55.580000,-0.139659,-0.528779,0.828669,-0.167240,-0.497345,0.738322,0.041819,19.976800,0
55.600000,-0.135146,-0.523751,0.833080,-0.165220,-0.495126,0.738324,0.041519,19.901600,0
55.620000,-0.137002,-0.526796,0.829482,-0.163201,-0.492907,0.738325,0.042835,19.781400,0
55.640000,-0.132831,-0.520682,0.835157,-0.161181,-0.490688,0.738325,0.041272,19.566500,0
55.660000,-0.136006,-0.523206,0.838809,-0.159161,-0.488469,0.738326,0.041747,18.944200,0
55.680000,-0.129695,-0.519201,0.836892,-0.157142,-0.486250,0.738326,0.042885,18.988200,0
55.700000,-0.125540,-0.516856,0.835442,-0.155122,-0.484031,0.738327,0.044188,20.059000,0
55.720000,-0.121926,-0.512614,0.830385,-0.153103,-0.481812,0.738327,0.043827,20.357800,0
55.740000,-0.123068,-0.512951,0.837307,-0.151084,-0.479593,0.738328,0.043562,19.856200,0
55.760000,-0.119387,-0.509424,0.830623,-0.149064,-0.477375,0.738328,0.043679,19.988700,0
55.780000,-0.116520,-0.503350,0.834750,-0.147045,-0.475156,0.738328,0.041553,21.041800,0
55.800000,-0.116638,-0.504454,0.834929,-0.145026,-0.472937,0.738328,0.042417,21.581100,0
55.820000,-0.114106,-0.501923,0.830623,-0.143007,-0.470718,0.738328,0.042533,21.804800,0
55.840000,-0.111755,-0.499848,0.830815,-0.140988,-0.468499,0.738328,0.042863,22.435500,0
55.860000,-0.106956,-0.496027,0.828441,-0.138968,-0.466281,0.738328,0.043699,21.836100,0
55.880000,-0.109611,-0.497608,0.823795,-0.136949,-0.464062,0.738328,0.043274,21.941200,0
55.900000,-0.107114,-0.495877,0.822082,-0.134930,-0.461843,0.738328,0.043955,22.393000,0
55.920000,-0.101996,-0.489968,0.836919,-0.132911,-0.459624,0.738329,0.043319,22.271700,0
55.940000,-0.103608,-0.490654,0.830118,-0.130892,-0.457405,0.738329,0.043011,22.867500,0
55.960000,-0.101050,-0.486392,0.832750,-0.128872,-0.455187,0.738329,0.041807,21.250600,0
55.980000,-0.096903,-0.484709,0.831401,-0.126853,-0.452968,0.738329,0.043640,19.176800,0
56.000000,-0.095933,-0.480249,0.828422,-0.124834,-0.450749,0.738329,0.041297,18.902000,0
56.020000,-0.095132,-0.481726,0.798319,-0.122815,-0.448530,0.738329,0.043225,20.422800,0
56.040000,-0.095491,-0.483449,0.832422,-0.122581,-0.448271,0.720784,0.044399,19.446200,0
56.060000,-0.098222,-0.484956,0.843212,-0.122569,-0.448256,0.702545,0.044042,19.789300,0
56.080000,-0.090837,-0.480535,0.872085,-0.122572,-0.448259,0.684556,0.045264,19.847500,0
56.100000,-0.094156,-0.484734,0.877968,-0.122575,-0.448260,0.666564,0.046238,20.209100,0
56.120000,-0.092834,-0.484148,0.904636,-0.122578,-0.448261,0.648569,0.046611,20.058700,0
56.140000,-0.094467,-0.487457,0.914456,-0.122581,-0.448262,0.630573,0.048236,20.281400,0
56.160000,-0.093354,-0.486154,0.938998,-0.122584,-0.448262,0.612576,0.047856,20.181500,0
56.180000,-0.087379,-0.477965,0.952667,-0.122587,-0.448263,0.594580,0.046063,20.480700,0
56.200000,-0.090097,-0.485173,0.965320,-0.122589,-0.448263,0.576584,0.049174,20.228000,0
56.220000,-0.088069,-0.486079,0.999500,-0.122592,-0.448263,0.558589,0.051204,19.456700,0
56.240000,-0.093573,-0.490468,0.995474,-0.122594,-0.448262,0.540595,0.051220,21.547500,0
56.260000,-0.086846,-0.483659,1.027025,-0.122597,-0.448262,0.522601,0.050310,21.090100,0
56.280000,-0.089863,-0.492149,1.043971,-0.122599,-0.448262,0.504609,0.054752,21.077100,0
56.300000,-0.085902,-0.481980,1.062499,-0.122601,-0.448262,0.486617,0.049836,21.725900,0
56.320000,-0.090686,-0.488520,1.069193,-0.122604,-0.448261,0.468626,0.051377,21.602000,0
56.340000,-0.090796,-0.489380,1.092530,-0.122606,-0.448261,0.450636,0.051987,21.639500,0
56.360000,-0.085813,-0.482880,1.121357,-0.122608,-0.448261,0.432647,0.050521,22.045800,0
56.380000,-0.087553,-0.492495,1.126509,-0.122610,-0.448260,0.414658,0.056442,22.226600,0
56.400000,-0.084777,-0.488780,1.165199,-0.122612,-0.448260,0.396670,0.055438,19.246200,0
56.420000,-0.085810,-0.489938,1.163176,-0.122614,-0.448259,0.378683,0.055603,19.034800,0
56.440000,-0.087040,-0.494961,1.181299,-0.122616,-0.448259,0.360696,0.058709,19.159900,0
56.460000,-0.087139,-0.496159,1.200654,-0.122618,-0.448259,0.342709,0.059608,21.693100,0
56.480000,-0.082586,-0.492270,1.223068,-0.122620,-0.448258,0.324723,0.059496,20.064100,0
56.500000,-0.081938,-0.481901,1.242846,-0.122622,-0.448258,0.306737,0.052792,20.016200,0
56.520000,-0.085036,-0.495667,1.259746,-0.122624,-0.448258,0.288752,0.060502,19.254200,0
56.540000,-0.080257,-0.490907,1.260076,-0.121839,-0.445969,0.285271,0.061225,18.986800,0
56.560000,-0.079824,-0.485287,1.255776,-0.120994,-0.443087,0.285273,0.058956,19.691900,0
56.580000,-0.078051,-0.480252,1.252322,-0.120149,-0.440205,0.285286,0.058103,19.655400,0
56.600000,-0.077423,-0.478689,1.250186,-0.119304,-0.437323,0.285295,0.058866,20.014600,0
56.620000,-0.078331,-0.478180,1.261329,-0.118459,-0.434442,0.285302,0.059357,20.544500,0
56.640000,-0.079411,-0.475351,1.252967,-0.117613,-0.431562,0.285307,0.058111,20.102700,0
56.660000,-0.078250,-0.471074,1.267385,-0.116768,-0.428682,0.285310,0.057277,20.182200,0
56.680000,-0.075500,-0.469703,1.256730,-0.115923,-0.425802,0.285312,0.059677,20.105600,0
56.700000,-0.072759,-0.466794,1.257611,-0.115078,-0.422922,0.285313,0.060957,20.776900,0
56.720000,-0.071887,-0.459417,1.252267,-0.114234,-0.420043,0.285314,0.057824,19.937200,0
56.740000,-0.073609,-0.460562,1.270916,-0.113389,-0.417163,0.285315,0.058872,19.094400,0
56.760000,-0.072518,-0.457616,1.241092,-0.112544,-0.414284,0.285316,0.058989,18.859700,0
56.780000,-0.069813,-0.451316,1.271926,-0.111699,-0.411405,0.285317,0.057856,20.079800,0
56.800000,-0.068562,-0.448484,1.263796,-0.110855,-0.408526,0.285317,0.058183,20.013400,0
56.820000,-0.068820,-0.447843,1.267925,-0.110010,-0.405647,0.285318,0.058967,19.320300,0
56.840000,-0.068773,-0.447048,1.258061,-0.109166,-0.402769,0.285318,0.059935,20.055900,0
56.860000,-0.067758,-0.443309,1.253982,-0.108321,-0.399890,0.285319,0.059418,20.260100,0
56.880000,-0.065201,-0.436656,1.262561,-0.107477,-0.397011,0.285319,0.057957,19.601500,0
56.900000,-0.065321,-0.436152,1.260519,-0.106632,-0.394132,0.285319,0.058926,19.956400,0
56.920000,-0.063332,-0.433869,1.265352,-0.105788,-0.391253,0.285319,0.060155,20.200000,0
56.940000,-0.064202,-0.434556,1.281984,-0.105706,-0.390718,0.270671,0.060368,20.338200,0
56.960000,-0.060988,-0.425367,1.293758,-0.105740,-0.390608,0.251344,0.056665,19.638800,0
56.980000,-0.064081,-0.435271,1.308566,-0.105742,-0.390611,0.233357,0.061075,19.110400,0
57.000000,-0.061296,-0.429530,1.339873,-0.105744,-0.390614,0.215368,0.059077,19.739700,0
57.020000,-0.062289,-0.439105,1.352435,-0.105746,-0.390616,0.197378,0.065113,19.845300,0
57.040000,-0.058047,-0.428417,1.367943,-0.105748,-0.390617,0.179387,0.060863,20.360600,0
57.060000,-0.059243,-0.437240,1.389465,-0.105750,-0.390619,0.161396,0.065852,19.436200,0
57.080000,-0.057789,-0.428153,1.404844,-0.105752,-0.390620,0.143406,0.060903,18.672000,0
57.100000,-0.059979,-0.441171,1.428228,-0.105754,-0.390620,0.125416,0.068196,19.452200,0
57.120000,-0.058737,-0.428216,1.448421,-0.105756,-0.390621,0.107427,0.060201,19.971900,0
57.140000,-0.059287,-0.436248,1.472686,-0.105758,-0.390622,0.089439,0.065125,19.844100,0
57.160000,-0.057291,-0.430135,1.477760,-0.105760,-0.390622,0.071451,0.062534,20.218100,0
57.180000,-0.057159,-0.435300,1.501868,-0.105762,-0.390622,0.053464,0.066018,20.415800,0
57.200000,-0.057506,-0.429466,1.533046,-0.105764,-0.390623,0.035478,0.061948,20.357400,0
57.220000,-0.058572,-0.426886,1.545596,-0.105634,-0.388462,0.026017,0.060756,20.398100,0
57.240000,-0.057208,-0.429160,1.539227,-0.105558,-0.385460,0.026019,0.065172,19.985000,0
57.260000,-0.058002,-0.428087,1.548514,-0.105482,-0.382458,0.026024,0.065851,20.435000,0
57.280000,-0.056778,-0.422476,1.541594,-0.105405,-0.379456,0.026032,0.064925,20.790300,0
57.300000,-0.056953,-0.421722,1.534162,-0.105328,-0.376454,0.026038,0.066252,20.957900,0
57.320000,-0.055510,-0.417707,1.547608,-0.105250,-0.373453,0.026043,0.066577,20.339600,0
57.340000,-0.053924,-0.413652,1.544345,-0.105172,-0.370453,0.026047,0.067026,20.515000,0
57.360000,-0.054531,-0.410871,1.537559,-0.105094,-0.367453,0.026050,0.066646,20.333400,0
57.380000,-0.053293,-0.409573,1.538322,-0.105016,-0.364453,0.026053,0.068637,20.260300,0
57.400000,-0.055932,-0.408812,1.548953,-0.104937,-0.361453,0.026055,0.068150,20.596800,0
57.420000,-0.056533,-0.398927,1.548583,-0.104859,-0.358454,0.026057,0.063036,20.726200,0
57.440000,-0.056240,-0.399695,1.537676,-0.104781,-0.355454,0.026058,0.065677,20.424400,0
57.460000,-0.055443,-0.397619,1.552284,-0.104702,-0.352455,0.026059,0.066830,20.180900,0
57.480000,-0.054138,-0.387625,1.542204,-0.104624,-0.349456,0.026060,0.063291,20.447400,0
57.500000,-0.055433,-0.388864,1.550937,-0.104545,-0.346456,0.026061,0.064887,21.070600,0
57.520000,-0.055162,-0.387113,1.529454,-0.104467,-0.343457,0.026061,0.065855,19.639000,0
57.540000,-0.054647,-0.381567,1.509438,-0.104389,-0.340458,0.026061,0.064531,19.968300,0
57.560000,-0.054998,-0.377127,1.516938,-0.104310,-0.337459,0.026062,0.063287,20.744600,0
57.580000,-0.054354,-0.377843,1.522576,-0.104232,-0.334460,0.026062,0.066105,20.618500,0
57.600000,-0.054794,-0.380901,1.519533,-0.104154,-0.331461,0.026062,0.069863,20.928600,0
57.620000,-0.054888,-0.376781,1.513780,-0.104076,-0.328462,0.026062,0.068950,20.286900,0
57.640000,-0.055065,-0.369116,1.517814,-0.103998,-0.325463,0.026062,0.065575,21.239000,0
57.660000,-0.055115,-0.368135,1.523256,-0.103998,-0.324954,0.025798,0.065224,20.428800,0
57.680000,-0.053734,-0.368425,1.515783,-0.103997,-0.324953,0.025798,0.066455,20.597700,0
57.700000,-0.051584,-0.366181,1.519949,-0.103997,-0.324954,0.025798,0.066684,20.661300,0
57.720000,-0.050416,-0.367856,1.512254,-0.103997,-0.324954,0.025798,0.068640,20.912800,0
57.740000,-0.051301,-0.361883,1.535380,-0.103997,-0.324954,0.025798,0.064347,20.283900,0
57.760000,-0.052196,-0.363398,1.554868,-0.103997,-0.324954,0.025798,0.064508,19.365400,0
57.780000,-0.051371,-0.367084,1.547905,-0.103997,-0.324954,0.025798,0.067412,18.869100,0
57.800000,-0.052525,-0.370129,1.538946,-0.103997,-0.324954,0.025798,0.068485,18.835700,0
57.820000,-0.051636,-0.362960,1.550794,-0.103997,-0.324954,0.025798,0.064700,19.618100,0
57.840000,-0.052430,-0.365821,1.536272,-0.103997,-0.324954,0.025798,0.065797,19.504600,0
57.860000,-0.052587,-0.365945,1.542238,-0.103997,-0.324954,0.025798,0.065752,20.557000,0
57.880000,-0.052198,-0.368591,1.541168,-0.103997,-0.324954,0.025798,0.067730,20.142700,0
57.900000,-0.053463,-0.369847,1.547973,-0.103997,-0.324954,0.025798,0.067595,20.344900,0
57.920000,-0.052621,-0.376880,1.537081,-0.103997,-0.324954,0.025798,0.073047,20.511800,0
57.940000,-0.053410,-0.374305,1.552064,-0.103997,-0.324954,0.025798,0.070673,20.521200,0
57.960000,-0.052453,-0.373344,1.560201,-0.103997,-0.324954,0.025798,0.070699,20.856600,0
57.980000,-0.054238,-0.365697,1.529993,-0.103997,-0.324954,0.025798,0.064311,21.173700,0
58.000000,-0.052681,-0.364785,1.522184,-0.103997,-0.324954,0.025798,0.064960,20.206400,0
58.020000,-0.052018,-0.368773,1.502974,-0.103997,-0.324954,0.025798,0.067985,18.876700,0
58.040000,-0.053845,-0.371741,1.526580,-0.103997,-0.324954,0.025798,0.068587,19.089000,0
58.060000,-0.053237,-0.370587,1.536691,-0.103997,-0.324954,0.025798,0.068257,19.079800,0
58.080000,-0.054052,-0.369337,1.540233,-0.103997,-0.324954,0.025798,0.066816,19.497100,0
58.100000,-0.053617,-0.369248,1.539933,-0.103997,-0.324954,0.025798,0.067082,18.659100,0
58.120000,-0.053680,-0.370409,1.544905,-0.103997,-0.324954,0.025798,0.067808,18.593000,0
58.140000,-0.054331,-0.371246,1.551390,-0.103997,-0.324954,0.025798,0.067894,18.824100,0
58.160000,-0.053547,-0.368143,1.547289,-0.103997,-0.324954,0.025798,0.066412,19.604600,0
58.180000,-0.055593,-0.368930,1.535004,-0.103997,-0.324954,0.025798,0.065398,19.440700,0
58.200000,-0.053595,-0.368446,1.547508,-0.103997,-0.324954,0.025798,0.066572,20.683100,0
58.220000,-0.053280,-0.371318,1.548602,-0.103997,-0.324954,0.025798,0.068715,19.795100,0
58.240000,-0.053279,-0.365157,1.545852,-0.103997,-0.324954,0.025798,0.064719,19.915500,0
58.260000,-0.053857,-0.370513,1.543320,-0.103997,-0.324954,0.025798,0.067747,20.726500,0
58.280000,-0.053572,-0.372943,1.541238,-0.103997,-0.324954,0.025798,0.069610,20.447300,0
58.300000,-0.054716,-0.369391,1.539483,-0.103997,-0.324954,0.025798,0.066357,19.893800,0
58.320000,-0.053770,-0.369052,1.544278,-0.103997,-0.324954,0.025798,0.066839,20.383500,0
58.340000,-0.054331,-0.372173,1.551749,-0.103997,-0.324954,0.025798,0.068530,20.860800,0
58.360000,-0.052776,-0.367815,1.550730,-0.103997,-0.324954,0.025798,0.066788,20.493200,0
58.380000,-0.052698,-0.374209,1.533135,-0.103997,-0.324954,0.025798,0.071117,20.939500,0
58.400000,-0.052430,-0.371376,1.524995,-0.103997,-0.324954,0.025798,0.069384,20.069300,0
58.420000,-0.052432,-0.371502,1.525156,-0.103997,-0.324954,0.025798,0.069467,19.423000,0
58.440000,-0.052007,-0.369723,1.505460,-0.103997,-0.324954,0.025798,0.068609,18.962700,0
58.460000,-0.051556,-0.365764,1.533721,-0.103997,-0.324954,0.025798,0.066449,19.428000,0
58.480000,-0.050618,-0.368495,1.526217,-0.103997,-0.324954,0.025798,0.068885,19.802100,0
58.500000,-0.050354,-0.366983,1.516917,-0.103997,-0.324954,0.025798,0.068147,19.904900,0
58.520000,-0.049518,-0.369632,1.531417,-0.103997,-0.324954,0.025798,0.070456,19.143800,0
58.540000,-0.049726,-0.368299,1.516973,-0.103997,-0.324954,0.025798,0.069456,19.573400,0
58.560000,-0.052090,-0.367445,1.520762,-0.103997,-0.324954,0.025798,0.067081,20.131400,0
58.580000,-0.052702,-0.365243,1.524396,-0.103997,-0.324954,0.025798,0.065225,21.030900,0
58.600000,-0.052897,-0.358635,1.523758,-0.103997,-0.324954,0.025798,0.061202,21.593600,0
58.620000,-0.052249,-0.366283,1.528349,-0.103997,-0.324954,0.025798,0.066227,18.550100,0
58.640000,-0.051382,-0.366894,1.515967,-0.103997,-0.324954,0.025798,0.067285,18.820800,0
58.660000,-0.051935,-0.366772,1.521493,-0.103997,-0.324954,0.025798,0.066777,19.411000,0
58.680000,-0.051127,-0.366165,1.521863,-0.103997,-0.324954,0.025798,0.067034,19.940200,0
58.700000,-0.052337,-0.368479,1.517444,-0.103997,-0.324954,0.025798,0.067551,20.202900,0
58.720000,-0.051933,-0.366384,1.517389,-0.103997,-0.324954,0.025798,0.066537,20.253900,0
58.740000,-0.052974,-0.366814,1.517975,-0.103997,-0.324954,0.025798,0.065997,20.048100,0
58.760000,-0.053375,-0.370257,1.531855,-0.103997,-0.324954,0.025798,0.067934,20.442200,0
58.780000,-0.053612,-0.369148,1.520096,-0.103997,-0.324954,0.025798,0.067021,20.584200,0
58.800000,-0.055812,-0.368775,1.511595,-0.103997,-0.324954,0.025798,0.065131,20.563500,0
58.820000,-0.052837,-0.364286,1.514668,-0.103997,-0.324954,0.025798,0.064532,20.932900,0
58.840000,-0.052339,-0.368919,1.522058,-0.103997,-0.324954,0.025798,0.067834,20.532500,0
58.860000,-0.052753,-0.371121,1.527251,-0.103997,-0.324954,0.025798,0.068973,20.385100,0
58.880000,-0.054011,-0.371649,1.514558,-0.103997,-0.324954,0.025798,0.068403,20.340600,0
58.900000,-0.053309,-0.367578,1.513354,-0.103997,-0.324954,0.025798,0.066228,20.627900,0
58.920000,-0.054282,-0.370114,1.518351,-0.103997,-0.324954,0.025798,0.067164,20.386500,0
58.940000,-0.053300,-0.368433,1.519665,-0.103997,-0.324954,0.025798,0.066787,20.767100,0
58.960000,-0.052769,-0.367356,1.512753,-0.103997,-0.324954,0.025798,0.066500,21.126000,0
58.980000,-0.052479,-0.365626,1.524180,-0.103997,-0.324954,0.025798,0.065638,20.491700,0
59.000000,-0.052868,-0.370753,1.523187,-0.103997,-0.324954,0.025798,0.068642,20.883500,0
59.020000,-0.052041,-0.369957,1.517970,-0.103997,-0.324954,0.025798,0.068737,20.957900,0
59.040000,-0.051322,-0.366379,1.511411,-0.103997,-0.324954,0.025798,0.067013,20.463000,0
59.060000,-0.051596,-0.368754,1.521550,-0.103997,-0.324954,0.025798,0.068296,18.968700,0
59.080000,-0.053179,-0.371304,1.516710,-0.103997,-0.324954,0.025798,0.068781,19.371000,0
59.100000,-0.051915,-0.371128,1.526851,-0.103997,-0.324954,0.025798,0.069603,19.435700,0
59.120000,-0.053433,-0.370625,1.517805,-0.103997,-0.324954,0.025798,0.068136,19.244500,0
59.140000,-0.052618,-0.370492,1.519077,-0.103997,-0.324954,0.025798,0.068655,19.237700,0
59.160000,-0.052165,-0.371750,1.514364,-0.103997,-0.324954,0.025798,0.069831,19.364300,0
59.180000,-0.053715,-0.366342,1.519850,-0.103997,-0.324954,0.025798,0.065125,19.148300,0
59.200000,-0.054145,-0.367238,1.517853,-0.103997,-0.324954,0.025798,0.065369,19.946600,0
59.220000,-0.055136,-0.363826,1.515684,-0.103997,-0.324954,0.025798,0.062438,20.572600,0
59.240000,-0.053345,-0.367196,1.507204,-0.103997,-0.324954,0.025798,0.065955,19.727300,0
59.260000,-0.052569,-0.366034,1.527922,-0.103997,-0.324954,0.025798,0.065822,19.734600,0
59.280000,-0.052005,-0.365067,1.520016,-0.103997,-0.324954,0.025798,0.065667,20.267900,0
59.300000,-0.052874,-0.373341,1.528974,-0.103997,-0.324954,0.025798,0.070391,19.816400,0
59.320000,-0.052972,-0.371395,1.510931,-0.103997,-0.324954,0.025798,0.068995,19.983000,0
59.340000,-0.051902,-0.360960,1.519777,-0.103997,-0.324954,0.025798,0.063327,20.057400,0
59.360000,-0.052541,-0.364930,1.522498,-0.103997,-0.324954,0.025798,0.065160,19.776300,0
59.380000,-0.050906,-0.367068,1.520751,-0.103997,-0.324954,0.025798,0.067766,20.024700,0
59.400000,-0.050553,-0.369115,1.527968,-0.103997,-0.324954,0.025798,0.069328,19.636100,0
59.420000,-0.051123,-0.367348,1.525007,-0.103997,-0.324954,0.025798,0.067771,20.020100,0
59.440000,-0.051623,-0.363965,1.508930,-0.103997,-0.324954,0.025798,0.065307,20.191000,0
59.460000,-0.052561,-0.372359,1.518023,-0.103997,-0.324954,0.025798,0.069949,19.807200,0
59.480000,-0.052524,-0.371321,1.520885,-0.103997,-0.324954,0.025798,0.069277,19.781600,0
59.500000,-0.051620,-0.370651,1.518808,-0.103997,-0.324954,0.025798,0.069509,20.062600,0
59.520000,-0.052628,-0.368843,1.518614,-0.103997,-0.324954,0.025798,0.067565,19.572900,0
59.540000,-0.052299,-0.370865,1.519511,-0.103997,-0.324954,0.025798,0.069142,18.862200,0
59.560000,-0.053231,-0.371726,1.511753,-0.103997,-0.324954,0.025798,0.069028,19.195800,0
59.580000,-0.053012,-0.367011,1.518068,-0.103997,-0.324954,0.025798,0.066093,20.550800,0
59.600000,-0.052704,-0.366457,1.522177,-0.103997,-0.324954,0.025798,0.065981,20.103400,0
59.620000,-0.052203,-0.368815,1.525959,-0.103997,-0.324954,0.025798,0.067870,20.391100,0
59.640000,-0.052627,-0.367398,1.524607,-0.103997,-0.324954,0.025798,0.066636,20.427900,0
59.660000,-0.053878,-0.366356,1.524374,-0.103997,-0.324954,0.025798,0.065008,21.042100,0
59.680000,-0.053638,-0.364069,1.517418,-0.103997,-0.324954,0.025798,0.063766,20.286300,0
59.700000,-0.053726,-0.363364,1.518545,-0.103997,-0.324954,0.025798,0.063265,20.887800,0
59.720000,-0.053494,-0.367602,1.524653,-0.103997,-0.324954,0.025798,0.066101,20.277500,0
59.740000,-0.054857,-0.367951,1.525829,-0.103997,-0.324954,0.025798,0.065295,21.054000,0
