timestamp,est_x,est_y,est_theta,gt_x,gt_y,gt_theta,error_m,update_time_ms,kidnapped
0.020000,-0.522621,-0.141173,1.496032,-0.550000,-0.458800,0.000000,0.318805,39.161100,0
0.040000,-0.275394,-0.522732,1.814512,-0.550000,-0.458800,0.000000,0.281950,301.543600,0
0.060000,-0.573685,-0.369305,1.138864,-0.550000,-0.458800,0.000000,0.092576,84.680600,0
0.080000,-0.535001,-0.220999,1.373286,-0.550000,-0.458800,0.000000,0.238273,96.156200,0
0.100000,-0.520416,-0.341296,1.216198,-0.550000,-0.458800,0.000000,0.121171,77.332100,0
0.120000,-0.418060,0.027285,1.204729,-0.550000,-0.458800,0.000000,0.503673,37.816100,0
0.140000,-0.483087,-0.147578,1.239820,-0.550000,-0.458800,0.000000,0.318334,28.901900,0
0.160000,-0.474340,-0.425901,1.335685,-0.550000,-0.458800,0.000000,0.082503,28.870800,0
0.180000,-0.513699,-0.400579,1.545638,-0.550000,-0.458800,0.000000,0.068611,19.571500,0
0.200000,-0.490946,-0.510349,1.637246,-0.550000,-0.458800,0.000000,0.078388,21.648700,0
0.220000,-0.491827,-0.490555,1.457737,-0.550000,-0.458800,0.000000,0.066276,30.865600,0
0.240000,-0.511093,-0.541139,1.547362,-0.550000,-0.458800,0.000000,0.091068,25.895000,0
0.260000,-0.487215,-0.113569,1.466500,-0.550000,-0.458800,0.000000,0.350894,25.547600,0
0.280000,-0.497041,-0.352687,1.314232,-0.550000,-0.458800,0.000000,0.118594,24.478800,0
0.300000,-0.520506,-0.301897,1.576284,-0.550000,-0.458800,0.000000,0.159651,20.628000,0
0.320000,-0.500901,-0.469276,1.602135,-0.550000,-0.458800,0.000000,0.050204,22.100000,0
0.340000,-0.495930,-0.524608,1.675475,-0.550000,-0.458800,0.000000,0.085172,270.613500,0
0.360000,-0.495823,-0.174236,1.469401,-0.550000,-0.458800,0.000000,0.289676,82.445800,0
0.380000,-0.481588,-0.253623,1.631099,-0.550000,-0.458800,0.000000,0.216281,117.279900,0
0.400000,-0.484532,-0.361821,1.621070,-0.550000,-0.458800,0.000000,0.117008,45.725900,0
0.420000,-0.487683,-0.463574,1.372819,-0.550000,-0.458800,0.000000,0.062500,57.842700,0
0.440000,-0.490209,-0.489077,1.461416,-0.550000,-0.458800,0.000000,0.067020,55.800500,0
0.460000,-0.473272,-0.439752,1.950835,-0.550000,-0.458800,0.000000,0.079057,138.112500,0
0.480000,-0.500431,-0.443377,1.906631,-0.550000,-0.458800,0.000000,0.051913,114.297400,0
0.500000,-0.481449,-0.499816,1.544625,-0.550000,-0.458800,0.000000,0.079885,160.287200,0
0.520000,-0.502828,-0.460589,1.397443,-0.550000,-0.458800,0.000000,0.047206,50.457200,0
0.540000,-0.531193,-0.188752,1.039920,-0.550000,-0.458800,0.000000,0.270702,51.314700,0
0.560000,-0.540459,-0.553588,1.772123,-0.550000,-0.458800,0.000000,0.095267,58.790100,0
0.580000,-0.484503,-0.440336,1.521490,-0.550000,-0.458800,0.000000,0.068049,48.288600,0
0.600000,-0.520223,-0.408987,1.472397,-0.550000,-0.458800,0.000000,0.058035,42.481000,0
0.620000,-0.462150,-0.491014,1.701566,-0.550000,-0.458800,0.000000,0.093570,48.146300,0
0.640000,-0.451165,-0.261587,1.372604,-0.550000,-0.458800,0.000000,0.220593,55.364100,0
0.660000,-0.462978,-0.538571,1.237272,-0.550000,-0.458800,0.000000,0.118051,130.116900,0
0.680000,-0.438921,-0.134561,1.449555,-0.550000,-0.458800,0.000000,0.342738,78.779300,0
0.700000,-0.472963,-0.514295,1.916356,-0.550000,-0.458800,0.000000,0.094944,108.358600,0
0.720000,-0.508927,-0.490048,1.573349,-0.550000,-0.458800,0.000000,0.051608,62.799800,0
0.740000,-0.494761,-0.488908,1.663179,-0.550000,-0.458800,0.000000,0.062912,33.953900,0
0.760000,-0.492944,-0.506355,1.327188,-0.550000,-0.458800,0.000000,0.074275,32.453600,0
0.780000,-0.503016,-0.394173,1.412585,-0.550000,-0.458800,0.000000,0.079901,42.057000,0
0.800000,-0.491135,-0.461757,1.671962,-0.550000,-0.458800,0.000000,0.058939,47.920200,0
0.820000,-0.486348,-0.544473,1.672641,-0.550000,-0.458800,0.000000,0.106731,45.857500,0
0.840000,-0.493701,-0.475565,1.628258,-0.550000,-0.458800,0.000000,0.058742,34.501800,0
0.860000,-0.491557,-0.399715,1.315761,-0.550000,-0.458800,0.000000,0.083107,35.101000,0
0.880000,-0.509506,-0.235212,1.374113,-0.550000,-0.458800,0.000000,0.227225,39.663500,0
0.900000,-0.489243,-0.207574,1.138682,-0.550000,-0.458800,0.000000,0.258468,38.253900,0
0.920000,-0.480307,-0.399373,1.330703,-0.550000,-0.458800,0.000000,0.091590,36.858900,0
0.940000,-0.487461,-0.227135,1.134086,-0.550000,-0.458800,0.000000,0.239958,39.264800,0
0.960000,-0.538547,-0.449384,1.739243,-0.550000,-0.458800,0.000000,0.014827,41.199200,0
0.980000,-0.450954,-0.257320,1.246952,-0.550000,-0.458800,0.000000,0.224509,43.216000,0
1.000000,-0.562969,-0.519563,1.780291,-0.550000,-0.458800,0.000000,0.062132,35.104200,0
1.020000,-0.514704,-0.309013,1.432831,-0.550000,-0.458800,0.000000,0.153889,36.943100,0
1.040000,-0.478794,-0.483460,1.581408,-0.550000,-0.458800,0.000000,0.075355,39.142000,0
1.060000,-0.487805,-0.573640,1.692304,-0.550000,-0.458800,0.000000,0.130600,35.671100,0
1.080000,-0.459347,-0.525816,1.453311,-0.550000,-0.458800,0.000000,0.112735,48.219200,0
1.100000,-0.494607,-0.129000,1.480686,-0.550000,-0.458800,0.000000,0.334419,41.000100,0
1.120000,-0.486044,-0.710624,1.833232,-0.550000,-0.458800,0.000000,0.259818,62.005300,0
1.140000,-0.473047,-0.611573,1.335259,-0.550000,-0.458800,0.000000,0.171059,41.342900,0
1.160000,-0.583113,-0.089749,0.903406,-0.550000,-0.458800,0.000000,0.370534,46.648700,0
1.180000,-0.404390,-0.161678,0.258147,-0.550000,-0.458800,0.000000,0.330884,40.740900,0
1.200000,-0.535925,-0.176057,1.154492,-0.550000,-0.458800,0.000000,0.283094,42.570100,0
1.220000,-0.435110,0.042249,1.065159,-0.550000,-0.458800,0.000000,0.514052,38.844000,0
1.240000,-0.519416,0.010703,1.003475,-0.550000,-0.458800,0.000000,0.470498,38.287900,0
1.260000,-0.528242,-0.375789,1.479718,-0.550000,-0.458800,0.000000,0.085816,48.080500,0
1.280000,-0.447380,-0.404297,1.315846,-0.550000,-0.458800,0.000000,0.116195,36.371700,0
1.300000,-0.475075,-0.462946,1.426215,-0.550000,-0.458800,0.000000,0.075040,38.959700,0
1.320000,-0.518680,-0.447871,1.470385,-0.550000,-0.458800,0.000000,0.033172,95.228400,0
1.340000,-0.503389,-0.455711,1.775275,-0.550000,-0.458800,0.000000,0.046714,39.041500,0
1.360000,-0.493030,-0.209075,1.499815,-0.550000,-0.458800,0.000000,0.256141,35.986500,0
1.380000,-0.491434,-0.525146,1.759458,-0.550000,-0.458800,0.000000,0.088497,38.324300,0
1.400000,-0.487487,-0.646897,1.765466,-0.550000,-0.458800,0.000000,0.198213,44.009200,0
1.420000,-0.472229,-0.488215,1.356082,-0.550000,-0.458800,0.000000,0.083148,45.736300,0
1.440000,-0.488793,-0.342116,1.173697,-0.550000,-0.458800,0.000000,0.131763,40.179000,0
1.460000,-0.519415,-0.447542,1.592141,-0.550000,-0.458800,0.000000,0.032591,40.091200,0
1.480000,-0.477247,-0.468753,1.574627,-0.550000,-0.458800,0.000000,0.073430,38.698900,0
1.500000,-0.509570,-0.460805,1.537075,-0.550000,-0.458800,0.000000,0.040479,37.488600,0
1.520000,-0.477756,-0.392861,1.503966,-0.550000,-0.458800,0.000000,0.097812,33.826200,0
1.540000,-0.468503,-0.466712,1.515798,-0.550000,-0.458800,0.000000,0.081881,35.875300,0
1.560000,-0.476803,-0.244026,1.628239,-0.550000,-0.458800,0.000000,0.226904,34.963300,0
1.580000,-0.514120,-0.362992,1.372992,-0.550000,-0.458800,0.000000,0.102306,154.115000,0
1.600000,-0.459301,-0.130651,1.381672,-0.550000,-0.458800,0.000000,0.340453,27.353900,0
1.620000,-0.505379,-0.064267,0.760557,-0.550000,-0.458800,0.000000,0.397048,44.501200,0
1.640000,-0.456380,-0.220022,1.404980,-0.550000,-0.458800,0.000000,0.256475,30.361500,0
1.660000,-0.490873,-0.261804,1.396803,-0.550000,-0.458800,0.000000,0.205678,25.972300,0
1.680000,-0.489358,-0.471573,1.259203,-0.550000,-0.458800,0.000000,0.061973,32.323400,0
1.700000,-0.451894,-0.340033,1.499001,-0.550000,-0.458800,0.000000,0.154047,20.120700,0
1.720000,-0.492160,-0.083191,1.152322,-0.550000,-0.458800,0.000000,0.380036,28.648700,0
1.740000,-0.558205,-0.380420,1.565680,-0.550000,-0.458800,0.000000,0.078808,17.986600,0
1.760000,-0.501686,-0.403243,1.623721,-0.550000,-0.458800,0.000000,0.073627,16.260200,0
1.780000,-0.457442,-0.384660,1.458484,-0.550000,-0.458800,0.000000,0.118590,20.831200,0
1.800000,-0.501996,-0.515528,1.485095,-0.550000,-0.458800,0.000000,0.074314,27.739400,0
1.820000,-0.450534,-0.123236,0.915475,-0.550000,-0.458800,0.000000,0.349995,20.486100,0
1.840000,-0.283261,0.092134,1.055944,-0.550000,-0.458800,0.000000,0.612110,24.720200,0
1.860000,-0.509397,-0.440862,1.434129,-0.550000,-0.458800,0.000000,0.044389,20.678900,0
1.880000,-0.468270,-0.468367,1.279172,-0.550000,-0.458800,0.000000,0.082288,27.529600,0
1.900000,-0.425179,-0.223013,1.234544,-0.550000,-0.458800,0.000000,0.266788,23.900800,0
1.920000,-0.534665,-0.419299,0.926101,-0.550000,-0.458800,0.000000,0.042373,34.078000,0
1.940000,-0.642119,-0.669388,1.722187,-0.550000,-0.458800,0.000000,0.229855,22.686500,0
1.960000,-0.475352,-0.053162,0.813135,-0.550000,-0.458800,0.000000,0.412449,15.527000,0
1.980000,-0.421156,-0.033563,0.261972,-0.550000,-0.458800,0.000000,0.444328,14.300700,0
2.000000,-0.476380,-0.149140,1.171904,-0.550000,-0.458800,0.000000,0.318291,20.775800,0
2.020000,-0.501516,-0.254967,1.018769,-0.550000,-0.458800,0.000000,0.209520,14.265100,0
2.040000,-0.419901,-0.042419,0.961724,-0.550000,-0.458800,0.000000,0.436233,22.308600,0
2.060000,-0.507640,-0.253060,1.000699,-0.550000,-0.458800,0.000000,0.210056,31.067400,0
2.080000,-0.568444,-0.351872,1.351358,-0.550000,-0.458800,0.000000,0.108507,23.483900,0
2.100000,-0.426304,-0.197203,1.465281,-0.550000,-0.458800,0.000000,0.289368,20.761800,0
2.120000,-0.552599,-0.032221,1.091860,-0.550000,-0.458800,0.000000,0.426587,18.772600,0
2.140000,-0.515440,-0.243478,1.509681,-0.550000,-0.458800,0.000000,0.218078,16.505300,0
2.160000,-0.506952,-0.670344,1.828007,-0.550000,-0.458800,0.000000,0.215879,18.225200,0
2.180000,-0.493596,-0.378864,1.686334,-0.550000,-0.458800,0.000000,0.097833,16.070600,0
2.200000,-0.499455,-0.445263,1.671957,-0.550000,-0.458800,0.000000,0.052327,17.256400,0
2.220000,-0.489769,-0.464245,1.536780,-0.550000,-0.458800,0.000000,0.060477,27.959700,0
2.240000,-0.489331,-0.452626,1.480469,-0.550000,-0.458800,0.000000,0.060982,14.688800,0
2.260000,-0.506859,-0.494804,1.393083,-0.550000,-0.458800,0.000000,0.056191,17.653400,0
2.280000,-0.493889,-0.280395,1.600408,-0.550000,-0.458800,0.000000,0.187021,20.578700,0
2.300000,-0.502683,-0.443519,1.527192,-0.550000,-0.458800,0.000000,0.049724,16.033300,0
2.320000,-0.549887,-0.137834,1.515069,-0.550000,-0.458800,0.000000,0.320966,16.506200,0
2.340000,-0.502903,-0.641795,1.740486,-0.550000,-0.458800,0.000000,0.188959,15.338800,0
2.360000,-0.505289,-0.495415,1.588362,-0.550000,-0.458800,0.000000,0.057791,15.451100,0
2.380000,-0.511702,-0.490173,1.496344,-0.550000,-0.458800,0.000000,0.049507,16.365900,0
2.400000,-0.507887,-0.485779,1.586334,-0.550000,-0.458800,0.000000,0.050013,27.804700,0
2.420000,-0.482427,-0.187457,1.345140,-0.550000,-0.458800,0.000000,0.279631,32.199300,0
2.440000,-0.542069,-0.334785,1.208080,-0.550000,-0.458800,0.000000,0.124268,30.825700,0
2.460000,-0.546447,-0.543195,1.270932,-0.550000,-0.458800,0.000000,0.084470,16.238800,0
2.480000,-0.520099,-0.143532,1.244489,-0.550000,-0.458800,0.000000,0.316683,14.878000,0
2.500000,-0.512153,-0.359279,1.175346,-0.550000,-0.458800,0.000000,0.106475,15.633900,0
2.520000,-0.512366,-0.456526,1.474368,-0.550000,-0.458800,0.000000,0.037703,15.314800,0
2.540000,-0.521960,-0.448748,1.517989,-0.550000,-0.458800,0.000000,0.029787,14.684700,0
2.560000,-0.483882,-0.447603,1.210516,-0.550000,-0.458800,0.000000,0.067059,15.787000,0
2.580000,-0.520656,-0.513924,1.701175,-0.550000,-0.458800,0.000000,0.062448,15.332400,0
2.600000,-0.525008,-0.391022,1.655877,-0.550000,-0.458800,0.000000,0.072239,15.929000,0
2.620000,-0.487063,-0.506852,1.569889,-0.550000,-0.458800,0.000000,0.079183,14.616900,0
2.640000,-0.484116,-0.407990,1.377502,-0.550000,-0.458800,0.000000,0.083201,14.993000,0
2.660000,-0.507374,-0.506491,1.392221,-0.550000,-0.458800,0.000000,0.063964,14.600200,0
2.680000,-0.451210,-0.009131,1.444078,-0.550000,-0.458800,0.000000,0.460393,15.305500,0
2.700000,-0.499722,-0.589419,1.568032,-0.550000,-0.458800,0.000000,0.139961,15.805900,0
2.720000,-0.505481,-0.476674,1.499293,-0.550000,-0.458800,0.000000,0.047973,19.509500,0
2.740000,-0.494596,-0.198661,1.375480,-0.550000,-0.458800,0.000000,0.265974,18.109000,0
2.760000,-0.480619,-0.471629,1.622648,-0.550000,-0.458800,0.000000,0.070557,17.227400,0
2.780000,-0.513780,-0.480648,1.614773,-0.550000,-0.458800,0.000000,0.042300,15.517100,0
2.800000,-0.511370,-0.412027,1.365265,-0.550000,-0.458800,0.000000,0.060663,17.234000,0
2.820000,-0.561001,-0.503899,1.235539,-0.550000,-0.458800,0.000000,0.046421,16.614000,0
2.840000,-0.533561,-0.666858,1.582046,-0.550000,-0.458800,0.000000,0.208707,15.933200,0
2.860000,-0.497707,-0.457779,1.751643,-0.550000,-0.458800,0.000000,0.052303,22.897800,0
2.880000,-0.498444,-0.542168,1.532606,-0.550000,-0.458800,0.000000,0.098022,17.214300,0
2.900000,-0.501090,-0.205577,1.307074,-0.550000,-0.458800,0.000000,0.257903,13.421200,0
2.920000,-0.498648,-0.418105,1.518124,-0.550000,-0.458800,0.000000,0.065522,16.060900,0
2.940000,-0.485449,-0.473488,1.739394,-0.550000,-0.458800,0.000000,0.066201,16.105100,0
2.960000,-0.487656,-0.442897,1.707182,-0.550000,-0.458800,0.000000,0.064341,15.779900,0
2.980000,-0.500014,-0.385862,1.444787,-0.550000,-0.458800,0.000000,0.088423,14.669100,0
3.000000,-0.522836,-0.306524,1.237775,-0.550000,-0.458800,0.000000,0.154680,15.377700,0
3.020000,-0.525506,-0.318103,1.435538,-0.550000,-0.458800,0.000000,0.142814,24.231300,0
3.040000,-0.516890,-0.441387,1.334919,-0.550000,-0.458800,0.000000,0.037409,30.067800,0
3.060000,-0.470347,-0.258266,1.425865,-0.550000,-0.458800,0.000000,0.215774,27.869200,0
3.080000,-0.467016,-0.416057,1.361676,-0.550000,-0.458800,0.000000,0.093345,22.707600,0
3.100000,-0.480197,-0.405786,1.291729,-0.550000,-0.458800,0.000000,0.087653,16.771000,0
3.120000,-0.508796,-0.511589,1.433718,-0.550000,-0.458800,0.000000,0.066966,15.050700,0
3.140000,-0.477173,-0.119466,1.317993,-0.550000,-0.458800,0.000000,0.347061,16.205100,0
3.160000,-0.511363,-0.304443,1.708780,-0.550000,-0.458800,0.000000,0.159119,15.360300,0
3.180000,-0.494345,-0.104395,1.343502,-0.550000,-0.458800,0.000000,0.358748,18.360800,0
3.200000,-0.494132,-0.570098,1.847587,-0.550000,-0.458800,0.000000,0.124533,16.588000,0
3.220000,-0.478255,-0.413552,1.587994,-0.550000,-0.458800,0.000000,0.084821,15.183500,0
3.240000,-0.509326,-0.468253,1.467516,-0.550000,-0.458800,0.000000,0.041758,15.364100,0
3.260000,-0.518476,-0.417203,1.535592,-0.550000,-0.458800,0.000000,0.052192,16.131100,0
3.280000,-0.494502,-0.531948,1.644948,-0.550000,-0.458800,0.000000,0.091819,15.477600,0
3.300000,-0.498120,-0.483607,1.596126,-0.550000,-0.458800,0.000000,0.057506,18.970900,0
3.320000,-0.514914,-0.416393,1.301831,-0.550000,-0.458800,0.000000,0.055040,16.646300,0
3.340000,-0.437311,-0.059582,1.223719,-0.550000,-0.456378,-0.000076,0.412488,15.203600,0
3.360000,-0.528251,-0.222198,1.100042,-0.550000,-0.453378,-0.000076,0.232200,14.674800,0
3.380000,-0.534325,-0.382583,1.332608,-0.550000,-0.450378,-0.000076,0.069583,15.923500,0
3.400000,-0.487808,-0.471712,1.587035,-0.550001,-0.447378,-0.000076,0.066784,13.958400,0
3.420000,-0.508372,-0.325645,1.790401,-0.550001,-0.444378,-0.000076,0.125820,15.255800,0
3.440000,-0.491811,-0.498757,1.622707,-0.550001,-0.441377,-0.000076,0.081722,15.260700,0
3.460000,-0.525729,-0.258621,1.161426,-0.550001,-0.438377,-0.000076,0.181387,14.742200,0
3.480000,-0.513704,-0.537784,1.502456,-0.550002,-0.435377,-0.000076,0.108650,21.829100,0
3.500000,-0.531511,-0.269980,1.151885,-0.550002,-0.432377,-0.000076,0.163446,16.404000,0
3.520000,-0.457688,-0.185683,1.632809,-0.550002,-0.429377,-0.000076,0.260593,15.226200,0
3.540000,-0.516790,-0.264084,1.290254,-0.550002,-0.426377,-0.000076,0.165656,15.623000,0
3.560000,-0.496496,-0.032730,1.610533,-0.550003,-0.423377,-0.000076,0.394294,22.952200,0
3.580000,-0.501025,0.315873,1.650541,-0.550003,-0.420377,-0.000076,0.737878,14.531900,0
3.600000,-0.498195,-0.157801,1.409450,-0.550003,-0.417377,-0.000076,0.264696,16.124000,0
3.620000,-0.545992,-0.226777,1.281808,-0.550003,-0.414377,-0.000076,0.187642,20.400300,0
3.640000,-0.471134,-0.501918,1.239684,-0.550004,-0.411377,-0.000076,0.120076,19.561800,0
3.660000,-0.509554,-0.489353,1.698465,-0.550004,-0.408377,-0.000076,0.090517,27.013300,0
3.680000,-0.505504,-0.300884,1.632358,-0.550004,-0.405377,-0.000076,0.113574,18.780900,0
3.700000,-0.494468,-0.390655,1.746434,-0.550004,-0.402377,-0.000076,0.056760,15.900200,0
3.720000,-0.482221,-0.484228,1.707303,-0.550004,-0.399377,-0.000076,0.108601,14.968200,0
3.740000,-0.498648,-0.300476,1.236721,-0.550005,-0.396377,-0.000076,0.108787,17.090700,0
3.760000,-0.495056,-0.511430,1.674057,-0.550005,-0.393377,-0.000076,0.130215,14.988000,0
3.780000,-0.518139,-0.184098,1.334891,-0.550005,-0.390377,-0.000076,0.208726,18.523300,0
3.800000,-0.537564,-0.316652,1.355178,-0.550005,-0.389867,-0.000003,0.074265,27.413000,0
3.820000,-0.504471,-0.375366,1.376468,-0.550005,-0.389867,-0.000003,0.047787,23.859400,0
3.840000,-0.509750,-0.350421,1.363350,-0.550005,-0.389867,-0.000003,0.056360,15.986000,0
3.860000,-0.515833,-0.450315,1.440298,-0.550005,-0.389867,-0.000003,0.069438,15.621300,0
3.880000,-0.538009,-0.608161,1.499807,-0.550005,-0.389867,-0.000003,0.218623,15.352500,0
3.900000,-0.496054,-0.493470,1.419954,-0.550005,-0.389867,-0.000003,0.116809,14.401800,0
3.920000,-0.475544,-0.109016,1.564392,-0.550005,-0.389868,-0.000003,0.290555,26.661300,0
3.940000,-0.500068,-0.385812,1.678760,-0.550005,-0.389868,-0.000003,0.050101,16.484300,0
3.960000,-0.491954,-0.505262,1.587439,-0.550005,-0.389868,-0.000003,0.129173,16.903000,0
3.980000,-0.487287,-0.350726,1.275978,-0.550005,-0.389868,-0.000003,0.073930,16.447600,0
4.000000,-0.486296,-0.374705,1.247662,-0.550005,-0.389868,-0.000003,0.065489,17.998700,0
4.020000,-0.526812,-0.415478,1.505737,-0.550005,-0.389868,-0.000003,0.034551,30.603000,0
4.040000,-0.507806,-0.380060,1.463143,-0.550005,-0.389868,-0.000003,0.043324,18.363300,0
4.060000,-0.512499,-0.461803,1.339750,-0.550005,-0.389868,-0.000003,0.081126,17.723100,0
4.080000,-0.501896,-0.102079,1.291194,-0.550005,-0.389868,-0.000003,0.291782,21.860300,0
4.100000,-0.518983,-0.491954,1.750017,-0.550005,-0.389868,-0.000003,0.106695,27.139200,0
4.120000,-0.525416,-0.243317,1.636180,-0.550005,-0.389868,-0.000003,0.148600,25.382000,0
4.140000,-0.505067,-0.305882,1.603380,-0.550005,-0.389868,-0.000003,0.095253,29.875200,0
4.160000,-0.504723,-0.403202,1.486514,-0.550005,-0.389868,-0.000003,0.047204,18.097800,0
4.180000,-0.497624,-0.384422,1.785946,-0.550005,-0.389868,-0.000003,0.052664,17.110500,0
4.200000,-0.495078,-0.372314,1.542352,-0.550005,-0.387445,-0.000078,0.056973,21.777500,0
4.220000,-0.472326,-0.423712,1.455934,-0.550005,-0.384446,-0.000078,0.087040,22.285000,0
4.240000,-0.501066,-0.294930,1.441195,-0.550006,-0.381445,-0.000078,0.099398,21.121000,0
4.260000,-0.494007,-0.460092,1.761863,-0.550006,-0.378445,-0.000078,0.099006,16.075200,0
4.280000,-0.501662,-0.050768,1.475291,-0.550006,-0.375445,-0.000078,0.328257,25.285300,0
4.300000,-0.507338,-0.480903,1.433065,-0.550006,-0.372445,-0.000078,0.116549,25.706100,0
4.320000,-0.493148,0.043452,1.475184,-0.550007,-0.369445,-0.000078,0.416794,29.513900,0
4.340000,-0.490299,-0.392948,1.423700,-0.550007,-0.366445,-0.000078,0.065326,16.343400,0
4.360000,-0.494330,-0.303758,1.562045,-0.550007,-0.363445,-0.000078,0.081624,25.696200,0
4.380000,-0.490420,-0.395908,1.598756,-0.550007,-0.360445,-0.000078,0.069341,21.274700,0
4.400000,-0.487059,-0.284216,1.488596,-0.550008,-0.357445,-0.000078,0.096567,14.274100,0
4.420000,-0.481044,-0.373988,1.426107,-0.550008,-0.354445,-0.000078,0.071680,14.652100,0
4.440000,-0.465045,-0.305294,1.497985,-0.550008,-0.351445,-0.000078,0.096689,15.718600,0
4.460000,-0.476478,-0.369265,1.596305,-0.550008,-0.348445,-0.000078,0.076421,16.433300,0
4.480000,-0.468894,-0.249312,1.529518,-0.550009,-0.345445,-0.000078,0.125782,17.130900,0
4.500000,-0.499391,0.007033,1.632861,-0.550009,-0.342445,-0.000078,0.353125,15.269500,0
4.520000,-0.503211,-0.228100,1.341987,-0.550009,-0.339445,-0.000078,0.120780,25.232300,0
4.540000,-0.489297,-0.210210,1.377926,-0.550009,-0.336445,-0.000078,0.140076,23.989300,0
4.560000,-0.491394,-0.310920,1.536684,-0.550009,-0.333445,-0.000078,0.062794,15.032900,0
4.580000,-0.489261,-0.237937,1.352315,-0.550010,-0.330445,-0.000078,0.110671,22.352200,0
4.600000,-0.507916,-0.370111,1.414066,-0.550010,-0.327445,-0.000078,0.059935,14.646000,0
4.620000,-0.469277,-0.293651,1.308339,-0.550010,-0.324445,-0.000078,0.086407,29.547200,0
4.640000,-0.489030,-0.276831,1.434400,-0.550010,-0.321445,-0.000078,0.075558,16.711800,0
4.660000,-0.498885,-0.280487,1.601012,-0.550011,-0.318445,-0.000078,0.063677,14.957500,0
4.680000,-0.505848,-0.368259,1.682949,-0.550011,-0.315445,-0.000078,0.068846,15.520100,0
4.700000,-0.505341,-0.407021,1.623262,-0.550011,-0.312445,-0.000078,0.104595,15.752100,0
4.720000,-0.479835,-0.237644,1.774404,-0.550011,-0.309445,-0.000078,0.100400,16.086200,0
4.740000,-0.498258,-0.341656,1.542444,-0.550012,-0.306445,-0.000078,0.062596,14.916600,0
4.760000,-0.496768,-0.203904,1.619586,-0.550012,-0.303445,-0.000078,0.112886,16.262000,0
4.780000,-0.495796,-0.312585,1.627860,-0.550012,-0.300445,-0.000078,0.055559,15.022500,0
4.800000,-0.476642,-0.366097,1.872557,-0.550012,-0.297445,-0.000078,0.100480,16.916000,0
4.820000,-0.488993,-0.391610,1.458662,-0.550013,-0.294445,-0.000078,0.114736,15.736600,0
4.840000,-0.446100,-0.109087,1.372666,-0.550013,-0.291445,-0.000078,0.209887,15.997500,0
4.860000,-0.495979,-0.300189,1.672585,-0.550013,-0.288445,-0.000078,0.055295,15.428600,0
4.880000,-0.478395,-0.262127,1.572528,-0.550013,-0.285445,-0.000078,0.075318,17.615300,0
4.900000,-0.456718,-0.204784,1.474941,-0.550013,-0.282445,-0.000078,0.121388,22.369100,0
4.920000,-0.495675,-0.314018,1.594611,-0.550014,-0.279445,-0.000078,0.064405,25.200100,0
4.940000,-0.510788,-0.087438,1.378284,-0.550014,-0.276445,-0.000078,0.193034,15.911100,0
4.960000,-0.502116,-0.192557,1.149068,-0.550014,-0.273445,-0.000078,0.094005,15.308900,0
4.980000,-0.465503,-0.241663,1.401684,-0.550014,-0.270445,-0.000078,0.089278,28.716800,0
5.000000,-0.505996,-0.394592,1.571879,-0.550015,-0.267445,-0.000078,0.134552,28.504800,0
5.020000,-0.469194,-0.204086,1.558420,-0.550015,-0.264445,-0.000078,0.100873,33.454900,0
5.040000,-0.481367,-0.231857,1.499253,-0.550015,-0.261445,-0.000078,0.074753,32.395000,0
5.060000,-0.509283,-0.326789,1.547053,-0.550015,-0.258445,-0.000078,0.079562,34.644500,0
5.080000,-0.467430,-0.442927,1.696291,-0.550016,-0.255445,-0.000078,0.204866,34.705100,0
5.100000,-0.480772,-0.257941,1.415357,-0.550016,-0.252445,-0.000078,0.069462,17.413400,0
5.120000,-0.479979,-0.296013,1.664638,-0.550016,-0.249445,-0.000078,0.084106,16.223100,0
5.140000,-0.475595,-0.292747,1.543059,-0.550016,-0.246445,-0.000078,0.087648,17.762900,0
5.160000,-0.490038,-0.289483,1.640568,-0.550016,-0.243445,-0.000078,0.075610,21.906300,0
5.180000,-0.436579,-0.315701,1.391976,-0.550017,-0.240445,-0.000078,0.136132,33.264800,0
5.200000,-0.461102,-0.089142,1.485607,-0.550017,-0.237445,-0.000078,0.172916,25.901000,0
5.220000,-0.485840,-0.219812,1.403312,-0.550017,-0.234445,-0.000078,0.065824,26.717600,0
5.240000,-0.476393,-0.205185,1.675332,-0.550017,-0.231445,-0.000078,0.078167,32.791200,0
5.260000,-0.471377,-0.407396,1.522973,-0.550018,-0.228445,-0.000078,0.195468,31.828600,0
5.280000,-0.484734,-0.132473,1.347965,-0.550018,-0.225445,-0.000078,0.113604,22.244300,0
5.300000,-0.495529,-0.266605,1.468872,-0.550018,-0.222445,-0.000078,0.070137,16.220900,0
5.320000,-0.474534,-0.109918,1.362297,-0.550018,-0.219445,-0.000078,0.133019,17.383800,0
5.340000,-0.478706,-0.241363,1.359062,-0.550019,-0.216445,-0.000078,0.075541,17.468900,0
5.360000,-0.460676,-0.335010,1.658367,-0.550019,-0.213445,-0.000078,0.150865,30.346000,0
5.380000,-0.482957,-0.072052,1.580752,-0.550019,-0.210445,-0.000078,0.153785,26.165700,0
5.400000,-0.488807,-0.124604,1.442904,-0.550019,-0.207445,-0.000078,0.103003,30.262400,0
5.420000,-0.478891,-0.252561,1.522767,-0.550020,-0.204445,-0.000078,0.085875,28.438000,0
5.440000,-0.485595,-0.218528,1.520343,-0.550020,-0.201445,-0.000078,0.066651,25.194800,0
5.460000,-0.485602,-0.166789,1.415350,-0.550020,-0.198445,-0.000078,0.071776,18.198100,0
5.480000,-0.522086,-0.295052,1.284789,-0.550020,-0.195445,-0.000078,0.103449,30.020100,0
5.500000,-0.470461,-0.141201,1.323014,-0.550020,-0.192445,-0.000078,0.094634,33.925100,0
5.520000,-0.456160,-0.176267,1.447543,-0.550021,-0.189445,-0.000078,0.094781,35.078600,0
5.540000,-0.499125,-0.143334,1.648698,-0.550021,-0.186445,-0.000078,0.066701,29.966500,0
5.560000,-0.503753,-0.016988,1.458675,-0.550021,-0.183445,-0.000078,0.172768,30.907400,0
5.580000,-0.488554,-0.106672,1.401275,-0.550021,-0.180445,-0.000078,0.096024,29.212800,0
5.600000,-0.485756,-0.299617,1.752589,-0.550022,-0.177445,-0.000078,0.138044,32.658200,0
5.620000,-0.465946,-0.313718,1.351415,-0.550022,-0.174445,-0.000078,0.162683,25.254200,0
5.640000,-0.508965,-0.344591,1.583751,-0.550022,-0.171445,-0.000078,0.177947,18.047900,0
5.660000,-0.475044,-0.366341,1.632094,-0.550022,-0.168445,-0.000078,0.211624,32.902000,0
5.680000,-0.478687,-0.154841,1.603027,-0.550023,-0.165445,-0.000078,0.072120,31.651500,0
5.700000,-0.471304,-0.243055,1.535411,-0.550023,-0.162445,-0.000078,0.112671,29.586900,0
5.720000,-0.456361,-0.107448,1.640907,-0.550023,-0.159445,-0.000078,0.107127,20.394100,0
5.740000,-0.466870,-0.191070,1.640752,-0.550023,-0.156445,-0.000078,0.090074,32.850100,0
5.760000,-0.477102,-0.139298,1.507272,-0.550024,-0.153445,-0.000078,0.074282,27.263300,0
5.780000,-0.494596,-0.068527,1.674139,-0.550024,-0.150445,-0.000078,0.098908,16.550200,0
5.800000,-0.482446,-0.174276,1.658668,-0.550024,-0.147445,-0.000078,0.072710,17.287400,0
5.820000,-0.487836,-0.191150,1.640640,-0.550024,-0.144445,-0.000078,0.077774,17.387900,0
5.840000,-0.491190,0.004200,1.358963,-0.550025,-0.141445,-0.000078,0.157080,16.786700,0
5.860000,-0.473168,-0.213006,1.568185,-0.550025,-0.138445,-0.000078,0.107081,15.588100,0
5.880000,-0.490256,-0.133413,1.395562,-0.550025,-0.135445,-0.000078,0.059803,16.745200,0
5.900000,-0.474974,-0.084877,1.481110,-0.550025,-0.132445,-0.000078,0.088856,16.072700,0
5.920000,-0.493576,-0.121849,1.355118,-0.550025,-0.129445,-0.000078,0.056957,15.709600,0
5.940000,-0.487552,-0.065733,1.465362,-0.550026,-0.126445,-0.000078,0.087114,15.452600,0
5.960000,-0.478409,-0.137525,1.682765,-0.550026,-0.123445,-0.000078,0.072988,15.836400,0
5.980000,-0.413091,-0.281740,1.658370,-0.550026,-0.120445,-0.000078,0.211583,15.161400,0
6.000000,-0.483251,-0.142141,1.563764,-0.550026,-0.117445,-0.000078,0.071195,14.885600,0
6.020000,-0.482768,-0.116183,1.522705,-0.550027,-0.114445,-0.000078,0.067281,14.848600,0
6.040000,-0.479536,-0.130129,1.806562,-0.550027,-0.111445,-0.000078,0.072925,12.787700,0
6.060000,-0.461802,-0.135721,1.535204,-0.550027,-0.108445,-0.000078,0.092345,13.839900,0
6.080000,-0.464627,-0.309566,1.771226,-0.550027,-0.105445,-0.000078,0.221266,14.547200,0
6.100000,-0.492840,-0.164198,1.481608,-0.550028,-0.102445,-0.000078,0.084166,13.757100,0
6.120000,-0.482630,-0.266424,1.540056,-0.550028,-0.099445,-0.000078,0.180068,15.149200,0
6.140000,-0.464953,-0.103841,1.686486,-0.550028,-0.096445,-0.000078,0.085396,14.803700,0
6.160000,-0.469877,-0.160907,1.482671,-0.550028,-0.093445,-0.000078,0.104763,14.939700,0
6.180000,-0.474441,-0.055916,1.647891,-0.550029,-0.090445,-0.000078,0.083101,14.215000,0
6.200000,-0.486272,-0.047927,1.238186,-0.550029,-0.087445,-0.000078,0.075011,14.558800,0
6.220000,-0.476905,-0.115315,1.757984,-0.550029,-0.084445,-0.000078,0.079373,13.723300,0
6.240000,-0.470287,-0.080404,1.504956,-0.550029,-0.081445,-0.000078,0.079748,14.563700,0
6.260000,-0.473193,-0.013171,1.392605,-0.550029,-0.078445,-0.000078,0.100819,14.496400,0
6.280000,-0.500016,-0.165635,1.700378,-0.550030,-0.075445,-0.000078,0.103129,14.788200,0
6.300000,-0.484940,0.020698,1.494825,-0.550030,-0.072445,-0.000078,0.113632,14.563000,0
6.320000,-0.485296,-0.163134,1.578059,-0.550030,-0.069445,-0.000078,0.113878,14.219300,0
6.340000,-0.500445,-0.003905,1.472058,-0.550030,-0.066445,-0.000078,0.079812,13.152900,0
6.360000,-0.488024,-0.107317,1.481877,-0.550031,-0.063445,-0.000078,0.075958,13.493400,0
6.380000,-0.472228,-0.043741,1.545290,-0.550031,-0.060445,-0.000078,0.079575,13.585400,0
6.400000,-0.452355,-0.120846,1.600944,-0.550031,-0.057445,-0.000078,0.116448,15.290900,0
6.420000,-0.467144,0.006985,1.692457,-0.550031,-0.054445,-0.000078,0.103169,45.668100,0
6.440000,-0.505904,-0.127136,1.545073,-0.550032,-0.051445,-0.000078,0.087615,36.358300,0
6.460000,-0.490609,0.050905,1.188164,-0.550032,-0.048445,-0.000078,0.115765,21.336800,0
6.480000,-0.470109,0.034793,1.363721,-0.550032,-0.045445,-0.000078,0.113251,14.181200,0
6.500000,-0.491138,-0.100413,1.423575,-0.550032,-0.042445,-0.000078,0.082637,14.201400,0
6.520000,-0.438506,0.096359,1.342591,-0.550032,-0.039445,-0.000078,0.175729,16.526200,0
6.540000,-0.471439,0.022536,1.659477,-0.550033,-0.036445,-0.000078,0.098264,17.764100,0
6.560000,-0.501546,-0.031859,1.741789,-0.550033,-0.033445,-0.000078,0.048513,21.604900,0
6.580000,-0.482308,0.128935,1.361137,-0.550033,-0.030445,-0.000078,0.173172,16.368500,0
6.600000,-0.513505,-0.193920,1.410405,-0.550033,-0.027445,-0.000078,0.170435,17.452400,0
6.620000,-0.501025,-0.160559,1.679046,-0.550034,-0.024445,-0.000078,0.144669,15.361300,0
6.640000,-0.471448,-0.098139,1.673593,-0.550034,-0.021445,-0.000078,0.109808,15.785200,0
6.660000,-0.479107,-0.028371,1.337210,-0.550034,-0.018445,-0.000078,0.071618,39.669200,0
6.680000,-0.492946,-0.034433,1.581238,-0.550034,-0.015445,-0.000078,0.060163,19.608400,0
6.700000,-0.496673,0.104476,1.301705,-0.550035,-0.012445,-0.000078,0.128523,16.038000,0
6.720000,-0.485003,-0.082751,1.528897,-0.550035,-0.009445,-0.000078,0.097995,21.421100,0
6.740000,-0.483016,0.121457,1.555205,-0.550035,-0.006445,-0.000078,0.144397,28.391700,0
6.760000,-0.499423,-0.092021,1.482404,-0.550035,-0.003445,-0.000078,0.102016,16.979800,0
6.780000,-0.489438,-0.035045,1.740782,-0.550035,-0.002491,0.009002,0.068788,18.336600,0
6.800000,-0.464426,-0.105193,1.726658,-0.550033,-0.002317,0.029000,0.133836,33.053800,0
6.820000,-0.504643,-0.047173,1.342101,-0.550032,-0.002300,0.047227,0.063826,35.571200,0
6.840000,-0.502243,0.010973,1.492472,-0.550031,-0.002303,0.065216,0.049598,34.176000,0
6.860000,-0.483990,0.004345,1.430517,-0.550030,-0.002306,0.083205,0.066374,68.343300,0
6.880000,-0.497136,-0.020678,1.434273,-0.550029,-0.002308,0.101195,0.055992,53.941000,0
6.900000,-0.463549,-0.075580,1.528417,-0.550028,-0.002309,0.119185,0.113346,33.092300,0
6.920000,-0.491451,-0.228616,1.570155,-0.550027,-0.002316,0.137231,0.233758,32.977700,0
6.940000,-0.493289,-0.093134,1.445034,-0.550026,-0.002323,0.155285,0.107078,39.311800,0
6.960000,-0.497964,-0.080789,1.310498,-0.550025,-0.002330,0.173339,0.094160,45.640400,0
6.980000,-0.487297,-0.036109,1.328180,-0.550024,-0.002337,0.191390,0.071241,34.613900,0
7.000000,-0.433855,0.004074,1.192152,-0.550023,-0.002343,0.209436,0.116345,17.134200,0
7.020000,-0.490376,-0.107121,1.222388,-0.550023,-0.002338,0.209435,0.120571,16.660900,0
7.040000,-0.520149,-0.076783,1.437652,-0.550022,-0.002334,0.209429,0.080218,24.700700,0
7.060000,-0.470671,0.074884,1.374988,-0.550022,-0.002331,0.209423,0.110719,21.188400,0
7.080000,-0.462581,-0.017405,1.204988,-0.550021,-0.002328,0.209418,0.088730,19.204300,0
7.100000,-0.484499,-0.078853,1.398907,-0.550021,-0.002326,0.209414,0.100744,16.869000,0
7.120000,-0.476657,0.009104,1.323696,-0.550021,-0.002325,0.209411,0.074249,18.965600,0
7.140000,-0.488478,-0.020637,1.510853,-0.549397,0.000099,0.209456,0.064351,19.617500,0
7.160000,-0.482627,-0.105273,1.544443,-0.548773,0.003035,0.209456,0.126909,21.040000,0
7.180000,-0.485970,-0.158504,1.415356,-0.548150,0.005970,0.209454,0.175835,17.414100,0
7.200000,-0.480637,0.301400,1.140773,-0.547526,0.008905,0.209453,0.300046,18.002200,0
7.220000,-0.496775,-0.093784,1.507387,-0.546902,0.011840,0.209452,0.116916,16.801000,0
7.240000,-0.480579,0.012176,1.194565,-0.546278,0.014775,0.209451,0.065750,15.443400,0
7.260000,-0.515531,-0.135052,1.376317,-0.545655,0.017710,0.209451,0.155704,16.256100,0
7.280000,-0.481481,-0.101416,1.485630,-0.545031,0.020645,0.209450,0.137613,15.456900,0
7.300000,-0.483195,0.243256,1.123478,-0.544407,0.023579,0.209450,0.228045,16.366400,0
7.320000,-0.453261,0.099307,1.161764,-0.543783,0.026514,0.209450,0.116159,13.497400,0
7.340000,-0.479321,-0.023582,1.323914,-0.543160,0.029449,0.209450,0.082992,13.111000,0
7.360000,-0.431280,0.114708,1.352702,-0.542536,0.032383,0.209450,0.138403,26.926400,0
7.380000,-0.482860,-0.073139,1.426575,-0.541912,0.035318,0.209449,0.123491,18.530400,0
7.400000,-0.498805,-0.095053,1.367236,-0.541288,0.038252,0.209449,0.139910,16.819900,0
7.420000,-0.442743,0.219452,1.182477,-0.540665,0.041187,0.209449,0.203389,16.530000,0
7.440000,-0.494519,-0.073748,1.315309,-0.540041,0.044121,0.209449,0.126354,17.145300,0
7.460000,-0.448662,0.068153,1.131993,-0.539417,0.047056,0.209449,0.093174,14.982600,0
7.480000,-0.448146,0.091120,1.384920,-0.539321,0.047729,0.222260,0.100973,16.660600,0
7.500000,-0.445006,0.021887,1.500929,-0.539285,0.047888,0.242145,0.097799,14.951300,0
7.520000,-0.481074,-0.000869,1.222468,-0.539285,0.047888,0.260167,0.075932,14.916400,0
7.540000,-0.459753,0.123621,1.333963,-0.539285,0.047883,0.278176,0.109825,13.532500,0
7.560000,-0.516935,-0.045419,1.254844,-0.539284,0.047878,0.296192,0.095937,13.210100,0
7.580000,-0.464014,0.113176,1.067646,-0.539283,0.047873,0.314212,0.099649,13.935500,0
7.600000,-0.523296,-0.099027,1.211603,-0.539283,0.047868,0.332233,0.147762,15.062500,0
7.620000,-0.489146,-0.027298,1.136202,-0.539282,0.047863,0.350255,0.090348,14.660600,0
7.640000,-0.473988,-0.007164,1.284903,-0.539281,0.047859,0.368275,0.085385,13.683700,0
7.660000,-0.510108,-0.019992,1.101521,-0.539280,0.047855,0.386294,0.073853,14.765100,0
7.680000,-0.461693,-0.008389,1.284845,-0.539279,0.047851,0.404311,0.095826,16.570300,0
7.700000,-0.475971,0.020630,1.102996,-0.539278,0.047847,0.422326,0.068909,13.445700,0
7.720000,-0.472580,-0.061372,1.077623,-0.539277,0.047844,0.440339,0.127971,13.170100,0
7.740000,-0.449013,0.017958,1.142881,-0.539276,0.047841,0.458350,0.095081,13.030200,0
7.760000,-0.455369,0.060411,1.263629,-0.539275,0.047838,0.476359,0.084843,13.501000,0
7.780000,-0.517710,-0.062611,1.314735,-0.539274,0.047835,0.494366,0.112531,26.469400,0
7.800000,-0.458983,0.101088,0.913747,-0.539273,0.047832,0.512372,0.096347,15.895800,0
7.820000,-0.436642,0.041896,1.019149,-0.539272,0.047829,0.530376,0.102801,14.554500,0
7.840000,-0.456709,-0.070178,0.940531,-0.539271,0.047827,0.548378,0.144019,14.446600,0
7.860000,-0.426617,0.008977,0.961161,-0.539270,0.047824,0.566379,0.119163,16.764300,0
7.880000,-0.526789,-0.044882,1.056984,-0.539269,0.047822,0.584379,0.093540,15.069600,0
7.900000,-0.423354,0.150938,0.814630,-0.539268,0.047819,0.602378,0.155144,15.291900,0
7.920000,-0.506753,-0.007691,1.059138,-0.539267,0.047817,0.620376,0.064330,14.510800,0
7.940000,-0.499937,-0.006034,1.049114,-0.539266,0.047815,0.638373,0.066682,15.864000,0
7.960000,-0.487077,0.012602,0.930777,-0.539265,0.047812,0.656369,0.062955,13.835000,0
7.980000,-0.489135,0.026891,0.932849,-0.539264,0.047810,0.674365,0.054319,13.288100,0
8.000000,-0.477477,0.010768,1.020597,-0.539263,0.047808,0.692360,0.072038,13.862600,0
8.020000,-0.489998,-0.057788,1.206148,-0.539261,0.047813,0.692353,0.116526,14.651100,0
8.040000,-0.473400,0.000753,0.948561,-0.537345,0.050123,0.692363,0.080786,15.200200,0
8.060000,-0.463168,-0.077939,0.852781,-0.535427,0.052434,0.692357,0.149059,16.916800,0
8.080000,-0.470814,-0.071811,0.887117,-0.533511,0.054746,0.692351,0.141236,16.440800,0
8.100000,-0.386162,0.030211,1.032480,-0.531595,0.057057,0.692345,0.147890,25.385600,0
8.120000,-0.498756,-0.018728,1.029496,-0.529679,0.059368,0.692340,0.083995,17.567900,0
8.140000,-0.430925,0.077688,0.833183,-0.527763,0.061679,0.692336,0.098153,14.113300,0
8.160000,-0.471448,-0.002399,0.891575,-0.525848,0.063990,0.692333,0.085831,13.761800,0
8.180000,-0.478865,-0.000164,0.900021,-0.523933,0.066300,0.692331,0.080303,17.716100,0
8.200000,-0.379807,0.117874,0.526087,-0.522017,0.068610,0.692329,0.150501,14.597000,0
8.220000,-0.502664,-0.003508,0.995035,-0.520102,0.070920,0.692328,0.076443,14.611700,0
8.240000,-0.482983,0.092677,0.842733,-0.518187,0.073230,0.692327,0.040218,14.704700,0
8.260000,-0.472360,0.084618,0.594064,-0.516272,0.075539,0.692326,0.044841,15.929500,0
8.280000,-0.275146,0.129717,0.585394,-0.514357,0.077849,0.692326,0.244770,18.820200,0
8.300000,-0.318198,0.025408,0.926381,-0.514132,0.078119,0.709845,0.202900,14.065500,0
8.320000,-0.387384,0.054782,0.750346,-0.514116,0.078136,0.728137,0.128865,14.239100,0
8.340000,-0.451031,0.050370,1.113235,-0.514118,0.078133,0.746124,0.068926,14.198700,0
8.360000,-0.497703,0.052082,0.779672,-0.514119,0.078130,0.764116,0.030790,14.604900,0
8.380000,-0.521915,-0.019576,0.808144,-0.514120,0.078127,0.782110,0.098013,15.374700,0
8.400000,-0.477574,0.036700,0.923876,-0.514120,0.078124,0.800107,0.055241,14.910100,0
8.420000,-0.476030,0.064475,0.650816,-0.514121,0.078121,0.818104,0.040462,15.464400,0
8.440000,-0.369513,0.102276,0.504425,-0.514121,0.078118,0.836102,0.146612,15.130400,0
8.460000,-0.442347,0.077107,0.845167,-0.512044,0.079994,0.838423,0.069757,15.074000,0
8.480000,-0.484751,0.050278,0.761114,-0.509811,0.082002,0.838417,0.040428,18.537800,0
8.500000,-0.540138,-0.004328,0.723423,-0.507577,0.084009,0.838412,0.094147,14.818900,0
8.520000,-0.426680,0.089778,0.577566,-0.505345,0.086017,0.838407,0.078755,14.308400,0
8.540000,-0.482476,0.043133,0.814687,-0.503113,0.088024,0.838404,0.049407,14.584900,0
8.560000,-0.413529,0.017892,0.749889,-0.500881,0.090031,0.838401,0.113289,15.016300,0
8.580000,-0.404028,0.083851,0.549844,-0.500622,0.090262,0.856005,0.096807,14.001400,0
8.600000,-0.430871,0.081885,0.642727,-0.500599,0.090281,0.874365,0.070232,13.616400,0
8.620000,-0.399359,0.085468,0.456266,-0.500601,0.090278,0.892354,0.101356,18.825500,0
8.640000,-0.430184,0.021110,0.730748,-0.500602,0.090275,0.910345,0.098704,15.410600,0
8.660000,-0.439500,0.031480,0.580301,-0.500603,0.090273,0.928339,0.084795,14.210100,0
8.680000,-0.442685,0.084265,0.447237,-0.500604,0.090270,0.946333,0.058229,14.215200,0
8.700000,-0.385836,0.121630,0.460387,-0.500604,0.090268,0.964328,0.118975,17.115700,0
8.720000,-0.416447,0.049249,0.543267,-0.498513,0.091975,0.964436,0.092522,13.989100,0
8.740000,-0.462837,0.068976,0.455487,-0.496045,0.093686,0.964429,0.041392,14.616100,0
8.760000,-0.498185,0.073434,0.650360,-0.493578,0.095398,0.964423,0.022442,14.073400,0
8.780000,-0.504710,0.032239,0.692079,-0.491111,0.097109,0.964418,0.066280,17.375000,0
8.800000,-0.360375,0.081431,0.637867,-0.488644,0.098821,0.964415,0.129443,18.393700,0
8.820000,-0.447040,0.101007,0.613334,-0.486178,0.100531,0.964412,0.039141,15.593900,0
8.840000,-0.404128,0.063229,0.537142,-0.485852,0.100583,0.981334,0.089856,17.000600,0
8.860000,-0.389822,0.117899,0.463656,-0.485855,0.100580,0.999319,0.097582,17.589700,0
8.880000,-0.400352,0.071492,0.456050,-0.485857,0.100577,1.017308,0.090316,17.426100,0
8.900000,-0.380324,0.050712,0.470635,-0.485859,0.100575,1.035299,0.116722,16.290100,0
8.920000,-0.416099,0.103599,0.258462,-0.485860,0.100572,1.053292,0.069827,16.993500,0
8.940000,-0.378006,0.044454,0.609350,-0.485861,0.100570,1.071285,0.121580,16.978000,0
8.960000,-0.397322,0.100296,0.443893,-0.485862,0.100568,1.089279,0.088540,15.918600,0
8.980000,-0.439393,0.100106,0.335868,-0.485862,0.100565,1.107272,0.046471,15.554800,0
9.000000,-0.292002,0.115678,0.428844,-0.485863,0.100563,1.125265,0.194449,15.809700,0
9.020000,-0.544339,0.053537,0.632759,-0.485863,0.100561,1.143257,0.075038,18.073200,0
9.040000,-0.401958,0.137197,0.091477,-0.485863,0.100559,1.161249,0.091556,16.530100,0
9.060000,-0.500137,0.070476,0.567004,-0.485863,0.100556,1.179239,0.033295,17.173100,0
9.080000,-0.477136,0.081412,0.402075,-0.485863,0.100554,1.197229,0.021038,16.085200,0
9.100000,-0.470692,0.062346,0.371776,-0.485862,0.100552,1.215218,0.041107,16.680900,0
9.120000,-0.500456,0.060758,0.290166,-0.485862,0.100550,1.233207,0.042383,15.291900,0
9.140000,-0.442704,0.083292,0.425905,-0.485862,0.100548,1.251195,0.046480,16.814400,0
9.160000,-0.525600,0.015439,0.317960,-0.485862,0.100546,1.269182,0.093928,14.900300,0
9.180000,-0.261747,0.080942,0.105033,-0.485862,0.100544,1.287168,0.224971,15.857400,0
9.200000,-0.449333,0.063695,0.397284,-0.485861,0.100542,1.305155,0.051884,16.562300,0
9.220000,-0.513507,0.006760,0.305862,-0.485861,0.100540,1.323140,0.097770,16.579100,0
9.240000,-0.227924,0.144646,-0.002468,-0.485861,0.100538,1.341126,0.261682,14.106600,0
9.260000,-0.464411,0.096507,0.212406,-0.485861,0.100537,1.359111,0.021826,13.933600,0
9.280000,-0.320830,0.090843,0.312126,-0.485861,0.100535,1.377095,0.165315,13.597800,0
9.300000,-0.511394,0.074980,0.318164,-0.483533,0.101015,1.384194,0.038132,14.108800,0
9.320000,-0.273190,0.080871,0.203818,-0.480581,0.101571,1.384191,0.208421,19.597700,0
9.340000,-0.392089,0.083972,0.090738,-0.477629,0.102128,1.384178,0.087445,14.774500,0
9.360000,-0.479920,0.100717,-0.043126,-0.474678,0.102684,1.384169,0.005599,14.285100,0
9.380000,-0.114964,0.093926,0.196184,-0.471728,0.103241,1.384162,0.356886,15.088000,0
9.400000,-0.360451,0.081831,0.161711,-0.468778,0.103798,1.384157,0.110532,14.780300,0
9.420000,-0.446247,0.083952,0.221082,-0.465829,0.104355,1.384154,0.028280,16.262000,0
9.440000,-0.232638,0.078290,0.329992,-0.462879,0.104912,1.384152,0.231775,14.165300,0
9.460000,-0.462329,0.087392,0.193459,-0.459931,0.105469,1.384151,0.018235,15.000500,0
9.480000,-0.463552,0.080249,0.355261,-0.456982,0.106026,1.384150,0.026601,16.113400,0
9.500000,-0.275362,0.129901,0.072458,-0.454033,0.106583,1.384149,0.180186,14.547500,0
9.520000,-0.552184,0.078928,0.270623,-0.451085,0.107140,1.384148,0.104962,14.517400,0
9.540000,-0.364701,0.082635,0.234471,-0.448137,0.107697,1.384147,0.087118,13.940800,0
9.560000,-0.459983,0.093608,0.191005,-0.445188,0.108253,1.384146,0.020817,15.067200,0
9.580000,-0.423346,0.084556,0.359014,-0.442240,0.108810,1.384146,0.030745,14.344800,0
9.600000,-0.195382,0.093428,0.214561,-0.439292,0.109367,1.384145,0.244431,14.721200,0
9.620000,-0.244667,0.086802,0.047449,-0.436344,0.109924,1.384145,0.193066,14.955800,0
9.640000,-0.332368,0.106055,-0.050820,-0.433396,0.110481,1.384145,0.101125,14.666600,0
9.660000,-0.506663,0.061336,-0.022168,-0.432741,0.110560,1.397258,0.088811,14.666000,0
9.680000,-0.423945,0.096734,0.026831,-0.432570,0.110527,1.417257,0.016268,14.737300,0
9.700000,-0.249010,0.105007,0.160178,-0.432572,0.110525,1.435255,0.183645,15.082600,0
9.720000,-0.514238,0.055895,0.406547,-0.432575,0.110524,1.453244,0.098251,14.862000,0
9.740000,-0.384558,0.067443,0.237090,-0.432577,0.110522,1.471233,0.064511,14.867200,0
9.760000,-0.123173,0.112333,0.146225,-0.432579,0.110521,1.489223,0.309412,14.881400,0
9.780000,-0.262031,0.090954,-0.056727,-0.432580,0.110519,1.507213,0.171668,14.496200,0
9.800000,-0.377941,0.099482,-0.203241,-0.432581,0.110518,1.525203,0.055743,14.084600,0
9.820000,-0.123642,0.088048,0.003244,-0.432582,0.110517,1.543191,0.309756,14.022400,0
9.840000,-0.237330,0.081735,0.111387,-0.432583,0.110517,1.561179,0.197363,15.046000,0
9.860000,-0.293670,0.099142,0.231947,-0.432584,0.110516,1.579167,0.139379,17.889300,0
9.880000,-0.394180,0.119151,0.086000,-0.432584,0.110515,1.597153,0.039363,30.921100,0
9.900000,-0.329392,0.106704,-0.173507,-0.432585,0.110514,1.615139,0.103263,19.434900,0
9.920000,-0.334483,0.068034,0.121338,-0.430416,0.110408,1.624495,0.104875,15.003500,0
9.940000,-0.393268,0.114820,-0.004394,-0.427417,0.110244,1.624492,0.034454,16.607000,0
9.960000,-0.211052,0.107804,-0.223690,-0.424418,0.110082,1.624487,0.213378,17.752500,0
9.980000,-0.486740,0.134702,-0.246715,-0.421420,0.109919,1.624479,0.069864,16.896200,0
10.000000,-0.370199,0.157741,0.189593,-0.418422,0.109757,1.624474,0.068029,15.540500,0
10.020000,-0.534548,0.023454,0.111066,-0.415424,0.109596,1.624469,0.147007,14.719600,0
10.040000,-0.122853,0.086327,-0.113636,-0.412427,0.109435,1.624465,0.290495,22.714900,0
10.060000,-0.141354,0.071605,-0.009592,-0.409430,0.109274,1.624461,0.270709,16.561200,0
10.080000,-0.430868,0.086443,-0.244697,-0.406434,0.109112,1.624458,0.033330,14.361000,0
10.100000,-0.246611,0.056858,-0.238571,-0.403437,0.108951,1.624456,0.165251,14.717200,0
10.120000,-0.201981,0.140775,0.022995,-0.400441,0.108790,1.624455,0.201021,16.145400,0
10.140000,-0.321701,0.084193,0.040535,-0.397445,0.108630,1.624454,0.079588,14.232800,0
10.160000,-0.220764,0.131310,-0.109216,-0.394449,0.108469,1.624453,0.175180,14.856100,0
10.180000,-0.264414,0.086001,-0.135912,-0.391453,0.108308,1.624452,0.128983,15.132500,0
10.200000,-0.391003,0.103027,-0.022718,-0.388457,0.108147,1.624452,0.005718,19.025900,0
10.220000,-0.236525,0.076779,-0.001789,-0.385461,0.107986,1.624451,0.152170,13.545500,0
10.240000,-0.423670,0.101198,0.141289,-0.382465,0.107825,1.624451,0.041735,15.129300,0
10.260000,-0.310962,0.115012,0.010748,-0.379469,0.107664,1.624451,0.068900,14.843200,0
10.280000,-0.357430,0.107878,0.053765,-0.376474,0.107503,1.624451,0.019048,15.949900,0
10.300000,-0.394912,0.109092,-0.292194,-0.373478,0.107343,1.624451,0.021505,15.246100,0
10.320000,-0.334495,0.112824,-0.067869,-0.370482,0.107182,1.624451,0.036426,13.871500,0
10.340000,-0.092587,0.092577,0.084465,-0.367486,0.107021,1.624451,0.275279,14.401700,0
10.360000,-0.243480,0.118743,-0.198763,-0.364491,0.106860,1.624451,0.121593,14.625400,0
10.380000,-0.264485,0.059742,0.023705,-0.361495,0.106699,1.624451,0.107777,14.703600,0
10.400000,-0.319859,0.130672,-0.018652,-0.358499,0.106538,1.624451,0.045558,15.374400,0
10.420000,-0.396337,0.108301,0.097713,-0.355504,0.106377,1.624451,0.040878,14.910900,0
10.440000,-0.466662,0.122404,0.007734,-0.352508,0.106217,1.624451,0.115296,16.559300,0
10.460000,-0.277776,0.074607,0.242296,-0.349512,0.106056,1.624451,0.078327,19.280100,0
10.480000,-0.002411,0.106098,-0.232712,-0.346516,0.105895,1.624451,0.344105,13.687000,0
10.500000,-0.090313,0.167536,-0.256044,-0.343521,0.105734,1.624451,0.260641,14.954200,0
10.520000,0.041075,0.099252,0.296393,-0.340525,0.105573,1.624451,0.381652,14.784600,0
10.540000,-0.271190,0.094084,-0.049670,-0.337529,0.105412,1.624451,0.067299,15.652500,0
10.560000,-0.234345,0.059110,-0.166288,-0.334534,0.105251,1.624451,0.110303,18.025400,0
10.580000,-0.224927,0.128244,-0.131355,-0.331538,0.105090,1.624451,0.109096,15.516100,0
10.600000,-0.298182,0.058767,0.136368,-0.328542,0.104930,1.624451,0.055251,15.410600,0
10.620000,-0.340777,0.111875,-0.010961,-0.325547,0.104769,1.624451,0.016806,15.550700,0
10.640000,-0.255986,0.059036,0.062036,-0.322551,0.104608,1.624451,0.080670,15.926300,0
10.660000,-0.260663,0.102220,-0.019921,-0.319555,0.104447,1.624451,0.058935,18.386900,0
10.680000,-0.379594,0.090437,0.061284,-0.316560,0.104286,1.624451,0.064538,17.017800,0
10.700000,-0.195145,0.104716,0.117845,-0.313564,0.104125,1.624451,0.118421,19.666900,0
10.720000,-0.288741,0.109428,0.080259,-0.310568,0.103964,1.624451,0.022500,17.862100,0
10.740000,-0.216808,0.108979,-0.116760,-0.307573,0.103803,1.624451,0.090913,13.617800,0
10.760000,-0.168502,0.054160,0.216366,-0.304577,0.103642,1.624451,0.144792,13.341600,0
10.780000,-0.247493,0.089617,-0.054796,-0.301581,0.103482,1.624451,0.055837,13.909700,0
10.800000,-0.195171,0.102135,-0.115106,-0.298585,0.103321,1.624451,0.103421,14.898100,0
10.820000,-0.317140,0.082659,-0.094101,-0.295590,0.103160,1.624451,0.029744,15.116600,0
10.840000,-0.239251,0.079450,-0.039473,-0.292594,0.102999,1.624451,0.058310,15.742500,0
10.860000,-0.238634,0.105222,-0.115673,-0.289598,0.102838,1.624451,0.051020,14.468300,0
10.880000,-0.282075,0.097500,0.045786,-0.286603,0.102677,1.624451,0.006878,14.271900,0
10.900000,-0.073908,0.068031,0.130128,-0.283607,0.102516,1.624451,0.212516,14.533500,0
10.920000,-0.133861,0.066557,-0.176446,-0.280611,0.102355,1.624451,0.151053,14.299600,0
10.940000,-0.168280,0.061854,-0.024329,-0.277616,0.102194,1.624451,0.116540,13.518000,0
10.960000,-0.263199,0.114475,-0.215337,-0.274620,0.102034,1.624451,0.016888,14.064000,0
10.980000,-0.404000,0.164695,-0.096675,-0.271624,0.101873,1.624451,0.146527,12.686800,0
11.000000,-0.162786,0.088876,0.027420,-0.268629,0.101712,1.624451,0.106619,14.664900,0
11.020000,-0.253486,0.088304,-0.045029,-0.265633,0.101551,1.624451,0.017973,21.217400,0
11.040000,-0.219167,0.081419,0.022924,-0.262637,0.101390,1.624451,0.047838,23.652100,0
11.060000,-0.150473,0.097815,-0.237480,-0.259642,0.101229,1.624451,0.109222,15.899500,0
11.080000,-0.194812,0.068963,-0.063062,-0.256646,0.101068,1.624451,0.069672,16.001200,0
11.100000,-0.163851,0.097866,-0.078900,-0.253650,0.100907,1.624451,0.089850,15.831400,0
11.120000,-0.178917,0.098563,-0.003773,-0.250655,0.100746,1.624451,0.071771,41.635100,0
11.140000,-0.184177,0.055495,0.120522,-0.247659,0.100586,1.624451,0.077866,21.888900,0
11.160000,-0.109916,0.091983,-0.194974,-0.244663,0.100425,1.624451,0.135011,17.344400,0
11.180000,-0.234436,0.097988,-0.231612,-0.241668,0.100264,1.624451,0.007581,22.229900,0
11.200000,-0.307673,0.094445,0.158949,-0.238672,0.100103,1.624451,0.069232,23.449600,0
11.220000,-0.262640,0.063051,-0.072278,-0.235676,0.099942,1.624451,0.045695,21.021600,0
11.240000,-0.096737,0.069170,-0.052478,-0.232680,0.099781,1.624451,0.139346,19.146500,0
11.260000,-0.216739,0.075218,0.037708,-0.229685,0.099620,1.624451,0.027623,16.079100,0
11.280000,-0.111437,0.092963,-0.119153,-0.226689,0.099459,1.624451,0.115435,22.571600,0
11.300000,-0.137031,0.106967,-0.125654,-0.223693,0.099299,1.624451,0.087000,15.552600,0
11.320000,-0.113345,0.059039,-0.095199,-0.220698,0.099138,1.624451,0.114597,16.161300,0
11.340000,-0.205218,0.047639,-0.229050,-0.217702,0.098977,1.624451,0.052834,15.436000,0
11.360000,-0.129275,0.108976,0.027161,-0.214706,0.098816,1.624451,0.086033,15.661400,0
11.380000,-0.054617,0.132777,-0.036190,-0.211711,0.098655,1.624451,0.160757,15.349400,0
11.400000,-0.144846,0.090148,0.142851,-0.208715,0.098494,1.624451,0.064412,17.066800,0
11.420000,0.055027,0.087865,-0.030338,-0.205719,0.098333,1.624451,0.260956,19.990100,0
11.440000,-0.138315,0.074861,0.055424,-0.202724,0.098172,1.624451,0.068498,15.851500,0
11.460000,-0.137944,0.102063,0.073803,-0.199728,0.098011,1.624451,0.061917,14.812000,0
11.480000,0.072408,0.113791,-0.290494,-0.196732,0.097851,1.624451,0.269611,14.610600,0
11.500000,-0.130093,0.173593,-0.409226,-0.193737,0.097690,1.624451,0.099055,15.231800,0
11.520000,-0.153063,0.085823,-0.133174,-0.192877,0.097726,1.614062,0.041555,14.717700,0
11.540000,-0.242344,0.075114,-0.109642,-0.192703,0.097734,1.594064,0.054551,14.951700,0
11.560000,-0.143169,0.098954,0.041950,-0.192704,0.097735,1.576047,0.049550,14.122600,0
11.580000,-0.157042,0.087130,-0.163763,-0.192707,0.097736,1.558059,0.037209,15.597900,0
11.600000,-0.113348,0.080673,0.064042,-0.190590,0.097767,1.548127,0.079111,16.598000,0
11.620000,-0.120447,0.077129,0.093103,-0.187589,0.097838,1.548129,0.070263,15.693400,0
11.640000,-0.152768,0.045932,-0.063262,-0.184587,0.097908,1.548132,0.060942,15.023900,0
11.660000,-0.165046,0.072586,0.153991,-0.181586,0.097978,1.548134,0.030304,15.265100,0
11.680000,-0.067089,0.056006,-0.130350,-0.178586,0.098047,1.548135,0.119160,15.464100,0
11.700000,-0.108240,0.069071,-0.021403,-0.175585,0.098116,1.548137,0.073342,15.788800,0
11.720000,-0.205222,0.076379,0.020516,-0.172585,0.098185,1.548138,0.039251,13.574200,0
11.740000,-0.173641,0.105463,-0.055571,-0.169585,0.098254,1.548139,0.008271,13.443600,0
11.760000,-0.004885,0.059968,0.066317,-0.166585,0.098322,1.548140,0.166187,14.465900,0
11.780000,-0.089540,0.041796,-0.199511,-0.163586,0.098390,1.548141,0.093197,14.378700,0
11.800000,-0.092514,0.079596,0.234002,-0.160586,0.098458,1.548141,0.070637,12.861100,0
11.820000,-0.138864,0.087200,-0.081157,-0.157587,0.098526,1.548141,0.021882,14.647100,0
11.840000,-0.143486,0.046373,0.009989,-0.154587,0.098594,1.548142,0.053388,15.836700,0
11.860000,-0.191858,0.080562,-0.254653,-0.151588,0.098662,1.548142,0.044151,16.527400,0
11.880000,-0.150545,0.105877,-0.060373,-0.148588,0.098730,1.548142,0.007410,16.222700,0
11.900000,-0.175592,0.083971,0.151743,-0.145589,0.098798,1.548142,0.033467,15.463900,0
11.920000,-0.104713,0.053555,-0.046992,-0.142590,0.098866,1.548142,0.059057,15.573600,0
11.940000,-0.180211,0.094218,-0.066642,-0.139590,0.098934,1.548142,0.040894,16.085600,0
11.960000,-0.175713,0.086199,0.027197,-0.136591,0.099002,1.548143,0.041163,16.576200,0
11.980000,0.091176,0.108772,0.087800,-0.133592,0.099070,1.548143,0.224977,17.230300,0
12.000000,-0.023172,0.097372,-0.205672,-0.130593,0.099138,1.548143,0.107435,16.016500,0
12.020000,-0.155602,0.106334,-0.046405,-0.127593,0.099206,1.548143,0.028902,22.618600,0
12.040000,-0.174026,0.094226,0.113762,-0.124594,0.099274,1.548142,0.049689,13.461500,0
12.060000,-0.107561,0.087672,0.094809,-0.121595,0.099342,1.548142,0.018252,15.450700,0
12.080000,-0.051794,0.081329,0.145227,-0.118596,0.099410,1.548142,0.069206,16.007000,0
12.100000,-0.116633,0.049890,0.109330,-0.115596,0.099478,1.548142,0.049599,24.924200,0
12.120000,-0.091073,0.068504,0.179272,-0.112597,0.099545,1.548142,0.037773,17.119100,0
12.140000,-0.169347,0.054525,0.142182,-0.109598,0.099613,1.548142,0.074853,27.380400,0
12.160000,-0.027402,0.088281,0.204507,-0.106599,0.099681,1.548142,0.080013,14.064600,0
12.180000,-0.191651,0.068280,0.124082,-0.103599,0.099749,1.548142,0.093506,13.942600,0
12.200000,-0.098849,0.069213,0.155858,-0.100600,0.099817,1.548142,0.030654,14.351300,0
12.220000,-0.081007,0.074078,0.146991,-0.097601,0.099885,1.548142,0.030682,14.298200,0
12.240000,-0.011746,0.067927,-0.073235,-0.094602,0.099953,1.548142,0.088830,14.466600,0
12.260000,-0.106816,0.079168,0.227264,-0.091602,0.100021,1.548142,0.025814,15.279300,0
12.280000,-0.060424,0.057416,-0.029119,-0.088603,0.100089,1.548142,0.051138,14.127800,0
12.300000,0.130620,0.069865,-0.083371,-0.085604,0.100157,1.548142,0.218336,14.931500,0
12.320000,-0.056842,0.059251,-0.060392,-0.082605,0.100225,1.548142,0.048401,13.252800,0
12.340000,-0.005153,0.092955,-0.080476,-0.079605,0.100293,1.548142,0.074813,14.681500,0
12.360000,-0.059264,0.097668,-0.275722,-0.076606,0.100361,1.548142,0.017550,15.225100,0
12.380000,-0.058797,0.106318,0.053309,-0.073607,0.100429,1.548142,0.015938,14.535000,0
12.400000,0.039635,0.098693,-0.119879,-0.070608,0.100497,1.548142,0.110258,14.448400,0
12.420000,-0.105316,0.083546,-0.114992,-0.067609,0.100565,1.548142,0.041370,15.870800,0
12.440000,0.222853,0.079137,-0.119381,-0.064609,0.100633,1.548142,0.288265,22.897700,0
12.460000,-0.166483,0.113636,-0.063607,-0.061610,0.100701,1.548142,0.105668,22.456500,0
12.480000,-0.056134,0.096954,0.034545,-0.058611,0.100769,1.548142,0.004548,16.321200,0
12.500000,-0.094151,0.071652,-0.002638,-0.055612,0.100837,1.548142,0.048343,15.061900,0
12.520000,-0.017321,0.042727,-0.053215,-0.052612,0.100905,1.548142,0.068045,15.445500,0
12.540000,0.083815,0.087355,-0.037235,-0.049613,0.100973,1.548142,0.134121,23.011700,0
12.560000,-0.008406,0.086225,0.079606,-0.046614,0.101040,1.548142,0.040980,16.650800,0
12.580000,-0.154807,0.072464,0.172032,-0.043615,0.101108,1.548142,0.114822,14.846200,0
12.600000,0.055364,0.087632,-0.055400,-0.040615,0.101176,1.548142,0.096929,14.327000,0
12.620000,-0.038930,0.075397,0.033759,-0.037616,0.101244,1.548142,0.025881,16.829700,0
12.640000,-0.072329,0.055828,-0.020496,-0.034617,0.101312,1.548142,0.059085,13.895500,0
12.660000,0.024170,0.099225,-0.047661,-0.031618,0.101380,1.548142,0.055829,13.880700,0
12.680000,0.003655,0.104649,-0.001950,-0.028619,0.101448,1.548142,0.032432,13.942700,0
12.700000,0.015367,0.095859,-0.026651,-0.025619,0.101516,1.548142,0.041374,16.563300,0
12.720000,-0.001479,0.085384,-0.153221,-0.022620,0.101584,1.548142,0.026634,19.652600,0
12.740000,-0.061059,0.069438,0.060862,-0.019621,0.101652,1.548142,0.052487,14.701200,0
12.760000,0.060735,0.056448,-0.126025,-0.016622,0.101720,1.548142,0.089631,15.713400,0
12.780000,-0.118582,0.079076,-0.069698,-0.013622,0.101788,1.548142,0.107390,15.008600,0
12.800000,-0.033091,0.101340,-0.021607,-0.010623,0.101856,1.548142,0.022474,15.123800,0
12.820000,0.113808,0.073589,-0.173873,-0.007624,0.101924,1.548142,0.124694,15.010200,0
12.840000,0.000115,0.111185,0.037232,-0.004625,0.101992,1.548142,0.010343,15.079400,0
12.860000,0.208276,0.084110,0.191413,-0.001625,0.102060,1.548142,0.210667,14.757300,0
12.880000,0.044006,0.100240,-0.142558,0.001374,0.102128,1.548142,0.042674,14.876800,0
12.900000,-0.001035,0.098072,0.178195,0.004373,0.102196,1.548142,0.006801,23.146200,0
12.920000,-0.045104,0.055900,0.104383,0.007372,0.102264,1.548142,0.070024,17.466200,0
12.940000,0.098194,0.063938,0.019228,0.010371,0.102332,1.548142,0.095848,14.468800,0
12.960000,0.082947,0.081795,0.039489,0.013371,0.102400,1.548142,0.072563,15.636700,0
12.980000,0.029938,0.080082,0.111594,0.016370,0.102468,1.548142,0.026177,15.708200,0
13.000000,0.066749,0.078461,0.089910,0.019369,0.102536,1.548142,0.053145,16.392900,0
13.020000,0.027986,0.061480,0.092355,0.022368,0.102603,1.548142,0.041505,17.574200,0
13.040000,0.074369,0.068307,-0.087495,0.025368,0.102671,1.548142,0.059850,18.059000,0
13.060000,0.013039,0.088066,-0.010219,0.028367,0.102739,1.548142,0.021219,23.650500,0
13.080000,0.052655,0.090611,0.025981,0.031366,0.102807,1.548142,0.024535,20.424000,0
13.100000,0.105667,0.102470,0.115409,0.034365,0.102875,1.548142,0.071303,13.944300,0
13.120000,0.176642,0.105032,-0.280328,0.037364,0.102943,1.548142,0.139293,14.852200,0
13.140000,0.015822,0.115621,-0.195527,0.040364,0.103011,1.548142,0.027592,14.264000,0
13.160000,0.091996,0.076562,-0.104134,0.043363,0.103079,1.548142,0.055392,14.327300,0
13.180000,0.195780,0.085317,0.044915,0.046362,0.103147,1.548142,0.150478,20.508200,0
13.200000,0.123486,0.112485,0.215376,0.049361,0.103215,1.548142,0.074702,16.349400,0
13.220000,-0.002472,0.081469,0.077898,0.052361,0.103283,1.548142,0.059013,13.883800,0
13.240000,-0.043638,0.089842,-0.049087,0.055360,0.103351,1.548142,0.099915,13.746000,0
13.260000,0.182837,0.080252,-0.090753,0.058359,0.103419,1.548142,0.126616,14.711200,0
13.280000,0.089233,0.101038,-0.024801,0.061358,0.103487,1.548142,0.027982,14.499700,0
13.300000,0.003205,0.077822,0.071858,0.064358,0.103555,1.548142,0.066346,16.551900,0
13.320000,0.112531,0.073882,-0.097273,0.067357,0.103623,1.548142,0.054086,14.345300,0
13.340000,0.034431,0.088261,-0.007671,0.070356,0.103691,1.548142,0.039098,17.697200,0
13.360000,0.080158,0.073145,-0.260733,0.073355,0.103759,1.548142,0.031360,17.437900,0
13.380000,0.098811,0.076334,-0.067900,0.076354,0.103827,1.548142,0.035499,16.985300,0
13.400000,0.168782,0.114017,-0.155187,0.079354,0.103895,1.548142,0.089999,16.822100,0
13.420000,0.139797,0.099379,0.133966,0.082353,0.103963,1.548142,0.057627,22.447200,0
13.440000,0.083465,0.091232,-0.048493,0.085352,0.104031,1.548142,0.012937,14.361800,0
13.460000,-0.023059,0.107035,-0.131001,0.088351,0.104099,1.548142,0.111448,17.562300,0
13.480000,0.132927,0.103449,0.201332,0.091351,0.104166,1.548142,0.041582,18.534300,0
13.500000,0.192829,0.097016,0.092623,0.094350,0.104234,1.548142,0.098743,15.408900,0
13.520000,0.178199,0.069617,0.116959,0.097349,0.104302,1.548142,0.087976,13.787000,0
13.540000,0.131790,0.097399,0.234802,0.100348,0.104370,1.548142,0.032206,19.686100,0
13.560000,0.397544,0.126931,0.027716,0.103348,0.104438,1.548142,0.295055,14.286500,0
13.580000,0.113885,0.077647,0.107166,0.106347,0.104506,1.548142,0.027896,13.972400,0
13.600000,0.141670,0.094151,-0.164973,0.109346,0.104574,1.548142,0.033963,14.150800,0
13.620000,0.227384,0.076452,-0.108463,0.112345,0.104642,1.548142,0.118443,15.911700,0
13.640000,0.051665,0.086681,0.336125,0.115344,0.104710,1.548142,0.066182,15.490400,0
13.660000,0.084296,0.077731,0.016160,0.118344,0.104778,1.548142,0.043484,14.602900,0
13.680000,0.218779,0.079341,-0.066287,0.121343,0.104846,1.548142,0.100719,14.219000,0
13.700000,0.254694,0.089126,0.276967,0.124342,0.104914,1.548142,0.131305,14.554400,0
13.720000,0.109166,0.042633,0.186951,0.127341,0.104982,1.548142,0.064944,14.757200,0
13.740000,0.281269,0.107784,-0.119251,0.130341,0.105050,1.548142,0.150952,14.565400,0
13.760000,0.128253,0.056116,-0.046983,0.133340,0.105118,1.548142,0.049265,14.558400,0
13.780000,0.201562,0.076655,-0.115547,0.136339,0.105186,1.548142,0.071190,19.063100,0
13.800000,0.254503,0.075588,-0.070978,0.139338,0.105254,1.548142,0.118924,16.790700,0
13.820000,0.198627,0.096181,-0.145450,0.142338,0.105322,1.548142,0.057027,16.654300,0
13.840000,0.191442,0.086424,0.032478,0.145337,0.105390,1.548142,0.049854,15.288100,0
13.860000,0.180785,0.091907,0.239301,0.148336,0.105458,1.548142,0.035165,15.024400,0
13.880000,0.218321,0.068668,-0.028515,0.151335,0.105526,1.548142,0.076457,16.749200,0
13.900000,0.147309,0.079011,0.091493,0.154334,0.105594,1.548142,0.027496,17.238100,0
13.920000,0.190294,0.070579,0.064901,0.157334,0.105662,1.548142,0.048137,18.528900,0
13.940000,0.114320,0.093383,0.035093,0.160333,0.105729,1.548142,0.047640,22.978300,0
13.960000,0.196874,0.102473,0.007782,0.163332,0.105797,1.548142,0.033706,22.475600,0
13.980000,0.151763,0.079116,-0.042599,0.166331,0.105865,1.548142,0.030459,14.817500,0
14.000000,0.248643,0.085977,0.071666,0.169331,0.105933,1.548142,0.081784,14.362100,0
14.020000,0.176258,0.083943,-0.104327,0.172330,0.106001,1.548142,0.022405,15.466900,0
14.040000,0.178276,0.090033,-0.047988,0.175329,0.106069,1.548142,0.016305,15.135500,0
14.060000,0.177186,0.102405,-0.093631,0.178328,0.106137,1.548142,0.003903,14.790000,0
14.080000,0.164670,0.037533,-0.146235,0.181328,0.106205,1.548142,0.070664,15.871100,0
14.100000,0.216651,0.087275,-0.150325,0.184327,0.106273,1.548142,0.037494,18.697000,0
14.120000,0.299758,0.068815,0.071625,0.187326,0.106341,1.548142,0.118529,14.556700,0
14.140000,0.325815,0.108050,0.023927,0.190325,0.106409,1.548142,0.135500,13.926200,0
14.160000,0.263519,0.068403,-0.136883,0.193324,0.106477,1.548142,0.079856,14.283400,0
14.180000,0.144521,0.065376,-0.085099,0.196324,0.106545,1.548142,0.066170,18.228400,0
14.200000,0.088229,0.102393,0.154550,0.199323,0.106613,1.548142,0.111174,13.932100,0
14.220000,0.282120,0.059237,0.192057,0.202322,0.106681,1.548142,0.092837,14.964000,0
14.240000,0.170113,0.072623,0.070372,0.205321,0.106749,1.548142,0.049033,16.916000,0
14.260000,0.234078,0.075157,0.073235,0.208321,0.106817,1.548142,0.040814,15.236000,0
14.280000,0.263794,0.067639,-0.172116,0.211320,0.106885,1.548142,0.065527,14.527100,0
14.300000,0.051406,0.070514,-0.056231,0.214319,0.106953,1.548142,0.166938,14.384900,0
14.320000,0.049150,0.090234,0.084857,0.217318,0.107021,1.548142,0.169004,15.247500,0
14.340000,0.143816,0.082190,0.226152,0.220318,0.107089,1.548142,0.080452,15.937800,0
14.360000,0.298617,0.096382,-0.048246,0.223317,0.107157,1.548142,0.076067,15.381900,0
14.380000,0.191783,0.098189,-0.059251,0.226316,0.107225,1.548142,0.035696,14.946400,0
14.400000,0.157541,0.086508,0.084229,0.229315,0.107292,1.548142,0.074723,14.632100,0
14.420000,0.170266,0.102250,-0.027543,0.232314,0.107360,1.548142,0.062258,14.865600,0
14.440000,0.254699,0.089314,0.153417,0.235314,0.107428,1.548142,0.026531,14.281400,0
14.460000,0.261339,0.076188,-0.040384,0.238313,0.107496,1.548142,0.038864,14.136900,0
14.480000,0.210034,0.114430,-0.026157,0.241312,0.107564,1.548142,0.032023,15.041900,0
14.500000,0.310557,0.078222,0.156030,0.244311,0.107632,1.548142,0.072481,14.358300,0
14.520000,0.252405,0.070625,-0.148430,0.247311,0.107700,1.548142,0.037423,14.915300,0
14.540000,0.272253,0.100703,-0.012410,0.250310,0.107768,1.548142,0.023052,13.653300,0
14.560000,0.184514,0.090433,0.073176,0.253309,0.107836,1.548142,0.070962,14.095200,0
14.580000,0.228711,0.099254,-0.091723,0.256308,0.107904,1.548142,0.028921,13.334600,0
14.600000,0.260481,0.086345,-0.203547,0.259308,0.107972,1.548142,0.021658,13.792000,0
14.620000,0.351806,0.072565,-0.028885,0.262307,0.108040,1.548142,0.096273,13.974900,0
14.640000,0.200841,0.101042,-0.027400,0.265306,0.108108,1.548142,0.064851,16.055600,0
14.660000,0.284930,0.081066,-0.144267,0.268305,0.108176,1.548142,0.031801,15.291300,0
14.680000,0.304343,0.092690,0.063826,0.271304,0.108244,1.548142,0.036517,14.472000,0
14.700000,0.332799,0.100036,-0.002914,0.274304,0.108312,1.548142,0.059077,15.576200,0
14.720000,0.334623,0.091471,0.134023,0.277303,0.108380,1.548142,0.059762,15.864500,0
14.740000,0.203625,0.050063,0.038526,0.280302,0.108448,1.548142,0.096375,17.916300,0
14.760000,0.344402,0.097617,0.253666,0.283301,0.108516,1.548142,0.062065,16.398000,0
14.780000,0.320972,0.098502,-0.198095,0.286301,0.108584,1.548142,0.036107,16.254000,0
14.800000,0.236343,0.089930,-0.123422,0.289300,0.108652,1.548142,0.056169,18.375100,0
14.820000,0.353362,0.101998,-0.131016,0.292299,0.108720,1.548142,0.061432,17.054800,0
14.840000,0.306581,0.110682,0.143637,0.295298,0.108788,1.548142,0.011441,26.196300,0
14.860000,0.233547,0.085760,0.231389,0.298298,0.108855,1.548142,0.068747,15.007400,0
14.880000,0.368440,0.114666,0.231087,0.301297,0.108923,1.548142,0.067388,13.946900,0
14.900000,0.369991,0.096358,0.152635,0.304296,0.108991,1.548142,0.066898,15.390100,0
14.920000,0.292709,0.076410,-0.172256,0.307295,0.109059,1.548142,0.035759,14.522600,0
14.940000,0.396797,0.097084,0.024437,0.308210,0.109042,1.557778,0.089390,14.108300,0
14.960000,0.360065,0.105865,-0.054975,0.308383,0.109040,1.577775,0.051779,13.853000,0
14.980000,0.266823,0.058713,-0.006574,0.308396,0.109039,1.595953,0.065277,13.831600,0
15.000000,0.308189,0.100572,0.063984,0.308393,0.109038,1.613942,0.008468,14.522100,0
15.020000,0.234040,0.087629,0.061448,0.308391,0.109037,1.631931,0.077372,14.602000,0
15.040000,0.293897,0.080373,-0.035075,0.308389,0.109036,1.649921,0.032118,15.466900,0
15.060000,0.330158,0.088665,-0.274043,0.308387,0.109035,1.667911,0.029815,14.542900,0
15.080000,0.357135,0.071604,-0.171139,0.308385,0.109034,1.685900,0.061462,14.640100,0
15.100000,0.177987,0.122473,0.121724,0.308379,0.109033,1.703950,0.131083,14.964100,0
15.120000,0.351233,0.092981,-0.077318,0.308372,0.109032,1.722008,0.045768,16.410100,0
15.140000,0.418531,0.070428,-0.140638,0.310660,0.108660,1.729750,0.114446,13.343700,0
15.160000,0.416160,0.069063,-0.247011,0.313625,0.108183,1.729749,0.109744,13.901100,0
15.180000,0.322064,0.022234,-0.246123,0.316589,0.107706,1.729746,0.085647,15.687500,0
15.200000,0.369307,0.106182,-0.276588,0.319554,0.107230,1.729740,0.049764,16.261800,0
15.220000,0.399934,0.108896,-0.165440,0.322518,0.106754,1.729736,0.077446,15.881000,0
15.240000,0.526343,0.055669,-0.192408,0.325482,0.106279,1.729732,0.207139,13.398200,0
15.260000,0.326814,0.081161,-0.403733,0.328446,0.105804,1.729729,0.024697,13.215800,0
15.280000,0.418022,0.063300,-0.327769,0.331409,0.105329,1.729726,0.096272,13.541200,0
15.300000,0.354046,0.088847,-0.359668,0.334372,0.104854,1.729724,0.025363,13.415000,0
15.320000,0.420492,0.063265,-0.299426,0.337335,0.104379,1.729722,0.092766,14.721700,0
15.340000,0.292689,0.063808,-0.250988,0.340297,0.103904,1.729721,0.062243,14.087100,0
15.360000,0.336493,0.103786,-0.165121,0.343260,0.103429,1.729720,0.006776,14.294500,0
15.380000,0.347967,0.083199,-0.305774,0.346223,0.102955,1.729719,0.019833,14.787800,0
15.400000,0.388493,0.068175,-0.238616,0.349185,0.102480,1.729719,0.052173,16.173500,0
15.420000,0.420172,0.086562,-0.102281,0.352147,0.102005,1.729719,0.069756,33.606200,0
15.440000,0.294446,0.084807,-0.072902,0.355110,0.101530,1.729718,0.062927,22.600500,0
15.460000,0.441757,0.075936,-0.053152,0.358072,0.101056,1.729718,0.087374,15.215500,0
15.480000,-0.104202,0.105881,-0.317092,0.361035,0.100581,1.729718,0.465267,15.954600,0
15.500000,0.085369,0.123173,0.170761,0.363997,0.100106,1.729718,0.279581,14.798800,0
15.520000,0.325078,0.122721,0.306524,0.366959,0.099632,1.729718,0.047824,14.654100,0
15.540000,0.368753,0.033262,-0.365599,0.369921,0.099157,1.729718,0.065905,19.850400,0
15.560000,0.440879,0.096318,-0.207073,0.372884,0.098682,1.729718,0.068036,15.207800,0
15.580000,0.385386,0.110513,-0.039303,0.373615,0.098599,1.741794,0.016748,15.507500,0
15.600000,0.385251,0.085154,-0.361276,0.373786,0.098569,1.761792,0.017647,16.263700,0
15.620000,0.279855,0.077905,-0.228138,0.373785,0.098569,1.779808,0.096176,15.625700,0
15.640000,0.371782,0.069818,-0.431721,0.373781,0.098568,1.797801,0.028819,15.647100,0
15.660000,0.448555,0.100845,-0.490763,0.373777,0.098568,1.815809,0.074813,13.587900,0
15.680000,0.407126,0.091215,-0.128597,0.373772,0.098567,1.833825,0.034154,15.584100,0
15.700000,0.383648,0.085672,-0.441247,0.373768,0.098566,1.851846,0.016244,13.682100,0
15.720000,0.414536,0.091882,-0.262397,0.373763,0.098565,1.869868,0.041317,14.884800,0
15.740000,0.365826,0.075944,-0.194131,0.373758,0.098564,1.887891,0.023971,14.862900,0
15.760000,0.391614,0.101935,-0.450383,0.373754,0.098564,1.905912,0.018176,15.763700,0
15.780000,0.333979,0.111401,-0.304513,0.373750,0.098563,1.923932,0.041792,19.439400,0
15.800000,0.408357,0.080834,-0.259032,0.373746,0.098561,1.941950,0.038887,13.958500,0
15.820000,0.333208,0.101121,-0.213788,0.373743,0.098560,1.959966,0.040616,13.718500,0
15.840000,0.400003,0.099920,-0.449760,0.373739,0.098559,1.977980,0.026299,14.492300,0
15.860000,0.472026,-0.024472,-0.396131,0.373736,0.098558,1.995992,0.157471,15.139200,0
15.880000,-0.008374,0.074600,-0.487321,0.373733,0.098557,2.014002,0.382857,16.087600,0
15.900000,0.212646,0.138856,-0.443173,0.373730,0.098556,2.032010,0.166049,13.913800,0
15.920000,0.318097,0.118551,-0.270627,0.373727,0.098555,2.050016,0.059115,15.178100,0
15.940000,0.486622,0.076595,-0.568845,0.373724,0.098554,2.068021,0.115014,15.717900,0
15.960000,0.075900,0.305080,0.028116,0.376099,0.097264,2.071408,0.365112,17.187600,0
15.980000,0.273978,0.110413,-0.348653,0.378734,0.095821,2.071405,0.105767,16.648700,0
16.000000,0.431051,0.082213,-0.456183,0.381369,0.094379,2.071400,0.051150,16.949500,0
16.020000,0.330489,0.132683,-0.504775,0.384003,0.092938,2.071392,0.066659,16.506700,0
16.040000,0.374884,0.118304,-0.365488,0.386637,0.091498,2.071386,0.029270,16.595900,0
16.060000,0.382839,0.096865,-0.512988,0.389271,0.090057,2.071381,0.009366,15.588500,0
16.080000,0.354510,0.082865,-0.673928,0.391904,0.088617,2.071377,0.037833,16.828800,0
16.100000,0.452813,0.040869,-0.555841,0.394537,0.087177,2.071374,0.074435,15.836300,0
16.120000,0.507961,0.009592,-0.614360,0.397170,0.085737,2.071371,0.134435,14.803000,0
16.140000,0.522940,0.040615,-0.276600,0.399803,0.084297,2.071369,0.130656,14.713400,0
16.160000,0.382099,0.094645,-0.390155,0.402435,0.082857,2.071368,0.023505,16.023700,0
16.180000,0.429899,-0.016755,-0.530662,0.405068,0.081417,2.071367,0.101264,16.189600,0
16.200000,0.497065,0.072731,-0.672964,0.407700,0.079977,2.071366,0.089658,14.257300,0
16.220000,0.429326,0.084679,-0.496752,0.410332,0.078537,2.071365,0.019963,14.491100,0
16.240000,0.459120,0.034606,-0.776234,0.412964,0.077098,2.071365,0.062737,14.093900,0
16.260000,0.475903,0.040306,-0.415353,0.415596,0.075658,2.071365,0.069905,13.833000,0
16.280000,0.395313,0.111202,-0.615527,0.418229,0.074218,2.071364,0.043508,14.785800,0
16.300000,0.471405,0.053935,-0.488824,0.420861,0.072778,2.071364,0.053942,14.749700,0
16.320000,0.392139,0.030987,-0.405960,0.423493,0.071339,2.071364,0.051102,15.788200,0
16.340000,0.521847,-0.031872,-0.746540,0.426125,0.069899,2.071364,0.139714,14.913700,0
16.360000,0.408636,0.061583,-0.462603,0.428757,0.068459,2.071364,0.021263,19.346000,0
16.380000,0.501267,0.014392,-0.492243,0.431389,0.067019,2.071364,0.087479,15.201200,0
16.400000,0.450024,0.060706,-0.657460,0.434021,0.065580,2.071364,0.016729,14.027500,0
16.420000,0.400447,0.095429,-0.635228,0.434395,0.065374,2.087830,0.045341,13.749200,0
16.440000,0.475531,0.063922,-0.607616,0.434439,0.065348,2.106444,0.041117,14.405700,0
16.460000,0.442550,0.109874,-0.356344,0.434436,0.065349,2.124433,0.045259,15.415700,0
16.480000,0.425402,0.073419,-0.459211,0.434432,0.065350,2.142428,0.012110,15.141100,0
16.500000,0.626723,-0.013557,-0.468017,0.434429,0.065350,2.160427,0.207854,17.868300,0
16.520000,0.484582,0.054025,-0.579776,0.434425,0.065350,2.178429,0.051420,16.481200,0
16.540000,0.337836,0.178066,-0.464891,0.434422,0.065350,2.196432,0.148438,16.173300,0
16.560000,0.483726,0.095498,-0.499246,0.434419,0.065350,2.214435,0.057794,20.817000,0
16.580000,0.532826,0.014027,-0.894096,0.434416,0.065349,2.232438,0.110989,16.259500,0
16.600000,0.460890,0.063071,-0.645775,0.434413,0.065349,2.250440,0.026574,15.503500,0
16.620000,0.417029,0.016026,-0.729209,0.434410,0.065348,2.268442,0.052295,15.691500,0
16.640000,0.442187,0.087595,-0.925618,0.436549,0.063554,2.270830,0.024693,17.079800,0
16.660000,0.376762,0.128240,-0.321968,0.438846,0.061618,2.270825,0.091066,20.484100,0
16.680000,0.433248,0.107862,-0.466579,0.441143,0.059683,2.270820,0.048821,17.549900,0
16.700000,0.423274,0.082378,-0.540758,0.443439,0.057749,2.270815,0.031831,15.988900,0
16.720000,0.476664,0.070676,-0.626015,0.445735,0.055815,2.270810,0.034314,13.826800,0
16.740000,0.466232,0.039832,-0.781981,0.448031,0.053881,2.270806,0.022992,13.237000,0
16.760000,0.455870,0.039300,-0.603983,0.450327,0.051948,2.270804,0.013809,16.412500,0
16.780000,0.446678,0.055647,-0.690458,0.452622,0.050015,2.270801,0.008189,18.856900,0
16.800000,0.522327,-0.002106,-0.876592,0.454918,0.048082,2.270800,0.084041,31.918100,0
16.820000,0.493858,-0.093009,-0.652930,0.457213,0.046149,2.270799,0.143902,23.317200,0
16.840000,0.398846,0.165570,-0.652799,0.459508,0.044216,2.270798,0.135671,24.256900,0
16.860000,0.484568,0.052764,-0.606671,0.461803,0.042283,2.270797,0.025062,19.997400,0
16.880000,0.400903,0.094044,-0.701095,0.464098,0.040350,2.270797,0.082926,18.690200,0
16.900000,0.550182,-0.017683,-0.954729,0.466393,0.038418,2.270796,0.100837,16.345300,0
16.920000,0.528090,0.045492,-0.888099,0.468687,0.036485,2.270796,0.060082,16.828200,0
16.940000,0.439750,0.035068,-0.828079,0.470982,0.034552,2.270796,0.031236,16.222000,0
16.960000,0.537874,0.013401,-0.749082,0.473277,0.032619,2.270795,0.067395,14.153200,0
16.980000,0.434225,0.024347,-0.656341,0.475571,0.030687,2.270795,0.041830,15.312000,0
17.000000,0.514491,0.004437,-0.739464,0.475839,0.030461,2.288335,0.046597,14.517000,0
17.020000,0.471167,0.001245,-0.993194,0.475853,0.030446,2.306599,0.029575,17.750500,0
17.040000,0.432253,0.087137,-0.598513,0.475850,0.030448,2.324587,0.071515,21.039100,0
17.060000,0.515604,0.019564,-0.601993,0.475847,0.030449,2.342578,0.041220,19.453500,0
17.080000,0.522124,0.014106,-0.868160,0.475844,0.030450,2.360572,0.049081,18.780800,0
17.100000,0.478186,0.034582,-0.802475,0.475841,0.030450,2.378569,0.004751,16.017200,0
17.120000,0.515688,-0.052901,-0.877684,0.475838,0.030451,2.396566,0.092388,15.099300,0
17.140000,0.541024,0.030632,-0.796132,0.475835,0.030451,2.414564,0.065189,16.259200,0
17.160000,0.518175,0.007465,-0.690405,0.475833,0.030450,2.432562,0.048178,13.809600,0
17.180000,0.473201,0.030518,-0.813855,0.475830,0.030450,2.450559,0.002630,13.882400,0
17.200000,0.510347,0.000787,-0.815918,0.475828,0.030450,2.468555,0.045513,14.654400,0
17.220000,0.507670,0.027885,-0.969133,0.475825,0.030449,2.486550,0.031948,14.225800,0
17.240000,0.516017,0.027925,-1.027811,0.475823,0.030449,2.504545,0.040273,13.898800,0
17.260000,0.421785,0.200017,-0.759284,0.475820,0.030449,2.522538,0.177969,14.141800,0
17.280000,0.467899,-0.001069,-1.049992,0.477558,0.028362,2.522659,0.030976,15.457200,0
17.300000,0.490858,0.017998,-1.000620,0.479301,0.025915,2.522651,0.014009,20.007800,0
17.320000,0.533937,0.038133,-1.005006,0.481043,0.023469,2.522643,0.054889,15.118000,0
17.340000,0.526558,0.043536,-1.051479,0.482786,0.021023,2.522636,0.049222,14.375500,0
17.360000,0.518708,0.066022,-0.868986,0.484528,0.018579,2.522630,0.058473,14.706500,0
17.380000,0.526802,0.018567,-0.896692,0.486270,0.016134,2.522626,0.040605,15.494600,0
17.400000,0.453214,0.085555,-1.086879,0.488012,0.013690,2.522624,0.079847,17.987300,0
17.420000,0.492038,0.063131,-0.678084,0.489754,0.011246,2.522622,0.051935,16.952700,0
17.440000,0.558376,-0.039386,-0.954317,0.491495,0.008802,2.522620,0.082433,14.984200,0
17.460000,0.486733,0.085786,-0.886075,0.491552,0.008480,2.539562,0.077457,13.998900,0
17.480000,0.538517,-0.016289,-1.107211,0.491549,0.008483,2.557551,0.053101,13.490400,0
17.500000,0.568130,-0.019117,-1.064994,0.491547,0.008485,2.575538,0.081405,13.924700,0
17.520000,0.579694,-0.064411,-1.060814,0.491544,0.008487,2.593528,0.114388,15.358800,0
17.540000,0.477691,0.129747,-0.903980,0.491542,0.008488,2.611520,0.122048,13.807800,0
17.560000,0.548942,0.036987,-0.713209,0.491539,0.008489,2.629513,0.064088,15.310400,0
17.580000,0.510531,0.032333,-0.918865,0.491537,0.008490,2.647507,0.030484,14.664600,0
17.600000,0.561553,-0.034875,-0.916076,0.491535,0.008491,2.665500,0.082360,14.527300,0
17.620000,0.604857,-0.040318,-0.987193,0.491532,0.008491,2.683493,0.123389,14.375000,0
17.640000,0.585562,-0.016138,-1.067963,0.491530,0.008491,2.701486,0.097204,14.044000,0
17.660000,0.518448,0.056836,-0.968585,0.491528,0.008491,2.719478,0.055335,13.940100,0
17.680000,0.522062,0.101406,-0.995762,0.491526,0.008491,2.737469,0.097804,13.052200,0
17.700000,0.546783,-0.051578,-1.359920,0.491523,0.008491,2.755459,0.081621,13.951200,0
17.720000,0.588327,-0.198456,-1.344190,0.491521,0.008491,2.773449,0.228470,16.864200,0
17.740000,0.508773,0.131806,-1.262598,0.491519,0.008491,2.791437,0.124516,29.355900,0
17.760000,0.522745,0.048803,-1.273461,0.491517,0.008491,2.809425,0.050992,19.558000,0
17.780000,0.534257,0.057338,-1.213163,0.492464,0.006247,2.810826,0.066007,14.668900,0
17.800000,0.525377,0.021443,-1.063358,0.493440,0.003407,2.810825,0.036678,14.195200,0
17.820000,0.585081,-0.110267,-1.445173,0.494415,0.000566,2.810814,0.143193,15.280300,0
17.840000,0.548611,0.031090,-1.334369,0.495391,-0.002274,2.810805,0.062813,14.621000,0
17.860000,0.586313,-0.159532,-1.267778,0.496367,-0.005114,2.810799,0.178704,14.692300,0
17.880000,0.563900,-0.075934,-1.282732,0.497342,-0.007952,2.810795,0.095139,15.442300,0
17.900000,0.537743,-0.019181,-1.263016,0.498317,-0.010791,2.810792,0.040309,16.338800,0
17.920000,0.564487,-0.052232,-1.382249,0.499292,-0.013629,2.810790,0.075767,15.938500,0
17.940000,0.554493,0.117773,-1.253166,0.500268,-0.016468,2.810789,0.144780,18.583200,0
17.960000,0.542948,-0.041304,-1.410683,0.501242,-0.019306,2.810788,0.047152,18.336700,0
17.980000,0.505152,0.129830,-1.233580,0.502217,-0.022143,2.810788,0.152001,15.902300,0
18.000000,0.572929,-0.013249,-1.051593,0.503192,-0.024981,2.810787,0.070717,13.632800,0
18.020000,0.512223,-0.027953,-1.312133,0.504167,-0.027819,2.810786,0.008057,14.446600,0
18.040000,0.523933,0.002539,-1.316084,0.505141,-0.030656,2.810786,0.038145,15.199300,0
18.060000,0.553643,-0.016979,-1.343160,0.506116,-0.033494,2.810785,0.050315,13.502600,0
18.080000,0.552646,0.154500,-0.967295,0.507091,-0.036331,2.810785,0.196193,16.560700,0
18.100000,0.540090,-0.017889,-1.003258,0.508065,-0.039169,2.810785,0.038450,16.059300,0
18.120000,0.614424,-0.147220,-1.295585,0.509040,-0.042006,2.810785,0.148916,13.500000,0
18.140000,0.553908,0.094028,-1.221642,0.510014,-0.044844,2.810785,0.145644,14.844000,0
18.160000,0.475309,0.079002,-1.268539,0.510070,-0.045354,2.826752,0.129123,15.778500,0
18.180000,0.576403,-0.175624,-1.406177,0.510043,-0.045457,2.845994,0.146106,16.343800,0
18.200000,0.563151,-0.046366,-1.339257,0.510041,-0.045453,2.863981,0.053118,13.753800,0
18.220000,0.592112,-0.181289,-1.652629,0.510039,-0.045451,2.881970,0.158707,13.813800,0
18.240000,0.567680,0.188723,-1.314999,0.510037,-0.045449,2.899960,0.241162,13.831100,0
18.260000,0.576270,-0.055455,-1.287874,0.510035,-0.045448,2.917951,0.066986,14.521300,0
18.280000,0.531743,0.061877,-1.230548,0.510033,-0.045446,2.935942,0.109497,19.077300,0
18.300000,0.504858,0.012576,-1.588691,0.510031,-0.045445,2.953933,0.058252,15.754500,0
18.320000,0.556566,-0.038446,-1.563926,0.510029,-0.045445,2.971923,0.047060,15.324500,0
18.340000,0.574622,-0.101802,-1.500812,0.510027,-0.045444,2.989913,0.085725,14.513800,0
18.360000,0.557875,-0.008890,-1.479383,0.510397,-0.047736,2.997614,0.061345,14.945100,0
18.380000,0.544432,-0.030591,-1.507155,0.510827,-0.050708,2.997612,0.039166,15.089600,0
18.400000,0.568252,-0.141361,-1.548779,0.511256,-0.053681,2.997603,0.104577,14.781400,0
18.420000,0.559667,-0.006227,-1.543998,0.511686,-0.056653,2.997596,0.069606,25.714400,0
18.440000,0.532729,-0.077734,-1.429340,0.512116,-0.059624,2.997592,0.027439,16.070300,0
18.460000,0.568459,0.045778,-1.332944,0.512547,-0.062595,2.997588,0.121946,15.654600,0
18.480000,0.556274,-0.052297,-1.266320,0.512977,-0.065565,2.997585,0.045284,16.035000,0
18.500000,0.537854,0.008495,-1.303615,0.513408,-0.068535,2.997584,0.080816,24.518800,0
18.520000,0.544118,-0.036571,-1.584592,0.513839,-0.071505,2.997583,0.046230,48.546200,0
18.540000,0.562589,-0.145020,-1.635803,0.513872,-0.072218,3.009962,0.087599,15.898600,0
18.560000,0.561202,-0.096136,-1.484847,0.513846,-0.072391,3.029964,0.052975,13.945100,0
18.580000,0.587068,-0.070553,-1.227390,0.513845,-0.072389,3.047967,0.073246,19.193300,0
18.600000,0.575002,-0.131430,-1.493111,0.513844,-0.072386,3.065954,0.085008,14.256000,0
18.620000,0.570986,-0.022964,-1.616690,0.513842,-0.072384,3.083943,0.075549,14.039500,0
18.640000,0.560281,0.025642,-1.322110,0.513841,-0.072382,3.101931,0.108468,14.204200,0
18.660000,0.592104,-0.200366,-1.619758,0.513841,-0.072381,3.119920,0.150018,16.332300,0
18.680000,0.550457,-0.054692,-1.730504,0.513840,-0.072379,3.137909,0.040664,15.012000,0
18.700000,0.571869,-0.223026,-1.715784,0.513839,-0.072378,-3.127289,0.161438,20.855200,0
18.720000,0.581246,0.079020,-1.109791,0.513838,-0.072378,-3.109302,0.165726,23.791400,0
18.740000,0.594795,-0.122310,-1.658898,0.513761,-0.074529,-3.099745,0.094072,15.743900,0
18.760000,0.551941,-0.121383,-1.834280,0.513633,-0.077530,-3.099748,0.058228,14.515900,0
18.780000,0.568619,-0.006169,-1.723998,0.513505,-0.080531,-3.099758,0.092560,14.999700,0
18.800000,0.564126,-0.035901,-1.633381,0.513379,-0.083531,-3.099764,0.069597,14.217100,0
18.820000,0.555148,-0.114399,-1.594766,0.513252,-0.086530,-3.099769,0.050319,13.850400,0
18.840000,0.568722,-0.230457,-1.665315,0.513126,-0.089530,-3.099773,0.151497,15.236600,0
18.860000,0.564114,-0.153971,-1.839985,0.513000,-0.092528,-3.099777,0.079924,13.756800,0
18.880000,0.516758,-0.008552,-1.772148,0.512875,-0.095527,-3.099780,0.087061,14.342100,0
18.900000,0.538486,-0.226884,-1.466220,0.512749,-0.098525,-3.099782,0.130914,13.220600,0
18.920000,0.552975,-0.081859,-1.549137,0.512623,-0.101523,-3.099784,0.044889,15.240000,0
18.940000,0.576186,-0.127736,-1.533660,0.512498,-0.104521,-3.099785,0.067787,14.807500,0
18.960000,0.545079,-0.024615,-1.524440,0.512372,-0.107519,-3.099786,0.089123,19.549600,0
18.980000,0.579075,-0.264016,-1.608230,0.512247,-0.110516,-3.099787,0.167416,21.508100,0
19.000000,0.548267,-0.114361,-1.490187,0.512121,-0.113514,-3.099788,0.036156,15.232000,0
19.020000,0.567137,-0.152395,-1.607396,0.511996,-0.116512,-3.099788,0.065788,14.418200,0
19.040000,0.569190,-0.169475,-1.956141,0.511871,-0.119509,-3.099788,0.076039,15.468700,0
19.060000,0.528362,-0.243768,-1.819860,0.511745,-0.122507,-3.099789,0.122394,15.220600,0
19.080000,0.587422,-0.111334,-1.645470,0.511620,-0.125504,-3.099789,0.077115,20.147400,0
19.100000,0.595392,-0.040815,-1.476356,0.511495,-0.128502,-3.099789,0.121358,14.624900,0
19.120000,0.553705,-0.299124,-1.475103,0.511369,-0.131499,-3.099789,0.172889,15.026200,0
19.140000,0.561247,-0.229725,-1.629489,0.511244,-0.134497,-3.099789,0.107558,14.741500,0
19.160000,0.534013,-0.185332,-1.770033,0.511119,-0.137494,-3.099789,0.053034,16.852400,0
19.180000,0.597354,-0.031999,-1.561379,0.510993,-0.140492,-3.099789,0.138668,15.014000,0
19.200000,0.566607,-0.234314,-1.702276,0.510868,-0.143489,-3.099789,0.106565,14.596400,0
19.220000,0.544545,-0.194951,-1.460811,0.510743,-0.146486,-3.099789,0.059089,17.064900,0
19.240000,0.555360,0.038882,-1.500760,0.510617,-0.149484,-3.099789,0.193607,21.475500,0
19.260000,0.558308,-0.260755,-1.728581,0.510492,-0.152481,-3.099789,0.118362,21.818000,0
19.280000,0.569133,-0.123345,-1.778374,0.510367,-0.155479,-3.099789,0.066978,16.877700,0
19.300000,0.564074,-0.044301,-1.420973,0.510241,-0.158476,-3.099789,0.126229,15.279200,0
19.320000,0.546892,0.042831,-1.566989,0.510116,-0.161473,-3.099789,0.207588,14.707800,0
19.340000,0.567978,-0.095481,-1.495393,0.509991,-0.164471,-3.099789,0.090122,13.516300,0
19.360000,0.572241,-0.227225,-1.602592,0.509865,-0.167468,-3.099789,0.086381,17.641900,0
19.380000,0.529722,-0.089931,-1.577048,0.509836,-0.168359,-3.089823,0.080910,17.850400,0
19.400000,0.546199,-0.227306,-1.603393,0.509826,-0.168532,-3.069826,0.069119,15.391100,0
19.420000,0.584418,-0.157822,-1.706481,0.509825,-0.168538,-3.051727,0.075359,13.831400,0
19.440000,0.582753,-0.124021,-1.537113,0.509825,-0.168535,-3.033739,0.085440,14.561500,0
19.460000,0.545490,0.005782,-1.572030,0.509824,-0.168532,-3.015749,0.177926,15.475800,0
19.480000,0.570493,-0.100279,-1.585171,0.509517,-0.170798,-3.007673,0.093225,15.290400,0
19.500000,0.558475,-0.145156,-1.549366,0.509114,-0.173773,-3.007674,0.057057,15.460300,0
19.520000,0.569229,-0.105263,-1.791939,0.508711,-0.176748,-3.007676,0.093661,14.344300,0
19.540000,0.551104,-0.256144,-1.688564,0.508309,-0.179723,-3.007678,0.087587,14.147700,0
19.560000,0.552061,-0.298072,-1.764301,0.507907,-0.182697,-3.007680,0.123535,14.743500,0
19.580000,0.552736,-0.073732,-1.557389,0.507506,-0.185672,-3.007682,0.120733,14.996800,0
19.600000,0.568575,-0.123372,-1.603850,0.507105,-0.188646,-3.007684,0.089662,15.211700,0
19.620000,0.574390,-0.089034,-1.599721,0.506704,-0.191620,-3.007685,0.122904,15.136500,0
19.640000,0.554464,-0.253105,-1.685100,0.506303,-0.194594,-3.007686,0.075783,14.367400,0
19.660000,0.555631,-0.188394,-1.773721,0.505902,-0.197567,-3.007686,0.050568,14.409900,0
19.680000,0.537165,-0.250468,-1.693744,0.505502,-0.200541,-3.007687,0.059121,14.041700,0
19.700000,0.557549,0.146846,-1.790544,0.505101,-0.203514,-3.007687,0.354264,14.673800,0
19.720000,0.543695,-0.289305,-1.843284,0.504701,-0.206488,-3.007688,0.091538,14.537000,0
19.740000,0.558181,-0.188365,-1.423579,0.504300,-0.209461,-3.007688,0.057864,14.466600,0
19.760000,0.572920,-0.199270,-1.782906,0.503900,-0.212434,-3.007688,0.070264,14.198100,0
19.780000,0.582560,-0.024451,-1.592022,0.503499,-0.215408,-3.007688,0.206676,14.553700,0
19.800000,0.547022,-0.183187,-1.956306,0.503099,-0.218381,-3.007688,0.056284,14.903500,0
19.820000,0.557118,-0.221803,-1.745191,0.502698,-0.221354,-3.007689,0.054422,12.857200,0
19.840000,0.577123,-0.208344,-1.568189,0.502298,-0.224327,-3.007689,0.076513,12.984400,0
19.860000,0.564792,-0.139945,-1.528819,0.501897,-0.227300,-3.007689,0.107642,12.737600,0
19.880000,0.539163,-0.340221,-1.675551,0.501497,-0.230274,-3.007689,0.116220,14.100100,0
19.900000,0.560158,-0.184393,-1.567427,0.501096,-0.233247,-3.007689,0.076649,14.580100,0
19.920000,0.533481,-0.424585,-1.938717,0.500696,-0.236220,-3.007689,0.191197,15.043200,0
19.940000,0.541506,-0.231095,-1.551090,0.500295,-0.239193,-3.007689,0.042000,15.238500,0
19.960000,0.550528,-0.108105,-1.524568,0.500220,-0.239956,-2.996014,0.141123,12.523100,0
19.980000,0.551893,-0.131910,-1.520413,0.500195,-0.240127,-2.976016,0.119932,13.471800,0
20.000000,0.551874,-0.211687,-1.735190,0.500194,-0.240127,-2.957988,0.058989,12.831900,0
20.020000,0.548058,-0.332675,-1.684037,0.500194,-0.240123,-2.939993,0.104196,15.076900,0
20.040000,0.560726,-0.156788,-1.826681,0.500193,-0.240119,-2.921981,0.102997,14.352100,0
20.060000,0.546726,-0.308751,-1.819271,0.500192,-0.240114,-2.903960,0.082924,15.810000,0
20.080000,0.535249,-0.371744,-2.205001,0.500191,-0.240109,-2.885935,0.136224,17.157200,0
20.100000,0.544082,-0.225418,-1.928271,0.500191,-0.240104,-2.867908,0.046283,14.019000,0
20.120000,0.594280,-0.102120,-1.698052,0.500190,-0.240099,-2.849882,0.167006,12.631600,0
20.140000,0.536060,-0.129524,-1.740290,0.499441,-0.242491,-2.844195,0.118754,15.238600,0
20.160000,0.563149,-0.140357,-1.895642,0.498559,-0.245362,-2.844192,0.123280,14.204700,0
20.180000,0.525489,-0.298678,-1.938730,0.497679,-0.248233,-2.844195,0.057603,16.620000,0
20.200000,0.518639,-0.342963,-1.753147,0.496798,-0.251103,-2.844199,0.094421,15.653500,0
20.220000,0.546268,-0.237531,-1.807072,0.495918,-0.253973,-2.844203,0.052967,15.613100,0
20.240000,0.598950,-0.106538,-1.743420,0.495038,-0.256843,-2.844206,0.182727,14.957000,0
20.260000,0.535051,-0.181277,-1.879338,0.494159,-0.259713,-2.844209,0.088456,15.634600,0
20.280000,0.513206,-0.321399,-2.128994,0.493279,-0.262582,-2.844211,0.062100,15.522300,0
20.300000,0.576506,-0.223033,-2.100628,0.492400,-0.265451,-2.844213,0.094197,15.938800,0
20.320000,0.615648,-0.186848,-1.856519,0.491521,-0.268320,-2.844214,0.148476,14.951100,0
20.340000,0.530127,-0.283560,-1.906082,0.490642,-0.271189,-2.844216,0.041378,14.989600,0
20.360000,0.500287,-0.330239,-1.993448,0.489763,-0.274057,-2.844216,0.057160,16.198100,0
20.380000,0.559913,-0.216949,-2.045522,0.488884,-0.276926,-2.844217,0.092964,15.764400,0
20.400000,0.527974,-0.280665,-1.868442,0.488005,-0.279795,-2.844217,0.039979,15.456600,0
20.420000,0.525304,-0.321792,-1.769547,0.487126,-0.282663,-2.844218,0.054669,14.263500,0
20.440000,0.554896,-0.232201,-1.879755,0.486247,-0.285532,-2.844218,0.086931,14.994700,0
20.460000,0.538592,-0.351058,-2.025264,0.485368,-0.288400,-2.844218,0.082212,14.971800,0
20.480000,0.528741,-0.333129,-1.908770,0.484489,-0.291269,-2.844218,0.060914,15.164900,0
20.500000,0.524974,-0.316395,-1.702261,0.483610,-0.294137,-2.844218,0.046972,14.581000,0
20.520000,0.525576,-0.230601,-1.809908,0.482731,-0.297006,-2.844218,0.079027,15.212100,0
20.540000,0.501362,-0.402789,-2.120144,0.481852,-0.299874,-2.844218,0.104748,14.465800,0
20.560000,0.513110,-0.308878,-1.721758,0.480973,-0.302742,-2.844218,0.032718,14.690100,0
20.580000,0.524218,-0.425121,-1.910786,0.480094,-0.305611,-2.844218,0.127395,14.910100,0
20.600000,0.516415,-0.279530,-2.014137,0.479215,-0.308479,-2.844218,0.047137,14.248300,0
20.620000,0.514296,-0.324337,-2.110479,0.478336,-0.311347,-2.844218,0.038234,41.687000,0
20.640000,0.496344,-0.370010,-1.858943,0.477456,-0.314216,-2.844218,0.058905,27.713300,0
20.660000,0.545914,-0.203476,-1.895753,0.476577,-0.317084,-2.844218,0.133096,18.879600,0
20.680000,0.473979,-0.450656,-2.025029,0.475698,-0.319952,-2.844218,0.130715,17.270300,0
20.700000,0.497020,-0.297559,-1.885904,0.474819,-0.322821,-2.844218,0.033631,17.205500,0
20.720000,0.532105,-0.216466,-1.774378,0.473940,-0.325689,-2.844218,0.123745,16.248000,0
20.740000,0.526021,-0.320547,-1.895107,0.473061,-0.328557,-2.844218,0.053562,16.438500,0
20.760000,0.493722,-0.420408,-1.975852,0.472182,-0.331426,-2.844218,0.091552,17.207600,0
20.780000,0.513898,-0.356300,-1.973065,0.471303,-0.334294,-2.844218,0.047944,18.625500,0
20.800000,0.483470,-0.371907,-1.949356,0.470424,-0.337162,-2.844218,0.037114,16.037100,0
20.820000,0.526932,-0.240304,-1.820598,0.469545,-0.340031,-2.844218,0.115060,12.865100,0
20.840000,0.502514,-0.374468,-2.123463,0.468666,-0.342899,-2.844218,0.046285,14.325700,0
20.860000,0.559629,-0.309129,-2.022536,0.467787,-0.345767,-2.844218,0.098880,13.977700,0
20.880000,0.537577,-0.262742,-1.832666,0.466908,-0.348636,-2.844218,0.111229,13.961700,0
20.900000,0.524326,-0.301728,-1.931822,0.466029,-0.351504,-2.844218,0.076656,14.506300,0
20.920000,0.554778,-0.206968,-1.847303,0.465150,-0.354372,-2.844218,0.172514,14.199000,0
20.940000,0.531979,-0.265703,-1.697246,0.464271,-0.357241,-2.844218,0.113858,14.935300,0
20.960000,0.505092,-0.292614,-1.976565,0.463392,-0.360109,-2.844218,0.079337,14.266400,0
20.980000,0.528774,-0.361665,-1.890818,0.462513,-0.362977,-2.844218,0.066274,14.263100,0
21.000000,0.525753,-0.310301,-1.855481,0.461634,-0.365846,-2.844218,0.084832,14.677000,0
21.020000,0.450246,-0.492749,-2.170583,0.460755,-0.368714,-2.844218,0.124479,14.690900,0
21.040000,0.437804,-0.310282,-1.903319,0.459876,-0.371582,-2.844218,0.065153,14.710400,0
21.060000,0.456311,-0.509343,-2.119709,0.458997,-0.374451,-2.844218,0.134919,13.670400,0
21.080000,0.479704,-0.437751,-2.024922,0.458118,-0.377319,-2.844218,0.064172,14.429500,0
21.100000,0.515028,-0.279386,-1.719135,0.457239,-0.380187,-2.844218,0.116191,14.029200,0
21.120000,0.518213,-0.340829,-1.943781,0.456360,-0.383056,-2.844218,0.074893,13.867100,0
21.140000,0.530863,-0.218371,-1.795656,0.455481,-0.385924,-2.844218,0.183729,14.502500,0
21.160000,0.521745,-0.342370,-1.723975,0.454602,-0.388792,-2.844218,0.081628,15.298800,0
21.180000,0.510182,-0.389997,-2.085841,0.453723,-0.391661,-2.844218,0.056483,14.519600,0
21.200000,0.507153,-0.314816,-1.918227,0.452844,-0.394529,-2.844218,0.096455,15.275300,0
21.220000,0.457303,-0.492193,-2.090662,0.451965,-0.397397,-2.844218,0.094946,14.340800,0
21.240000,0.453724,-0.411075,-1.915216,0.451086,-0.400266,-2.844218,0.011127,15.106300,0
21.260000,0.409047,-0.531567,-1.838668,0.450207,-0.403134,-2.844218,0.134867,14.244100,0
21.280000,0.461647,-0.483586,-2.245581,0.449327,-0.406002,-2.844218,0.078556,14.535100,0
21.300000,0.525762,-0.276649,-1.862475,0.448448,-0.408871,-2.844218,0.153167,15.446900,0
21.320000,0.512715,-0.392469,-1.763503,0.447569,-0.411739,-2.844218,0.067937,14.877700,0
21.340000,0.577060,-0.221691,-1.515326,0.446690,-0.414607,-2.844218,0.232836,14.774800,0
21.360000,0.551783,-0.400345,-1.554904,0.445811,-0.417476,-2.844218,0.107347,14.726000,0
21.380000,0.510000,-0.573947,-1.710995,0.444932,-0.420344,-2.844218,0.166816,14.913000,0
21.400000,0.512570,-0.254570,-1.631353,0.444053,-0.423212,-2.844218,0.182030,15.006700,0
21.420000,0.501564,-0.308173,-1.575999,0.443174,-0.426081,-2.844218,0.131574,15.736600,0
21.440000,0.504908,-0.270265,-1.656564,0.443066,-0.426669,-2.830387,0.168186,17.874900,0
21.460000,0.514986,-0.283368,-1.848512,0.443026,-0.426791,-2.810903,0.160463,15.754700,0
21.480000,0.508257,-0.486371,-2.033836,0.443027,-0.426789,-2.792893,0.088346,16.263600,0
21.500000,0.552260,-0.258663,-2.203650,0.443027,-0.426784,-2.774886,0.200491,16.923700,0
21.520000,0.565379,-0.327999,-1.887133,0.443026,-0.426779,-2.756874,0.157251,15.609700,0
21.540000,0.493178,-0.477467,-1.898563,0.443026,-0.426775,-2.738859,0.071309,16.559500,0
21.560000,0.527161,-0.098236,-1.912325,0.443025,-0.426770,-2.720844,0.339137,16.404100,0
21.580000,0.496914,-0.288393,-1.811517,0.441945,-0.429181,-2.716779,0.151139,17.594400,0
21.600000,0.468103,-0.389904,-1.950142,0.440706,-0.431917,-2.716777,0.050156,18.028000,0
21.620000,0.535295,-0.378256,-1.774363,0.439468,-0.434653,-2.716779,0.111191,15.888700,0
21.640000,0.439092,-0.635054,-1.868313,0.438230,-0.437388,-2.716783,0.197668,14.855600,0
21.660000,0.460587,-0.450600,-2.103559,0.436993,-0.440123,-2.716786,0.025815,14.057600,0
21.680000,0.497267,-0.448548,-1.839758,0.435755,-0.442857,-2.716788,0.061774,14.799600,0
21.700000,0.445149,-0.512816,-2.135426,0.434519,-0.445592,-2.716790,0.068059,15.304700,0
21.720000,0.506877,-0.289723,-1.945640,0.433282,-0.448326,-2.716791,0.174846,15.931200,0
21.740000,0.424010,-0.496255,-1.896810,0.432045,-0.451060,-2.716793,0.045903,15.061000,0
21.760000,0.465548,-0.483831,-2.136052,0.430808,-0.453794,-2.716794,0.045925,15.703100,0
21.780000,0.496621,-0.421807,-1.850635,0.429572,-0.456528,-2.716794,0.075506,15.493500,0
21.800000,0.470945,-0.331886,-1.980188,0.428335,-0.459261,-2.716795,0.134313,14.292100,0
21.820000,0.468861,-0.426752,-1.931799,0.428138,-0.459697,-2.701032,0.052381,14.081500,0
21.840000,0.487020,-0.442021,-2.086125,0.428105,-0.459765,-2.682142,0.061529,15.715400,0
21.860000,0.457647,-0.489108,-2.105193,0.428106,-0.459761,-2.664151,0.041640,15.680200,0
21.880000,0.436223,-0.452628,-1.858921,0.428106,-0.459758,-2.646156,0.010804,14.941800,0
21.900000,0.426015,-0.377882,-2.366163,0.428107,-0.459754,-2.628156,0.081899,16.385000,0
21.920000,0.564024,-0.339358,-1.780278,0.428106,-0.459751,-2.610153,0.181571,16.223200,0
21.940000,0.507292,-0.341303,-1.839992,0.428106,-0.459747,-2.592149,0.142476,15.010200,0
21.960000,0.459367,-0.458821,-2.359140,0.428106,-0.459744,-2.574143,0.031275,15.375800,0
21.980000,0.529106,-0.380626,-2.041329,0.428105,-0.459741,-2.556138,0.128298,14.687900,0
22.000000,0.479163,-0.482416,-2.240408,0.428105,-0.459738,-2.538134,0.055867,16.231300,0
22.020000,0.415576,-0.519476,-2.249705,0.428104,-0.459735,-2.520130,0.061040,14.593400,0
22.040000,0.541693,-0.412701,-2.031525,0.428103,-0.459732,-2.502128,0.122942,15.640600,0
22.060000,0.510482,-0.400504,-2.326033,0.428103,-0.459729,-2.484126,0.101459,15.923900,0
22.080000,0.441527,-0.538643,-2.555426,0.428102,-0.459727,-2.466126,0.080049,15.630300,0
22.100000,0.363301,-0.463416,-2.669525,0.428101,-0.459724,-2.448127,0.064905,15.225500,0
22.120000,0.347105,-0.491535,-2.382890,0.428100,-0.459722,-2.430129,0.087019,14.941300,0
22.140000,0.443173,-0.434234,-2.282732,0.428099,-0.459720,-2.412132,0.029610,18.989800,0
22.160000,0.479455,-0.358474,-2.353171,0.428099,-0.459717,-2.394136,0.113523,15.873800,0
22.180000,0.510402,-0.426476,-2.148797,0.428098,-0.459715,-2.376141,0.088762,16.888800,0
22.200000,0.485877,-0.448991,-2.202606,0.428097,-0.459713,-2.358147,0.058766,16.862500,0
22.220000,0.456191,-0.484618,-2.529562,0.428096,-0.459711,-2.340154,0.037545,16.288500,0
22.240000,0.494752,-0.416051,-2.475433,0.428095,-0.459709,-2.322161,0.079681,16.052600,0
22.260000,0.491819,-0.418452,-2.162832,0.428094,-0.459707,-2.304169,0.075914,14.105200,0
22.280000,0.265146,-0.570450,3.133031,0.428094,-0.459705,-2.286177,0.197019,13.052500,0
22.300000,0.494068,-0.420063,-2.369853,0.428093,-0.459703,-2.268186,0.076968,13.053400,0
22.320000,0.352596,-0.476746,-3.050436,0.428092,-0.459701,-2.250195,0.077396,15.317800,0
22.340000,-0.033803,-0.426396,-2.692202,0.426020,-0.461545,-2.249426,0.461164,16.869500,0
22.360000,0.367253,-0.494299,3.041477,0.423681,-0.463431,-2.249433,0.064319,16.829100,0
22.380000,0.248820,-0.483969,-2.874521,0.421343,-0.465317,-2.249443,0.173528,15.844500,0
22.400000,0.413420,-0.512180,-2.758103,0.419006,-0.467202,-2.249451,0.045323,16.430600,0
22.420000,0.324286,-0.528362,-2.542130,0.416669,-0.469087,-2.249458,0.109764,16.020200,0
22.440000,0.364861,-0.484319,-2.594447,0.414333,-0.470972,-2.249462,0.051241,16.431300,0
22.460000,0.493380,-0.484483,-2.500537,0.411997,-0.472857,-2.249465,0.082210,15.914300,0
22.480000,0.438297,-0.509942,-2.617584,0.409661,-0.474741,-2.249468,0.045378,15.502800,0
22.500000,0.463022,-0.458535,-2.540669,0.407325,-0.476625,-2.249469,0.058561,16.546100,0
22.520000,0.395924,-0.521335,-2.347191,0.404990,-0.478509,-2.249471,0.043775,15.777400,0
22.540000,0.511132,-0.372204,-2.264529,0.402654,-0.480393,-2.249471,0.153207,13.840800,0
22.560000,0.502288,-0.392714,-2.241019,0.400319,-0.482277,-2.249472,0.135718,14.171400,0
22.580000,0.480602,-0.449088,-2.392283,0.397983,-0.484161,-2.249473,0.089756,13.895900,0
22.600000,0.388277,-0.476430,-2.385545,0.395648,-0.486044,-2.249473,0.012115,13.971600,0
22.620000,0.456868,-0.410547,-2.714411,0.393313,-0.487928,-2.249474,0.100135,13.849700,0
22.640000,0.505146,-0.424452,-2.305036,0.390977,-0.489811,-2.249474,0.131554,14.721300,0
22.660000,0.486856,-0.427374,-2.272559,0.388642,-0.491695,-2.249475,0.117402,16.343000,0
22.680000,0.566058,-0.356740,-2.426523,0.386307,-0.493578,-2.249475,0.225909,16.250400,0
22.700000,0.404093,-0.465527,-2.507580,0.383972,-0.495462,-2.249475,0.036068,16.826700,0
22.720000,0.414910,-0.473445,-2.552901,0.381636,-0.497345,-2.249475,0.040968,15.861900,0
22.740000,0.382100,-0.534812,-2.393012,0.379301,-0.499228,-2.249475,0.035694,20.139200,0
22.760000,0.463369,-0.403868,-2.228462,0.376966,-0.501112,-2.249475,0.130084,19.989100,0
22.780000,0.416817,-0.464093,-2.464248,0.374631,-0.502995,-2.249475,0.057385,23.037700,0
22.800000,0.395640,-0.531078,-2.597184,0.372295,-0.504878,-2.249475,0.035092,20.897400,0
22.820000,0.359369,-0.476068,-2.556310,0.369960,-0.506762,-2.249475,0.032469,17.935500,0
22.840000,0.351519,-0.541874,-2.712999,0.367625,-0.508645,-2.249475,0.036927,16.951700,0
22.860000,0.455934,-0.483638,-2.595068,0.365290,-0.510528,-2.249475,0.094548,18.439100,0
22.880000,0.336894,-0.521773,-2.507361,0.362955,-0.512412,-2.249475,0.027691,17.429100,0
22.900000,0.416968,-0.479065,-2.696636,0.362675,-0.512612,-2.232048,0.063821,17.755700,0
22.920000,0.414263,-0.488973,-2.348473,0.362667,-0.512616,-2.213917,0.056755,13.663700,0
22.940000,0.478860,-0.471538,-2.446887,0.362670,-0.512613,-2.195929,0.123237,13.679100,0
22.960000,0.371709,-0.509610,-2.641990,0.362671,-0.512610,-2.177937,0.009523,14.131100,0
22.980000,0.395021,-0.531922,-2.712032,0.362673,-0.512607,-2.159943,0.037676,13.765700,0
23.000000,0.443942,-0.514979,-2.580700,0.362673,-0.512605,-2.141948,0.081304,13.199100,0
23.020000,0.538643,-0.446212,-2.487715,0.362674,-0.512602,-2.123952,0.188077,16.579600,0
23.040000,0.472502,-0.489024,-2.386051,0.362674,-0.512599,-2.105957,0.112330,14.870400,0
23.060000,0.385842,-0.564722,-2.587433,0.362675,-0.512597,-2.087962,0.057042,14.895300,0
23.080000,0.410787,-0.524878,-2.711803,0.362675,-0.512594,-2.069968,0.049655,14.481000,0
23.100000,0.352805,-0.582094,-2.936135,0.362675,-0.512592,-2.051975,0.070200,14.322700,0
23.120000,0.399407,-0.535071,-2.939965,0.362674,-0.512589,-2.033983,0.043067,15.380200,0
23.140000,0.372797,-0.539468,-2.644261,0.362674,-0.512587,-2.015991,0.028724,16.096400,0
23.160000,0.435620,-0.500906,-2.627523,0.362674,-0.512585,-1.998000,0.073875,17.747900,0
23.180000,0.404234,-0.504615,-2.875978,0.360494,-0.513827,-1.997921,0.044699,17.759700,0
23.200000,0.290951,-0.524519,-2.710057,0.357761,-0.515072,-1.997926,0.067475,19.348100,0
23.220000,0.356988,-0.550224,-2.763998,0.355027,-0.516316,-1.997936,0.033964,19.333600,0
23.240000,0.478473,-0.501530,-2.691706,0.352294,-0.517561,-1.997944,0.127193,18.217900,0
23.260000,0.465985,-0.465376,-2.656125,0.349562,-0.518805,-1.997949,0.128097,20.672400,0
23.280000,0.336553,-0.586314,-2.742971,0.346830,-0.520049,-1.997953,0.067057,14.396100,0
23.300000,0.286820,-0.555175,-3.042393,0.344099,-0.521293,-1.997956,0.066550,14.338100,0
23.320000,0.381240,-0.523384,-2.849910,0.341367,-0.522537,-1.997957,0.039882,13.692600,0
23.340000,0.320125,-0.539890,-2.835683,0.338636,-0.523780,-1.997958,0.024539,15.212200,0
23.360000,0.417334,-0.517527,-2.768824,0.335905,-0.525024,-1.997959,0.081773,15.884000,0
23.380000,0.538268,-0.484524,-2.705371,0.333174,-0.526267,-1.997960,0.209299,16.531100,0
23.400000,0.437665,-0.512560,-2.612735,0.330443,-0.527510,-1.997960,0.108259,16.315700,0
23.420000,0.331935,-0.558141,-2.677856,0.327713,-0.528753,-1.997961,0.029690,16.459200,0
23.440000,0.394292,-0.523845,-2.819520,0.324982,-0.529997,-1.997961,0.069583,14.339400,0
23.460000,0.411194,-0.540270,-2.744207,0.322252,-0.531240,-1.997962,0.089400,14.321700,0
23.480000,0.408416,-0.486659,-2.829000,0.319521,-0.532483,-1.997962,0.100011,14.317900,0
23.500000,0.368424,-0.522707,-2.923757,0.316791,-0.533726,-1.997962,0.052796,15.562000,0
23.520000,0.181594,-0.571532,-2.795232,0.314060,-0.534969,-1.997962,0.137420,17.626100,0
23.540000,0.370940,-0.507530,-2.715373,0.313588,-0.534974,-1.980198,0.063580,16.844500,0
23.560000,0.392133,-0.528876,-2.683365,0.313523,-0.534968,-1.961369,0.078846,19.112100,0
23.580000,0.300764,-0.527400,-2.664553,0.313525,-0.534966,-1.943381,0.014835,17.942800,0
23.600000,0.338009,-0.535590,-3.029634,0.313528,-0.534963,-1.925392,0.024489,18.331500,0
23.620000,0.380838,-0.536754,-2.691997,0.313529,-0.534961,-1.907402,0.067333,17.990100,0
23.640000,0.419041,-0.569070,-2.629107,0.313531,-0.534959,-1.889410,0.110887,17.019100,0
23.660000,0.454624,-0.514383,-2.869660,0.313531,-0.534957,-1.871419,0.142585,18.049200,0
23.680000,0.138981,-0.554910,3.102207,0.313532,-0.534955,-1.853427,0.175688,18.488600,0
23.700000,0.465337,-0.545790,-2.650974,0.313533,-0.534953,-1.835436,0.152190,15.486600,0
23.720000,0.388196,-0.529171,-2.850793,0.313533,-0.534951,-1.817446,0.074887,15.822700,0
23.740000,0.263098,-0.597840,-3.043241,0.313533,-0.534949,-1.799456,0.080616,17.058800,0
23.760000,0.431343,-0.553172,-2.865706,0.313534,-0.534947,-1.781468,0.119211,18.178000,0
23.780000,0.531076,-0.515227,-2.937308,0.313534,-0.534945,-1.763480,0.218434,19.146700,0
23.800000,0.304136,-0.567316,2.943403,0.313534,-0.534942,-1.745492,0.033710,18.904800,0
23.820000,0.259415,-0.543613,3.135008,0.313534,-0.534940,-1.727506,0.054810,18.716500,0
23.840000,0.310207,-0.542906,-3.011087,0.311237,-0.535324,-1.719883,0.007651,18.532500,0
23.860000,0.323534,-0.555356,-3.087426,0.308266,-0.535769,-1.719886,0.024835,18.492000,0
23.880000,0.284837,-0.553028,3.117060,0.305296,-0.536214,-1.719897,0.026482,18.728300,0
23.900000,0.258544,-0.514336,3.134030,0.302326,-0.536659,-1.719905,0.049144,18.135400,0
23.920000,0.322984,-0.555002,-3.054421,0.299357,-0.537105,-1.719911,0.029640,16.885800,0
23.940000,0.254500,-0.550335,-2.995103,0.296388,-0.537550,-1.719916,0.043796,15.216300,0
23.960000,0.290820,-0.559038,-3.072056,0.293420,-0.537996,-1.719919,0.021202,18.011500,0
23.980000,0.252329,-0.545937,-2.932915,0.290452,-0.538442,-1.719921,0.038853,21.730300,0
24.000000,0.378076,-0.559014,-2.932832,0.287485,-0.538888,-1.719922,0.092800,21.838100,0
24.020000,0.174075,-0.560520,-3.096245,0.284517,-0.539334,-1.719923,0.112455,19.304600,0
24.040000,0.393814,-0.552094,-3.126286,0.281550,-0.539780,-1.719924,0.112937,16.631300,0
24.060000,0.458807,-0.559945,-3.118442,0.278583,-0.540226,-1.719924,0.181300,14.241000,0
24.080000,0.285533,-0.556079,-3.051187,0.275615,-0.540672,-1.719925,0.018324,13.078800,0
24.100000,0.357095,-0.554286,-3.099666,0.272649,-0.541118,-1.719926,0.085466,14.079000,0
24.120000,0.388930,-0.553717,-3.042594,0.269682,-0.541563,-1.719927,0.119866,14.285600,0
24.140000,0.412292,-0.542465,-2.923472,0.266715,-0.542009,-1.719927,0.145578,13.673700,0
24.160000,0.229039,-0.532572,-3.034004,0.263748,-0.542455,-1.719928,0.036089,15.192800,0
24.180000,0.364077,-0.545301,-3.055166,0.260781,-0.542901,-1.719928,0.103324,17.818300,0
24.200000,0.201198,-0.578347,-3.019356,0.257814,-0.543347,-1.719928,0.066560,19.404200,0
24.220000,0.501862,-0.514450,-2.915787,0.254847,-0.543793,-1.719928,0.248752,14.965900,0
24.240000,0.323451,-0.556897,-2.887037,0.251881,-0.544238,-1.719928,0.072681,13.779400,0
24.260000,0.354653,-0.546937,-3.007345,0.248914,-0.544684,-1.719928,0.105764,13.356800,0
24.280000,0.340955,-0.536411,3.071280,0.245947,-0.545130,-1.719928,0.095408,13.864800,0
24.300000,0.142548,-0.492553,-3.085438,0.242981,-0.545576,-1.719928,0.113570,13.682800,0
24.320000,0.358023,-0.569402,-2.893104,0.242275,-0.545621,-1.707469,0.118165,15.092700,0
24.340000,0.326067,-0.545382,-3.076458,0.242103,-0.545595,-1.687471,0.083965,15.156600,0
24.360000,0.222973,-0.554432,3.049763,0.242106,-0.545593,-1.669483,0.021076,15.444400,0
24.380000,0.308373,-0.550188,3.032529,0.242109,-0.545592,-1.651495,0.066423,14.899400,0
24.400000,0.233044,-0.573062,-2.999859,0.242111,-0.545590,-1.633505,0.028929,14.042700,0
24.420000,0.249449,-0.558163,-3.023943,0.242113,-0.545589,-1.615515,0.014558,13.511400,0
24.440000,0.318859,-0.554557,-3.049319,0.242115,-0.545587,-1.597525,0.077267,12.662000,0
24.460000,0.259655,-0.572306,3.110058,0.239968,-0.545685,-1.587914,0.033110,13.980500,0
24.480000,0.328627,-0.556686,2.933994,0.236966,-0.545734,-1.587917,0.092313,15.315700,0
24.500000,0.267184,-0.532384,2.967286,0.233963,-0.545783,-1.587921,0.035822,25.841700,0
24.520000,0.408792,-0.597319,-3.116373,0.230961,-0.545833,-1.587925,0.185134,19.138700,0
24.540000,0.229325,-0.578195,-3.025140,0.227960,-0.545884,-1.587928,0.032340,18.696600,0
24.560000,0.238974,-0.568931,3.049997,0.224958,-0.545935,-1.587931,0.026931,23.533600,0
24.580000,0.286183,-0.550832,2.904887,0.221958,-0.545985,-1.587933,0.064408,28.074700,0
24.600000,0.268782,-0.524705,-2.959120,0.218957,-0.546037,-1.587935,0.054199,30.724000,0
24.620000,0.327350,-0.542320,-3.027332,0.215957,-0.546088,-1.587937,0.111457,17.400000,0
24.640000,0.303192,-0.542405,3.122169,0.212957,-0.546139,-1.587938,0.090312,15.818200,0
24.660000,0.324828,-0.551872,-2.949670,0.209956,-0.546191,-1.587939,0.115013,16.434600,0
24.680000,0.277596,-0.558151,-3.107649,0.206957,-0.546242,-1.587940,0.071636,14.699700,0
24.700000,0.360001,-0.559644,-3.122607,0.203957,-0.546293,-1.587940,0.156614,15.208900,0
24.720000,0.284530,-0.550863,-3.106046,0.200957,-0.546345,-1.587941,0.083695,14.416800,0
24.740000,0.337109,-0.514473,3.015562,0.197957,-0.546396,-1.587941,0.142767,14.738200,0
24.760000,0.212112,-0.552978,-3.035562,0.194957,-0.546448,-1.587941,0.018356,17.680300,0
24.780000,0.100408,-0.568897,2.948725,0.191958,-0.546499,-1.587941,0.094250,21.629300,0
24.800000,0.281277,-0.567834,-3.113353,0.188958,-0.546551,-1.587942,0.094740,16.348200,0
24.820000,0.288630,-0.566426,3.063788,0.185958,-0.546602,-1.587942,0.104569,14.000000,0
24.840000,0.335540,-0.582263,-2.892315,0.182959,-0.546654,-1.587942,0.156681,14.947000,0
24.860000,0.404473,-0.514908,-3.063514,0.179959,-0.546705,-1.587942,0.226755,13.437500,0
24.880000,0.311250,-0.546490,-3.005348,0.176959,-0.546757,-1.587942,0.134291,13.710700,0
24.900000,0.159315,-0.544397,2.738714,0.173960,-0.546808,-1.587942,0.014842,14.162800,0
24.920000,0.239070,-0.548113,-2.896747,0.170960,-0.546860,-1.587942,0.068122,14.094900,0
24.940000,0.307235,-0.580206,-3.054854,0.167961,-0.546911,-1.587942,0.143199,18.933800,0
24.960000,0.267590,-0.549803,2.880149,0.164961,-0.546962,-1.587942,0.102669,18.837500,0
24.980000,0.067241,-0.537878,3.063251,0.161962,-0.547014,-1.587942,0.095160,15.207200,0
25.000000,0.169992,-0.561843,-3.136508,0.158962,-0.547065,-1.587942,0.018441,16.599400,0
25.020000,0.247358,-0.542922,3.073452,0.155962,-0.547117,-1.587942,0.091492,17.323700,0
25.040000,0.274993,-0.551882,3.110589,0.152963,-0.547168,-1.587942,0.122121,17.821800,0
25.060000,0.052609,-0.551913,2.945472,0.149963,-0.547220,-1.587942,0.097468,18.245200,0
25.080000,0.053224,-0.530912,3.066465,0.146964,-0.547271,-1.587942,0.095157,17.256200,0
25.100000,0.345434,-0.573412,-3.103120,0.143964,-0.547322,-1.587942,0.203152,16.886700,0
25.120000,0.187028,-0.564051,2.972009,0.140965,-0.547374,-1.587942,0.048989,16.931100,0
25.140000,0.060111,-0.554215,3.013270,0.137965,-0.547425,-1.587942,0.078149,15.659900,0
25.160000,0.099612,-0.543375,2.982253,0.134966,-0.547477,-1.587942,0.035591,19.310700,0
25.180000,0.173909,-0.562242,-3.094215,0.131966,-0.547528,-1.587942,0.044449,30.780100,0
25.200000,0.237496,-0.564354,-3.073604,0.128966,-0.547580,-1.587942,0.109819,19.902800,0
25.220000,0.201019,-0.559706,-3.104045,0.125967,-0.547631,-1.587942,0.076018,22.643700,0
25.240000,0.197342,-0.534007,3.062254,0.122967,-0.547683,-1.587942,0.075622,28.680300,0
25.260000,0.167604,-0.558416,-3.076638,0.119968,-0.547734,-1.587942,0.048819,15.669100,0
25.280000,0.212601,-0.566860,2.883131,0.116968,-0.547785,-1.587942,0.097517,26.107800,0
25.300000,0.009945,-0.520903,-3.080356,0.113969,-0.547837,-1.587942,0.107455,16.490100,0
25.320000,0.286778,-0.556328,-2.961564,0.110969,-0.547888,-1.587942,0.176011,15.472900,0
25.340000,0.148892,-0.535373,3.029475,0.107969,-0.547940,-1.587942,0.042809,25.420500,0
25.360000,0.068857,-0.534744,-3.046400,0.104970,-0.547991,-1.587942,0.038466,22.310200,0
25.380000,0.162479,-0.543751,3.052035,0.101970,-0.548043,-1.587942,0.060661,16.908400,0
25.400000,0.130205,-0.547755,-3.122692,0.098971,-0.548094,-1.587942,0.031236,24.791900,0
25.420000,0.168544,-0.558968,-3.139323,0.095971,-0.548145,-1.587942,0.073376,30.929400,0
25.440000,0.237695,-0.551300,3.047938,0.092972,-0.548197,-1.587942,0.144757,22.769400,0
25.460000,0.420498,-0.582583,-3.042910,0.089972,-0.548248,-1.587942,0.332305,26.324300,0
25.480000,0.008615,-0.569076,-3.037412,0.086973,-0.548300,-1.587942,0.081065,12.858200,0
25.500000,0.135197,-0.545798,-2.971492,0.083973,-0.548351,-1.587942,0.051288,14.548300,0
25.520000,0.021275,-0.558029,2.830179,0.080973,-0.548403,-1.587942,0.060469,25.400700,0
25.540000,0.083951,-0.553437,-3.061711,0.077974,-0.548454,-1.587942,0.007782,35.168200,0
25.560000,0.168441,-0.566406,-3.090671,0.074974,-0.548505,-1.587942,0.095166,27.480500,0
25.580000,0.217958,-0.530179,-3.018984,0.071975,-0.548557,-1.587942,0.147135,33.748800,0
25.600000,-0.000923,-0.571145,-2.933013,0.068975,-0.548608,-1.587942,0.073441,34.271100,0
25.620000,0.167904,-0.567581,2.972127,0.065976,-0.548660,-1.587942,0.103669,32.827800,0
25.640000,-0.113222,-0.525464,3.028810,0.062976,-0.548711,-1.587942,0.177724,20.680400,0
25.660000,0.008718,-0.532182,2.922169,0.059977,-0.548763,-1.587942,0.053874,20.955900,0
25.680000,0.216809,-0.558695,3.137353,0.056977,-0.548814,-1.587942,0.160137,14.738200,0
25.700000,-0.033379,-0.542134,3.053411,0.053977,-0.548865,-1.587942,0.087615,15.778500,0
25.720000,0.036647,-0.563852,3.044931,0.050978,-0.548917,-1.587942,0.020698,14.971700,0
25.740000,0.144268,-0.555523,3.133168,0.047978,-0.548968,-1.587942,0.096513,15.481600,0
25.760000,0.139162,-0.526524,-3.027270,0.044979,-0.549020,-1.587942,0.096832,17.871200,0
25.780000,-0.031183,-0.568632,3.085832,0.041979,-0.549071,-1.587942,0.075732,18.151400,0
25.800000,0.102807,-0.555880,-3.043879,0.038980,-0.549123,-1.587942,0.064184,18.077900,0
25.820000,0.031714,-0.547577,2.958186,0.035980,-0.549174,-1.587942,0.004555,17.160700,0
25.840000,0.165496,-0.537781,3.054458,0.032980,-0.549226,-1.587942,0.133009,19.891800,0
25.860000,-0.026694,-0.542025,2.887577,0.029981,-0.549277,-1.587942,0.057137,16.638100,0
25.880000,0.141467,-0.556361,3.117331,0.026981,-0.549328,-1.587942,0.114702,17.061600,0
25.900000,0.217705,-0.560357,-3.082337,0.023982,-0.549380,-1.587942,0.194033,17.029500,0
25.920000,0.099775,-0.549685,-2.941108,0.020982,-0.549431,-1.587942,0.078794,17.925300,0
25.940000,0.182540,-0.537166,-3.093349,0.017983,-0.549483,-1.587942,0.165017,16.116600,0
25.960000,0.177767,-0.545054,-3.077683,0.014983,-0.549534,-1.587942,0.162845,15.383500,0
25.980000,-0.005360,-0.558164,-3.121921,0.011984,-0.549586,-1.587942,0.019349,16.423400,0
26.000000,0.005680,-0.557171,3.133131,0.008984,-0.549637,-1.587942,0.008227,17.258000,0
26.020000,0.095806,-0.550501,3.081379,0.005984,-0.549688,-1.587942,0.089826,17.639800,0
26.040000,0.286374,-0.548063,-2.981825,0.002985,-0.549740,-1.587942,0.283394,18.877900,0
26.060000,0.146350,-0.579527,-2.879919,-0.000015,-0.549791,-1.587942,0.149355,16.478900,0
26.080000,0.136589,-0.548486,-3.064160,-0.003014,-0.549843,-1.587942,0.139610,16.610600,0
26.100000,0.117357,-0.555010,-3.058867,-0.006014,-0.549894,-1.587942,0.123477,15.055200,0
26.120000,-0.118956,-0.539673,3.110543,-0.009013,-0.549946,-1.587942,0.110422,17.715500,0
26.140000,0.068725,-0.548985,2.940260,-0.012013,-0.549997,-1.587942,0.080745,16.521900,0
26.160000,0.113186,-0.567644,-2.988744,-0.015012,-0.550048,-1.587942,0.129400,17.882300,0
26.180000,0.088344,-0.543978,3.000979,-0.018012,-0.550100,-1.587942,0.106532,16.825200,0
26.200000,0.004433,-0.559843,-3.097920,-0.021012,-0.550151,-1.587942,0.027229,16.618800,0
26.220000,-0.041282,-0.558719,-3.109510,-0.024011,-0.550203,-1.587942,0.019257,43.690100,0
26.240000,0.141419,-0.566079,3.114283,-0.027011,-0.550254,-1.587942,0.169172,29.265900,0
26.260000,-0.147681,-0.577333,2.928610,-0.030010,-0.550306,-1.587942,0.120735,15.591000,0
26.280000,-0.046671,-0.545319,-3.038450,-0.033010,-0.550357,-1.587942,0.014561,14.914900,0
26.300000,-0.036100,-0.555371,2.994190,-0.036009,-0.550408,-1.587942,0.004964,14.925700,0
26.320000,0.086558,-0.536796,-3.060288,-0.039009,-0.550460,-1.587942,0.126309,14.122700,0
26.340000,-0.005570,-0.555966,-3.116284,-0.042008,-0.550511,-1.587942,0.036844,13.064600,0
26.360000,0.088409,-0.558470,-3.109890,-0.045008,-0.550563,-1.587942,0.133651,14.081300,0
26.380000,-0.046980,-0.546177,3.009664,-0.048008,-0.550614,-1.587942,0.004555,16.173200,0
26.400000,-0.055044,-0.553113,3.071594,-0.051007,-0.550666,-1.587942,0.004721,21.624800,0
26.420000,0.095131,-0.544111,3.096712,-0.054007,-0.550717,-1.587942,0.149284,15.207100,0
26.440000,-0.044046,-0.553980,-3.106077,-0.057006,-0.550769,-1.587942,0.013352,15.413300,0
26.460000,0.019219,-0.559555,3.099130,-0.060006,-0.550820,-1.587942,0.079705,17.255800,0
26.480000,-0.049832,-0.555035,2.980388,-0.063005,-0.550871,-1.587942,0.013816,16.261300,0
26.500000,-0.180292,-0.564621,3.102389,-0.066005,-0.550923,-1.587942,0.115105,20.499100,0
26.520000,-0.040124,-0.561524,-3.105753,-0.069005,-0.550974,-1.587942,0.030748,21.134600,0
26.540000,0.092004,-0.559688,-2.739726,-0.072004,-0.551026,-1.587942,0.164237,18.938200,0
26.560000,-0.074683,-0.551886,-3.062819,-0.075004,-0.551077,-1.587942,0.000870,15.267200,0
26.580000,0.079168,-0.556654,-3.092247,-0.078003,-0.551129,-1.587942,0.157268,14.863000,0
26.600000,-0.049828,-0.560437,3.034949,-0.078928,-0.551116,-1.578443,0.030557,15.571900,0
26.620000,-0.100492,-0.562595,3.107084,-0.079101,-0.551114,-1.558446,0.024277,14.931800,0
26.640000,-0.091558,-0.552183,-3.128098,-0.079117,-0.551113,-1.540232,0.012487,14.876700,0
26.660000,-0.043080,-0.549456,3.036731,-0.079114,-0.551112,-1.522244,0.036072,15.044700,0
26.680000,-0.000319,-0.573169,2.910319,-0.079112,-0.551111,-1.504254,0.081822,16.094600,0
26.700000,-0.086493,-0.550335,2.960472,-0.079110,-0.551110,-1.486265,0.007423,15.367900,0
26.720000,-0.008569,-0.553781,-3.045034,-0.079108,-0.551109,-1.468275,0.070590,15.855100,0
26.740000,-0.098810,-0.556412,2.806914,-0.079106,-0.551108,-1.450286,0.020405,15.522700,0
26.760000,0.015205,-0.563744,2.847207,-0.079100,-0.551107,-1.432235,0.095148,20.458800,0
26.780000,-0.013193,-0.566689,2.966085,-0.079093,-0.551106,-1.414178,0.067717,20.642200,0
26.800000,-0.062950,-0.566446,2.884196,-0.081386,-0.550720,-1.406519,0.024233,22.074200,0
26.820000,0.083726,-0.569623,2.827764,-0.084348,-0.550228,-1.406521,0.169190,21.775300,0
26.840000,0.081826,-0.576121,2.893033,-0.087311,-0.549735,-1.406523,0.171183,24.684200,0
26.860000,0.025870,-0.562971,2.903705,-0.090273,-0.549243,-1.406529,0.116951,29.005100,0
26.880000,0.022377,-0.558325,2.856070,-0.093234,-0.548752,-1.406534,0.116006,28.370800,0
26.900000,-0.063269,-0.540382,2.868957,-0.096196,-0.548260,-1.406537,0.033856,18.065500,0
26.920000,-0.107217,-0.522939,3.121454,-0.099157,-0.547769,-1.406540,0.026105,15.351000,0
26.940000,-0.135915,-0.558926,3.042400,-0.102117,-0.547278,-1.406543,0.035748,14.801800,0
26.960000,-0.110709,-0.553424,2.978022,-0.105078,-0.546788,-1.406545,0.008704,14.691300,0
26.980000,-0.049338,-0.537535,2.979950,-0.108038,-0.546297,-1.406547,0.059350,14.926100,0
27.000000,-0.106523,-0.550816,-2.945881,-0.110998,-0.545807,-1.406548,0.006717,16.647700,0
27.020000,-0.018476,-0.543292,2.641259,-0.113958,-0.545316,-1.406549,0.095504,15.509400,0
27.040000,0.058428,-0.580360,2.947982,-0.116918,-0.544826,-1.406550,0.178910,15.324300,0
27.060000,-0.025800,-0.556898,2.836592,-0.117644,-0.544741,-1.394393,0.092645,16.422600,0
27.080000,-0.054321,-0.549857,3.035660,-0.117815,-0.544710,-1.374393,0.063702,13.412400,0
27.100000,-0.038489,-0.556004,3.021039,-0.117813,-0.544710,-1.356386,0.080124,14.953700,0
27.120000,0.030364,-0.580726,2.913339,-0.117809,-0.544709,-1.338398,0.152488,14.046400,0
27.140000,-0.014355,-0.567183,3.018211,-0.117806,-0.544709,-1.320396,0.105864,14.611800,0
27.160000,0.020166,-0.560589,3.055276,-0.117801,-0.544708,-1.302384,0.138879,18.658400,0
27.180000,0.137854,-0.566659,3.055241,-0.117797,-0.544708,-1.284367,0.256591,26.847700,0
27.200000,-0.035738,-0.567585,2.851638,-0.117793,-0.544707,-1.266348,0.085185,27.840900,0
27.220000,0.111975,-0.614423,2.841347,-0.117789,-0.544706,-1.248328,0.240108,18.767400,0
27.240000,-0.070597,-0.569921,2.819846,-0.117785,-0.544705,-1.230309,0.053503,19.470300,0
27.260000,-0.024874,-0.530575,2.602567,-0.117781,-0.544704,-1.212291,0.093975,16.846700,0
27.280000,-0.091875,-0.492810,2.819243,-0.117777,-0.544703,-1.194274,0.057998,19.834900,0
27.300000,-0.116460,-0.524878,2.688959,-0.117773,-0.544702,-1.176259,0.019867,15.623200,0
27.320000,-0.065861,-0.564127,2.883809,-0.117770,-0.544701,-1.158247,0.055425,15.118000,0
27.340000,0.174957,-0.603649,2.902797,-0.117767,-0.544700,-1.140236,0.298600,16.303700,0
27.360000,-0.115219,-0.583675,2.602579,-0.117764,-0.544699,-1.122227,0.039059,15.585200,0
27.380000,-0.094040,-0.542417,2.814972,-0.117761,-0.544698,-1.104220,0.023830,17.121700,0
27.400000,-0.035179,-0.563735,2.802531,-0.117758,-0.544697,-1.086214,0.084745,15.977700,0
27.420000,0.010912,-0.589328,2.440399,-0.117755,-0.544696,-1.068210,0.136189,15.352300,0
27.440000,0.001247,-0.572079,2.336522,-0.117753,-0.544695,-1.050207,0.122110,15.656900,0
27.460000,0.078950,-0.585550,2.915882,-0.117750,-0.544694,-1.032205,0.200898,18.529600,0
27.480000,0.009308,-0.580162,2.605203,-0.117748,-0.544693,-1.014205,0.131914,22.733800,0
27.500000,0.002071,-0.588020,2.721657,-0.117745,-0.544692,-0.996205,0.127409,21.273300,0
27.520000,-0.000792,-0.581721,2.563443,-0.117743,-0.544691,-0.978207,0.122674,24.402000,0
27.540000,-0.010126,-0.514544,2.587950,-0.117741,-0.544690,-0.960209,0.111757,19.662000,0
27.560000,-0.129866,-0.542374,2.372682,-0.117739,-0.544689,-0.942212,0.012346,17.944200,0
27.580000,0.113149,-0.604584,2.674099,-0.117736,-0.544688,-0.924216,0.238528,17.997200,0
27.600000,-0.109064,-0.537501,2.234641,-0.117734,-0.544687,-0.906221,0.011261,17.535000,0
27.620000,-0.062514,-0.597018,2.645598,-0.117732,-0.544686,-0.888226,0.076077,17.226900,0
27.640000,-0.111355,-0.514877,2.292050,-0.117730,-0.544685,-0.870232,0.030482,17.426100,0
27.660000,-0.109295,-0.504319,2.638993,-0.117728,-0.544684,-0.852238,0.041237,15.039400,0
27.680000,-0.004757,-0.569434,2.588328,-0.117726,-0.544683,-0.834245,0.115649,13.930100,0
27.700000,-0.031745,-0.594388,2.378102,-0.117724,-0.544682,-0.816252,0.099313,15.427500,0
27.720000,-0.014007,-0.601020,2.383199,-0.117722,-0.544681,-0.798260,0.118029,17.086100,0
27.740000,-0.069877,-0.592581,2.421277,-0.117720,-0.544680,-0.780268,0.067701,15.073400,0
27.760000,0.032669,-0.619766,2.230967,-0.117718,-0.544680,-0.762276,0.168090,14.882500,0
27.780000,-0.164096,-0.265633,1.815791,-0.119653,-0.542653,-0.759999,0.280562,16.868200,0
27.800000,-0.017450,-0.610952,2.614956,-0.121722,-0.540475,-0.760006,0.125856,19.727700,0
27.820000,-0.137623,-0.485237,2.295562,-0.123791,-0.538298,-0.760015,0.054834,18.669300,0
27.840000,-0.054781,-0.568399,2.398678,-0.125860,-0.536122,-0.760024,0.078064,15.990500,0
27.860000,-0.027164,-0.580006,2.404679,-0.127929,-0.533946,-0.760030,0.110793,16.055000,0
27.880000,-0.068681,-0.561892,2.370611,-0.129997,-0.531770,-0.760035,0.068315,15.620100,0
27.900000,-0.075777,-0.486243,2.295511,-0.132065,-0.529595,-0.760039,0.071048,16.504500,0
27.920000,-0.049669,-0.560452,2.215398,-0.134133,-0.527420,-0.760041,0.090694,14.281900,0
27.940000,-0.013748,-0.454888,2.527765,-0.136201,-0.525245,-0.760043,0.141226,14.826700,0
27.960000,0.030772,-0.619219,2.176019,-0.138269,-0.523070,-0.760045,0.194473,15.827400,0
27.980000,-0.159295,-0.281053,2.073175,-0.140336,-0.520896,-0.760046,0.240591,13.986200,0
28.000000,-0.031853,-0.278247,2.285805,-0.142403,-0.518721,-0.760047,0.264668,14.857200,0
28.020000,-0.024727,-0.275745,1.926543,-0.144471,-0.516546,-0.760047,0.268931,19.124700,0
28.040000,-0.077784,-0.458064,2.148222,-0.146538,-0.514372,-0.760048,0.088869,21.581100,0
28.060000,-0.022470,-0.493803,2.556072,-0.148605,-0.512197,-0.760048,0.127469,30.627700,0
28.080000,-0.130991,-0.517348,2.262637,-0.150672,-0.510023,-0.760049,0.021000,19.785300,0
28.100000,-0.087081,-0.536853,2.269593,-0.152739,-0.507849,-0.760049,0.071779,18.415100,0
28.120000,-0.084037,-0.382095,2.405962,-0.154806,-0.505674,-0.760049,0.142408,17.244800,0
28.140000,-0.054045,-0.538370,2.466249,-0.156873,-0.503500,-0.760049,0.108580,20.374800,0
28.160000,-0.064485,-0.529075,2.235562,-0.158940,-0.501325,-0.760049,0.098447,15.717500,0
28.180000,-0.109051,-0.492598,2.185561,-0.159176,-0.501076,-0.742412,0.050837,15.412400,0
28.200000,-0.098503,-0.517880,2.172937,-0.159186,-0.501062,-0.724181,0.062971,15.641400,0
28.220000,-0.112667,-0.486509,2.200710,-0.159183,-0.501064,-0.706193,0.048740,15.308900,0
28.240000,-0.116644,-0.497429,2.039171,-0.159181,-0.501066,-0.688203,0.042692,15.458600,0
28.260000,-0.105820,-0.489507,2.174919,-0.159178,-0.501067,-0.670210,0.054596,16.174500,0
28.280000,-0.104618,-0.522658,2.326003,-0.159175,-0.501067,-0.652215,0.058674,14.658900,0
28.300000,-0.163585,-0.523301,1.847513,-0.159172,-0.501068,-0.634219,0.022667,15.502200,0
28.320000,-0.099873,-0.368853,2.196707,-0.159170,-0.501068,-0.616223,0.144904,15.610300,0
28.340000,-0.082271,-0.500342,2.412647,-0.159167,-0.501068,-0.598228,0.076900,14.469300,0
28.360000,-0.056438,-0.540427,2.352755,-0.159165,-0.501068,-0.580233,0.110009,14.932000,0
28.380000,-0.101610,-0.539095,2.247575,-0.159162,-0.501068,-0.562238,0.068981,15.183100,0
28.400000,-0.138481,-0.484690,1.961941,-0.159160,-0.501067,-0.544245,0.026378,14.377600,0
28.420000,-0.071977,-0.529321,2.128531,-0.159158,-0.501067,-0.526252,0.091644,15.575800,0
28.440000,-0.125905,-0.540268,2.052959,-0.159155,-0.501067,-0.508261,0.051404,15.489100,0
28.460000,-0.019242,-0.593678,1.980250,-0.159153,-0.501066,-0.490270,0.167786,15.671300,0
28.480000,-0.042873,-0.515153,2.171056,-0.160565,-0.498918,-0.490200,0.118807,14.727000,0
28.500000,-0.203607,-0.195212,1.725298,-0.161979,-0.496269,-0.490207,0.303922,14.761200,0
28.520000,-0.071719,-0.613941,2.231771,-0.163394,-0.493619,-0.490217,0.151267,14.997500,0
28.540000,-0.072350,-0.517793,2.222075,-0.164808,-0.490970,-0.490224,0.096270,13.569000,0
28.560000,-0.105228,-0.556890,2.240090,-0.166222,-0.488322,-0.490230,0.091770,13.363300,0
28.580000,-0.009950,-0.636776,2.106774,-0.167636,-0.485674,-0.490234,0.218396,13.470300,0
28.600000,-0.154430,-0.460458,1.872802,-0.169050,-0.483026,-0.490237,0.026890,13.747100,0
28.620000,-0.120156,-0.518978,1.938062,-0.170463,-0.480378,-0.490238,0.063410,13.604400,0
28.640000,-0.098160,-0.491935,2.199326,-0.171876,-0.477731,-0.490239,0.075072,13.648300,0
28.660000,-0.112601,-0.508596,1.840961,-0.171884,-0.477310,-0.472503,0.067032,14.051500,0
28.680000,-0.097130,-0.522175,2.157159,-0.171890,-0.477296,-0.454301,0.087196,14.400900,0
28.700000,-0.083802,-0.511881,1.922004,-0.171887,-0.477299,-0.436314,0.094631,14.123000,0
28.720000,-0.034471,-0.533256,2.235026,-0.171885,-0.477301,-0.418325,0.148370,14.033100,0
28.740000,-0.097232,-0.542022,2.164467,-0.171883,-0.477303,-0.400335,0.098800,12.787200,0
28.760000,-0.075089,-0.500737,2.032833,-0.171881,-0.477304,-0.382343,0.099588,13.883800,0
28.780000,-0.189450,-0.382175,1.789369,-0.171879,-0.477305,-0.364351,0.096739,13.604700,0
28.800000,-0.110681,-0.442966,1.650290,-0.171877,-0.477305,-0.346360,0.070172,20.955600,0
28.820000,-0.070800,-0.390225,2.196541,-0.171875,-0.477306,-0.328368,0.133414,16.302200,0
28.840000,-0.011199,-0.569984,2.054670,-0.171873,-0.477306,-0.310378,0.185487,14.735500,0
28.860000,-0.119255,-0.439509,1.880937,-0.171871,-0.477306,-0.292388,0.064785,13.357400,0
28.880000,-0.125133,-0.549744,1.864404,-0.171869,-0.477306,-0.274399,0.086206,13.796300,0
28.900000,-0.105057,-0.505736,1.706535,-0.171867,-0.477307,-0.256410,0.072607,14.347000,0
28.920000,-0.097902,-0.477321,1.718075,-0.171865,-0.477307,-0.238422,0.073963,15.064000,0
28.940000,-0.141114,-0.482008,1.613150,-0.171863,-0.477306,-0.220435,0.031106,14.569800,0
28.960000,-0.040693,-0.336231,2.048080,-0.171861,-0.477306,-0.202449,0.192633,14.702500,0
28.980000,-0.120495,-0.125608,1.627792,-0.171859,-0.477306,-0.184463,0.355429,14.657900,0
29.000000,-0.070676,-0.320704,1.647253,-0.171857,-0.477306,-0.166477,0.186445,14.995000,0
29.020000,-0.136123,-0.436671,1.575053,-0.172266,-0.475000,-0.158996,0.052682,15.294300,0
29.040000,-0.149034,-0.539696,1.645474,-0.172740,-0.472035,-0.158999,0.071694,26.230900,0
29.060000,-0.166654,-0.119144,1.354605,-0.173215,-0.469068,-0.159011,0.349985,23.527000,0
29.080000,-0.095753,-0.528003,2.031109,-0.173689,-0.466103,-0.159020,0.099527,15.923100,0
29.100000,-0.078570,-0.529991,1.648742,-0.174164,-0.463139,-0.159027,0.116650,16.370600,0
29.120000,-0.135225,-0.127564,1.578374,-0.174640,-0.460175,-0.159031,0.334938,16.590700,0
29.140000,-0.090391,-0.072160,1.623420,-0.175115,-0.457211,-0.159034,0.394262,14.444200,0
29.160000,-0.112460,-0.427737,1.486027,-0.175590,-0.454247,-0.159036,0.068470,16.709000,0
29.180000,-0.121269,-0.497832,1.629661,-0.176066,-0.451284,-0.159037,0.071899,17.902800,0
29.200000,-0.134505,-0.075760,1.814256,-0.176541,-0.448321,-0.159038,0.374924,16.910500,0
29.220000,-0.097521,-0.522774,1.844848,-0.177016,-0.445359,-0.159039,0.110962,16.081700,0
29.240000,-0.092758,-0.598733,1.625039,-0.177492,-0.442396,-0.159040,0.177823,15.939000,0
29.260000,-0.108398,-0.443052,1.603264,-0.177967,-0.439433,-0.159041,0.069663,16.010800,0
29.280000,-0.100344,-0.591408,1.734631,-0.178442,-0.436471,-0.159041,0.173507,16.034100,0
29.300000,-0.130986,-0.412897,1.773844,-0.178917,-0.433509,-0.159042,0.052176,16.556100,0
29.320000,-0.102870,-0.475942,1.712546,-0.179393,-0.430546,-0.159043,0.088975,15.257900,0
29.340000,-0.121148,-0.480976,1.709875,-0.179868,-0.427584,-0.159043,0.079365,14.446600,0
29.360000,-0.179386,-0.470341,1.828262,-0.179938,-0.426889,-0.146440,0.043455,14.323200,0
29.380000,-0.161341,-0.102889,1.530080,-0.179910,-0.426717,-0.126441,0.324360,14.596700,0
29.400000,-0.105207,-0.276081,1.248259,-0.179909,-0.426720,-0.108439,0.168145,14.434000,0
29.420000,-0.094516,-0.124759,1.480415,-0.179907,-0.426722,-0.090450,0.313804,16.727000,0
29.440000,-0.159964,-0.251604,1.339568,-0.179906,-0.426725,-0.072461,0.176253,16.290700,0
29.460000,-0.146586,-0.511327,1.565377,-0.179904,-0.426727,-0.054471,0.090924,15.198600,0
29.480000,-0.105917,-0.550914,1.641096,-0.179903,-0.426728,-0.036482,0.144555,15.504200,0
29.500000,-0.119603,-0.120405,1.359843,-0.179901,-0.426729,-0.018492,0.312202,15.232400,0
29.520000,-0.126465,-0.608130,1.652559,-0.179900,-0.426730,-0.000504,0.189107,15.668000,0
29.540000,-0.114021,-0.479458,1.510941,-0.179899,-0.426731,0.017484,0.084380,15.724700,0
29.560000,-0.127939,-0.528759,1.459473,-0.179898,-0.426732,0.035471,0.114495,15.121200,0
29.580000,-0.150363,-0.416419,1.508085,-0.179813,-0.424575,0.044975,0.030559,16.278600,0
29.600000,-0.120948,-0.439307,1.431351,-0.179676,-0.421575,0.044972,0.061346,17.181900,0
29.620000,-0.125216,-0.445095,1.768316,-0.179539,-0.418575,0.044968,0.060451,18.506000,0
29.640000,-0.103251,-0.392333,1.666621,-0.179403,-0.415575,0.044961,0.079620,20.357000,0
29.660000,-0.125907,-0.476792,1.664040,-0.179267,-0.412576,0.044956,0.083492,18.444100,0
29.680000,-0.123627,-0.422759,1.749657,-0.179132,-0.409578,0.044951,0.057049,23.262700,0
29.700000,-0.123501,-0.440164,1.363180,-0.178996,-0.406579,0.044948,0.064866,25.847900,0
29.720000,-0.101992,-0.416835,1.634573,-0.178861,-0.403581,0.044945,0.078003,17.036500,0
29.740000,-0.129504,-0.416267,1.432835,-0.178726,-0.400583,0.044942,0.051660,16.404200,0
29.760000,-0.114778,-0.290035,1.548116,-0.178592,-0.397586,0.044940,0.125058,14.795400,0
29.780000,-0.112409,-0.321727,1.683641,-0.178457,-0.394588,0.044939,0.098342,15.306000,0
29.800000,-0.102822,-0.405118,1.341338,-0.178322,-0.391591,0.044938,0.076702,15.014600,0
29.820000,-0.138861,-0.486738,1.386955,-0.178187,-0.388593,0.044937,0.105730,15.359100,0
29.840000,-0.120818,-0.432883,1.430632,-0.178052,-0.385596,0.044936,0.074241,16.438300,0
29.860000,-0.108162,-0.028355,1.533100,-0.177917,-0.382599,0.044936,0.361047,16.169000,0
29.880000,-0.103680,-0.375968,1.496733,-0.177783,-0.379602,0.044936,0.074192,15.655500,0
29.900000,-0.113064,-0.439665,1.426806,-0.177648,-0.376605,0.044936,0.090265,15.680500,0
29.920000,-0.107604,-0.331747,1.518310,-0.177513,-0.373608,0.044935,0.081484,15.083100,0
29.940000,-0.100096,-0.369154,1.329579,-0.177379,-0.370610,0.044935,0.077297,18.063700,0
29.960000,-0.092316,-0.362754,1.602241,-0.177244,-0.367613,0.044935,0.085067,15.165900,0
29.980000,-0.126539,-0.478248,1.635587,-0.177109,-0.364616,0.044935,0.124377,14.348100,0
30.000000,-0.117968,-0.294302,1.394115,-0.176974,-0.361619,0.044935,0.089517,15.745200,0
30.020000,-0.130432,-0.377496,1.593246,-0.176840,-0.358622,0.044935,0.050099,16.052300,0
30.040000,-0.113557,-0.411051,1.453664,-0.176705,-0.355625,0.044935,0.084022,16.715000,0
30.060000,-0.134945,-0.313559,1.398645,-0.176570,-0.352628,0.044935,0.057088,15.725400,0
30.080000,-0.117884,-0.407168,1.363890,-0.176435,-0.349631,0.044935,0.082090,15.562600,0
30.100000,-0.120778,-0.459263,1.469982,-0.176301,-0.346634,0.044935,0.125571,16.362700,0
30.120000,-0.120195,-0.281725,1.461706,-0.176166,-0.343637,0.044935,0.083461,14.796500,0
30.140000,-0.116774,-0.360686,1.571252,-0.176031,-0.340640,0.044935,0.062556,17.022900,0
30.160000,-0.095533,-0.414442,1.439013,-0.175896,-0.337643,0.044935,0.111159,17.506900,0
30.180000,-0.115422,-0.087906,1.552711,-0.175762,-0.334646,0.044935,0.254011,19.296800,0
30.200000,-0.154837,-0.363587,1.694286,-0.175627,-0.331649,0.044935,0.038108,16.226900,0
30.220000,-0.119741,-0.437214,1.684518,-0.175492,-0.328652,0.044935,0.122041,16.779200,0
30.240000,-0.123442,-0.240916,1.568713,-0.175357,-0.325656,0.044935,0.099378,16.340900,0
30.260000,-0.110925,-0.285609,1.691502,-0.175223,-0.322659,0.044935,0.074208,16.961700,0
30.280000,-0.108834,-0.386860,1.657838,-0.175088,-0.319662,0.044935,0.094367,19.741300,0
30.300000,-0.124028,-0.383685,1.437261,-0.174953,-0.316665,0.044935,0.084173,20.123900,0
30.320000,-0.134250,-0.490448,1.653471,-0.174818,-0.313668,0.044935,0.181375,20.913600,0
30.340000,-0.147014,0.070317,1.311232,-0.174684,-0.310671,0.044935,0.381991,29.208400,0
30.360000,-0.131793,-0.339322,1.778340,-0.174549,-0.307674,0.044935,0.053194,20.873600,0
30.380000,-0.115096,-0.389001,1.735651,-0.174414,-0.304677,0.044935,0.103098,17.214800,0
30.400000,-0.093754,-0.271433,1.438373,-0.174279,-0.301680,0.044935,0.086018,15.741200,0
30.420000,-0.109572,-0.449109,1.475388,-0.174145,-0.298683,0.044935,0.163700,16.102800,0
30.440000,-0.104994,-0.059994,1.292207,-0.174010,-0.295686,0.044935,0.245589,14.178000,0
30.460000,-0.150787,-0.375991,1.518676,-0.173875,-0.292689,0.044935,0.086443,13.700000,0
30.480000,-0.091665,-0.062006,1.805194,-0.173740,-0.289692,0.044935,0.242027,41.029200,0
30.500000,-0.097821,-0.312763,1.764866,-0.173606,-0.286695,0.044935,0.080143,21.814800,0
30.520000,-0.141457,-0.072464,1.670990,-0.173471,-0.283698,0.044935,0.213646,16.237700,0
30.540000,-0.081341,-0.512689,1.658941,-0.173336,-0.280701,0.044935,0.249562,14.815300,0
30.560000,-0.124069,-0.296102,1.166085,-0.173201,-0.277704,0.044935,0.052463,14.150200,0
30.580000,-0.124408,-0.224070,1.542330,-0.173067,-0.274707,0.044935,0.070227,16.532900,0
30.600000,-0.111024,-0.425409,1.716770,-0.172932,-0.271710,0.044935,0.165698,16.419400,0
30.620000,-0.112617,-0.275907,1.552491,-0.172797,-0.268713,0.044935,0.060608,17.379800,0
30.640000,-0.098352,-0.325120,1.653241,-0.172662,-0.265716,0.044935,0.095136,16.350600,0
30.660000,-0.113836,-0.398162,1.405030,-0.172527,-0.262719,0.044935,0.147612,16.661200,0
30.680000,-0.124759,-0.328564,1.646087,-0.172393,-0.259722,0.044935,0.083716,15.970700,0
30.700000,-0.104393,-0.370493,1.721462,-0.172258,-0.256725,0.044935,0.132472,14.038400,0
30.720000,-0.097992,-0.295779,1.422809,-0.172123,-0.253728,0.044935,0.085227,14.373800,0
30.740000,0.008283,-0.307066,1.758696,-0.171988,-0.250731,0.044935,0.188868,15.154100,0
30.760000,-0.124624,-0.267173,1.544380,-0.171854,-0.247734,0.044935,0.051074,14.899400,0
30.780000,-0.130297,-0.205851,1.520641,-0.171719,-0.244737,0.044935,0.056815,14.917600,0
30.800000,-0.104388,-0.202429,1.461719,-0.171584,-0.241740,0.044935,0.077850,15.145800,0
30.820000,-0.067922,-0.313158,1.652269,-0.171449,-0.238743,0.044935,0.127496,15.071400,0
30.840000,-0.102009,-0.326213,1.527532,-0.171315,-0.235746,0.044935,0.113963,15.317300,0
30.860000,-0.141885,-0.266746,1.557801,-0.171180,-0.232749,0.044935,0.044878,15.252200,0
30.880000,-0.102241,-0.365618,1.654574,-0.171045,-0.229752,0.044935,0.152294,15.897100,0
30.900000,-0.094646,-0.121944,1.313703,-0.170910,-0.226755,0.044935,0.129621,16.047500,0
30.920000,-0.125755,-0.360283,1.553780,-0.170776,-0.223758,0.044935,0.143756,13.993800,0
30.940000,-0.114231,-0.255630,1.627480,-0.170641,-0.220761,0.044935,0.066317,14.722800,0
30.960000,-0.124862,-0.294193,1.427192,-0.170506,-0.217765,0.044935,0.089020,13.598300,0
30.980000,-0.134297,-0.217806,1.450608,-0.170371,-0.214768,0.044935,0.036201,14.729100,0
31.000000,-0.114047,-0.145444,1.617591,-0.170237,-0.211771,0.044935,0.086929,15.999200,0
31.020000,-0.072702,-0.254581,1.424061,-0.170102,-0.208774,0.044935,0.107633,16.357000,0
31.040000,-0.092492,-0.073752,1.691433,-0.169967,-0.205777,0.044935,0.153078,16.638900,0
31.060000,-0.100123,-0.322703,1.646350,-0.169832,-0.202780,0.044935,0.138712,16.846300,0
31.080000,-0.101589,-0.293961,1.365158,-0.169698,-0.199783,0.044935,0.116226,14.437900,0
31.100000,-0.133225,-0.244200,1.422894,-0.169563,-0.196786,0.044935,0.059737,15.761800,0
31.120000,-0.108898,-0.203677,1.593915,-0.169428,-0.193789,0.044935,0.061332,14.899300,0
31.140000,-0.084007,-0.179942,1.529782,-0.169293,-0.190792,0.044935,0.085974,14.256800,0
31.160000,-0.103278,-0.178282,1.728538,-0.169158,-0.187795,0.044935,0.066563,14.600100,0
31.180000,-0.130394,-0.063149,1.327921,-0.169024,-0.184798,0.044935,0.127635,14.487600,0
31.200000,-0.110924,-0.235025,1.519328,-0.168889,-0.181801,0.044935,0.078694,14.606400,0
31.220000,-0.124548,-0.236648,1.482872,-0.168754,-0.178804,0.044935,0.072802,15.043100,0
31.240000,-0.117409,-0.180559,1.598929,-0.168619,-0.175807,0.044935,0.051430,13.447500,0
31.260000,-0.100306,-0.067480,1.417498,-0.168485,-0.172810,0.044935,0.125470,15.838900,0
31.280000,-0.112558,-0.152162,1.480085,-0.168350,-0.169813,0.044935,0.058518,15.907900,0
31.300000,-0.125200,-0.143905,1.472801,-0.168215,-0.166816,0.044935,0.048736,15.667200,0
31.320000,-0.122839,-0.229001,1.343421,-0.168080,-0.163819,0.044935,0.079344,15.328500,0
31.340000,-0.099579,-0.165832,1.637337,-0.167946,-0.160822,0.044935,0.068551,16.049200,0
31.360000,-0.158575,-0.210561,1.353153,-0.167811,-0.157825,0.044935,0.053539,15.031800,0
31.380000,-0.129726,-0.359557,1.621596,-0.167676,-0.154828,0.044935,0.208217,15.621800,0
31.400000,-0.106435,-0.143212,1.456556,-0.167541,-0.151831,0.044935,0.061711,15.361700,0
31.420000,-0.124031,-0.194913,1.612981,-0.167407,-0.148834,0.044935,0.063283,16.161600,0
31.440000,-0.123212,-0.290908,1.659621,-0.167272,-0.145837,0.044935,0.151614,14.847000,0
31.460000,-0.111809,-0.252133,1.576407,-0.167137,-0.142840,0.044935,0.122499,14.305000,0
31.480000,-0.087068,-0.211789,1.466987,-0.167002,-0.139843,0.044935,0.107544,15.070300,0
31.500000,-0.076037,-0.047244,1.531183,-0.166868,-0.136846,0.044935,0.127588,14.719800,0
31.520000,-0.095582,-0.138363,1.643453,-0.166733,-0.133849,0.044935,0.071294,15.532900,0
31.540000,-0.110671,-0.193611,1.330622,-0.166598,-0.130852,0.044935,0.084063,15.258200,0
31.560000,-0.099562,-0.110890,1.490843,-0.166463,-0.127855,0.044935,0.069019,16.766900,0
31.580000,-0.072362,-0.070483,1.674260,-0.166329,-0.124858,0.044935,0.108566,15.093000,0
31.600000,-0.114540,-0.160411,1.670408,-0.166194,-0.121861,0.044935,0.064454,15.616700,0
31.620000,-0.106352,-0.202461,1.399997,-0.166059,-0.118864,0.044935,0.102730,14.528900,0
31.640000,-0.110702,-0.137318,1.465757,-0.165924,-0.115867,0.044935,0.059242,14.382600,0
31.660000,-0.126420,-0.223910,1.375435,-0.165789,-0.112871,0.044935,0.117811,15.499000,0
31.680000,-0.089055,-0.126868,1.687703,-0.165655,-0.109874,0.044935,0.078462,13.867000,0
31.700000,-0.119109,-0.146832,1.444766,-0.165520,-0.106877,0.044935,0.061240,14.708600,0
31.720000,-0.076426,-0.237760,1.642260,-0.165385,-0.103880,0.044935,0.160741,15.071200,0
31.740000,-0.086394,-0.185785,1.400164,-0.165250,-0.100883,0.044935,0.115873,14.852000,0
31.760000,-0.095287,-0.095715,1.559053,-0.165116,-0.097886,0.044935,0.069863,14.533200,0
31.780000,-0.103385,-0.075195,1.322776,-0.164981,-0.094889,0.044935,0.064668,14.473700,0
31.800000,-0.094263,-0.159163,1.634364,-0.164846,-0.091892,0.044935,0.097506,15.497000,0
31.820000,-0.094588,-0.175169,1.391350,-0.164814,-0.091006,0.054966,0.109613,14.985300,0
31.840000,-0.108938,-0.242162,1.709090,-0.164804,-0.090833,0.074963,0.161312,18.109600,0
31.860000,-0.108888,-0.087079,1.380452,-0.164804,-0.090824,0.093088,0.056041,17.744600,0
31.880000,-0.103305,-0.153458,1.282171,-0.164803,-0.090828,0.111077,0.087775,16.597300,0
31.900000,-0.109448,-0.050211,1.296857,-0.164802,-0.090832,0.129084,0.068660,23.810900,0
31.920000,-0.112182,-0.175043,1.365366,-0.164801,-0.090838,0.147117,0.099294,13.282100,0
31.940000,-0.144489,-0.257092,1.284866,-0.164800,-0.090845,0.165160,0.167483,20.634800,0
31.960000,-0.078415,-0.114975,1.472904,-0.164799,-0.090851,0.183207,0.089689,21.861700,0
31.980000,-0.104741,-0.169085,1.457190,-0.164798,-0.090858,0.201254,0.098622,16.865100,0
32.000000,-0.090626,0.025047,1.395390,-0.164797,-0.090864,0.219298,0.137611,14.274600,0
32.020000,-0.138044,-0.146958,1.161622,-0.164246,-0.088516,0.226016,0.064047,14.019500,0
32.040000,-0.105862,-0.114329,1.378090,-0.163571,-0.085589,0.226016,0.064469,14.376600,0
32.060000,-0.121733,-0.143947,1.276116,-0.162897,-0.082663,0.226013,0.073825,15.051700,0
32.080000,-0.080021,-0.087151,1.413705,-0.162223,-0.079737,0.226008,0.082536,14.911700,0
32.100000,-0.105490,-0.108726,1.234744,-0.161550,-0.076811,0.226004,0.064508,14.117700,0
32.120000,-0.120575,-0.146731,1.233681,-0.160877,-0.073886,0.226001,0.083250,13.733800,0
32.140000,-0.090029,-0.050505,1.505849,-0.160204,-0.070961,0.225998,0.073096,15.081400,0
32.160000,-0.125597,-0.163194,1.291905,-0.159532,-0.068036,0.225995,0.101028,17.190200,0
32.180000,-0.105067,-0.047439,1.160489,-0.158860,-0.065112,0.225993,0.056622,15.656300,0
32.200000,-0.062065,-0.025653,1.280606,-0.158187,-0.062187,0.225991,0.102831,14.282500,0
32.220000,-0.078930,-0.112184,1.312789,-0.157515,-0.059263,0.225990,0.094744,15.436600,0
32.240000,-0.087175,-0.141354,1.491071,-0.156843,-0.056339,0.225989,0.109915,17.005100,0
32.260000,-0.109092,-0.052576,1.320636,-0.156171,-0.053415,0.225988,0.047086,15.024100,0
32.280000,-0.086495,-0.025599,1.316593,-0.155498,-0.050491,0.225988,0.073356,14.854400,0
32.300000,-0.130505,-0.151413,1.176579,-0.154826,-0.047567,0.225988,0.106656,14.862100,0
32.320000,-0.116035,-0.095871,1.318608,-0.154154,-0.044643,0.225987,0.063854,15.251200,0
32.340000,-0.086881,-0.066909,1.224448,-0.153482,-0.041719,0.225987,0.071205,14.288600,0
32.360000,-0.109555,-0.118710,1.477527,-0.152810,-0.038795,0.225987,0.090870,14.893300,0
32.380000,-0.077370,0.006911,1.317686,-0.152138,-0.035872,0.225987,0.086143,15.820200,0
32.400000,-0.098607,-0.045688,1.415544,-0.151465,-0.032948,0.225987,0.054371,15.308300,0
32.420000,-0.090361,-0.141929,1.384544,-0.151367,-0.032292,0.239012,0.125467,14.377800,0
32.440000,-0.140519,-0.131877,1.419953,-0.151329,-0.032139,0.258823,0.100322,14.660500,0
32.460000,-0.116109,-0.121627,1.253680,-0.151329,-0.032142,0.276825,0.096167,14.796400,0
32.480000,-0.101723,-0.053310,1.310720,-0.151329,-0.032146,0.294821,0.053932,14.538900,0
32.500000,-0.130482,-0.167742,1.401869,-0.151328,-0.032150,0.312827,0.137185,16.656300,0
32.520000,-0.120577,-0.055762,1.195346,-0.151328,-0.032154,0.330838,0.038768,15.467400,0
32.540000,-0.084889,-0.021533,1.004458,-0.151327,-0.032158,0.348853,0.067283,15.365200,0
32.560000,-0.076903,-0.017691,1.237303,-0.151326,-0.032162,0.366869,0.075817,15.829500,0
32.580000,-0.105831,-0.090917,1.115703,-0.151326,-0.032166,0.384885,0.074306,14.809400,0
32.600000,-0.141430,-0.151955,1.303030,-0.151325,-0.032170,0.402901,0.120193,15.186800,0
32.620000,-0.125806,-0.135827,1.209448,-0.151324,-0.032174,0.420915,0.106748,16.120600,0
32.640000,-0.108885,-0.067832,1.310626,-0.151323,-0.032177,0.438927,0.055428,16.313400,0
32.660000,-0.146161,-0.140305,1.053642,-0.151322,-0.032180,0.456938,0.108248,15.440800,0
32.680000,-0.098152,-0.083405,1.107848,-0.151321,-0.032184,0.474947,0.073828,15.856400,0
32.700000,-0.095530,-0.007484,1.231668,-0.150091,-0.029795,0.478516,0.058946,15.646500,0
32.720000,-0.069619,-0.027143,1.048407,-0.148707,-0.027129,0.478514,0.079088,16.445300,0
32.740000,-0.087045,-0.120968,1.055853,-0.147324,-0.024463,0.478510,0.113784,16.590700,0
32.760000,-0.075021,-0.025868,0.681342,-0.145941,-0.021798,0.478504,0.071037,15.974000,0
32.780000,-0.100327,-0.055961,0.991740,-0.144559,-0.019133,0.478499,0.057557,15.799200,0
32.800000,-0.101672,-0.073250,0.841200,-0.143177,-0.016468,0.478495,0.070334,15.804900,0
32.820000,-0.073826,-0.082012,1.199610,-0.141795,-0.013803,0.478491,0.096292,15.696600,0
32.840000,-0.136543,-0.081585,1.010778,-0.140413,-0.011139,0.478488,0.070552,14.436700,0
32.860000,-0.120050,-0.116344,1.071274,-0.139032,-0.008475,0.478486,0.109526,16.329000,0
32.880000,-0.112753,-0.063127,1.194497,-0.137650,-0.005812,0.478484,0.062489,21.631900,0
32.900000,-0.071032,-0.014062,1.169720,-0.136269,-0.003148,0.478483,0.066144,25.452200,0
32.920000,-0.105537,-0.018021,1.087482,-0.134888,-0.000484,0.478482,0.034191,19.535800,0
32.940000,-0.078272,-0.046722,0.852240,-0.133506,0.002179,0.478481,0.073771,15.698600,0
32.960000,-0.093989,-0.039143,1.224141,-0.132125,0.004842,0.478481,0.058216,14.775700,0
32.980000,-0.090484,-0.029757,1.182900,-0.130744,0.007506,0.478480,0.054859,15.689700,0
33.000000,-0.087182,0.004906,1.438483,-0.129362,0.010169,0.478480,0.042507,16.034800,0
33.020000,-0.081563,-0.039293,0.901098,-0.127981,0.012832,0.478480,0.069797,16.531300,0
33.040000,-0.079027,-0.074174,1.266355,-0.126600,0.015496,0.478480,0.101508,15.025100,0
33.060000,-0.116120,-0.073382,0.968426,-0.125219,0.018159,0.478479,0.091992,14.767300,0
33.080000,-0.075736,-0.048142,1.244425,-0.123837,0.020822,0.478479,0.084082,15.118700,0
33.100000,-0.002245,0.041335,1.126234,-0.122456,0.023485,0.478479,0.121529,15.399200,0
33.120000,-0.092095,-0.083131,0.863014,-0.121075,0.026148,0.478479,0.113056,15.818200,0
33.140000,-0.069285,-0.004638,0.837270,-0.119693,0.028811,0.478479,0.060496,15.906600,0
33.160000,-0.061996,-0.054116,1.183875,-0.118312,0.031475,0.478479,0.102457,14.474900,0
33.180000,-0.053165,0.133773,0.970630,-0.116931,0.034138,0.478479,0.118293,15.447500,0
33.200000,-0.055539,0.021456,1.140007,-0.115550,0.036801,0.478479,0.061942,17.256000,0
33.220000,-0.072306,-0.002464,0.980349,-0.114168,0.039464,0.478479,0.059248,17.366400,0
33.240000,-0.101375,-0.027532,1.127528,-0.112787,0.042127,0.478479,0.070587,16.328900,0
33.260000,-0.038767,0.047653,1.077234,-0.111406,0.044790,0.478479,0.072696,16.285200,0
33.280000,-0.086341,0.002534,1.335651,-0.110024,0.047453,0.478479,0.050780,17.696300,0
33.300000,-0.069996,0.044557,1.131120,-0.108643,0.050116,0.478479,0.039045,17.577800,0
33.320000,-0.073433,-0.000132,1.131294,-0.107262,0.052779,0.478479,0.062801,16.443000,0
33.340000,-0.031622,0.084869,1.057828,-0.105881,0.055442,0.478479,0.079877,16.816300,0
33.360000,-0.067575,-0.018861,0.914866,-0.104499,0.058106,0.478479,0.085366,13.312700,0
33.380000,-0.040218,0.049934,1.192726,-0.103118,0.060769,0.478479,0.063827,13.523200,0
33.400000,-0.060163,-0.047883,1.157473,-0.101737,0.063432,0.478479,0.118825,13.927900,0
33.420000,-0.062604,-0.008009,1.222887,-0.100355,0.066095,0.478479,0.083166,14.501500,0
33.440000,-0.050779,0.014831,0.926500,-0.098974,0.068758,0.478479,0.072325,14.251700,0
33.460000,-0.022759,0.070965,1.277382,-0.097593,0.071421,0.478479,0.074835,15.520400,0
33.480000,-0.041394,0.005645,1.172569,-0.096212,0.074084,0.478479,0.087686,16.929700,0
33.500000,-0.023871,0.087669,1.085037,-0.094830,0.076747,0.478479,0.071795,14.725900,0
33.520000,-0.061497,0.039338,1.039826,-0.093449,0.079410,0.478479,0.051251,15.436000,0
33.540000,-0.046059,0.049455,0.964938,-0.092068,0.082073,0.478479,0.056398,15.285600,0
33.560000,-0.031035,0.045414,1.159907,-0.090686,0.084736,0.478479,0.071445,16.086200,0
33.580000,-0.087588,0.008218,1.193971,-0.089305,0.087400,0.478479,0.079200,16.027000,0
33.600000,-0.052323,-0.012921,1.202317,-0.087924,0.090063,0.478479,0.108963,26.407800,0
33.620000,-0.078922,-0.044452,0.888227,-0.086543,0.092726,0.478479,0.137390,17.919800,0
33.640000,-0.038781,-0.001439,0.971976,-0.085161,0.095389,0.478479,0.107363,17.874500,0
33.660000,0.017813,0.088662,1.052200,-0.083780,0.098052,0.478479,0.102026,16.912700,0
33.680000,-0.011218,0.073432,1.108151,-0.082399,0.100715,0.478479,0.076230,16.817700,0
33.700000,-0.050532,0.101002,1.046047,-0.081017,0.103378,0.478479,0.030577,16.367400,0
33.720000,-0.022057,0.016438,1.247416,-0.079636,0.106041,0.478479,0.106508,16.069100,0
33.740000,-0.016483,0.036393,1.111373,-0.079619,0.106463,0.461008,0.094318,19.441000,0
33.760000,-0.108778,-0.027502,1.124594,-0.079616,0.106472,0.442873,0.137111,13.664000,0
33.780000,-0.045291,0.045373,1.264421,-0.079618,0.106469,0.424884,0.070079,13.946400,0
33.800000,0.005544,0.059265,1.243280,-0.079620,0.106467,0.406893,0.097370,15.318700,0
33.820000,-0.010179,0.212800,1.189804,-0.079623,0.106465,0.388900,0.127002,14.923600,0
33.840000,-0.019862,0.105221,1.272887,-0.079626,0.106464,0.370906,0.059777,15.676600,0
33.860000,-0.020265,0.119816,1.463005,-0.079628,0.106463,0.352913,0.060846,14.689500,0
33.880000,-0.042417,-0.035193,1.104925,-0.078615,0.108694,0.351931,0.148370,16.041900,0
33.900000,-0.076309,-0.029756,1.323690,-0.077580,0.111513,0.351932,0.141275,15.609300,0
33.920000,-0.030219,0.128180,1.165141,-0.076545,0.114332,0.351938,0.048352,14.964800,0
33.940000,-0.039299,0.057769,1.077570,-0.075509,0.117150,0.351942,0.069550,14.739600,0
33.960000,-0.040404,0.062231,1.375786,-0.074474,0.119968,0.351945,0.067040,14.797600,0
33.980000,-0.024314,-0.011559,1.241917,-0.073440,0.122785,0.351947,0.143045,15.012000,0
34.000000,0.003753,0.120912,1.127380,-0.072405,0.125602,0.351949,0.076302,15.467800,0
34.020000,-0.021862,0.082019,0.955299,-0.071370,0.128419,0.351950,0.067853,15.955500,0
34.040000,-0.042895,0.071500,1.322965,-0.070336,0.131236,0.351951,0.065738,14.856100,0
34.060000,-0.061712,0.022172,1.393825,-0.069301,0.134052,0.351952,0.112137,15.577800,0
34.080000,0.004179,0.092378,1.494022,-0.068267,0.136869,0.351953,0.085016,14.925500,0
34.100000,-0.014380,0.189117,1.282599,-0.067232,0.139685,0.351953,0.072366,15.826000,0
34.120000,-0.035503,0.097954,1.286035,-0.066198,0.142502,0.351953,0.054099,15.811300,0
34.140000,-0.016324,0.086527,1.256046,-0.065163,0.145318,0.351954,0.076430,14.488500,0
34.160000,0.004805,0.134571,1.061737,-0.064129,0.148134,0.351954,0.070255,16.544100,0
34.180000,-0.004915,0.112036,1.711870,-0.063095,0.150950,0.351954,0.069995,16.113000,0
34.200000,-0.007906,0.117420,1.275886,-0.062060,0.153767,0.351954,0.065221,15.518800,0
34.220000,0.027626,0.134631,1.090435,-0.061026,0.156583,0.351954,0.091329,15.564100,0
34.240000,-0.023354,0.069641,1.164338,-0.059992,0.159399,0.351954,0.096947,15.738200,0
34.260000,-0.026909,-0.007358,1.421658,-0.059940,0.159896,0.335759,0.170484,14.718900,0
34.280000,0.023488,0.178938,1.218936,-0.059959,0.159984,0.316677,0.085572,14.070200,0
34.300000,-0.002786,0.062342,1.098158,-0.059961,0.159981,0.298690,0.113148,16.257100,0
34.320000,0.006003,0.127522,1.070961,-0.059963,0.159979,0.280700,0.073519,17.933600,0
34.340000,0.034660,0.167370,1.248841,-0.059965,0.159977,0.262709,0.094913,16.909200,0
34.360000,-0.001775,0.069456,1.179789,-0.059967,0.159976,0.244718,0.107611,16.351400,0
34.380000,-0.047414,0.035610,1.591410,-0.059969,0.159974,0.226727,0.124996,17.225800,0
34.400000,-0.018267,0.013366,1.154772,-0.059971,0.159974,0.208736,0.152425,18.341200,0
34.420000,-0.026859,0.045035,1.392140,-0.059974,0.159973,0.190745,0.119613,18.250700,0
34.440000,-0.008092,0.001037,1.416511,-0.059976,0.159972,0.172755,0.167189,16.284800,0
34.460000,-0.021402,0.071590,1.533094,-0.059978,0.159972,0.154766,0.096434,15.244100,0
34.480000,0.011469,0.166199,1.533191,-0.059600,0.162263,0.147071,0.071178,15.227900,0
34.500000,-0.000691,0.063991,1.414042,-0.059161,0.165234,0.147074,0.116915,15.853800,0
34.520000,0.007467,0.096630,1.392579,-0.058723,0.168206,0.147083,0.097490,13.963400,0
34.540000,0.017218,0.159625,1.330132,-0.058283,0.171176,0.147090,0.076380,14.721500,0
34.560000,-0.013828,0.148750,1.478206,-0.057844,0.174146,0.147095,0.050817,15.476000,0
34.580000,-0.011545,0.025667,1.405848,-0.057404,0.177116,0.147099,0.158240,15.820500,0
34.600000,-0.014391,0.033415,1.178614,-0.056965,0.180085,0.147102,0.152724,15.137000,0
34.620000,-0.018932,0.065129,1.261400,-0.056906,0.180801,0.134775,0.121746,14.482800,0
34.640000,0.052050,0.196038,1.598582,-0.056932,0.180975,0.114772,0.110018,14.836200,0
34.660000,0.024849,-0.014438,1.484437,-0.056933,0.180972,0.096779,0.211833,14.914600,0
34.680000,-0.010845,0.094049,1.782253,-0.056934,0.180970,0.078792,0.098385,14.162800,0
34.700000,-0.024024,0.149448,1.565160,-0.056936,0.180967,0.060804,0.045570,14.632200,0
34.720000,-0.003724,0.114070,1.543122,-0.056936,0.180966,0.042815,0.085479,13.903500,0
34.740000,0.007579,0.095505,1.622023,-0.056937,0.180964,0.024827,0.107077,14.776600,0
34.760000,0.003919,0.065967,1.599343,-0.056938,0.180963,0.006839,0.130106,15.207700,0
34.780000,0.007496,0.015187,1.348718,-0.056913,0.183076,-0.003168,0.179820,14.291500,0
34.800000,-0.005494,0.158388,1.628572,-0.056925,0.186079,-0.003166,0.058412,13.125100,0
34.820000,0.009938,0.069568,1.470606,-0.056936,0.189082,-0.003162,0.136952,13.099800,0
34.840000,0.001792,0.168581,1.565723,-0.056947,0.192085,-0.003156,0.063267,15.180400,0
34.860000,0.027163,0.204393,1.484104,-0.056958,0.195087,-0.003152,0.084634,14.365300,0
34.880000,0.007909,0.169891,1.737604,-0.056968,0.198088,-0.003148,0.070739,16.976000,0
34.900000,0.002799,0.205123,1.736583,-0.056978,0.201090,-0.003145,0.059913,15.582900,0
34.920000,0.018135,0.101357,1.632572,-0.056987,0.204091,-0.003142,0.127270,15.102500,0
34.940000,-0.007403,0.269639,1.620564,-0.056997,0.207091,-0.003140,0.079824,15.958800,0
34.960000,0.022605,0.089477,1.618280,-0.057006,0.210092,-0.003139,0.144520,16.984000,0
34.980000,0.031547,0.137818,1.516849,-0.057015,0.213093,-0.003137,0.116231,14.864900,0
35.000000,-0.007085,0.205708,1.578258,-0.057025,0.216093,-0.003136,0.051009,16.090000,0
35.020000,-0.012545,0.163268,1.354578,-0.057034,0.219093,-0.003136,0.071384,17.377800,0
35.040000,-0.026400,0.010582,1.785962,-0.057043,0.222094,-0.003135,0.213720,16.618400,0
35.060000,0.006881,0.175561,1.672151,-0.057052,0.225094,-0.003135,0.080876,16.350700,0
35.080000,0.012453,0.128636,1.684703,-0.057062,0.228094,-0.003134,0.121344,15.492900,0
35.100000,-0.053004,0.042169,1.911635,-0.057071,0.231094,-0.003134,0.188969,15.483300,0
35.120000,-0.028396,0.176890,1.832725,-0.057080,0.234094,-0.003134,0.063993,13.576600,0
35.140000,0.021353,0.194995,1.687151,-0.057090,0.237094,-0.003134,0.089026,13.415400,0
35.160000,-0.002528,0.267913,1.737892,-0.057099,0.240094,-0.003134,0.061253,14.178100,0
35.180000,0.035618,0.085789,1.578166,-0.057108,0.243094,-0.003134,0.182601,14.317800,0
35.200000,0.009509,0.048794,1.330114,-0.057110,0.244048,-0.012225,0.206306,14.051900,0
35.220000,0.003487,0.252405,1.439410,-0.057113,0.244222,-0.032222,0.061150,14.113200,0
35.240000,-0.009504,0.126728,1.580108,-0.057114,0.244231,-0.050359,0.126782,14.903800,0
35.260000,-0.032797,0.192887,1.766666,-0.057115,0.244228,-0.068348,0.056809,15.439800,0
35.280000,0.053905,0.153591,1.632816,-0.057116,0.244225,-0.086337,0.143318,14.726200,0
35.300000,-0.005545,0.191694,1.825104,-0.057117,0.244223,-0.104327,0.073613,17.016800,0
35.320000,0.019622,0.223527,1.898436,-0.057369,0.246462,-0.112775,0.080334,14.093700,0
35.340000,0.032246,0.096174,1.643633,-0.057709,0.249445,-0.112773,0.177718,14.917800,0
35.360000,0.047833,0.190432,1.713871,-0.058049,0.252428,-0.112770,0.122696,15.001300,0
35.380000,0.008270,0.259245,2.013491,-0.058388,0.255411,-0.112767,0.066769,14.282500,0
35.400000,0.022691,0.109242,1.651916,-0.058727,0.258394,-0.112765,0.169928,14.169900,0
35.420000,0.010078,0.158381,1.607902,-0.059065,0.261376,-0.112762,0.124052,14.484900,0
35.440000,0.013501,0.215648,1.484746,-0.059403,0.264358,-0.112761,0.087679,16.638400,0
35.460000,0.021297,0.248834,1.849013,-0.059741,0.267340,-0.112759,0.083124,15.915600,0
35.480000,-0.023770,0.164435,1.751445,-0.060079,0.270322,-0.112758,0.111939,15.998500,0
35.500000,0.043789,0.179600,1.400107,-0.060417,0.273303,-0.112757,0.140140,15.163300,0
35.520000,0.000840,0.273594,1.619476,-0.060754,0.276284,-0.112756,0.061652,14.718200,0
35.540000,0.012801,0.222720,1.699052,-0.061092,0.279266,-0.112756,0.093047,15.682600,0
35.560000,0.073928,0.223274,1.636406,-0.061430,0.282247,-0.112755,0.147647,17.050500,0
35.580000,0.034421,0.177465,1.499555,-0.061767,0.285228,-0.112755,0.144447,17.248200,0
35.600000,0.000025,0.264195,1.711040,-0.062105,0.288209,-0.112755,0.066609,14.475900,0
35.620000,0.008171,0.202277,1.925826,-0.062442,0.291190,-0.112755,0.113542,16.374500,0
35.640000,0.029802,0.173344,1.516273,-0.062780,0.294171,-0.112754,0.152219,14.704800,0
35.660000,0.004064,0.264683,1.664043,-0.062847,0.294966,-0.124009,0.073445,15.110000,0
35.680000,0.013798,0.332550,1.782102,-0.062869,0.295138,-0.144007,0.085308,15.803200,0
35.700000,0.029856,0.165197,1.748042,-0.062869,0.295138,-0.162030,0.159632,17.196000,0
35.720000,0.041042,0.158546,1.571153,-0.062870,0.295134,-0.180018,0.171622,16.425300,0
35.740000,-0.005802,0.261829,1.763908,-0.062870,0.295130,-0.198022,0.066074,15.584700,0
35.760000,0.012489,0.237807,1.665484,-0.062871,0.295126,-0.216038,0.094682,16.022600,0
35.780000,0.013530,0.311440,1.752093,-0.063413,0.297469,-0.222826,0.078201,15.402900,0
35.800000,0.009910,0.215394,1.622989,-0.064078,0.300397,-0.222825,0.112692,15.707100,0
35.820000,-0.017412,0.245055,1.762422,-0.064743,0.303325,-0.222823,0.075071,15.127200,0
35.840000,0.022194,0.215538,1.638422,-0.065407,0.306253,-0.222820,0.126108,15.313500,0
35.860000,-0.008281,0.255290,1.839007,-0.066071,0.309180,-0.222817,0.079017,16.037700,0
35.880000,0.019674,0.059970,1.661912,-0.066735,0.312107,-0.222815,0.266532,15.220700,0
35.900000,0.001059,0.152545,1.610735,-0.067399,0.315034,-0.222813,0.176321,14.293900,0
35.920000,0.006158,0.282652,1.630331,-0.068062,0.317960,-0.222812,0.082191,14.476400,0
35.940000,0.003136,0.313753,1.766792,-0.068725,0.320887,-0.222810,0.072214,14.449300,0
35.960000,0.024765,0.238774,1.666897,-0.069388,0.323813,-0.222809,0.126871,16.519400,0
35.980000,0.003140,0.258538,1.724663,-0.070051,0.326740,-0.222809,0.100043,14.443800,0
36.000000,-0.012719,0.339139,1.696215,-0.070714,0.329666,-0.222808,0.058763,14.707700,0
36.020000,0.012595,0.148857,1.675244,-0.071377,0.332592,-0.222808,0.202014,15.088800,0
36.040000,0.002363,0.334113,1.707490,-0.072040,0.335518,-0.222808,0.074416,14.714100,0
36.060000,-0.054284,0.397297,1.984051,-0.072703,0.338444,-0.222807,0.061668,14.806900,0
36.080000,0.013266,0.255253,1.701044,-0.073366,0.341370,-0.222807,0.122152,16.277000,0
36.100000,0.007762,0.272112,1.869007,-0.074029,0.344296,-0.222807,0.109088,14.550100,0
36.120000,0.002683,0.375541,1.721372,-0.074692,0.347222,-0.222807,0.082394,14.909300,0
36.140000,0.023409,0.237811,1.622975,-0.075355,0.350148,-0.222807,0.149580,15.754600,0
36.160000,-0.017124,0.318881,1.713801,-0.076018,0.353074,-0.222807,0.068101,15.084900,0
36.180000,0.014306,0.269876,1.639075,-0.076680,0.356000,-0.222807,0.125283,14.688200,0
36.200000,-0.007382,0.186829,1.901627,-0.077343,0.358926,-0.222807,0.185773,14.599300,0
36.220000,-0.009175,0.292369,1.562246,-0.077442,0.359589,-0.235729,0.095807,15.232200,0
36.240000,-0.001820,0.237051,1.703842,-0.077480,0.359743,-0.255555,0.144145,14.180700,0
36.260000,-0.007886,0.266233,1.671505,-0.077480,0.359741,-0.273562,0.116563,15.074100,0
36.280000,0.007411,0.340141,1.878122,-0.077480,0.359737,-0.291561,0.087124,13.976100,0
36.300000,-0.035469,0.350798,2.020042,-0.077481,0.359732,-0.309569,0.042952,15.187800,0
36.320000,0.021715,0.262450,1.837610,-0.077481,0.359728,-0.327582,0.138934,14.875500,0
36.340000,0.021941,0.318504,1.845703,-0.077482,0.359724,-0.345598,0.107629,14.821800,0
36.360000,-0.002266,0.292147,2.010412,-0.077483,0.359720,-0.363616,0.101112,14.731800,0
36.380000,0.008157,0.335676,1.951541,-0.078404,0.362136,-0.368309,0.090515,14.521700,0
36.400000,-0.004272,0.235975,2.135243,-0.079487,0.364938,-0.368311,0.149295,17.033300,0
36.420000,0.014392,0.250045,1.867940,-0.080569,0.367739,-0.368309,0.151226,14.943500,0
36.440000,-0.009939,0.298425,1.826765,-0.081650,0.370540,-0.368305,0.101701,13.511500,0
36.460000,-0.072273,0.366765,2.072564,-0.082731,0.373340,-0.368301,0.012353,14.503500,0
36.480000,-0.046962,0.323886,1.942312,-0.083812,0.376140,-0.368299,0.063941,14.099700,0
36.500000,-0.030582,0.399500,2.142354,-0.084892,0.378940,-0.368296,0.058072,14.682400,0
36.520000,0.013168,0.246784,1.908471,-0.085973,0.381740,-0.368294,0.167458,13.669600,0
36.540000,0.003682,0.317083,2.108800,-0.087053,0.384539,-0.368293,0.113063,14.229700,0
36.560000,-0.042891,0.406663,1.711031,-0.088133,0.387339,-0.368291,0.049196,15.887100,0
36.580000,-0.011807,0.359515,1.784078,-0.089214,0.390138,-0.368290,0.083244,15.077400,0
36.600000,-0.040826,0.435896,1.882951,-0.090294,0.392937,-0.368290,0.065518,15.555500,0
36.620000,-0.014279,0.311846,1.867636,-0.091374,0.395737,-0.368289,0.113935,15.513800,0
36.640000,-0.036679,0.390960,1.814454,-0.092454,0.398536,-0.368289,0.056287,15.634600,0
36.660000,-0.008822,0.394896,2.055138,-0.093534,0.401335,-0.368289,0.084956,16.193300,0
36.680000,0.031686,0.244679,1.935089,-0.094614,0.404134,-0.368288,0.203415,16.072100,0
36.700000,-0.004407,0.368606,1.953963,-0.095694,0.406933,-0.368288,0.099006,15.234400,0
36.720000,-0.034952,0.322463,1.958265,-0.096774,0.409732,-0.368288,0.106948,13.606900,0
36.740000,-0.014961,0.371162,2.032836,-0.097854,0.412531,-0.368288,0.092642,15.312200,0
36.760000,-0.019360,0.421288,2.006386,-0.098934,0.415329,-0.368288,0.079797,16.043600,0
36.780000,-0.039244,0.342189,2.091851,-0.100014,0.418128,-0.368288,0.097261,15.710400,0
36.800000,0.034382,0.280355,1.778366,-0.100204,0.418620,-0.383358,0.192952,16.134700,0
36.820000,0.000005,0.377790,1.983541,-0.100239,0.418704,-0.402419,0.108272,16.110700,0
36.840000,-0.031426,0.387345,1.836476,-0.100238,0.418701,-0.420412,0.075619,17.617300,0
36.860000,-0.002404,0.344148,1.843548,-0.100238,0.418697,-0.438410,0.123000,16.584000,0
36.880000,-0.011702,0.277369,2.025952,-0.100238,0.418693,-0.456413,0.166766,18.377300,0
36.900000,-0.049411,0.451618,2.141373,-0.100238,0.418689,-0.474419,0.060562,15.803900,0
36.920000,0.074669,0.397292,2.001808,-0.100239,0.418685,-0.492427,0.176211,15.836700,0
36.940000,0.046666,0.309360,1.922961,-0.100239,0.418682,-0.510436,0.183118,13.777500,0
36.960000,0.002343,0.379230,2.224244,-0.100240,0.418678,-0.528444,0.109906,12.819000,0
36.980000,-0.039576,0.433776,2.051862,-0.101611,0.421025,-0.531664,0.063332,15.489300,0
37.000000,-0.038011,0.405960,2.174909,-0.103134,0.423613,-0.531663,0.067473,14.867300,0
37.020000,0.052251,0.348607,2.158401,-0.104657,0.426201,-0.531659,0.175045,13.156200,0
37.040000,0.070728,0.350175,1.861035,-0.106180,0.428789,-0.531655,0.193589,13.791200,0
37.060000,-0.030953,0.424494,2.072506,-0.107702,0.431377,-0.531651,0.077057,14.659300,0
37.080000,-0.073230,0.398871,2.302025,-0.109223,0.433964,-0.531648,0.050269,15.397100,0
37.100000,-0.023667,0.386778,2.212501,-0.110745,0.436551,-0.531646,0.100299,14.292700,0
37.120000,0.023376,0.323543,2.037648,-0.112266,0.439138,-0.531644,0.178216,15.143400,0
37.140000,-0.008271,0.318608,2.007864,-0.113787,0.441725,-0.531642,0.162146,14.787200,0
37.160000,-0.027474,0.381996,1.940395,-0.115308,0.444311,-0.531641,0.107694,14.788400,0
37.180000,0.016282,0.302216,2.060356,-0.116829,0.446898,-0.531640,0.196600,14.924000,0
37.200000,0.112431,0.212277,1.640750,-0.118350,0.449484,-0.531639,0.330949,15.193500,0
37.220000,0.038956,0.245820,1.725724,-0.119871,0.452070,-0.531639,0.260317,14.965200,0
37.240000,-0.082941,0.495851,2.172756,-0.121392,0.454656,-0.531638,0.056352,14.688300,0
37.260000,-0.091990,0.482508,2.341350,-0.121602,0.455014,-0.548277,0.040408,14.811100,0
37.280000,0.074432,0.323689,2.152409,-0.121628,0.455053,-0.566841,0.236000,14.401300,0
37.300000,-0.022743,0.413990,2.216809,-0.121627,0.455050,-0.584828,0.107070,14.461300,0
37.320000,-0.105739,0.495075,2.298190,-0.121626,0.455047,-0.602821,0.043066,15.485100,0
37.340000,-0.029837,0.390764,2.174059,-0.121625,0.455043,-0.620818,0.112057,14.330300,0
37.360000,-0.059733,0.390677,2.120501,-0.121625,0.455040,-0.638818,0.089292,13.606900,0
37.380000,-0.037830,0.366538,2.062244,-0.121625,0.455037,-0.656819,0.121875,13.742400,0
37.400000,-0.077257,0.384515,2.361809,-0.121626,0.455034,-0.674820,0.083316,14.127000,0
37.420000,-0.007843,0.445680,2.310000,-0.121626,0.455031,-0.692822,0.114167,14.007000,0
37.440000,-0.049100,0.407723,2.411934,-0.121626,0.455028,-0.710823,0.086590,17.259800,0
37.460000,0.019547,0.275521,2.252668,-0.121627,0.455026,-0.728823,0.228369,16.489600,0
37.480000,0.043258,0.320619,2.281538,-0.121627,0.455023,-0.746822,0.212724,17.985900,0
37.500000,-0.005869,0.368167,2.462317,-0.121628,0.455020,-0.764820,0.144719,16.681500,0
37.520000,-0.011677,0.367785,2.281519,-0.121629,0.455018,-0.782817,0.140353,15.782600,0
37.540000,0.035367,0.384145,2.155667,-0.121630,0.455016,-0.800813,0.172252,15.395100,0
37.560000,-0.086872,0.462822,2.507400,-0.121630,0.455013,-0.818809,0.035624,17.461700,0
37.580000,0.031684,0.382467,2.328519,-0.121631,0.455011,-0.836803,0.169612,15.484100,0
37.600000,-0.021457,0.435971,2.542406,-0.121632,0.455009,-0.854796,0.101968,15.388600,0
37.620000,-0.039741,0.420384,2.314150,-0.121632,0.455007,-0.872789,0.088910,16.155800,0
37.640000,0.079249,0.405924,2.338358,-0.121633,0.455005,-0.890781,0.206791,15.287200,0
37.660000,-0.026931,0.431184,2.401692,-0.121634,0.455003,-0.908772,0.097653,16.402300,0
37.680000,-0.010837,0.375292,2.362402,-0.123713,0.456821,-0.909301,0.139241,17.075700,0
37.700000,-0.028221,0.417070,2.485835,-0.126084,0.458666,-0.909293,0.106336,17.059200,0
37.720000,-0.064491,0.414735,2.535261,-0.128454,0.460512,-0.909283,0.078656,13.830200,0
37.740000,0.038347,0.424190,2.227090,-0.130823,0.462357,-0.909275,0.173422,14.788000,0
37.760000,-0.008467,0.433947,2.560184,-0.133191,0.464201,-0.909269,0.128340,14.582100,0
37.780000,-0.039679,0.438740,2.543939,-0.135560,0.466046,-0.909265,0.099694,14.009800,0
37.800000,-0.047197,0.445389,2.344905,-0.137928,0.467890,-0.909262,0.093480,13.215600,0
37.820000,-0.049473,0.452649,2.513279,-0.140296,0.469734,-0.909260,0.092416,13.937600,0
37.840000,0.003679,0.463600,2.287370,-0.142663,0.471578,-0.909258,0.146560,14.172100,0
37.860000,-0.050413,0.433040,2.282406,-0.145031,0.473422,-0.909257,0.102875,14.085000,0
37.880000,0.003232,0.369132,2.527742,-0.147398,0.475265,-0.909256,0.184265,14.943100,0
37.900000,-0.101467,0.454054,2.659010,-0.149766,0.477109,-0.909255,0.053519,14.306700,0
37.920000,-0.020896,0.434026,2.415446,-0.152133,0.478952,-0.909255,0.138713,14.475800,0
37.940000,-0.093640,0.434006,2.571476,-0.154500,0.480795,-0.909254,0.076767,14.325900,0
37.960000,0.003253,0.337900,2.384527,-0.156867,0.482639,-0.909254,0.215842,14.639300,0
37.980000,-0.112395,0.461122,2.607389,-0.159235,0.484482,-0.909253,0.052342,14.274200,0
38.000000,0.003264,0.413028,2.710597,-0.161602,0.486325,-0.909253,0.180425,14.302400,0
38.020000,-0.008230,0.462118,2.306864,-0.163969,0.488168,-0.909253,0.157903,14.937900,0
38.040000,-0.099931,0.466978,2.547054,-0.166336,0.490011,-0.909253,0.070286,15.660300,0
38.060000,-0.068677,0.443499,2.510380,-0.168703,0.491855,-0.909253,0.111101,14.111100,0
38.080000,-0.079687,0.407024,2.410345,-0.171071,0.493698,-0.909253,0.125951,13.208800,0
38.100000,0.046641,0.372249,2.540956,-0.173438,0.495541,-0.909252,0.252261,14.718600,0
38.120000,-0.021370,0.402456,2.510199,-0.175805,0.497384,-0.909252,0.181278,14.870900,0
38.140000,-0.023760,0.429649,2.514864,-0.178172,0.499227,-0.909252,0.169364,15.220500,0
38.160000,-0.043407,0.437914,2.550840,-0.180539,0.501070,-0.909252,0.150977,14.706800,0
38.180000,-0.029800,0.425647,2.574515,-0.182906,0.502913,-0.909252,0.171498,14.167700,0
38.200000,-0.052460,0.446091,2.414298,-0.185273,0.504756,-0.909252,0.145193,14.113300,0
38.220000,-0.138495,0.498055,2.658523,-0.187641,0.506599,-0.909252,0.049883,13.788500,0
38.240000,0.033974,0.475358,2.606122,-0.190008,0.508442,-0.909252,0.226412,14.066300,0
38.260000,-0.063032,0.443832,2.212469,-0.192375,0.510285,-0.909252,0.145415,13.227400,0
38.280000,-0.125550,0.502377,2.485154,-0.194742,0.512128,-0.909252,0.069876,14.033900,0
38.300000,-0.139338,0.540987,2.263264,-0.197109,0.513971,-0.909252,0.063776,13.271700,0
38.320000,-0.093782,0.410236,2.464683,-0.199476,0.515814,-0.909252,0.149392,14.381000,0
38.340000,-0.056872,0.426900,2.684122,-0.199772,0.515977,-0.926467,0.168390,13.819500,0
38.360000,-0.053706,0.466127,2.580886,-0.199769,0.515974,-0.944452,0.154335,14.329800,0
38.380000,-0.052405,0.463196,2.588594,-0.199767,0.515971,-0.962441,0.156527,14.036000,0
38.400000,-0.131490,0.496425,2.592691,-0.199765,0.515968,-0.980433,0.071017,14.095600,0
38.420000,-0.057318,0.473857,2.686947,-0.199763,0.515965,-0.998427,0.148539,13.539200,0
38.440000,-0.128312,0.440143,2.539658,-0.199763,0.515962,-1.016423,0.104181,14.578200,0
38.460000,-0.041990,0.440433,2.806258,-0.199762,0.515959,-1.034418,0.174918,15.372500,0
38.480000,-0.165409,0.518819,2.568067,-0.199762,0.515956,-1.052414,0.034472,15.095900,0
38.500000,0.016116,0.425066,2.219801,-0.201899,0.517440,-1.052511,0.236777,15.572100,0
38.520000,-0.065700,0.477471,2.275441,-0.204508,0.518928,-1.052504,0.144867,15.722300,0
38.540000,0.037627,0.393709,2.144283,-0.207117,0.520416,-1.052498,0.275598,16.904600,0
38.560000,-0.043854,0.475067,2.651230,-0.209724,0.521904,-1.052493,0.172356,15.293500,0
38.580000,-0.078084,0.504548,2.621982,-0.212332,0.523391,-1.052490,0.135564,16.892500,0
38.600000,-0.072900,0.462408,2.571105,-0.214939,0.524879,-1.052487,0.155170,15.672100,0
38.620000,-0.114766,0.481428,2.755172,-0.217546,0.526366,-1.052485,0.112174,15.790900,0
38.640000,-0.164426,0.467142,2.658571,-0.220153,0.527853,-1.052484,0.082410,15.048300,0
38.660000,-0.158149,0.493958,2.921852,-0.220533,0.527887,-1.069616,0.071014,15.951300,0
38.680000,-0.122757,0.479164,2.659350,-0.220531,0.527885,-1.087605,0.109241,16.105000,0
38.700000,-0.050188,0.486469,2.500525,-0.220528,0.527882,-1.105593,0.175302,17.915300,0
38.720000,-0.118843,0.516033,2.606711,-0.220526,0.527880,-1.123583,0.102370,15.398800,0
38.740000,0.033637,0.424533,2.543597,-0.220524,0.527878,-1.141575,0.274368,15.245400,0
38.760000,-0.038335,0.459535,2.554605,-0.220523,0.527875,-1.159568,0.194584,15.304200,0
38.780000,-0.034642,0.449597,2.906223,-0.220522,0.527873,-1.177561,0.201689,17.655800,0
38.800000,-0.117280,0.485381,2.828454,-0.220522,0.527871,-1.195553,0.111644,16.494000,0
38.820000,-0.141407,0.527807,2.831495,-0.220521,0.527868,-1.213545,0.079114,14.707400,0
38.840000,-0.085216,0.513191,2.787412,-0.220521,0.527866,-1.231537,0.136099,15.640100,0
38.860000,-0.176215,0.526675,2.597507,-0.220521,0.527864,-1.249527,0.044322,16.187900,0
38.880000,-0.095362,0.495287,2.720898,-0.220521,0.527862,-1.267517,0.129329,17.603600,0
38.900000,-0.137245,0.496561,2.750354,-0.220521,0.527860,-1.285506,0.088963,17.758100,0
38.920000,0.004860,0.469839,2.883242,-0.220521,0.527858,-1.303495,0.232728,17.160900,0
38.940000,-0.216621,0.493098,2.842466,-0.220521,0.527856,-1.321482,0.034976,16.187900,0
38.960000,-0.063615,0.481215,3.007757,-0.220521,0.527854,-1.339469,0.163691,15.546700,0
38.980000,-0.266794,0.515012,-3.099453,-0.220521,0.527852,-1.357456,0.048021,15.087000,0
39.000000,0.029221,0.479875,2.948141,-0.222859,0.528384,-1.364329,0.256705,15.793300,0
39.020000,0.046945,0.484331,2.598888,-0.225799,0.528998,-1.364326,0.276378,16.893600,0
39.040000,-0.169064,0.537308,3.072324,-0.228739,0.529613,-1.364314,0.060169,17.700600,0
39.060000,-0.016376,0.547273,2.826388,-0.231679,0.530228,-1.364305,0.215976,17.396800,0
39.080000,-0.119907,0.489723,3.036416,-0.234617,0.530843,-1.364299,0.121857,14.330700,0
39.100000,0.044671,0.456653,2.824057,-0.237555,0.531459,-1.364294,0.291972,15.554500,0
39.120000,-0.056713,0.509953,2.977196,-0.240493,0.532074,-1.364292,0.185107,14.187900,0
39.140000,0.024620,0.504878,2.888312,-0.243431,0.532690,-1.364290,0.269490,16.688900,0
39.160000,-0.106191,0.472664,-3.104134,-0.246368,0.533305,-1.364289,0.152732,16.172400,0
39.180000,0.030834,0.516805,2.736669,-0.249305,0.533920,-1.364288,0.280662,16.267900,0
39.200000,-0.083451,0.512354,2.643136,-0.252242,0.534536,-1.364287,0.170243,13.791600,0
39.220000,0.166217,0.451441,2.659663,-0.255179,0.535151,-1.364286,0.429630,16.835900,0
39.240000,-0.025628,0.556363,2.952584,-0.258115,0.535767,-1.364285,0.233397,16.341700,0
39.260000,-0.215772,0.521989,-3.022343,-0.261052,0.536382,-1.364285,0.047513,16.126900,0
39.280000,-0.264626,0.500943,3.061649,-0.263988,0.536997,-1.364284,0.036059,15.777300,0
39.300000,-0.260197,0.503045,2.819017,-0.266925,0.537613,-1.364284,0.035216,16.543100,0
39.320000,-0.317842,0.544736,-3.089043,-0.269861,0.538228,-1.364283,0.048421,15.466600,0
39.340000,-0.241979,0.518942,2.985582,-0.272797,0.538843,-1.364283,0.036686,15.188800,0
39.360000,-0.102923,0.525845,2.977099,-0.275734,0.539458,-1.364283,0.173346,16.250700,0
39.380000,-0.267221,0.515770,3.018801,-0.278670,0.540074,-1.364283,0.026866,14.453700,0
39.400000,-0.102449,0.508468,3.045702,-0.281606,0.540689,-1.364283,0.182031,15.087300,0
39.420000,-0.302844,0.540728,2.972564,-0.284543,0.541304,-1.364283,0.018310,18.207000,0
39.440000,-0.144074,0.499869,3.114409,-0.287479,0.541919,-1.364283,0.149444,15.771300,0
39.460000,-0.215478,0.522735,2.996432,-0.290415,0.542534,-1.364283,0.077508,15.573300,0
39.480000,-0.219959,0.540596,2.733005,-0.293351,0.543150,-1.364283,0.073437,15.818000,0
39.500000,-0.090993,0.500143,2.853799,-0.296288,0.543765,-1.364283,0.209879,14.959600,0
39.520000,-0.272577,0.528972,2.897676,-0.299224,0.544380,-1.364283,0.030781,15.618100,0
39.540000,-0.076398,0.487628,2.772371,-0.302160,0.544995,-1.364282,0.232937,17.547700,0
39.560000,-0.227247,0.515878,2.906281,-0.305097,0.545610,-1.364282,0.083334,13.756300,0
39.580000,-0.318837,0.531514,2.876370,-0.308033,0.546225,-1.364282,0.018252,15.646100,0
39.600000,-0.142040,0.503109,2.985406,-0.310969,0.546840,-1.364282,0.174497,14.795800,0
39.620000,-0.166729,0.525432,3.124169,-0.313905,0.547456,-1.364282,0.148815,18.633300,0
39.640000,-0.148648,0.529531,2.945973,-0.316842,0.548071,-1.364282,0.169213,15.683400,0
39.660000,-0.290047,0.537284,2.921103,-0.319778,0.548686,-1.364282,0.031843,14.617400,0
39.680000,-0.263645,0.537693,2.925625,-0.322714,0.549301,-1.364282,0.060198,16.275200,0
39.700000,-0.189403,0.545122,-3.042129,-0.325650,0.549916,-1.364282,0.136331,15.047600,0
39.720000,-0.172197,0.514542,2.826388,-0.328587,0.550531,-1.364282,0.160477,15.823400,0
39.740000,-0.313371,0.554651,2.909504,-0.331523,0.551147,-1.364282,0.018487,15.285200,0
39.760000,-0.225965,0.474126,3.114178,-0.334459,0.551762,-1.364282,0.133411,16.581000,0
39.780000,-0.212182,0.524097,2.765112,-0.337395,0.552377,-1.364282,0.128367,16.085400,0
39.800000,-0.258138,0.537147,2.939319,-0.340332,0.552992,-1.364282,0.083708,16.095500,0
39.820000,-0.074903,0.487857,2.871325,-0.343268,0.553607,-1.364282,0.276302,16.433300,0
39.840000,-0.182284,0.532479,2.690751,-0.346204,0.554222,-1.364282,0.165356,16.175000,0
39.860000,-0.214178,0.536010,2.951161,-0.349140,0.554837,-1.364282,0.136269,16.055900,0
39.880000,-0.163581,0.529711,2.968834,-0.349773,0.554919,-1.377692,0.187891,16.990600,0
39.900000,0.000013,0.557370,2.936701,-0.349941,0.554882,-1.397663,0.349963,13.577900,0
39.920000,-0.279885,0.541297,2.979081,-0.349937,0.554881,-1.415651,0.071357,13.631200,0
39.940000,-0.446713,0.567222,3.124828,-0.349935,0.554879,-1.433640,0.097562,13.698600,0
39.960000,-0.144920,0.535596,3.036462,-0.349932,0.554877,-1.451631,0.205917,14.649900,0
39.980000,-0.226586,0.533301,3.096803,-0.349931,0.554875,-1.469621,0.125217,14.087500,0
40.000000,-0.341475,0.530287,2.980599,-0.352175,0.555167,-1.478018,0.027083,16.121500,0
40.020000,-0.036724,0.494950,2.986924,-0.355165,0.555443,-1.478016,0.324136,14.193700,0
40.040000,-0.249665,0.516117,2.850726,-0.358155,0.555720,-1.478010,0.115493,14.053300,0
40.060000,-0.263967,0.526859,-3.115089,-0.361144,0.555996,-1.478007,0.101451,15.642100,0
40.080000,-0.102499,0.551209,3.081969,-0.364133,0.556274,-1.478004,0.261683,15.708700,0
40.100000,0.044150,0.516496,2.723286,-0.367122,0.556551,-1.478002,0.413218,16.204500,0
40.120000,-0.207328,0.516144,3.041865,-0.370110,0.556829,-1.478000,0.167789,15.393100,0
40.140000,-0.237611,0.518043,3.096122,-0.373098,0.557106,-1.477999,0.141006,14.829100,0
40.160000,-0.178261,0.536302,2.752105,-0.376086,0.557384,-1.477997,0.198946,15.578800,0
40.180000,-0.258261,0.529181,2.946139,-0.379074,0.557662,-1.477996,0.124125,15.871200,0
40.200000,-0.160441,0.555832,3.029033,-0.382061,0.557940,-1.477996,0.221630,16.355000,0
40.220000,-0.322985,0.521379,2.888548,-0.382845,0.557885,-1.489429,0.070114,16.941100,0
40.240000,-0.207741,0.545813,2.961660,-0.383019,0.557869,-1.509429,0.175692,17.492700,0
40.260000,-0.320503,0.541564,2.906313,-0.383017,0.557868,-1.527441,0.064605,16.119700,0
40.280000,-0.176991,0.518200,3.019142,-0.383014,0.557867,-1.545429,0.209807,15.748000,0
40.300000,-0.290602,0.533015,3.107068,-0.383012,0.557866,-1.563417,0.095693,16.677200,0
40.320000,-0.174669,0.560169,2.983555,-0.383010,0.557864,-1.581407,0.208354,14.955500,0
40.340000,-0.231245,0.557094,3.136695,-0.383008,0.557863,-1.599396,0.151765,15.893100,0
40.360000,-0.250397,0.551354,2.926903,-0.383007,0.557862,-1.617384,0.132770,15.326400,0
40.380000,-0.418643,0.549884,-3.049754,-0.383006,0.557860,-1.635373,0.036519,15.362800,0
40.400000,-0.288339,0.545585,-2.893795,-0.383005,0.557859,-1.653360,0.095458,15.149200,0
40.420000,-0.167132,0.583526,3.082657,-0.383004,0.557857,-1.671347,0.217393,15.810700,0
40.440000,-0.453471,0.546822,-3.008139,-0.383004,0.557856,-1.689334,0.071325,16.446100,0
40.460000,-0.107418,0.551019,-3.076998,-0.382998,0.557855,-1.707377,0.275665,16.518100,0
40.480000,-0.364029,0.547784,-2.703389,-0.382992,0.557853,-1.725426,0.021471,15.670700,0
40.500000,-0.424986,0.506011,-2.948740,-0.382986,0.557852,-1.743473,0.066720,16.218500,0
40.520000,-0.381682,0.535371,-2.883705,-0.382980,0.557851,-1.761516,0.022517,13.805700,0
40.540000,-0.339655,0.543804,-2.710311,-0.382975,0.557850,-1.779554,0.045540,14.066700,0
40.560000,-0.134220,0.530532,-3.088930,-0.382970,0.557849,-1.797588,0.250246,14.310000,0
40.580000,-0.275739,0.511107,-2.736946,-0.382965,0.557847,-1.815618,0.116970,16.510200,0
40.600000,-0.231340,0.547458,-3.068115,-0.382961,0.557846,-1.833644,0.151976,16.769700,0
40.620000,-0.337090,0.541992,-2.931369,-0.382957,0.557845,-1.851667,0.048529,13.618700,0
40.640000,-0.361472,0.527766,-2.901143,-0.382953,0.557844,-1.869687,0.036961,13.237600,0
40.660000,-0.265807,0.541070,-2.942643,-0.382950,0.557843,-1.887704,0.118338,14.777200,0
40.680000,-0.254889,0.540371,-2.649409,-0.382946,0.557841,-1.905718,0.129243,14.947300,0
40.700000,-0.288301,0.562471,-2.726870,-0.382943,0.557840,-1.923731,0.094755,14.607700,0
40.720000,-0.265841,0.505092,-2.904041,-0.382940,0.557839,-1.941741,0.128431,14.426100,0
40.740000,-0.203484,0.522726,-2.757562,-0.382937,0.557838,-1.959750,0.182856,15.180300,0
40.760000,-0.289272,0.557316,-2.781150,-0.382934,0.557837,-1.977757,0.093663,15.936200,0
40.780000,-0.151290,0.576064,-2.850342,-0.382932,0.557836,-1.995763,0.232358,14.632100,0
40.800000,-0.259447,0.548234,-2.875600,-0.382929,0.557835,-2.013767,0.123854,13.892500,0
40.820000,-0.394212,0.489579,-2.013922,-0.382926,0.557833,-2.031771,0.069180,15.168700,0
40.840000,-0.218060,0.391815,-2.218420,-0.382924,0.557832,-2.049773,0.233970,13.844900,0
40.860000,-0.285827,0.536543,-2.391564,-0.382921,0.557831,-2.067774,0.099400,13.333700,0
40.880000,-0.186251,0.493745,-2.580103,-0.385294,0.556543,-2.071205,0.208715,14.286100,0
40.900000,-0.185032,0.588343,-2.816327,-0.387929,0.555102,-2.071202,0.205602,14.593700,0
40.920000,-0.323012,0.531504,-2.266884,-0.390564,0.553660,-2.071195,0.071093,14.398300,0
40.940000,-0.198142,0.521204,-2.746337,-0.393199,0.552220,-2.071186,0.197508,14.549500,0
40.960000,-0.158245,0.617362,-2.949233,-0.395833,0.550779,-2.071180,0.246741,14.422300,0
40.980000,-0.278209,0.559704,-2.660027,-0.398467,0.549339,-2.071174,0.120704,14.698500,0
41.000000,-0.228258,0.549214,-2.662006,-0.401100,0.547900,-2.071170,0.172847,15.476900,0
41.020000,-0.204119,0.598137,-2.815509,-0.403734,0.546460,-2.071166,0.206196,14.191400,0
41.040000,-0.241324,0.553537,-2.738930,-0.406367,0.545021,-2.071164,0.165263,14.515100,0
41.060000,-0.167685,0.551924,-2.697400,-0.406747,0.544813,-2.087558,0.239168,14.300700,0
41.080000,-0.277704,0.470361,-2.549702,-0.406799,0.544782,-2.106274,0.149011,14.038700,0
41.100000,-0.209268,0.620916,-2.847536,-0.406796,0.544783,-2.124261,0.211692,13.910300,0
41.120000,-0.176426,0.566456,-2.612557,-0.406793,0.544784,-2.142252,0.231384,14.747200,0
41.140000,-0.244559,0.537198,-2.598302,-0.406790,0.544784,-2.160248,0.162408,15.767500,0
41.160000,-0.198594,0.576375,-2.471560,-0.406787,0.544785,-2.178247,0.210576,15.598400,0
41.180000,-0.240723,0.577253,-2.845898,-0.406784,0.544784,-2.196248,0.169205,14.679400,0
41.200000,-0.295562,0.541022,-2.475184,-0.406781,0.544784,-2.214249,0.111283,15.034900,0
41.220000,-0.363253,0.506273,-2.397545,-0.406778,0.544784,-2.232250,0.058116,14.908200,0
41.240000,-0.307529,0.499972,-2.459965,-0.406775,0.544783,-2.250251,0.108893,14.626500,0
41.260000,-0.273411,0.509653,-2.395796,-0.406772,0.544783,-2.268251,0.137910,14.928900,0
41.280000,-0.337060,0.465328,-2.214415,-0.406770,0.544782,-2.286250,0.105700,14.552300,0
41.300000,-0.364736,0.506402,-2.339741,-0.406767,0.544782,-2.304248,0.056918,16.064300,0
41.320000,-0.308644,0.528799,-2.362500,-0.406765,0.544781,-2.322246,0.099414,17.670500,0
41.340000,-0.226974,0.577168,-2.668013,-0.406763,0.544780,-2.340242,0.182683,16.063900,0
41.360000,-0.281556,0.561081,-2.393978,-0.406760,0.544780,-2.358237,0.126261,14.469800,0
41.380000,-0.271547,0.561234,-2.291138,-0.406758,0.544779,-2.376232,0.136209,14.863000,0
41.400000,-0.443677,0.425486,-2.114131,-0.406756,0.544778,-2.394226,0.124875,17.688300,0
41.420000,-0.286657,0.569151,-2.277705,-0.406754,0.544777,-2.412219,0.122545,19.784400,0
41.440000,-0.295653,0.516285,-2.199548,-0.406752,0.544777,-2.430211,0.114695,16.422700,0
41.460000,-0.307285,0.568902,-2.175683,-0.406750,0.544776,-2.448203,0.102349,14.056300,0
41.480000,-0.239927,0.557932,-2.457490,-0.408590,0.542693,-2.449613,0.169350,14.404900,0
41.500000,-0.237538,0.522603,-2.115903,-0.410507,0.540379,-2.449606,0.173880,15.641900,0
41.520000,-0.276906,0.620550,-2.506570,-0.412423,0.538067,-2.449596,0.158645,15.129400,0
41.540000,-0.337332,0.556029,-2.278986,-0.414339,0.535755,-2.449588,0.079631,16.043500,0
41.560000,-0.211671,0.573558,-2.396013,-0.416255,0.533443,-2.449582,0.208480,15.683900,0
41.580000,-0.252271,0.613643,-2.323301,-0.418171,0.531132,-2.449578,0.185286,14.930200,0
41.600000,-0.306787,0.514992,-2.355188,-0.420087,0.528822,-2.449574,0.114141,16.127600,0
41.620000,-0.378977,0.479065,-1.998301,-0.422002,0.526511,-2.449572,0.064049,16.163200,0
41.640000,-0.326254,0.596467,-2.404652,-0.423917,0.524201,-2.449570,0.121492,16.296300,0
41.660000,-0.216296,0.563489,-2.304829,-0.425832,0.521891,-2.449569,0.213626,15.475500,0
41.680000,-0.344199,0.516443,-2.206074,-0.427747,0.519580,-2.449568,0.083607,14.282800,0
41.700000,-0.295474,0.549563,-2.380600,-0.429662,0.517270,-2.449568,0.138019,14.585000,0
41.720000,-0.303532,0.516763,-2.247842,-0.431576,0.514960,-2.449567,0.128056,15.137400,0
41.740000,-0.330151,0.532995,-2.412544,-0.433491,0.512650,-2.449566,0.105324,14.780300,0
41.760000,-0.282773,0.551333,-2.133550,-0.435406,0.510340,-2.449566,0.158042,14.377900,0
41.780000,-0.329266,0.531781,-2.305913,-0.437320,0.508030,-2.449566,0.110634,15.364500,0
41.800000,-0.336765,0.440313,-2.478580,-0.439235,0.505720,-2.449565,0.121565,14.955800,0
41.820000,-0.317585,0.499799,-2.010137,-0.441149,0.503410,-2.449565,0.123617,14.828600,0
41.840000,-0.323553,0.411301,-2.096174,-0.443063,0.501101,-2.449565,0.149488,15.007200,0
41.860000,-0.372525,0.466178,-2.264053,-0.444978,0.498791,-2.449565,0.079455,12.832300,0
41.880000,-0.351633,0.471882,-2.377133,-0.446892,0.496481,-2.449565,0.098384,12.871600,0
41.900000,-0.449044,0.434834,-2.206683,-0.448807,0.494171,-2.449565,0.059337,12.553100,0
41.920000,-0.300075,0.502939,-2.468557,-0.450721,0.491861,-2.449565,0.151053,13.771200,0
41.940000,-0.374236,0.454495,-2.310433,-0.452635,0.489551,-2.449565,0.085880,13.435000,0
41.960000,-0.374361,0.495211,-2.404420,-0.454550,0.487241,-2.449565,0.080584,13.824800,0
41.980000,-0.370000,0.508257,-2.164403,-0.456464,0.484931,-2.449565,0.089555,14.229400,0
42.000000,-0.388175,0.470879,-2.167276,-0.458378,0.482622,-2.449565,0.071178,14.591800,0
42.020000,-0.291320,0.496703,-2.332034,-0.460292,0.480312,-2.449565,0.169765,14.371400,0
42.040000,-0.351450,0.442864,-2.038538,-0.462207,0.478002,-2.449564,0.116198,14.468100,0
42.060000,-0.348961,0.482529,-2.272689,-0.464121,0.475692,-2.449564,0.115363,15.007400,0
42.080000,-0.355949,0.425601,-1.794532,-0.466035,0.473382,-2.449564,0.120008,15.910600,0
42.100000,-0.479031,-0.205620,-2.008077,-0.467950,0.471072,-2.449564,0.676783,14.777100,0
42.120000,-0.334598,0.003324,-1.805461,-0.469864,0.468762,-2.449564,0.484695,13.915900,0
42.140000,-0.395972,-0.170750,-1.119704,-0.471778,0.466452,-2.449564,0.641696,13.505000,0
42.160000,-0.448143,-0.011449,-0.778877,-0.473693,0.464143,-2.449564,0.476278,13.272900,0
42.180000,-0.552887,-0.347634,-0.633942,-0.475607,0.461833,-2.449564,0.813147,12.750800,0
42.200000,-0.408401,-0.496859,-0.562621,-0.477521,0.459523,-2.449564,0.958877,13.557500,0
42.220000,-0.293802,-0.545603,-0.502176,-0.479436,0.457213,-2.449564,1.019853,14.031300,0
42.240000,-0.357799,-0.495734,-0.513900,-0.481350,0.454903,-2.449564,0.958632,13.900700,0
42.260000,-0.206467,-0.521511,-0.584057,-0.483264,0.452593,-2.449564,1.012667,14.401700,0
42.280000,-0.361461,-0.474675,-0.671950,-0.485178,0.450283,-2.449564,0.933195,14.441700,0
42.300000,-0.409109,-0.403374,-0.820890,-0.487093,0.447974,-2.449564,0.854913,14.091700,0
42.320000,-0.411462,-0.455470,-0.929146,-0.489007,0.445664,-2.449564,0.904464,13.464500,0
42.340000,-0.489051,-0.325943,-0.872265,-0.490921,0.443354,-2.449564,0.769300,14.190700,0
42.360000,-0.361993,-0.543319,-0.972028,-0.492836,0.441044,-2.449564,0.993021,14.007200,0
42.380000,-0.397026,-0.497308,-0.489424,-0.494750,0.438734,-2.449564,0.941129,13.933600,0
42.400000,-0.446600,-0.459406,-0.719268,-0.496664,0.436424,-2.449564,0.897228,13.442200,0
42.420000,-0.330092,-0.540917,-0.420889,-0.498579,0.434114,-2.449564,0.989481,12.958500,0
42.440000,-0.402514,-0.451132,-0.882409,-0.500493,0.431805,-2.449564,0.888357,14.420400,0
42.460000,-0.260931,-0.475012,-0.437330,-0.502407,0.429495,-2.449564,0.936186,14.164000,0
42.480000,-0.333195,-0.476149,-0.640541,-0.504321,0.427185,-2.449564,0.919400,13.786800,0
42.500000,-0.350386,-0.486288,-0.534632,-0.506236,0.424875,-2.449564,0.924396,13.500500,0
42.520000,-0.401812,-0.468765,-0.808286,-0.508150,0.422565,-2.449564,0.897651,14.351400,0
42.540000,-0.391773,-0.485123,-0.607313,-0.510064,0.420255,-2.449564,0.913073,14.027900,0
42.560000,-0.404819,-0.352380,-1.038058,-0.511979,0.417945,-2.449564,0.777742,14.191500,0
42.580000,-0.370792,-0.550254,-0.884912,-0.513893,0.415636,-2.449564,0.976433,14.182900,0
42.600000,-0.364333,-0.522561,-0.741863,-0.515807,0.413326,-2.449564,0.948066,14.392600,0
42.620000,-0.357354,-0.449958,-0.861480,-0.517722,0.411016,-2.449564,0.875782,14.663200,0
42.640000,-0.363345,-0.486246,-0.501802,-0.519636,0.408706,-2.449564,0.908497,14.033200,0
42.660000,-0.298807,-0.518130,-0.792630,-0.521550,0.406396,-2.449564,0.950980,14.279300,0
42.680000,-0.420311,-0.423178,-0.893025,-0.523464,0.404086,-2.449564,0.833670,15.349900,0
42.700000,-0.345237,-0.529693,-0.856287,-0.525379,0.401776,-2.449564,0.948729,13.145600,0
42.720000,-0.236156,-0.662825,-0.703607,-0.527293,0.399467,-2.449564,1.101464,13.815000,0
42.740000,-0.334743,-0.507299,-0.648929,-0.527519,0.399191,-2.467016,0.926761,12.507300,0
42.760000,-0.274144,-0.549625,-0.787804,-0.527532,0.399174,-2.485294,0.982052,13.099600,0
42.780000,-0.126559,-0.627620,-0.610159,-0.527529,0.399176,-2.503285,1.102310,13.695800,0
42.800000,-0.318731,-0.498218,-0.541851,-0.527526,0.399178,-2.521278,0.921366,13.666000,0
42.820000,-0.410578,-0.441810,-0.906209,-0.527523,0.399179,-2.539274,0.849081,13.786800,0
42.840000,-0.297321,-0.596443,-0.443082,-0.527520,0.399180,-2.557270,1.021889,15.306400,0
42.860000,-0.337163,-0.520014,-0.411531,-0.529171,0.397075,-2.557388,0.936974,12.738400,0
42.880000,-0.408618,-0.497469,-0.664066,-0.530827,0.394570,-2.557382,0.900371,12.835900,0
42.900000,-0.389251,-0.464307,-0.614941,-0.532484,0.392065,-2.557378,0.868268,13.490000,0
42.920000,-0.332113,-0.503055,-0.488542,-0.534140,0.389561,-2.557374,0.915193,14.192300,0
42.940000,-0.246769,-0.572286,-0.305675,-0.535795,0.387057,-2.557372,1.001936,13.446000,0
42.960000,-0.131779,-0.540550,-0.397764,-0.537451,0.384554,-2.557370,1.010142,14.433500,0
42.980000,-0.306649,-0.477400,-0.675656,-0.539106,0.382050,-2.557369,0.890332,14.090400,0
43.000000,-0.333908,-0.514340,-0.633388,-0.540762,0.379547,-2.557368,0.917509,13.030900,0
43.020000,-0.353172,-0.472633,-0.315855,-0.542417,0.377045,-2.557367,0.870498,13.880200,0
43.040000,-0.343236,-0.493054,-0.434406,-0.544072,0.374542,-2.557366,0.890538,14.464400,0
43.060000,-0.289863,-0.531356,-0.700749,-0.545727,0.372039,-2.557366,0.938930,14.158200,0
43.080000,-0.211976,-0.541002,-0.532715,-0.547382,0.369536,-2.557365,0.970348,15.022600,0
43.100000,-0.324329,-0.440091,-0.722488,-0.549037,0.367034,-2.557365,0.837821,14.971900,0
43.120000,-0.381375,-0.492220,-0.746603,-0.550692,0.364531,-2.557365,0.873321,15.045500,0
43.140000,-0.240576,-0.603328,-0.415411,-0.552347,0.362029,-2.557365,1.014453,14.825800,0
43.160000,-0.325618,-0.530186,-0.578453,-0.554001,0.359526,-2.557365,0.918556,13.394700,0
43.180000,-0.247480,-0.554248,-0.522744,-0.555656,0.357024,-2.557365,0.961972,13.482500,0
43.200000,-0.275921,-0.534247,-0.527241,-0.557311,0.354521,-2.557364,0.932249,13.598600,0
43.220000,-0.153637,-0.578545,-0.282835,-0.558966,0.352019,-2.557364,1.015008,13.033600,0
43.240000,-0.374123,-0.520452,-0.674413,-0.560620,0.349516,-2.557364,0.889733,14.079200,0
43.260000,-0.202984,-0.558975,-0.400530,-0.562275,0.347014,-2.557364,0.974631,14.209300,0
43.280000,-0.298767,-0.532890,-0.532836,-0.563930,0.344511,-2.557364,0.916594,13.837800,0
43.300000,-0.426842,-0.487157,-0.414614,-0.565584,0.342009,-2.557364,0.840694,15.874100,0
43.320000,-0.251956,-0.565288,-0.643476,-0.567239,0.339507,-2.557364,0.958153,13.660100,0
43.340000,-0.349635,-0.483195,-0.720779,-0.568894,0.337004,-2.557364,0.849000,12.978700,0
43.360000,-0.250400,-0.595337,-0.422649,-0.570548,0.334502,-2.557364,0.983410,13.187700,0
43.380000,-0.323395,-0.501102,-0.713712,-0.572203,0.331999,-2.557364,0.869461,13.829900,0
43.400000,-0.158580,-0.520235,-0.296211,-0.573858,0.329497,-2.557364,0.945780,14.418000,0
43.420000,-0.246020,-0.546129,-0.464504,-0.575512,0.326994,-2.557364,0.933225,13.825600,0
43.440000,0.130161,-0.612733,-0.400579,-0.577167,0.324492,-2.557364,1.174182,13.944700,0
43.460000,0.091158,-0.604739,0.178591,-0.578822,0.321990,-2.557364,1.143546,13.836100,0
43.480000,-0.016300,-0.634487,-0.637780,-0.580476,0.319487,-2.557364,1.108314,13.867200,0
43.500000,-0.076086,-0.605737,-0.309910,-0.582131,0.316985,-2.557364,1.052377,14.299100,0
43.520000,-0.318414,-0.532681,-0.874868,-0.583786,0.314482,-2.557364,0.887754,14.442000,0
43.540000,-0.038932,-0.575336,0.045676,-0.585440,0.311980,-2.557364,1.042113,15.004800,0
43.560000,0.097401,-0.515622,-0.476612,-0.587095,0.309478,-2.557364,1.072066,14.234600,0
43.580000,0.014352,-0.547719,-0.292947,-0.588750,0.306975,-2.557364,1.046056,14.295500,0
43.600000,-0.119304,-0.601627,-0.122276,-0.588802,0.306641,-2.574216,1.022438,14.209500,0
43.620000,-0.241197,-0.566150,-0.477781,-0.588799,0.306644,-2.592201,0.939466,12.704300,0
43.640000,-0.291602,-0.524680,-0.646093,-0.588796,0.306647,-2.610190,0.882853,12.236100,0
43.660000,-0.168808,-0.619172,-0.253072,-0.588793,0.306649,-2.628183,1.016628,43.360000,0
43.680000,-0.169590,-0.583453,-0.305471,-0.588790,0.306650,-2.646177,0.983876,28.556700,0
43.700000,-0.278627,-0.582139,-0.533768,-0.588787,0.306651,-2.664172,0.941353,13.580600,0
43.720000,-0.214734,-0.632988,-0.551060,-0.590163,0.304495,-2.664261,1.009862,14.512400,0
43.740000,-0.162547,-0.559793,-0.402396,-0.591543,0.301828,-2.664256,0.962512,12.981000,0
43.760000,-0.331686,-0.514912,-0.250215,-0.592923,0.299161,-2.664252,0.854962,12.466600,0
43.780000,-0.062214,-0.554198,-0.664659,-0.594302,0.296494,-2.664248,1.003392,13.565500,0
43.800000,0.023347,-0.598204,-0.189890,-0.595681,0.293828,-2.664246,1.085779,13.643700,0
43.820000,-0.260123,-0.505465,-0.760567,-0.597060,0.291162,-2.664244,0.864951,13.877500,0
43.840000,-0.203311,-0.640706,-0.166136,-0.598439,0.288497,-2.664243,1.009725,13.781600,0
43.860000,-0.123584,-0.593993,-0.618554,-0.599818,0.285832,-2.664241,1.000445,13.825500,0
43.880000,-0.129862,-0.557202,-0.501641,-0.601197,0.283166,-2.664241,0.963523,13.978600,0
43.900000,-0.251268,-0.608424,-0.418707,-0.602576,0.280501,-2.664240,0.955827,12.586000,0
43.920000,-0.100663,-0.594690,-0.476602,-0.603954,0.277836,-2.664240,1.007276,12.886900,0
43.940000,-0.154481,-0.570390,-0.575735,-0.605333,0.275172,-2.664239,0.958250,13.204200,0
43.960000,0.009022,-0.576625,-0.417134,-0.606711,0.272507,-2.664239,1.048882,12.414700,0
43.980000,-0.174850,-0.595310,-0.522403,-0.606729,0.272083,-2.681710,0.968963,14.257300,0
44.000000,-0.144157,-0.609736,-0.232637,-0.606734,0.272071,-2.699893,0.995772,13.755400,0
44.020000,-0.318954,-0.532700,-0.489583,-0.606731,0.272074,-2.717881,0.854679,13.334600,0
44.040000,-0.170994,-0.597941,-0.544007,-0.606729,0.272076,-2.735871,0.973034,13.893200,0
44.060000,-0.242009,-0.560474,-0.382563,-0.606727,0.272077,-2.753862,0.908934,14.031100,0
44.080000,-0.257824,-0.597146,-0.335946,-0.606724,0.272079,-2.771855,0.936634,14.093300,0
44.100000,-0.247762,-0.601486,-0.431610,-0.606722,0.272080,-2.789847,0.944442,13.174800,0
44.120000,-0.327339,-0.574098,-0.323537,-0.606720,0.272080,-2.807840,0.891107,14.365700,0
44.140000,-0.203060,-0.589272,-0.104188,-0.606718,0.272081,-2.825832,0.951246,14.100900,0
44.160000,-0.257863,-0.578192,-0.442249,-0.606715,0.272081,-2.843823,0.919055,13.763600,0
44.180000,-0.277333,-0.592531,-0.157076,-0.606713,0.272081,-2.861813,0.925227,13.353200,0
44.200000,-0.267156,-0.579162,-0.472312,-0.606711,0.272082,-2.879803,0.916468,14.540300,0
44.220000,-0.220142,-0.622205,-0.159894,-0.606709,0.272082,-2.897791,0.974260,15.192800,0
44.240000,0.124538,-0.620054,-0.119795,-0.606707,0.272082,-2.915780,1.153528,14.493000,0
44.260000,-0.190016,-0.591675,-0.104407,-0.606705,0.272082,-2.933767,0.959013,13.493900,0
44.280000,-0.288589,-0.598895,-0.187106,-0.606703,0.272082,-2.951753,0.927252,12.808600,0
44.300000,-0.225628,-0.581928,-0.253461,-0.606701,0.272082,-2.969740,0.935174,13.906700,0
44.320000,-0.389023,-0.569627,-0.308580,-0.607123,0.269775,-2.977185,0.867274,13.574000,0
44.340000,-0.288202,-0.522360,-0.114857,-0.607614,0.266811,-2.977182,0.851360,13.922800,0
44.360000,-0.003854,-0.605541,0.180929,-0.608104,0.263848,-2.977170,1.058752,13.427500,0
44.380000,-0.144174,-0.615689,0.217649,-0.608595,0.260885,-2.977162,0.992002,13.838400,0
44.400000,-0.105177,-0.567407,-0.316054,-0.609086,0.257923,-2.977155,0.967003,14.584700,0
44.420000,-0.184447,-0.620552,-0.288628,-0.609577,0.254962,-2.977151,0.973273,13.778100,0
44.440000,-0.180833,-0.621709,-0.182089,-0.610068,0.252001,-2.977148,0.973453,14.285900,0
44.460000,-0.032811,-0.642574,-0.023359,-0.610560,0.249040,-2.977146,1.062436,14.218100,0
44.480000,-0.131522,-0.582541,-0.045990,-0.611051,0.246079,-2.977145,0.957371,13.808700,0
44.500000,-0.195703,-0.606829,-0.315673,-0.611543,0.243119,-2.977144,0.946221,14.510100,0
44.520000,-0.268212,-0.590239,-0.174824,-0.612034,0.240159,-2.977143,0.898762,13.588500,0
44.540000,-0.046600,-0.594940,-0.320103,-0.612525,0.237199,-2.977143,1.006343,14.177300,0
44.560000,0.166737,-0.654902,0.105212,-0.613017,0.234239,-2.977142,1.182619,13.910200,0
44.580000,-0.213642,-0.606444,-0.353973,-0.613508,0.231279,-2.977141,0.928263,13.800000,0
44.600000,-0.221241,-0.610418,-0.204666,-0.613999,0.228320,-2.977140,0.926142,13.366200,0
44.620000,-0.396741,-0.544154,-0.355693,-0.614491,0.225360,-2.977140,0.799730,15.256100,0
44.640000,-0.236028,-0.606545,-0.139128,-0.614567,0.224668,-2.989778,0.913349,13.698800,0
44.660000,-0.229846,-0.601407,-0.054357,-0.614538,0.224496,-3.009778,0.911100,14.515800,0
44.680000,-0.312319,-0.579881,-0.305473,-0.614537,0.224498,-3.027780,0.859280,14.538100,0
44.700000,-0.320345,-0.586409,0.057561,-0.614536,0.224501,-3.045769,0.862625,13.742900,0
44.720000,-0.399089,-0.622671,-0.099847,-0.614534,0.224504,-3.063758,0.874141,13.731500,0
44.740000,-0.029739,-0.612616,-0.003245,-0.614533,0.224505,-3.081748,1.021154,14.285800,0
44.760000,-0.142712,-0.627725,-0.276902,-0.614749,0.222308,-3.090756,0.972304,13.534200,0
44.780000,-0.234259,-0.585742,-0.258701,-0.614900,0.219309,-3.090754,0.890503,14.391100,0
44.800000,0.024360,-0.594652,-0.011732,-0.615051,0.216310,-3.090750,1.032718,14.621800,0
44.820000,-0.279271,-0.556715,0.416363,-0.615202,0.213312,-3.090747,0.840113,14.829100,0
44.840000,-0.231528,-0.653084,0.287531,-0.615353,0.210314,-3.090744,0.944869,14.221500,0
44.860000,-0.010283,-0.552871,0.071091,-0.615505,0.207316,-3.090741,0.971688,14.312700,0
44.880000,-0.101509,-0.619670,-0.041939,-0.615657,0.204319,-3.090739,0.971240,14.777200,0
44.900000,-0.019025,-0.589462,0.025114,-0.615809,0.201322,-3.090738,0.990702,14.734000,0
44.920000,0.014747,-0.627132,0.094873,-0.615962,0.198325,-3.090736,1.038832,14.477000,0
44.940000,0.231085,-0.576661,0.495002,-0.616114,0.195328,-3.090735,1.146173,14.395500,0
44.960000,-0.202603,-0.596618,0.099936,-0.616267,0.192332,-3.090735,0.890820,13.124200,0
44.980000,-0.213653,-0.591011,-0.021651,-0.616419,0.189335,-3.090734,0.878158,13.974700,0
45.000000,-0.261799,-0.627391,-0.211695,-0.616572,0.186339,-3.090734,0.887705,13.206400,0
45.020000,-0.240768,-0.623449,-0.075979,-0.616724,0.183343,-3.090733,0.890088,14.961400,0
45.040000,-0.309585,-0.606522,-0.070748,-0.616877,0.180346,-3.090733,0.844743,14.082700,0
45.060000,-0.102197,-0.623935,0.050941,-0.617029,0.177350,-3.090733,0.952424,15.135200,0
45.080000,-0.140350,-0.616282,0.088492,-0.617182,0.174354,-3.090733,0.923295,14.334400,0
45.100000,-0.130960,-0.596494,0.024940,-0.617334,0.171358,-3.090733,0.908932,15.684200,0
45.120000,-0.082795,-0.603151,0.075790,-0.617487,0.168361,-3.090733,0.938683,14.515200,0
45.140000,-0.085089,-0.628175,-0.198366,-0.617452,0.167496,-3.101051,0.957342,14.258900,0
45.160000,-0.092013,-0.616775,-0.150333,-0.617443,0.167323,-3.121049,0.943867,14.373100,0
45.180000,-0.062609,-0.636904,0.065238,-0.617442,0.167321,-3.139098,0.977045,14.803300,0
45.200000,-0.241217,-0.639396,-0.008238,-0.617441,0.167324,3.126099,0.890135,14.537200,0
45.220000,-0.380106,-0.615598,-0.014412,-0.617440,0.167326,3.108110,0.818106,14.253700,0
45.240000,-0.138888,-0.616717,-0.010036,-0.617439,0.167329,3.090121,0.918552,13.922800,0
45.260000,-0.006051,-0.610391,0.113624,-0.617316,0.165156,3.080828,0.987481,14.043500,0
45.280000,-0.235886,-0.612593,-0.184596,-0.617131,0.162159,3.080830,0.863474,14.230300,0
45.300000,-0.232720,-0.611633,0.013014,-0.616947,0.159162,3.080836,0.861253,14.150800,0
45.320000,-0.117562,-0.602801,-0.063572,-0.616763,0.156165,3.080839,0.908422,14.228600,0
45.340000,-0.051962,-0.616866,0.136956,-0.616580,0.153169,3.080842,0.954855,14.779500,0
45.360000,-0.181046,-0.623220,0.112484,-0.616397,0.150173,3.080844,0.887507,13.379000,0
45.380000,-0.017461,-0.602098,0.100350,-0.616214,0.147178,3.080846,0.959124,14.128400,0
45.400000,0.054029,-0.616995,0.215811,-0.616032,0.144182,3.080848,1.014087,13.725500,0
45.420000,-0.107433,-0.621696,-0.125646,-0.615849,0.141187,3.080849,0.916775,12.197000,0
45.440000,0.046319,-0.636490,0.012702,-0.615667,0.138192,3.080850,1.018999,12.671600,0
45.460000,-0.339229,-0.580313,-0.176211,-0.615485,0.135197,3.080851,0.766988,13.454300,0
45.480000,-0.067448,-0.616807,-0.071614,-0.615303,0.132202,3.080851,0.927987,12.448900,0
45.500000,-0.101071,-0.604657,-0.224892,-0.615121,0.129208,3.080852,0.895994,12.707700,0
45.520000,0.065920,-0.643596,0.236850,-0.614938,0.126213,3.080852,1.027703,13.163900,0
45.540000,-0.013723,-0.609762,0.304128,-0.614756,0.123218,3.080852,0.947893,13.049000,0
45.560000,-0.143280,-0.640113,0.122730,-0.614574,0.120224,3.080853,0.894556,14.323100,0
45.580000,-0.114542,-0.614484,0.186315,-0.614392,0.117229,3.080853,0.886146,13.927400,0
45.600000,0.032922,-0.592596,0.152408,-0.614210,0.114234,3.080853,0.958326,13.882000,0
45.620000,-0.183114,-0.625317,-0.089465,-0.614028,0.111240,3.080853,0.853348,13.684500,0
45.640000,-0.013982,-0.617101,0.020975,-0.613846,0.108245,3.080853,0.941256,13.957600,0
45.660000,-0.104514,-0.612116,-0.021066,-0.613664,0.105251,3.080853,0.879687,14.170800,0
45.680000,-0.068944,-0.640686,0.111670,-0.613482,0.102256,3.080853,0.921132,14.106900,0
45.700000,-0.026963,-0.595500,0.181560,-0.613522,0.101412,3.091463,0.910899,14.697700,0
45.720000,-0.048628,-0.617568,-0.120645,-0.613533,0.101239,3.111461,0.914222,14.357700,0
45.740000,0.053976,-0.612798,0.313729,-0.613534,0.101240,3.129475,0.977456,14.954400,0
45.760000,-0.160122,-0.644250,0.007217,-0.613535,0.101243,-3.135722,0.872550,14.291800,0
45.780000,0.087230,-0.626385,0.156088,-0.613536,0.101246,-3.117733,1.010208,14.238700,0
45.800000,-0.115165,-0.602730,-0.119105,-0.613537,0.101248,-3.099743,0.862531,14.121300,0
45.820000,-0.164692,-0.621072,0.059039,-0.613637,0.099085,-3.090332,0.848633,13.309900,0
45.840000,-0.174031,-0.620138,0.008857,-0.613793,0.096086,-3.090334,0.840457,15.252600,0
45.860000,-0.031765,-0.581896,-0.186911,-0.613949,0.093088,-3.090338,0.891370,15.372600,0
45.880000,-0.021787,-0.600691,-0.178250,-0.614105,0.090089,-3.090341,0.909955,14.644800,0
45.900000,-0.121898,-0.593782,0.116503,-0.614259,0.087092,-3.090344,0.840243,15.003400,0
45.920000,-0.127539,-0.592998,-0.107631,-0.614414,0.084094,-3.090346,0.833966,14.107500,0
45.940000,-0.002122,-0.600812,-0.257667,-0.614568,0.081097,-3.090348,0.916564,13.426900,0
45.960000,0.129802,-0.634810,0.328882,-0.614722,0.078100,-3.090350,1.030804,13.527600,0
45.980000,0.038418,-0.602409,0.074573,-0.614876,0.075103,-3.090351,0.941178,13.009000,0
46.000000,-0.071476,-0.584639,-0.144993,-0.615030,0.072107,-3.090352,0.852506,13.843200,0
46.020000,-0.099661,-0.622723,-0.205980,-0.615184,0.069110,-3.090353,0.862784,13.559600,0
46.040000,0.122056,-0.574659,-0.157345,-0.615337,0.066114,-3.090354,0.976903,14.732600,0
46.060000,-0.040974,-0.635148,-0.135926,-0.615491,0.063117,-3.090354,0.904236,13.985900,0
46.080000,-0.153519,-0.586524,-0.319206,-0.615645,0.060121,-3.090354,0.794802,14.229000,0
46.100000,-0.163672,-0.591822,0.044691,-0.615798,0.057125,-3.090355,0.790917,13.606500,0
46.120000,-0.087497,-0.596566,-0.167962,-0.615952,0.054129,-3.090355,0.838253,13.284500,0
46.140000,0.075838,-0.631026,-0.102528,-0.616106,0.051132,-3.090355,0.971662,12.713300,0
46.160000,0.070984,-0.628496,0.202575,-0.616259,0.048136,-3.090355,0.964434,12.666600,0
46.180000,0.131871,-0.601977,0.066677,-0.616413,0.045140,-3.090355,0.989287,13.787800,0
46.200000,0.156801,-0.632415,0.219280,-0.616566,0.042144,-3.090355,1.026220,14.270700,0
46.220000,-0.204413,-0.632245,-0.073465,-0.616720,0.039148,-3.090355,0.787887,14.105000,0
46.240000,-0.137809,-0.606940,-0.148423,-0.616874,0.036152,-3.090355,0.801916,14.976700,0
46.260000,0.048261,-0.633541,0.137266,-0.617027,0.033156,-3.090355,0.941856,14.599500,0
46.280000,0.185518,-0.610615,-0.048532,-0.617181,0.030160,-3.090355,1.027092,14.855800,0
46.300000,-0.258970,-0.610258,-0.345781,-0.617335,0.027164,-3.090355,0.731254,14.047000,0
46.320000,0.103717,-0.634502,-0.044998,-0.617488,0.024167,-3.090355,0.976720,14.425900,0
46.340000,-0.031366,-0.628646,-0.041211,-0.617642,0.021171,-3.090355,0.875203,15.298600,0
46.360000,0.007606,-0.627791,-0.062427,-0.617795,0.018175,-3.090355,0.899110,14.880500,0
46.380000,-0.184368,-0.591608,-0.161478,-0.617949,0.015179,-3.090355,0.745777,14.927000,0
46.400000,-0.095989,-0.598928,-0.181279,-0.618103,0.012183,-3.090355,0.803778,14.851800,0
46.420000,0.094906,-0.627596,-0.238777,-0.618256,0.009187,-3.090355,0.956082,15.313000,0
46.440000,0.146684,-0.638161,0.021674,-0.618410,0.006191,-3.090355,1.000279,15.132500,0
46.460000,0.107062,-0.615059,-0.236246,-0.618564,0.003195,-3.090355,0.953295,15.302500,0
46.480000,0.032505,-0.619291,-0.118261,-0.618717,0.000199,-3.090355,0.898809,15.666700,0
46.500000,0.137486,-0.666828,-0.026758,-0.618871,-0.002797,-3.090355,1.006485,15.153900,0
46.520000,-0.053409,-0.638905,-0.324366,-0.619025,-0.005793,-3.090355,0.848971,15.603500,0
46.540000,0.173679,-0.685069,-0.084477,-0.619178,-0.008789,-3.090355,1.042102,15.666200,0
46.560000,0.117238,-0.636950,0.028462,-0.619332,-0.011785,-3.090355,0.966109,15.422800,0
46.580000,-0.040276,-0.603895,-0.071143,-0.619486,-0.014781,-3.090355,0.826160,14.629000,0
46.600000,-0.043367,-0.631535,-0.132489,-0.619639,-0.017778,-3.090355,0.841895,15.546200,0
46.620000,0.085902,-0.625343,-0.121434,-0.619793,-0.020774,-3.090355,0.929252,14.567700,0
46.640000,-0.088383,-0.606602,-0.553329,-0.619946,-0.023770,-3.090355,0.788830,15.105100,0
46.660000,0.053649,-0.619166,0.004812,-0.620100,-0.026766,-3.090355,0.897149,14.432500,0
46.680000,0.117276,-0.630219,-0.065253,-0.620254,-0.029762,-3.090355,0.951052,14.961900,0
46.700000,0.098250,-0.626481,-0.067499,-0.620407,-0.032758,-3.090355,0.932188,12.776900,0
46.720000,0.119519,-0.622274,-0.268108,-0.620561,-0.035754,-3.090355,0.944312,12.874200,0
46.740000,0.045951,-0.629968,-0.050365,-0.620715,-0.038750,-3.090355,0.891056,12.916900,0
46.760000,0.252117,-0.643194,-0.024500,-0.620868,-0.041746,-3.090355,1.060115,13.096100,0
46.780000,0.017293,-0.632712,-0.053301,-0.621022,-0.044742,-3.090355,0.867845,13.155200,0
46.800000,0.236987,-0.652695,0.161240,-0.621176,-0.047738,-3.090355,1.049960,13.366400,0
46.820000,0.139088,-0.634822,0.148734,-0.621329,-0.050734,-3.090355,0.958849,14.202600,0
46.840000,0.061394,-0.621835,-0.164218,-0.621483,-0.053730,-3.090355,0.888293,13.665400,0
46.860000,0.063237,-0.605062,-0.170537,-0.621637,-0.056726,-3.090355,0.877340,13.274400,0
46.880000,0.078902,-0.636990,-0.285453,-0.621790,-0.059722,-3.090355,0.907859,13.929800,0
46.900000,0.100107,-0.630203,-0.019769,-0.621944,-0.062718,-3.090355,0.918366,14.404300,0
46.920000,0.144084,-0.631893,-0.000280,-0.622098,-0.065715,-3.090355,0.952676,14.167600,0
46.940000,0.062862,-0.626354,-0.304450,-0.622251,-0.068711,-3.090355,0.883372,14.223900,0
46.960000,0.199766,-0.662056,-0.209182,-0.622405,-0.071707,-3.090355,1.012164,14.301000,0
46.980000,0.109389,-0.644117,0.046014,-0.622558,-0.074703,-3.090355,0.927350,14.617600,0
47.000000,0.144110,-0.632996,-0.104507,-0.622712,-0.077699,-3.090355,0.946768,13.862900,0
47.020000,0.032352,-0.637529,-0.124475,-0.622866,-0.080695,-3.090355,0.859869,13.816900,0
47.040000,0.227012,-0.627236,0.016710,-0.623019,-0.083691,-3.090355,1.008956,15.125400,0
47.060000,0.049574,-0.623849,-0.024357,-0.623173,-0.086687,-3.090355,0.860890,13.811300,0
47.080000,0.063494,-0.623818,-0.076981,-0.623327,-0.089683,-3.090355,0.870071,14.716900,0
47.100000,-0.055138,-0.624482,-0.124224,-0.623480,-0.092679,-3.090355,0.778349,13.494500,0
47.120000,0.126790,-0.623108,-0.236613,-0.623634,-0.095675,-3.090355,0.917236,13.451600,0
47.140000,0.153472,-0.629382,-0.278106,-0.623788,-0.098671,-3.090355,0.941163,14.021500,0
47.160000,0.097261,-0.609044,-0.114948,-0.623941,-0.101667,-3.090355,0.881796,14.226300,0
47.180000,-0.044921,-0.612410,0.003565,-0.624095,-0.104663,-3.090355,0.770227,13.024000,0
47.200000,0.048121,-0.612423,-0.107816,-0.624249,-0.107659,-3.090355,0.840754,12.780100,0
47.220000,0.103795,-0.621609,-0.051977,-0.624402,-0.110655,-3.090355,0.889575,13.093000,0
47.240000,0.211483,-0.626386,-0.059150,-0.624556,-0.113652,-3.090355,0.980744,13.852900,0
47.260000,0.335220,-0.659632,-0.082240,-0.624709,-0.116648,-3.090355,1.102858,13.462500,0
47.280000,0.107154,-0.623781,-0.228596,-0.624863,-0.119644,-3.090355,0.888821,13.082000,0
47.300000,0.060876,-0.601673,-0.061379,-0.625017,-0.122640,-3.090355,0.836613,14.179600,0
47.320000,-0.032540,-0.622826,-0.400191,-0.625170,-0.125636,-3.090355,0.773569,12.997200,0
47.340000,0.180012,-0.618785,-0.030522,-0.625324,-0.128632,-3.090355,0.942771,13.190400,0
47.360000,0.161550,-0.625395,-0.059361,-0.625478,-0.131628,-3.090355,0.929096,13.616000,0
47.380000,-0.061549,-0.620797,0.119425,-0.625631,-0.134624,-3.090355,0.744683,13.555700,0
47.400000,0.200205,-0.624971,-0.080873,-0.625785,-0.137620,-3.090355,0.959047,14.593800,0
47.420000,0.044645,-0.620945,-0.269092,-0.625939,-0.140616,-3.090355,0.824863,14.532200,0
47.440000,-0.002612,-0.582100,0.084886,-0.626092,-0.143612,-3.090355,0.762233,13.729000,0
47.460000,0.255621,-0.652296,-0.193769,-0.626246,-0.146608,-3.090355,1.016568,14.186300,0
47.480000,0.238519,-0.631093,0.107632,-0.626400,-0.149604,-3.090355,0.989908,13.809100,0
47.500000,0.117406,-0.641491,-0.182956,-0.626553,-0.152600,-3.090355,0.890219,12.654700,0
47.520000,0.110129,-0.612903,0.154179,-0.626707,-0.155596,-3.090355,0.867212,14.300400,0
47.540000,0.204845,-0.615898,-0.184189,-0.626861,-0.158592,-3.090355,0.949138,14.495400,0
47.560000,0.255300,-0.668023,-0.123366,-0.627014,-0.161589,-3.090355,1.017326,13.920800,0
47.580000,0.182551,-0.636368,-0.007447,-0.627168,-0.164585,-3.090355,0.937136,13.663100,0
47.600000,0.276818,-0.636320,-0.051887,-0.627321,-0.167581,-3.090355,1.018422,13.905700,0
47.620000,0.363081,-0.650970,0.151039,-0.627475,-0.170577,-3.090355,1.100899,13.523200,0
47.640000,0.168832,-0.617334,0.081276,-0.627629,-0.173573,-3.090355,0.911742,14.264400,0
47.660000,0.067221,-0.638389,-0.377118,-0.627782,-0.176569,-3.090355,0.834450,13.775200,0
47.680000,0.013616,-0.559192,-0.187902,-0.627936,-0.179565,-3.090355,0.745457,12.212100,0
47.700000,0.149907,-0.651835,0.071564,-0.628090,-0.182561,-3.090355,0.908569,12.900500,0
47.720000,0.149015,-0.618412,-0.101912,-0.628243,-0.185557,-3.090355,0.889660,12.994400,0
47.740000,0.322544,-0.651427,0.255479,-0.628397,-0.188553,-3.090355,1.057611,12.651600,0
47.760000,0.225319,-0.621655,-0.081641,-0.628551,-0.191549,-3.090355,0.956078,16.991400,0
47.780000,0.180436,-0.630273,-0.059291,-0.628704,-0.194545,-3.090355,0.919003,17.191000,0
47.800000,0.114992,-0.609065,-0.180780,-0.628858,-0.197541,-3.090355,0.850097,25.579000,0
47.820000,0.084126,-0.567783,-0.224579,-0.629012,-0.200537,-3.090355,0.802144,22.437000,0
47.840000,0.215530,-0.621996,0.042880,-0.629165,-0.203533,-3.090355,0.942667,19.938000,0
47.860000,0.091280,-0.636233,-0.291474,-0.629319,-0.206529,-3.090355,0.838992,14.336000,0
47.880000,0.078119,-0.603966,-0.022777,-0.629472,-0.209526,-3.090355,0.810103,13.761500,0
47.900000,0.092192,-0.642982,-0.098144,-0.629626,-0.212522,-3.090355,0.840427,14.233900,0
47.920000,0.242834,-0.597683,-0.084443,-0.629591,-0.213386,-3.100681,0.953315,14.234500,0
47.940000,0.325537,-0.648256,0.057404,-0.629583,-0.213560,-3.120678,1.049387,13.654400,0
47.960000,0.179162,-0.623561,0.004557,-0.629582,-0.213559,-3.138698,0.906735,13.911200,0
47.980000,0.204452,-0.640585,-0.082863,-0.629581,-0.213556,3.126499,0.936998,13.331400,0
48.000000,0.242115,-0.633775,0.009644,-0.629580,-0.213553,3.108509,0.967697,12.794800,0
48.020000,0.130896,-0.635093,-0.052186,-0.629501,-0.215700,3.098912,0.868386,13.153200,0
48.040000,0.291929,-0.619997,-0.160014,-0.629498,-0.215712,3.098826,1.006218,13.347900,0
48.060000,0.214024,-0.609134,0.188151,-0.629368,-0.218245,3.098808,0.929572,13.317800,0
48.080000,0.134423,-0.553060,-0.075771,-0.629238,-0.221244,3.098810,0.832635,12.891700,0
48.100000,0.277102,-0.640418,-0.071489,-0.629108,-0.224243,3.098812,0.997205,13.073600,0
48.120000,0.316222,-0.577338,0.041603,-0.628979,-0.227241,3.098814,1.007955,13.131300,0
48.140000,0.102242,-0.609254,-0.152773,-0.628850,-0.230240,3.098815,0.823497,12.687700,0
48.160000,0.025939,-0.586225,-0.385370,-0.628721,-0.233238,3.098817,0.743760,12.933000,0
48.180000,0.275773,-0.642732,-0.317484,-0.628592,-0.236236,3.098818,0.991521,12.833300,0
48.200000,0.409187,-0.666955,-0.033697,-0.628464,-0.239233,3.098818,1.122348,13.550300,0
48.220000,0.067132,-0.642590,-0.028612,-0.628335,-0.242231,3.098819,0.802473,12.350000,0
48.240000,0.340236,-0.607747,-0.142515,-0.628207,-0.245229,3.098820,1.034070,23.617500,0
48.260000,0.305663,-0.634091,-0.055106,-0.628079,-0.248226,3.098820,1.010330,28.171800,0
48.280000,0.309591,-0.656268,0.108717,-0.627950,-0.251224,3.098820,1.021295,16.494400,0
48.300000,0.345127,-0.632573,-0.040934,-0.627822,-0.254221,3.098820,1.043925,15.913900,0
48.320000,0.232203,-0.622175,0.178354,-0.627694,-0.257219,3.098821,0.934139,15.109700,0
48.340000,0.367782,-0.610605,-0.062000,-0.627565,-0.260216,3.098821,1.055219,15.479700,0
48.360000,0.097781,-0.624519,-0.031225,-0.627437,-0.263213,3.098821,0.810237,14.106800,0
48.380000,0.204633,-0.603128,-0.103932,-0.627309,-0.266211,3.098821,0.897575,16.310900,0
48.400000,0.175760,-0.630571,-0.008248,-0.627181,-0.269208,3.098821,0.880510,16.567900,0
48.420000,0.080553,-0.636875,0.010171,-0.627052,-0.272205,3.098821,0.796046,16.515100,0
48.440000,0.125472,-0.652466,0.051885,-0.626924,-0.275203,3.098821,0.841682,14.849600,0
48.460000,0.256060,-0.621215,0.086738,-0.626796,-0.278200,3.098821,0.947150,16.575800,0
48.480000,0.306096,-0.629369,-0.033375,-0.626668,-0.281197,3.098821,0.995626,17.666100,0
48.500000,0.315512,-0.650301,-0.117076,-0.626539,-0.284194,3.098821,1.010690,16.592200,0
48.520000,0.229298,-0.632868,-0.035442,-0.626411,-0.287192,3.098821,0.922892,18.716800,0
48.540000,0.154943,-0.645565,0.058197,-0.626283,-0.290189,3.098821,0.858258,16.093200,0
48.560000,0.414794,-0.647966,0.153748,-0.626155,-0.293186,3.098821,1.099747,15.499400,0
48.580000,0.354302,-0.613763,-0.058627,-0.626026,-0.296183,3.098821,1.030485,15.445400,0
48.600000,0.419190,-0.629262,0.279684,-0.625898,-0.299181,3.098821,1.095976,14.099800,0
48.620000,0.403490,-0.644538,0.034519,-0.625770,-0.302178,3.098821,1.084705,13.741800,0
48.640000,0.282634,-0.626750,0.094321,-0.625642,-0.305175,3.098821,0.963522,14.680300,0
48.660000,0.376019,-0.649330,0.125534,-0.625513,-0.308173,3.098821,1.058043,14.658600,0
48.680000,0.261952,-0.616880,0.043359,-0.625385,-0.311170,3.098821,0.938523,14.646000,0
48.700000,0.274006,-0.634759,-0.082843,-0.625257,-0.314167,3.098821,0.954700,17.922300,0
48.720000,0.418332,-0.649083,0.056433,-0.625128,-0.317164,3.098821,1.094979,16.229600,0
48.740000,0.314013,-0.629699,0.006844,-0.625000,-0.320162,3.098821,0.988715,15.453700,0
48.760000,0.263656,-0.637193,-0.206399,-0.624872,-0.323159,3.098821,0.942391,15.853700,0
48.780000,0.259478,-0.627110,-0.002461,-0.624744,-0.326156,3.098821,0.934036,15.817000,0
48.800000,0.107199,-0.634390,-0.149472,-0.624615,-0.329153,3.098821,0.792919,16.455900,0
48.820000,0.246225,-0.650491,0.031973,-0.624487,-0.332151,3.098821,0.927081,18.009800,0
48.840000,0.347847,-0.635442,0.233895,-0.624359,-0.335148,3.098821,1.017527,17.839100,0
48.860000,0.305500,-0.629195,0.030185,-0.624231,-0.338145,3.098821,0.974223,17.850900,0
48.880000,0.354281,-0.621163,-0.048333,-0.624102,-0.341142,3.098821,1.017667,17.842900,0
48.900000,0.466093,-0.654424,0.016553,-0.623974,-0.344140,3.098821,1.133367,17.088300,0
48.920000,0.398487,-0.639004,-0.014619,-0.623846,-0.347137,3.098821,1.063179,16.667900,0
48.940000,0.121508,-0.621136,-0.068843,-0.623717,-0.350134,3.098821,0.792971,17.918600,0
48.960000,0.460690,-0.655675,0.060415,-0.623589,-0.353131,3.098821,1.125697,15.563800,0
48.980000,0.222462,-0.631408,-0.179632,-0.623461,-0.356129,3.098821,0.889587,13.881000,0
49.000000,0.373142,-0.619790,0.035097,-0.623333,-0.359126,3.098821,1.030004,14.562500,0
49.020000,0.312188,-0.636094,-0.112957,-0.623302,-0.360019,3.088889,0.975376,14.253800,0
49.040000,0.361825,-0.637322,-0.047229,-0.623293,-0.360192,3.068892,1.023357,14.481200,0
49.060000,0.279935,-0.601027,-0.048925,-0.623292,-0.360200,3.050769,0.934782,13.599400,0
49.080000,0.349460,-0.633947,-0.125081,-0.623291,-0.360197,3.032781,1.010537,13.938800,0
49.100000,0.128640,-0.624457,-0.102420,-0.623290,-0.360193,3.014777,0.797016,13.694800,0
49.120000,0.057416,-0.647238,0.060055,-0.623289,-0.360187,2.996747,0.738754,13.927200,0
49.140000,0.484947,-0.640940,0.189612,-0.623288,-0.360181,2.978704,1.143246,14.041200,0
49.160000,0.288060,-0.623497,-0.069836,-0.622887,-0.362477,2.971108,0.947605,14.764700,0
49.180000,0.221940,-0.634597,0.074979,-0.622375,-0.365436,2.971109,0.886181,14.190500,0
49.200000,0.475955,-0.623986,0.108742,-0.621864,-0.368395,2.971111,1.127180,14.141100,0
49.220000,0.345750,-0.613122,0.195462,-0.621354,-0.371353,2.971114,0.996866,14.411500,0
49.240000,0.406686,-0.623075,0.086821,-0.620844,-0.374311,2.971118,1.057214,14.334100,0
49.260000,0.495989,-0.636757,0.314110,-0.620334,-0.377269,2.971120,1.146085,13.965000,0
49.280000,0.477621,-0.596291,-0.047205,-0.619825,-0.380227,2.971122,1.118514,14.245700,0
49.300000,0.123721,-0.622679,0.107839,-0.619315,-0.383184,2.971124,0.780679,13.680400,0
49.320000,-0.262241,-0.664892,0.058691,-0.618806,-0.386142,2.971125,0.452593,13.561500,0
49.340000,0.496542,-0.611704,0.246444,-0.618297,-0.389099,2.971126,1.136846,14.437900,0
49.360000,0.199361,-0.644827,0.001966,-0.617788,-0.392056,2.971127,0.855352,13.647100,0
49.380000,0.421127,-0.626300,0.078889,-0.617279,-0.395013,2.971128,1.063852,13.923000,0
49.400000,0.443077,-0.608193,0.036909,-0.616770,-0.397969,2.971128,1.080495,14.668400,0
49.420000,0.216562,-0.651991,-0.119940,-0.616261,-0.400926,2.971129,0.869843,13.481100,0
49.440000,0.369430,-0.625078,0.381771,-0.615752,-0.403883,2.971129,1.009708,14.233200,0
49.460000,0.309880,-0.661786,0.054438,-0.615243,-0.406840,2.971129,0.959609,13.457400,0
49.480000,0.446360,-0.644308,0.131427,-0.614734,-0.409796,2.971129,1.086700,13.783400,0
49.500000,0.369411,-0.627865,0.089348,-0.614226,-0.412753,2.971129,1.006884,13.630500,0
49.520000,0.386266,-0.625231,0.037594,-0.613717,-0.415710,2.971129,1.021697,15.176400,0
49.540000,0.442727,-0.613945,0.175858,-0.613208,-0.418666,2.971129,1.073840,14.280700,0
49.560000,-0.026431,-0.635344,-0.130925,-0.612699,-0.421623,2.971129,0.624009,14.431800,0
49.580000,0.346253,-0.632612,0.255410,-0.612190,-0.424579,2.971129,0.980760,14.204300,0
49.600000,0.422149,-0.598315,0.295704,-0.611681,-0.427536,2.971129,1.047841,14.739400,0
49.620000,0.362348,-0.648124,-0.031084,-0.611172,-0.430492,2.971129,0.997549,14.308000,0
49.640000,0.559892,-0.604250,0.088216,-0.610663,-0.433449,2.971129,1.182951,15.095600,0
49.660000,0.132495,-0.645130,-0.257190,-0.610576,-0.434171,2.958936,0.772437,14.881000,0
49.680000,0.209542,-0.652158,0.133562,-0.610544,-0.434341,2.938938,0.848520,14.562900,0
49.700000,0.463801,-0.609073,0.385221,-0.610544,-0.434340,2.920919,1.088461,14.445000,0
49.720000,0.509515,-0.584423,0.035040,-0.610544,-0.434336,2.902921,1.130071,14.271800,0
49.740000,0.331891,-0.653020,0.070582,-0.610543,-0.434331,2.884910,0.967475,14.294400,0
49.760000,0.448531,-0.627433,0.035519,-0.610542,-0.434327,2.866892,1.076534,14.729800,0
49.780000,0.203850,-0.643844,0.026228,-0.609841,-0.436706,2.860932,0.839642,14.988400,0
49.800000,0.428336,-0.599914,0.133525,-0.609008,-0.439591,2.860930,1.049660,14.470100,0
49.820000,0.565677,-0.620440,0.462202,-0.608175,-0.442476,2.860931,1.187265,14.575600,0
49.840000,0.412348,-0.586226,0.028526,-0.607343,-0.445361,2.860935,1.029375,14.279500,0
49.860000,-0.021645,-0.568764,0.514507,-0.606511,-0.448245,2.860937,0.597154,15.325400,0
49.880000,0.207649,-0.595708,-0.270824,-0.605679,-0.451129,2.860939,0.826078,13.573000,0
49.900000,-0.130987,-0.646410,-1.027798,-0.604848,-0.454012,2.860941,0.511431,14.726800,0
49.920000,-0.362447,-0.238138,-1.148998,-0.604016,-0.456896,2.860942,0.325900,14.406900,0
49.940000,-0.485516,-0.349324,-1.433830,-0.603185,-0.459779,2.860943,0.161389,15.060000,0
49.960000,-0.593951,-0.384602,-1.454860,-0.602354,-0.462662,2.860944,0.078511,14.336400,0
49.980000,-0.591184,-0.402788,-1.370085,-0.601523,-0.465545,2.860945,0.063603,16.405900,0
50.000000,-0.512784,-0.368651,-1.409974,-0.600692,-0.468428,2.860945,0.132978,16.421400,0
50.020000,-0.567029,-0.398679,-1.548983,-0.599861,-0.471311,2.860946,0.079708,14.677900,0
50.040000,-0.513848,-0.143788,-1.621424,-0.599030,-0.474194,2.860946,0.341210,15.111700,0
50.060000,-0.563587,-0.391408,-1.242811,-0.598199,-0.477077,2.860946,0.092397,15.007200,0
50.080000,-0.539390,-0.472201,-1.323631,-0.597368,-0.479959,2.860946,0.058495,16.660300,0
50.100000,-0.531456,-0.429750,-1.068566,-0.596537,-0.482842,2.860946,0.083990,16.978300,0
50.120000,-0.524979,-0.418153,-1.164031,-0.595706,-0.485725,2.860947,0.097818,18.534200,0
50.140000,-0.565143,-0.425592,-1.226800,-0.594875,-0.488608,2.860947,0.069678,18.971700,0
50.160000,-0.530266,-0.279918,-1.665853,-0.594044,-0.491490,2.860947,0.220976,16.076100,0
50.180000,-0.551374,-0.211623,-1.602686,-0.593214,-0.494373,2.860947,0.285829,14.984400,0
50.200000,-0.525210,-0.411359,-1.461578,-0.592383,-0.497256,2.860947,0.109043,15.412600,0
50.220000,-0.544710,-0.495094,-1.192010,-0.591552,-0.500138,2.860947,0.047113,14.126600,0
50.240000,-0.531779,-0.382304,-1.308757,-0.590721,-0.503021,2.860947,0.134338,15.066100,0
50.260000,-0.556761,-0.423226,-1.585629,-0.589890,-0.505904,2.860947,0.089069,15.184600,0
50.280000,-0.524582,-0.104348,-1.355395,-0.589059,-0.508786,2.860947,0.409546,14.460600,0
50.300000,-0.523467,-0.489691,-1.348422,-0.588228,-0.511669,2.860947,0.068389,13.667300,0
50.320000,-0.563402,-0.042341,-1.386783,-0.587397,-0.514552,2.860947,0.472821,16.089300,0
50.340000,-0.518457,-0.276594,-1.521347,-0.587289,-0.515159,2.847351,0.248296,16.525800,0
50.360000,-0.513732,-0.537543,-1.009634,-0.587250,-0.515288,2.827789,0.076812,16.570300,0
50.380000,-0.438871,-0.323466,-1.448952,-0.587250,-0.515286,2.809784,0.242510,18.519300,0
50.400000,-0.519901,-0.512209,-1.348410,-0.587250,-0.515281,2.791782,0.067419,25.620100,0
50.420000,-0.540069,-0.465438,-1.317056,-0.587249,-0.515277,2.773773,0.068629,26.315300,0
50.440000,-0.518292,-0.413851,-1.006401,-0.587249,-0.515272,2.755761,0.122643,20.885900,0
50.460000,-0.553245,-0.290162,-1.598231,-0.587248,-0.515268,2.737746,0.227659,20.089000,0
50.480000,-0.530782,-0.206392,-1.685590,-0.587248,-0.515264,2.719732,0.313991,21.192400,0
50.500000,-0.533322,0.013938,-1.457535,-0.587247,-0.515260,2.701718,0.531938,22.387400,0
50.520000,-0.558305,-0.400995,-1.197357,-0.587246,-0.515257,2.683705,0.117870,19.490500,0
50.540000,-0.526195,-0.412615,-1.215896,-0.587245,-0.515253,2.665694,0.119422,21.006700,0
50.560000,-0.530430,-0.544600,-1.101885,-0.587244,-0.515250,2.647684,0.063947,16.437000,0
50.580000,-0.513839,-0.482795,-1.123667,-0.587244,-0.515247,2.629676,0.080258,16.988400,0
50.600000,-0.499173,-0.491446,-0.825207,-0.587243,-0.515244,2.611669,0.091229,16.923800,0
50.620000,-0.631607,-0.346171,-0.964611,-0.587242,-0.515241,2.593664,0.174794,16.420400,0
50.640000,-0.519344,-0.529544,-1.108779,-0.587241,-0.515238,2.575661,0.069388,16.721200,0
50.660000,-0.578912,-0.384204,-1.240263,-0.587240,-0.515236,2.557659,0.131297,16.360900,0
50.680000,-0.513700,-0.522932,-0.986077,-0.587239,-0.515233,2.539658,0.073941,18.202100,0
50.700000,-0.580661,-0.356455,-1.083867,-0.587238,-0.515231,2.521659,0.158912,16.398700,0
50.720000,-0.574444,-0.428946,-1.389982,-0.587237,-0.515228,2.503660,0.087225,16.147200,0
50.740000,-0.544552,-0.453806,-1.043399,-0.587236,-0.515226,2.485663,0.074796,16.648900,0
50.760000,-0.509838,-0.498328,-0.827830,-0.587235,-0.515224,2.467666,0.079219,16.134900,0
50.780000,-0.475003,-0.499667,-1.054007,-0.587234,-0.515222,2.449671,0.113304,17.975200,0
50.800000,-0.436169,-0.654366,-0.526565,-0.587233,-0.515219,2.431676,0.205383,18.255100,0
50.820000,-0.645474,-0.383221,-0.616101,-0.587232,-0.515217,2.413682,0.144274,17.580700,0
50.840000,-0.551149,-0.425753,-0.901312,-0.587231,-0.515215,2.395688,0.096464,17.253800,0
50.860000,-0.477201,-0.476314,-0.809813,-0.587230,-0.515213,2.377695,0.116703,17.671500,0
50.880000,-0.488037,-0.529027,-0.603844,-0.587230,-0.515211,2.359702,0.100150,15.526600,0
50.900000,-0.472451,-0.543239,-0.777164,-0.587229,-0.515209,2.341710,0.118151,16.299600,0
50.920000,-0.427951,-0.541462,-0.465591,-0.587228,-0.515207,2.323719,0.161426,17.767500,0
50.940000,-0.463923,-0.499024,-0.575571,-0.587227,-0.515205,2.305727,0.124362,15.904400,0
50.960000,-0.437725,-0.478252,-1.098285,-0.587226,-0.515203,2.287737,0.154000,17.315700,0
50.980000,-0.414780,-0.552596,-0.574877,-0.587225,-0.515201,2.269746,0.176453,18.362000,0
51.000000,-0.499096,-0.400389,-0.990027,-0.587225,-0.515199,2.251756,0.144734,18.117400,0
51.020000,-0.529857,-0.445135,-0.764759,-0.587224,-0.515197,2.233766,0.090552,16.304500,0
51.040000,-0.576868,-0.396203,-0.625671,-0.587223,-0.515195,2.215777,0.119442,16.970500,0
51.060000,-0.629813,-0.413305,-0.957519,-0.587223,-0.515193,2.197788,0.110431,16.063900,0
51.080000,-0.537146,-0.466724,-0.805655,-0.587222,-0.515192,2.179799,0.069691,17.071400,0
51.100000,-0.562664,-0.465648,-0.634981,-0.587221,-0.515190,2.161811,0.055295,16.278900,0
51.120000,-0.423394,-0.541605,-0.719122,-0.587221,-0.515188,2.143822,0.165943,16.158900,0
51.140000,-0.568180,-0.428719,-0.770127,-0.587220,-0.515186,2.125834,0.088538,14.859400,0
51.160000,-0.597494,-0.426658,-0.668040,-0.587219,-0.515184,2.107847,0.089120,14.845400,0
51.180000,-0.480144,-0.494070,-0.326659,-0.587219,-0.515182,2.089859,0.109136,14.662100,0
51.200000,-0.326262,-0.514797,-0.520224,-0.587218,-0.515180,2.071872,0.260956,14.996900,0
51.220000,-0.304745,-0.497435,-0.433942,-0.587218,-0.515178,2.053885,0.283030,17.630400,0
51.240000,-0.329946,-0.559729,-0.436549,-0.587217,-0.515176,2.035898,0.261100,17.718400,0
51.260000,-0.369534,-0.483510,-0.633530,-0.587216,-0.515175,2.017912,0.219973,18.752200,0
51.280000,-0.287426,-0.603169,0.397471,-0.587216,-0.515173,1.999925,0.312438,18.795300,0
51.300000,-0.223163,-0.533056,0.371758,-0.587216,-0.515171,1.981939,0.364492,19.250300,0
51.320000,-0.441318,-0.467861,-0.385456,-0.587215,-0.515169,1.963953,0.153375,18.003600,0
51.340000,-0.510949,-0.497814,-0.464424,-0.587215,-0.515167,1.945967,0.078215,15.199200,0
51.360000,-0.546294,-0.452855,-0.450748,-0.587214,-0.515165,1.927982,0.074545,13.894400,0
51.380000,-0.500510,-0.519620,-0.236586,-0.587214,-0.515163,1.909997,0.086818,12.814300,0
51.400000,-0.429778,-0.518898,-0.573016,-0.584968,-0.516128,1.908522,0.155214,13.534800,0
51.420000,-0.552678,-0.464093,-0.575942,-0.582134,-0.517123,1.908524,0.060662,13.850000,0
51.440000,-0.549334,-0.500175,-0.372708,-0.579300,-0.518119,1.908537,0.034927,14.935400,0
51.460000,-0.504640,-0.472274,-0.112777,-0.576467,-0.519114,1.908546,0.085750,15.381700,0
51.480000,-0.450671,-0.506970,-0.413044,-0.573635,-0.520110,1.908553,0.123665,19.655500,0
51.500000,-0.589823,-0.493695,-0.363995,-0.570802,-0.521105,1.908558,0.033363,13.166300,0
51.520000,-0.122002,-0.681784,0.375163,-0.567971,-0.522100,1.908561,0.473696,13.665000,0
51.540000,0.374731,-0.689530,1.355139,-0.565139,-0.523095,1.908563,0.954493,12.814800,0
51.560000,0.489128,-0.578688,1.317812,-0.562308,-0.524090,1.908564,1.052852,13.671700,0
51.580000,0.534898,-0.586501,1.202989,-0.559477,-0.525084,1.908565,1.096097,12.900500,0
51.600000,0.624344,-0.444230,1.528584,-0.556646,-0.526079,1.908566,1.183823,13.205100,0
51.620000,0.575552,-0.507888,1.052692,-0.553815,-0.527073,1.908567,1.129530,14.151400,0
51.640000,0.585650,-0.582944,1.494294,-0.550984,-0.528068,1.908567,1.137958,13.815300,0
51.660000,0.600609,-0.334405,1.362716,-0.548153,-0.529062,1.908568,1.165138,14.154000,0
51.680000,0.552479,-0.556809,1.232686,-0.545323,-0.530057,1.908569,1.098128,13.531100,0
51.700000,0.484916,-0.618505,1.063759,-0.542492,-0.531051,1.908569,1.031123,13.278600,0
51.720000,0.596608,-0.487361,1.410978,-0.539662,-0.532045,1.908569,1.137148,13.343900,0
51.740000,0.550567,-0.612616,1.178437,-0.536831,-0.533040,1.908569,1.090305,13.279600,0
51.760000,0.541219,-0.598977,1.177208,-0.534000,-0.534034,1.908570,1.077179,13.885800,0
51.780000,0.554311,-0.353786,1.256256,-0.531170,-0.535028,1.908570,1.100508,13.909500,0
51.800000,0.611664,-0.404670,1.284275,-0.528339,-0.536022,1.908570,1.147545,14.092500,0
51.820000,0.578540,-0.438652,1.349807,-0.525509,-0.537017,1.908570,1.108422,14.277300,0
51.840000,0.572391,-0.558900,1.197261,-0.522678,-0.538011,1.908570,1.095268,14.867000,0
51.860000,0.501778,-0.640295,1.031747,-0.519848,-0.539005,1.908570,1.026635,14.176600,0
51.880000,0.543412,-0.572214,1.117716,-0.517017,-0.539999,1.908570,1.060918,13.324100,0
51.900000,0.703069,-0.343971,1.617934,-0.514187,-0.540993,1.908570,1.233098,13.982200,0
51.920000,0.562274,-0.426861,1.093645,-0.513685,-0.541055,1.892752,1.082002,14.495500,0
51.940000,0.589484,-0.590154,1.224009,-0.513597,-0.541031,1.873670,1.104175,14.650000,0
51.960000,0.614013,-0.361893,1.337816,-0.513600,-0.541029,1.855682,1.141754,13.856100,0
51.980000,0.656515,-0.246147,1.795089,-0.513603,-0.541027,1.837693,1.206702,14.857600,0
52.000000,0.573338,-0.553989,1.347189,-0.513605,-0.541025,1.819702,1.087020,13.786000,0
52.020000,0.547095,-0.610725,0.983934,-0.513606,-0.541023,1.801710,1.062989,14.320000,0
52.040000,0.494790,-0.597232,1.185416,-0.513607,-0.541021,1.783719,1.009962,13.573500,0
52.060000,0.605906,-0.498811,1.492304,-0.513608,-0.541018,1.765728,1.120309,14.341700,0
52.080000,0.588078,-0.467052,1.478101,-0.511284,-0.541501,1.758592,1.101880,14.130700,0
52.100000,0.581742,-0.541699,1.204049,-0.508334,-0.542060,1.758595,1.090076,14.207000,0
52.120000,0.597609,-0.560951,1.468371,-0.505383,-0.542620,1.758602,1.103144,13.041000,0
52.140000,0.581416,-0.595171,1.591593,-0.502433,-0.543179,1.758607,1.085095,14.588100,0
52.160000,0.629695,-0.066698,1.678426,-0.499484,-0.543739,1.758611,1.225811,17.218400,0
52.180000,0.635428,-0.185285,1.814264,-0.496535,-0.544299,1.758614,1.187532,13.411200,0
52.200000,0.609995,-0.238119,1.652645,-0.493587,-0.544859,1.758616,1.145418,13.717800,0
52.220000,0.585284,-0.563904,1.384554,-0.490638,-0.545420,1.758618,1.076081,14.568800,0
52.240000,0.572508,-0.552282,1.334884,-0.487690,-0.545980,1.758619,1.060217,14.644000,0
52.260000,0.536650,-0.666427,1.417496,-0.484742,-0.546540,1.758620,1.028404,15.650600,0
52.280000,0.615962,-0.348611,1.651472,-0.481795,-0.547100,1.758620,1.115557,15.468400,0
52.300000,0.569945,-0.136599,1.673890,-0.478847,-0.547661,1.758621,1.126471,15.547400,0
52.320000,0.592601,-0.844267,1.107647,-0.478188,-0.547741,1.745548,1.111088,13.581700,0
52.340000,0.588792,-0.359054,1.426534,-0.478017,-0.547708,1.725547,1.083362,16.600700,0
52.360000,0.585527,-0.442181,1.505658,-0.478019,-0.547706,1.707550,1.068769,15.294400,0
52.380000,0.588382,-0.431325,1.424070,-0.478022,-0.547705,1.689562,1.072736,14.557700,0
52.400000,0.562520,-0.635496,1.241688,-0.478024,-0.547703,1.671573,1.044241,14.910600,0
52.420000,0.621582,-0.418181,1.418318,-0.478026,-0.547702,1.653583,1.107210,14.970400,0
52.440000,0.598778,-0.385854,1.598360,-0.478028,-0.547700,1.635593,1.088901,15.784200,0
52.460000,0.590099,-0.505075,1.527945,-0.478029,-0.547698,1.617604,1.068978,45.318700,0
52.480000,0.589116,-0.503712,1.615235,-0.478030,-0.547696,1.599616,1.068052,27.239000,0
52.500000,0.593592,-0.536662,1.744641,-0.475881,-0.547802,1.590020,1.069531,16.615200,0
52.520000,0.560211,-0.307803,1.491889,-0.472879,-0.547857,1.590022,1.060614,20.510900,0
52.540000,0.622122,-0.266947,1.461313,-0.469876,-0.547913,1.590026,1.127564,15.180500,0
52.560000,0.607854,-0.496779,1.909461,-0.466874,-0.547969,1.590032,1.075946,14.434100,0
52.580000,0.521794,-0.307736,1.447533,-0.463872,-0.548026,1.590036,1.014532,15.235800,0
52.600000,0.571163,-0.613649,1.352219,-0.460871,-0.548083,1.590040,1.034114,15.897100,0
52.620000,0.589460,-0.479812,1.385061,-0.457870,-0.548141,1.590043,1.049556,14.696700,0
52.640000,0.575155,-0.460986,1.376807,-0.454870,-0.548198,1.590046,1.033710,17.068800,0
52.660000,0.588362,-0.570084,1.255212,-0.451869,-0.548256,1.590048,1.040460,16.463300,0
52.680000,0.598741,-0.441284,1.613620,-0.448869,-0.548314,1.590050,1.053063,15.555600,0
52.700000,0.572524,-0.506885,1.822262,-0.445869,-0.548372,1.590051,1.019237,16.491600,0
52.720000,0.620773,-0.415561,1.649934,-0.442869,-0.548429,1.590052,1.071908,16.283000,0
52.740000,0.572860,-0.473892,1.657729,-0.439870,-0.548487,1.590052,1.015473,14.949000,0
52.760000,0.579869,-0.437350,1.275403,-0.436870,-0.548545,1.590053,1.022801,16.186400,0
52.780000,0.599873,-0.419892,1.732013,-0.433870,-0.548603,1.590053,1.041725,17.138000,0
52.800000,0.564679,-0.530500,1.666026,-0.430871,-0.548661,1.590054,0.995715,18.490800,0
52.820000,0.584708,-0.361153,1.729187,-0.427871,-0.548719,1.590054,1.029804,18.659300,0
52.840000,0.609054,-0.412678,1.593716,-0.424872,-0.548777,1.590054,1.042845,18.329700,0
52.860000,0.585170,-0.479953,1.732862,-0.421872,-0.548835,1.590054,1.009395,18.788500,0
52.880000,0.599081,-0.524685,1.376025,-0.418872,-0.548892,1.590054,1.018241,20.002300,0
52.900000,0.569222,-0.558284,1.430399,-0.415873,-0.548950,1.590054,0.985139,20.237100,0
52.920000,0.567755,-0.420173,1.694279,-0.412873,-0.549008,1.590054,0.989055,17.725200,0
52.940000,0.623165,-0.387271,1.729935,-0.409874,-0.549066,1.590054,1.045633,15.798700,0
52.960000,0.597407,-0.478953,1.599346,-0.406874,-0.549124,1.590054,1.006730,16.855800,0
52.980000,0.592573,-0.406689,1.782389,-0.403875,-0.549181,1.590054,1.006585,15.653000,0
53.000000,0.600617,-0.394362,1.519014,-0.400876,-0.549239,1.590054,1.013398,15.219400,0
53.020000,0.600442,-0.395718,1.555933,-0.397876,-0.549297,1.590054,1.010062,14.481100,0
53.040000,0.586642,-0.369150,1.723188,-0.394877,-0.549355,1.590054,0.997925,15.893100,0
53.060000,0.592111,-0.537251,1.470765,-0.391877,-0.549413,1.590054,0.984063,13.492300,0
53.080000,0.601350,-0.367424,1.342442,-0.388878,-0.549470,1.590054,1.006823,13.331200,0
53.100000,0.598825,-0.428081,1.407820,-0.385878,-0.549528,1.590054,0.992164,13.765700,0
53.120000,0.577261,-0.421996,1.635471,-0.382879,-0.549586,1.590054,0.968581,13.651800,0
53.140000,0.573056,-0.224648,1.613726,-0.379879,-0.549644,1.590054,1.006831,13.185000,0
53.160000,0.637241,-0.160061,1.650049,-0.376880,-0.549701,1.590054,1.086398,14.334300,0
53.180000,0.618783,-0.186534,1.877361,-0.373881,-0.549759,1.590054,1.057031,14.144000,0
53.200000,0.639545,0.045520,2.239929,-0.370881,-0.549817,1.590054,1.172768,14.369500,0
53.220000,0.576609,-0.481269,1.621385,-0.367882,-0.549875,1.590054,0.946979,13.549400,0
53.240000,0.607095,-0.440665,1.549528,-0.364882,-0.549933,1.590054,0.978099,14.263400,0
53.260000,0.589014,-0.298865,2.202627,-0.361883,-0.549990,1.590054,0.983498,13.234600,0
53.280000,0.337676,0.081493,-2.893768,-0.358883,-0.550048,1.590054,0.940233,12.387100,0
53.300000,0.355522,-0.069821,3.013536,-0.355884,-0.550106,1.590054,0.858354,13.096000,0
53.320000,0.641863,0.123647,2.547173,-0.352884,-0.550164,1.590054,1.201475,14.598100,0
53.340000,0.639080,-0.178077,2.067650,-0.349885,-0.550221,1.590054,1.056666,17.764700,0
53.360000,0.152524,0.267560,2.544547,-0.346886,-0.550279,1.590054,0.958265,17.097300,0
53.380000,0.008680,0.204600,2.415873,-0.343886,-0.550337,1.590054,0.833206,15.969900,0
53.400000,0.708497,-0.231185,2.332969,-0.340887,-0.550395,1.590054,1.096860,14.317600,0
53.420000,0.492580,-0.039420,2.271374,-0.337887,-0.550452,1.590054,0.975105,15.130600,0
53.440000,0.269753,0.499228,-2.926369,-0.334888,-0.550510,1.590054,1.211421,14.383300,0
53.460000,0.393254,0.493970,2.918624,-0.331888,-0.550568,1.590054,1.271570,14.069000,0
53.480000,0.536938,0.491000,2.853434,-0.330964,-0.550553,1.580549,1.355760,13.721600,0
53.500000,0.486670,0.569775,-3.027825,-0.330791,-0.550551,1.560552,1.386857,14.505100,0
53.520000,0.429413,0.528589,-2.980505,-0.330777,-0.550550,1.542365,1.320011,13.741200,0
53.540000,0.160077,0.481606,2.717862,-0.330780,-0.550549,1.524376,1.142928,14.362200,0
53.560000,0.339236,0.531824,-2.885592,-0.330783,-0.550548,1.506387,1.272971,14.208700,0
53.580000,0.314365,0.486383,-2.944889,-0.328594,-0.550394,1.497300,1.219960,14.724400,0
53.600000,0.485547,0.515866,-3.011152,-0.325600,-0.550171,1.497302,1.339550,14.476900,0
53.620000,0.025941,0.559469,-2.699695,-0.322605,-0.549949,1.497306,1.162881,14.421800,0
53.640000,-0.576511,0.428481,-2.107785,-0.319612,-0.549727,1.497308,1.011379,14.096000,0
53.660000,-0.220000,0.490023,-2.023540,-0.316618,-0.549505,1.497310,1.044008,14.475600,0
53.680000,-0.440576,0.262358,-1.614807,-0.313625,-0.549284,1.497312,0.821511,15.472700,0
53.700000,-0.483821,0.296125,-1.320107,-0.310632,-0.549063,1.497313,0.862750,16.472200,0
53.720000,-0.450308,0.433372,-1.635805,-0.307640,-0.548842,1.497315,0.992521,13.980400,0
53.740000,-0.458715,0.320518,-1.262048,-0.304647,-0.548622,1.497316,0.882690,13.941300,0
53.760000,-0.449580,0.282834,-1.433819,-0.301655,-0.548401,1.497316,0.844294,13.451300,0
53.780000,-0.484292,0.209680,-1.514053,-0.298662,-0.548181,1.497317,0.780264,13.275400,0
53.800000,-0.480164,0.226198,-1.329136,-0.295670,-0.547961,1.497317,0.795840,13.860400,0
53.820000,-0.477044,0.360089,-1.561153,-0.292678,-0.547740,1.497318,0.926361,14.968200,0
53.840000,-0.506478,0.201982,-1.702181,-0.289686,-0.547520,1.497318,0.780225,13.885500,0
53.860000,-0.469905,0.354619,-1.559596,-0.286694,-0.547300,1.497318,0.920339,14.204900,0
53.880000,-0.477417,0.276501,-1.523199,-0.283702,-0.547080,1.497318,0.846056,13.333200,0
53.900000,-0.487768,0.384910,-1.538932,-0.280710,-0.546860,1.497318,0.954499,13.376500,0
53.920000,-0.496535,0.087627,-1.162665,-0.277718,-0.546639,1.497319,0.670950,13.545800,0
53.940000,-0.461302,0.267671,-1.142957,-0.276869,-0.546591,1.486783,0.834888,13.615600,0
53.960000,-0.490039,0.404818,-1.580950,-0.276696,-0.546576,1.466785,0.975021,14.322000,0
53.980000,-0.498225,0.328073,-1.582836,-0.276695,-0.546575,1.448740,0.902267,13.415300,0
54.000000,-0.490521,0.380993,-1.494120,-0.276698,-0.546575,1.430751,0.951894,13.466000,0
54.020000,-0.450915,0.276669,-1.185692,-0.276701,-0.546574,1.412754,0.841474,13.651700,0
54.040000,-0.471676,0.288299,-1.407702,-0.276706,-0.546573,1.394737,0.857336,14.038200,0
54.060000,-0.500935,0.323184,-1.395400,-0.276711,-0.546572,1.376709,0.898194,14.147900,0
54.080000,-0.480919,0.432074,-1.623095,-0.276717,-0.546571,1.358676,0.999723,13.980500,0
54.100000,-0.461557,0.121934,-0.937079,-0.276722,-0.546570,1.340642,0.693586,14.360100,0
54.120000,-0.396741,0.207378,-1.439586,-0.276727,-0.546569,1.322609,0.763439,13.460500,0
54.140000,-0.462620,0.192058,-1.209102,-0.274363,-0.545940,1.316272,0.761631,14.873100,0
54.160000,-0.441430,0.332657,-1.275219,-0.271456,-0.545183,1.316272,0.894144,14.474500,0
54.180000,-0.455218,0.093709,-1.234129,-0.268550,-0.544426,1.316275,0.664877,14.788700,0
54.200000,-0.472377,0.289647,-1.347842,-0.265645,-0.543669,1.316281,0.858576,13.727200,0
54.220000,-0.449484,0.279610,-1.287665,-0.262739,-0.542913,1.316285,0.843456,14.153400,0
54.240000,-0.482125,0.091638,-1.104801,-0.259835,-0.542157,1.316289,0.671646,13.664800,0
54.260000,-0.489405,0.329361,-1.515732,-0.256930,-0.541401,1.316292,0.901261,13.279800,0
54.280000,-0.479685,0.509448,-1.487031,-0.254026,-0.540645,1.316294,1.074066,13.273000,0
54.300000,-0.454000,0.247333,-1.349285,-0.251121,-0.539890,1.316296,0.812945,12.667900,0
54.320000,-0.495024,0.246773,-1.239052,-0.248217,-0.539134,1.316298,0.823750,13.271700,0
54.340000,-0.435545,0.190851,-1.283004,-0.245314,-0.538379,1.316299,0.753634,13.306100,0
54.360000,-0.474536,0.199926,-1.412101,-0.242410,-0.537624,1.316300,0.773215,14.449600,0
54.380000,-0.466367,0.254279,-1.505711,-0.239506,-0.536868,1.316301,0.823030,12.715800,0
54.400000,-0.461424,0.255032,-1.406736,-0.236602,-0.536113,1.316301,0.822469,14.682200,0
54.420000,-0.465292,0.210071,-1.260172,-0.233699,-0.535358,1.316302,0.780576,13.679100,0
54.440000,-0.449580,0.275184,-1.338830,-0.230795,-0.534603,1.316302,0.838822,13.431100,0
54.460000,-0.451007,0.142818,-1.126923,-0.227892,-0.533847,1.316302,0.712499,15.562500,0
54.480000,-0.465517,0.220094,-1.465812,-0.224988,-0.533092,1.316302,0.790660,16.013100,0
54.500000,-0.504000,0.200053,-1.346654,-0.222085,-0.532337,1.316302,0.784774,34.320200,0
54.520000,-0.473430,0.275716,-1.303993,-0.219181,-0.531582,1.316302,0.846388,23.849200,0
54.540000,-0.462244,0.190860,-1.167267,-0.216278,-0.530827,1.316302,0.762451,14.907200,0
54.560000,-0.461544,0.227098,-1.088257,-0.213374,-0.530071,1.316302,0.796802,14.576400,0
54.580000,-0.449758,0.178677,-1.117624,-0.212743,-0.529967,1.302994,0.747229,13.368100,0
54.600000,-0.503175,0.267720,-1.196164,-0.212603,-0.529928,1.283325,0.848926,13.476000,0
54.620000,-0.503446,0.256478,-1.145861,-0.212606,-0.529928,1.265323,0.838464,13.700300,0
54.640000,-0.472621,0.215830,-1.154991,-0.212610,-0.529928,1.247326,0.789785,14.502000,0
54.660000,-0.488079,0.265684,-1.123347,-0.212614,-0.529928,1.229319,0.841950,15.537400,0
54.680000,-0.451197,0.185230,-1.045435,-0.212618,-0.529927,1.211308,0.753903,14.453200,0
54.700000,-0.506517,0.273820,-1.063667,-0.212622,-0.529927,1.193294,0.855794,17.062200,0
54.720000,-0.392199,0.112944,-0.944937,-0.212626,-0.529926,1.175280,0.667479,23.796500,0
54.740000,-0.466055,0.236948,-1.199620,-0.212630,-0.529925,1.157265,0.807662,14.303100,0
54.760000,-0.458838,0.186212,-1.068719,-0.212634,-0.529924,1.139252,0.757276,13.824800,0
54.780000,-0.465002,0.169415,-1.032667,-0.210229,-0.528815,1.135251,0.743259,13.467900,0
54.800000,-0.432021,0.109143,-1.218761,-0.207506,-0.527547,1.135251,0.675116,14.542200,0
54.820000,-0.471014,0.250927,-1.256924,-0.204784,-0.526279,1.135254,0.821540,14.255800,0
54.840000,-0.472128,0.231029,-1.024866,-0.202062,-0.525012,1.135258,0.802829,15.436400,0
54.860000,-0.457218,0.200796,-0.962783,-0.199340,-0.523746,1.135262,0.769065,15.232600,0
54.880000,-0.384008,0.117471,-1.298769,-0.196619,-0.522479,1.135266,0.666822,19.506600,0
54.900000,-0.464828,0.186770,-1.055606,-0.193898,-0.521213,1.135269,0.758052,15.423600,0
54.920000,-0.467319,0.177554,-1.348206,-0.191177,-0.519947,1.135271,0.750174,14.565000,0
54.940000,-0.466207,0.176590,-0.967677,-0.188456,-0.518681,1.135273,0.748697,17.020200,0
54.960000,-0.469646,0.213856,-1.208527,-0.185735,-0.517415,1.135274,0.784451,15.499400,0
54.980000,-0.472165,0.101744,-1.062253,-0.185305,-0.517215,1.119470,0.682202,20.168800,0
55.000000,-0.463591,0.149858,-0.784528,-0.185238,-0.517182,1.100590,0.722788,17.148200,0
55.020000,-0.552264,0.235277,-1.237391,-0.185241,-0.517182,1.082601,0.837198,15.372000,0
55.040000,-0.436426,0.144801,-1.051683,-0.185244,-0.517183,1.064608,0.708036,15.775500,0
55.060000,-0.437512,0.168417,-1.023955,-0.185248,-0.517183,1.046609,0.730537,15.066500,0
55.080000,-0.484736,0.264623,-0.962344,-0.185251,-0.517183,1.028607,0.837205,15.545000,0
55.100000,-0.460683,0.200813,-1.058203,-0.185255,-0.517183,1.010603,0.769012,14.449900,0
55.120000,-0.516303,0.230612,-1.034417,-0.185258,-0.517182,0.992599,0.817794,14.992600,0
55.140000,-0.501510,0.199925,-0.817322,-0.185261,-0.517182,0.974595,0.783745,14.637300,0
55.160000,-0.214042,0.209061,-0.777870,-0.185264,-0.517181,0.956592,0.726812,16.090900,0
55.180000,-0.212922,0.109285,-0.889744,-0.185266,-0.517181,0.938589,0.627076,14.922100,0
55.200000,-0.287409,0.080451,-0.655485,-0.185269,-0.517180,0.920587,0.606296,14.634300,0
55.220000,-0.267767,0.093377,-0.627815,-0.185272,-0.517179,0.902586,0.616104,17.870100,0
55.240000,-0.288726,0.244276,-1.359963,-0.185274,-0.517179,0.884587,0.768451,14.794200,0
55.260000,0.017010,-0.212278,-0.465349,-0.185277,-0.517178,0.866588,0.365902,14.687900,0
55.280000,-0.285558,-0.085876,0.075694,-0.185279,-0.517177,0.848591,0.442805,15.219300,0
55.300000,-0.364176,0.000872,-0.402196,-0.185281,-0.517176,0.830595,0.548067,15.858700,0
55.320000,-0.458283,0.243823,-0.634385,-0.185284,-0.517175,0.812599,0.808484,15.560400,0
55.340000,-0.489588,0.156662,-0.764904,-0.185286,-0.517175,0.794604,0.739362,13.814900,0
55.360000,-0.420821,0.089900,-0.616927,-0.185288,-0.517174,0.776610,0.651164,14.600400,0
55.380000,-0.461742,0.201238,-0.927298,-0.185290,-0.517173,0.758617,0.769766,12.930500,0
55.400000,-0.509994,0.185068,-0.779950,-0.185292,-0.517172,0.740625,0.773674,14.231900,0
55.420000,-0.418508,0.270862,-0.865079,-0.183406,-0.515109,0.738279,0.820380,14.783500,0
55.440000,-0.455049,0.157486,-0.910775,-0.181384,-0.512886,0.738286,0.724079,19.762600,0
55.460000,-0.386430,0.159942,-0.710158,-0.179363,-0.510665,0.738295,0.701848,18.949000,0
55.480000,-0.467775,0.166957,-0.721242,-0.177342,-0.508444,0.738304,0.735199,15.790900,0
55.500000,-0.296173,0.260088,-0.631363,-0.175321,-0.506224,0.738310,0.775783,14.317400,0
55.520000,-0.266713,0.174835,-0.884547,-0.173300,-0.504004,0.738315,0.685236,15.476000,0
55.540000,-0.341114,0.233304,-0.663200,-0.171280,-0.501784,0.738318,0.754452,14.021000,0
55.560000,-0.301336,0.161090,-0.792356,-0.169260,-0.499565,0.738320,0.673727,14.840800,0
55.580000,-0.424337,0.173041,-0.615207,-0.167240,-0.497345,0.738322,0.717995,14.325000,0
55.600000,-0.369613,0.135653,-0.897911,-0.165220,-0.495126,0.738324,0.663067,15.393800,0
55.620000,-0.409294,0.176405,-0.672760,-0.163201,-0.492907,0.738325,0.713120,13.975000,0
55.640000,-0.417622,0.148177,-0.786034,-0.161181,-0.490688,0.738325,0.688411,13.977600,0
55.660000,-0.459356,0.137675,-0.462841,-0.159161,-0.488469,0.738326,0.694387,14.837900,0
55.680000,-0.319934,0.083825,-0.689710,-0.157142,-0.486250,0.738326,0.592863,14.623600,0
55.700000,-0.476213,0.197379,-1.162074,-0.155122,-0.484031,0.738327,0.753272,16.293900,0
55.720000,-0.442768,0.153785,-0.704274,-0.153103,-0.481812,0.738327,0.698491,23.172700,0
55.740000,-0.418739,0.205539,-0.963013,-0.151084,-0.479593,0.738328,0.735557,19.692500,0
55.760000,-0.554077,0.246747,-0.817215,-0.149064,-0.477375,0.738328,0.829692,14.392000,0
55.780000,-0.411920,0.128711,-0.611856,-0.147045,-0.475156,0.738328,0.659404,15.694400,0
55.800000,-0.455186,0.222819,-0.904833,-0.145026,-0.472937,0.738328,0.761758,15.386600,0
55.820000,-0.310358,0.100643,-0.798728,-0.143007,-0.470718,0.738328,0.595366,15.426100,0
55.840000,-0.445824,0.187909,-0.953801,-0.140988,-0.468499,0.738328,0.723738,14.717500,0
55.860000,-0.435106,0.135175,-0.796234,-0.138968,-0.466281,0.738328,0.670408,14.441400,0
55.880000,-0.430072,0.176674,-0.836092,-0.136949,-0.464062,0.738328,0.704602,14.645300,0
55.900000,-0.383579,0.120823,-0.504909,-0.134930,-0.461843,0.738328,0.633503,15.100200,0
55.920000,-0.394523,0.130592,-0.876859,-0.132911,-0.459624,0.738329,0.645598,14.094100,0
55.940000,-0.365725,0.062634,-0.684204,-0.130892,-0.457405,0.738329,0.570602,14.921300,0
55.960000,-0.403658,0.151410,-0.681031,-0.128872,-0.455187,0.738329,0.665934,14.617700,0
55.980000,-0.564016,0.237889,-0.755190,-0.126853,-0.452968,0.738329,0.817554,14.746200,0
56.000000,-0.366074,0.098033,-0.561404,-0.124834,-0.450749,0.738329,0.599465,15.132000,0
56.020000,-0.300014,0.180295,-0.936518,-0.122815,-0.448530,0.738329,0.653315,15.206300,0
56.040000,-0.412567,0.127122,-0.413546,-0.122581,-0.448271,0.720784,0.644336,15.578200,0
56.060000,-0.332040,0.128115,-0.855770,-0.122569,-0.448256,0.702545,0.613255,31.845000,0
56.080000,-0.386694,0.126758,-0.622786,-0.122572,-0.448259,0.684556,0.632776,21.610500,0
56.100000,-0.406458,0.118724,-0.896577,-0.122575,-0.448260,0.666564,0.634082,13.921400,0
56.120000,-0.425504,0.112314,-0.537440,-0.122578,-0.448261,0.648569,0.637188,14.359500,0
56.140000,-0.452127,0.181846,-0.676380,-0.122581,-0.448262,0.630573,0.711081,14.548500,0
56.160000,-0.109296,0.200558,-0.945422,-0.122584,-0.448262,0.612576,0.648956,14.497100,0
56.180000,-0.145807,0.112376,-0.771172,-0.122587,-0.448263,0.594580,0.561120,14.270900,0
56.200000,-0.595368,0.311057,-0.897311,-0.122589,-0.448263,0.576584,0.894476,14.149600,0
56.220000,-0.403152,0.126435,-0.159119,-0.122592,-0.448263,0.558589,0.639524,13.168500,0
56.240000,-0.243469,0.121640,-0.836495,-0.122594,-0.448262,0.540595,0.582580,14.416500,0
56.260000,-0.295425,0.151092,-0.302775,-0.122597,-0.448262,0.522601,0.623774,15.363500,0
56.280000,-0.417327,0.008463,-0.257330,-0.122599,-0.448262,0.504609,0.543564,21.042000,0
56.300000,-0.121505,0.081217,-0.196418,-0.122601,-0.448262,0.486617,0.529480,20.751100,0
56.320000,-0.536573,0.160272,-0.407995,-0.122604,-0.448261,0.468626,0.735991,16.798400,0
56.340000,-0.320294,0.105142,-0.363360,-0.122606,-0.448261,0.450636,0.587652,15.829900,0
56.360000,-0.455397,0.099789,-0.352537,-0.122608,-0.448261,0.432647,0.641177,16.672700,0
56.380000,-0.398023,0.176330,-0.632015,-0.122610,-0.448260,0.414658,0.682617,36.023700,0
56.400000,-0.400341,0.107534,-0.270612,-0.122612,-0.448260,0.396670,0.621322,17.114300,0
56.420000,-0.391593,0.108130,-0.603261,-0.122614,-0.448259,0.378683,0.617996,19.137900,0
56.440000,-0.127893,0.060512,-0.211980,-0.122616,-0.448259,0.360696,0.508799,16.612200,0
56.460000,-0.490077,0.202738,-0.476381,-0.122618,-0.448259,0.342709,0.747545,15.030600,0
56.480000,-0.476705,0.118744,0.001689,-0.122620,-0.448258,0.324723,0.668481,16.945400,0
56.500000,-0.460112,0.113041,-0.219479,-0.122622,-0.448258,0.306737,0.654948,13.753000,0
56.520000,-0.455255,0.134031,-0.132538,-0.122624,-0.448258,0.288752,0.670600,13.316000,0
56.540000,-0.190657,0.086511,-0.198999,-0.121839,-0.445969,0.285271,0.536908,14.435100,0
56.560000,-0.276918,0.144564,-0.437184,-0.120994,-0.443087,0.285273,0.607985,14.635200,0
56.580000,-0.373614,0.069262,-0.455170,-0.120149,-0.440205,0.285286,0.569035,15.242200,0
56.600000,-0.286789,0.231295,-0.349601,-0.119304,-0.437323,0.285295,0.689276,15.346900,0
56.620000,-0.343263,0.083517,-0.384163,-0.118459,-0.434442,0.285302,0.564640,26.098700,0
56.640000,-0.411074,0.117573,-0.405414,-0.117613,-0.431562,0.285307,0.622630,24.394800,0
56.660000,-0.202477,0.103943,0.066366,-0.116768,-0.428682,0.285310,0.539477,15.385800,0
56.680000,-0.262042,0.130475,-0.127409,-0.115923,-0.425802,0.285312,0.575147,14.342400,0
56.700000,-0.354258,0.133860,-0.240985,-0.115078,-0.422922,0.285313,0.605981,17.360500,0
56.720000,-0.288323,0.093881,-0.395270,-0.114234,-0.420043,0.285314,0.542609,14.528000,0
56.740000,-0.413267,0.137709,-0.497510,-0.113389,-0.417163,0.285315,0.630722,15.113200,0
56.760000,-0.421600,0.124069,-0.308866,-0.112544,-0.414284,0.285316,0.620757,14.546400,0
56.780000,-0.414543,0.134941,-0.454434,-0.111699,-0.411405,0.285317,0.624667,13.724000,0
56.800000,-0.272184,0.067834,-0.358983,-0.110855,-0.408526,0.285317,0.502938,13.603100,0
56.820000,-0.302358,0.095412,-0.274681,-0.110010,-0.405647,0.285318,0.536710,13.760800,0
56.840000,-0.323329,0.126511,-0.242476,-0.109166,-0.402769,0.285318,0.570967,13.620600,0
56.860000,-0.323602,0.080052,-0.256544,-0.108321,-0.399890,0.285319,0.526014,14.672200,0
56.880000,-0.307559,0.082401,-0.107563,-0.107477,-0.397011,0.285319,0.519489,13.923500,0
56.900000,-0.409665,0.092570,-0.064447,-0.106632,-0.394132,0.285319,0.573330,13.636500,0
56.920000,-0.305892,0.098247,-0.207728,-0.105788,-0.391253,0.285319,0.528821,13.284200,0
56.940000,-0.380091,0.104847,-0.047287,-0.105706,-0.390718,0.270671,0.566456,14.122100,0
56.960000,-0.151013,0.085271,-0.182798,-0.105740,-0.390608,0.251344,0.478028,15.941300,0
56.980000,-0.117582,0.133085,-0.260384,-0.105742,-0.390611,0.233357,0.523830,14.362400,0
57.000000,-0.355899,0.084344,-0.048989,-0.105744,-0.390614,0.215368,0.536808,15.175900,0
57.020000,-0.445905,0.098790,-0.190045,-0.105746,-0.390616,0.197378,0.596008,15.851600,0
57.040000,-0.365769,0.121705,-0.239111,-0.105748,-0.390617,0.179387,0.574530,14.455800,0
57.060000,-0.181058,0.068176,0.076523,-0.105750,-0.390619,0.161396,0.464935,15.072800,0
57.080000,-0.236932,0.123986,-0.393428,-0.105752,-0.390620,0.143406,0.531063,15.328800,0
57.100000,-0.305837,0.138972,-0.186827,-0.105754,-0.390620,0.125416,0.566128,15.577000,0
57.120000,-0.391771,0.101894,-0.104011,-0.105756,-0.390621,0.107427,0.569540,15.231900,0
57.140000,-0.269909,0.081633,-0.236612,-0.105758,-0.390622,0.089439,0.499970,15.604500,0
57.160000,-0.299614,0.092776,0.205916,-0.105760,-0.390622,0.071451,0.520819,14.432600,0
57.180000,-0.336244,0.094171,0.024403,-0.105762,-0.390622,0.053464,0.536793,14.515000,0
57.200000,-0.416954,0.104567,0.072477,-0.105764,-0.390623,0.035478,0.584853,12.707400,0
57.220000,-0.185783,0.089309,-0.069026,-0.105634,-0.388462,0.026017,0.484447,12.870700,0
57.240000,-0.187453,0.068918,-0.121051,-0.105558,-0.385460,0.026019,0.461699,13.318200,0
57.260000,-0.103404,0.118053,0.056251,-0.105482,-0.382458,0.026024,0.500516,13.687100,0
57.280000,-0.403040,0.098256,0.131421,-0.105405,-0.379456,0.026032,0.562845,13.913600,0
57.300000,-0.238789,0.107335,0.042226,-0.105328,-0.376454,0.026038,0.501860,13.753900,0
57.320000,-0.238926,0.105863,-0.078841,-0.105250,-0.373453,0.026043,0.497607,14.313600,0
57.340000,-0.294873,0.085498,-0.069317,-0.105172,-0.370453,0.026047,0.493840,14.670700,0
57.360000,-0.281465,0.095272,-0.068983,-0.105094,-0.367453,0.026050,0.495198,14.493300,0
57.380000,-0.342254,0.093412,-0.077708,-0.105016,-0.364453,0.026053,0.515676,14.969300,0
57.400000,-0.273336,0.063986,0.039725,-0.104937,-0.361453,0.026055,0.457555,14.322600,0
57.420000,-0.297832,0.093767,0.031293,-0.104859,-0.358454,0.026057,0.491673,14.966100,0
57.440000,-0.352963,0.089954,0.054087,-0.104781,-0.355454,0.026058,0.509885,13.759800,0
57.460000,-0.299629,0.088082,-0.187584,-0.104702,-0.352455,0.026059,0.481736,12.527000,0
57.480000,-0.122115,0.112193,-0.020686,-0.104624,-0.349456,0.026060,0.461980,12.866900,0
57.500000,-0.257287,0.074777,-0.048853,-0.104545,-0.346456,0.026061,0.448071,13.752600,0
57.520000,-0.249748,0.071646,-0.066812,-0.104467,-0.343457,0.026061,0.439792,14.013000,0
57.540000,-0.336736,0.104468,-0.061823,-0.104389,-0.340458,0.026061,0.501941,13.932100,0
57.560000,-0.273805,0.092285,-0.088088,-0.104310,-0.337459,0.026062,0.461961,13.775100,0
57.580000,-0.253821,0.091503,0.118418,-0.104232,-0.334460,0.026062,0.451466,14.149700,0
57.600000,-0.204390,0.120776,-0.200964,-0.104154,-0.331461,0.026062,0.463212,13.497800,0
57.620000,-0.375361,0.161736,-0.213560,-0.104076,-0.328462,0.026062,0.560259,13.623900,0
57.640000,-0.226411,0.101930,-0.172595,-0.103998,-0.325463,0.026062,0.444578,14.068900,0
57.660000,-0.206467,0.089381,0.107378,-0.103998,-0.324954,0.025798,0.426817,14.873800,0
57.680000,-0.267678,0.082213,0.044903,-0.103997,-0.324953,0.025798,0.438834,14.642800,0
57.700000,-0.225721,0.107934,-0.319120,-0.103997,-0.324954,0.025798,0.449677,14.117200,0
57.720000,-0.227051,0.064072,0.161074,-0.103997,-0.324954,0.025798,0.408023,14.488400,0
57.740000,-0.389811,0.084181,0.259498,-0.103997,-0.324954,0.025798,0.499080,14.599200,0
57.760000,-0.298542,0.090660,-0.043583,-0.103997,-0.324954,0.025798,0.458892,14.542500,0
57.780000,-0.169351,0.097301,-0.020425,-0.103997,-0.324954,0.025798,0.427282,14.139000,0
57.800000,-0.203671,0.096923,0.071445,-0.103997,-0.324954,0.025798,0.433492,19.817900,0
57.820000,-0.327046,0.092429,0.015729,-0.103997,-0.324954,0.025798,0.473243,22.554700,0
57.840000,-0.370769,0.105598,-0.139119,-0.103997,-0.324954,0.025798,0.506500,14.113400,0
57.860000,-0.338933,0.084023,0.007670,-0.103997,-0.324954,0.025798,0.471654,14.272900,0
57.880000,-0.194757,0.087253,0.081843,-0.103997,-0.324954,0.025798,0.422080,18.707500,0
57.900000,-0.222579,0.091551,-0.255815,-0.103997,-0.324954,0.025798,0.433057,16.425900,0
57.920000,-0.151981,0.057054,0.142744,-0.103997,-0.324954,0.025798,0.385010,15.661900,0
57.940000,-0.274271,0.083324,0.113737,-0.103997,-0.324954,0.025798,0.442362,13.535100,0
57.960000,-0.101520,0.094911,-0.006603,-0.103997,-0.324954,0.025798,0.419872,14.342000,0
57.980000,-0.178778,0.114742,-0.259887,-0.103997,-0.324954,0.025798,0.446010,14.973700,0
58.000000,-0.380305,0.136584,-0.387415,-0.103997,-0.324954,0.025798,0.537925,13.254700,0
58.020000,-0.368087,0.147045,0.088506,-0.103997,-0.324954,0.025798,0.540857,13.200800,0
58.040000,-0.398055,0.083066,0.000314,-0.103997,-0.324954,0.025798,0.502942,12.997800,0
58.060000,-0.383472,0.112202,-0.109594,-0.103997,-0.324954,0.025798,0.518857,13.553700,0
58.080000,-0.287967,0.116904,0.235619,-0.103997,-0.324954,0.025798,0.478627,14.222500,0
58.100000,-0.349177,0.118701,0.004079,-0.103997,-0.324954,0.025798,0.506895,13.841300,0
58.120000,-0.241877,0.061649,0.038143,-0.103997,-0.324954,0.025798,0.410455,13.511300,0
58.140000,-0.388783,0.104017,0.159217,-0.103997,-0.324954,0.025798,0.514897,15.013000,0
58.160000,-0.196989,0.096241,0.146840,-0.103997,-0.324954,0.025798,0.431338,14.063300,0
58.180000,-0.272176,0.048649,0.082503,-0.103997,-0.324954,0.025798,0.409712,13.986300,0
58.200000,-0.226043,0.086811,-0.201012,-0.103997,-0.324954,0.025798,0.429471,14.247600,0
58.220000,-0.324895,0.091032,-0.123115,-0.103997,-0.324954,0.025798,0.470999,15.276800,0
58.240000,-0.082664,0.080886,-0.208757,-0.103997,-0.324954,0.025798,0.406400,28.376400,0
58.260000,-0.261712,0.124342,-0.240269,-0.103997,-0.324954,0.025798,0.476173,27.505400,0
58.280000,-0.104595,0.108522,0.197814,-0.103997,-0.324954,0.025798,0.433477,16.165900,0
58.300000,-0.213077,0.087535,-0.254966,-0.103997,-0.324954,0.025798,0.426668,15.172500,0
58.320000,-0.363932,0.154373,-0.047105,-0.103997,-0.324954,0.025798,0.545271,15.165200,0
58.340000,-0.421669,0.107581,-0.105021,-0.103997,-0.324954,0.025798,0.536658,14.541500,0
58.360000,-0.188524,0.067207,-0.092667,-0.103997,-0.324954,0.025798,0.401167,15.435100,0
58.380000,-0.226897,0.058991,-0.210213,-0.103997,-0.324954,0.025798,0.403136,14.242800,0
58.400000,-0.306112,0.098197,-0.037171,-0.103997,-0.324954,0.025798,0.468943,13.409500,0
58.420000,-0.083500,0.079938,0.067684,-0.103997,-0.324954,0.025798,0.405410,19.499100,0
58.440000,-0.201460,0.110059,-0.401970,-0.103997,-0.324954,0.025798,0.445797,15.458900,0
58.460000,-0.142687,0.158429,-0.191414,-0.103997,-0.324954,0.025798,0.484929,13.963600,0
58.480000,-0.230501,0.056039,0.095478,-0.103997,-0.324954,0.025798,0.401446,13.212800,0
58.500000,-0.326922,0.101760,-0.002270,-0.103997,-0.324954,0.025798,0.481435,15.122500,0
58.520000,-0.205529,0.108451,-0.099527,-0.103997,-0.324954,0.025798,0.445139,14.341100,0
58.540000,-0.250196,0.089477,-0.196036,-0.103997,-0.324954,0.025798,0.439462,15.410000,0
58.560000,-0.324821,0.116056,-0.192516,-0.103997,-0.324954,0.025798,0.493207,17.980700,0
58.580000,-0.055090,0.100580,-0.050616,-0.103997,-0.324954,0.025798,0.428335,14.707800,0
58.600000,-0.246715,0.054721,-0.079342,-0.103997,-0.324954,0.025798,0.405612,14.866100,0
58.620000,-0.286873,0.090729,-0.240022,-0.103997,-0.324954,0.025798,0.454132,16.090000,0
58.640000,-0.339321,0.092605,-0.100446,-0.103997,-0.324954,0.025798,0.479305,15.024500,0
58.660000,0.001866,0.081825,-0.059942,-0.103997,-0.324954,0.025798,0.420328,17.194800,0
58.680000,-0.318856,0.087077,-0.089844,-0.103997,-0.324954,0.025798,0.464686,14.174800,0
58.700000,-0.323734,0.082887,0.152341,-0.103997,-0.324954,0.025798,0.463269,13.967100,0
58.720000,-0.189427,0.041776,0.022713,-0.103997,-0.324954,0.025798,0.376549,15.353300,0
58.740000,-0.289183,0.071386,-0.015160,-0.103997,-0.324954,0.025798,0.437469,14.674900,0
58.760000,-0.075257,0.108786,-0.176158,-0.103997,-0.324954,0.025798,0.434691,14.659200,0
58.780000,-0.375162,0.094992,0.132075,-0.103997,-0.324954,0.025798,0.499886,15.017500,0
58.800000,-0.348786,0.086157,-0.320591,-0.103997,-0.324954,0.025798,0.478470,14.122500,0
58.820000,-0.275707,0.130885,0.044182,-0.103997,-0.324954,0.025798,0.487107,16.748700,0
58.840000,-0.081190,0.114358,-0.357502,-0.103997,-0.324954,0.025798,0.439903,23.324200,0
58.860000,-0.230941,0.071911,-0.057378,-0.103997,-0.324954,0.025798,0.416673,13.980700,0
58.880000,-0.311275,0.124837,-0.099538,-0.103997,-0.324954,0.025798,0.495253,14.199100,0
58.900000,-0.340615,0.119678,0.171346,-0.103997,-0.324954,0.025798,0.503672,14.581300,0
58.920000,-0.184273,0.087837,-0.037149,-0.103997,-0.324954,0.025798,0.420524,16.442500,0
58.940000,-0.337359,0.106141,-0.170370,-0.103997,-0.324954,0.025798,0.490204,15.040700,0
58.960000,-0.137667,0.093675,-0.070274,-0.103997,-0.324954,0.025798,0.419981,17.133700,0
58.980000,-0.218941,0.083654,0.252212,-0.103997,-0.324954,0.025798,0.424467,14.710300,0
59.000000,-0.301513,0.042911,0.034354,-0.103997,-0.324954,0.025798,0.417538,15.872000,0
59.020000,-0.045181,0.076713,-0.209476,-0.103997,-0.324954,0.025798,0.405950,14.834900,0
59.040000,-0.164814,0.103346,-0.308309,-0.103997,-0.324954,0.025798,0.432596,14.884500,0
59.060000,-0.334817,0.081586,-0.215786,-0.103997,-0.324954,0.025798,0.467496,15.719300,0
59.080000,-0.269437,0.091557,0.230969,-0.103997,-0.324954,0.025798,0.448165,14.926400,0
59.100000,0.050602,0.111931,-0.072783,-0.103997,-0.324954,0.025798,0.463432,15.245500,0
59.120000,-0.249404,0.061701,0.123873,-0.103997,-0.324954,0.025798,0.413092,14.553300,0
59.140000,-0.185650,0.091556,-0.095866,-0.103997,-0.324954,0.025798,0.424438,14.943300,0
59.160000,-0.210538,0.087813,0.283112,-0.103997,-0.324954,0.025798,0.426295,14.084500,0
59.180000,-0.281518,0.091564,0.105759,-0.103997,-0.324954,0.025798,0.452771,15.406900,0
59.200000,-0.314622,0.083613,-0.086164,-0.103997,-0.324954,0.025798,0.459662,17.098600,0
59.220000,-0.378902,0.090986,0.008893,-0.103997,-0.324954,0.025798,0.498577,16.118600,0
59.240000,-0.254451,0.121315,-0.019137,-0.103997,-0.324954,0.025798,0.470949,14.486600,0
59.260000,-0.297323,0.077298,0.164574,-0.103997,-0.324954,0.025798,0.446298,16.491700,0
59.280000,-0.354336,0.076978,0.094260,-0.103997,-0.324954,0.025798,0.473517,18.030500,0
59.300000,-0.371420,0.117051,-0.051442,-0.103997,-0.324954,0.025798,0.516608,17.119300,0
59.320000,-0.262153,0.091431,-0.090977,-0.103997,-0.324954,0.025798,0.445410,16.169000,0
59.340000,-0.360988,0.091341,-0.030804,-0.103997,-0.324954,0.025798,0.489230,17.145500,0
59.360000,0.001288,0.092548,-0.493935,-0.103997,-0.324954,0.025798,0.430573,16.889300,0
59.380000,-0.357167,0.135765,0.026239,-0.103997,-0.324954,0.025798,0.525697,16.433600,0
59.400000,-0.093837,0.106603,-0.238504,-0.103997,-0.324954,0.025798,0.431676,16.741300,0
59.420000,-0.621316,0.133293,-0.056803,-0.103997,-0.324954,0.025798,0.691093,16.433300,0
59.440000,-0.222860,0.092560,0.159859,-0.103997,-0.324954,0.025798,0.434104,16.171200,0
59.460000,-0.275330,0.065928,-0.034979,-0.103997,-0.324954,0.025798,0.426783,17.139300,0
59.480000,-0.221574,0.104351,-0.231922,-0.103997,-0.324954,0.025798,0.445114,16.601800,0
59.500000,-0.310280,0.091298,-0.089019,-0.103997,-0.324954,0.025798,0.464563,15.577700,0
59.520000,-0.338173,0.086391,0.051070,-0.103997,-0.324954,0.025798,0.473332,13.776300,0
59.540000,-0.161494,0.102265,-0.249995,-0.103997,-0.324954,0.025798,0.431070,16.787000,0
59.560000,-0.222877,0.082869,-0.029491,-0.103997,-0.324954,0.025798,0.424797,25.912500,0
59.580000,-0.171724,0.081399,-0.201431,-0.103997,-0.324954,0.025798,0.411959,14.886500,0
59.600000,-0.194172,0.062092,0.010883,-0.103997,-0.324954,0.025798,0.397412,14.168400,0
59.620000,-0.381988,0.087837,0.077670,-0.103997,-0.324954,0.025798,0.497671,16.597700,0
59.640000,-0.315271,0.096450,-0.025056,-0.103997,-0.324954,0.025798,0.471400,14.378700,0
59.660000,-0.166817,0.090805,0.046027,-0.103997,-0.324954,0.025798,0.420478,13.929400,0
59.680000,-0.398702,0.099680,0.350856,-0.103997,-0.324954,0.025798,0.516880,13.583300,0
59.700000,-0.277617,0.103920,-0.259668,-0.103997,-0.324954,0.025798,0.462685,16.067900,0
59.720000,-0.272432,0.094472,-0.080437,-0.103997,-0.324954,0.025798,0.451983,27.696600,0
59.740000,-0.321581,0.097427,-0.185667,-0.103997,-0.324954,0.025798,0.475130,15.808800,0
