timestamp,est_x,est_y,est_theta,gt_x,gt_y,gt_theta,error_m,update_time_ms,kidnapped
0.020000,-0.435798,-0.519562,1.699113,-0.550000,-0.458800,0.000000,0.129360,52.037700,0
0.040000,-0.494086,-0.422629,1.432772,-0.550000,-0.458800,0.000000,0.066593,60.868900,0
0.060000,-0.501653,-0.500225,1.537154,-0.550000,-0.458800,0.000000,0.063666,55.655700,0
0.080000,-0.504356,-0.449005,1.515742,-0.550000,-0.458800,0.000000,0.046683,46.739500,0
0.100000,-0.502096,-0.475419,1.532515,-0.550000,-0.458800,0.000000,0.050705,40.732200,0
0.120000,-0.510907,-0.476006,1.480493,-0.550000,-0.458800,0.000000,0.042712,45.412200,0
0.140000,-0.494873,-0.498112,1.511812,-0.550000,-0.458800,0.000000,0.067708,48.736800,0
0.160000,-0.500975,-0.444940,1.468161,-0.550000,-0.458800,0.000000,0.050946,36.567000,0
0.180000,-0.501790,-0.492704,1.543825,-0.550000,-0.458800,0.000000,0.058938,24.409900,0
0.200000,-0.495132,-0.472683,1.509006,-0.550000,-0.458800,0.000000,0.056598,22.739600,0
0.220000,-0.499695,-0.510457,1.569169,-0.550000,-0.458800,0.000000,0.072104,23.353700,0
0.240000,-0.496979,-0.433817,1.514370,-0.550000,-0.458800,0.000000,0.058612,37.280500,0
0.260000,-0.496391,-0.473894,1.505346,-0.550000,-0.458800,0.000000,0.055693,41.291400,0
0.280000,-0.501954,-0.509056,1.626675,-0.550000,-0.458800,0.000000,0.069528,45.946500,0
0.300000,-0.499733,-0.465897,1.572506,-0.550000,-0.458800,0.000000,0.050765,42.651400,0
0.320000,-0.496225,-0.510698,1.614345,-0.550000,-0.458800,0.000000,0.074734,33.272000,0
0.340000,-0.502621,-0.547355,1.629282,-0.550000,-0.458800,0.000000,0.100433,33.194500,0
0.360000,-0.501718,-0.469239,1.532093,-0.550000,-0.458800,0.000000,0.049398,41.615500,0
0.380000,-0.504499,-0.464356,1.462767,-0.550000,-0.458800,0.000000,0.045839,45.131800,0
0.400000,-0.497736,-0.493499,1.630711,-0.550000,-0.458800,0.000000,0.062734,21.580100,0
0.420000,-0.498619,-0.540140,1.617808,-0.550000,-0.458800,0.000000,0.096209,22.523100,0
0.440000,-0.505082,-0.466005,1.512156,-0.550000,-0.458800,0.000000,0.045493,31.035500,0
0.460000,-0.507265,-0.477486,1.487015,-0.550000,-0.458800,0.000000,0.046641,22.933900,0
0.480000,-0.505511,-0.475398,1.508049,-0.550000,-0.458800,0.000000,0.047485,22.891300,0
0.500000,-0.498426,-0.469900,1.594200,-0.550000,-0.458800,0.000000,0.052755,21.476300,0
0.520000,-0.501519,-0.444603,1.451781,-0.550000,-0.458800,0.000000,0.050517,21.760600,0
0.540000,-0.499967,-0.507154,1.523695,-0.550000,-0.458800,0.000000,0.069580,28.453100,0
0.560000,-0.503520,-0.480964,1.511884,-0.550000,-0.458800,0.000000,0.051494,37.415000,0
0.580000,-0.497921,-0.469771,1.507267,-0.550000,-0.458800,0.000000,0.053223,30.434700,0
0.600000,-0.497982,-0.478427,1.513034,-0.550000,-0.458800,0.000000,0.055598,27.499700,0
0.620000,-0.496343,-0.495151,1.510992,-0.550000,-0.458800,0.000000,0.064811,42.178700,0
0.640000,-0.498479,-0.475389,1.499808,-0.550000,-0.458800,0.000000,0.054126,40.659000,0
0.660000,-0.500157,-0.499025,1.551755,-0.550000,-0.458800,0.000000,0.064050,42.551200,0
0.680000,-0.494398,-0.480401,1.506560,-0.550000,-0.458800,0.000000,0.059650,45.085300,0
0.700000,-0.499661,-0.466904,1.550183,-0.550000,-0.458800,0.000000,0.050987,34.016000,0
0.720000,-0.504827,-0.486732,1.527428,-0.550000,-0.458800,0.000000,0.053111,32.821400,0
0.740000,-0.494616,-0.494739,1.529982,-0.550000,-0.458800,0.000000,0.066023,23.063000,0
0.760000,-0.496275,-0.494743,1.522709,-0.550000,-0.458800,0.000000,0.064640,21.024100,0
0.780000,-0.497109,-0.492671,1.499678,-0.550000,-0.458800,0.000000,0.062807,20.274700,0
0.800000,-0.500570,-0.459310,1.500603,-0.550000,-0.458800,0.000000,0.049432,19.910300,0
0.820000,-0.501433,-0.486828,1.521170,-0.550000,-0.458800,0.000000,0.056074,19.634500,0
0.840000,-0.498523,-0.487430,1.510327,-0.550000,-0.458800,0.000000,0.058903,19.578900,0
0.860000,-0.499593,-0.487441,1.517619,-0.550000,-0.458800,0.000000,0.057975,19.234700,0
0.880000,-0.502709,-0.497488,1.518621,-0.550000,-0.458800,0.000000,0.061100,32.591700,0
0.900000,-0.498477,-0.492343,1.512359,-0.550000,-0.458800,0.000000,0.061480,22.667200,0
0.920000,-0.504912,-0.477272,1.450204,-0.550000,-0.458800,0.000000,0.048725,23.983700,0
0.940000,-0.500929,-0.488876,1.538396,-0.550000,-0.458800,0.000000,0.057554,20.967700,0
0.960000,-0.504039,-0.425761,1.408444,-0.550000,-0.458800,0.000000,0.056604,20.593000,0
0.980000,-0.500539,-0.486226,1.523962,-0.550000,-0.458800,0.000000,0.056555,27.273900,0
1.000000,-0.500596,-0.480457,1.588709,-0.550000,-0.458800,0.000000,0.053942,34.266700,0
1.020000,-0.503465,-0.508028,1.621469,-0.550000,-0.458800,0.000000,0.067741,20.597200,0
1.040000,-0.510014,-0.499506,1.553593,-0.550000,-0.458800,0.000000,0.057060,21.472400,0
1.060000,-0.501030,-0.527917,1.592400,-0.550000,-0.458800,0.000000,0.084707,21.022600,0
1.080000,-0.494226,-0.474809,1.529608,-0.550000,-0.458800,0.000000,0.058026,26.249200,0
1.100000,-0.496723,-0.512575,1.614404,-0.550000,-0.458800,0.000000,0.075698,21.670500,0
1.120000,-0.499192,-0.488604,1.577176,-0.550000,-0.458800,0.000000,0.058905,22.411100,0
1.140000,-0.495648,-0.500314,1.607040,-0.550000,-0.458800,0.000000,0.068393,21.972100,0
1.160000,-0.503019,-0.540982,1.592834,-0.550000,-0.458800,0.000000,0.094663,21.819700,0
1.180000,-0.493989,-0.474473,1.486279,-0.550000,-0.458800,0.000000,0.058163,22.076800,0
1.200000,-0.496504,-0.480682,1.519240,-0.550000,-0.458800,0.000000,0.057799,27.748800,0
1.220000,-0.504801,-0.474699,1.529605,-0.550000,-0.458800,0.000000,0.047914,22.246600,0
1.240000,-0.494786,-0.500085,1.509229,-0.550000,-0.458800,0.000000,0.068942,27.836700,0
1.260000,-0.496152,-0.510394,1.488165,-0.550000,-0.458800,0.000000,0.074576,24.074900,0
1.280000,-0.505287,-0.437680,1.521002,-0.550000,-0.458800,0.000000,0.049450,21.697500,0
1.300000,-0.493334,-0.493152,1.578772,-0.550000,-0.458800,0.000000,0.066266,21.774200,0
1.320000,-0.502042,-0.524618,1.591058,-0.550000,-0.458800,0.000000,0.081437,20.411400,0
1.340000,-0.498435,-0.493619,1.617902,-0.550000,-0.458800,0.000000,0.062220,20.600000,0
1.360000,-0.496415,-0.440938,1.475845,-0.550000,-0.458800,0.000000,0.056484,22.928700,0
1.380000,-0.497014,-0.495065,1.520091,-0.550000,-0.458800,0.000000,0.064208,35.977300,0
1.400000,-0.501475,-0.511983,1.479402,-0.550000,-0.458800,0.000000,0.071994,35.162300,0
1.420000,-0.500446,-0.494704,1.513905,-0.550000,-0.458800,0.000000,0.061194,30.394400,0
1.440000,-0.505071,-0.475769,1.514873,-0.550000,-0.458800,0.000000,0.048027,22.381600,0
1.460000,-0.500619,-0.480367,1.504921,-0.550000,-0.458800,0.000000,0.053885,21.869900,0
1.480000,-0.501915,-0.482414,1.624254,-0.550000,-0.458800,0.000000,0.053570,23.759900,0
1.500000,-0.500661,-0.511651,1.589183,-0.550000,-0.458800,0.000000,0.072302,29.138800,0
1.520000,-0.503818,-0.464807,1.542526,-0.550000,-0.458800,0.000000,0.046571,20.740900,0
1.540000,-0.500274,-0.485478,1.510655,-0.550000,-0.458800,0.000000,0.056431,29.740000,0
1.560000,-0.496772,-0.465514,1.576893,-0.550000,-0.458800,0.000000,0.053650,18.315600,0
1.580000,-0.502405,-0.457406,1.512697,-0.550000,-0.458800,0.000000,0.047616,18.199100,0
1.600000,-0.498008,-0.491376,1.521751,-0.550000,-0.458800,0.000000,0.061354,18.508300,0
1.620000,-0.498442,-0.491476,1.504956,-0.550000,-0.458800,0.000000,0.061041,18.899400,0
1.640000,-0.500087,-0.484041,1.521005,-0.550000,-0.458800,0.000000,0.055932,19.461000,0
1.660000,-0.500992,-0.477703,1.512773,-0.550000,-0.458800,0.000000,0.052527,18.882300,0
1.680000,-0.496274,-0.490600,1.613412,-0.550000,-0.458800,0.000000,0.062432,19.250200,0
1.700000,-0.499253,-0.458872,1.522568,-0.550000,-0.458800,0.000000,0.050747,18.757400,0
1.720000,-0.498481,-0.473603,1.495928,-0.550000,-0.458800,0.000000,0.053604,18.963300,0
1.740000,-0.493173,-0.463109,1.557797,-0.550000,-0.458800,0.000000,0.056991,18.909500,0
1.760000,-0.495894,-0.471334,1.471002,-0.550000,-0.458800,0.000000,0.055538,18.901900,0
1.780000,-0.501502,-0.513589,1.562917,-0.550000,-0.458800,0.000000,0.073170,26.636100,0
1.800000,-0.500894,-0.508786,1.581354,-0.550000,-0.458800,0.000000,0.070071,17.924400,0
1.820000,-0.500264,-0.513836,1.667301,-0.550000,-0.458800,0.000000,0.074180,18.332500,0
1.840000,-0.502616,-0.499192,1.575614,-0.550000,-0.458800,0.000000,0.062264,17.412200,0
1.860000,-0.496777,-0.453921,1.516780,-0.550000,-0.458800,0.000000,0.053447,18.668900,0
1.880000,-0.498132,-0.481385,1.512732,-0.550000,-0.458800,0.000000,0.056572,18.649000,0
1.900000,-0.497557,-0.479179,1.607767,-0.550000,-0.458800,0.000000,0.056263,18.620800,0
1.920000,-0.505135,-0.496015,1.586206,-0.550000,-0.458800,0.000000,0.058291,19.546700,0
1.940000,-0.495335,-0.620824,1.628142,-0.550000,-0.458800,0.000000,0.170997,19.124300,0
1.960000,-0.494216,-0.492799,1.594674,-0.550000,-0.458800,0.000000,0.065328,18.505900,0
1.980000,-0.503715,-0.459227,1.518894,-0.550000,-0.458800,0.000000,0.046287,20.176400,0
2.000000,-0.508584,-0.487558,1.501047,-0.550000,-0.458800,0.000000,0.050421,19.432600,0
2.020000,-0.502984,-0.480050,1.587244,-0.550000,-0.458800,0.000000,0.051595,18.950700,0
2.040000,-0.500385,-0.516038,1.586027,-0.550000,-0.458800,0.000000,0.075749,22.507800,0
2.060000,-0.500623,-0.477471,1.579192,-0.550000,-0.458800,0.000000,0.052789,25.978400,0
2.080000,-0.497038,-0.508190,1.618497,-0.550000,-0.458800,0.000000,0.072418,25.370800,0
2.100000,-0.499029,-0.502829,1.585014,-0.550000,-0.458800,0.000000,0.067355,24.922400,0
2.120000,-0.501623,-0.484377,1.494882,-0.550000,-0.458800,0.000000,0.054722,20.645900,0
2.140000,-0.497900,-0.481351,1.610257,-0.550000,-0.458800,0.000000,0.056771,20.807300,0
2.160000,-0.493539,-0.501112,1.570507,-0.550000,-0.458800,0.000000,0.070556,20.746100,0
2.180000,-0.502390,-0.449461,1.508553,-0.550000,-0.458800,0.000000,0.048517,18.102300,0
2.200000,-0.498038,-0.489611,1.510005,-0.550000,-0.458800,0.000000,0.060410,16.680900,0
2.220000,-0.499667,-0.475038,1.586921,-0.550000,-0.458800,0.000000,0.052887,17.345500,0
2.240000,-0.503757,-0.503546,1.589388,-0.550000,-0.458800,0.000000,0.064347,17.783600,0
2.260000,-0.500393,-0.477927,1.592979,-0.550000,-0.458800,0.000000,0.053166,18.244900,0
2.280000,-0.502166,-0.495526,1.565203,-0.550000,-0.458800,0.000000,0.060307,18.388000,0
2.300000,-0.494187,-0.496244,1.612811,-0.550000,-0.458800,0.000000,0.067210,18.952500,0
2.320000,-0.500313,-0.472526,1.509422,-0.550000,-0.458800,0.000000,0.051548,19.148000,0
2.340000,-0.503284,-0.496802,1.603898,-0.550000,-0.458800,0.000000,0.060221,19.757100,0
2.360000,-0.502456,-0.495273,1.513767,-0.550000,-0.458800,0.000000,0.059922,19.552400,0
2.380000,-0.496264,-0.470339,1.566621,-0.550000,-0.458800,0.000000,0.054961,19.529600,0
2.400000,-0.501043,-0.501625,1.526307,-0.550000,-0.458800,0.000000,0.065044,18.810500,0
2.420000,-0.500259,-0.484480,1.557149,-0.550000,-0.458800,0.000000,0.055979,18.907400,0
2.440000,-0.495589,-0.448217,1.484464,-0.550000,-0.458800,0.000000,0.055430,18.958300,0
2.460000,-0.506113,-0.493124,1.492611,-0.550000,-0.458800,0.000000,0.055715,19.223300,0
2.480000,-0.499305,-0.485191,1.510371,-0.550000,-0.458800,0.000000,0.057152,19.119500,0
2.500000,-0.502727,-0.465711,1.550791,-0.550000,-0.458800,0.000000,0.047776,19.399200,0
2.520000,-0.498974,-0.457029,1.490102,-0.550000,-0.458800,0.000000,0.051056,16.936000,0
2.540000,-0.505396,-0.506600,1.575545,-0.550000,-0.458800,0.000000,0.065379,17.199900,0
2.560000,-0.507409,-0.440769,1.472676,-0.550000,-0.458800,0.000000,0.046250,18.191300,0
2.580000,-0.499524,-0.480465,1.520343,-0.550000,-0.458800,0.000000,0.054929,17.834200,0
2.600000,-0.499126,-0.461882,1.533445,-0.550000,-0.458800,0.000000,0.050968,18.680800,0
2.620000,-0.502568,-0.476131,1.521771,-0.550000,-0.458800,0.000000,0.050499,19.199000,0
2.640000,-0.502895,-0.457728,1.493481,-0.550000,-0.458800,0.000000,0.047117,21.372800,0
2.660000,-0.503491,-0.497349,1.536475,-0.550000,-0.458800,0.000000,0.060408,18.188600,0
2.680000,-0.502346,-0.486005,1.485629,-0.550000,-0.458800,0.000000,0.054873,17.986700,0
2.700000,-0.497602,-0.475164,1.528701,-0.550000,-0.458800,0.000000,0.054894,18.867000,0
2.720000,-0.498628,-0.510301,1.532360,-0.550000,-0.458800,0.000000,0.072742,19.871400,0
2.740000,-0.503207,-0.498295,1.517526,-0.550000,-0.458800,0.000000,0.061233,18.951900,0
2.760000,-0.509534,-0.507126,1.616517,-0.550000,-0.458800,0.000000,0.063031,27.664300,0
2.780000,-0.508036,-0.444535,1.515444,-0.550000,-0.458800,0.000000,0.044323,18.347500,0
2.800000,-0.507830,-0.466964,1.531836,-0.550000,-0.458800,0.000000,0.042953,18.763400,0
2.820000,-0.493050,-0.459487,1.488515,-0.550000,-0.458800,0.000000,0.056954,19.400600,0
2.840000,-0.504839,-0.511548,1.569116,-0.550000,-0.458800,0.000000,0.069440,19.717500,0
2.860000,-0.503114,-0.501801,1.606655,-0.550000,-0.458800,0.000000,0.063620,20.438100,0
2.880000,-0.509606,-0.389028,1.500982,-0.550000,-0.458800,0.000000,0.080621,20.537900,0
2.900000,-0.499702,-0.475510,1.526822,-0.550000,-0.458800,0.000000,0.053001,20.538100,0
2.920000,-0.504822,-0.490884,1.515162,-0.550000,-0.458800,0.000000,0.055411,21.164500,0
2.940000,-0.503724,-0.470238,1.549550,-0.550000,-0.458800,0.000000,0.047668,20.604900,0
2.960000,-0.500329,-0.459249,1.511429,-0.550000,-0.458800,0.000000,0.049673,19.952600,0
2.980000,-0.498816,-0.475079,1.518121,-0.550000,-0.458800,0.000000,0.053711,20.262000,0
3.000000,-0.499205,-0.499343,1.586696,-0.550000,-0.458800,0.000000,0.064992,20.502500,0
3.020000,-0.505090,-0.509304,1.589578,-0.550000,-0.458800,0.000000,0.067584,21.035700,0
3.040000,-0.504004,-0.482008,1.446004,-0.550000,-0.458800,0.000000,0.051519,20.655400,0
3.060000,-0.498956,-0.477023,1.537852,-0.550000,-0.458800,0.000000,0.054199,27.099600,0
3.080000,-0.495278,-0.482932,1.513276,-0.550000,-0.458800,0.000000,0.059807,21.685300,0
3.100000,-0.496519,-0.473238,1.541625,-0.550000,-0.458800,0.000000,0.055396,19.857700,0
3.120000,-0.493135,-0.472975,1.457729,-0.550000,-0.458800,0.000000,0.058605,19.776100,0
3.140000,-0.500239,-0.521600,1.536267,-0.550000,-0.458800,0.000000,0.080124,19.373500,0
3.160000,-0.500765,-0.497516,1.585010,-0.550000,-0.458800,0.000000,0.062634,20.180500,0
3.180000,-0.497620,-0.489044,1.552435,-0.550000,-0.458800,0.000000,0.060485,19.381200,0
3.200000,-0.500829,-0.457012,1.503855,-0.550000,-0.458800,0.000000,0.049204,21.677000,0
3.220000,-0.497878,-0.495272,1.572410,-0.550000,-0.458800,0.000000,0.063615,18.927300,0
3.240000,-0.501513,-0.490475,1.568700,-0.550000,-0.458800,0.000000,0.057917,20.225700,0
3.260000,-0.503793,-0.497940,1.619841,-0.550000,-0.458800,0.000000,0.060556,19.808000,0
3.280000,-0.498821,-0.487101,1.612454,-0.550000,-0.458800,0.000000,0.058482,20.005500,0
3.300000,-0.501148,-0.436667,1.505947,-0.550000,-0.458800,0.000000,0.053632,20.588000,0
3.320000,-0.502780,-0.489263,1.532018,-0.550000,-0.458800,0.000000,0.056193,19.404900,0
3.340000,-0.496325,-0.497811,1.501698,-0.550000,-0.456378,-0.000076,0.067806,19.978900,0
3.360000,-0.500176,-0.469310,1.520450,-0.550000,-0.453378,-0.000076,0.052310,21.573400,0
3.380000,-0.503302,-0.515583,1.597173,-0.550000,-0.450378,-0.000076,0.080202,19.715200,0
3.400000,-0.507298,-0.459179,1.640315,-0.550001,-0.447378,-0.000076,0.044304,21.401200,0
3.420000,-0.504736,-0.508700,1.559455,-0.550001,-0.444378,-0.000076,0.078652,20.261800,0
3.440000,-0.502272,-0.481216,1.569048,-0.550001,-0.441377,-0.000076,0.062171,20.680300,0
3.460000,-0.502188,-0.490235,1.620905,-0.550001,-0.438377,-0.000076,0.070536,20.108400,0
3.480000,-0.498298,-0.492105,1.571229,-0.550002,-0.435377,-0.000076,0.076755,20.292900,0
3.500000,-0.499961,-0.496009,1.604340,-0.550002,-0.432377,-0.000076,0.080951,21.155100,0
3.520000,-0.503154,-0.453665,1.511692,-0.550002,-0.429377,-0.000076,0.052769,20.565100,0
3.540000,-0.506099,-0.440971,1.489974,-0.550002,-0.426377,-0.000076,0.046265,20.548900,0
3.560000,-0.496376,-0.444210,1.635643,-0.550003,-0.423377,-0.000076,0.057532,21.271600,0
3.580000,-0.499646,-0.470176,1.616747,-0.550003,-0.420377,-0.000076,0.070822,20.791700,0
3.600000,-0.495372,-0.487289,1.602857,-0.550003,-0.417377,-0.000076,0.088725,20.164800,0
3.620000,-0.496397,-0.434563,1.570802,-0.550003,-0.414377,-0.000076,0.057281,19.515700,0
3.640000,-0.496260,-0.452926,1.609309,-0.550004,-0.411377,-0.000076,0.067932,20.485700,0
3.660000,-0.504855,-0.416097,1.524090,-0.550004,-0.408377,-0.000076,0.045805,21.043300,0
3.680000,-0.498444,-0.446646,1.514610,-0.550004,-0.405377,-0.000076,0.066042,19.861300,0
3.700000,-0.503018,-0.425836,1.516682,-0.550004,-0.402377,-0.000076,0.052517,20.048900,0
3.720000,-0.500318,-0.439341,1.616228,-0.550004,-0.399377,-0.000076,0.063764,20.267700,0
3.740000,-0.502663,-0.450288,1.517149,-0.550005,-0.396377,-0.000076,0.071747,19.554000,0
3.760000,-0.504139,-0.448070,1.546816,-0.550005,-0.393377,-0.000076,0.071379,19.839900,0
3.780000,-0.500656,-0.450494,1.583443,-0.550005,-0.390377,-0.000076,0.077777,19.036200,0
3.800000,-0.499019,-0.405173,1.575318,-0.550005,-0.389867,-0.000003,0.053234,21.271600,0
3.820000,-0.496100,-0.452522,1.633965,-0.550005,-0.389867,-0.000003,0.082652,22.112000,0
3.840000,-0.498172,-0.417241,1.589265,-0.550005,-0.389867,-0.000003,0.058617,21.084600,0
3.860000,-0.501530,-0.434151,1.581368,-0.550005,-0.389867,-0.000003,0.065657,20.111100,0
3.880000,-0.508984,-0.392622,1.497520,-0.550005,-0.389867,-0.000003,0.041113,20.777800,0
3.900000,-0.505677,-0.376068,1.485297,-0.550005,-0.389867,-0.000003,0.046426,20.819500,0
3.920000,-0.494084,-0.407486,1.506992,-0.550005,-0.389868,-0.000003,0.058631,19.943800,0
3.940000,-0.497455,-0.397348,1.573700,-0.550005,-0.389868,-0.000003,0.053080,25.336800,0
3.960000,-0.501988,-0.417579,1.533273,-0.550005,-0.389868,-0.000003,0.055440,17.617300,0
3.980000,-0.497405,-0.429435,1.524781,-0.550005,-0.389868,-0.000003,0.065820,16.624200,0
4.000000,-0.500264,-0.341827,1.505474,-0.550005,-0.389868,-0.000003,0.069153,16.828900,0
4.020000,-0.500513,-0.390140,1.494363,-0.550005,-0.389868,-0.000003,0.049493,16.994200,0
4.040000,-0.498986,-0.433538,1.498099,-0.550005,-0.389868,-0.000003,0.067156,16.494500,0
4.060000,-0.500251,-0.426402,1.621074,-0.550005,-0.389868,-0.000003,0.061726,20.960600,0
4.080000,-0.500614,-0.391528,1.510668,-0.550005,-0.389868,-0.000003,0.049419,18.693100,0
4.100000,-0.496000,-0.410977,1.458317,-0.550005,-0.389868,-0.000003,0.057984,18.756400,0
4.120000,-0.498696,-0.409487,1.503404,-0.550005,-0.389868,-0.000003,0.054932,18.204600,0
4.140000,-0.495936,-0.424940,1.587774,-0.550005,-0.389868,-0.000003,0.064448,17.729100,0
4.160000,-0.499530,-0.381818,1.498279,-0.550005,-0.389868,-0.000003,0.051113,17.335800,0
4.180000,-0.491401,-0.407990,1.547554,-0.550005,-0.389868,-0.000003,0.061342,17.161700,0
4.200000,-0.498115,-0.388872,1.499700,-0.550005,-0.387445,-0.000078,0.051910,16.928900,0
4.220000,-0.498529,-0.415756,1.492277,-0.550005,-0.384446,-0.000078,0.060251,16.166800,0
4.240000,-0.491643,-0.406748,1.500755,-0.550006,-0.381445,-0.000078,0.063612,16.412700,0
4.260000,-0.493717,-0.374512,1.500755,-0.550006,-0.378445,-0.000078,0.056426,16.078200,0
4.280000,-0.502894,-0.427788,1.588796,-0.550006,-0.375445,-0.000078,0.070422,15.722400,0
4.300000,-0.502115,-0.431856,1.491871,-0.550006,-0.372445,-0.000078,0.076310,16.666500,0
4.320000,-0.496814,-0.351926,1.548489,-0.550007,-0.369445,-0.000078,0.056004,17.011900,0
4.340000,-0.500157,-0.376343,1.518977,-0.550007,-0.366445,-0.000078,0.050823,17.719700,0
4.360000,-0.497688,-0.383065,1.516259,-0.550007,-0.363445,-0.000078,0.055877,16.893500,0
4.380000,-0.493887,-0.390200,1.614459,-0.550007,-0.360445,-0.000078,0.063520,17.610100,0
4.400000,-0.501338,-0.346576,1.525350,-0.550008,-0.357445,-0.000078,0.049869,18.123200,0
4.420000,-0.496270,-0.376464,1.517716,-0.550008,-0.354445,-0.000078,0.058074,17.655200,0
4.440000,-0.489732,-0.394669,1.463382,-0.550008,-0.351445,-0.000078,0.074172,18.136100,0
4.460000,-0.496470,-0.362071,1.513858,-0.550008,-0.348445,-0.000078,0.055245,17.742600,0
4.480000,-0.495906,-0.414344,1.600769,-0.550009,-0.345445,-0.000078,0.087603,17.829100,0
4.500000,-0.500363,-0.377949,1.659127,-0.550009,-0.342445,-0.000078,0.061035,18.421100,0
4.520000,-0.501231,-0.307248,1.492412,-0.550009,-0.339445,-0.000078,0.058446,17.859000,0
4.540000,-0.495142,-0.351167,1.514558,-0.550009,-0.336445,-0.000078,0.056808,17.865000,0
4.560000,-0.504327,-0.397532,1.536821,-0.550009,-0.333445,-0.000078,0.078702,17.505800,0
4.580000,-0.493640,-0.368956,1.585037,-0.550010,-0.330445,-0.000078,0.068269,17.476100,0
4.600000,-0.498692,-0.367379,1.571874,-0.550010,-0.327445,-0.000078,0.065026,17.356300,0
4.620000,-0.501788,-0.273926,1.519883,-0.550010,-0.324445,-0.000078,0.069839,18.776800,0
4.640000,-0.494969,-0.339700,1.513392,-0.550010,-0.321445,-0.000078,0.057989,19.293400,0
4.660000,-0.497336,-0.332170,1.513622,-0.550011,-0.318445,-0.000078,0.054434,16.291400,0
4.680000,-0.493690,-0.359974,1.514064,-0.550011,-0.315445,-0.000078,0.071798,18.281800,0
4.700000,-0.498883,-0.338287,1.618141,-0.550011,-0.312445,-0.000078,0.057288,18.648700,0
4.720000,-0.493686,-0.342963,1.642535,-0.550011,-0.309445,-0.000078,0.065543,18.580500,0
4.740000,-0.497697,-0.344979,1.566981,-0.550012,-0.306445,-0.000078,0.064975,18.075200,0
4.760000,-0.498502,-0.368534,1.590110,-0.550012,-0.303445,-0.000078,0.083005,18.475400,0
4.780000,-0.499756,-0.320712,1.599527,-0.550012,-0.300445,-0.000078,0.054189,18.693700,0
4.800000,-0.498685,-0.352957,1.605338,-0.550012,-0.297445,-0.000078,0.075605,18.719700,0
4.820000,-0.493737,-0.331659,1.606371,-0.550013,-0.294445,-0.000078,0.067468,18.751500,0
4.840000,-0.496436,-0.363428,1.604520,-0.550013,-0.291445,-0.000078,0.089733,18.809100,0
4.860000,-0.497669,-0.298363,1.617441,-0.550013,-0.288445,-0.000078,0.053275,18.834100,0
4.880000,-0.497546,-0.333940,1.572391,-0.550013,-0.285445,-0.000078,0.071446,18.432500,0
4.900000,-0.496877,-0.271459,1.535806,-0.550013,-0.282445,-0.000078,0.054260,19.081900,0
4.920000,-0.498192,-0.293938,1.502920,-0.550014,-0.279445,-0.000078,0.053811,18.781400,0
4.940000,-0.492474,-0.294173,1.606954,-0.550014,-0.276445,-0.000078,0.060209,19.012200,0
4.960000,-0.498924,-0.320702,1.587796,-0.550014,-0.273445,-0.000078,0.069594,18.286900,0
4.980000,-0.496421,-0.274805,1.581090,-0.550014,-0.270445,-0.000078,0.053770,18.843500,0
5.000000,-0.492990,-0.241270,1.526752,-0.550015,-0.267445,-0.000078,0.062746,19.148300,0
5.020000,-0.496984,-0.284584,1.517862,-0.550015,-0.264445,-0.000078,0.056726,17.856900,0
5.040000,-0.489010,-0.268692,1.541058,-0.550015,-0.261445,-0.000078,0.061434,18.615300,0
5.060000,-0.493346,-0.285070,1.551371,-0.550015,-0.258445,-0.000078,0.062612,18.781900,0
5.080000,-0.492350,-0.254123,1.482992,-0.550016,-0.255445,-0.000078,0.057681,17.919300,0
5.100000,-0.494401,-0.245182,1.527698,-0.550016,-0.252445,-0.000078,0.056087,18.252200,0
5.120000,-0.494534,-0.282048,1.564142,-0.550016,-0.249445,-0.000078,0.064352,18.612500,0
5.140000,-0.499114,-0.295163,1.609070,-0.550016,-0.246445,-0.000078,0.070459,19.103400,0
5.160000,-0.496277,-0.241599,1.487120,-0.550016,-0.243445,-0.000078,0.053770,19.275300,0
5.180000,-0.498970,-0.246543,1.578881,-0.550017,-0.240445,-0.000078,0.051410,18.288700,0
5.200000,-0.500613,-0.305572,1.605036,-0.550017,-0.237445,-0.000078,0.084155,18.695900,0
5.220000,-0.491883,-0.243734,1.573140,-0.550017,-0.234445,-0.000078,0.058871,18.792300,0
5.240000,-0.488787,-0.213045,1.508004,-0.550017,-0.231445,-0.000078,0.063935,18.637100,0
5.260000,-0.494535,-0.234304,1.518649,-0.550018,-0.228445,-0.000078,0.055791,18.435500,0
5.280000,-0.496828,-0.274483,1.553177,-0.550018,-0.225445,-0.000078,0.072346,18.977200,0
5.300000,-0.493992,-0.254261,1.581873,-0.550018,-0.222445,-0.000078,0.064430,18.686500,0
5.320000,-0.492887,-0.253318,1.566118,-0.550018,-0.219445,-0.000078,0.066418,17.964500,0
5.340000,-0.492352,-0.262594,1.579959,-0.550019,-0.216445,-0.000078,0.073859,18.313100,0
5.360000,-0.492355,-0.257739,1.525958,-0.550019,-0.213445,-0.000078,0.072712,17.838700,0
5.380000,-0.493906,-0.289121,1.524961,-0.550019,-0.210445,-0.000078,0.096636,19.228600,0
5.400000,-0.497506,-0.227426,1.510597,-0.550019,-0.207445,-0.000078,0.056186,17.956000,0
5.420000,-0.492981,-0.225185,1.528056,-0.550020,-0.204445,-0.000078,0.060693,17.442400,0
5.440000,-0.496432,-0.206813,1.549922,-0.550020,-0.201445,-0.000078,0.053857,18.323400,0
5.460000,-0.494882,-0.211086,1.536790,-0.550020,-0.198445,-0.000078,0.056568,16.641500,0
5.480000,-0.492988,-0.178321,1.500772,-0.550020,-0.195445,-0.000078,0.059547,15.665600,0
5.500000,-0.493262,-0.223394,1.522476,-0.550020,-0.192445,-0.000078,0.064647,16.046200,0
5.520000,-0.491619,-0.232742,1.519784,-0.550021,-0.189445,-0.000078,0.072701,16.383100,0
5.540000,-0.491235,-0.172921,1.483071,-0.550021,-0.186445,-0.000078,0.060321,16.541200,0
5.560000,-0.495242,-0.213133,1.587635,-0.550021,-0.183445,-0.000078,0.062306,16.060800,0
5.580000,-0.494378,-0.242951,1.606967,-0.550021,-0.180445,-0.000078,0.083685,16.269600,0
5.600000,-0.491933,-0.231227,1.592170,-0.550022,-0.177445,-0.000078,0.079163,18.627000,0
5.620000,-0.496489,-0.216447,1.623754,-0.550022,-0.174445,-0.000078,0.068044,15.995600,0
5.640000,-0.492789,-0.230920,1.568010,-0.550022,-0.171445,-0.000078,0.082541,16.491800,0
5.660000,-0.496123,-0.201436,1.576391,-0.550022,-0.168445,-0.000078,0.063194,16.175600,0
5.680000,-0.495030,-0.207846,1.618110,-0.550023,-0.165445,-0.000078,0.069441,16.934200,0
5.700000,-0.494025,-0.223285,1.574970,-0.550023,-0.162445,-0.000078,0.082688,16.695100,0
5.720000,-0.493422,-0.128317,1.519407,-0.550023,-0.159445,-0.000078,0.064596,17.275700,0
5.740000,-0.489022,-0.184039,1.515136,-0.550023,-0.156445,-0.000078,0.066952,17.191000,0
5.760000,-0.494858,-0.173719,1.494528,-0.550024,-0.153445,-0.000078,0.058774,17.383200,0
5.780000,-0.493484,-0.177863,1.625982,-0.550024,-0.150445,-0.000078,0.062837,17.334000,0
5.800000,-0.489366,-0.174994,1.520997,-0.550024,-0.147445,-0.000078,0.066620,18.098500,0
5.820000,-0.494852,-0.151550,1.518184,-0.550024,-0.144445,-0.000078,0.055627,17.728800,0
5.840000,-0.487797,-0.174292,1.526174,-0.550025,-0.141445,-0.000078,0.070365,17.296600,0
5.860000,-0.493616,-0.160873,1.485991,-0.550025,-0.138445,-0.000078,0.060704,17.752700,0
5.880000,-0.494829,-0.144910,1.517788,-0.550025,-0.135445,-0.000078,0.056002,17.648500,0
5.900000,-0.493066,-0.171883,1.513894,-0.550025,-0.132445,-0.000078,0.069280,16.059400,0
5.920000,-0.493076,-0.126189,1.483443,-0.550025,-0.129445,-0.000078,0.057042,17.004100,0
5.940000,-0.493112,-0.115793,1.549068,-0.550026,-0.126445,-0.000078,0.057902,18.315100,0
5.960000,-0.490181,-0.144361,1.490252,-0.550026,-0.123445,-0.000078,0.063395,18.524300,0
5.980000,-0.489069,-0.111684,1.517654,-0.550026,-0.120445,-0.000078,0.061583,19.066300,0
6.000000,-0.485935,-0.120479,1.495371,-0.550026,-0.117445,-0.000078,0.064163,18.649800,0
6.020000,-0.487800,-0.199393,1.577351,-0.550027,-0.114445,-0.000078,0.105301,19.041900,0
6.040000,-0.490429,-0.157643,1.590009,-0.550027,-0.111445,-0.000078,0.075407,19.148000,0
6.060000,-0.493186,-0.122721,1.547265,-0.550027,-0.108445,-0.000078,0.058606,19.356600,0
6.080000,-0.493405,-0.122423,1.541838,-0.550027,-0.105445,-0.000078,0.059112,19.218900,0
6.100000,-0.486148,-0.085336,1.480448,-0.550028,-0.102445,-0.000078,0.066132,19.875500,0
6.120000,-0.484945,-0.120840,1.494835,-0.550028,-0.099445,-0.000078,0.068509,19.492200,0
6.140000,-0.488113,-0.115033,1.534467,-0.550028,-0.096445,-0.000078,0.064645,19.397100,0
6.160000,-0.491704,-0.122858,1.529118,-0.550028,-0.093445,-0.000078,0.065321,18.731900,0
6.180000,-0.495087,-0.095112,1.541826,-0.550029,-0.090445,-0.000078,0.055140,18.270000,0
6.200000,-0.496504,-0.147061,1.530411,-0.550029,-0.087445,-0.000078,0.080119,19.466300,0
6.220000,-0.490031,-0.157781,1.614603,-0.550029,-0.084445,-0.000078,0.094752,19.103300,0
6.240000,-0.493615,-0.113169,1.590215,-0.550029,-0.081445,-0.000078,0.064722,17.983400,0
6.260000,-0.486741,-0.144953,1.605246,-0.550029,-0.078445,-0.000078,0.091807,16.800200,0
6.280000,-0.491132,-0.097591,1.594033,-0.550030,-0.075445,-0.000078,0.062924,17.343600,0
6.300000,-0.489578,-0.127803,1.604060,-0.550030,-0.072445,-0.000078,0.081969,17.362400,0
6.320000,-0.493412,-0.141388,1.571470,-0.550030,-0.069445,-0.000078,0.091550,17.475300,0
6.340000,-0.491710,-0.100967,1.574936,-0.550030,-0.066445,-0.000078,0.067772,17.230400,0
6.360000,-0.498263,-0.133145,1.613702,-0.550031,-0.063445,-0.000078,0.086822,17.452900,0
6.380000,-0.492234,-0.095967,1.623816,-0.550031,-0.060445,-0.000078,0.067840,17.503500,0
6.400000,-0.495074,-0.059094,1.478114,-0.550031,-0.057445,-0.000078,0.054981,18.408400,0
6.420000,-0.494064,-0.042552,1.533281,-0.550031,-0.054445,-0.000078,0.057216,15.972600,0
6.440000,-0.491445,-0.028000,1.499790,-0.550032,-0.051445,-0.000078,0.063104,16.783700,0
6.460000,-0.490289,-0.098755,1.551882,-0.550032,-0.048445,-0.000078,0.078105,16.295300,0
6.480000,-0.495206,-0.146544,1.566899,-0.550032,-0.045445,-0.000078,0.115009,16.581700,0
6.500000,-0.493628,-0.092719,1.612527,-0.550032,-0.042445,-0.000078,0.075557,16.614800,0
6.520000,-0.497637,-0.071239,1.500087,-0.550032,-0.039445,-0.000078,0.061287,17.122200,0
6.540000,-0.491815,-0.057322,1.518322,-0.550033,-0.036445,-0.000078,0.061848,17.887100,0
6.560000,-0.491241,-0.053282,1.590419,-0.550033,-0.033445,-0.000078,0.062049,18.916200,0
6.580000,-0.489667,-0.111397,1.612920,-0.550033,-0.030445,-0.000078,0.100981,18.984000,0
6.600000,-0.492361,-0.011047,1.528906,-0.550033,-0.027445,-0.000078,0.059958,19.035000,0
6.620000,-0.490596,-0.039014,1.522345,-0.550034,-0.024445,-0.000078,0.061198,18.884200,0
6.640000,-0.488546,-0.021043,1.550230,-0.550034,-0.021445,-0.000078,0.061489,19.074500,0
6.660000,-0.493124,0.002232,1.528112,-0.550034,-0.018445,-0.000078,0.060550,18.735500,0
6.680000,-0.489502,0.004707,1.533264,-0.550034,-0.015445,-0.000078,0.063798,19.438100,0
6.700000,-0.487845,-0.035909,1.515252,-0.550035,-0.012445,-0.000078,0.066469,19.754300,0
6.720000,-0.488214,-0.014595,1.506691,-0.550035,-0.009445,-0.000078,0.062035,19.201700,0
6.740000,-0.489796,-0.041718,1.584856,-0.550035,-0.006445,-0.000078,0.069806,19.708700,0
6.760000,-0.485487,-0.067186,1.637758,-0.550035,-0.003445,-0.000078,0.090716,19.157300,0
6.780000,-0.489340,-0.059097,1.572288,-0.550035,-0.002491,0.009002,0.082995,16.618000,0
6.800000,-0.489477,0.007225,1.561537,-0.550033,-0.002317,0.029000,0.061303,16.090400,0
6.820000,-0.493761,-0.053876,1.541607,-0.550032,-0.002300,0.047227,0.076332,16.436300,0
6.840000,-0.489525,-0.058205,1.492321,-0.550031,-0.002303,0.065216,0.082378,17.771900,0
6.860000,-0.493546,-0.064427,1.482024,-0.550030,-0.002306,0.083205,0.083961,17.519900,0
6.880000,-0.490828,-0.032043,1.501150,-0.550029,-0.002308,0.101195,0.066249,17.784000,0
6.900000,-0.494111,-0.054507,1.474258,-0.550028,-0.002309,0.119185,0.076494,17.687500,0
6.920000,-0.495249,-0.071924,1.415824,-0.550027,-0.002316,0.137231,0.088577,16.720100,0
6.940000,-0.499387,-0.042283,1.451758,-0.550026,-0.002323,0.155285,0.064507,16.368100,0
6.960000,-0.498163,-0.091570,1.423972,-0.550025,-0.002330,0.173339,0.103216,16.014700,0
6.980000,-0.498332,-0.035512,1.401939,-0.550024,-0.002337,0.191390,0.061422,16.132200,0
7.000000,-0.499974,-0.074508,1.373383,-0.550023,-0.002343,0.209436,0.087821,16.684100,0
7.020000,-0.496699,-0.034571,1.370825,-0.550023,-0.002338,0.209435,0.062309,17.341700,0
7.040000,-0.494522,-0.036831,1.359747,-0.550022,-0.002334,0.209429,0.065348,16.500900,0
7.060000,-0.494614,-0.044312,1.396374,-0.550022,-0.002331,0.209423,0.069516,16.587200,0
7.080000,-0.498837,-0.050581,1.343882,-0.550021,-0.002328,0.209418,0.070343,17.106900,0
7.100000,-0.504465,-0.061193,1.357074,-0.550021,-0.002326,0.209414,0.074436,17.134700,0
7.120000,-0.504064,-0.043938,1.358657,-0.550021,-0.002325,0.209411,0.061998,17.151600,0
7.140000,-0.507050,-0.072344,1.379139,-0.549397,0.000099,0.209456,0.083912,15.709300,0
7.160000,-0.496013,-0.023358,1.351887,-0.548773,0.003035,0.209456,0.058993,16.205200,0
7.180000,-0.489281,0.003542,1.225650,-0.548150,0.005970,0.209454,0.058919,17.588300,0
7.200000,-0.488738,-0.001341,1.332644,-0.547526,0.008905,0.209453,0.059674,17.534600,0
7.220000,-0.485466,0.007467,1.276018,-0.546902,0.011840,0.209452,0.061592,17.158100,0
7.240000,-0.480109,0.016770,1.300321,-0.546278,0.014775,0.209451,0.066199,17.343700,0
7.260000,-0.499874,-0.047342,1.425311,-0.545655,0.017710,0.209451,0.079547,17.933800,0
7.280000,-0.497063,-0.043380,1.346261,-0.545031,0.020645,0.209450,0.080001,17.032200,0
7.300000,-0.492599,-0.016625,1.380342,-0.544407,0.023579,0.209450,0.065578,17.732100,0
7.320000,-0.493172,-0.027474,1.368880,-0.543783,0.026514,0.209450,0.074002,17.573800,0
7.340000,-0.498508,-0.038791,1.374774,-0.543160,0.029449,0.209450,0.081551,17.492200,0
7.360000,-0.492813,-0.004754,1.385050,-0.542536,0.032383,0.209450,0.062061,16.968000,0
7.380000,-0.490160,-0.021186,1.393225,-0.541912,0.035318,0.209449,0.076623,16.900700,0
7.400000,-0.490162,-0.015420,1.350176,-0.541288,0.038252,0.209449,0.074125,15.868300,0
7.420000,-0.490082,-0.007233,1.322118,-0.540665,0.041187,0.209449,0.070022,15.901400,0
7.440000,-0.484548,0.008662,1.317964,-0.540041,0.044121,0.209449,0.065854,16.714900,0
7.460000,-0.484642,0.003925,1.289012,-0.539417,0.047056,0.209449,0.069718,16.137900,0
7.480000,-0.478729,0.031083,1.280502,-0.539321,0.047729,0.222260,0.062837,16.762000,0
7.500000,-0.470481,0.067639,1.230001,-0.539285,0.047888,0.242145,0.071583,17.499900,0
7.520000,-0.476919,0.030000,1.261328,-0.539285,0.047888,0.260167,0.064880,17.542800,0
7.540000,-0.481468,0.023554,1.246412,-0.539285,0.047883,0.278176,0.062728,17.054700,0
7.560000,-0.484113,0.020924,1.275594,-0.539284,0.047878,0.296192,0.061403,18.299500,0
7.580000,-0.484899,0.023160,1.282532,-0.539283,0.047873,0.314212,0.059736,18.731400,0
7.600000,-0.492445,0.004992,1.267234,-0.539283,0.047868,0.332233,0.063499,16.220900,0
7.620000,-0.488434,0.022318,1.160142,-0.539282,0.047863,0.350255,0.056904,16.514700,0
7.640000,-0.487441,0.014299,1.182001,-0.539281,0.047859,0.368275,0.061755,16.133900,0
7.660000,-0.492661,-0.005225,1.200312,-0.539280,0.047855,0.386294,0.070646,17.054900,0
7.680000,-0.502104,-0.011895,1.166916,-0.539279,0.047851,0.404311,0.070367,16.545200,0
7.700000,-0.482015,0.030455,1.061103,-0.539278,0.047847,0.422326,0.059846,16.986500,0
7.720000,-0.489135,0.014967,1.081642,-0.539277,0.047844,0.440339,0.059959,17.408900,0
7.740000,-0.496265,0.003823,1.136518,-0.539276,0.047841,0.458350,0.061543,17.668700,0
7.760000,-0.498025,-0.013140,1.100230,-0.539275,0.047838,0.476359,0.073620,18.160100,0
7.780000,-0.489301,0.016087,1.104935,-0.539274,0.047835,0.494366,0.059205,18.295000,0
7.800000,-0.498154,0.001232,1.074996,-0.539273,0.047832,0.512372,0.062147,17.522200,0
7.820000,-0.508093,-0.014597,1.059056,-0.539272,0.047829,0.530376,0.069780,17.764300,0
7.840000,-0.500770,0.010298,1.068747,-0.539271,0.047827,0.548378,0.053766,17.307400,0
7.860000,-0.488378,0.021419,0.945621,-0.539270,0.047824,0.566379,0.057334,17.333800,0
7.880000,-0.492767,0.016482,0.916416,-0.539269,0.047822,0.584379,0.056076,17.550800,0
7.900000,-0.485987,0.029917,0.878315,-0.539268,0.047819,0.602378,0.056208,17.747100,0
7.920000,-0.493892,0.017931,0.887111,-0.539267,0.047817,0.620376,0.054333,18.043600,0
7.940000,-0.486643,0.034732,0.838809,-0.539266,0.047815,0.638373,0.054225,17.565900,0
7.960000,-0.490147,0.024967,0.860243,-0.539265,0.047812,0.656369,0.054170,17.470600,0
7.980000,-0.479995,0.041997,0.851752,-0.539264,0.047810,0.674365,0.059553,18.003700,0
8.000000,-0.490969,0.036742,0.825384,-0.539263,0.047808,0.692360,0.049545,17.346800,0
8.020000,-0.491892,0.021959,0.801486,-0.539261,0.047813,0.692353,0.053965,18.545500,0
8.040000,-0.498633,0.033717,0.783059,-0.537345,0.050123,0.692363,0.042045,17.899100,0
8.060000,-0.495863,0.029076,0.799229,-0.535427,0.052434,0.692357,0.045945,17.405400,0
8.080000,-0.487033,0.030016,0.824256,-0.533511,0.054746,0.692351,0.052648,17.313200,0
8.100000,-0.496965,0.014624,0.932718,-0.531595,0.057057,0.692345,0.054770,17.519400,0
8.120000,-0.485773,0.029506,0.844150,-0.529679,0.059368,0.692340,0.053099,16.387600,0
8.140000,-0.485045,0.029432,0.822070,-0.527763,0.061679,0.692336,0.053523,16.387900,0
8.160000,-0.484518,0.033708,0.846720,-0.525848,0.063990,0.692333,0.051236,16.156700,0
8.180000,-0.486658,0.042546,0.848989,-0.523933,0.066300,0.692331,0.044201,15.695100,0
8.200000,-0.479669,0.034529,0.816328,-0.522017,0.068610,0.692329,0.054359,15.884000,0
8.220000,-0.475229,0.049280,0.808790,-0.520102,0.070920,0.692328,0.049819,16.234500,0
8.240000,-0.475695,0.044400,0.930262,-0.518187,0.073230,0.692327,0.051349,17.040100,0
8.260000,-0.468722,0.063681,0.789705,-0.516272,0.075539,0.692326,0.049006,16.964400,0
8.280000,-0.461958,0.059684,0.802529,-0.514357,0.077849,0.692326,0.055458,17.641500,0
8.300000,-0.471538,0.047729,0.770299,-0.514132,0.078119,0.709845,0.052324,17.453800,0
8.320000,-0.472033,0.044247,0.779061,-0.514116,0.078136,0.728137,0.054032,17.083400,0
8.340000,-0.463434,0.057162,0.751800,-0.514118,0.078133,0.746124,0.054851,18.395400,0
8.360000,-0.462857,0.065999,0.751089,-0.514119,0.078130,0.764116,0.052678,17.229300,0
8.380000,-0.463789,0.056147,0.741454,-0.514120,0.078127,0.782110,0.054921,17.751700,0
8.400000,-0.476847,0.049175,0.798827,-0.514120,0.078124,0.800107,0.047195,18.227600,0
8.420000,-0.474186,0.052864,0.712708,-0.514121,0.078121,0.818104,0.047252,17.135900,0
8.440000,-0.483357,0.041486,0.726044,-0.514121,0.078118,0.836102,0.047836,17.360300,0
8.460000,-0.500566,0.024094,0.769505,-0.512044,0.079994,0.838423,0.057066,18.405200,0
8.480000,-0.474920,0.052660,0.773609,-0.509811,0.082002,0.838417,0.045589,17.481700,0
8.500000,-0.488458,0.046235,0.774738,-0.507577,0.084009,0.838412,0.042336,17.343600,0
8.520000,-0.477543,0.055729,0.826752,-0.505345,0.086017,0.838407,0.041113,19.421900,0
8.540000,-0.447997,0.080451,0.666191,-0.503113,0.088024,0.838404,0.055634,16.539600,0
8.560000,-0.452563,0.069115,0.699828,-0.500881,0.090031,0.838401,0.052651,16.164400,0
8.580000,-0.461509,0.069356,0.777481,-0.500622,0.090262,0.856005,0.044349,16.957200,0
8.600000,-0.463382,0.069835,0.724135,-0.500599,0.090281,0.874365,0.042463,16.592400,0
8.620000,-0.462452,0.072345,0.723837,-0.500601,0.090278,0.892354,0.042153,16.518100,0
8.640000,-0.476066,0.057405,0.689004,-0.500602,0.090275,0.910345,0.041017,17.086200,0
8.660000,-0.459495,0.069390,0.665661,-0.500603,0.090273,0.928339,0.046108,16.317000,0
8.680000,-0.481144,0.060159,0.659676,-0.500604,0.090270,0.946333,0.035851,16.062400,0
8.700000,-0.465899,0.073494,0.563674,-0.500604,0.090268,0.964328,0.038546,17.020200,0
8.720000,-0.455126,0.072845,0.547941,-0.498513,0.091975,0.964436,0.047417,15.764600,0
8.740000,-0.441601,0.082969,0.548314,-0.496045,0.093686,0.964429,0.055488,15.997900,0
8.760000,-0.454947,0.072596,0.552572,-0.493578,0.095398,0.964423,0.044858,16.741600,0
8.780000,-0.434565,0.084911,0.567695,-0.491111,0.097109,0.964418,0.057847,17.301400,0
8.800000,-0.448803,0.079897,0.559658,-0.488644,0.098821,0.964415,0.044107,17.474000,0
8.820000,-0.445719,0.084956,0.560165,-0.486178,0.100531,0.964412,0.043353,17.820400,0
8.840000,-0.448865,0.085401,0.559692,-0.485852,0.100583,0.981334,0.039981,17.689800,0
8.860000,-0.453416,0.078846,0.566509,-0.485855,0.100580,0.999319,0.039047,16.670600,0
8.880000,-0.455645,0.076959,0.575883,-0.485857,0.100577,1.017308,0.038348,15.688200,0
8.900000,-0.464822,0.070748,0.544732,-0.485859,0.100575,1.035299,0.036500,15.424200,0
8.920000,-0.443450,0.085165,0.459867,-0.485860,0.100572,1.053292,0.045121,15.349700,0
8.940000,-0.458211,0.079866,0.460922,-0.485861,0.100570,1.071285,0.034542,15.934900,0
8.960000,-0.430125,0.084082,0.401895,-0.485862,0.100568,1.089279,0.058124,16.625900,0
8.980000,-0.445251,0.073052,0.430266,-0.485862,0.100565,1.107272,0.049054,16.173500,0
9.000000,-0.449079,0.088104,0.458936,-0.485863,0.100563,1.125265,0.038837,17.394500,0
9.020000,-0.442124,0.087611,0.455329,-0.485863,0.100561,1.143257,0.045616,17.561200,0
9.040000,-0.465708,0.083017,0.409015,-0.485863,0.100559,1.161249,0.026720,17.370600,0
9.060000,-0.454735,0.083200,0.412787,-0.485863,0.100556,1.179239,0.035640,17.615200,0
9.080000,-0.460914,0.066106,0.408270,-0.485863,0.100554,1.197229,0.042534,17.583300,0
9.100000,-0.444030,0.088357,0.363435,-0.485862,0.100552,1.215218,0.043573,17.552900,0
9.120000,-0.468388,0.083753,0.385205,-0.485862,0.100550,1.233207,0.024238,18.083600,0
9.140000,-0.444722,0.083953,0.324793,-0.485862,0.100548,1.251195,0.044361,18.113000,0
9.160000,-0.466423,0.083654,0.312763,-0.485862,0.100546,1.269182,0.025753,18.554700,0
9.180000,-0.444199,0.093152,0.224816,-0.485862,0.100544,1.287168,0.042313,16.944700,0
9.200000,-0.450935,0.094182,0.246502,-0.485861,0.100542,1.305155,0.035500,16.102400,0
9.220000,-0.490004,0.086323,0.237365,-0.485861,0.100540,1.323140,0.014809,16.507300,0
9.240000,-0.438610,0.088292,0.243594,-0.485861,0.100538,1.341126,0.048812,16.628800,0
9.260000,-0.471424,0.086387,0.234131,-0.485861,0.100537,1.359111,0.020216,15.952300,0
9.280000,-0.438175,0.087556,0.192465,-0.485861,0.100535,1.377095,0.049421,16.201800,0
9.300000,-0.445972,0.090442,0.212549,-0.483533,0.101015,1.384194,0.039020,16.541100,0
9.320000,-0.463548,0.085984,0.222782,-0.480581,0.101571,1.384191,0.023089,15.734900,0
9.340000,-0.436893,0.095718,0.199185,-0.477629,0.102128,1.384178,0.041237,16.449700,0
9.360000,-0.446045,0.100519,0.193326,-0.474678,0.102684,1.384169,0.028715,16.348000,0
9.380000,-0.441949,0.096011,0.136031,-0.471728,0.103241,1.384162,0.030644,16.369800,0
9.400000,-0.434552,0.086437,0.235704,-0.468778,0.103798,1.384157,0.038377,15.882100,0
9.420000,-0.446285,0.095321,0.234952,-0.465829,0.104355,1.384154,0.021531,16.655900,0
9.440000,-0.441272,0.097247,0.150989,-0.462879,0.104912,1.384152,0.022926,17.064200,0
9.460000,-0.445666,0.086660,0.163098,-0.459931,0.105469,1.384151,0.023607,16.813300,0
9.480000,-0.430702,0.093816,0.167329,-0.456982,0.106026,1.384150,0.028978,17.342500,0
9.500000,-0.414552,0.102525,0.101284,-0.454033,0.106583,1.384149,0.039689,16.370000,0
9.520000,-0.410071,0.090928,0.228136,-0.451085,0.107140,1.384148,0.044102,17.041700,0
9.540000,-0.420837,0.091007,0.210275,-0.448137,0.107697,1.384147,0.031998,15.946700,0
9.560000,-0.404764,0.103584,0.186210,-0.445188,0.108253,1.384146,0.040693,16.368100,0
9.580000,-0.415303,0.097503,0.195115,-0.442240,0.108810,1.384146,0.029214,16.602600,0
9.600000,-0.355967,0.097540,0.178639,-0.439292,0.109367,1.384145,0.084160,16.704900,0
9.620000,-0.402701,0.095198,0.154097,-0.436344,0.109924,1.384145,0.036725,16.199100,0
9.640000,-0.403525,0.100816,0.167971,-0.433396,0.110481,1.384145,0.031396,16.912800,0
9.660000,-0.345247,0.100569,0.069648,-0.432741,0.110560,1.397258,0.088062,16.723200,0
9.680000,-0.399616,0.100561,0.103570,-0.432570,0.110527,1.417257,0.034428,16.568600,0
9.700000,-0.391047,0.093983,0.109375,-0.432572,0.110525,1.435255,0.044699,18.010100,0
9.720000,-0.406756,0.101566,0.185442,-0.432575,0.110524,1.453244,0.027328,17.221100,0
9.740000,-0.495362,0.087235,0.138687,-0.432577,0.110522,1.471233,0.066965,17.288700,0
9.760000,-0.409571,0.101018,0.098542,-0.432579,0.110521,1.489223,0.024893,17.325900,0
9.780000,-0.434444,0.098886,0.075762,-0.432580,0.110519,1.507213,0.011781,17.815700,0
9.800000,-0.394359,0.104817,0.096131,-0.432581,0.110518,1.525203,0.038645,18.533700,0
9.820000,-0.388803,0.106402,-0.012114,-0.432582,0.110517,1.543191,0.043972,17.821000,0
9.840000,-0.376077,0.106354,0.005091,-0.432583,0.110517,1.561179,0.056659,17.909300,0
9.860000,-0.402259,0.105196,0.028760,-0.432584,0.110516,1.579167,0.030788,17.725500,0
9.880000,-0.413818,0.105178,-0.032281,-0.432584,0.110515,1.597153,0.019510,17.275900,0
9.900000,-0.403387,0.107957,-0.020593,-0.432585,0.110514,1.615139,0.029310,16.153600,0
9.920000,-0.411330,0.112279,-0.092630,-0.430416,0.110408,1.624495,0.019178,15.616000,0
9.940000,-0.409805,0.109419,-0.097411,-0.427417,0.110244,1.624492,0.017631,16.382200,0
9.960000,-0.399796,0.112332,-0.130511,-0.424418,0.110082,1.624487,0.024724,16.819500,0
9.980000,-0.386335,0.105235,-0.101885,-0.421420,0.109919,1.624479,0.035396,15.927400,0
10.000000,-0.404815,0.108654,-0.055381,-0.418422,0.109757,1.624474,0.013652,16.412500,0
10.020000,-0.383836,0.106441,-0.089028,-0.415424,0.109596,1.624469,0.031745,16.391800,0
10.040000,-0.390101,0.107168,-0.088846,-0.412427,0.109435,1.624465,0.022441,16.027900,0
10.060000,-0.407641,0.110986,-0.123135,-0.409430,0.109274,1.624461,0.002477,16.172000,0
10.080000,-0.370413,0.113338,-0.095374,-0.406434,0.109112,1.624458,0.036269,16.078500,0
10.100000,-0.371635,0.101482,-0.124760,-0.403437,0.108951,1.624456,0.032668,16.485600,0
10.120000,-0.375942,0.115678,-0.067053,-0.400441,0.108790,1.624455,0.025449,16.431100,0
10.140000,-0.366288,0.109544,-0.011257,-0.397445,0.108630,1.624454,0.031170,16.091500,0
10.160000,-0.340093,0.103957,-0.073132,-0.394449,0.108469,1.624453,0.054543,16.053900,0
10.180000,-0.363141,0.101839,-0.133498,-0.391453,0.108308,1.624452,0.029041,16.185200,0
10.200000,-0.349582,0.101826,-0.109594,-0.388457,0.108147,1.624452,0.039386,15.900800,0
10.220000,-0.373152,0.111079,-0.089247,-0.385461,0.107986,1.624451,0.012691,16.237900,0
10.240000,-0.315646,0.099607,-0.113752,-0.382465,0.107825,1.624451,0.067322,16.443800,0
10.260000,-0.359134,0.103834,-0.087395,-0.379469,0.107664,1.624451,0.020693,16.526000,0
10.280000,-0.334713,0.102907,-0.093470,-0.376474,0.107503,1.624451,0.042013,16.112800,0
10.300000,-0.339726,0.101370,-0.108526,-0.373478,0.107343,1.624451,0.034276,16.228500,0
10.320000,-0.362576,0.110021,-0.088076,-0.370482,0.107182,1.624451,0.008400,16.107800,0
10.340000,-0.295191,0.102727,-0.088998,-0.367486,0.107021,1.624451,0.072422,15.837200,0
10.360000,-0.328046,0.101740,-0.106016,-0.364491,0.106860,1.624451,0.036803,16.050000,0
10.380000,-0.316833,0.097292,-0.077080,-0.361495,0.106699,1.624451,0.045642,17.092400,0
10.400000,-0.319069,0.093174,-0.129168,-0.358499,0.106538,1.624451,0.041633,17.374100,0
10.420000,-0.352489,0.103507,-0.048443,-0.355504,0.106377,1.624451,0.004163,16.543800,0
10.440000,-0.332063,0.102462,-0.018598,-0.352508,0.106217,1.624451,0.020787,16.628400,0
10.460000,-0.313429,0.102774,-0.033198,-0.349512,0.106056,1.624451,0.036232,15.922800,0
10.480000,-0.318469,0.105787,-0.093758,-0.346516,0.105895,1.624451,0.028047,17.302700,0
10.500000,-0.313074,0.102985,-0.101156,-0.343521,0.105734,1.624451,0.030571,17.835400,0
10.520000,-0.286051,0.100524,0.008677,-0.340525,0.105573,1.624451,0.054707,18.557400,0
10.540000,-0.316011,0.104931,-0.049076,-0.337529,0.105412,1.624451,0.021523,18.723600,0
10.560000,-0.309248,0.101615,0.048844,-0.334534,0.105251,1.624451,0.025546,19.073700,0
10.580000,-0.322792,0.098800,-0.021220,-0.331538,0.105090,1.624451,0.010773,17.491800,0
10.600000,-0.302104,0.093275,-0.015561,-0.328542,0.104930,1.624451,0.028893,16.673600,0
10.620000,-0.297818,0.104452,-0.009200,-0.325547,0.104769,1.624451,0.027731,17.017500,0
10.640000,-0.294996,0.103327,-0.070383,-0.322551,0.104608,1.624451,0.027585,16.993400,0
10.660000,-0.326854,0.100959,-0.097940,-0.319555,0.104447,1.624451,0.008090,16.698000,0
10.680000,-0.270890,0.096099,-0.111297,-0.316560,0.104286,1.624451,0.046398,16.771500,0
10.700000,-0.287702,0.099640,-0.124833,-0.313564,0.104125,1.624451,0.026247,16.091400,0
10.720000,-0.272004,0.095332,-0.065896,-0.310568,0.103964,1.624451,0.039518,15.855400,0
10.740000,-0.269147,0.095011,-0.102458,-0.307573,0.103803,1.624451,0.039419,16.045000,0
10.760000,-0.319804,0.100094,-0.067608,-0.304577,0.103642,1.624451,0.015634,16.673400,0
10.780000,-0.296123,0.095797,-0.018232,-0.301581,0.103482,1.624451,0.009426,16.709400,0
10.800000,-0.251947,0.090938,-0.023473,-0.298585,0.103321,1.624451,0.048254,16.573500,0
10.820000,-0.268271,0.101416,-0.012959,-0.295590,0.103160,1.624451,0.027374,16.270600,0
10.840000,-0.283834,0.101067,-0.064039,-0.292594,0.102999,1.624451,0.008970,15.901900,0
10.860000,-0.219948,0.098129,0.011182,-0.289598,0.102838,1.624451,0.069809,16.747300,0
10.880000,-0.257880,0.098566,-0.025413,-0.286603,0.102677,1.624451,0.029015,15.750500,0
10.900000,-0.230363,0.099368,-0.106946,-0.283607,0.102516,1.624451,0.053337,15.609400,0
10.920000,-0.253103,0.094015,-0.087608,-0.280611,0.102355,1.624451,0.028745,16.052800,0
10.940000,-0.241303,0.091244,-0.095350,-0.277616,0.102194,1.624451,0.037928,16.379000,0
10.960000,-0.264545,0.097379,-0.070062,-0.274620,0.102034,1.624451,0.011098,16.940200,0
10.980000,-0.252327,0.099677,-0.025801,-0.271624,0.101873,1.624451,0.019422,17.558000,0
11.000000,-0.191824,0.102777,-0.137906,-0.268629,0.101712,1.624451,0.076812,16.926300,0
11.020000,-0.239428,0.099296,-0.098671,-0.265633,0.101551,1.624451,0.026302,16.564800,0
11.040000,-0.239413,0.096469,-0.153213,-0.262637,0.101390,1.624451,0.023740,16.863200,0
11.060000,-0.231316,0.092704,-0.033301,-0.259642,0.101229,1.624451,0.029582,16.649300,0
11.080000,-0.233022,0.095168,-0.020231,-0.256646,0.101068,1.624451,0.024349,16.653500,0
11.100000,-0.202443,0.091498,-0.069338,-0.253650,0.100907,1.624451,0.052065,17.640100,0
11.120000,-0.206162,0.095758,-0.088550,-0.250655,0.100746,1.624451,0.044772,18.085900,0
11.140000,-0.200362,0.091310,-0.101901,-0.247659,0.100586,1.624451,0.048198,19.056800,0
11.160000,-0.211973,0.088156,-0.110201,-0.244663,0.100425,1.624451,0.034916,18.128000,0
11.180000,-0.203716,0.092178,-0.123738,-0.241668,0.100264,1.624451,0.038804,19.022200,0
11.200000,-0.220102,0.093409,-0.026038,-0.238672,0.100103,1.624451,0.019740,18.598700,0
11.220000,-0.194596,0.093742,-0.008866,-0.235676,0.099942,1.624451,0.041546,19.530300,0
11.240000,-0.203371,0.090182,-0.046949,-0.232680,0.099781,1.624451,0.030841,19.055000,0
11.260000,-0.197709,0.091266,-0.034458,-0.229685,0.099620,1.624451,0.033049,20.061900,0
11.280000,-0.176389,0.085681,0.002196,-0.226689,0.099459,1.624451,0.052153,19.252100,0
11.300000,-0.195660,0.090955,-0.048314,-0.223693,0.099299,1.624451,0.029249,18.794700,0
11.320000,-0.194769,0.088258,-0.017598,-0.220698,0.099138,1.624451,0.028119,19.127600,0
11.340000,-0.184565,0.089673,-0.011041,-0.217702,0.098977,1.624451,0.034419,18.606600,0
11.360000,-0.198653,0.092023,-0.010057,-0.214706,0.098816,1.624451,0.017431,18.859600,0
11.380000,-0.167365,0.093491,-0.033463,-0.211711,0.098655,1.624451,0.044646,18.879800,0
11.400000,-0.188091,0.089409,0.005731,-0.208715,0.098494,1.624451,0.022537,17.730300,0
11.420000,-0.165204,0.084941,-0.018331,-0.205719,0.098333,1.624451,0.042671,21.799800,0
11.440000,-0.183527,0.089554,-0.027511,-0.202724,0.098172,1.624451,0.021043,17.063600,0
11.460000,-0.124258,0.085437,-0.110008,-0.199728,0.098011,1.624451,0.076510,16.563100,0
11.480000,-0.177136,0.092395,-0.042194,-0.196732,0.097851,1.624451,0.020342,17.120800,0
11.500000,-0.231359,0.089453,-0.045586,-0.193737,0.097690,1.624451,0.038513,17.995700,0
11.520000,-0.175374,0.091847,-0.017610,-0.192877,0.097726,1.614062,0.018464,17.439200,0
11.540000,-0.095116,0.085964,-0.033840,-0.192703,0.097734,1.594064,0.098294,18.184800,0
11.560000,-0.162990,0.091614,-0.043085,-0.192704,0.097735,1.576047,0.030338,17.629500,0
11.580000,-0.195231,0.090197,0.000819,-0.192707,0.097736,1.558059,0.007951,18.534800,0
11.600000,-0.165756,0.088053,0.022580,-0.190590,0.097767,1.548127,0.026666,18.049100,0
11.620000,-0.185552,0.089645,0.041929,-0.187589,0.097838,1.548129,0.008442,16.662600,0
11.640000,-0.152608,0.093079,0.060711,-0.184587,0.097908,1.548132,0.032342,18.216800,0
11.660000,-0.186977,0.084454,0.019004,-0.181586,0.097978,1.548134,0.014559,17.714100,0
11.680000,-0.121813,0.084099,0.091656,-0.178586,0.098047,1.548135,0.058461,16.261800,0
11.700000,-0.141278,0.084802,0.064630,-0.175585,0.098116,1.548137,0.036800,16.377400,0
11.720000,-0.151007,0.087403,0.017395,-0.172585,0.098185,1.548138,0.024122,16.162200,0
11.740000,-0.162702,0.086760,0.076647,-0.169585,0.098254,1.548139,0.013398,16.248200,0
11.760000,-0.128540,0.088162,0.050468,-0.166585,0.098322,1.548140,0.039378,16.128200,0
11.780000,-0.148960,0.089032,0.070112,-0.163586,0.098390,1.548141,0.017364,16.514600,0
11.800000,-0.118191,0.086880,0.067763,-0.160586,0.098458,1.548141,0.043947,16.744500,0
11.820000,-0.125170,0.086191,-0.014675,-0.157587,0.098526,1.548141,0.034684,17.226900,0
11.840000,-0.116866,0.081694,-0.078841,-0.154587,0.098594,1.548142,0.041334,16.940600,0
11.860000,-0.087527,0.087749,-0.023222,-0.151588,0.098662,1.548142,0.064984,19.018400,0
11.880000,-0.107581,0.086700,-0.007834,-0.148588,0.098730,1.548142,0.042735,18.528800,0
11.900000,-0.101842,0.094389,-0.083645,-0.145589,0.098798,1.548142,0.043969,18.877500,0
11.920000,-0.092228,0.087164,-0.001518,-0.142590,0.098866,1.548142,0.051703,16.023500,0
11.940000,-0.096604,0.090029,-0.056181,-0.139590,0.098934,1.548142,0.043899,16.335500,0
11.960000,-0.122069,0.088325,-0.001099,-0.136591,0.099002,1.548143,0.018025,17.173400,0
11.980000,-0.166330,0.090939,0.024271,-0.133592,0.099070,1.548143,0.033733,16.715900,0
12.000000,-0.105554,0.090185,0.065480,-0.130593,0.099138,1.548143,0.026591,17.347400,0
12.020000,-0.070878,0.084573,0.019606,-0.127593,0.099206,1.548143,0.058572,17.125500,0
12.040000,-0.075066,0.082145,-0.008431,-0.124594,0.099274,1.548142,0.052406,17.267100,0
12.060000,-0.071562,0.085097,-0.054200,-0.121595,0.099342,1.548142,0.052021,17.756500,0
12.080000,-0.101368,0.091652,0.013728,-0.118596,0.099410,1.548142,0.018894,17.568300,0
12.100000,-0.104336,0.085529,0.059816,-0.115596,0.099478,1.548142,0.017926,18.138300,0
12.120000,-0.086739,0.089735,0.068458,-0.112597,0.099545,1.548142,0.027657,18.115900,0
12.140000,-0.041027,0.085588,0.002865,-0.109598,0.099613,1.548142,0.069990,18.923800,0
12.160000,-0.073571,0.084056,-0.022619,-0.106599,0.099681,1.548142,0.036538,17.020000,0
12.180000,-0.087948,0.091971,-0.004949,-0.103599,0.099749,1.548142,0.017477,17.573600,0
12.200000,-0.111079,0.092040,-0.029386,-0.100600,0.099817,1.548142,0.013050,18.382400,0
12.220000,-0.052849,0.080817,-0.026614,-0.097601,0.099885,1.548142,0.048645,16.519700,0
12.240000,-0.090457,0.092306,0.014770,-0.094602,0.099953,1.548142,0.008698,16.310200,0
12.260000,-0.102533,0.089033,0.068191,-0.091602,0.100021,1.548142,0.015499,16.374000,0
12.280000,-0.059837,0.086441,0.043773,-0.088603,0.100089,1.548142,0.031839,16.520800,0
12.300000,-0.030559,0.085430,0.057968,-0.085604,0.100157,1.548142,0.056981,16.408900,0
12.320000,-0.055640,0.086154,0.041156,-0.082605,0.100225,1.548142,0.030416,16.063100,0
12.340000,-0.034613,0.086850,0.062943,-0.079605,0.100293,1.548142,0.046957,15.867200,0
12.360000,-0.052118,0.088181,0.013923,-0.076606,0.100361,1.548142,0.027350,16.231300,0
12.380000,-0.122012,0.081592,0.007009,-0.073607,0.100429,1.548142,0.051941,17.624200,0
12.400000,-0.043642,0.082673,0.116269,-0.070608,0.100497,1.548142,0.032325,20.379900,0
12.420000,-0.032317,0.089793,0.055011,-0.067609,0.100565,1.548142,0.036899,16.756700,0
12.440000,-0.046417,0.081947,0.072093,-0.064609,0.100633,1.548142,0.026079,18.804500,0
12.460000,-0.062406,0.089118,-0.008209,-0.061610,0.100701,1.548142,0.011610,19.230000,0
12.480000,-0.058364,0.081848,0.058253,-0.058611,0.100769,1.548142,0.018923,17.545300,0
12.500000,-0.003989,0.086142,0.032757,-0.055612,0.100837,1.548142,0.053674,18.787800,0
12.520000,-0.010851,0.086530,0.059704,-0.052612,0.100905,1.548142,0.044166,17.221400,0
12.540000,-0.019715,0.094125,0.033987,-0.049613,0.100973,1.548142,0.030673,19.087900,0
12.560000,-0.020724,0.087516,0.059153,-0.046614,0.101040,1.548142,0.029210,17.047700,0
12.580000,-0.042547,0.086327,-0.016859,-0.043615,0.101108,1.548142,0.014820,18.609700,0
12.600000,-0.009782,0.080312,-0.059691,-0.040615,0.101176,1.548142,0.037229,19.466100,0
12.620000,0.003514,0.084185,-0.024794,-0.037616,0.101244,1.548142,0.044528,18.610200,0
12.640000,-0.025090,0.093544,0.036698,-0.034617,0.101312,1.548142,0.012292,17.989900,0
12.660000,0.012255,0.092317,0.046471,-0.031618,0.101380,1.548142,0.044799,18.807200,0
12.680000,-0.009849,0.089030,0.037766,-0.028619,0.101448,1.548142,0.022506,19.039300,0
12.700000,0.020520,0.087323,0.037009,-0.025619,0.101516,1.548142,0.048273,19.869600,0
12.720000,-0.003149,0.082620,0.025517,-0.022620,0.101584,1.548142,0.027180,18.945300,0
12.740000,-0.002060,0.082518,0.108601,-0.019621,0.101652,1.548142,0.025971,19.928600,0
12.760000,0.025672,0.092663,0.008570,-0.016622,0.101720,1.548142,0.043253,20.981600,0
12.780000,0.035384,0.090463,-0.020225,-0.013622,0.101788,1.548142,0.050298,21.555600,0
12.800000,0.026802,0.090877,-0.004943,-0.010623,0.101856,1.548142,0.039002,20.916900,0
12.820000,0.042913,0.091823,-0.037566,-0.007624,0.101924,1.548142,0.051537,20.487600,0
12.840000,0.041935,0.081826,-0.013018,-0.004625,0.101992,1.548142,0.050739,21.047400,0
12.860000,0.035492,0.084431,-0.001689,-0.001625,0.102060,1.548142,0.041091,19.523700,0
12.880000,0.062275,0.085353,0.000231,0.001374,0.102128,1.548142,0.063169,16.204200,0
12.900000,0.048374,0.086613,-0.019280,0.004373,0.102196,1.548142,0.046679,16.140700,0
12.920000,0.029760,0.080857,-0.007595,0.007372,0.102264,1.548142,0.030976,17.514500,0
12.940000,0.020145,0.084394,-0.082283,0.010371,0.102332,1.548142,0.020428,17.678700,0
12.960000,0.050656,0.084384,-0.042951,0.013371,0.102400,1.548142,0.041410,18.219000,0
12.980000,0.030648,0.088111,0.026146,0.016370,0.102468,1.548142,0.020248,18.410400,0
13.000000,0.025067,0.086812,0.058088,0.019369,0.102536,1.548142,0.016725,18.273500,0
13.020000,0.059861,0.085122,0.027388,0.022368,0.102603,1.548142,0.041368,20.136800,0
13.040000,0.067424,0.081396,0.072495,0.025368,0.102671,1.548142,0.047131,18.386900,0
13.060000,0.039975,0.086559,0.001645,0.028367,0.102739,1.548142,0.019913,18.209800,0
13.080000,0.055164,0.090623,-0.079087,0.031366,0.102807,1.548142,0.026735,19.432100,0
13.100000,0.089257,0.078976,-0.022952,0.034365,0.102875,1.548142,0.059868,18.056100,0
13.120000,0.089169,0.090655,-0.061465,0.037364,0.102943,1.548142,0.053243,20.414600,0
13.140000,0.065569,0.086779,-0.045758,0.040364,0.103011,1.548142,0.029980,18.566100,0
13.160000,0.082527,0.089693,-0.019640,0.043363,0.103079,1.548142,0.041389,17.659500,0
13.180000,0.102548,0.086208,-0.015913,0.046362,0.103147,1.548142,0.058684,17.483200,0
13.200000,0.095193,0.087280,-0.042787,0.049361,0.103215,1.548142,0.048523,18.580100,0
13.220000,0.058446,0.085219,-0.048100,0.052361,0.103283,1.548142,0.019061,18.146000,0
13.240000,0.090822,0.086373,-0.022860,0.055360,0.103351,1.548142,0.039316,20.400800,0
13.260000,0.104201,0.094294,-0.072802,0.058359,0.103419,1.548142,0.046741,20.377000,0
13.280000,0.071154,0.091554,0.008588,0.061358,0.103487,1.548142,0.015439,17.401600,0
13.300000,0.057647,0.091674,0.019447,0.064358,0.103555,1.548142,0.013645,18.093300,0
13.320000,0.082923,0.084647,0.044574,0.067357,0.103623,1.548142,0.024544,16.201000,0
13.340000,0.115635,0.085111,0.028252,0.070356,0.103691,1.548142,0.048943,16.263500,0
13.360000,0.097839,0.082706,0.010589,0.073355,0.103759,1.548142,0.032291,17.231500,0
13.380000,0.061312,0.087541,0.003408,0.076354,0.103827,1.548142,0.022170,17.475600,0
13.400000,0.104329,0.091898,0.068664,0.079354,0.103895,1.548142,0.027707,17.724100,0
13.420000,0.105425,0.086053,0.081011,0.082353,0.103963,1.548142,0.029208,17.622500,0
13.440000,0.066847,0.081090,0.039321,0.085352,0.104031,1.548142,0.029474,18.250100,0
13.460000,0.125503,0.091971,0.036727,0.088351,0.104099,1.548142,0.039081,18.144500,0
13.480000,0.079349,0.088397,0.165716,0.091351,0.104166,1.548142,0.019816,18.968600,0
13.500000,0.131664,0.089788,0.040559,0.094350,0.104234,1.548142,0.040013,18.068600,0
13.520000,0.122125,0.087729,0.051249,0.097349,0.104302,1.548142,0.029808,18.452700,0
13.540000,0.140316,0.080937,0.082610,0.100348,0.104370,1.548142,0.046331,18.605100,0
13.560000,0.119231,0.083637,0.021041,0.103348,0.104438,1.548142,0.026172,18.408600,0
13.580000,0.114535,0.086435,0.022756,0.106347,0.104506,1.548142,0.019840,17.600700,0
13.600000,0.118449,0.080848,0.079135,0.109346,0.104574,1.548142,0.025413,18.078600,0
13.620000,0.164676,0.088821,0.052772,0.112345,0.104642,1.548142,0.054670,18.510300,0
13.640000,0.149283,0.088595,0.027528,0.115344,0.104710,1.548142,0.037571,17.480900,0
13.660000,0.137066,0.091013,-0.046600,0.118344,0.104778,1.548142,0.023237,16.950300,0
13.680000,0.167239,0.086820,-0.037146,0.121343,0.104846,1.548142,0.049309,17.588400,0
13.700000,0.144935,0.089049,-0.058051,0.124342,0.104914,1.548142,0.025995,16.882700,0
13.720000,0.174777,0.089287,-0.018297,0.127341,0.104982,1.548142,0.049965,17.533200,0
13.740000,0.166947,0.088079,-0.013747,0.130341,0.105050,1.548142,0.040349,18.065000,0
13.760000,0.158515,0.089191,-0.011204,0.133340,0.105118,1.548142,0.029789,19.956100,0
13.780000,0.167093,0.079967,-0.039451,0.136339,0.105186,1.548142,0.039772,19.953600,0
13.800000,0.171771,0.083337,-0.054030,0.139338,0.105254,1.548142,0.039144,20.889700,0
13.820000,0.161406,0.088977,0.049706,0.142338,0.105322,1.548142,0.025115,23.595300,0
13.840000,0.200542,0.086155,0.052274,0.145337,0.105390,1.548142,0.058460,20.793300,0
13.860000,0.166241,0.083538,0.068175,0.148336,0.105458,1.548142,0.028303,20.767800,0
13.880000,0.200535,0.089965,0.043024,0.151335,0.105526,1.548142,0.051603,19.574600,0
13.900000,0.216236,0.089320,0.045516,0.154334,0.105594,1.548142,0.064006,20.487400,0
13.920000,0.162161,0.090807,0.049104,0.157334,0.105662,1.548142,0.015620,18.893600,0
13.940000,0.171862,0.085806,0.090871,0.160333,0.105729,1.548142,0.023018,16.567900,0
13.960000,0.211587,0.092190,0.035672,0.163332,0.105797,1.548142,0.050137,20.454100,0
13.980000,0.168101,0.082570,-0.032010,0.166331,0.105865,1.548142,0.023362,17.856600,0
14.000000,0.197450,0.088379,-0.034961,0.169331,0.105933,1.548142,0.033149,17.851600,0
14.020000,0.225283,0.086430,-0.015625,0.172330,0.106001,1.548142,0.056454,21.027800,0
14.040000,0.206292,0.084623,-0.013557,0.175329,0.106069,1.548142,0.037665,17.598400,0
14.060000,0.210125,0.085645,-0.035626,0.178328,0.106137,1.548142,0.037828,19.318100,0
14.080000,0.235443,0.086134,-0.023826,0.181328,0.106205,1.548142,0.057717,17.993100,0
14.100000,0.209289,0.085883,-0.048742,0.184327,0.106273,1.548142,0.032231,17.882800,0
14.120000,0.236897,0.082931,-0.048981,0.187326,0.106341,1.548142,0.054821,21.198000,0
14.140000,0.211906,0.088479,-0.041247,0.190325,0.106409,1.548142,0.028058,18.682400,0
14.160000,0.238911,0.086673,-0.030548,0.193324,0.106477,1.548142,0.049703,18.737300,0
14.180000,0.205794,0.082066,0.075775,0.196324,0.106545,1.548142,0.026247,19.399600,0
14.200000,0.247353,0.087064,0.060639,0.199323,0.106613,1.548142,0.051856,18.748000,0
14.220000,0.226688,0.084346,0.052787,0.202322,0.106681,1.548142,0.033054,18.034500,0
14.240000,0.239518,0.086797,0.026957,0.205321,0.106749,1.548142,0.039592,18.139900,0
14.260000,0.225468,0.087938,0.087804,0.208321,0.106817,1.548142,0.025504,18.391500,0
14.280000,0.258996,0.085710,0.030622,0.211320,0.106885,1.548142,0.052167,18.768100,0
14.300000,0.239134,0.090996,0.050280,0.214319,0.106953,1.548142,0.029502,18.413500,0
14.320000,0.256443,0.085109,0.080043,0.217318,0.107021,1.548142,0.044843,18.456300,0
14.340000,0.239686,0.085597,0.076120,0.220318,0.107089,1.548142,0.028932,18.495700,0
14.360000,0.274140,0.086544,0.012590,0.223317,0.107157,1.548142,0.054844,18.426100,0
14.380000,0.306177,0.091757,-0.004868,0.226316,0.107225,1.548142,0.081345,18.026700,0
14.400000,0.270635,0.088617,0.001607,0.229315,0.107292,1.548142,0.045344,19.443500,0
14.420000,0.281293,0.086409,-0.042937,0.232314,0.107360,1.548142,0.053272,17.636800,0
14.440000,0.248720,0.089462,0.020679,0.235314,0.107428,1.548142,0.022416,18.651300,0
14.460000,0.217451,0.084602,-0.016597,0.238313,0.107496,1.548142,0.030974,17.984500,0
14.480000,0.289134,0.083904,0.055307,0.241312,0.107564,1.548142,0.053355,18.312700,0
14.500000,0.265621,0.088854,0.047836,0.244311,0.107632,1.548142,0.028403,18.738400,0
14.520000,0.274033,0.087300,0.050922,0.247311,0.107700,1.548142,0.033618,18.627900,0
14.540000,0.276168,0.088631,0.035681,0.250310,0.107768,1.548142,0.032169,18.437500,0
14.560000,0.274954,0.085946,0.051963,0.253309,0.107836,1.548142,0.030784,18.048500,0
14.580000,0.292057,0.089842,0.059546,0.256308,0.107904,1.548142,0.040053,18.196400,0
14.600000,0.313816,0.089838,-0.051319,0.259308,0.107972,1.548142,0.057446,18.201000,0
14.620000,0.280896,0.089123,-0.037008,0.262307,0.108040,1.548142,0.026522,18.030400,0
14.640000,0.313039,0.087555,0.004939,0.265306,0.108108,1.548142,0.051969,18.349400,0
14.660000,0.321827,0.085860,-0.034701,0.268305,0.108176,1.548142,0.057988,18.033800,0
14.680000,0.296811,0.087259,-0.023310,0.271304,0.108244,1.548142,0.033030,17.355200,0
14.700000,0.322879,0.088751,-0.065626,0.274304,0.108312,1.548142,0.052366,18.413600,0
14.720000,0.299268,0.084340,-0.001293,0.277303,0.108380,1.548142,0.032564,17.984900,0
14.740000,0.287003,0.092362,0.069425,0.280302,0.108448,1.548142,0.017426,17.596300,0
14.760000,0.318312,0.084034,0.043911,0.283301,0.108516,1.548142,0.042722,17.620400,0
14.780000,0.297997,0.091287,0.079678,0.286301,0.108584,1.548142,0.020880,18.249000,0
14.800000,0.336671,0.086378,0.019882,0.289300,0.108652,1.548142,0.052346,17.639300,0
14.820000,0.300099,0.085860,0.031211,0.292299,0.108720,1.548142,0.024154,17.710000,0
14.840000,0.321774,0.085722,0.069688,0.295298,0.108788,1.548142,0.035114,18.682800,0
14.860000,0.333065,0.087605,0.079526,0.298298,0.108855,1.548142,0.040747,18.461200,0
14.880000,0.329765,0.083444,0.044054,0.301297,0.108923,1.548142,0.038204,18.054200,0
14.900000,0.314474,0.089870,0.059156,0.304296,0.108991,1.548142,0.021661,17.830300,0
14.920000,0.338559,0.084745,0.034956,0.307295,0.109059,1.548142,0.039605,18.074500,0
14.940000,0.365920,0.086003,0.007104,0.308210,0.109042,1.557778,0.062139,17.862100,0
14.960000,0.350760,0.089086,0.007290,0.308383,0.109040,1.577775,0.046840,17.526900,0
14.980000,0.306598,0.089722,0.013857,0.308396,0.109039,1.595953,0.019400,17.551700,0
15.000000,0.345947,0.087944,-0.033768,0.308393,0.109038,1.613942,0.043073,17.447100,0
15.020000,0.312113,0.089897,-0.094948,0.308391,0.109037,1.631931,0.019498,17.672000,0
15.040000,0.331028,0.087698,-0.056214,0.308389,0.109036,1.649921,0.031110,18.350300,0
15.060000,0.298530,0.087202,-0.125642,0.308387,0.109035,1.667911,0.023955,16.914600,0
15.080000,0.332941,0.091565,-0.071765,0.308385,0.109034,1.685900,0.030136,16.355700,0
15.100000,0.320944,0.099495,-0.137412,0.308379,0.109033,1.703950,0.015775,17.660700,0
15.120000,0.347746,0.095606,-0.164893,0.308372,0.109032,1.722008,0.041600,17.155900,0
15.140000,0.352666,0.092064,-0.193330,0.310660,0.108660,1.729750,0.045165,17.292000,0
15.160000,0.363176,0.091533,-0.214323,0.313625,0.108183,1.729749,0.052273,17.798300,0
15.180000,0.345236,0.086375,-0.258231,0.316589,0.107706,1.729746,0.035716,17.809200,0
15.200000,0.371172,0.085593,-0.178364,0.319554,0.107230,1.729740,0.055969,17.511900,0
15.220000,0.382878,0.081115,-0.202496,0.322518,0.106754,1.729736,0.065580,17.039100,0
15.240000,0.351942,0.089209,-0.218959,0.325482,0.106279,1.729732,0.031488,16.972800,0
15.260000,0.365058,0.089378,-0.199608,0.328446,0.105804,1.729729,0.040127,17.519400,0
15.280000,0.337457,0.090542,-0.157079,0.331409,0.105329,1.729726,0.015976,16.970900,0
15.300000,0.356211,0.093763,-0.112657,0.334372,0.104854,1.729724,0.024493,17.690400,0
15.320000,0.380239,0.088970,-0.170571,0.337335,0.104379,1.729722,0.045587,17.858400,0
15.340000,0.400839,0.073204,-0.176918,0.340297,0.103904,1.729721,0.067881,17.816000,0
15.360000,0.382067,0.082783,-0.206446,0.343260,0.103429,1.729720,0.043957,17.913700,0
15.380000,0.390832,0.089402,-0.216146,0.346223,0.102955,1.729719,0.046622,17.028500,0
15.400000,0.373659,0.085898,-0.225372,0.349185,0.102480,1.729719,0.029562,17.954900,0
15.420000,0.335841,0.098107,-0.084665,0.352147,0.102005,1.729719,0.016765,18.531100,0
15.440000,0.387344,0.089375,-0.125291,0.355110,0.101530,1.729718,0.034450,17.777500,0
15.460000,0.380189,0.081221,-0.161688,0.358072,0.101056,1.729718,0.029708,18.918800,0
15.480000,0.382726,0.079729,-0.119371,0.361035,0.100581,1.729718,0.030088,17.421600,0
15.500000,0.418711,0.077924,-0.162364,0.363997,0.100106,1.729718,0.059039,18.423600,0
15.520000,0.375243,0.085866,-0.173874,0.366959,0.099632,1.729718,0.016066,18.602200,0
15.540000,0.373076,0.083865,-0.146185,0.369921,0.099157,1.729718,0.015614,18.535600,0
15.560000,0.400103,0.079933,-0.139878,0.372884,0.098682,1.729718,0.033051,17.404700,0
15.580000,0.375516,0.086256,-0.194843,0.373615,0.098599,1.741794,0.012489,18.605200,0
15.600000,0.399672,0.083149,-0.148393,0.373786,0.098569,1.761792,0.030131,18.412100,0
15.620000,0.376167,0.090451,-0.184965,0.373785,0.098569,1.779808,0.008460,18.030100,0
15.640000,0.407013,0.083537,-0.196528,0.373781,0.098568,1.797801,0.036473,17.723300,0
15.660000,0.383043,0.084274,-0.247727,0.373777,0.098568,1.815809,0.017035,17.837900,0
15.680000,0.403442,0.082129,-0.219422,0.373772,0.098567,1.833825,0.033919,22.079100,0
15.700000,0.432865,0.081983,-0.324096,0.373768,0.098566,1.851846,0.061379,20.114100,0
15.720000,0.419447,0.072062,-0.332854,0.373763,0.098565,1.869868,0.052815,19.582100,0
15.740000,0.397168,0.087752,-0.268437,0.373758,0.098564,1.887891,0.025786,19.953500,0
15.760000,0.395963,0.086859,-0.329072,0.373754,0.098564,1.905912,0.025105,20.436300,0
15.780000,0.419186,0.078066,-0.347105,0.373750,0.098563,1.923932,0.049845,19.578100,0
15.800000,0.395648,0.088783,-0.330357,0.373746,0.098561,1.941950,0.023985,19.798200,0
15.820000,0.387352,0.090306,-0.375656,0.373743,0.098560,1.959966,0.015916,19.131800,0
15.840000,0.408931,0.081708,-0.367263,0.373739,0.098559,1.977980,0.039018,19.410800,0
15.860000,0.393632,0.092022,-0.388739,0.373736,0.098558,1.995992,0.020942,18.457500,0
15.880000,0.379863,0.095744,-0.392284,0.373733,0.098557,2.014002,0.006745,19.278000,0
15.900000,0.376214,0.100975,-0.434615,0.373730,0.098556,2.032010,0.003467,18.738700,0
15.920000,0.415103,0.089869,-0.445320,0.373727,0.098555,2.050016,0.042278,18.270400,0
15.940000,0.387021,0.099867,-0.482455,0.373724,0.098554,2.068021,0.013362,19.522400,0
15.960000,0.401798,0.096024,-0.526217,0.376099,0.097264,2.071408,0.025729,18.268500,0
15.980000,0.424888,0.083577,-0.565924,0.378734,0.095821,2.071405,0.047751,16.906800,0
16.000000,0.412818,0.091600,-0.467001,0.381369,0.094379,2.071400,0.031572,18.640600,0
16.020000,0.394993,0.095328,-0.452801,0.384003,0.092938,2.071392,0.011247,19.356600,0
16.040000,0.421126,0.083920,-0.474560,0.386637,0.091498,2.071386,0.035312,17.818300,0
16.060000,0.422867,0.088582,-0.424919,0.389271,0.090057,2.071381,0.033628,17.213400,0
16.080000,0.417192,0.086628,-0.473951,0.391904,0.088617,2.071377,0.025366,18.303000,0
16.100000,0.427935,0.078438,-0.466242,0.394537,0.087177,2.071374,0.034522,18.676000,0
16.120000,0.391381,0.089733,-0.486166,0.397170,0.085737,2.071371,0.007034,18.831300,0
16.140000,0.435375,0.077084,-0.469385,0.399803,0.084297,2.071369,0.036296,19.215400,0
16.160000,0.448963,0.066512,-0.477664,0.402435,0.082857,2.071368,0.049316,20.519000,0
16.180000,0.416411,0.076857,-0.468714,0.405068,0.081417,2.071367,0.012226,19.348100,0
16.200000,0.436918,0.074383,-0.452552,0.407700,0.079977,2.071366,0.029749,18.595900,0
16.220000,0.460792,0.060367,-0.491136,0.410332,0.078537,2.071365,0.053631,18.601800,0
16.240000,0.437101,0.078833,-0.454539,0.412964,0.077098,2.071365,0.024200,18.998100,0
16.260000,0.430524,0.082329,-0.480320,0.415596,0.075658,2.071365,0.016351,18.191300,0
16.280000,0.446620,0.067394,-0.465545,0.418229,0.074218,2.071364,0.029199,18.199000,0
16.300000,0.456440,0.057017,-0.489800,0.420861,0.072778,2.071364,0.038914,17.766200,0
16.320000,0.464977,0.059084,-0.481482,0.423493,0.071339,2.071364,0.043256,16.105600,0
16.340000,0.463654,0.057284,-0.461267,0.426125,0.069899,2.071364,0.039593,15.950700,0
16.360000,0.459611,0.053717,-0.503146,0.428757,0.068459,2.071364,0.034195,17.495700,0
16.380000,0.459133,0.050218,-0.533650,0.431389,0.067019,2.071364,0.032435,17.246700,0
16.400000,0.461060,0.056352,-0.498917,0.434021,0.065580,2.071364,0.028571,19.176600,0
16.420000,0.441906,0.066734,-0.503657,0.434395,0.065374,2.087830,0.007633,18.537100,0
16.440000,0.457298,0.063273,-0.519988,0.434439,0.065348,2.106444,0.022953,18.699600,0
16.460000,0.473450,0.049243,-0.566275,0.434436,0.065349,2.124433,0.042208,18.637000,0
16.480000,0.463908,0.064270,-0.522759,0.434432,0.065350,2.142428,0.029496,19.648800,0
16.500000,0.443944,0.076670,-0.577103,0.434429,0.065350,2.160427,0.014787,19.076100,0
16.520000,0.499231,0.046525,-0.655066,0.434425,0.065350,2.178429,0.067485,19.195100,0
16.540000,0.459054,0.062362,-0.571300,0.434422,0.065350,2.196432,0.024812,19.103600,0
16.560000,0.494013,0.035425,-0.621829,0.434419,0.065350,2.214435,0.066685,19.795600,0
16.580000,0.454752,0.068878,-0.613835,0.434416,0.065349,2.232438,0.020640,18.365500,0
16.600000,0.478693,0.050659,-0.743962,0.434413,0.065349,2.250440,0.046653,19.804700,0
16.620000,0.469463,0.068709,-0.739617,0.434410,0.065348,2.268442,0.035214,18.856100,0
16.640000,0.478786,0.055299,-0.760609,0.436549,0.063554,2.270830,0.043036,19.315800,0
16.660000,0.425149,0.100109,-0.623694,0.438846,0.061618,2.270825,0.040855,19.503000,0
16.680000,0.485512,0.052151,-0.692720,0.441143,0.059683,2.270820,0.045004,18.756100,0
16.700000,0.484016,0.050484,-0.689969,0.443439,0.057749,2.270815,0.041222,19.189700,0
16.720000,0.509652,0.029079,-0.770690,0.445735,0.055815,2.270810,0.069283,18.975400,0
16.740000,0.483856,0.048977,-0.751507,0.448031,0.053881,2.270806,0.036159,18.846400,0
16.760000,0.487414,0.049531,-0.753924,0.450327,0.051948,2.270804,0.037165,19.467700,0
16.780000,0.500940,0.035091,-0.749845,0.452622,0.050015,2.270801,0.050570,18.516100,0
16.800000,0.491459,0.041466,-0.686547,0.454918,0.048082,2.270800,0.037135,19.146600,0
16.820000,0.472292,0.057448,-0.615581,0.457213,0.046149,2.270799,0.018843,18.900600,0
16.840000,0.504555,0.032126,-0.656859,0.459508,0.044216,2.270798,0.046641,19.286500,0
16.860000,0.496530,0.030385,-0.761599,0.461803,0.042283,2.270797,0.036709,19.571000,0
16.880000,0.515893,0.028260,-0.752591,0.464098,0.040350,2.270797,0.053187,18.676200,0
16.900000,0.510257,0.025821,-0.803516,0.466393,0.038418,2.270796,0.045637,20.896000,0
16.920000,0.493169,0.049632,-0.635399,0.468687,0.036485,2.270796,0.027789,19.144300,0
16.940000,0.520773,0.021509,-0.717791,0.470982,0.034552,2.270796,0.051472,18.811800,0
16.960000,0.536711,0.000487,-0.755906,0.473277,0.032619,2.270795,0.071108,19.203200,0
16.980000,0.519154,0.018311,-0.744050,0.475571,0.030687,2.270795,0.045306,17.610200,0
17.000000,0.517999,0.018076,-0.715555,0.475839,0.030461,2.288335,0.043941,16.139800,0
17.020000,0.517529,0.019750,-0.812368,0.475853,0.030446,2.306599,0.043027,17.599100,0
17.040000,0.535548,-0.001530,-0.803255,0.475850,0.030448,2.324587,0.067723,16.852100,0
17.060000,0.527384,0.007880,-0.817090,0.475847,0.030449,2.342578,0.056262,16.317000,0
17.080000,0.502261,0.048185,-0.597048,0.475844,0.030450,2.360572,0.031818,16.353700,0
17.100000,0.512229,0.030351,-0.799714,0.475841,0.030450,2.378569,0.036388,16.141400,0
17.120000,0.501396,0.033574,-0.803902,0.475838,0.030451,2.396566,0.025748,16.277900,0
17.140000,0.509014,0.030205,-0.856169,0.475835,0.030451,2.414564,0.033179,16.719500,0
17.160000,0.510185,0.031593,-0.921628,0.475833,0.030450,2.432562,0.034371,16.403300,0
17.180000,0.520670,0.027936,-0.898859,0.475830,0.030450,2.450559,0.044910,16.873400,0
17.200000,0.523056,0.021802,-0.898948,0.475828,0.030450,2.468555,0.048013,17.956900,0
17.220000,0.520382,0.030398,-0.877292,0.475825,0.030449,2.486550,0.044557,17.205500,0
17.240000,0.527739,0.022677,-1.011835,0.475823,0.030449,2.504545,0.052495,16.101700,0
17.260000,0.519129,0.030514,-0.923926,0.475820,0.030449,2.522538,0.043309,15.975400,0
17.280000,0.508768,0.042179,-0.922436,0.477558,0.028362,2.522659,0.034132,15.839700,0
17.300000,0.512661,0.021072,-0.923715,0.479301,0.025915,2.522651,0.033710,16.064600,0
17.320000,0.523861,0.020443,-0.906259,0.481043,0.023469,2.522643,0.042925,16.507700,0
17.340000,0.525738,0.016585,-1.022348,0.482786,0.021023,2.522636,0.043181,17.648500,0
17.360000,0.551829,-0.012079,-1.049773,0.484528,0.018579,2.522630,0.073955,17.157800,0
17.380000,0.519788,0.024939,-1.000304,0.486270,0.016134,2.522626,0.034655,17.536800,0
17.400000,0.516386,0.041388,-0.889235,0.488012,0.013690,2.522624,0.039652,17.134600,0
17.420000,0.530646,0.016621,-0.898535,0.489754,0.011246,2.522622,0.041244,17.008200,0
17.440000,0.523420,0.016053,-0.922403,0.491495,0.008802,2.522620,0.032738,16.974500,0
17.460000,0.533098,0.001380,-0.937959,0.491552,0.008480,2.539562,0.042148,17.819800,0
17.480000,0.531609,0.010864,-0.982559,0.491549,0.008483,2.557551,0.040131,17.750700,0
17.500000,0.518162,0.026568,-0.950441,0.491547,0.008485,2.575538,0.032177,17.723200,0
17.520000,0.538525,0.004556,-1.097973,0.491544,0.008487,2.593528,0.047145,17.458600,0
17.540000,0.542098,-0.000296,-1.080222,0.491542,0.008488,2.611520,0.051313,17.176500,0
17.560000,0.544877,0.012496,-0.988693,0.491539,0.008489,2.629513,0.053488,17.873600,0
17.580000,0.529156,0.014641,-1.134939,0.491537,0.008490,2.647507,0.038118,17.520600,0
17.600000,0.519094,0.060079,-0.984450,0.491535,0.008491,2.665500,0.058487,16.730300,0
17.620000,0.517510,0.042158,-1.057706,0.491532,0.008491,2.683493,0.042524,16.154700,0
17.640000,0.538182,0.013073,-1.196578,0.491530,0.008491,2.701486,0.046876,15.864100,0
17.660000,0.527319,0.029251,-1.056264,0.491528,0.008491,2.719478,0.041376,16.822900,0
17.680000,0.527246,0.042444,-1.116204,0.491526,0.008491,2.737469,0.049282,15.671700,0
17.700000,0.544699,-0.007905,-1.253079,0.491523,0.008491,2.755459,0.055646,16.063100,0
17.720000,0.545788,0.004195,-1.250782,0.491521,0.008491,2.773449,0.054437,15.767400,0
17.740000,0.553025,-0.038263,-1.306824,0.491519,0.008491,2.791437,0.077259,16.095100,0
17.760000,0.548409,0.007062,-1.280450,0.491517,0.008491,2.809425,0.056910,16.271900,0
17.780000,0.544700,-0.007786,-1.308479,0.492464,0.006247,2.810826,0.054088,16.522100,0
17.800000,0.535852,0.022773,-1.190277,0.493440,0.003407,2.810825,0.046624,18.109500,0
17.820000,0.548992,-0.008120,-1.266603,0.494415,0.000566,2.810814,0.055264,17.746900,0
17.840000,0.560444,-0.034833,-1.317564,0.495391,-0.002274,2.810805,0.072746,17.975100,0
17.860000,0.542581,-0.001481,-1.277565,0.496367,-0.005114,2.810799,0.046357,18.368200,0
17.880000,0.553002,-0.021579,-1.326286,0.497342,-0.007952,2.810795,0.057304,18.039800,0
17.900000,0.549196,-0.036234,-1.268313,0.498317,-0.010791,2.810792,0.056886,18.794600,0
17.920000,0.549942,-0.018260,-1.196071,0.499292,-0.013629,2.810790,0.050861,18.409600,0
17.940000,0.545329,-0.003502,-1.214083,0.500268,-0.016468,2.810789,0.046889,19.323100,0
17.960000,0.538520,0.012195,-1.231536,0.501242,-0.019306,2.810788,0.048805,18.400100,0
17.980000,0.540699,0.021622,-1.180754,0.502217,-0.022143,2.810788,0.058277,18.687900,0
18.000000,0.555421,-0.039473,-1.205191,0.503192,-0.024981,2.810787,0.054203,18.397800,0
18.020000,0.550692,-0.005888,-1.208556,0.504167,-0.027819,2.810786,0.051435,18.358900,0
18.040000,0.552252,-0.026197,-1.252557,0.505141,-0.030656,2.810786,0.047321,18.646800,0
18.060000,0.550592,-0.024965,-1.225813,0.506116,-0.033494,2.810785,0.045286,18.729100,0
18.080000,0.552398,-0.012992,-1.271337,0.507091,-0.036331,2.810785,0.050964,18.347500,0
18.100000,0.566333,-0.072696,-1.298841,0.508065,-0.039169,2.810785,0.067226,19.622800,0
18.120000,0.563707,-0.032222,-1.280863,0.509040,-0.042006,2.810785,0.055535,18.104200,0
18.140000,0.558898,-0.056191,-1.286490,0.510014,-0.044844,2.810785,0.050184,18.416700,0
18.160000,0.569343,-0.086359,-1.261219,0.510070,-0.045354,2.826752,0.072074,18.056500,0
18.180000,0.553804,-0.029898,-1.234211,0.510043,-0.045457,2.845994,0.046445,18.532100,0
18.200000,0.556761,-0.026685,-1.314921,0.510041,-0.045453,2.863981,0.050348,18.422700,0
18.220000,0.558768,-0.038973,-1.249561,0.510039,-0.045451,2.881970,0.049157,18.442300,0
18.240000,0.555527,-0.016335,-1.327226,0.510037,-0.045449,2.899960,0.054009,18.391400,0
18.260000,0.567240,-0.061302,-1.348592,0.510035,-0.045448,2.917951,0.059361,18.157900,0
18.280000,0.558861,-0.007901,-1.339561,0.510033,-0.045446,2.935942,0.061594,17.564100,0
18.300000,0.559067,-0.010124,-1.392168,0.510031,-0.045445,2.953933,0.060433,16.670400,0
18.320000,0.563194,-0.054980,-1.410511,0.510029,-0.045445,2.971923,0.054013,16.046500,0
18.340000,0.568050,-0.037821,-1.363695,0.510027,-0.045444,2.989913,0.058522,15.725900,0
18.360000,0.560269,-0.020366,-1.434286,0.510397,-0.047736,2.997614,0.056889,16.183400,0
18.380000,0.560922,-0.025466,-1.398281,0.510827,-0.050708,2.997612,0.056096,16.087800,0
18.400000,0.567923,-0.042120,-1.396715,0.511256,-0.053681,2.997603,0.057834,16.159600,0
18.420000,0.566544,-0.017993,-1.398664,0.511686,-0.056653,2.997596,0.067112,16.167400,0
18.440000,0.565618,-0.042173,-1.408034,0.512116,-0.059624,2.997592,0.056276,16.486000,0
18.460000,0.565001,-0.025340,-1.404256,0.512547,-0.062595,2.997588,0.064338,16.109100,0
18.480000,0.560521,-0.037514,-1.377208,0.512977,-0.065565,2.997585,0.055202,16.258900,0
18.500000,0.561213,-0.043261,-1.428715,0.513408,-0.068535,2.997584,0.054074,16.022400,0
18.520000,0.562709,-0.052516,-1.381044,0.513839,-0.071505,2.997583,0.052429,16.720700,0
18.540000,0.564253,-0.053418,-1.435614,0.513872,-0.072218,3.009962,0.053775,17.479300,0
18.560000,0.564636,-0.052940,-1.466280,0.513846,-0.072391,3.029964,0.054387,17.280000,0
18.580000,0.566919,-0.037212,-1.462697,0.513845,-0.072389,3.047967,0.063673,16.955200,0
18.600000,0.565007,-0.041446,-1.510244,0.513844,-0.072386,3.065954,0.059790,17.801500,0
18.620000,0.566708,-0.053826,-1.452559,0.513842,-0.072384,3.083943,0.056029,16.834300,0
18.640000,0.570738,-0.042414,-1.516683,0.513841,-0.072382,3.101931,0.064307,17.497700,0
18.660000,0.569898,-0.046888,-1.551346,0.513841,-0.072381,3.119920,0.061582,17.439800,0
18.680000,0.574426,-0.042770,-1.581618,0.513840,-0.072379,3.137909,0.067434,16.953200,0
18.700000,0.575987,0.005548,-1.531171,0.513839,-0.072378,-3.127289,0.099673,17.549900,0
18.720000,0.568804,-0.085914,-1.587464,0.513838,-0.072378,-3.109302,0.056608,17.314500,0
18.740000,0.571740,-0.012932,-1.586533,0.513761,-0.074529,-3.099745,0.084592,17.464000,0
18.760000,0.576506,-0.057365,-1.609948,0.513633,-0.077530,-3.099748,0.066028,18.071400,0
18.780000,0.570594,-0.141124,-1.729767,0.513505,-0.080531,-3.099758,0.083250,16.337500,0
18.800000,0.571765,-0.074347,-1.627873,0.513379,-0.083531,-3.099764,0.059104,15.932800,0
18.820000,0.570371,-0.104515,-1.703653,0.513252,-0.086530,-3.099769,0.059884,16.475500,0
18.840000,0.569149,-0.098247,-1.618814,0.513126,-0.089530,-3.099773,0.056697,15.980000,0
18.860000,0.564627,-0.119967,-1.651397,0.513000,-0.092528,-3.099777,0.058465,16.826800,0
18.880000,0.574322,-0.059007,-1.604225,0.512875,-0.095527,-3.099780,0.071481,15.846300,0
18.900000,0.572259,-0.054978,-1.590130,0.512749,-0.098525,-3.099782,0.073741,16.563000,0
18.920000,0.574543,-0.077752,-1.612459,0.512623,-0.101523,-3.099784,0.066326,16.476600,0
18.940000,0.579285,-0.057934,-1.566967,0.512498,-0.104521,-3.099785,0.081430,16.770600,0
18.960000,0.575774,-0.093122,-1.575829,0.512372,-0.107519,-3.099786,0.065016,16.801400,0
18.980000,0.571460,-0.082446,-1.590061,0.512247,-0.110516,-3.099787,0.065529,18.332300,0
19.000000,0.571039,-0.115033,-1.565980,0.512121,-0.113514,-3.099788,0.058938,17.104100,0
19.020000,0.572824,-0.092269,-1.565360,0.511996,-0.116512,-3.099788,0.065481,16.443900,0
19.040000,0.569986,-0.082344,-1.611369,0.511871,-0.119509,-3.099788,0.068983,17.427800,0
19.060000,0.572917,-0.098138,-1.584170,0.511745,-0.122507,-3.099789,0.065847,17.407300,0
19.080000,0.565313,-0.148987,-1.618317,0.511620,-0.125504,-3.099789,0.058603,17.511500,0
19.100000,0.572130,-0.072292,-1.628042,0.511495,-0.128502,-3.099789,0.082682,17.685800,0
19.120000,0.571440,-0.114712,-1.599687,0.511369,-0.131499,-3.099789,0.062372,17.501900,0
19.140000,0.567949,-0.040149,-1.618052,0.511244,-0.134497,-3.099789,0.110077,17.898900,0
19.160000,0.568915,-0.136323,-1.630191,0.511119,-0.137494,-3.099789,0.057808,17.260900,0
19.180000,0.571808,-0.061198,-1.553232,0.510993,-0.140492,-3.099789,0.099930,17.387300,0
19.200000,0.569386,-0.124138,-1.577029,0.510868,-0.143489,-3.099789,0.061634,17.089500,0
19.220000,0.563388,-0.119984,-1.579974,0.510743,-0.146486,-3.099789,0.058939,17.504100,0
19.240000,0.566343,-0.138324,-1.661025,0.510617,-0.149484,-3.099789,0.056833,17.375000,0
19.260000,0.564746,-0.160750,-1.650687,0.510492,-0.152481,-3.099789,0.054880,16.920100,0
19.280000,0.569209,-0.137116,-1.642898,0.510367,-0.155479,-3.099789,0.061641,16.889300,0
19.300000,0.566749,-0.159403,-1.679954,0.510241,-0.158476,-3.099789,0.056516,18.398100,0
19.320000,0.566412,-0.153399,-1.575515,0.510116,-0.161473,-3.099789,0.056872,17.937500,0
19.340000,0.564530,-0.180245,-1.708638,0.509991,-0.164471,-3.099789,0.056774,17.572600,0
19.360000,0.570797,-0.189994,-1.612958,0.509865,-0.167468,-3.099789,0.064963,17.656900,0
19.380000,0.574414,-0.145256,-1.599013,0.509836,-0.168359,-3.089823,0.068586,16.924700,0
19.400000,0.565024,-0.135894,-1.606048,0.509826,-0.168532,-3.069826,0.064125,17.464800,0
19.420000,0.569460,-0.129677,-1.645477,0.509825,-0.168538,-3.051727,0.071179,17.096100,0
19.440000,0.565011,-0.190361,-1.748913,0.509825,-0.168535,-3.033739,0.059345,17.586000,0
19.460000,0.568403,-0.177531,-1.756970,0.509824,-0.168532,-3.015749,0.059266,17.955800,0
19.480000,0.564875,-0.221306,-1.756459,0.509517,-0.170798,-3.007673,0.074937,17.718300,0
19.500000,0.567002,-0.182467,-1.761529,0.509114,-0.173773,-3.007674,0.058537,17.877000,0
19.520000,0.568501,-0.196702,-1.768747,0.508711,-0.176748,-3.007676,0.063032,16.767300,0
19.540000,0.571388,-0.125793,-1.796981,0.508309,-0.179723,-3.007678,0.082990,16.758300,0
19.560000,0.564406,-0.186266,-1.762132,0.507907,-0.182697,-3.007680,0.056612,17.651900,0
19.580000,0.564407,-0.182178,-1.677501,0.507506,-0.185672,-3.007682,0.057008,17.912400,0
19.600000,0.567374,-0.191673,-1.672345,0.507105,-0.188646,-3.007684,0.060345,16.533300,0
19.620000,0.573509,-0.154571,-1.652184,0.506704,-0.191620,-3.007685,0.076391,16.446100,0
19.640000,0.565610,-0.198910,-1.727487,0.506303,-0.194594,-3.007686,0.059464,17.799800,0
19.660000,0.555354,-0.246113,-1.812950,0.505902,-0.197567,-3.007686,0.069298,18.385300,0
19.680000,0.564024,-0.183312,-1.744780,0.505502,-0.200541,-3.007687,0.061005,18.193500,0
19.700000,0.556597,-0.193250,-1.742425,0.505101,-0.203514,-3.007687,0.052509,18.074900,0
19.720000,0.560332,-0.194038,-1.748011,0.504701,-0.206488,-3.007688,0.057007,18.569400,0
19.740000,0.563261,-0.222404,-1.734645,0.504300,-0.209461,-3.007688,0.060365,17.823600,0
19.760000,0.560461,-0.201667,-1.682068,0.503900,-0.212434,-3.007688,0.057576,18.647200,0
19.780000,0.559181,-0.229201,-1.758747,0.503499,-0.215408,-3.007688,0.057365,18.660900,0
19.800000,0.557613,-0.256364,-1.779319,0.503099,-0.218381,-3.007688,0.066442,18.332700,0
19.820000,0.558428,-0.243164,-1.823509,0.502698,-0.221354,-3.007689,0.059846,19.094700,0
19.840000,0.554804,-0.248783,-1.763075,0.502298,-0.224327,-3.007689,0.057922,17.831300,0
19.860000,0.561330,-0.238006,-1.776099,0.501897,-0.227300,-3.007689,0.060390,18.642700,0
19.880000,0.557573,-0.235294,-1.758659,0.501497,-0.230274,-3.007689,0.056300,18.534800,0
19.900000,0.563663,-0.230167,-1.662665,0.501096,-0.233247,-3.007689,0.062643,18.060700,0
19.920000,0.555143,-0.220200,-1.661976,0.500696,-0.236220,-3.007689,0.056755,15.889600,0
19.940000,0.560698,-0.227274,-1.773521,0.500295,-0.239193,-3.007689,0.061568,16.645700,0
19.960000,0.557734,-0.261354,-1.790771,0.500220,-0.239956,-2.996014,0.061366,16.062500,0
19.980000,0.570054,-0.203917,-1.745083,0.500195,-0.240127,-2.976016,0.078686,15.876500,0
20.000000,0.555148,-0.226124,-1.716157,0.500194,-0.240127,-2.957988,0.056710,16.961500,0
20.020000,0.563887,-0.208830,-1.739908,0.500194,-0.240123,-2.939993,0.070965,16.708300,0
20.040000,0.569502,-0.200778,-1.762965,0.500193,-0.240119,-2.921981,0.079696,17.903400,0
20.060000,0.555095,-0.261476,-1.868433,0.500192,-0.240114,-2.903960,0.058912,17.258600,0
20.080000,0.566328,-0.233444,-1.828577,0.500191,-0.240109,-2.885935,0.066472,16.964200,0
20.100000,0.569676,-0.231768,-1.806973,0.500191,-0.240104,-2.867908,0.069983,17.620600,0
20.120000,0.567286,-0.225651,-1.897492,0.500190,-0.240099,-2.849882,0.068634,17.578200,0
20.140000,0.562581,-0.254293,-1.915940,0.499441,-0.242491,-2.844195,0.064233,17.640000,0
20.160000,0.559547,-0.238007,-1.865325,0.498559,-0.245362,-2.844192,0.061430,17.824000,0
20.180000,0.551316,-0.270981,-1.916680,0.497679,-0.248233,-2.844195,0.058262,18.108600,0
20.200000,0.545682,-0.262740,-1.943385,0.496798,-0.251103,-2.844199,0.050250,18.009800,0
20.220000,0.546410,-0.268609,-1.893206,0.495918,-0.253973,-2.844203,0.052570,18.703000,0
20.240000,0.544851,-0.295690,-1.934489,0.495038,-0.256843,-2.844206,0.063170,18.446500,0
20.260000,0.560726,-0.233824,-1.819818,0.494159,-0.259713,-2.844209,0.071424,17.857900,0
20.280000,0.569858,-0.227913,-1.844822,0.493279,-0.262582,-2.844211,0.084061,17.663700,0
20.300000,0.558697,-0.234056,-1.844724,0.492400,-0.265451,-2.844213,0.073355,18.221100,0
20.320000,0.562976,-0.252660,-1.827849,0.491521,-0.268320,-2.844214,0.073151,17.356700,0
20.340000,0.559123,-0.246226,-1.910812,0.490642,-0.271189,-2.844216,0.072889,15.976200,0
20.360000,0.550011,-0.280503,-1.923896,0.489763,-0.274057,-2.844216,0.060592,15.778300,0
20.380000,0.548220,-0.290657,-1.943187,0.488884,-0.276926,-2.844217,0.060904,16.038200,0
20.400000,0.538638,-0.300668,-1.919930,0.488005,-0.279795,-2.844217,0.054767,16.537900,0
20.420000,0.549071,-0.280010,-1.933641,0.487126,-0.282663,-2.844218,0.062001,16.117000,0
20.440000,0.557429,-0.258740,-1.903157,0.486247,-0.285532,-2.844218,0.076057,16.482300,0
20.460000,0.552820,-0.280862,-1.904808,0.485368,-0.288400,-2.844218,0.067872,16.215200,0
20.480000,0.540716,-0.302790,-1.907712,0.484489,-0.291269,-2.844218,0.057395,16.895100,0
20.500000,0.539234,-0.315146,-1.965601,0.483610,-0.294137,-2.844218,0.059459,16.681600,0
20.520000,0.543320,-0.301905,-1.880627,0.482731,-0.297006,-2.844218,0.060787,16.301300,0
20.540000,0.549009,-0.281634,-1.784014,0.481852,-0.299874,-2.844218,0.069590,17.748900,0
20.560000,0.549438,-0.269641,-1.835350,0.480973,-0.302742,-2.844218,0.076047,16.322000,0
20.580000,0.552542,-0.287492,-1.877283,0.480094,-0.305611,-2.844218,0.074680,16.994500,0
20.600000,0.552625,-0.279248,-1.837476,0.479215,-0.308479,-2.844218,0.079016,15.882700,0
20.620000,0.547484,-0.288444,-1.843191,0.478336,-0.311347,-2.844218,0.072843,16.482300,0
20.640000,0.542713,-0.302628,-1.836953,0.477456,-0.314216,-2.844218,0.066278,16.426700,0
20.660000,0.535158,-0.335199,-1.935045,0.476577,-0.317084,-2.844218,0.061317,15.917800,0
20.680000,0.520164,-0.362058,-1.935643,0.475698,-0.319952,-2.844218,0.061239,16.106700,0
20.700000,0.527582,-0.331337,-1.903973,0.474819,-0.322821,-2.844218,0.053446,17.097200,0
20.720000,0.525068,-0.343703,-1.888262,0.473940,-0.325689,-2.844218,0.054208,15.817300,0
20.740000,0.523869,-0.341554,-1.885735,0.473061,-0.328557,-2.844218,0.052444,15.914600,0
20.760000,0.524473,-0.346540,-1.905349,0.472182,-0.331426,-2.844218,0.054431,17.181400,0
20.780000,0.545900,-0.277896,-1.817634,0.471303,-0.334294,-2.844218,0.093517,17.153800,0
20.800000,0.540996,-0.318757,-1.847574,0.470424,-0.337162,-2.844218,0.072933,17.006100,0
20.820000,0.521617,-0.346030,-1.874832,0.469545,-0.340031,-2.844218,0.052416,17.525900,0
20.840000,0.525849,-0.337996,-1.825132,0.468666,-0.342899,-2.844218,0.057393,17.214100,0
20.860000,0.527723,-0.336266,-1.914477,0.467787,-0.345767,-2.844218,0.060684,17.760200,0
20.880000,0.523506,-0.374738,-1.885131,0.466908,-0.348636,-2.844218,0.062327,17.183100,0
20.900000,0.527838,-0.329323,-1.994004,0.466029,-0.351504,-2.844218,0.065668,17.688000,0
20.920000,0.519329,-0.368537,-1.921347,0.465150,-0.354372,-2.844218,0.056000,17.822900,0
20.940000,0.523221,-0.356711,-1.952205,0.464271,-0.357241,-2.844218,0.058953,17.517900,0
20.960000,0.521293,-0.365114,-1.947519,0.463392,-0.360109,-2.844218,0.058117,15.808400,0
20.980000,0.516602,-0.364935,-1.963175,0.462513,-0.362977,-2.844218,0.054125,16.369600,0
21.000000,0.514678,-0.373553,-1.927737,0.461634,-0.365846,-2.844218,0.053601,16.333400,0
21.020000,0.505280,-0.392906,-1.950973,0.460755,-0.368714,-2.844218,0.050672,16.337700,0
21.040000,0.528728,-0.335304,-1.865838,0.459876,-0.371582,-2.844218,0.077825,15.823300,0
21.060000,0.531900,-0.325672,-1.781722,0.458997,-0.374451,-2.844218,0.087717,16.444900,0
21.080000,0.514671,-0.387181,-1.947191,0.458118,-0.377319,-2.844218,0.057407,16.853100,0
21.100000,0.527246,-0.344026,-1.829825,0.457239,-0.380187,-2.844218,0.078795,15.720000,0
21.120000,0.520895,-0.362119,-1.846184,0.456360,-0.383056,-2.844218,0.067846,16.666200,0
21.140000,0.512007,-0.390852,-1.926376,0.455481,-0.385924,-2.844218,0.056741,15.579400,0
21.160000,0.499242,-0.411338,-1.958846,0.454602,-0.388792,-2.844218,0.050010,16.317600,0
21.180000,0.501606,-0.399391,-1.910882,0.453723,-0.391661,-2.844218,0.048503,15.928700,0
21.200000,0.524303,-0.350180,-1.866215,0.452844,-0.394529,-2.844218,0.084103,15.671200,0
21.220000,0.511634,-0.407843,-1.864858,0.451965,-0.397397,-2.844218,0.060577,16.362800,0
21.240000,0.519528,-0.356693,-1.934138,0.451086,-0.400266,-2.844218,0.081136,16.688600,0
21.260000,0.505065,-0.407983,-1.910699,0.450207,-0.403134,-2.844218,0.055072,17.761900,0
21.280000,0.503825,-0.416477,-1.917780,0.449327,-0.406002,-2.844218,0.055496,16.762600,0
21.300000,0.519046,-0.380363,-1.812264,0.448448,-0.408871,-2.844218,0.076136,16.873100,0
21.320000,0.511371,-0.377992,-1.840079,0.447569,-0.411739,-2.844218,0.072177,17.100200,0
21.340000,0.514805,-0.392122,-1.825636,0.446690,-0.414607,-2.844218,0.071730,16.954500,0
21.360000,0.500315,-0.432158,-1.842675,0.445811,-0.417476,-2.844218,0.056447,17.821000,0
21.380000,0.508303,-0.421902,-1.817000,0.444932,-0.420344,-2.844218,0.063390,17.661000,0
21.400000,0.505194,-0.402480,-1.858401,0.444053,-0.423212,-2.844218,0.064560,18.176900,0
21.420000,0.497352,-0.433878,-1.923558,0.443174,-0.426081,-2.844218,0.054736,17.611400,0
21.440000,0.482361,-0.485228,-2.084268,0.443066,-0.426669,-2.830387,0.070521,17.261200,0
21.460000,0.510950,-0.417324,-1.938104,0.443026,-0.426791,-2.810903,0.068581,16.997500,0
21.480000,0.507893,-0.401111,-1.913144,0.443027,-0.426789,-2.792893,0.069764,17.374300,0
21.500000,0.518029,-0.385305,-1.933104,0.443027,-0.426784,-2.774886,0.085708,17.401400,0
21.520000,0.510000,-0.420129,-1.956550,0.443026,-0.426779,-2.756874,0.067304,17.474600,0
21.540000,0.512178,-0.407212,-1.935266,0.443026,-0.426775,-2.738859,0.071866,17.288400,0
21.560000,0.513731,-0.411093,-1.984390,0.443025,-0.426770,-2.720844,0.072423,17.056100,0
21.580000,0.502892,-0.422916,-1.949170,0.441945,-0.429181,-2.716779,0.061268,17.441500,0
21.600000,0.511929,-0.397204,-1.969374,0.440706,-0.431917,-2.716777,0.079232,17.072400,0
21.620000,0.514413,-0.387900,-1.923663,0.439468,-0.434653,-2.716779,0.088332,17.828800,0
21.640000,0.499638,-0.423717,-1.948266,0.438230,-0.437388,-2.716783,0.062911,17.351400,0
21.660000,0.506268,-0.409678,-1.999097,0.436993,-0.440123,-2.716786,0.075670,17.556300,0
21.680000,0.510506,-0.416734,-1.947311,0.435755,-0.442857,-2.716788,0.079184,16.325100,0
21.700000,0.504069,-0.442796,-2.006628,0.434519,-0.445592,-2.716790,0.069606,15.836300,0
21.720000,0.511620,-0.421267,-1.937742,0.433282,-0.448326,-2.716791,0.082880,16.783800,0
21.740000,0.500436,-0.431100,-2.024536,0.432045,-0.451060,-2.716793,0.071244,16.239100,0
21.760000,0.492362,-0.458105,-2.035932,0.430808,-0.453794,-2.716794,0.061705,16.545000,0
21.780000,0.478598,-0.486257,-2.063142,0.429572,-0.456528,-2.716794,0.057335,15.814800,0
21.800000,0.484811,-0.468545,-2.071033,0.428335,-0.459261,-2.716795,0.057234,16.441600,0
21.820000,0.477233,-0.468695,-1.950487,0.428138,-0.459697,-2.701032,0.049913,16.995800,0
21.840000,0.488275,-0.447191,-2.022180,0.428105,-0.459765,-2.682142,0.061470,16.284500,0
21.860000,0.488416,-0.452219,-2.113469,0.428106,-0.459761,-2.664151,0.060780,16.028300,0
21.880000,0.484399,-0.459825,-2.130153,0.428106,-0.459758,-2.646156,0.056293,16.560500,0
21.900000,0.483301,-0.468602,-2.146975,0.428107,-0.459754,-2.628156,0.055899,16.408500,0
21.920000,0.474038,-0.488008,-2.167054,0.428106,-0.459751,-2.610153,0.053927,17.746100,0
21.940000,0.480969,-0.479527,-2.155863,0.428106,-0.459747,-2.592149,0.056442,17.305400,0
21.960000,0.502978,-0.448303,-2.131789,0.428106,-0.459744,-2.574143,0.075741,17.524300,0
21.980000,0.507030,-0.442963,-2.101687,0.428105,-0.459741,-2.556138,0.080689,15.839300,0
22.000000,0.498339,-0.462130,-2.230886,0.428105,-0.459738,-2.538134,0.070275,15.953000,0
22.020000,0.496781,-0.456249,-2.208457,0.428104,-0.459735,-2.520130,0.068766,16.650600,0
22.040000,0.484722,-0.474200,-2.197152,0.428103,-0.459732,-2.502128,0.058439,16.869400,0
22.060000,0.506785,-0.450444,-2.198790,0.428103,-0.459729,-2.484126,0.079228,17.576600,0
22.080000,0.494820,-0.452187,-2.221388,0.428102,-0.459727,-2.466126,0.067143,16.626300,0
22.100000,0.506637,-0.450415,-2.216469,0.428101,-0.459724,-2.448127,0.079086,17.288400,0
22.120000,0.490182,-0.467188,-2.254531,0.428100,-0.459722,-2.430129,0.062530,17.245200,0
22.140000,0.502273,-0.448629,-2.271118,0.428099,-0.459720,-2.412132,0.074998,17.243700,0
22.160000,0.499643,-0.458246,-2.340724,0.428099,-0.459717,-2.394136,0.071559,16.106500,0
22.180000,0.501091,-0.461578,-2.323740,0.428098,-0.459715,-2.376141,0.073017,15.675600,0
22.200000,0.493336,-0.467343,-2.315942,0.428097,-0.459713,-2.358147,0.065683,16.260800,0
22.220000,0.518049,-0.446374,-2.314698,0.428096,-0.459711,-2.340154,0.090937,16.436500,0
22.240000,0.494280,-0.466288,-2.452911,0.428095,-0.459709,-2.322161,0.066511,16.514300,0
22.260000,0.499531,-0.469451,-2.480463,0.428094,-0.459707,-2.304169,0.072099,17.224700,0
22.280000,0.530544,-0.436933,-2.317054,0.428094,-0.459705,-2.286177,0.104950,17.861000,0
22.300000,0.485019,-0.476978,-2.490434,0.428093,-0.459703,-2.268186,0.059490,17.456600,0
22.320000,0.490584,-0.466383,-2.496778,0.428092,-0.459701,-2.250195,0.062849,15.558300,0
22.340000,0.518944,-0.450528,-2.467900,0.426020,-0.461545,-2.249426,0.093575,16.408100,0
22.360000,0.501936,-0.460384,-2.438896,0.423681,-0.463431,-2.249433,0.078315,16.424200,0
22.380000,0.472524,-0.483130,-2.478897,0.421343,-0.465317,-2.249443,0.054192,16.776800,0
22.400000,0.497314,-0.462460,-2.465968,0.419006,-0.467202,-2.249451,0.078451,16.689700,0
22.420000,0.451768,-0.508934,-2.614360,0.416669,-0.469087,-2.249458,0.053101,16.585300,0
22.440000,0.489818,-0.471738,-2.509585,0.414333,-0.470972,-2.249462,0.075488,17.671100,0
22.460000,0.479805,-0.483911,-2.532032,0.411997,-0.472857,-2.249465,0.068703,17.062100,0
22.480000,0.492185,-0.474571,-2.529290,0.409661,-0.474741,-2.249468,0.082524,16.638600,0
22.500000,0.465902,-0.486055,-2.544341,0.407325,-0.476625,-2.249469,0.059331,17.500900,0
22.520000,0.474431,-0.478618,-2.428843,0.404990,-0.478509,-2.249471,0.069441,17.178500,0
22.540000,0.476360,-0.485819,-2.552281,0.402654,-0.480393,-2.249471,0.073906,16.938100,0
22.560000,0.458698,-0.488199,-2.527911,0.400319,-0.482277,-2.249472,0.058679,17.223600,0
22.580000,0.471059,-0.487370,-2.424237,0.397983,-0.484161,-2.249473,0.073147,17.301600,0
22.600000,0.459074,-0.497515,-2.510011,0.395648,-0.486044,-2.249473,0.064455,17.645100,0
22.620000,0.437886,-0.509550,-2.540975,0.393313,-0.487928,-2.249474,0.049541,17.838200,0
22.640000,0.452277,-0.497258,-2.554291,0.390977,-0.489811,-2.249474,0.061750,17.367700,0
22.660000,0.451908,-0.498223,-2.457812,0.388642,-0.491695,-2.249475,0.063602,17.300500,0
22.680000,0.461590,-0.494245,-2.437137,0.386307,-0.493578,-2.249475,0.075286,17.198900,0
22.700000,0.455432,-0.504530,-2.507913,0.383972,-0.495462,-2.249475,0.072033,16.755600,0
22.720000,0.427181,-0.526305,-2.518354,0.381636,-0.497345,-2.249475,0.053972,16.987400,0
22.740000,0.432923,-0.515962,-2.528801,0.379301,-0.499228,-2.249475,0.056172,17.560400,0
22.760000,0.462735,-0.496244,-2.480198,0.376966,-0.501112,-2.249475,0.085907,17.693000,0
22.780000,0.441963,-0.508804,-2.525481,0.374631,-0.502995,-2.249475,0.067582,17.283600,0
22.800000,0.440016,-0.517622,-2.532884,0.372295,-0.504878,-2.249475,0.068910,17.019200,0
22.820000,0.454148,-0.494391,-2.432452,0.369960,-0.506762,-2.249475,0.085093,17.169300,0
22.840000,0.440003,-0.509986,-2.480663,0.367625,-0.508645,-2.249475,0.072391,17.446600,0
22.860000,0.430209,-0.515061,-2.504850,0.365290,-0.510528,-2.249475,0.065077,17.082500,0
22.880000,0.422646,-0.521373,-2.528952,0.362955,-0.512412,-2.249475,0.060360,17.276100,0
22.900000,0.411980,-0.528424,-2.525815,0.362675,-0.512612,-2.232048,0.051779,18.207400,0
22.920000,0.446879,-0.507717,-2.466985,0.362667,-0.512616,-2.213917,0.084354,17.441200,0
22.940000,0.428393,-0.519918,-2.575246,0.362670,-0.512613,-2.195929,0.066128,17.241700,0
22.960000,0.407370,-0.532476,-2.628683,0.362671,-0.512610,-2.177937,0.048914,17.998400,0
22.980000,0.427825,-0.520213,-2.637190,0.362673,-0.512607,-2.159943,0.065595,16.866800,0
23.000000,0.429564,-0.524617,-2.666587,0.362673,-0.512605,-2.141948,0.067961,17.747300,0
23.020000,0.474716,-0.499911,-2.505235,0.362674,-0.512602,-2.123952,0.112759,17.496900,0
23.040000,0.437145,-0.521615,-2.642631,0.362674,-0.512599,-2.105957,0.075015,17.130300,0
23.060000,0.451645,-0.509912,-2.569319,0.362675,-0.512597,-2.087962,0.089011,17.729300,0
23.080000,0.463562,-0.506266,-2.630814,0.362675,-0.512594,-2.069968,0.101085,17.607600,0
23.100000,0.450178,-0.510569,-2.614276,0.362675,-0.512592,-2.051975,0.087527,17.854600,0
23.120000,0.425665,-0.532333,-2.674837,0.362674,-0.512589,-2.033983,0.066013,17.369000,0
23.140000,0.447417,-0.518228,-2.679637,0.362674,-0.512587,-2.015991,0.084930,17.522700,0
23.160000,0.431301,-0.521132,-2.782731,0.362674,-0.512585,-1.998000,0.069158,16.086200,0
23.180000,0.421834,-0.521990,-2.783858,0.360494,-0.513827,-1.997921,0.061880,17.338300,0
23.200000,0.416955,-0.525681,-2.678529,0.357761,-0.515072,-1.997926,0.060138,16.915400,0
23.220000,0.444999,-0.517216,-2.691270,0.355027,-0.516316,-1.997936,0.089976,15.699400,0
23.240000,0.433958,-0.521836,-2.652398,0.352294,-0.517561,-1.997944,0.081776,16.250700,0
23.260000,0.419509,-0.532201,-2.726451,0.349562,-0.518805,-1.997949,0.071218,16.864800,0
23.280000,0.381640,-0.541547,-2.801456,0.346830,-0.520049,-1.997953,0.040913,16.347200,0
23.300000,0.421933,-0.530129,-2.784953,0.344099,-0.521293,-1.997956,0.078334,16.707600,0
23.320000,0.410950,-0.534950,-2.694423,0.341367,-0.522537,-1.997957,0.070682,17.076300,0
23.340000,0.427636,-0.528252,-2.686440,0.338636,-0.523780,-1.997958,0.089113,17.731400,0
23.360000,0.361334,-0.549725,-2.783117,0.335905,-0.525024,-1.997959,0.035451,16.865900,0
23.380000,0.396093,-0.543643,-2.781417,0.333174,-0.526267,-1.997960,0.065274,17.000500,0
23.400000,0.368467,-0.545127,-2.780087,0.330443,-0.527510,-1.997960,0.041906,17.383000,0
23.420000,0.382686,-0.542721,-2.777317,0.327713,-0.528753,-1.997961,0.056720,17.652100,0
23.440000,0.362580,-0.545777,-2.729362,0.324982,-0.529997,-1.997961,0.040775,17.152000,0
23.460000,0.407997,-0.531779,-2.679484,0.322252,-0.531240,-1.997962,0.085747,17.340400,0
23.480000,0.369387,-0.547650,-2.764454,0.319521,-0.532483,-1.997962,0.052121,15.945000,0
23.500000,0.364077,-0.551099,-2.777818,0.316791,-0.533726,-1.997962,0.050376,16.087700,0
23.520000,0.361755,-0.557968,-2.753726,0.314060,-0.534969,-1.997962,0.052951,15.566000,0
23.540000,0.385172,-0.550481,-2.725172,0.313588,-0.534974,-1.980198,0.073245,16.019900,0
23.560000,0.391668,-0.546446,-2.738064,0.313523,-0.534968,-1.961369,0.078983,15.765300,0
23.580000,0.407610,-0.541518,-2.678474,0.313525,-0.534966,-1.943381,0.094313,16.373900,0
23.600000,0.398808,-0.545043,-2.806496,0.313528,-0.534963,-1.925392,0.085874,16.794200,0
23.620000,0.389038,-0.550812,-2.839180,0.313529,-0.534961,-1.907402,0.077155,16.007400,0
23.640000,0.395189,-0.547041,-2.806486,0.313531,-0.534959,-1.889410,0.082547,16.177000,0
23.660000,0.408772,-0.545307,-2.801574,0.313531,-0.534957,-1.871419,0.095802,15.829000,0
23.680000,0.384693,-0.544703,-2.917766,0.313532,-0.534955,-1.853427,0.071826,16.792400,0
23.700000,0.374631,-0.552429,-2.906857,0.313533,-0.534953,-1.835436,0.063548,16.436300,0
23.720000,0.401249,-0.544514,-2.888425,0.313533,-0.534951,-1.817446,0.088235,16.269800,0
23.740000,0.386762,-0.550786,-2.892870,0.313533,-0.534949,-1.799456,0.074922,16.646200,0
23.760000,0.404336,-0.546469,-2.912313,0.313534,-0.534947,-1.781468,0.091530,16.733900,0
23.780000,0.429717,-0.541156,-2.941337,0.313534,-0.534945,-1.763480,0.116348,17.299500,0
23.800000,0.391811,-0.549670,-2.935183,0.313534,-0.534942,-1.745492,0.079651,16.671300,0
23.820000,0.365120,-0.557640,-3.086392,0.313534,-0.534940,-1.727506,0.056360,17.655600,0
23.840000,0.364202,-0.553855,-2.981311,0.311237,-0.535324,-1.719883,0.056113,17.799500,0
23.860000,0.379053,-0.553174,-2.969813,0.308266,-0.535769,-1.719886,0.072895,17.216800,0
23.880000,0.424731,-0.554349,-2.977771,0.305296,-0.536214,-1.719897,0.120804,17.596500,0
23.900000,0.370928,-0.551415,-2.997591,0.302326,-0.536659,-1.719905,0.070172,16.801400,0
23.920000,0.430398,-0.549868,-2.908735,0.299357,-0.537105,-1.719911,0.131661,17.198800,0
23.940000,0.363272,-0.557703,-2.968913,0.296388,-0.537550,-1.719916,0.069854,17.272600,0
23.960000,0.350292,-0.561185,-3.088890,0.293420,-0.537996,-1.719919,0.061418,17.970800,0
23.980000,0.347826,-0.554448,-2.997127,0.290452,-0.538442,-1.719921,0.059565,17.855300,0
24.000000,0.382664,-0.559469,-2.881617,0.287485,-0.538888,-1.719922,0.097379,18.198800,0
24.020000,0.386431,-0.555041,-2.986294,0.284517,-0.539334,-1.719923,0.103117,16.856900,0
24.040000,0.387095,-0.551482,-2.987394,0.281550,-0.539780,-1.719924,0.106192,17.339700,0
24.060000,0.314177,-0.563715,-3.008207,0.278583,-0.540226,-1.719924,0.042646,17.984100,0
24.080000,0.337018,-0.560429,-3.039310,0.275615,-0.540672,-1.719925,0.064503,17.176100,0
24.100000,0.341073,-0.556533,-3.034310,0.272649,-0.541118,-1.719926,0.070139,16.844400,0
24.120000,0.313355,-0.557426,-3.037871,0.269682,-0.541563,-1.719927,0.046465,19.049700,0
24.140000,0.364052,-0.559002,-3.028879,0.266715,-0.542009,-1.719927,0.098809,16.920600,0
24.160000,0.362383,-0.558445,-2.983883,0.263748,-0.542455,-1.719928,0.099923,17.003300,0
24.180000,0.335758,-0.558064,-3.079580,0.260781,-0.542901,-1.719928,0.076495,17.768900,0
24.200000,0.312199,-0.563383,-3.073471,0.257814,-0.543347,-1.719928,0.057958,17.419000,0
24.220000,0.342219,-0.554153,-2.939271,0.254847,-0.543793,-1.719928,0.087984,16.885300,0
24.240000,0.309534,-0.564179,-3.054698,0.251881,-0.544238,-1.719928,0.061005,15.526600,0
24.260000,0.328250,-0.564790,-3.052275,0.248914,-0.544684,-1.719928,0.081845,17.017100,0
24.280000,0.332659,-0.557990,-3.022630,0.245947,-0.545130,-1.719928,0.087661,16.328400,0
24.300000,0.362533,-0.552357,-2.955884,0.242981,-0.545576,-1.719928,0.119744,15.768600,0
24.320000,0.330200,-0.556885,-2.973137,0.242275,-0.545621,-1.707469,0.088643,15.666700,0
24.340000,0.329675,-0.559859,-3.075917,0.242103,-0.545595,-1.687471,0.088727,16.337000,0
24.360000,0.395415,-0.560556,-2.986688,0.242106,-0.545593,-1.669483,0.154037,15.934800,0
24.380000,0.315809,-0.556014,-3.029775,0.242109,-0.545592,-1.651495,0.074433,16.234200,0
24.400000,0.354542,-0.557870,-3.036219,0.242111,-0.545590,-1.633505,0.113099,16.575000,0
24.420000,0.348783,-0.560965,-3.056466,0.242113,-0.545589,-1.615515,0.107772,16.543500,0
24.440000,0.326603,-0.564606,-3.123696,0.242115,-0.545587,-1.597525,0.086602,16.486600,0
24.460000,0.326099,-0.567011,-3.102803,0.239968,-0.545685,-1.587914,0.088732,16.315700,0
24.480000,0.340349,-0.560573,-3.116999,0.236966,-0.545734,-1.587917,0.104443,17.544600,0
24.500000,0.334458,-0.564992,-3.099637,0.233963,-0.545783,-1.587921,0.102315,17.289200,0
24.520000,0.348576,-0.568292,-3.100819,0.230961,-0.545833,-1.587925,0.119740,16.775800,0
24.540000,0.317971,-0.562132,-3.087304,0.227960,-0.545884,-1.587928,0.091466,17.251600,0
24.560000,0.324029,-0.561447,3.132644,0.224958,-0.545935,-1.587931,0.100278,17.440600,0
24.580000,0.296735,-0.562500,-3.118903,0.221958,-0.545985,-1.587933,0.076579,16.308100,0
24.600000,0.322876,-0.566377,-3.098699,0.218957,-0.546037,-1.587935,0.105891,17.104500,0
24.620000,0.291651,-0.563315,-3.076576,0.215957,-0.546088,-1.587937,0.077630,16.751000,0
24.640000,0.313799,-0.563146,-3.121654,0.212957,-0.546139,-1.587938,0.102266,17.531500,0
24.660000,0.305960,-0.563297,-3.123346,0.209956,-0.546191,-1.587939,0.097516,16.742300,0
24.680000,0.340397,-0.568757,-3.109371,0.206957,-0.546242,-1.587940,0.135326,16.188000,0
24.700000,0.307604,-0.562169,-3.091618,0.203957,-0.546293,-1.587940,0.104856,15.628600,0
24.720000,0.283260,-0.556685,-3.081434,0.200957,-0.546345,-1.587941,0.082950,16.962200,0
24.740000,0.296490,-0.561808,-3.132991,0.197957,-0.546396,-1.587941,0.099731,17.861200,0
24.760000,0.305333,-0.568509,-3.123405,0.194957,-0.546448,-1.587941,0.112559,17.293800,0
24.780000,0.284043,-0.560927,-3.115443,0.191958,-0.546499,-1.587941,0.093208,17.571000,0
24.800000,0.308079,-0.567518,-3.111940,0.188958,-0.546551,-1.587942,0.120952,17.735900,0
24.820000,0.286814,-0.557830,-3.095680,0.185958,-0.546602,-1.587942,0.101479,16.957100,0
24.840000,0.246597,-0.563136,-3.101439,0.182959,-0.546654,-1.587942,0.065738,17.380800,0
24.860000,0.274474,-0.561901,-3.109301,0.179959,-0.546705,-1.587942,0.095729,17.293000,0
24.880000,0.243566,-0.564285,-3.111635,0.176959,-0.546757,-1.587942,0.068874,17.263300,0
24.900000,0.313855,-0.559314,-3.129484,0.173960,-0.546808,-1.587942,0.140452,17.719200,0
24.920000,0.269876,-0.564742,-3.097966,0.170960,-0.546860,-1.587942,0.100520,17.577900,0
24.940000,0.223886,-0.565417,-3.131123,0.167961,-0.546911,-1.587942,0.058907,17.646500,0
24.960000,0.250444,-0.562509,-3.100794,0.164961,-0.546962,-1.587942,0.086886,17.330000,0
24.980000,0.270593,-0.565834,-3.135361,0.161962,-0.547014,-1.587942,0.110249,17.687800,0
25.000000,0.262411,-0.566704,-3.073952,0.158962,-0.547065,-1.587942,0.105296,17.780100,0
25.020000,0.268530,-0.562811,3.139336,0.155962,-0.547117,-1.587942,0.113657,17.281800,0
25.040000,0.261698,-0.560838,-3.085683,0.152963,-0.547168,-1.587942,0.109591,17.459100,0
25.060000,0.232301,-0.566812,-3.096275,0.149963,-0.547220,-1.587942,0.084637,17.205400,0
25.080000,0.262023,-0.563755,-3.128973,0.146964,-0.547271,-1.587942,0.116233,17.567600,0
25.100000,0.247397,-0.560488,-3.113267,0.143964,-0.547322,-1.587942,0.104268,17.442800,0
25.120000,0.215532,-0.562199,-3.117118,0.140965,-0.547374,-1.587942,0.076026,17.119600,0
25.140000,0.215480,-0.561814,-3.118843,0.137965,-0.547425,-1.587942,0.078839,17.082000,0
25.160000,0.239642,-0.561033,-3.122018,0.134966,-0.547477,-1.587942,0.105550,16.352200,0
25.180000,0.257211,-0.560554,-3.135165,0.131966,-0.547528,-1.587942,0.125921,16.593900,0
25.200000,0.222067,-0.561005,-3.121256,0.128966,-0.547580,-1.587942,0.094064,16.399900,0
25.220000,0.155986,-0.566369,3.139467,0.125967,-0.547631,-1.587942,0.035388,16.081300,0
25.240000,0.157194,-0.564277,3.094051,0.122967,-0.547683,-1.587942,0.038037,16.844300,0
25.260000,0.180916,-0.559990,3.085156,0.119968,-0.547734,-1.587942,0.062168,16.555000,0
25.280000,0.161511,-0.562268,3.132985,0.116968,-0.547785,-1.587942,0.046839,15.508000,0
25.300000,0.173943,-0.564073,3.101605,0.113969,-0.547837,-1.587942,0.062133,15.950000,0
25.320000,0.128840,-0.557977,-3.123034,0.110969,-0.547888,-1.587942,0.020523,16.585500,0
25.340000,0.188687,-0.562359,3.107691,0.107969,-0.547940,-1.587942,0.081996,16.594500,0
25.360000,0.185326,-0.569293,-3.081464,0.104970,-0.547991,-1.587942,0.083132,16.361900,0
25.380000,0.195167,-0.566410,-3.130330,0.101970,-0.548043,-1.587942,0.094990,16.089200,0
25.400000,0.124130,-0.564787,3.072108,0.098971,-0.548094,-1.587942,0.030193,16.083700,0
25.420000,0.156595,-0.560550,3.053857,0.095971,-0.548145,-1.587942,0.061880,16.386200,0
25.440000,0.149045,-0.563718,3.133807,0.092972,-0.548197,-1.587942,0.058182,16.267600,0
25.460000,0.230021,-0.564375,3.123755,0.089972,-0.548248,-1.587942,0.140975,16.131700,0
25.480000,0.194341,-0.565436,-3.084684,0.086973,-0.548300,-1.587942,0.108727,15.762400,0
25.500000,0.149693,-0.563986,-3.134227,0.083973,-0.548351,-1.587942,0.067554,16.366000,0
25.520000,0.145725,-0.568366,3.106255,0.080973,-0.548403,-1.587942,0.067760,16.723300,0
25.540000,0.132891,-0.557564,3.090980,0.077974,-0.548454,-1.587942,0.055668,17.202600,0
25.560000,0.126945,-0.561712,3.120665,0.074974,-0.548505,-1.587942,0.053623,15.752500,0
25.580000,0.115215,-0.559801,3.074919,0.071975,-0.548557,-1.587942,0.044678,15.944500,0
25.600000,0.170881,-0.564364,-3.107833,0.068975,-0.548608,-1.587942,0.103116,16.426700,0
25.620000,0.135289,-0.565489,-3.093412,0.065976,-0.548660,-1.587942,0.071327,17.678900,0
25.640000,0.166251,-0.561127,-3.111185,0.062976,-0.548711,-1.587942,0.104018,16.373900,0
25.660000,0.198514,-0.562621,-3.043547,0.059977,-0.548763,-1.587942,0.139229,16.994500,0
25.680000,0.105586,-0.565127,-3.131677,0.056977,-0.548814,-1.587942,0.051273,17.148100,0
25.700000,0.125331,-0.566927,-3.093595,0.053977,-0.548865,-1.587942,0.073605,18.132000,0
25.720000,0.141423,-0.559841,-3.080633,0.050978,-0.548917,-1.587942,0.091102,17.374300,0
25.740000,0.145490,-0.562582,-3.128884,0.047978,-0.548968,-1.587942,0.098458,17.700600,0
25.760000,0.152932,-0.562167,-3.128076,0.044979,-0.549020,-1.587942,0.108751,17.555200,0
25.780000,0.126015,-0.563537,-3.100445,0.041979,-0.549071,-1.587942,0.085272,17.414000,0
25.800000,0.131809,-0.563676,3.119845,0.038980,-0.549123,-1.587942,0.093963,17.241000,0
25.820000,0.070014,-0.562597,3.116736,0.035980,-0.549174,-1.587942,0.036585,15.699300,0
25.840000,0.104919,-0.560612,3.111258,0.032980,-0.549226,-1.587942,0.072834,16.312700,0
25.860000,0.062176,-0.564981,-3.134361,0.029981,-0.549277,-1.587942,0.035821,17.560200,0
25.880000,0.086656,-0.564328,3.078631,0.026981,-0.549328,-1.587942,0.061531,16.216100,0
25.900000,0.073321,-0.564543,3.100935,0.023982,-0.549380,-1.587942,0.051616,15.842900,0
25.920000,0.094296,-0.565294,3.080223,0.020982,-0.549431,-1.587942,0.075011,15.960600,0
25.940000,0.063099,-0.564223,3.099144,0.017983,-0.549483,-1.587942,0.047463,16.023600,0
25.960000,0.137437,-0.566633,3.137421,0.014983,-0.549534,-1.587942,0.123642,16.164000,0
25.980000,0.095553,-0.558709,-3.115353,0.011984,-0.549586,-1.587942,0.084066,16.934700,0
26.000000,0.102323,-0.566596,-3.109630,0.008984,-0.549637,-1.587942,0.094867,17.015100,0
26.020000,0.114794,-0.564882,-3.098058,0.005984,-0.549688,-1.587942,0.109865,16.947300,0
26.040000,0.085483,-0.566125,-3.135130,0.002985,-0.549740,-1.587942,0.084109,16.352900,0
26.060000,0.039377,-0.562249,3.076311,-0.000015,-0.549791,-1.587942,0.041315,15.792500,0
26.080000,0.075887,-0.563432,-3.069174,-0.003014,-0.549843,-1.587942,0.080063,16.498700,0
26.100000,0.087196,-0.559962,3.108766,-0.006014,-0.549894,-1.587942,0.093753,16.080000,0
26.120000,0.033939,-0.562269,3.100952,-0.009013,-0.549946,-1.587942,0.044685,16.646300,0
26.140000,0.053992,-0.561658,3.109917,-0.012013,-0.549997,-1.587942,0.067027,16.554400,0
26.160000,0.053909,-0.563848,-3.089449,-0.015012,-0.550048,-1.587942,0.070289,16.992700,0
26.180000,0.106396,-0.561617,-3.096774,-0.018012,-0.550100,-1.587942,0.124940,17.105100,0
26.200000,0.052972,-0.559283,-3.113323,-0.021012,-0.550151,-1.587942,0.074546,17.122600,0
26.220000,0.100982,-0.568460,-3.058120,-0.024011,-0.550203,-1.587942,0.126319,17.591000,0
26.240000,0.052435,-0.563444,-3.101656,-0.027011,-0.550254,-1.587942,0.080534,16.759900,0
26.260000,0.074489,-0.565668,-3.046946,-0.030010,-0.550306,-1.587942,0.105622,17.397600,0
26.280000,0.051922,-0.563489,3.123258,-0.033010,-0.550357,-1.587942,0.085942,17.876800,0
26.300000,0.008200,-0.565890,3.120393,-0.036009,-0.550408,-1.587942,0.046842,16.939200,0
26.320000,0.037784,-0.558034,3.139708,-0.039009,-0.550460,-1.587942,0.077165,17.201600,0
26.340000,0.030598,-0.564454,3.109615,-0.042008,-0.550511,-1.587942,0.073933,17.169400,0
26.360000,0.010965,-0.568073,3.105180,-0.045008,-0.550563,-1.587942,0.058648,15.599600,0
26.380000,0.000265,-0.563676,-3.134118,-0.048008,-0.550614,-1.587942,0.050009,15.827700,0
26.400000,-0.000988,-0.562498,3.139854,-0.051007,-0.550666,-1.587942,0.051399,16.661800,0
26.420000,0.025018,-0.560878,3.135616,-0.054007,-0.550717,-1.587942,0.079675,16.029200,0
26.440000,0.018867,-0.568899,3.120844,-0.057006,-0.550769,-1.587942,0.078009,16.302500,0
26.460000,-0.009347,-0.561817,3.086496,-0.060006,-0.550820,-1.587942,0.051839,16.540200,0
26.480000,-0.022090,-0.559957,3.134629,-0.063005,-0.550871,-1.587942,0.041912,15.571200,0
26.500000,0.006608,-0.565530,-3.138189,-0.066005,-0.550923,-1.587942,0.074068,15.935900,0
26.520000,0.011146,-0.560421,-3.141086,-0.069005,-0.550974,-1.587942,0.080705,15.853000,0
26.540000,-0.005455,-0.562830,3.120266,-0.072004,-0.551026,-1.587942,0.067587,16.147900,0
26.560000,-0.008972,-0.567709,-3.133731,-0.075004,-0.551077,-1.587942,0.068094,15.552500,0
26.580000,0.038816,-0.564604,3.141485,-0.078003,-0.551129,-1.587942,0.117593,16.729700,0
26.600000,0.023788,-0.566070,-3.125746,-0.078928,-0.551116,-1.578443,0.103799,16.189000,0
26.620000,0.018572,-0.560034,3.114680,-0.079101,-0.551114,-1.558446,0.098079,16.390700,0
26.640000,0.013517,-0.565947,3.082850,-0.079117,-0.551113,-1.540232,0.093815,15.665600,0
26.660000,0.027330,-0.566774,3.122524,-0.079114,-0.551112,-1.522244,0.107591,15.857900,0
26.680000,-0.014753,-0.568699,3.000983,-0.079112,-0.551111,-1.504254,0.066719,17.725900,0
26.700000,-0.022444,-0.564928,2.998865,-0.079110,-0.551110,-1.486265,0.058326,17.113500,0
26.720000,-0.044185,-0.562872,2.997066,-0.079108,-0.551109,-1.468275,0.036851,17.167300,0
26.740000,0.024128,-0.573146,2.986325,-0.079106,-0.551108,-1.450286,0.105560,17.776000,0
26.760000,0.018990,-0.570485,3.023240,-0.079100,-0.551107,-1.432235,0.099985,18.154200,0
26.780000,0.013561,-0.573561,2.956487,-0.079093,-0.551106,-1.414178,0.095336,16.135800,0
26.800000,-0.012830,-0.566363,2.903335,-0.081386,-0.550720,-1.406519,0.070318,15.200900,0
26.820000,-0.001435,-0.571900,2.995355,-0.084348,-0.550228,-1.406521,0.085699,15.930500,0
26.840000,0.005630,-0.570978,2.963009,-0.087311,-0.549735,-1.406523,0.095338,16.805500,0
26.860000,0.049629,-0.572266,3.022630,-0.090273,-0.549243,-1.406529,0.141783,16.932800,0
26.880000,-0.024435,-0.566771,2.992067,-0.093234,-0.548752,-1.406534,0.071119,17.018000,0
26.900000,0.002670,-0.570266,2.987790,-0.096196,-0.548260,-1.406537,0.101285,16.893000,0
26.920000,-0.017254,-0.567216,3.024740,-0.099157,-0.547769,-1.406540,0.084180,17.556900,0
26.940000,-0.101774,-0.559057,2.880448,-0.102117,-0.547278,-1.406543,0.011784,18.064400,0
26.960000,-0.038216,-0.555539,2.921963,-0.105078,-0.546788,-1.406545,0.067432,16.725100,0
26.980000,-0.047091,-0.556735,2.980065,-0.108038,-0.546297,-1.406547,0.061835,17.237700,0
27.000000,-0.021334,-0.563133,3.051428,-0.110998,-0.545807,-1.406548,0.091322,18.112900,0
27.020000,-0.013563,-0.563034,2.978191,-0.113958,-0.545316,-1.406549,0.101946,18.624200,0
27.040000,-0.021781,-0.567834,2.962464,-0.116918,-0.544826,-1.406550,0.097880,18.238400,0
27.060000,-0.052530,-0.556870,2.937110,-0.117644,-0.544741,-1.394393,0.066234,18.722900,0
27.080000,0.008765,-0.577561,2.958526,-0.117815,-0.544710,-1.374393,0.130774,19.133800,0
27.100000,-0.023766,-0.572147,2.961854,-0.117813,-0.544710,-1.356386,0.097968,18.895800,0
27.120000,0.001931,-0.569330,2.955112,-0.117809,-0.544709,-1.338398,0.122245,19.016500,0
27.140000,-0.033273,-0.565858,2.860636,-0.117806,-0.544709,-1.320396,0.087138,18.200900,0
27.160000,-0.036297,-0.569899,2.872992,-0.117801,-0.544708,-1.302384,0.085308,18.628100,0
27.180000,-0.019705,-0.569075,2.838144,-0.117797,-0.544708,-1.284367,0.101073,18.958600,0
27.200000,-0.013358,-0.575882,2.831934,-0.117793,-0.544707,-1.266348,0.108988,19.034100,0
27.220000,-0.039819,-0.565470,2.832559,-0.117789,-0.544706,-1.248328,0.080688,18.275100,0
27.240000,-0.019951,-0.569975,2.840945,-0.117785,-0.544705,-1.230309,0.101045,18.337700,0
27.260000,-0.019892,-0.571362,2.754440,-0.117781,-0.544704,-1.212291,0.101454,18.501000,0
27.280000,-0.008712,-0.572497,2.799219,-0.117777,-0.544703,-1.194274,0.112551,19.080600,0
27.300000,-0.013869,-0.573495,2.768922,-0.117773,-0.544702,-1.176259,0.107819,18.754800,0
27.320000,-0.037359,-0.571638,2.692705,-0.117770,-0.544701,-1.158247,0.084803,18.578600,0
27.340000,-0.023769,-0.579318,2.741695,-0.117767,-0.544700,-1.140236,0.100170,18.143200,0
27.360000,-0.052252,-0.566396,2.623134,-0.117764,-0.544699,-1.122227,0.069011,18.832000,0
27.380000,-0.059487,-0.561765,2.610157,-0.117761,-0.544698,-1.104220,0.060722,18.687900,0
27.400000,-0.055522,-0.551713,2.609622,-0.117758,-0.544697,-1.086214,0.062630,19.140700,0
27.420000,-0.031663,-0.578743,2.681911,-0.117755,-0.544696,-1.068210,0.092580,18.924100,0
27.440000,-0.031407,-0.568385,2.557026,-0.117753,-0.544695,-1.050207,0.089537,18.945000,0
27.460000,-0.025852,-0.581429,2.566757,-0.117750,-0.544694,-1.032205,0.098968,18.660700,0
27.480000,-0.035636,-0.571149,2.616570,-0.117748,-0.544693,-1.014205,0.086268,19.209000,0
27.500000,-0.037500,-0.584186,2.543658,-0.117745,-0.544692,-0.996205,0.089437,19.240700,0
27.520000,-0.059564,-0.563342,2.468236,-0.117743,-0.544691,-0.978207,0.061095,17.562700,0
27.540000,-0.058862,-0.565073,2.464527,-0.117741,-0.544690,-0.960209,0.062308,15.960100,0
27.560000,-0.063874,-0.558032,2.447323,-0.117739,-0.544689,-0.942212,0.055493,16.002900,0
27.580000,-0.037275,-0.575638,2.559596,-0.117736,-0.544688,-0.924216,0.086209,16.949300,0
27.600000,-0.035534,-0.581901,2.497574,-0.117734,-0.544687,-0.906221,0.090232,16.394600,0
27.620000,-0.069409,-0.558810,2.395967,-0.117732,-0.544686,-0.888226,0.050345,17.730900,0
27.640000,-0.060446,-0.562531,2.398131,-0.117730,-0.544685,-0.870232,0.059999,16.338500,0
27.660000,-0.058463,-0.565195,2.399841,-0.117728,-0.544684,-0.852238,0.062714,16.668400,0
27.680000,-0.036272,-0.576453,2.421491,-0.117726,-0.544683,-0.834245,0.087430,16.327100,0
27.700000,-0.052504,-0.577323,2.327269,-0.117724,-0.544682,-0.816252,0.072933,15.810100,0
27.720000,-0.051051,-0.566961,2.338491,-0.117722,-0.544681,-0.798260,0.070295,17.254900,0
27.740000,-0.033409,-0.587409,2.391629,-0.117720,-0.544680,-0.780268,0.094521,16.538100,0
27.760000,-0.055544,-0.572967,2.287708,-0.117718,-0.544680,-0.762276,0.068307,16.337700,0
27.780000,-0.054622,-0.549502,2.303123,-0.119653,-0.542653,-0.759999,0.065391,16.401300,0
27.800000,-0.058155,-0.572353,2.258111,-0.121722,-0.540475,-0.760006,0.071112,15.917900,0
27.820000,-0.055801,-0.572194,2.363185,-0.123791,-0.538298,-0.760015,0.075971,16.157000,0
27.840000,-0.068769,-0.557896,2.250007,-0.125860,-0.536122,-0.760024,0.061103,17.168900,0
27.860000,-0.058533,-0.566106,2.368901,-0.127929,-0.533946,-0.760030,0.076486,16.604600,0
27.880000,-0.067164,-0.561860,2.344674,-0.129997,-0.531770,-0.760035,0.069666,17.996900,0
27.900000,-0.078333,-0.555686,2.223266,-0.132065,-0.529595,-0.760039,0.059732,17.712500,0
27.920000,-0.082753,-0.552176,2.331650,-0.134133,-0.527420,-0.760041,0.057033,16.997800,0
27.940000,-0.064188,-0.565705,2.344584,-0.136201,-0.525245,-0.760043,0.082601,18.027900,0
27.960000,-0.063416,-0.554674,2.342498,-0.138269,-0.523070,-0.760045,0.081251,17.239800,0
27.980000,-0.059814,-0.559473,2.389095,-0.140336,-0.520896,-0.760046,0.089286,17.672900,0
28.000000,-0.084865,-0.534075,2.269878,-0.142403,-0.518721,-0.760047,0.059551,18.360600,0
28.020000,-0.069136,-0.546175,2.288605,-0.144471,-0.516546,-0.760047,0.080952,18.185200,0
28.040000,-0.077150,-0.537648,2.356564,-0.146538,-0.514372,-0.760048,0.073188,18.132300,0
28.060000,-0.076171,-0.539914,2.377619,-0.148605,-0.512197,-0.760048,0.077556,18.365600,0
28.080000,-0.076683,-0.546865,2.397288,-0.150672,-0.510023,-0.760049,0.082654,17.789900,0
28.100000,-0.086545,-0.531498,2.265582,-0.152739,-0.507849,-0.760049,0.070292,18.335300,0
28.120000,-0.087112,-0.535085,2.268699,-0.154806,-0.505674,-0.760049,0.073807,17.368400,0
28.140000,-0.096221,-0.526438,2.213153,-0.156873,-0.503500,-0.760049,0.064845,18.515900,0
28.160000,-0.089850,-0.528541,2.376308,-0.158940,-0.501325,-0.760049,0.074258,17.675500,0
28.180000,-0.089430,-0.530993,2.244621,-0.159176,-0.501076,-0.742412,0.075891,17.818100,0
28.200000,-0.073481,-0.545100,2.339263,-0.159186,-0.501062,-0.724181,0.096357,18.883000,0
28.220000,-0.070855,-0.557493,2.303247,-0.159183,-0.501064,-0.706193,0.104814,18.486500,0
28.240000,-0.081019,-0.537844,2.264269,-0.159181,-0.501066,-0.688203,0.086382,17.928600,0
28.260000,-0.109711,-0.501497,2.200310,-0.159178,-0.501067,-0.670210,0.049469,17.854200,0
28.280000,-0.085364,-0.541380,2.251840,-0.159175,-0.501067,-0.652215,0.084103,17.936900,0
28.300000,-0.075509,-0.553717,2.211204,-0.159172,-0.501068,-0.634219,0.098851,18.588100,0
28.320000,-0.071697,-0.552199,2.108164,-0.159170,-0.501068,-0.616223,0.101321,19.233800,0
28.340000,-0.106217,-0.510622,2.099972,-0.159167,-0.501068,-0.598228,0.053805,17.878100,0
28.360000,-0.089914,-0.538993,2.140721,-0.159165,-0.501068,-0.580233,0.078955,16.464400,0
28.380000,-0.081865,-0.563190,2.251479,-0.159162,-0.501068,-0.562238,0.099166,17.273700,0
28.400000,-0.088147,-0.546922,2.117736,-0.159160,-0.501067,-0.544245,0.084531,15.899700,0
28.420000,-0.093124,-0.538034,2.049421,-0.159158,-0.501067,-0.526252,0.075677,16.155400,0
28.440000,-0.089283,-0.543694,2.092410,-0.159155,-0.501067,-0.508261,0.081848,16.201400,0
28.460000,-0.082746,-0.560871,2.075835,-0.159153,-0.501066,-0.490270,0.097029,15.813400,0
28.480000,-0.096410,-0.543328,2.093615,-0.160565,-0.498918,-0.490200,0.078026,17.413700,0
28.500000,-0.097439,-0.525090,2.090517,-0.161979,-0.496269,-0.490207,0.070683,16.163800,0
28.520000,-0.090442,-0.544280,2.089347,-0.163394,-0.493619,-0.490217,0.088817,16.087100,0
28.540000,-0.101853,-0.525895,1.968232,-0.164808,-0.490970,-0.490224,0.071994,16.101800,0
28.560000,-0.113117,-0.508620,2.061385,-0.166222,-0.488322,-0.490230,0.056852,16.057300,0
28.580000,-0.124540,-0.495278,2.009526,-0.167636,-0.485674,-0.490234,0.044153,16.414600,0
28.600000,-0.106890,-0.508407,2.012906,-0.169050,-0.483026,-0.490237,0.067142,16.473100,0
28.620000,-0.104750,-0.527028,2.033608,-0.170463,-0.480378,-0.490238,0.080588,16.384900,0
28.640000,-0.103299,-0.533745,2.058192,-0.171876,-0.477731,-0.490239,0.088545,17.482000,0
28.660000,-0.100565,-0.523444,2.097615,-0.171884,-0.477310,-0.472503,0.084939,17.371400,0
28.680000,-0.114194,-0.502098,1.954873,-0.171890,-0.477296,-0.454301,0.062801,18.045900,0
28.700000,-0.108365,-0.508496,1.951895,-0.171887,-0.477299,-0.436314,0.070769,18.473600,0
28.720000,-0.111139,-0.502284,1.970297,-0.171885,-0.477301,-0.418325,0.065682,18.141900,0
28.740000,-0.103534,-0.521430,1.986034,-0.171883,-0.477303,-0.400335,0.081356,17.803900,0
28.760000,-0.119888,-0.493900,1.954848,-0.171881,-0.477304,-0.382343,0.054577,18.212300,0
28.780000,-0.106655,-0.527637,1.959515,-0.171879,-0.477305,-0.364351,0.082386,18.155500,0
28.800000,-0.099795,-0.543328,1.958066,-0.171877,-0.477305,-0.346360,0.097748,17.442700,0
28.820000,-0.121305,-0.507058,1.913478,-0.171875,-0.477306,-0.328368,0.058672,18.369300,0
28.840000,-0.108815,-0.530551,1.901143,-0.171873,-0.477306,-0.310378,0.082530,18.368200,0
28.860000,-0.111254,-0.535503,1.878661,-0.171871,-0.477306,-0.292388,0.084032,17.383300,0
28.880000,-0.112953,-0.527894,1.843002,-0.171869,-0.477306,-0.274399,0.077654,17.744900,0
28.900000,-0.111760,-0.513282,1.829736,-0.171867,-0.477307,-0.256410,0.070050,17.762800,0
28.920000,-0.118760,-0.488716,1.716406,-0.171865,-0.477307,-0.238422,0.054317,18.763600,0
28.940000,-0.111402,-0.515140,1.746832,-0.171863,-0.477306,-0.220435,0.071323,17.231000,0
28.960000,-0.104498,-0.524885,1.797748,-0.171861,-0.477306,-0.202449,0.082472,16.487100,0
28.980000,-0.103432,-0.536676,1.780498,-0.171859,-0.477306,-0.184463,0.090593,16.287900,0
29.000000,-0.120394,-0.523954,1.781983,-0.171857,-0.477306,-0.166477,0.069459,16.032700,0
29.020000,-0.116336,-0.541814,1.752541,-0.172266,-0.475000,-0.158996,0.087133,16.152300,0
29.040000,-0.114418,-0.515483,1.762394,-0.172740,-0.472035,-0.158999,0.072727,15.834600,0
29.060000,-0.114969,-0.494724,1.666330,-0.173215,-0.469068,-0.159011,0.063646,16.066800,0
29.080000,-0.119742,-0.508731,1.684819,-0.173689,-0.466103,-0.159020,0.068756,15.913400,0
29.100000,-0.121663,-0.504460,1.696939,-0.174164,-0.463139,-0.159027,0.066812,15.588900,0
29.120000,-0.124937,-0.505218,1.666347,-0.174640,-0.460175,-0.159031,0.067076,16.800700,0
29.140000,-0.120681,-0.488118,1.689653,-0.175115,-0.457211,-0.159034,0.062597,17.184400,0
29.160000,-0.120580,-0.492999,1.689554,-0.175590,-0.454247,-0.159036,0.067289,17.204900,0
29.180000,-0.128089,-0.487399,1.678655,-0.176066,-0.451284,-0.159037,0.060051,17.032400,0
29.200000,-0.110078,-0.471467,1.714469,-0.176541,-0.448321,-0.159038,0.070378,17.108800,0
29.220000,-0.122134,-0.469543,1.704350,-0.177016,-0.445359,-0.159039,0.059974,17.412800,0
29.240000,-0.117010,-0.478125,1.709696,-0.177492,-0.442396,-0.159040,0.070247,17.324200,0
29.260000,-0.116739,-0.484528,1.738571,-0.177967,-0.439433,-0.159041,0.076042,18.117600,0
29.280000,-0.129532,-0.499268,1.775113,-0.178442,-0.436471,-0.159041,0.079597,16.868500,0
29.300000,-0.115384,-0.491448,1.811519,-0.178917,-0.433509,-0.159042,0.085985,17.379400,0
29.320000,-0.116568,-0.418711,1.660753,-0.179393,-0.430546,-0.159043,0.063930,17.676100,0
29.340000,-0.131417,-0.470505,1.681559,-0.179868,-0.427584,-0.159043,0.064728,17.762200,0
29.360000,-0.123059,-0.455159,1.667439,-0.179938,-0.426889,-0.146440,0.063517,16.982000,0
29.380000,-0.132354,-0.461821,1.637172,-0.179910,-0.426717,-0.126441,0.059110,16.024200,0
29.400000,-0.130491,-0.471093,1.612794,-0.179909,-0.426720,-0.108439,0.066416,16.893500,0
29.420000,-0.123200,-0.475524,1.597708,-0.179907,-0.426722,-0.090450,0.074815,17.594600,0
29.440000,-0.124022,-0.467356,1.570766,-0.179906,-0.426725,-0.072461,0.069093,17.771800,0
29.460000,-0.131921,-0.463700,1.557886,-0.179904,-0.426727,-0.054471,0.060576,17.097700,0
29.480000,-0.128841,-0.463937,1.550134,-0.179903,-0.426728,-0.036482,0.063181,16.963800,0
29.500000,-0.131675,-0.474593,1.550836,-0.179901,-0.426729,-0.018492,0.067946,16.815900,0
29.520000,-0.132805,-0.491917,1.623593,-0.179900,-0.426730,-0.000504,0.080420,17.013900,0
29.540000,-0.124196,-0.467023,1.651590,-0.179899,-0.426731,0.017484,0.068748,18.244000,0
29.560000,-0.131344,-0.462172,1.465312,-0.179898,-0.426732,0.035471,0.060112,17.945900,0
29.580000,-0.136498,-0.480866,1.505700,-0.179813,-0.424575,0.044975,0.071027,17.820700,0
29.600000,-0.122914,-0.471695,1.471067,-0.179676,-0.421575,0.044972,0.075723,17.000500,0
29.620000,-0.129464,-0.460625,1.465015,-0.179539,-0.418575,0.044968,0.065389,17.135600,0
29.640000,-0.133981,-0.428752,1.488468,-0.179403,-0.415575,0.044961,0.047295,17.697000,0
29.660000,-0.130563,-0.448398,1.458182,-0.179267,-0.412576,0.044956,0.060459,17.480800,0
29.680000,-0.119074,-0.433415,1.514239,-0.179132,-0.409578,0.044951,0.064615,17.527200,0
29.700000,-0.124157,-0.441061,1.470964,-0.178996,-0.406579,0.044948,0.064779,17.601600,0
29.720000,-0.130751,-0.464292,1.505025,-0.178861,-0.403581,0.044945,0.077462,17.506500,0
29.740000,-0.129319,-0.454899,1.412427,-0.178726,-0.400583,0.044942,0.073425,17.381300,0
29.760000,-0.123785,-0.426969,1.474779,-0.178592,-0.397586,0.044940,0.062186,17.780500,0
29.780000,-0.126311,-0.437038,1.501221,-0.178457,-0.394588,0.044939,0.067240,17.440200,0
29.800000,-0.123630,-0.442355,1.493896,-0.178322,-0.391591,0.044938,0.074621,17.874200,0
29.820000,-0.128511,-0.448168,1.460674,-0.178187,-0.388593,0.044937,0.077569,17.673200,0
29.840000,-0.122482,-0.409960,1.480561,-0.178052,-0.385596,0.044936,0.060677,16.971000,0
29.860000,-0.122531,-0.423039,1.471755,-0.177917,-0.382599,0.044936,0.068579,16.340000,0
29.880000,-0.121510,-0.398994,1.544247,-0.177783,-0.379602,0.044936,0.059521,16.800700,0
29.900000,-0.129955,-0.428237,1.521693,-0.177648,-0.376605,0.044936,0.070288,17.059500,0
29.920000,-0.126577,-0.430547,1.564921,-0.177513,-0.373608,0.044935,0.076397,17.242500,0
29.940000,-0.134418,-0.406205,1.540287,-0.177379,-0.370610,0.044935,0.055791,17.345500,0
29.960000,-0.126626,-0.401762,1.439612,-0.177244,-0.367613,0.044935,0.061060,17.132900,0
29.980000,-0.124425,-0.413840,1.484401,-0.177109,-0.364616,0.044935,0.072102,17.896100,0
30.000000,-0.124142,-0.404383,1.463319,-0.176974,-0.361619,0.044935,0.067971,18.045000,0
30.020000,-0.120247,-0.385342,1.475823,-0.176840,-0.358622,0.044935,0.062584,18.618000,0
30.040000,-0.122675,-0.403936,1.440235,-0.176705,-0.355625,0.044935,0.072479,18.250200,0
30.060000,-0.125009,-0.385455,1.532268,-0.176570,-0.352628,0.044935,0.061124,18.139000,0
30.080000,-0.131238,-0.400329,1.579767,-0.176435,-0.349631,0.044935,0.067919,17.622700,0
30.100000,-0.124148,-0.400818,1.537072,-0.176301,-0.346634,0.044935,0.075206,17.826800,0
30.120000,-0.131791,-0.401357,1.584646,-0.176166,-0.343637,0.044935,0.072806,18.198800,0
30.140000,-0.127536,-0.370807,1.513822,-0.176031,-0.340640,0.044935,0.057112,18.147100,0
30.160000,-0.124180,-0.385136,1.551955,-0.175896,-0.337643,0.044935,0.070215,17.333500,0
30.180000,-0.123872,-0.350562,1.471851,-0.175762,-0.334646,0.044935,0.054276,18.618900,0
30.200000,-0.125468,-0.374585,1.469187,-0.175627,-0.331649,0.044935,0.066026,18.146000,0
30.220000,-0.120604,-0.356808,1.467706,-0.175492,-0.328652,0.044935,0.061688,17.863100,0
30.240000,-0.121862,-0.379043,1.504479,-0.175357,-0.325656,0.044935,0.075577,16.434300,0
30.260000,-0.126842,-0.379899,1.443892,-0.175223,-0.322659,0.044935,0.074948,17.022700,0
30.280000,-0.123331,-0.350609,1.465583,-0.175088,-0.319662,0.044935,0.060304,15.993100,0
30.300000,-0.124577,-0.349388,1.482628,-0.174953,-0.316665,0.044935,0.060071,16.368400,0
30.320000,-0.123962,-0.387858,1.487638,-0.174818,-0.313668,0.044935,0.089947,17.566500,0
30.340000,-0.121592,-0.348198,1.488076,-0.174684,-0.310671,0.044935,0.065016,16.648000,0
30.360000,-0.124046,-0.317213,1.483501,-0.174549,-0.307674,0.044935,0.051396,16.846400,0
30.380000,-0.128010,-0.349395,1.443253,-0.174414,-0.304677,0.044935,0.064444,17.180700,0
30.400000,-0.116188,-0.336695,1.515168,-0.174279,-0.301680,0.044935,0.067828,17.192500,0
30.420000,-0.115886,-0.268905,1.344524,-0.174145,-0.298683,0.044935,0.065428,16.996400,0
30.440000,-0.125165,-0.326995,1.484544,-0.174010,-0.295686,0.044935,0.058018,16.512300,0
30.460000,-0.122490,-0.342911,1.521432,-0.173875,-0.292689,0.044935,0.071852,16.578100,0
30.480000,-0.121064,-0.345168,1.578451,-0.173740,-0.289692,0.044935,0.076501,16.028500,0
30.500000,-0.122940,-0.318922,1.546121,-0.173606,-0.286695,0.044935,0.060047,15.999800,0
30.520000,-0.119924,-0.332310,1.564987,-0.173471,-0.283698,0.044935,0.072322,16.419600,0
30.540000,-0.120682,-0.309275,1.516342,-0.173336,-0.280701,0.044935,0.059907,16.197700,0
30.560000,-0.118376,-0.309572,1.521723,-0.173201,-0.277704,0.044935,0.063414,16.103400,0
30.580000,-0.115490,-0.292822,1.483959,-0.173067,-0.274707,0.044935,0.060360,15.705700,0
30.600000,-0.120585,-0.301510,1.460805,-0.172932,-0.271710,0.044935,0.060235,15.817700,0
30.620000,-0.127030,-0.325730,1.511746,-0.172797,-0.268713,0.044935,0.073114,15.957600,0
30.640000,-0.122978,-0.337098,1.587370,-0.172662,-0.265716,0.044935,0.086971,16.487100,0
30.660000,-0.121681,-0.299297,1.549062,-0.172527,-0.262719,0.044935,0.062636,15.562600,0
30.680000,-0.119747,-0.321600,1.584470,-0.172393,-0.259722,0.044935,0.081243,16.537000,0
30.700000,-0.118130,-0.290155,1.545212,-0.172258,-0.256725,0.044935,0.063620,15.693000,0
30.720000,-0.123167,-0.291882,1.590753,-0.172123,-0.253728,0.044935,0.062068,16.369100,0
30.740000,-0.117490,-0.313208,1.492281,-0.171988,-0.250731,0.044935,0.082906,16.557900,0
30.760000,-0.120691,-0.288671,1.476683,-0.171854,-0.247734,0.044935,0.065524,16.969600,0
30.780000,-0.122408,-0.303983,1.494817,-0.171719,-0.244737,0.044935,0.077082,16.916000,0
30.800000,-0.123558,-0.297127,1.443104,-0.171584,-0.241740,0.044935,0.073309,17.089200,0
30.820000,-0.114630,-0.257150,1.448790,-0.171449,-0.238743,0.044935,0.059726,17.058100,0
30.840000,-0.108653,-0.309308,1.521368,-0.171315,-0.235746,0.044935,0.096633,17.447900,0
30.860000,-0.119090,-0.295799,1.436332,-0.171180,-0.232749,0.044935,0.081785,17.276000,0
30.880000,-0.123123,-0.268880,1.481916,-0.171045,-0.229752,0.044935,0.061867,16.890900,0
30.900000,-0.119948,-0.259107,1.459107,-0.170910,-0.226755,0.044935,0.060364,17.214100,0
30.920000,-0.116356,-0.277024,1.502165,-0.170776,-0.223758,0.044935,0.076150,16.985600,0
30.940000,-0.113982,-0.223773,1.381774,-0.170641,-0.220761,0.044935,0.056739,17.488500,0
30.960000,-0.121030,-0.287685,1.489162,-0.170506,-0.217765,0.044935,0.085654,17.446000,0
30.980000,-0.117446,-0.249941,1.487536,-0.170371,-0.214768,0.044935,0.063547,17.569400,0
31.000000,-0.115745,-0.245472,1.485122,-0.170237,-0.211771,0.044935,0.064071,17.145800,0
31.020000,-0.115169,-0.232509,1.461737,-0.170102,-0.208774,0.044935,0.059841,16.907200,0
31.040000,-0.121099,-0.268260,1.515694,-0.169967,-0.205777,0.044935,0.079323,18.011000,0
31.060000,-0.115532,-0.212208,1.358900,-0.169832,-0.202780,0.044935,0.055113,16.599900,0
31.080000,-0.119792,-0.266957,1.509908,-0.169698,-0.199783,0.044935,0.083684,16.487700,0
31.100000,-0.121433,-0.291601,1.470785,-0.169563,-0.196786,0.044935,0.106331,16.683800,0
31.120000,-0.116422,-0.222016,1.482204,-0.169428,-0.193789,0.044935,0.060053,16.977200,0
31.140000,-0.115912,-0.232442,1.477220,-0.169293,-0.190792,0.044935,0.067707,16.225200,0
31.160000,-0.110054,-0.204838,1.508308,-0.169158,-0.187795,0.044935,0.061513,16.981300,0
31.180000,-0.112583,-0.253970,1.482229,-0.169024,-0.184798,0.044935,0.089277,16.726600,0
31.200000,-0.112095,-0.210643,1.483776,-0.168889,-0.181801,0.044935,0.063698,16.276000,0
31.220000,-0.115466,-0.219918,1.477387,-0.168754,-0.178804,0.044935,0.067305,16.087100,0
31.240000,-0.116604,-0.204406,1.509666,-0.168619,-0.175807,0.044935,0.059359,15.807300,0
31.260000,-0.110025,-0.200911,1.549147,-0.168485,-0.172810,0.044935,0.064863,16.108700,0
31.280000,-0.118905,-0.213525,1.536105,-0.168350,-0.169813,0.044935,0.065997,15.829200,0
31.300000,-0.114125,-0.223745,1.522817,-0.168215,-0.166816,0.044935,0.078528,15.789700,0
31.320000,-0.116903,-0.223366,1.535622,-0.168080,-0.163819,0.044935,0.078517,16.747100,0
31.340000,-0.110245,-0.227014,1.584844,-0.167946,-0.160822,0.044935,0.087811,15.806200,0
31.360000,-0.111045,-0.195533,1.607259,-0.167811,-0.157825,0.044935,0.068149,16.190300,0
31.380000,-0.118863,-0.183488,1.428386,-0.167676,-0.154828,0.044935,0.056605,16.181500,0
31.400000,-0.115519,-0.219920,1.520776,-0.167541,-0.151831,0.044935,0.085688,15.568900,0
31.420000,-0.112216,-0.162117,1.372783,-0.167407,-0.148834,0.044935,0.056767,16.846100,0
31.440000,-0.116027,-0.221125,1.518003,-0.167272,-0.145837,0.044935,0.091073,16.743200,0
31.460000,-0.104874,-0.168608,1.426704,-0.167137,-0.142840,0.044935,0.067385,16.200700,0
31.480000,-0.113263,-0.213955,1.487547,-0.167002,-0.139843,0.044935,0.091545,16.054800,0
31.500000,-0.108337,-0.167841,1.435973,-0.166868,-0.136846,0.044935,0.066231,16.548300,0
31.520000,-0.111617,-0.142945,1.525969,-0.166733,-0.133849,0.044935,0.055862,17.276700,0
31.540000,-0.112743,-0.153702,1.469231,-0.166598,-0.130852,0.044935,0.058502,17.823700,0
31.560000,-0.116363,-0.189329,1.471928,-0.166463,-0.127855,0.044935,0.079303,18.758200,0
31.580000,-0.109676,-0.153504,1.478884,-0.166329,-0.124858,0.044935,0.063484,17.300300,0
31.600000,-0.111072,-0.172651,1.459275,-0.166194,-0.121861,0.044935,0.074954,18.555500,0
31.620000,-0.109321,-0.153851,1.469923,-0.166059,-0.118864,0.044935,0.066658,18.279200,0
31.640000,-0.108368,-0.127000,1.505923,-0.165924,-0.115867,0.044935,0.058623,18.513300,0
31.660000,-0.108962,-0.149368,1.510735,-0.165789,-0.112871,0.044935,0.067538,17.877400,0
31.680000,-0.113828,-0.156656,1.549243,-0.165655,-0.109874,0.044935,0.069819,17.849100,0
31.700000,-0.112504,-0.186732,1.497772,-0.165520,-0.106877,0.044935,0.095852,18.356900,0
31.720000,-0.106258,-0.108895,1.515449,-0.165385,-0.103880,0.044935,0.059340,19.047100,0
31.740000,-0.110968,-0.104502,1.435673,-0.165250,-0.100883,0.044935,0.054403,18.439900,0
31.760000,-0.116666,-0.141878,1.481477,-0.165116,-0.097886,0.044935,0.065443,17.822000,0
31.780000,-0.104105,-0.142175,1.452462,-0.164981,-0.094889,0.044935,0.077084,17.825200,0
31.800000,-0.104398,-0.120501,1.551492,-0.164846,-0.091892,0.044935,0.066876,18.031400,0
31.820000,-0.105577,-0.147657,1.579099,-0.164814,-0.091006,0.054966,0.081966,17.164600,0
31.840000,-0.108718,-0.142571,1.489595,-0.164804,-0.090833,0.074963,0.076305,16.112400,0
31.860000,-0.111517,-0.128380,1.496186,-0.164804,-0.090824,0.093088,0.065192,15.867700,0
31.880000,-0.105399,-0.127343,1.510207,-0.164803,-0.090828,0.111077,0.069729,15.741300,0
31.900000,-0.111433,-0.149968,1.458037,-0.164802,-0.090832,0.129084,0.079658,15.855100,0
31.920000,-0.112100,-0.123785,1.414894,-0.164801,-0.090838,0.147117,0.062152,16.225500,0
31.940000,-0.108868,-0.123529,1.327852,-0.164800,-0.090845,0.165160,0.064781,17.000100,0
31.960000,-0.113969,-0.135285,1.459539,-0.164799,-0.090851,0.183207,0.067514,16.269300,0
31.980000,-0.114243,-0.147565,1.377023,-0.164798,-0.090858,0.201254,0.075970,17.392200,0
32.000000,-0.121457,-0.158028,1.349364,-0.164797,-0.090864,0.219298,0.079933,17.352200,0
32.020000,-0.120743,-0.108668,1.370102,-0.164246,-0.088516,0.226016,0.047944,17.573600,0
32.040000,-0.116436,-0.130864,1.358830,-0.163571,-0.085589,0.226016,0.065357,17.028600,0
32.060000,-0.113461,-0.112582,1.387351,-0.162897,-0.082663,0.226013,0.057785,17.323400,0
32.080000,-0.120708,-0.157521,1.324994,-0.162223,-0.079737,0.226008,0.088170,17.757100,0
32.100000,-0.110972,-0.116233,1.317515,-0.161550,-0.076811,0.226004,0.064127,16.823400,0
32.120000,-0.119489,-0.115098,1.266312,-0.160877,-0.073886,0.226001,0.058407,16.148600,0
32.140000,-0.105099,-0.103510,1.300088,-0.160204,-0.070961,0.225998,0.064000,15.891400,0
32.160000,-0.102782,-0.108931,1.297950,-0.159532,-0.068036,0.225995,0.069949,16.245200,0
32.180000,-0.105637,-0.092090,1.412895,-0.158860,-0.065112,0.225993,0.059670,16.226600,0
32.200000,-0.111626,-0.113110,1.353834,-0.158187,-0.062187,0.225991,0.069000,15.904800,0
32.220000,-0.111706,-0.108330,1.395224,-0.157515,-0.059263,0.225990,0.067127,16.040600,0
32.240000,-0.109667,-0.062886,1.347046,-0.156843,-0.056339,0.225989,0.047628,17.099500,0
32.260000,-0.106278,-0.097558,1.342677,-0.156171,-0.053415,0.225988,0.066618,16.733200,0
32.280000,-0.104971,-0.107181,1.389732,-0.155498,-0.050491,0.225988,0.075939,16.538700,0
32.300000,-0.098018,-0.082785,1.364819,-0.154826,-0.047567,0.225988,0.066839,16.019600,0
32.320000,-0.097122,-0.081209,1.373875,-0.154154,-0.044643,0.225987,0.067747,16.388900,0
32.340000,-0.104885,-0.100574,1.370182,-0.153482,-0.041719,0.225987,0.076326,16.265300,0
32.360000,-0.101001,-0.092257,1.384636,-0.152810,-0.038795,0.225987,0.074447,16.885500,0
32.380000,-0.103478,-0.094748,1.363362,-0.152138,-0.035872,0.225987,0.076382,16.451200,0
32.400000,-0.096832,-0.059618,1.346820,-0.151465,-0.032948,0.225987,0.060795,15.575300,0
32.420000,-0.104063,-0.089184,1.367663,-0.151367,-0.032292,0.239012,0.073989,16.029900,0
32.440000,-0.106992,-0.086388,1.303255,-0.151329,-0.032139,0.258823,0.070062,15.616300,0
32.460000,-0.105795,-0.063670,1.303216,-0.151329,-0.032142,0.276825,0.055384,16.665400,0
32.480000,-0.110335,-0.104864,1.280083,-0.151329,-0.032146,0.294821,0.083477,17.376400,0
32.500000,-0.101467,-0.075179,1.290130,-0.151328,-0.032150,0.312827,0.065861,17.598200,0
32.520000,-0.108482,-0.091303,1.235954,-0.151328,-0.032154,0.330838,0.073037,17.715000,0
32.540000,-0.089625,-0.056745,1.222759,-0.151327,-0.032158,0.348853,0.066421,16.728900,0
32.560000,-0.094491,-0.078447,1.208418,-0.151326,-0.032162,0.366869,0.073297,16.206800,0
32.580000,-0.098465,-0.051308,1.162363,-0.151326,-0.032166,0.384885,0.056220,15.917200,0
32.600000,-0.104462,-0.071920,1.180863,-0.151325,-0.032170,0.402901,0.061451,16.233800,0
32.620000,-0.099182,-0.055838,1.142026,-0.151324,-0.032174,0.420915,0.057261,16.507000,0
32.640000,-0.105019,-0.070386,1.133181,-0.151323,-0.032177,0.438927,0.060033,16.290000,0
32.660000,-0.109767,-0.093587,1.129559,-0.151322,-0.032180,0.456938,0.074146,15.889800,0
32.680000,-0.111386,-0.090173,1.113586,-0.151321,-0.032184,0.474947,0.070409,16.810700,0
32.700000,-0.110778,-0.074483,1.119330,-0.150091,-0.029795,0.478516,0.059519,16.927300,0
32.720000,-0.099804,-0.059992,1.132491,-0.148707,-0.027129,0.478514,0.058919,17.554000,0
32.740000,-0.108708,-0.073219,1.137268,-0.147324,-0.024463,0.478510,0.062196,18.417300,0
32.760000,-0.098001,-0.058298,1.097967,-0.145941,-0.021798,0.478504,0.060253,17.028500,0
32.780000,-0.106081,-0.079710,1.098745,-0.144559,-0.019133,0.478499,0.071764,17.623300,0
32.800000,-0.104566,-0.069335,1.125314,-0.143177,-0.016468,0.478495,0.065466,17.155200,0
32.820000,-0.090823,-0.034326,1.094721,-0.141795,-0.013803,0.478491,0.054949,17.295200,0
32.840000,-0.094040,-0.057026,1.161717,-0.140413,-0.011139,0.478488,0.065239,17.259200,0
32.860000,-0.093518,-0.051058,1.072794,-0.139032,-0.008475,0.478486,0.062329,16.496400,0
32.880000,-0.093692,-0.049143,1.025274,-0.137650,-0.005812,0.478484,0.061724,17.104600,0
32.900000,-0.105947,-0.061604,1.089524,-0.136269,-0.003148,0.478483,0.065852,16.957200,0
32.920000,-0.097496,-0.039356,1.110449,-0.134888,-0.000484,0.478482,0.053937,16.744700,0
32.940000,-0.082976,-0.015503,1.086791,-0.133506,0.002179,0.478481,0.053535,16.340800,0
32.960000,-0.073743,-0.011035,1.140724,-0.132125,0.004842,0.478481,0.060503,16.042500,0
32.980000,-0.086994,-0.037489,1.125425,-0.130744,0.007506,0.478480,0.062758,15.720400,0
33.000000,-0.086055,-0.035428,1.110034,-0.129362,0.010169,0.478480,0.062886,16.287000,0
33.020000,-0.090610,-0.031969,1.131248,-0.127981,0.012832,0.478480,0.058341,15.840400,0
33.040000,-0.076057,-0.007866,1.161448,-0.126600,0.015496,0.478480,0.055681,16.416100,0
33.060000,-0.086203,-0.037326,1.122420,-0.125219,0.018159,0.478479,0.067829,15.699000,0
33.080000,-0.084554,-0.024884,1.127933,-0.123837,0.020822,0.478479,0.060268,16.043400,0
33.100000,-0.070663,0.000476,1.117378,-0.122456,0.023485,0.478479,0.056674,16.256500,0
33.120000,-0.072758,-0.014439,1.121292,-0.121075,0.026148,0.478479,0.063101,16.301300,0
33.140000,-0.087192,-0.030036,1.125221,-0.119693,0.028811,0.478479,0.067225,16.244800,0
33.160000,-0.068622,0.000316,1.128951,-0.118312,0.031475,0.478479,0.058652,16.429000,0
33.180000,-0.073975,-0.017009,1.030192,-0.116931,0.034138,0.478479,0.066793,16.150500,0
33.200000,-0.071920,0.001188,1.008275,-0.115550,0.036801,0.478479,0.056320,16.463600,0
33.220000,-0.051928,0.018472,1.022555,-0.114168,0.039464,0.478479,0.065684,16.528400,0
33.240000,-0.064540,0.009669,1.026906,-0.112787,0.042127,0.478479,0.058149,16.430200,0
33.260000,-0.067061,-0.005017,1.097325,-0.111406,0.044790,0.478479,0.066687,16.226300,0
33.280000,-0.066336,-0.004644,1.126546,-0.110024,0.047453,0.478479,0.067991,15.733600,0
33.300000,-0.056858,0.030184,1.094284,-0.108643,0.050116,0.478479,0.055488,16.801000,0
33.320000,-0.056952,0.013449,1.122933,-0.107262,0.052779,0.478479,0.063859,16.181200,0
33.340000,-0.066367,0.001153,1.143372,-0.105881,0.055442,0.478479,0.067146,16.363300,0
33.360000,-0.069152,-0.007094,1.101205,-0.104499,0.058106,0.478479,0.074165,16.241100,0
33.380000,-0.063071,0.014941,1.127506,-0.103118,0.060769,0.478479,0.060860,16.599500,0
33.400000,-0.044278,0.049358,1.093650,-0.101737,0.063432,0.478479,0.059158,16.265300,0
33.420000,-0.055091,0.023086,1.101671,-0.100355,0.066095,0.478479,0.062439,16.253000,0
33.440000,-0.056626,0.020704,1.088107,-0.098974,0.068758,0.478479,0.064051,16.449600,0
33.460000,-0.053108,0.022466,1.141170,-0.097593,0.071421,0.478479,0.066148,16.134300,0
33.480000,-0.033630,0.069527,1.086246,-0.096212,0.074084,0.478479,0.062747,17.360100,0
33.500000,-0.043400,0.040475,1.098863,-0.094830,0.076747,0.478479,0.062935,16.113400,0
33.520000,-0.042900,0.039556,1.117524,-0.093449,0.079410,0.478479,0.064371,16.281100,0
33.540000,-0.049808,0.037955,1.111259,-0.092068,0.082073,0.478479,0.061093,16.585800,0
33.560000,-0.047934,0.029820,1.094677,-0.090686,0.084736,0.478479,0.069596,16.150600,0
33.580000,-0.042647,0.047958,1.096988,-0.089305,0.087400,0.478479,0.061095,16.231400,0
33.600000,-0.036712,0.045132,1.153275,-0.087924,0.090063,0.478479,0.068128,16.696300,0
33.620000,-0.049408,0.033496,1.120205,-0.086543,0.092726,0.478479,0.069909,16.698800,0
33.640000,-0.043141,0.054405,1.114662,-0.085161,0.095389,0.478479,0.058698,15.827000,0
33.660000,-0.025907,0.067782,1.129173,-0.083780,0.098052,0.478479,0.065311,16.510300,0
33.680000,-0.037456,0.047289,1.106993,-0.082399,0.100715,0.478479,0.069815,16.035400,0
33.700000,-0.040566,0.049284,1.115388,-0.081017,0.103378,0.478479,0.067545,16.372700,0
33.720000,-0.037897,0.059186,1.123012,-0.079636,0.106041,0.478479,0.062750,16.324200,0
33.740000,-0.047592,0.043973,1.142891,-0.079619,0.106463,0.461008,0.070219,16.737200,0
33.760000,-0.031669,0.067820,1.157816,-0.079616,0.106472,0.442873,0.061586,16.183800,0
33.780000,-0.034647,0.054064,1.183912,-0.079618,0.106469,0.424884,0.069056,16.395400,0
33.800000,-0.032312,0.058387,1.181108,-0.079620,0.106467,0.406893,0.067452,17.386900,0
33.820000,-0.030220,0.057851,1.116607,-0.079623,0.106465,0.388900,0.069311,16.611700,0
33.840000,-0.039397,0.049069,1.242600,-0.079626,0.106464,0.370906,0.070090,17.068000,0
33.860000,-0.027184,0.065795,1.244209,-0.079628,0.106463,0.352913,0.066364,16.910800,0
33.880000,-0.029819,0.060805,1.233789,-0.078615,0.108694,0.351931,0.068370,16.180500,0
33.900000,-0.025672,0.069193,1.131080,-0.077580,0.111513,0.351932,0.066973,16.421300,0
33.920000,-0.014157,0.086664,1.149817,-0.076545,0.114332,0.351938,0.068248,16.802300,0
33.940000,-0.023728,0.079363,1.121087,-0.075509,0.117150,0.351942,0.064102,17.242700,0
33.960000,-0.019814,0.096718,1.190310,-0.074474,0.119968,0.351945,0.059399,16.697300,0
33.980000,-0.001991,0.105663,1.113129,-0.073440,0.122785,0.351947,0.073472,17.282900,0
34.000000,-0.037177,0.050759,1.193770,-0.072405,0.125602,0.351949,0.082719,17.015600,0
34.020000,-0.022996,0.080179,1.182351,-0.071370,0.128419,0.351950,0.068316,16.044800,0
34.040000,-0.011496,0.105525,1.154737,-0.070336,0.131236,0.351951,0.064212,16.199600,0
34.060000,-0.016752,0.096496,1.147493,-0.069301,0.134052,0.351952,0.064589,16.448400,0
34.080000,-0.007164,0.106307,1.204500,-0.068267,0.136869,0.351953,0.068320,16.465200,0
34.100000,-0.013455,0.118136,1.219667,-0.067232,0.139685,0.351953,0.057934,17.428500,0
34.120000,0.001222,0.131859,1.245599,-0.066198,0.142502,0.351953,0.068255,16.407100,0
34.140000,-0.014350,0.093290,1.235867,-0.065163,0.145318,0.351954,0.072725,16.006700,0
34.160000,-0.011373,0.110588,1.261201,-0.064129,0.148134,0.351954,0.064753,16.514800,0
34.180000,-0.016952,0.094910,1.276758,-0.063095,0.150950,0.351954,0.072592,16.448400,0
34.200000,-0.003764,0.126204,1.225172,-0.062060,0.153767,0.351954,0.064483,16.193000,0
34.220000,-0.009534,0.111900,1.264688,-0.061026,0.156583,0.351954,0.068176,16.169300,0
34.240000,-0.015020,0.119249,1.159105,-0.059992,0.159399,0.351954,0.060287,16.935200,0
34.260000,-0.002988,0.134364,1.171945,-0.059940,0.159896,0.335759,0.062414,16.510100,0
34.280000,-0.006302,0.123869,1.253937,-0.059959,0.159984,0.316677,0.064679,16.303700,0
34.300000,-0.014307,0.100536,1.235565,-0.059961,0.159981,0.298690,0.074953,15.988300,0
34.320000,-0.005958,0.125920,1.245924,-0.059963,0.159979,0.280700,0.063848,16.078400,0
34.340000,-0.006904,0.127020,1.301522,-0.059965,0.159977,0.262709,0.062463,16.350000,0
34.360000,-0.008171,0.103376,1.280577,-0.059967,0.159976,0.244718,0.076723,16.130600,0
34.380000,-0.010150,0.107010,1.383250,-0.059969,0.159974,0.226727,0.072713,16.962100,0
34.400000,-0.012335,0.092492,1.392899,-0.059971,0.159974,0.208736,0.082601,17.255400,0
34.420000,-0.010977,0.074330,1.465961,-0.059974,0.159973,0.190745,0.098668,17.441400,0
34.440000,0.001293,0.117532,1.420761,-0.059976,0.159972,0.172755,0.074532,17.126200,0
34.460000,0.000987,0.133000,1.479321,-0.059978,0.159972,0.154766,0.066665,17.508900,0
34.480000,-0.007529,0.089774,1.475119,-0.059600,0.162263,0.147071,0.089253,17.327400,0
34.500000,-0.008838,0.125194,1.426777,-0.059161,0.165234,0.147074,0.064309,17.305400,0
34.520000,-0.002751,0.132466,1.514709,-0.058723,0.168206,0.147083,0.066409,17.426000,0
34.540000,-0.001625,0.114518,1.460599,-0.058283,0.171176,0.147090,0.080126,18.124800,0
34.560000,0.003529,0.152590,1.430652,-0.057844,0.174146,0.147095,0.065048,18.112900,0
34.580000,0.003555,0.143937,1.466799,-0.057404,0.177116,0.147099,0.069403,17.466400,0
34.600000,0.000357,0.113499,1.437868,-0.056965,0.180085,0.147102,0.087861,17.647800,0
34.620000,0.003070,0.130574,1.346665,-0.056906,0.180801,0.134775,0.078230,17.276600,0
34.640000,0.007511,0.165173,1.412648,-0.056932,0.180975,0.114772,0.066352,17.714300,0
34.660000,0.004535,0.124137,1.430433,-0.056933,0.180972,0.096779,0.083717,17.345200,0
34.680000,0.006053,0.144508,1.469073,-0.056934,0.180970,0.078792,0.072779,17.614700,0
34.700000,0.001486,0.111418,1.481635,-0.056936,0.180967,0.060804,0.090831,17.938600,0
34.720000,0.007888,0.153241,1.481065,-0.056936,0.180966,0.042815,0.070504,17.788300,0
34.740000,0.000434,0.125395,1.540405,-0.056937,0.180964,0.024827,0.079871,17.426100,0
34.760000,0.004781,0.146451,1.470144,-0.056938,0.180963,0.006839,0.070713,17.794700,0
34.780000,-0.000126,0.101121,1.583175,-0.056913,0.183076,-0.003168,0.099707,16.575500,0
34.800000,0.007270,0.121517,1.581296,-0.056925,0.186079,-0.003166,0.091046,15.466800,0
34.820000,0.003382,0.144018,1.610297,-0.056936,0.189082,-0.003162,0.075293,15.976900,0
34.840000,0.004343,0.122642,1.606355,-0.056947,0.192085,-0.003156,0.092622,16.166500,0
34.860000,0.007599,0.139284,1.576973,-0.056958,0.195087,-0.003152,0.085332,16.411800,0
34.880000,0.006192,0.142670,1.606921,-0.056968,0.198088,-0.003148,0.084026,16.775500,0
34.900000,0.008056,0.178938,1.597789,-0.056978,0.201090,-0.003145,0.068703,16.235000,0
34.920000,0.006194,0.145779,1.588607,-0.056987,0.204091,-0.003142,0.085977,16.327800,0
34.940000,0.008729,0.152385,1.625004,-0.056997,0.207091,-0.003140,0.085514,16.164400,0
34.960000,0.007141,0.186602,1.577749,-0.057006,0.210092,-0.003139,0.068312,16.391500,0
34.980000,0.000803,0.169161,1.548425,-0.057015,0.213093,-0.003137,0.072615,16.824200,0
35.000000,0.008415,0.181897,1.540064,-0.057025,0.216093,-0.003136,0.073836,15.646700,0
35.020000,0.005597,0.191067,1.504396,-0.057034,0.219093,-0.003136,0.068615,16.727300,0
35.040000,0.011842,0.178424,1.543977,-0.057043,0.222094,-0.003135,0.081561,16.186000,0
35.060000,0.007935,0.180894,1.524750,-0.057052,0.225094,-0.003135,0.078594,16.521900,0
35.080000,0.012164,0.202630,1.516816,-0.057062,0.228094,-0.003134,0.073761,15.873100,0
35.100000,0.006983,0.152665,1.561676,-0.057071,0.231094,-0.003134,0.101262,15.833100,0
35.120000,0.007000,0.189114,1.622794,-0.057080,0.234094,-0.003134,0.078291,15.690000,0
35.140000,0.002009,0.162335,1.574337,-0.057090,0.237094,-0.003134,0.095297,16.554300,0
35.160000,0.004245,0.183617,1.607352,-0.057099,0.240094,-0.003134,0.083383,16.645700,0
35.180000,0.006229,0.184575,1.600375,-0.057108,0.243094,-0.003134,0.086233,16.566000,0
35.200000,0.009365,0.192619,1.607445,-0.057110,0.244048,-0.012225,0.084047,16.374600,0
35.220000,0.019943,0.185698,1.597679,-0.057113,0.244222,-0.032222,0.096761,17.243300,0
35.240000,0.010379,0.203621,1.576681,-0.057114,0.244231,-0.050359,0.078768,17.089500,0
35.260000,0.008658,0.168047,1.650401,-0.057115,0.244228,-0.068348,0.100646,17.013400,0
35.280000,0.007958,0.207212,1.612270,-0.057116,0.244225,-0.086337,0.074864,16.816500,0
35.300000,0.010662,0.187473,1.659218,-0.057117,0.244223,-0.104327,0.088400,17.373700,0
35.320000,0.009414,0.184215,1.629495,-0.057369,0.246462,-0.112775,0.091294,16.846500,0
35.340000,0.011104,0.222578,1.622644,-0.057709,0.249445,-0.112773,0.073872,17.026000,0
35.360000,0.009627,0.195156,1.682753,-0.058049,0.252428,-0.112770,0.088657,17.285200,0
35.380000,0.010214,0.208879,1.696165,-0.058388,0.255411,-0.112767,0.082895,17.158000,0
35.400000,0.004711,0.236655,1.718625,-0.058727,0.258394,-0.112765,0.067060,16.583500,0
35.420000,0.008279,0.204640,1.671742,-0.059065,0.261376,-0.112762,0.088058,16.895900,0
35.440000,0.011641,0.211139,1.776091,-0.059403,0.264358,-0.112761,0.088767,17.225800,0
35.460000,0.003827,0.237778,1.693019,-0.059741,0.267340,-0.112759,0.070106,17.735800,0
35.480000,0.006802,0.248844,1.714257,-0.060079,0.270322,-0.112758,0.070245,17.341700,0
35.500000,0.013019,0.207338,1.665554,-0.060417,0.273303,-0.112757,0.098713,17.831200,0
35.520000,0.013417,0.204120,1.651944,-0.060754,0.276284,-0.112756,0.103484,17.334900,0
35.540000,0.007648,0.228832,1.594854,-0.061092,0.279266,-0.112756,0.085257,17.449400,0
35.560000,0.002010,0.255113,1.635720,-0.061430,0.282247,-0.112755,0.068999,19.785400,0
35.580000,0.006603,0.244369,1.572887,-0.061767,0.285228,-0.112755,0.079649,18.118900,0
35.600000,0.007296,0.227217,1.657914,-0.062105,0.288209,-0.112755,0.092393,17.145600,0
35.620000,0.008650,0.220908,1.612245,-0.062442,0.291190,-0.112755,0.099968,17.247600,0
35.640000,0.001052,0.247422,1.644993,-0.062780,0.294171,-0.112754,0.079120,18.025700,0
35.660000,0.002240,0.265372,1.637438,-0.062847,0.294966,-0.124009,0.071499,17.862100,0
35.680000,0.005683,0.257953,1.726004,-0.062869,0.295138,-0.144007,0.077988,17.411300,0
35.700000,-0.002705,0.250441,1.676755,-0.062869,0.295138,-0.162030,0.074950,18.127600,0
35.720000,0.008391,0.267695,1.735733,-0.062870,0.295134,-0.180018,0.076361,18.296300,0
35.740000,0.005575,0.261574,1.684089,-0.062870,0.295130,-0.198022,0.076228,16.943500,0
35.760000,0.010456,0.241044,1.749634,-0.062871,0.295126,-0.216038,0.091114,18.076100,0
35.780000,0.004865,0.260379,1.777716,-0.063413,0.297469,-0.222826,0.077702,17.881600,0
35.800000,0.003756,0.271835,1.741284,-0.064078,0.300397,-0.222825,0.073602,17.019400,0
35.820000,0.008426,0.241680,1.764727,-0.064743,0.303325,-0.222823,0.095676,18.063400,0
35.840000,0.012371,0.257408,1.759890,-0.065407,0.306253,-0.222820,0.091844,17.801000,0
35.860000,0.009929,0.267932,1.728177,-0.066071,0.309180,-0.222817,0.086472,17.428100,0
35.880000,0.008029,0.245577,1.745318,-0.066735,0.312107,-0.222815,0.100079,17.841800,0
35.900000,0.003582,0.271166,1.749781,-0.067399,0.315034,-0.222813,0.083443,17.884500,0
35.920000,0.000354,0.290536,1.805107,-0.068062,0.317960,-0.222812,0.073708,17.317600,0
35.940000,-0.000546,0.280059,1.822432,-0.068725,0.320887,-0.222810,0.079469,17.290300,0
35.960000,0.006206,0.274111,1.818234,-0.069388,0.323813,-0.222809,0.090469,17.181500,0
35.980000,0.004121,0.288648,1.800909,-0.070051,0.326740,-0.222809,0.083381,17.052300,0
36.000000,0.006952,0.282625,1.857177,-0.070714,0.329666,-0.222808,0.090801,17.152200,0
36.020000,-0.000960,0.307184,1.805906,-0.071377,0.332592,-0.222808,0.074861,18.510200,0
36.040000,-0.006708,0.302656,1.812153,-0.072040,0.335518,-0.222808,0.073131,17.374900,0
36.060000,-0.001125,0.294638,1.814959,-0.072703,0.338444,-0.222807,0.083918,17.525100,0
36.080000,0.005101,0.291141,1.871526,-0.073366,0.341370,-0.222807,0.093166,17.766000,0
36.100000,-0.001532,0.308879,1.805557,-0.074029,0.344296,-0.222807,0.080685,17.634700,0
36.120000,-0.007541,0.313048,1.659894,-0.074692,0.347222,-0.222807,0.075347,18.573300,0
36.140000,-0.001187,0.290627,1.797001,-0.075355,0.350148,-0.222807,0.095098,17.655500,0
36.160000,0.011327,0.286755,1.762767,-0.076018,0.353074,-0.222807,0.109669,17.512700,0
36.180000,0.001530,0.307255,1.745597,-0.076680,0.356000,-0.222807,0.092157,20.496000,0
36.200000,-0.000923,0.331029,1.753398,-0.077343,0.358926,-0.222807,0.081353,17.377000,0
36.220000,-0.007760,0.294731,1.810000,-0.077442,0.359589,-0.235729,0.095196,16.930500,0
36.240000,-0.004301,0.312726,1.781086,-0.077480,0.359743,-0.255555,0.086981,15.652600,0
36.260000,-0.005394,0.337810,1.845489,-0.077480,0.359741,-0.273562,0.075348,16.163300,0
36.280000,0.001462,0.303078,1.794218,-0.077480,0.359737,-0.291561,0.097170,16.869300,0
36.300000,-0.003234,0.325814,1.832074,-0.077481,0.359732,-0.309569,0.081628,16.824200,0
36.320000,0.003086,0.290782,1.852758,-0.077481,0.359728,-0.327582,0.106041,17.077700,0
36.340000,0.000583,0.322376,1.830780,-0.077482,0.359724,-0.345598,0.086539,16.560700,0
36.360000,0.001346,0.292595,1.921801,-0.077483,0.359720,-0.363616,0.103536,17.087200,0
36.380000,-0.000094,0.305742,1.882298,-0.078404,0.362136,-0.368309,0.096502,17.076200,0
36.400000,0.001815,0.329093,1.893094,-0.079487,0.364938,-0.368311,0.088853,16.478800,0
36.420000,-0.006144,0.327828,1.872792,-0.080569,0.367739,-0.368309,0.084451,16.695300,0
36.440000,-0.000373,0.311116,1.878622,-0.081650,0.370540,-0.368305,0.100683,17.783700,0
36.460000,-0.005788,0.336158,1.898484,-0.082731,0.373340,-0.368301,0.085456,16.542400,0
36.480000,0.000138,0.328232,1.848232,-0.083812,0.376140,-0.368299,0.096658,16.076000,0
36.500000,-0.011708,0.331983,1.972266,-0.084892,0.378940,-0.368296,0.086953,16.013400,0
36.520000,-0.014489,0.356466,1.964456,-0.085973,0.381740,-0.368294,0.075820,16.082200,0
36.540000,-0.008124,0.345199,1.957055,-0.087053,0.384539,-0.368293,0.088189,16.605500,0
36.560000,-0.009899,0.354561,1.962530,-0.088133,0.387339,-0.368291,0.084823,16.533700,0
36.580000,-0.008406,0.340856,1.927904,-0.089214,0.390138,-0.368290,0.094650,17.298400,0
36.600000,-0.005063,0.338164,1.884892,-0.090294,0.392937,-0.368290,0.101314,17.320000,0
36.620000,-0.013945,0.359040,1.890281,-0.091374,0.395737,-0.368289,0.085685,16.753600,0
36.640000,-0.007974,0.336984,1.876042,-0.092454,0.398536,-0.368289,0.104525,17.632500,0
36.660000,-0.015453,0.365549,1.895125,-0.093534,0.401335,-0.368289,0.085891,17.711000,0
36.680000,-0.015840,0.367985,1.860083,-0.094614,0.404134,-0.368288,0.086672,17.724900,0
36.700000,-0.008031,0.351466,1.905029,-0.095694,0.406933,-0.368288,0.103738,17.062400,0
36.720000,-0.017069,0.352704,1.898472,-0.096774,0.409732,-0.368288,0.098005,18.071800,0
36.740000,-0.026428,0.380656,1.923018,-0.097854,0.412531,-0.368288,0.078216,16.981300,0
36.760000,-0.027015,0.398521,1.985886,-0.098934,0.415329,-0.368288,0.073856,17.475800,0
36.780000,-0.034475,0.396192,2.003915,-0.100014,0.418128,-0.368288,0.069113,17.307600,0
36.800000,-0.025408,0.369187,2.000729,-0.100204,0.418620,-0.383358,0.089655,17.901100,0
36.820000,-0.019182,0.381453,2.011783,-0.100239,0.418704,-0.402419,0.089207,16.338300,0
36.840000,-0.022994,0.380863,2.011638,-0.100238,0.418701,-0.420412,0.086014,16.290700,0
36.860000,-0.013433,0.365415,1.944730,-0.100238,0.418697,-0.438410,0.101853,16.597400,0
36.880000,-0.018372,0.364053,2.021185,-0.100238,0.418693,-0.456413,0.098426,15.689200,0
36.900000,-0.023460,0.376665,1.992943,-0.100238,0.418689,-0.474419,0.087526,15.970400,0
36.920000,-0.005785,0.362571,1.989523,-0.100239,0.418685,-0.492427,0.109865,16.249700,0
36.940000,-0.025948,0.387402,2.007931,-0.100239,0.418682,-0.510436,0.080608,15.604300,0
36.960000,-0.015333,0.370991,2.040092,-0.100240,0.418678,-0.528444,0.097382,16.146600,0
36.980000,-0.024260,0.391444,2.046252,-0.101611,0.421025,-0.531664,0.082814,16.710800,0
37.000000,-0.024740,0.376371,2.028348,-0.103134,0.423613,-0.531663,0.091528,16.996400,0
37.020000,-0.018504,0.378029,2.061314,-0.104657,0.426201,-0.531659,0.098706,16.538800,0
37.040000,-0.028316,0.390046,2.149331,-0.106180,0.428789,-0.531655,0.086970,17.865600,0
37.060000,-0.041028,0.413326,2.152776,-0.107702,0.431377,-0.531651,0.069075,17.329100,0
37.080000,-0.016327,0.383679,2.017492,-0.109223,0.433964,-0.531648,0.105633,17.784100,0
37.100000,-0.031583,0.410195,2.081778,-0.110745,0.436551,-0.531646,0.083435,17.942100,0
37.120000,-0.041757,0.413891,2.042672,-0.112266,0.439138,-0.531644,0.074893,17.540300,0
37.140000,-0.025508,0.400717,2.050309,-0.113787,0.441725,-0.531642,0.097339,17.324300,0
37.160000,-0.028576,0.401906,2.037871,-0.115308,0.444311,-0.531641,0.096543,17.462500,0
37.180000,-0.024141,0.389639,2.025088,-0.116829,0.446898,-0.531640,0.108948,17.320800,0
37.200000,-0.036638,0.409069,2.071257,-0.118350,0.449484,-0.531639,0.091160,16.793200,0
37.220000,-0.030668,0.396500,2.004757,-0.119871,0.452070,-0.531639,0.105096,17.859300,0
37.240000,-0.042878,0.415125,2.021700,-0.121392,0.454656,-0.531638,0.087904,17.179700,0
37.260000,-0.051169,0.433909,2.119245,-0.121602,0.455014,-0.548277,0.073527,17.633700,0
37.280000,-0.031777,0.413455,2.088892,-0.121628,0.455053,-0.566841,0.099013,17.225700,0
37.300000,-0.026522,0.392462,2.087250,-0.121627,0.455050,-0.584828,0.113852,17.109000,0
37.320000,-0.048114,0.425900,2.118855,-0.121626,0.455047,-0.602821,0.079080,17.789900,0
37.340000,-0.028717,0.398545,2.156744,-0.121625,0.455043,-0.620818,0.108738,17.622600,0
37.360000,-0.041160,0.417566,2.165696,-0.121625,0.455040,-0.638818,0.088763,17.928900,0
37.380000,-0.045507,0.434490,2.147311,-0.121625,0.455037,-0.656819,0.078843,16.988100,0
37.400000,-0.028897,0.403702,2.206412,-0.121626,0.455034,-0.674820,0.105989,17.140300,0
37.420000,-0.035788,0.424189,2.244224,-0.121626,0.455031,-0.692822,0.091211,17.578100,0
37.440000,-0.018670,0.395396,2.217360,-0.121626,0.455028,-0.710823,0.118979,17.115700,0
37.460000,-0.033581,0.426216,2.248742,-0.121627,0.455026,-0.728823,0.092639,17.629700,0
37.480000,-0.036252,0.428213,2.246082,-0.121627,0.455023,-0.746822,0.089485,17.267000,0
37.500000,-0.027488,0.422922,2.387105,-0.121628,0.455020,-0.764820,0.099461,17.797000,0
37.520000,-0.043440,0.434098,2.408122,-0.121629,0.455018,-0.782817,0.080940,17.380900,0
37.540000,-0.046812,0.435590,2.413425,-0.121630,0.455016,-0.800813,0.077298,17.560700,0
37.560000,-0.043531,0.428045,2.403045,-0.121630,0.455013,-0.818809,0.082624,17.014500,0
37.580000,-0.039104,0.427743,2.370481,-0.121631,0.455011,-0.836803,0.086915,16.584600,0
37.600000,-0.048260,0.434569,2.477302,-0.121632,0.455009,-0.854796,0.076166,17.140100,0
37.620000,-0.038029,0.430927,2.470920,-0.121632,0.455007,-0.872789,0.087001,16.921400,0
37.640000,-0.043867,0.441136,2.452925,-0.121633,0.455005,-0.890781,0.078993,17.823300,0
37.660000,-0.036989,0.430890,2.511563,-0.121634,0.455003,-0.908772,0.088012,17.657000,0
37.680000,-0.039137,0.435897,2.478384,-0.123713,0.456821,-0.909301,0.087126,16.924600,0
37.700000,-0.003040,0.405475,2.420603,-0.126084,0.458666,-0.909293,0.134049,17.834400,0
37.720000,-0.037052,0.430450,2.426731,-0.128454,0.460512,-0.909283,0.096219,16.814200,0
37.740000,-0.027264,0.423909,2.508885,-0.130823,0.462357,-0.909275,0.110466,17.166000,0
37.760000,-0.038516,0.430362,2.487104,-0.133191,0.464201,-0.909269,0.100541,17.278400,0
37.780000,-0.032119,0.428503,2.413772,-0.135560,0.466046,-0.909265,0.110044,16.928700,0
37.800000,-0.029486,0.422473,2.451208,-0.137928,0.467890,-0.909262,0.117568,17.314500,0
37.820000,-0.056619,0.444888,2.455049,-0.140296,0.469734,-0.909260,0.087288,16.706700,0
37.840000,-0.054911,0.446304,2.461215,-0.142663,0.471578,-0.909258,0.091319,17.005300,0
37.860000,-0.076411,0.462512,2.382680,-0.145031,0.473422,-0.909257,0.069482,17.052900,0
37.880000,-0.053213,0.439580,2.441774,-0.147398,0.475265,-0.909256,0.100719,17.168900,0
37.900000,-0.064047,0.450943,2.440555,-0.149766,0.477109,-0.909255,0.089624,17.198200,0
37.920000,-0.044401,0.439397,2.485841,-0.152133,0.478952,-0.909255,0.114763,17.803400,0
37.940000,-0.072352,0.462533,2.494245,-0.154500,0.480795,-0.909254,0.084153,17.642500,0
37.960000,-0.071512,0.466544,2.493582,-0.156867,0.482639,-0.909254,0.086859,17.279100,0
37.980000,-0.070529,0.459098,2.482618,-0.159235,0.484482,-0.909253,0.092266,17.145700,0
38.000000,-0.097865,0.480927,2.540775,-0.161602,0.486325,-0.909253,0.063965,17.215200,0
38.020000,-0.060767,0.449696,2.509479,-0.163969,0.488168,-0.909253,0.110140,17.189300,0
38.040000,-0.083846,0.468031,2.498383,-0.166336,0.490011,-0.909253,0.085368,17.559500,0
38.060000,-0.059634,0.444313,2.461388,-0.168703,0.491855,-0.909253,0.118980,17.481700,0
38.080000,-0.088037,0.462225,2.488928,-0.171071,0.493698,-0.909253,0.088799,16.963000,0
38.100000,-0.086338,0.469589,2.523073,-0.173438,0.495541,-0.909252,0.090884,17.786100,0
38.120000,-0.068016,0.458149,2.507264,-0.175805,0.497384,-0.909252,0.114708,17.726500,0
38.140000,-0.075109,0.468543,2.460849,-0.178172,0.499227,-0.909252,0.107534,16.775800,0
38.160000,-0.073763,0.458426,2.426977,-0.180539,0.501070,-0.909252,0.114977,17.492800,0
38.180000,-0.096321,0.477792,2.438195,-0.182906,0.502913,-0.909252,0.090156,17.291100,0
38.200000,-0.091534,0.467571,2.515549,-0.185273,0.504756,-0.909252,0.100845,17.820900,0
38.220000,-0.104719,0.481716,2.494703,-0.187641,0.506599,-0.909252,0.086574,17.153300,0
38.240000,-0.091819,0.478508,2.527938,-0.190008,0.508442,-0.909252,0.102650,18.035800,0
38.260000,-0.115152,0.492708,2.502890,-0.192375,0.510285,-0.909252,0.079198,17.798400,0
38.280000,-0.081027,0.474489,2.505340,-0.194742,0.512128,-0.909252,0.119782,17.113100,0
38.300000,-0.096982,0.476307,2.384579,-0.197109,0.513971,-0.909252,0.106977,17.151400,0
38.320000,-0.090688,0.473225,2.410426,-0.199476,0.515814,-0.909252,0.116828,16.819800,0
38.340000,-0.092842,0.478044,2.503772,-0.199772,0.515977,-0.926467,0.113459,17.048200,0
38.360000,-0.096045,0.481085,2.439318,-0.199769,0.515974,-0.944452,0.109435,17.533300,0
38.380000,-0.105662,0.494830,2.568316,-0.199767,0.515971,-0.962441,0.096451,16.789900,0
38.400000,-0.104606,0.491467,2.572792,-0.199765,0.515968,-0.980433,0.098262,17.026100,0
38.420000,-0.118893,0.495613,2.655284,-0.199763,0.515965,-0.998427,0.083391,16.940800,0
38.440000,-0.090901,0.481721,2.513901,-0.199763,0.515962,-1.016423,0.114120,17.247900,0
38.460000,-0.122569,0.504258,2.651767,-0.199762,0.515959,-1.034418,0.078075,17.227100,0
38.480000,-0.097454,0.489726,2.634399,-0.199762,0.515956,-1.052414,0.105617,16.810500,0
38.500000,-0.100461,0.494796,2.633896,-0.201899,0.517440,-1.052511,0.103935,17.289400,0
38.520000,-0.121422,0.506451,2.677058,-0.204508,0.518928,-1.052504,0.084018,17.190300,0
38.540000,-0.143500,0.508313,2.657831,-0.207117,0.520416,-1.052498,0.064757,17.395900,0
38.560000,-0.119878,0.500084,2.660514,-0.209724,0.521904,-1.052493,0.092458,17.369900,0
38.580000,-0.123006,0.502964,2.642354,-0.212332,0.523391,-1.052490,0.091632,17.469500,0
38.600000,-0.144872,0.516255,2.684264,-0.214939,0.524879,-1.052487,0.070596,16.256700,0
38.620000,-0.112077,0.497831,2.619984,-0.217546,0.526366,-1.052485,0.109261,16.195400,0
38.640000,-0.107775,0.490185,2.569036,-0.220153,0.527853,-1.052484,0.118523,16.338100,0
38.660000,-0.099039,0.485247,2.609099,-0.220533,0.527887,-1.069616,0.128759,16.928000,0
38.680000,-0.118176,0.500259,2.606744,-0.220531,0.527885,-1.087605,0.106018,16.312900,0
38.700000,-0.135992,0.508989,2.734744,-0.220528,0.527882,-1.105593,0.086622,17.243000,0
38.720000,-0.118436,0.505887,2.718485,-0.220526,0.527880,-1.123583,0.104432,16.981200,0
38.740000,-0.103458,0.497445,2.649857,-0.220524,0.527878,-1.141575,0.120957,16.395600,0
38.760000,-0.095887,0.495184,2.698688,-0.220523,0.527875,-1.159568,0.128852,16.008900,0
38.780000,-0.119696,0.507972,2.697272,-0.220522,0.527873,-1.177561,0.102772,17.052900,0
38.800000,-0.091108,0.497758,2.708858,-0.220522,0.527871,-1.195553,0.132871,18.162300,0
38.820000,-0.094186,0.501057,2.757034,-0.220521,0.527868,-1.213545,0.129149,16.027200,0
38.840000,-0.131153,0.515734,2.762890,-0.220521,0.527866,-1.231537,0.090187,16.454700,0
38.860000,-0.088335,0.498863,2.801303,-0.220521,0.527864,-1.249527,0.135330,16.400100,0
38.880000,-0.107052,0.504004,2.755759,-0.220521,0.527862,-1.267517,0.115950,16.063500,0
38.900000,-0.109047,0.503943,2.856542,-0.220521,0.527860,-1.285506,0.114011,16.365200,0
38.920000,-0.105995,0.500038,2.793344,-0.220521,0.527858,-1.303495,0.117856,15.654700,0
38.940000,-0.094505,0.499943,2.861829,-0.220521,0.527856,-1.321482,0.129071,16.272100,0
38.960000,-0.144468,0.520464,2.852886,-0.220521,0.527854,-1.339469,0.076412,16.571100,0
38.980000,-0.112194,0.516371,2.890687,-0.220521,0.527852,-1.357456,0.108934,16.449200,0
39.000000,-0.102844,0.519693,2.965841,-0.222859,0.528384,-1.364329,0.120329,16.372200,0
39.020000,-0.145571,0.517950,2.953160,-0.225799,0.528998,-1.364326,0.080985,17.037300,0
39.040000,-0.138618,0.519916,3.102032,-0.228739,0.529613,-1.364314,0.090641,18.426000,0
39.060000,-0.137379,0.517372,2.943947,-0.231679,0.530228,-1.364305,0.095172,17.692800,0
39.080000,-0.144017,0.514649,2.991979,-0.234617,0.530843,-1.364299,0.092036,17.978900,0
39.100000,-0.159819,0.513757,2.969940,-0.237555,0.531459,-1.364294,0.079726,17.644700,0
39.120000,-0.097695,0.512008,2.860202,-0.240493,0.532074,-1.364292,0.144201,18.301500,0
39.140000,-0.138386,0.516676,2.889186,-0.243431,0.532690,-1.364290,0.106259,19.298600,0
39.160000,-0.117148,0.516228,2.917892,-0.246368,0.533305,-1.364289,0.130343,18.846800,0
39.180000,-0.144678,0.517524,3.021673,-0.249305,0.533920,-1.364288,0.105903,18.319800,0
39.200000,-0.154245,0.520664,2.937449,-0.252242,0.534536,-1.364287,0.098974,18.198000,0
39.220000,-0.175204,0.517387,2.933810,-0.255179,0.535151,-1.364286,0.081924,18.935000,0
39.240000,-0.136504,0.517705,2.937150,-0.258115,0.535767,-1.364285,0.122945,18.298100,0
39.260000,-0.151627,0.519235,2.892005,-0.261052,0.536382,-1.364285,0.110760,18.606500,0
39.280000,-0.148450,0.514648,2.893642,-0.263988,0.536997,-1.364284,0.117680,18.896500,0
39.300000,-0.152939,0.517469,2.839719,-0.266925,0.537613,-1.364284,0.115752,18.681500,0
39.320000,-0.149842,0.511526,2.906788,-0.269861,0.538228,-1.364283,0.122953,18.307900,0
39.340000,-0.145027,0.514432,2.872004,-0.272797,0.538843,-1.364283,0.130081,18.223700,0
39.360000,-0.193550,0.531473,2.872823,-0.275734,0.539458,-1.364283,0.082571,19.180200,0
39.380000,-0.160996,0.521688,2.916111,-0.278670,0.540074,-1.364283,0.119101,18.494900,0
39.400000,-0.152921,0.524800,2.995411,-0.281606,0.540689,-1.364283,0.129662,19.377600,0
39.420000,-0.236457,0.526802,2.956646,-0.284543,0.541304,-1.364283,0.050225,18.666400,0
39.440000,-0.179911,0.525041,2.950572,-0.287479,0.541919,-1.364283,0.108884,16.730500,0
39.460000,-0.208469,0.532598,2.896304,-0.290415,0.542534,-1.364283,0.082546,16.804900,0
39.480000,-0.173197,0.532981,2.886088,-0.293351,0.543150,-1.364283,0.120584,18.894800,0
39.500000,-0.203659,0.533977,2.896405,-0.296288,0.543765,-1.364283,0.093145,19.096200,0
39.520000,-0.165727,0.532150,2.924777,-0.299224,0.544380,-1.364283,0.134057,19.209400,0
39.540000,-0.215099,0.535759,2.943642,-0.302160,0.544995,-1.364282,0.087550,18.810300,0
39.560000,-0.213588,0.529471,2.945017,-0.305097,0.545610,-1.364282,0.092921,18.734900,0
39.580000,-0.238875,0.538392,2.972970,-0.308033,0.546225,-1.364282,0.069600,18.454700,0
39.600000,-0.188931,0.527215,2.953949,-0.310969,0.546840,-1.364282,0.123606,18.577300,0
39.620000,-0.241985,0.539400,2.921197,-0.313905,0.547456,-1.364282,0.072370,19.293800,0
39.640000,-0.212174,0.537548,3.035015,-0.316842,0.548071,-1.364282,0.105195,19.905400,0
39.660000,-0.244561,0.531813,2.952980,-0.319778,0.548686,-1.364282,0.077086,19.283800,0
39.680000,-0.202987,0.532165,2.953805,-0.322714,0.549301,-1.364282,0.120947,18.957900,0
39.700000,-0.261746,0.540415,2.942712,-0.325650,0.549916,-1.364282,0.064607,18.960000,0
39.720000,-0.213769,0.535478,2.952979,-0.328587,0.550531,-1.364282,0.115800,17.968200,0
39.740000,-0.246829,0.543121,2.945270,-0.331523,0.551147,-1.364282,0.085074,15.766100,0
39.760000,-0.248359,0.541300,2.970468,-0.334459,0.551762,-1.364282,0.086734,16.810100,0
39.780000,-0.273728,0.552029,2.898268,-0.337395,0.552377,-1.364282,0.063668,16.777800,0
39.800000,-0.226915,0.536517,2.807292,-0.340332,0.552992,-1.364282,0.114607,17.639400,0
39.820000,-0.240020,0.541088,2.978367,-0.343268,0.553607,-1.364282,0.104005,17.143700,0
39.840000,-0.265543,0.544029,2.949051,-0.346204,0.554222,-1.364282,0.081303,17.161200,0
39.860000,-0.319805,0.553436,2.946311,-0.349140,0.554837,-1.364282,0.029369,16.649100,0
39.880000,-0.282601,0.543046,2.938170,-0.349773,0.554919,-1.377692,0.068213,17.296700,0
39.900000,-0.182445,0.534067,2.937290,-0.349941,0.554882,-1.397663,0.168785,17.451400,0
39.920000,-0.235455,0.539664,2.945375,-0.349937,0.554881,-1.415651,0.115489,16.769500,0
39.940000,-0.269717,0.545119,3.047341,-0.349935,0.554879,-1.433640,0.080810,16.325900,0
39.960000,-0.192370,0.543437,2.944800,-0.349932,0.554877,-1.451631,0.157977,15.988800,0
39.980000,-0.248861,0.539197,2.991796,-0.349931,0.554875,-1.469621,0.102278,15.676400,0
40.000000,-0.225566,0.542302,3.005963,-0.352175,0.555167,-1.478018,0.127261,16.679300,0
40.020000,-0.238082,0.546066,2.992310,-0.355165,0.555443,-1.478016,0.117458,17.236300,0
40.040000,-0.227966,0.544369,3.052621,-0.358155,0.555720,-1.478010,0.130683,16.671700,0
40.060000,-0.293116,0.547982,3.076342,-0.361144,0.555996,-1.478007,0.068499,16.852200,0
40.080000,-0.300168,0.554846,3.098152,-0.364133,0.556274,-1.478004,0.063981,16.798400,0
40.100000,-0.279698,0.549288,3.099109,-0.367122,0.556551,-1.478002,0.087725,16.905200,0
40.120000,-0.268231,0.557084,3.047807,-0.370110,0.556829,-1.478000,0.101880,16.989300,0
40.140000,-0.271853,0.553355,3.054161,-0.373098,0.557106,-1.477999,0.101315,17.297000,0
40.160000,-0.274449,0.547867,2.963189,-0.376086,0.557384,-1.477997,0.102082,17.670900,0
40.180000,-0.231196,0.546479,3.007343,-0.379074,0.557662,-1.477996,0.148300,17.412100,0
40.200000,-0.276892,0.549704,3.007132,-0.382061,0.557940,-1.477996,0.105491,16.847700,0
40.220000,-0.264728,0.551368,3.081272,-0.382845,0.557885,-1.489429,0.118297,17.721000,0
40.240000,-0.238770,0.545863,3.024036,-0.383019,0.557869,-1.509429,0.144748,17.553600,0
40.260000,-0.286410,0.551530,3.067966,-0.383017,0.557868,-1.527441,0.096815,16.304500,0
40.280000,-0.280986,0.554937,3.104456,-0.383014,0.557867,-1.545429,0.102070,16.020100,0
40.300000,-0.226873,0.554344,3.104114,-0.383012,0.557866,-1.563417,0.156178,16.132700,0
40.320000,-0.255396,0.550214,3.098195,-0.383010,0.557864,-1.581407,0.127843,15.542300,0
40.340000,-0.253949,0.552201,3.137019,-0.383008,0.557863,-1.599396,0.129183,16.411400,0
40.360000,-0.258165,0.550755,-3.099782,-0.383007,0.557862,-1.617384,0.125044,15.634600,0
40.380000,-0.268973,0.551177,-3.117042,-0.383006,0.557860,-1.635373,0.114228,16.273900,0
40.400000,-0.257963,0.553904,-3.019986,-0.383005,0.557859,-1.653360,0.125105,15.812400,0
40.420000,-0.288171,0.558963,-3.071479,-0.383004,0.557857,-1.671347,0.094839,15.733500,0
40.440000,-0.268135,0.554740,-3.105754,-0.383004,0.557856,-1.689334,0.114911,15.871000,0
40.460000,-0.327008,0.554895,-2.932390,-0.382998,0.557855,-1.707377,0.056068,16.565200,0
40.480000,-0.298293,0.550158,-2.954799,-0.382992,0.557853,-1.725426,0.085048,16.399500,0
40.500000,-0.308081,0.552054,-2.975057,-0.382986,0.557852,-1.743473,0.075129,15.712100,0
40.520000,-0.254819,0.559158,-3.064644,-0.382980,0.557851,-1.761516,0.128168,17.019500,0
40.540000,-0.252230,0.558896,-2.992239,-0.382975,0.557850,-1.779554,0.130749,17.328100,0
40.560000,-0.248091,0.562227,-2.930773,-0.382970,0.557849,-1.797588,0.134950,18.454900,0
40.580000,-0.246988,0.567366,-2.967361,-0.382965,0.557847,-1.815618,0.136309,17.787500,0
40.600000,-0.304010,0.555110,-2.830090,-0.382961,0.557846,-1.833644,0.078998,17.817400,0
40.620000,-0.300143,0.558586,-2.812926,-0.382957,0.557845,-1.851667,0.082817,18.360000,0
40.640000,-0.289584,0.554925,-2.831657,-0.382953,0.557844,-1.869687,0.093415,17.933400,0
40.660000,-0.272968,0.557177,-2.924044,-0.382950,0.557843,-1.887704,0.109984,18.508700,0
40.680000,-0.267574,0.560347,-2.777254,-0.382946,0.557841,-1.905718,0.115399,18.497900,0
40.700000,-0.279988,0.559365,-2.784110,-0.382943,0.557840,-1.923731,0.102966,18.550600,0
40.720000,-0.265932,0.565083,-2.852251,-0.382940,0.557839,-1.941741,0.117232,19.187000,0
40.740000,-0.251590,0.572354,-2.775251,-0.382937,0.557838,-1.959750,0.132147,17.868100,0
40.760000,-0.276631,0.565513,-2.833547,-0.382934,0.557837,-1.977757,0.106579,18.608000,0
40.780000,-0.258993,0.568764,-2.824585,-0.382932,0.557836,-1.995763,0.124419,18.831100,0
40.800000,-0.220329,0.578538,-2.797810,-0.382929,0.557835,-2.013767,0.163912,19.414600,0
40.820000,-0.238245,0.574573,-2.734771,-0.382926,0.557833,-2.031771,0.145647,18.899600,0
40.840000,-0.280782,0.561091,-2.726122,-0.382924,0.557832,-2.049773,0.102194,18.779500,0
40.860000,-0.266106,0.565847,-2.704260,-0.382921,0.557831,-2.067774,0.117090,18.451100,0
40.880000,-0.277107,0.564823,-2.611774,-0.385294,0.556543,-2.071205,0.108503,18.417200,0
40.900000,-0.306925,0.551858,-2.604517,-0.387929,0.555102,-2.071202,0.081069,16.827900,0
40.920000,-0.272964,0.563112,-2.708753,-0.390564,0.553660,-2.071195,0.117980,15.908700,0
40.940000,-0.324318,0.542473,-2.591738,-0.393199,0.552220,-2.071186,0.069567,16.477400,0
40.960000,-0.293587,0.563407,-2.689763,-0.395833,0.550779,-2.071180,0.103023,15.875600,0
40.980000,-0.293390,0.558699,-2.601871,-0.398467,0.549339,-2.071174,0.105493,15.837900,0
41.000000,-0.320762,0.548360,-2.605469,-0.401100,0.547900,-2.071170,0.080339,16.641900,0
41.020000,-0.305241,0.547896,-2.619913,-0.403734,0.546460,-2.071166,0.098504,17.907600,0
41.040000,-0.311402,0.546956,-2.626696,-0.406367,0.545021,-2.071164,0.094984,16.380700,0
41.060000,-0.293535,0.558109,-2.769787,-0.406747,0.544813,-2.087558,0.113990,15.823200,0
41.080000,-0.282574,0.557933,-2.610411,-0.406799,0.544782,-2.106274,0.124919,16.875700,0
41.100000,-0.279479,0.561123,-2.639622,-0.406796,0.544783,-2.124261,0.128362,17.233900,0
41.120000,-0.283545,0.571669,-2.617710,-0.406793,0.544784,-2.142252,0.126147,17.019500,0
41.140000,-0.305695,0.557378,-2.616859,-0.406790,0.544784,-2.160248,0.101877,16.851000,0
41.160000,-0.295371,0.553770,-2.501819,-0.406787,0.544785,-2.178247,0.111778,17.443400,0
41.180000,-0.304433,0.554482,-2.505480,-0.406784,0.544784,-2.196248,0.102809,16.909800,0
41.200000,-0.296427,0.567777,-2.555486,-0.406781,0.544784,-2.214249,0.112724,17.175400,0
41.220000,-0.328062,0.537720,-2.423530,-0.406778,0.544784,-2.232250,0.079033,17.052300,0
41.240000,-0.307272,0.547981,-2.447636,-0.406775,0.544783,-2.250251,0.099555,18.103600,0
41.260000,-0.333252,0.524725,-2.379489,-0.406772,0.544783,-2.268251,0.076207,17.556900,0
41.280000,-0.314774,0.550699,-2.409835,-0.406770,0.544782,-2.286250,0.092186,17.317800,0
41.300000,-0.282329,0.562273,-2.338969,-0.406767,0.544782,-2.304248,0.125661,17.842200,0
41.320000,-0.324735,0.549257,-2.347106,-0.406765,0.544781,-2.322246,0.082152,17.535200,0
41.340000,-0.325636,0.541104,-2.349499,-0.406763,0.544780,-2.340242,0.081210,16.668700,0
41.360000,-0.313260,0.556618,-2.386537,-0.406760,0.544780,-2.358237,0.094246,17.411500,0
41.380000,-0.303018,0.565663,-2.303742,-0.406758,0.544779,-2.376232,0.105821,17.109900,0
41.400000,-0.305178,0.560872,-2.288353,-0.406756,0.544778,-2.394226,0.102845,16.991300,0
41.420000,-0.316368,0.557957,-2.265778,-0.406754,0.544777,-2.412219,0.091342,17.563200,0
41.440000,-0.309093,0.557622,-2.274924,-0.406752,0.544777,-2.430211,0.098500,17.724900,0
41.460000,-0.306704,0.565119,-2.294859,-0.406750,0.544776,-2.448203,0.102093,16.125000,0
41.480000,-0.298736,0.569773,-2.383231,-0.408590,0.542693,-2.449613,0.113143,16.036500,0
41.500000,-0.331584,0.543399,-2.269222,-0.410507,0.540379,-2.449606,0.078980,15.683300,0
41.520000,-0.337538,0.531887,-2.230145,-0.412423,0.538067,-2.449596,0.075140,15.496800,0
41.540000,-0.348855,0.519647,-2.220167,-0.414339,0.535755,-2.449588,0.067436,16.972200,0
41.560000,-0.318341,0.552288,-2.238787,-0.416255,0.533443,-2.449582,0.099711,16.476800,0
41.580000,-0.334529,0.539434,-2.209247,-0.418171,0.531132,-2.449578,0.084053,16.726200,0
41.600000,-0.323844,0.544343,-2.339932,-0.420087,0.528822,-2.449574,0.097487,17.409600,0
41.620000,-0.336584,0.524933,-2.179095,-0.422002,0.526511,-2.449572,0.085433,16.588400,0
41.640000,-0.338757,0.529660,-2.338197,-0.423917,0.524201,-2.449570,0.085335,16.319900,0
41.660000,-0.321647,0.547986,-2.327083,-0.425832,0.521891,-2.449569,0.107403,17.833500,0
41.680000,-0.354582,0.517236,-2.226001,-0.427747,0.519580,-2.449568,0.073202,19.062700,0
41.700000,-0.338368,0.531944,-2.369039,-0.429662,0.517270,-2.449568,0.092466,18.922100,0
41.720000,-0.332380,0.547040,-2.320493,-0.431576,0.514960,-2.449567,0.104254,18.786700,0
41.740000,-0.365715,0.502311,-2.250198,-0.433491,0.512650,-2.449566,0.068560,18.632500,0
41.760000,-0.344893,0.526277,-2.241468,-0.435406,0.510340,-2.449566,0.091905,18.461600,0
41.780000,-0.345920,0.516718,-2.236815,-0.437320,0.508030,-2.449566,0.091812,18.471800,0
41.800000,-0.345733,0.521613,-2.214561,-0.439235,0.505720,-2.449565,0.094843,18.315500,0
41.820000,-0.363335,0.502237,-2.208705,-0.441149,0.503410,-2.449565,0.077823,18.965600,0
41.840000,-0.367019,0.493876,-2.226421,-0.443063,0.501101,-2.449565,0.076386,18.914100,0
41.860000,-0.363167,0.489583,-2.194371,-0.444978,0.498791,-2.449565,0.082327,19.386500,0
41.880000,-0.365279,0.498934,-2.274515,-0.446892,0.496481,-2.449565,0.081650,18.443600,0
41.900000,-0.359730,0.502635,-2.313603,-0.448807,0.494171,-2.449565,0.089478,18.665100,0
41.920000,-0.349226,0.513100,-2.319995,-0.450721,0.491861,-2.449565,0.103694,18.890400,0
41.940000,-0.371716,0.491661,-2.312520,-0.452635,0.489551,-2.449565,0.080947,19.048400,0
41.960000,-0.361962,0.499936,-2.272138,-0.454550,0.487241,-2.449565,0.093454,19.024300,0
41.980000,-0.390466,0.472310,-2.213194,-0.456464,0.484931,-2.449565,0.067194,18.427700,0
42.000000,-0.367932,0.495738,-2.203993,-0.458378,0.482622,-2.449565,0.091392,18.875300,0
42.020000,-0.378054,0.486876,-2.246179,-0.460292,0.480312,-2.449565,0.082500,16.806400,0
42.040000,-0.399746,0.458703,-2.189391,-0.462207,0.478002,-2.449564,0.065375,16.432800,0
42.060000,-0.382209,0.472679,-2.216390,-0.464121,0.475692,-2.449564,0.081967,16.792700,0
42.080000,-0.376734,0.489741,-2.200781,-0.466035,0.473382,-2.449564,0.090787,16.079200,0
42.100000,-0.385886,0.471528,-2.262152,-0.467950,0.471072,-2.449564,0.082065,15.695800,0
42.120000,-0.411628,0.455593,-2.204314,-0.469864,0.468762,-2.449564,0.059706,16.134800,0
42.140000,-0.387527,0.465929,-2.230143,-0.471778,0.466452,-2.449564,0.084252,15.502500,0
42.160000,-0.371012,0.497040,-2.336198,-0.473693,0.464143,-2.449564,0.107822,16.225700,0
42.180000,-0.420741,0.440829,-2.219068,-0.475607,0.461833,-2.449564,0.058749,16.013000,0
42.200000,-0.390837,0.470218,-2.250231,-0.477521,0.459523,-2.449564,0.087342,16.113200,0
42.220000,-0.408715,0.444852,-2.161698,-0.479436,0.457213,-2.449564,0.071793,15.345400,0
42.240000,-0.405660,0.442726,-2.231407,-0.481350,0.454903,-2.449564,0.076663,16.909500,0
42.260000,-0.410217,0.448461,-2.227538,-0.483264,0.452593,-2.449564,0.073164,16.266900,0
42.280000,-0.417587,0.442445,-2.139839,-0.485178,0.450283,-2.449564,0.068044,16.391200,0
42.300000,-0.404702,0.456551,-2.198704,-0.487093,0.447974,-2.449564,0.082837,16.721300,0
42.320000,-0.401659,0.461486,-2.209341,-0.489007,0.445664,-2.449564,0.088769,15.993900,0
42.340000,-0.401895,0.463557,-2.233812,-0.490921,0.443354,-2.449564,0.091290,15.948600,0
42.360000,-0.421611,0.442832,-2.200236,-0.492836,0.441044,-2.449564,0.071247,17.497100,0
42.380000,-0.410118,0.443891,-2.296429,-0.494750,0.438734,-2.449564,0.084789,17.391000,0
42.400000,-0.395125,0.462672,-2.327485,-0.496664,0.436424,-2.449564,0.104876,16.868500,0
42.420000,-0.444034,0.409932,-2.199033,-0.498579,0.434114,-2.449564,0.059665,16.685000,0
42.440000,-0.411340,0.448459,-2.261184,-0.500493,0.431805,-2.449564,0.090695,16.950200,0
42.460000,-0.406249,0.453295,-2.226802,-0.502407,0.429495,-2.449564,0.099059,17.203200,0
42.480000,-0.420240,0.430625,-2.244129,-0.504321,0.427185,-2.449564,0.084151,16.982800,0
42.500000,-0.418157,0.451380,-2.240137,-0.506236,0.424875,-2.449564,0.091981,17.072000,0
42.520000,-0.426015,0.429577,-2.236176,-0.508150,0.422565,-2.449564,0.082433,17.261300,0
42.540000,-0.412444,0.440436,-2.243171,-0.510064,0.420255,-2.449564,0.099684,17.811100,0
42.560000,-0.427292,0.421405,-2.221668,-0.511979,0.417945,-2.449564,0.084757,17.775400,0
42.580000,-0.428899,0.417344,-2.202923,-0.513893,0.415636,-2.449564,0.085012,17.729600,0
42.600000,-0.397426,0.462133,-2.338977,-0.515807,0.413326,-2.449564,0.128048,17.970500,0
42.620000,-0.437984,0.417737,-2.215146,-0.517722,0.411016,-2.449564,0.080020,17.678700,0
42.640000,-0.440612,0.404219,-2.295922,-0.519636,0.408706,-2.449564,0.079152,18.039400,0
42.660000,-0.401871,0.450446,-2.362324,-0.521550,0.406396,-2.449564,0.127528,17.867400,0
42.680000,-0.438164,0.416338,-2.217886,-0.523464,0.404086,-2.449564,0.086175,17.281700,0
42.700000,-0.442019,0.413268,-2.202976,-0.525379,0.401776,-2.449564,0.084148,17.205500,0
42.720000,-0.436619,0.426645,-2.258105,-0.527293,0.399467,-2.449564,0.094659,17.188200,0
42.740000,-0.431742,0.431058,-2.334847,-0.527519,0.399191,-2.467016,0.100940,17.416200,0
42.760000,-0.446571,0.410854,-2.285413,-0.527532,0.399174,-2.485294,0.081799,17.173500,0
42.780000,-0.437530,0.424573,-2.270886,-0.527529,0.399176,-2.503285,0.093514,16.043600,0
42.800000,-0.435846,0.419980,-2.232886,-0.527526,0.399178,-2.521278,0.094010,15.560300,0
42.820000,-0.464069,0.389804,-2.143938,-0.527523,0.399179,-2.539274,0.064142,16.547200,0
42.840000,-0.432675,0.427617,-2.202728,-0.527520,0.399180,-2.557270,0.099017,16.303100,0
42.860000,-0.449636,0.401733,-2.106338,-0.529171,0.397075,-2.557388,0.079671,15.949800,0
42.880000,-0.465471,0.371386,-2.089361,-0.530827,0.394570,-2.557382,0.069346,16.145700,0
42.900000,-0.454133,0.398600,-2.162668,-0.532484,0.392065,-2.557378,0.078623,16.644600,0
42.920000,-0.462038,0.395381,-2.201737,-0.534140,0.389561,-2.557374,0.072337,17.446800,0
42.940000,-0.442954,0.417459,-2.204111,-0.535795,0.387057,-2.557372,0.097692,17.273300,0
42.960000,-0.440986,0.418732,-2.213324,-0.537451,0.384554,-2.557370,0.102341,17.253700,0
42.980000,-0.457019,0.400921,-2.116431,-0.539106,0.382050,-2.557369,0.084228,17.403100,0
43.000000,-0.464914,0.386411,-2.121327,-0.540762,0.379547,-2.557368,0.076158,18.026700,0
43.020000,-0.465967,0.385606,-2.102831,-0.542417,0.377045,-2.557367,0.076928,17.125800,0
43.040000,-0.463900,0.392795,-2.240416,-0.544072,0.374542,-2.557366,0.082223,18.032900,0
43.060000,-0.446638,0.412019,-2.219906,-0.545727,0.372039,-2.557366,0.106851,17.430100,0
43.080000,-0.444535,0.408371,-2.277173,-0.547382,0.369536,-2.557365,0.109935,17.847900,0
43.100000,-0.439108,0.413068,-2.223341,-0.549037,0.367034,-2.557365,0.119178,18.367000,0
43.120000,-0.483569,0.358206,-2.085767,-0.550692,0.364531,-2.557365,0.067420,18.111000,0
43.140000,-0.493209,0.336056,-2.093745,-0.552347,0.362029,-2.557365,0.064590,16.568600,0
43.160000,-0.476648,0.373647,-2.108588,-0.554001,0.359526,-2.557365,0.078631,16.168000,0
43.180000,-0.478883,0.370121,-2.116515,-0.555656,0.357024,-2.557365,0.077882,15.762700,0
43.200000,-0.436385,0.421937,-2.237637,-0.557311,0.354521,-2.557364,0.138449,17.002500,0
43.220000,-0.466445,0.387834,-2.203009,-0.558966,0.352019,-2.557364,0.099211,16.097700,0
43.240000,-0.481500,0.362526,-2.132450,-0.560620,0.349516,-2.557364,0.080182,16.166400,0
43.260000,-0.476100,0.370727,-2.216609,-0.562275,0.347014,-2.557364,0.089378,16.280300,0
43.280000,-0.469390,0.380269,-2.118575,-0.563930,0.344511,-2.557364,0.101077,15.991500,0
43.300000,-0.488219,0.341675,-2.133125,-0.565584,0.342009,-2.557364,0.077366,15.622500,0
43.320000,-0.500992,0.340476,-2.110247,-0.567239,0.339507,-2.557364,0.066254,16.662900,0
43.340000,-0.484775,0.352324,-2.158531,-0.568894,0.337004,-2.557364,0.085503,16.395400,0
43.360000,-0.492931,0.341017,-2.160882,-0.570548,0.334502,-2.557364,0.077890,16.958000,0
43.380000,-0.491379,0.349407,-2.218557,-0.572203,0.331999,-2.557364,0.082678,17.069200,0
43.400000,-0.474666,0.379607,-2.235308,-0.573858,0.329497,-2.557364,0.111131,17.432100,0
43.420000,-0.473359,0.372697,-2.204311,-0.575512,0.326994,-2.557364,0.111911,17.344100,0
43.440000,-0.484579,0.354375,-2.217605,-0.577167,0.324492,-2.557364,0.097291,16.986700,0
43.460000,-0.498017,0.347200,-2.237286,-0.578822,0.321990,-2.557364,0.084646,15.734000,0
43.480000,-0.489913,0.343519,-2.113656,-0.580476,0.319487,-2.557364,0.093697,16.684200,0
43.500000,-0.501367,0.324050,-2.122018,-0.582131,0.316985,-2.557364,0.081073,16.497300,0
43.520000,-0.507786,0.315122,-2.107487,-0.583786,0.314482,-2.557364,0.076002,16.494700,0
43.540000,-0.497644,0.338927,-2.204924,-0.585440,0.311980,-2.557364,0.091838,16.032700,0
43.560000,-0.502207,0.328731,-2.087348,-0.587095,0.309478,-2.557364,0.087044,16.361600,0
43.580000,-0.512174,0.300691,-2.118713,-0.588750,0.306975,-2.557364,0.076833,17.334000,0
43.600000,-0.520405,0.306007,-2.122289,-0.588802,0.306641,-2.574216,0.068400,17.074600,0
43.620000,-0.502621,0.324474,-2.120049,-0.588799,0.306644,-2.592201,0.088004,16.470100,0
43.640000,-0.500521,0.333713,-2.186295,-0.588796,0.306647,-2.610190,0.092332,16.972200,0
43.660000,-0.492460,0.357015,-2.175466,-0.588793,0.306649,-2.628183,0.108705,15.658200,0
43.680000,-0.485977,0.356090,-2.116014,-0.588790,0.306650,-2.646177,0.114083,15.641200,0
43.700000,-0.504121,0.323900,-2.089012,-0.588787,0.306651,-2.664172,0.086405,16.137700,0
43.720000,-0.506904,0.338910,-2.103151,-0.590163,0.304495,-2.664261,0.090091,16.702400,0
43.740000,-0.522493,0.293344,-1.977254,-0.591543,0.301828,-2.664256,0.069569,16.881200,0
43.760000,-0.507261,0.335804,-2.143709,-0.592923,0.299161,-2.664252,0.093170,17.034400,0
43.780000,-0.517866,0.309343,-1.963497,-0.594302,0.296494,-2.664248,0.077509,16.977300,0
43.800000,-0.518810,0.307818,-2.016191,-0.595681,0.293828,-2.664246,0.078134,17.298400,0
43.820000,-0.534759,0.279088,-2.051775,-0.597060,0.291162,-2.664244,0.063460,17.427700,0
43.840000,-0.512973,0.325387,-2.013896,-0.598439,0.288497,-2.664243,0.093087,17.155300,0
43.860000,-0.518220,0.296204,-2.000079,-0.599818,0.285832,-2.664241,0.082255,16.634300,0
43.880000,-0.502241,0.338018,-2.108604,-0.601197,0.283166,-2.664241,0.113142,16.928700,0
43.900000,-0.505987,0.335755,-2.094198,-0.602576,0.280501,-2.664240,0.111276,17.540400,0
43.920000,-0.517198,0.319631,-2.090452,-0.603954,0.277836,-2.664240,0.096299,16.704300,0
43.940000,-0.525580,0.288766,-2.048414,-0.605333,0.275172,-2.664239,0.080904,15.868000,0
43.960000,-0.540052,0.266703,-2.026969,-0.606711,0.272507,-2.664239,0.066911,16.466100,0
43.980000,-0.515658,0.327273,-2.116047,-0.606729,0.272083,-2.681710,0.106489,15.729100,0
44.000000,-0.517541,0.319710,-2.043225,-0.606734,0.272071,-2.699893,0.101118,16.363200,0
44.020000,-0.522529,0.286567,-1.958870,-0.606731,0.272074,-2.717881,0.085440,16.414400,0
44.040000,-0.511856,0.328052,-2.035347,-0.606729,0.272076,-2.735871,0.110155,16.504300,0
44.060000,-0.521957,0.313870,-1.968688,-0.606727,0.272077,-2.753862,0.094512,16.141200,0
44.080000,-0.517081,0.321460,-1.974544,-0.606724,0.272079,-2.771855,0.102344,16.212600,0
44.100000,-0.523040,0.300369,-1.941730,-0.606722,0.272080,-2.789847,0.088334,16.187500,0
44.120000,-0.524338,0.307413,-1.994069,-0.606720,0.272080,-2.807840,0.089639,16.141300,0
44.140000,-0.525166,0.308394,-1.928859,-0.606718,0.272081,-2.825832,0.089271,16.000000,0
44.160000,-0.530826,0.293653,-1.894991,-0.606715,0.272081,-2.843823,0.078895,16.603200,0
44.180000,-0.541048,0.270600,-1.852417,-0.606713,0.272081,-2.861813,0.065681,16.566800,0
44.200000,-0.525344,0.308688,-1.875020,-0.606711,0.272082,-2.879803,0.089222,15.863700,0
44.220000,-0.541492,0.275026,-1.746453,-0.606709,0.272082,-2.897791,0.065284,16.865300,0
44.240000,-0.528148,0.314535,-1.774910,-0.606707,0.272082,-2.915780,0.089296,17.524500,0
44.260000,-0.531886,0.340283,-1.808963,-0.606705,0.272082,-2.933767,0.101239,17.124100,0
44.280000,-0.528677,0.312289,-1.782012,-0.606703,0.272082,-2.951753,0.087776,18.145400,0
44.300000,-0.536383,0.293247,-1.701433,-0.606701,0.272082,-2.969740,0.073434,17.849000,0
44.320000,-0.545742,0.241879,-1.622138,-0.607123,0.269775,-2.977185,0.067423,17.894100,0
44.340000,-0.537726,0.276242,-1.765002,-0.607614,0.266811,-2.977182,0.070522,17.662500,0
44.360000,-0.535289,0.304650,-1.763546,-0.608104,0.263848,-2.977170,0.083468,18.088100,0
44.380000,-0.541431,0.251075,-1.666506,-0.608595,0.260885,-2.977162,0.067876,18.250200,0
44.400000,-0.534440,0.317580,-1.773891,-0.609086,0.257923,-2.977155,0.095556,18.051900,0
44.420000,-0.527365,0.330616,-1.803879,-0.609577,0.254962,-2.977151,0.111724,17.924900,0
44.440000,-0.540286,0.262658,-1.639988,-0.610068,0.252001,-2.977148,0.070591,19.037400,0
44.460000,-0.541758,0.235668,-1.716982,-0.610560,0.249040,-2.977146,0.070090,16.442000,0
44.480000,-0.543434,0.270082,-1.715969,-0.611051,0.246079,-2.977145,0.071751,16.110000,0
44.500000,-0.547823,0.235563,-1.716725,-0.611543,0.243119,-2.977144,0.064167,15.775700,0
44.520000,-0.540649,0.275376,-1.698385,-0.612034,0.240159,-2.977143,0.079599,16.307900,0
44.540000,-0.543848,0.280177,-1.702971,-0.612525,0.237199,-2.977143,0.081017,16.851800,0
44.560000,-0.543782,0.252537,-1.717820,-0.613017,0.234239,-2.977142,0.071612,16.126600,0
44.580000,-0.547422,0.248233,-1.691301,-0.613508,0.231279,-2.977141,0.068226,16.621700,0
44.600000,-0.547130,0.226423,-1.677510,-0.613999,0.228320,-2.977140,0.066896,17.280200,0
44.620000,-0.539453,0.281058,-1.792209,-0.614491,0.225360,-2.977140,0.093450,17.715800,0
44.640000,-0.537363,0.289825,-1.756994,-0.614567,0.224668,-2.989778,0.101024,17.600000,0
44.660000,-0.545785,0.257506,-1.777977,-0.614538,0.224496,-3.009778,0.076266,16.983900,0
44.680000,-0.541080,0.288270,-1.750659,-0.614537,0.224498,-3.027780,0.097277,17.152600,0
44.700000,-0.545656,0.288508,-1.690571,-0.614536,0.224501,-3.045769,0.094029,17.174800,0
44.720000,-0.541787,0.260332,-1.706814,-0.614534,0.224504,-3.063758,0.081091,17.354600,0
44.740000,-0.544697,0.258007,-1.641182,-0.614533,0.224505,-3.081748,0.077456,17.215200,0
44.760000,-0.546212,0.271033,-1.715095,-0.614749,0.222308,-3.090756,0.084092,16.787300,0
44.780000,-0.545718,0.262612,-1.615257,-0.614900,0.219309,-3.090754,0.081617,17.397200,0
44.800000,-0.542774,0.268146,-1.635897,-0.615051,0.216310,-3.090750,0.088944,17.698900,0
44.820000,-0.556539,0.131613,-1.517590,-0.615202,0.213312,-3.090747,0.100579,18.113500,0
44.840000,-0.552775,0.258331,-1.688306,-0.615353,0.210314,-3.090744,0.078878,17.615900,0
44.860000,-0.554013,0.179616,-1.593585,-0.615505,0.207316,-3.090741,0.067443,16.774600,0
44.880000,-0.547501,0.193709,-1.596075,-0.615657,0.204319,-3.090739,0.068977,16.499500,0
44.900000,-0.549510,0.216975,-1.612827,-0.615809,0.201322,-3.090738,0.068122,16.827100,0
44.920000,-0.552460,0.180624,-1.623509,-0.615962,0.198325,-3.090736,0.065922,17.651700,0
44.940000,-0.546630,0.200421,-1.605950,-0.616114,0.195328,-3.090735,0.069670,17.484700,0
44.960000,-0.549422,0.202612,-1.623135,-0.616267,0.192332,-3.090735,0.067631,18.380400,0
44.980000,-0.548525,0.191956,-1.629324,-0.616419,0.189335,-3.090734,0.067945,16.899400,0
45.000000,-0.552873,0.193272,-1.558378,-0.616572,0.186339,-3.090734,0.064075,17.629800,0
45.020000,-0.550087,0.177198,-1.611773,-0.616724,0.183343,-3.090733,0.066920,17.085200,0
45.040000,-0.553211,0.251397,-1.605076,-0.616877,0.180346,-3.090733,0.095402,17.312900,0
45.060000,-0.547214,0.228706,-1.670819,-0.617029,0.177350,-3.090733,0.086670,17.388900,0
45.080000,-0.548589,0.205666,-1.690545,-0.617182,0.174354,-3.090733,0.075402,16.456600,0
45.100000,-0.546223,0.231476,-1.666702,-0.617334,0.171358,-3.090733,0.093118,17.183600,0
45.120000,-0.549447,0.212538,-1.680628,-0.617487,0.168361,-3.090733,0.081124,16.920600,0
45.140000,-0.554017,0.208288,-1.593791,-0.617452,0.167496,-3.101051,0.075419,16.265100,0
45.160000,-0.555056,0.170849,-1.495661,-0.617443,0.167323,-3.121049,0.062487,16.579300,0
45.180000,-0.555168,0.192788,-1.610351,-0.617442,0.167321,-3.139098,0.067281,15.938900,0
45.200000,-0.549558,0.212348,-1.560616,-0.617441,0.167324,3.126099,0.081457,16.210500,0
45.220000,-0.556524,0.209524,-1.545717,-0.617440,0.167326,3.108110,0.074104,16.094500,0
45.240000,-0.555244,0.118272,-1.484174,-0.617439,0.167329,3.090121,0.079214,16.630900,0
45.260000,-0.553800,0.154642,-1.469573,-0.617316,0.165156,3.080828,0.064380,16.554400,0
45.280000,-0.555981,0.217954,-1.461977,-0.617131,0.162159,3.080830,0.082780,16.841700,0
45.300000,-0.544901,0.134782,-1.490214,-0.616947,0.159162,3.080836,0.076060,16.755800,0
45.320000,-0.553399,0.160314,-1.471365,-0.616763,0.156165,3.080839,0.063500,16.707900,0
45.340000,-0.556180,0.161157,-1.492251,-0.616580,0.153169,3.080842,0.060926,16.669900,0
45.360000,-0.551945,0.206602,-1.515631,-0.616397,0.150173,3.080844,0.085663,16.780200,0
45.380000,-0.556297,0.209614,-1.550372,-0.616214,0.147178,3.080846,0.086535,17.110000,0
45.400000,-0.551248,0.141070,-1.532757,-0.616032,0.144182,3.080848,0.064859,16.875100,0
45.420000,-0.557224,0.128842,-1.481359,-0.615849,0.141187,3.080849,0.059911,17.318100,0
45.440000,-0.548108,0.140882,-1.474764,-0.615667,0.138192,3.080850,0.067613,17.003600,0
45.460000,-0.550022,0.157104,-1.473710,-0.615485,0.135197,3.080851,0.069032,17.035300,0
45.480000,-0.548775,0.137750,-1.499768,-0.615303,0.132202,3.080851,0.066759,16.918300,0
45.500000,-0.552148,0.149969,-1.479347,-0.615121,0.129208,3.080852,0.066307,16.522600,0
45.520000,-0.553261,0.149099,-1.568784,-0.614938,0.126213,3.080852,0.065787,17.671200,0
45.540000,-0.551283,0.183007,-1.569949,-0.614756,0.123218,3.080852,0.087199,17.491600,0
45.560000,-0.556559,0.191374,-1.521964,-0.614574,0.120224,3.080853,0.091804,17.392800,0
45.580000,-0.559078,0.154108,-1.562725,-0.614392,0.117229,3.080853,0.066481,16.148600,0
45.600000,-0.557268,0.160054,-1.592815,-0.614210,0.114234,3.080853,0.073088,15.792100,0
45.620000,-0.548423,0.098173,-1.456349,-0.614028,0.111240,3.080853,0.066894,15.809300,0
45.640000,-0.555310,0.137175,-1.484535,-0.613846,0.108245,3.080853,0.065295,15.806800,0
45.660000,-0.549614,0.111993,-1.466018,-0.613664,0.105251,3.080853,0.064404,15.667700,0
45.680000,-0.549977,0.100690,-1.456626,-0.613482,0.102256,3.080853,0.063524,15.083500,0
45.700000,-0.553973,0.138190,-1.589467,-0.613522,0.101412,3.091463,0.069991,15.724700,0
45.720000,-0.547985,0.134642,-1.562506,-0.613533,0.101239,3.111461,0.073568,16.377100,0
45.740000,-0.550214,0.083064,-1.590483,-0.613534,0.101240,3.129475,0.065877,17.116200,0
45.760000,-0.552636,0.082835,-1.542820,-0.613535,0.101243,-3.135722,0.063620,16.897600,0
45.780000,-0.553311,0.122802,-1.628757,-0.613536,0.101246,-3.117733,0.063966,16.117700,0
45.800000,-0.548950,0.155644,-1.687464,-0.613537,0.101248,-3.099743,0.084441,16.319100,0
45.820000,-0.547245,0.170178,-1.683219,-0.613637,0.099085,-3.090332,0.097274,16.611600,0
45.840000,-0.548491,0.128515,-1.671094,-0.613793,0.096086,-3.090334,0.072911,15.576600,0
45.860000,-0.544285,0.139225,-1.666597,-0.613949,0.093088,-3.090338,0.083557,15.984800,0
45.880000,-0.540876,0.151362,-1.681279,-0.614105,0.090089,-3.090341,0.095482,16.644800,0
45.900000,-0.546705,0.108112,-1.671898,-0.614259,0.087092,-3.090344,0.070749,17.311300,0
45.920000,-0.553063,0.084627,-1.669753,-0.614414,0.084094,-3.090346,0.061353,17.290200,0
45.940000,-0.551213,0.072148,-1.587606,-0.614568,0.081097,-3.090348,0.063984,16.646300,0
45.960000,-0.551880,0.104688,-1.602729,-0.614722,0.078100,-3.090350,0.068235,16.652900,0
45.980000,-0.552605,0.066361,-1.528319,-0.614876,0.075103,-3.090351,0.062882,16.954000,0
46.000000,-0.549476,0.059047,-1.608043,-0.615030,0.072107,-3.090352,0.066842,17.413800,0
46.020000,-0.550101,0.087850,-1.630612,-0.615184,0.069110,-3.090353,0.067727,16.967900,0
46.040000,-0.555952,0.025798,-1.562908,-0.615337,0.066114,-3.090354,0.071777,17.082500,0
46.060000,-0.550811,0.103830,-1.615744,-0.615491,0.063117,-3.090354,0.076427,18.226900,0
46.080000,-0.548087,0.154663,-1.629825,-0.615645,0.060121,-3.090354,0.116200,17.403800,0
46.100000,-0.549337,0.105939,-1.697648,-0.615798,0.057125,-3.090355,0.082461,17.361100,0
46.120000,-0.549945,0.109118,-1.648438,-0.615952,0.054129,-3.090355,0.085911,17.285400,0
46.140000,-0.551223,0.110553,-1.666121,-0.616106,0.051132,-3.090355,0.087982,17.252400,0
46.160000,-0.557830,0.034020,-1.610542,-0.616259,0.048136,-3.090355,0.060110,16.805900,0
46.180000,-0.553572,0.059170,-1.595893,-0.616413,0.045140,-3.090355,0.064388,16.736000,0
46.200000,-0.553871,0.061829,-1.656521,-0.616566,0.042144,-3.090355,0.065712,16.115600,0
46.220000,-0.553575,0.102773,-1.679074,-0.616720,0.039148,-3.090355,0.089641,16.799600,0
46.240000,-0.551279,0.078550,-1.673178,-0.616874,0.036152,-3.090355,0.078105,17.264600,0
46.260000,-0.557577,0.068255,-1.641092,-0.617027,0.033156,-3.090355,0.069038,16.504600,0
46.280000,-0.554481,0.034943,-1.602846,-0.617181,0.030160,-3.090355,0.062883,17.836400,0
46.300000,-0.552031,0.039711,-1.624388,-0.617335,0.027164,-3.090355,0.066498,17.435400,0
46.320000,-0.549785,0.130653,-1.763421,-0.617488,0.024167,-3.090355,0.126186,17.945300,0
46.340000,-0.549948,0.066030,-1.631379,-0.617642,0.021171,-3.090355,0.081209,17.728700,0
46.360000,-0.561953,-0.024168,-1.567745,-0.617795,0.018175,-3.090355,0.070081,18.119300,0
46.380000,-0.556610,0.054201,-1.575676,-0.617949,0.015179,-3.090355,0.072699,17.899800,0
46.400000,-0.552247,0.030936,-1.612692,-0.618103,0.012183,-3.090355,0.068474,17.675800,0
46.420000,-0.553590,0.037013,-1.651228,-0.618256,0.009187,-3.090355,0.070399,17.463300,0
46.440000,-0.550503,0.089818,-1.745895,-0.618410,0.006191,-3.090355,0.107726,17.764000,0
46.460000,-0.555441,0.064869,-1.616432,-0.618564,0.003195,-3.090355,0.088251,18.022700,0
46.480000,-0.553115,0.071576,-1.696892,-0.618717,0.000199,-3.090355,0.096945,17.948700,0
46.500000,-0.562116,0.005299,-1.696356,-0.618871,-0.002797,-3.090355,0.057329,18.110100,0
46.520000,-0.550196,0.025537,-1.700531,-0.619025,-0.005793,-3.090355,0.075624,18.086900,0
46.540000,-0.552225,0.056345,-1.682181,-0.619178,-0.008789,-3.090355,0.093408,18.365000,0
46.560000,-0.557673,0.027742,-1.681394,-0.619332,-0.011785,-3.090355,0.073241,17.717100,0
46.580000,-0.554946,0.041070,-1.594143,-0.619486,-0.014781,-3.090355,0.085351,18.485700,0
46.600000,-0.560099,0.060128,-1.675685,-0.619639,-0.017778,-3.090355,0.098053,17.700000,0
46.620000,-0.545306,0.033307,-1.697760,-0.619793,-0.020774,-3.090355,0.092050,18.227000,0
46.640000,-0.551451,0.037727,-1.630010,-0.619946,-0.023770,-3.090355,0.092051,17.722400,0
46.660000,-0.555677,0.031990,-1.682629,-0.620100,-0.026766,-3.090355,0.087193,18.285500,0
46.680000,-0.558679,0.029328,-1.630010,-0.620254,-0.029762,-3.090355,0.085342,17.482200,0
46.700000,-0.557082,0.027942,-1.707117,-0.620407,-0.032758,-3.090355,0.087718,18.263000,0
46.720000,-0.555946,0.033195,-1.682478,-0.620561,-0.035754,-3.090355,0.094494,18.158600,0
46.740000,-0.552343,0.025609,-1.686140,-0.620715,-0.038750,-3.090355,0.093898,18.167300,0
46.760000,-0.555196,0.034900,-1.673059,-0.620868,-0.041746,-3.090355,0.100933,17.746000,0
46.780000,-0.555312,-0.003899,-1.679475,-0.621022,-0.044742,-3.090355,0.077369,18.237600,0
46.800000,-0.557206,0.009431,-1.623845,-0.621176,-0.047738,-3.090355,0.085793,17.997500,0
46.820000,-0.557091,0.004778,-1.651480,-0.621329,-0.050734,-3.090355,0.084900,15.761100,0
46.840000,-0.553545,-0.000116,-1.643996,-0.621483,-0.053730,-3.090355,0.086545,15.900600,0
46.860000,-0.559589,-0.006897,-1.638123,-0.621637,-0.056726,-3.090355,0.079580,15.909400,0
46.880000,-0.555173,0.016927,-1.632970,-0.621790,-0.059722,-3.090355,0.101553,16.058600,0
46.900000,-0.558118,0.017799,-1.654558,-0.621944,-0.062718,-3.090355,0.102746,16.728000,0
46.920000,-0.559953,0.001692,-1.671922,-0.622098,-0.065715,-3.090355,0.091682,17.034200,0
46.940000,-0.562652,-0.064485,-1.630566,-0.622251,-0.068711,-3.090355,0.059749,17.203800,0
46.960000,-0.566230,-0.044530,-1.614693,-0.622405,-0.071707,-3.090355,0.062404,16.879200,0
46.980000,-0.561674,-0.084363,-1.572774,-0.622558,-0.074703,-3.090355,0.061645,17.126000,0
47.000000,-0.563281,-0.031747,-1.629430,-0.622712,-0.077699,-3.090355,0.075124,17.140600,0
47.020000,-0.561342,-0.072284,-1.561064,-0.622866,-0.080695,-3.090355,0.062096,16.819200,0
47.040000,-0.561877,-0.081537,-1.632704,-0.623019,-0.083691,-3.090355,0.061180,16.994000,0
47.060000,-0.566297,-0.080586,-1.585123,-0.623173,-0.086687,-3.090355,0.057203,16.807400,0
47.080000,-0.564414,-0.068284,-1.675005,-0.623327,-0.089683,-3.090355,0.062679,16.601900,0
47.100000,-0.559193,-0.035664,-1.627485,-0.623480,-0.092679,-3.090355,0.085927,17.408400,0
47.120000,-0.558739,-0.028395,-1.672277,-0.623634,-0.095675,-3.090355,0.093477,16.970200,0
47.140000,-0.554433,-0.020565,-1.687223,-0.623788,-0.098671,-3.090355,0.104454,16.483000,0
47.160000,-0.563288,-0.059295,-1.694114,-0.623941,-0.101667,-3.090355,0.073988,15.557200,0
47.180000,-0.563377,-0.042234,-1.690461,-0.624095,-0.104663,-3.090355,0.087086,16.192900,0
47.200000,-0.560843,-0.059365,-1.682133,-0.624249,-0.107659,-3.090355,0.079704,16.575100,0
47.220000,-0.566311,-0.124187,-1.652347,-0.624402,-0.110655,-3.090355,0.059646,17.029600,0
47.240000,-0.566396,-0.095985,-1.607353,-0.624556,-0.113652,-3.090355,0.060785,17.296100,0
47.260000,-0.566898,-0.122102,-1.609820,-0.624709,-0.116648,-3.090355,0.058068,16.550700,0
47.280000,-0.560521,-0.055478,-1.657815,-0.624863,-0.119644,-3.090355,0.090869,17.246300,0
47.300000,-0.566687,-0.057060,-1.682189,-0.625017,-0.122640,-3.090355,0.087767,16.724600,0
47.320000,-0.568137,-0.108284,-1.654394,-0.625170,-0.125636,-3.090355,0.059614,17.253500,0
47.340000,-0.569113,-0.129442,-1.639061,-0.625324,-0.128632,-3.090355,0.056217,17.736000,0
47.360000,-0.565264,-0.118675,-1.598408,-0.625478,-0.131628,-3.090355,0.061591,16.916200,0
47.380000,-0.566620,-0.086009,-1.687770,-0.625631,-0.134624,-3.090355,0.076457,17.393500,0
47.400000,-0.566321,-0.072782,-1.646806,-0.625785,-0.137620,-3.090355,0.087977,17.140500,0
47.420000,-0.561382,-0.085814,-1.685541,-0.625939,-0.140616,-3.090355,0.084681,17.563900,0
47.440000,-0.561194,-0.074836,-1.645820,-0.626092,-0.143612,-3.090355,0.094562,17.082200,0
47.460000,-0.563327,-0.081273,-1.674114,-0.626246,-0.146608,-3.090355,0.090705,18.148100,0
47.480000,-0.561768,-0.092484,-1.677365,-0.626400,-0.149604,-3.090355,0.086255,16.976500,0
47.500000,-0.570465,-0.104646,-1.743393,-0.626553,-0.152600,-3.090355,0.073793,16.760100,0
47.520000,-0.571235,-0.116932,-1.539560,-0.626707,-0.155596,-3.090355,0.067617,16.294100,0
47.540000,-0.565665,-0.129935,-1.668648,-0.626861,-0.158592,-3.090355,0.067573,15.980500,0
47.560000,-0.566985,-0.150035,-1.543574,-0.627014,-0.161589,-3.090355,0.061131,17.249400,0
47.580000,-0.562954,-0.162124,-1.613098,-0.627168,-0.164585,-3.090355,0.064261,17.593700,0
47.600000,-0.566774,-0.100835,-1.656258,-0.627321,-0.167581,-3.090355,0.090117,17.135200,0
47.620000,-0.566166,-0.114447,-1.676408,-0.627475,-0.170577,-3.090355,0.083123,17.036700,0
47.640000,-0.573596,-0.157324,-1.667066,-0.627629,-0.173573,-3.090355,0.056424,17.504700,0
47.660000,-0.568623,-0.151031,-1.661449,-0.627782,-0.176569,-3.090355,0.064436,17.618100,0
47.680000,-0.571450,-0.148887,-1.544694,-0.627936,-0.179565,-3.090355,0.064279,17.688200,0
47.700000,-0.561686,-0.189281,-1.577519,-0.628090,-0.182561,-3.090355,0.066743,17.278000,0
47.720000,-0.564673,-0.137453,-1.643688,-0.628243,-0.185557,-3.090355,0.079719,17.104400,0
47.740000,-0.564960,-0.097216,-1.692759,-0.628397,-0.188553,-3.090355,0.111206,17.675800,0
47.760000,-0.571090,-0.128781,-1.686834,-0.628551,-0.191549,-3.090355,0.085097,17.201700,0
47.780000,-0.563896,-0.104665,-1.684338,-0.628704,-0.194545,-3.090355,0.110808,17.579500,0
47.800000,-0.568457,-0.154294,-1.663188,-0.628858,-0.197541,-3.090355,0.074287,17.686600,0
47.820000,-0.566273,-0.132833,-1.719611,-0.629012,-0.200537,-3.090355,0.092304,17.618700,0
47.840000,-0.562250,-0.130534,-1.681769,-0.629165,-0.203533,-3.090355,0.099028,16.860300,0
47.860000,-0.564107,-0.131195,-1.728451,-0.629319,-0.206529,-3.090355,0.099638,17.214400,0
47.880000,-0.572025,-0.178506,-1.588425,-0.629472,-0.209526,-3.090355,0.065287,16.858600,0
47.900000,-0.566824,-0.218290,-1.554106,-0.629626,-0.212522,-3.090355,0.063066,17.620600,0
47.920000,-0.572460,-0.174945,-1.590174,-0.629591,-0.213386,-3.100681,0.068859,16.945100,0
47.940000,-0.569277,-0.192767,-1.656057,-0.629583,-0.213560,-3.120678,0.063790,17.778700,0
47.960000,-0.568997,-0.153398,-1.611155,-0.629582,-0.213559,-3.138698,0.085381,17.268000,0
47.980000,-0.567958,-0.162420,-1.574757,-0.629581,-0.213556,3.126499,0.080077,15.826400,0
48.000000,-0.573533,-0.168310,-1.540763,-0.629580,-0.213553,3.108509,0.072029,15.614300,0
48.020000,-0.572161,-0.154317,-1.576118,-0.629501,-0.215700,3.098912,0.083998,14.550000,0
48.040000,-0.578820,-0.136177,-1.583217,-0.629498,-0.215712,3.098826,0.094309,14.391100,0
48.060000,-0.574984,-0.176053,-1.537568,-0.629368,-0.218245,3.098808,0.068831,14.542900,0
48.080000,-0.574539,-0.247924,-1.470168,-0.629238,-0.221244,3.098810,0.060858,14.899400,0
48.100000,-0.569794,-0.163230,-1.691235,-0.629108,-0.224243,3.098812,0.085093,16.004900,0
48.120000,-0.576907,-0.223318,-1.451688,-0.628979,-0.227241,3.098814,0.052220,15.883400,0
48.140000,-0.573573,-0.227034,-1.534394,-0.628850,-0.230240,3.098815,0.055369,14.947300,0
48.160000,-0.575753,-0.214390,-1.462928,-0.628721,-0.233238,3.098817,0.056221,15.824600,0
48.180000,-0.568320,-0.242041,-1.513522,-0.628592,-0.236236,3.098818,0.060551,15.536200,0
48.200000,-0.571943,-0.178905,-1.527361,-0.628464,-0.239233,3.098818,0.082668,17.058700,0
48.220000,-0.578245,-0.161613,-1.531832,-0.628335,-0.242231,3.098819,0.094912,16.313500,0
48.240000,-0.574188,-0.237658,-1.528655,-0.628207,-0.245229,3.098820,0.054547,15.897100,0
48.260000,-0.573148,-0.157137,-1.589873,-0.628079,-0.248226,3.098820,0.106370,15.097800,0
48.280000,-0.574845,-0.173765,-1.593475,-0.627950,-0.251224,3.098820,0.093916,15.505900,0
48.300000,-0.573439,-0.208812,-1.565138,-0.627822,-0.254221,3.098820,0.070848,15.990500,0
48.320000,-0.572893,-0.262799,-1.593209,-0.627694,-0.257219,3.098821,0.055085,15.206300,0
48.340000,-0.573553,-0.258436,-1.523961,-0.627565,-0.260216,3.098821,0.054041,15.095500,0
48.360000,-0.571011,-0.191349,-1.537650,-0.627437,-0.263213,3.098821,0.091369,16.376000,0
48.380000,-0.569936,-0.265664,-1.499251,-0.627309,-0.266211,3.098821,0.057375,16.000200,0
48.400000,-0.573872,-0.226630,-1.466158,-0.627181,-0.269208,3.098821,0.068225,15.915100,0
48.420000,-0.566340,-0.267313,-1.496283,-0.627052,-0.272205,3.098821,0.060909,16.071800,0
48.440000,-0.565722,-0.249557,-1.483054,-0.626924,-0.275203,3.098821,0.066358,17.342300,0
48.460000,-0.566685,-0.242780,-1.505714,-0.626796,-0.278200,3.098821,0.069770,16.498300,0
48.480000,-0.577181,-0.236321,-1.552498,-0.626668,-0.281197,3.098821,0.066804,15.831000,0
48.500000,-0.572207,-0.233965,-1.587133,-0.626539,-0.284194,3.098821,0.073993,16.983800,0
48.520000,-0.569590,-0.225670,-1.589582,-0.626411,-0.287192,3.098821,0.083747,16.197900,0
48.540000,-0.572145,-0.289130,-1.542073,-0.626283,-0.290189,3.098821,0.054148,17.258200,0
48.560000,-0.568720,-0.299783,-1.496322,-0.626155,-0.293186,3.098821,0.057813,16.678900,0
48.580000,-0.569152,-0.278429,-1.476520,-0.626026,-0.296183,3.098821,0.059581,16.512600,0
48.600000,-0.575844,-0.234326,-1.585372,-0.625898,-0.299181,3.098821,0.081924,17.097900,0
48.620000,-0.569027,-0.257507,-1.606124,-0.625770,-0.302178,3.098821,0.072217,17.560800,0
48.640000,-0.574935,-0.226851,-1.571398,-0.625642,-0.305175,3.098821,0.093305,16.330500,0
48.660000,-0.567652,-0.262128,-1.559018,-0.625513,-0.308173,3.098821,0.073947,16.376500,0
48.680000,-0.572329,-0.205607,-1.696540,-0.625385,-0.311170,3.098821,0.118146,17.068600,0
48.700000,-0.569687,-0.266150,-1.511110,-0.625257,-0.314167,3.098821,0.073442,16.771800,0
48.720000,-0.570117,-0.327391,-1.512382,-0.625128,-0.317164,3.098821,0.055954,16.545200,0
48.740000,-0.572387,-0.251326,-1.555394,-0.625000,-0.320162,3.098821,0.086640,16.735600,0
48.760000,-0.574507,-0.292853,-1.543440,-0.624872,-0.323159,3.098821,0.058780,15.747700,0
48.780000,-0.572308,-0.291046,-1.549593,-0.624744,-0.326156,3.098821,0.063106,15.543000,0
48.800000,-0.571278,-0.339021,-1.447090,-0.624615,-0.329153,3.098821,0.054242,16.575600,0
48.820000,-0.568142,-0.326999,-1.525120,-0.624487,-0.332151,3.098821,0.056580,15.321900,0
48.840000,-0.569524,-0.287832,-1.528646,-0.624359,-0.335148,3.098821,0.072427,16.133300,0
48.860000,-0.568023,-0.262488,-1.528986,-0.624231,-0.338145,3.098821,0.094251,15.516600,0
48.880000,-0.573426,-0.293159,-1.585707,-0.624102,-0.341142,3.098821,0.069788,15.385800,0
48.900000,-0.576613,-0.286914,-1.564222,-0.623974,-0.344140,3.098821,0.074282,15.812300,0
48.920000,-0.570555,-0.295144,-1.570335,-0.623846,-0.347137,3.098821,0.074453,16.829100,0
48.940000,-0.570417,-0.406002,-1.493862,-0.623717,-0.350134,3.098821,0.077215,16.907000,0
48.960000,-0.568780,-0.295215,-1.531545,-0.623589,-0.353131,3.098821,0.079739,17.096500,0
48.980000,-0.571709,-0.278852,-1.603351,-0.623461,-0.356129,3.098821,0.093005,16.616700,0
49.000000,-0.573600,-0.349319,-1.590381,-0.623333,-0.359126,3.098821,0.050690,16.888900,0
49.020000,-0.572648,-0.288221,-1.554279,-0.623302,-0.360019,3.088889,0.087868,16.090700,0
49.040000,-0.571297,-0.301327,-1.586112,-0.623293,-0.360192,3.068892,0.078540,16.771700,0
49.060000,-0.571030,-0.305732,-1.548009,-0.623292,-0.360200,3.050769,0.075486,16.804300,0
49.080000,-0.575377,-0.327699,-1.479508,-0.623291,-0.360197,3.032781,0.057895,16.187600,0
49.100000,-0.567354,-0.345183,-1.484844,-0.623290,-0.360193,3.014777,0.057915,16.402000,0
49.120000,-0.572011,-0.335337,-1.412349,-0.623289,-0.360187,2.996747,0.056982,15.858300,0
49.140000,-0.564284,-0.293905,-1.392145,-0.623288,-0.360181,2.978704,0.088736,15.089400,0
49.160000,-0.567616,-0.339301,-1.352932,-0.622887,-0.362477,2.971108,0.059933,16.253200,0
49.180000,-0.579834,-0.312944,-1.407249,-0.622375,-0.365436,2.971109,0.067566,14.953400,0
49.200000,-0.572075,-0.323573,-1.351329,-0.621864,-0.368395,2.971111,0.066992,15.139800,0
49.220000,-0.570200,-0.364651,-1.422266,-0.621354,-0.371353,2.971114,0.051591,15.627400,0
49.240000,-0.577639,-0.289611,-1.476622,-0.620844,-0.374311,2.971118,0.095083,16.731400,0
49.260000,-0.576080,-0.317293,-1.408925,-0.620334,-0.377269,2.971120,0.074535,14.962100,0
49.280000,-0.564108,-0.361299,-1.412086,-0.619825,-0.380227,2.971122,0.058844,15.001100,0
49.300000,-0.573087,-0.316626,-1.549983,-0.619315,-0.383184,2.971124,0.081037,15.010900,0
49.320000,-0.570165,-0.314676,-1.436432,-0.618806,-0.386142,2.971125,0.086449,15.693400,0
49.340000,-0.572228,-0.321803,-1.483646,-0.618297,-0.389099,2.971126,0.081554,15.630100,0
49.360000,-0.567620,-0.375341,-1.370954,-0.617788,-0.392056,2.971127,0.052879,16.215200,0
49.380000,-0.571764,-0.310723,-1.478356,-0.617279,-0.395013,2.971128,0.095794,15.849400,0
49.400000,-0.572557,-0.369649,-1.466480,-0.616770,-0.397969,2.971128,0.052505,15.930400,0
49.420000,-0.576004,-0.253842,-1.449033,-0.616261,-0.400926,2.971129,0.152494,16.883700,0
49.440000,-0.567882,-0.327386,-1.489198,-0.615752,-0.403883,2.971129,0.090241,16.273400,0
49.460000,-0.564122,-0.376775,-1.462693,-0.615243,-0.406840,2.971129,0.059306,16.253300,0
49.480000,-0.564873,-0.342790,-1.385163,-0.614734,-0.409796,2.971129,0.083522,17.026900,0
49.500000,-0.563940,-0.409691,-1.370116,-0.614226,-0.412753,2.971129,0.050379,17.553200,0
49.520000,-0.573418,-0.342948,-1.487497,-0.613717,-0.415710,2.971129,0.083176,17.555100,0
49.540000,-0.568328,-0.422240,-1.419377,-0.613208,-0.418666,2.971129,0.045022,17.231300,0
49.560000,-0.560329,-0.410150,-1.363153,-0.612699,-0.421623,2.971129,0.053612,16.992600,0
49.580000,-0.560277,-0.408447,-1.404586,-0.612190,-0.424579,2.971129,0.054362,15.230600,0
49.600000,-0.569154,-0.348759,-1.452402,-0.611681,-0.427536,2.971129,0.089523,15.726100,0
49.620000,-0.566091,-0.387214,-1.417155,-0.611172,-0.430492,2.971129,0.062492,16.159600,0
49.640000,-0.554420,-0.414109,-1.370297,-0.610663,-0.433449,2.971129,0.059475,16.362000,0
49.660000,-0.562780,-0.361024,-1.502686,-0.610576,-0.434171,2.958936,0.087378,17.150400,0
49.680000,-0.565281,-0.378280,-1.336548,-0.610544,-0.434341,2.938938,0.072052,16.820300,0
49.700000,-0.564593,-0.408850,-1.345766,-0.610544,-0.434340,2.920919,0.052548,16.263400,0
49.720000,-0.576584,-0.336100,-1.499288,-0.610544,-0.434336,2.902921,0.103940,16.619900,0
49.740000,-0.566419,-0.378071,-1.337284,-0.610543,-0.434331,2.884910,0.071499,15.874700,0
49.760000,-0.574932,-0.383275,-1.379592,-0.610542,-0.434327,2.866892,0.062244,16.378400,0
49.780000,-0.565011,-0.375665,-1.287764,-0.609841,-0.436706,2.860932,0.075735,16.344300,0
49.800000,-0.563282,-0.418859,-1.261873,-0.609008,-0.439591,2.860930,0.050206,16.787500,0
49.820000,-0.561671,-0.413644,-1.264866,-0.608175,-0.442476,2.860931,0.054716,15.961600,0
49.840000,-0.546335,-0.455736,-1.225694,-0.607343,-0.445361,2.860935,0.061884,17.273000,0
49.860000,-0.567830,-0.389054,-1.396919,-0.606511,-0.448245,2.860937,0.070709,17.008400,0
49.880000,-0.569239,-0.387131,-1.388245,-0.605679,-0.451129,2.860939,0.073645,16.367800,0
49.900000,-0.559707,-0.387655,-1.301465,-0.604848,-0.454012,2.860941,0.080256,17.189100,0
49.920000,-0.564121,-0.394031,-1.366860,-0.604016,-0.456896,2.860942,0.074456,17.181700,0
49.940000,-0.558482,-0.431596,-1.248097,-0.603185,-0.459779,2.860943,0.052846,17.184000,0
49.960000,-0.553755,-0.451066,-1.258672,-0.602354,-0.462662,2.860944,0.049964,16.399900,0
49.980000,-0.551404,-0.435641,-1.255951,-0.601523,-0.465545,2.860945,0.058362,17.234100,0
50.000000,-0.560263,-0.421372,-1.292828,-0.600692,-0.468428,2.860945,0.062038,16.880900,0
50.020000,-0.554278,-0.464219,-1.197089,-0.599861,-0.471311,2.860946,0.046131,17.453700,0
50.040000,-0.549141,-0.469184,-1.228264,-0.599030,-0.474194,2.860946,0.050140,17.448400,0
50.060000,-0.564237,-0.412376,-1.333406,-0.598199,-0.477077,2.860946,0.073073,16.959700,0
50.080000,-0.559868,-0.437362,-1.339915,-0.597368,-0.479959,2.860946,0.056752,15.307900,0
50.100000,-0.550340,-0.459350,-1.261051,-0.596537,-0.482842,2.860946,0.051827,16.724800,0
50.120000,-0.551557,-0.431560,-1.243273,-0.595706,-0.485725,2.860947,0.069879,16.096000,0
50.140000,-0.544580,-0.468342,-1.279166,-0.594875,-0.488608,2.860947,0.054224,15.724900,0
50.160000,-0.546083,-0.477374,-1.291222,-0.594044,-0.491490,2.860947,0.049995,15.593600,0
50.180000,-0.546743,-0.466635,-1.268042,-0.593214,-0.494373,2.860947,0.054120,16.465600,0
50.200000,-0.550547,-0.469347,-1.264364,-0.592383,-0.497256,2.860947,0.050291,16.730200,0
50.220000,-0.550362,-0.454978,-1.304910,-0.591552,-0.500138,2.860947,0.061123,17.162300,0
50.240000,-0.549604,-0.452523,-1.334739,-0.590721,-0.503021,2.860947,0.065120,17.109900,0
50.260000,-0.551955,-0.453236,-1.360412,-0.589890,-0.505904,2.860947,0.064908,17.063300,0
50.280000,-0.542858,-0.492694,-1.334016,-0.589059,-0.508786,2.860947,0.048923,17.302000,0
50.300000,-0.539285,-0.489660,-1.294733,-0.588228,-0.511669,2.860947,0.053664,17.383100,0
50.320000,-0.528500,-0.544850,-1.277633,-0.587397,-0.514552,2.860947,0.066233,17.139500,0
50.340000,-0.538263,-0.503120,-1.267436,-0.587289,-0.515159,2.847351,0.050482,17.065300,0
50.360000,-0.532837,-0.530118,-1.161779,-0.587250,-0.515288,2.827789,0.056398,17.179200,0
50.380000,-0.529112,-0.509977,-1.174413,-0.587250,-0.515286,2.809784,0.058380,16.175300,0
50.400000,-0.535682,-0.500475,-1.194666,-0.587250,-0.515281,2.791782,0.053652,16.137400,0
50.420000,-0.510951,-0.561151,-1.046571,-0.587249,-0.515277,2.773773,0.089026,16.019000,0
50.440000,-0.562804,-0.447514,-1.282427,-0.587249,-0.515272,2.755761,0.072033,15.967800,0
50.460000,-0.554641,-0.452610,-1.257211,-0.587248,-0.515268,2.737746,0.070635,16.063400,0
50.480000,-0.542483,-0.508914,-1.131426,-0.587248,-0.515264,2.719732,0.045213,16.351400,0
50.500000,-0.564161,-0.443190,-1.329080,-0.587247,-0.515260,2.701718,0.075677,16.023300,0
50.520000,-0.560463,-0.459854,-1.176491,-0.587246,-0.515257,2.683705,0.061537,17.133900,0
50.540000,-0.550554,-0.505577,-1.068777,-0.587245,-0.515253,2.665694,0.037946,16.368000,0
50.560000,-0.522159,-0.537995,-0.978088,-0.587244,-0.515250,2.647684,0.068945,17.019900,0
50.580000,-0.551852,-0.482209,-1.033089,-0.587244,-0.515247,2.629676,0.048416,16.936700,0
50.600000,-0.554871,-0.483535,-1.030033,-0.587243,-0.515244,2.611669,0.045314,16.939100,0
50.620000,-0.532833,-0.515186,-0.937490,-0.587242,-0.515241,2.593664,0.054409,16.804500,0
50.640000,-0.553314,-0.481675,-1.124217,-0.587241,-0.515238,2.575661,0.047723,17.252900,0
50.660000,-0.556048,-0.483581,-1.024731,-0.587240,-0.515236,2.557659,0.044441,17.067200,0
50.680000,-0.560761,-0.466651,-0.974140,-0.587239,-0.515233,2.539658,0.055329,16.342100,0
50.700000,-0.548760,-0.496771,-0.886420,-0.587238,-0.515231,2.521659,0.042677,17.492300,0
50.720000,-0.560899,-0.473962,-0.903838,-0.587237,-0.515228,2.503660,0.048955,16.925600,0
50.740000,-0.551092,-0.493547,-0.855450,-0.587236,-0.515226,2.485663,0.042147,17.628500,0
50.760000,-0.530853,-0.508787,-0.834409,-0.587235,-0.515224,2.467666,0.056748,17.338900,0
50.780000,-0.543160,-0.487692,-0.874441,-0.587234,-0.515222,2.449671,0.051965,16.893800,0
50.800000,-0.566045,-0.472723,-0.913930,-0.587233,-0.515219,2.431676,0.047485,22.350000,0
50.820000,-0.532807,-0.510272,-0.800685,-0.587232,-0.515217,2.413682,0.054649,17.999500,0
50.840000,-0.546126,-0.497800,-0.789324,-0.587231,-0.515215,2.395688,0.044642,16.993200,0
50.860000,-0.567165,-0.463608,-0.896704,-0.587230,-0.515213,2.377695,0.055368,16.409000,0
50.880000,-0.549640,-0.480324,-0.767829,-0.587230,-0.515211,2.359702,0.051285,16.917600,0
50.900000,-0.579177,-0.466587,-0.870289,-0.587229,-0.515209,2.341710,0.049285,16.534400,0
50.920000,-0.530519,-0.511893,-0.686820,-0.587228,-0.515207,2.323719,0.056805,17.099200,0
50.940000,-0.535371,-0.511342,-0.681678,-0.587227,-0.515205,2.305727,0.052000,19.857600,0
50.960000,-0.528899,-0.517693,-0.666114,-0.587226,-0.515203,2.287737,0.058380,16.901800,0
50.980000,-0.549798,-0.500950,-0.670649,-0.587225,-0.515201,2.269746,0.040048,18.243500,0
51.000000,-0.547326,-0.500301,-0.681588,-0.587225,-0.515199,2.251756,0.042589,17.316000,0
51.020000,-0.573200,-0.480515,-0.704529,-0.587224,-0.515197,2.233766,0.037410,17.382100,0
51.040000,-0.497616,-0.537802,-0.590765,-0.587223,-0.515195,2.215777,0.092415,17.022700,0
51.060000,-0.528377,-0.515632,-0.542388,-0.587223,-0.515193,2.197788,0.058848,18.232600,0
51.080000,-0.561092,-0.493460,-0.622384,-0.587222,-0.515192,2.179799,0.033986,17.236700,0
51.100000,-0.553459,-0.497883,-0.666026,-0.587221,-0.515190,2.161811,0.037939,17.731400,0
51.120000,-0.556416,-0.509229,-0.614528,-0.587221,-0.515188,2.143822,0.031376,17.288500,0
51.140000,-0.587857,-0.481601,-0.603826,-0.587220,-0.515186,2.125834,0.033591,18.329700,0
51.160000,-0.589116,-0.479147,-0.582973,-0.587219,-0.515184,2.107847,0.036087,16.801700,0
51.180000,-0.568280,-0.497085,-0.447157,-0.587219,-0.515182,2.089859,0.026196,16.999600,0
51.200000,-0.540547,-0.503838,-0.542468,-0.587218,-0.515180,2.071872,0.048029,17.082100,0
51.220000,-0.577936,-0.493940,-0.522881,-0.587218,-0.515178,2.053885,0.023178,16.989800,0
51.240000,-0.581344,-0.490581,-0.503169,-0.587217,-0.515176,2.035898,0.025287,18.287000,0
51.260000,-0.572050,-0.494696,-0.478364,-0.587216,-0.515175,2.017912,0.025484,16.664900,0
51.280000,-0.555207,-0.494550,-0.457515,-0.587216,-0.515173,1.999925,0.038078,17.436600,0
51.300000,-0.578342,-0.495403,-0.489836,-0.587216,-0.515171,1.981939,0.021669,16.638300,0
51.320000,-0.554929,-0.506399,-0.436460,-0.587215,-0.515169,1.963953,0.033456,17.530200,0
51.340000,-0.608038,-0.483723,-0.472154,-0.587215,-0.515167,1.945967,0.037714,20.255300,0
51.360000,-0.547496,-0.510119,-0.379550,-0.587214,-0.515165,1.927982,0.040037,17.687100,0
51.380000,-0.578664,-0.497843,-0.387231,-0.587214,-0.515163,1.909997,0.019315,17.907500,0
51.400000,-0.551219,-0.500624,-0.328503,-0.584968,-0.516128,1.908522,0.037140,17.788000,0
51.420000,-0.570115,-0.498953,-0.363539,-0.582134,-0.517123,1.908524,0.021785,18.130400,0
51.440000,-0.481995,-0.530539,-0.291100,-0.579300,-0.518119,1.908537,0.098094,17.653500,0
51.460000,-0.545037,-0.517602,-0.292079,-0.576467,-0.519114,1.908546,0.031467,17.919800,0
51.480000,-0.547822,-0.512915,-0.338062,-0.573635,-0.520110,1.908553,0.026797,17.767800,0
51.500000,-0.552875,-0.510675,-0.324768,-0.570802,-0.521105,1.908558,0.020740,18.950700,0
51.520000,-0.537133,-0.507341,-0.315401,-0.567971,-0.522100,1.908561,0.034188,18.084900,0
51.540000,-0.543089,-0.512407,-0.327350,-0.565139,-0.523095,1.908563,0.024504,18.263700,0
51.560000,-0.542069,-0.505631,-0.276673,-0.562308,-0.524090,1.908564,0.027393,18.085200,0
51.580000,-0.542108,-0.508554,-0.300768,-0.559477,-0.525084,1.908565,0.023978,17.941600,0
51.600000,-0.532614,-0.520263,-0.298088,-0.556646,-0.526079,1.908566,0.024726,18.424400,0
51.620000,-0.509071,-0.519490,-0.394893,-0.553815,-0.527073,1.908567,0.045382,18.785700,0
51.640000,-0.532291,-0.510515,-0.371956,-0.550984,-0.528068,1.908567,0.025643,16.220600,0
51.660000,-0.532171,-0.515089,-0.437904,-0.548153,-0.529062,1.908568,0.021229,17.047000,0
51.680000,-0.505894,-0.524725,-0.311109,-0.545323,-0.530057,1.908569,0.039788,17.801900,0
51.700000,-0.523987,-0.515661,-0.370590,-0.542492,-0.531051,1.908569,0.024069,18.989100,0
51.720000,-0.538466,-0.509493,-0.404302,-0.539662,-0.532045,1.908569,0.022584,18.459600,0
51.740000,-0.521656,-0.517892,-0.387825,-0.536831,-0.533040,1.908569,0.021442,18.807700,0
51.760000,-0.497998,-0.530367,-0.331230,-0.534000,-0.534034,1.908570,0.036189,21.135900,0
51.780000,-0.509519,-0.523560,-0.333082,-0.531170,-0.535028,1.908570,0.024501,19.237600,0
51.800000,-0.506392,-0.521974,-0.277393,-0.528339,-0.536022,1.908570,0.026058,18.784400,0
51.820000,-0.489931,-0.523385,-0.349723,-0.525509,-0.537017,1.908570,0.038101,18.610200,0
51.840000,-0.496452,-0.528330,-0.349825,-0.522678,-0.538011,1.908570,0.027956,18.970900,0
51.860000,-0.483810,-0.537097,-0.301819,-0.519848,-0.539005,1.908570,0.036089,18.795800,0
51.880000,-0.471255,-0.538312,-0.293019,-0.517017,-0.539999,1.908570,0.045793,18.334600,0
51.900000,-0.469298,-0.536464,-0.298352,-0.514187,-0.540993,1.908570,0.045117,18.454200,0
51.920000,-0.482159,-0.535113,-0.267610,-0.513685,-0.541055,1.892752,0.032081,18.692000,0
51.940000,-0.470105,-0.537613,-0.241225,-0.513597,-0.541031,1.873670,0.043626,18.764000,0
51.960000,-0.497276,-0.527264,-0.287591,-0.513600,-0.541029,1.855682,0.021353,19.351700,0
51.980000,-0.470035,-0.531032,-0.178668,-0.513603,-0.541027,1.837693,0.044700,18.978500,0
52.000000,-0.498889,-0.526097,-0.250511,-0.513605,-0.541025,1.819702,0.020962,18.493700,0
52.020000,-0.499341,-0.539793,-0.273115,-0.513606,-0.541023,1.801710,0.014318,18.690300,0
52.040000,-0.525362,-0.527017,-0.252293,-0.513607,-0.541021,1.783719,0.018283,18.809100,0
52.060000,-0.478023,-0.539673,-0.222742,-0.513608,-0.541018,1.765728,0.035611,17.175100,0
52.080000,-0.499464,-0.534679,-0.221757,-0.511284,-0.541501,1.758592,0.013647,17.247400,0
52.100000,-0.493581,-0.535755,-0.179544,-0.508334,-0.542060,1.758595,0.016044,16.998700,0
52.120000,-0.483688,-0.540226,-0.188444,-0.505383,-0.542620,1.758602,0.021826,16.383100,0
52.140000,-0.501263,-0.535541,-0.196226,-0.502433,-0.543179,1.758607,0.007727,16.055600,0
52.160000,-0.507173,-0.534086,-0.239795,-0.499484,-0.543739,1.758611,0.012341,17.206000,0
52.180000,-0.450789,-0.541600,-0.202121,-0.496535,-0.544299,1.758614,0.045826,18.327800,0
52.200000,-0.485561,-0.535192,-0.211274,-0.493587,-0.544859,1.758616,0.012565,20.373700,0
52.220000,-0.477235,-0.531563,-0.317773,-0.490638,-0.545420,1.758618,0.019278,16.882500,0
52.240000,-0.440066,-0.551425,-0.154855,-0.487690,-0.545980,1.758619,0.047934,16.760300,0
52.260000,-0.464094,-0.546155,-0.190921,-0.484742,-0.546540,1.758620,0.020652,17.914900,0
52.280000,-0.429608,-0.553092,-0.132918,-0.481795,-0.547100,1.758620,0.052529,17.894700,0
52.300000,-0.457515,-0.542120,-0.145674,-0.478847,-0.547661,1.758621,0.022040,17.809800,0
52.320000,-0.449912,-0.544134,-0.145464,-0.478188,-0.547741,1.745548,0.028506,17.847400,0
52.340000,-0.436315,-0.544416,-0.146318,-0.478017,-0.547708,1.725547,0.041831,17.810000,0
52.360000,-0.417768,-0.549323,-0.102074,-0.478019,-0.547706,1.707550,0.060272,17.883800,0
52.380000,-0.469885,-0.538314,-0.188180,-0.478022,-0.547705,1.689562,0.012426,18.981200,0
52.400000,-0.439678,-0.545095,-0.079622,-0.478024,-0.547703,1.671573,0.038434,17.392200,0
52.420000,-0.430025,-0.548279,-0.040233,-0.478026,-0.547702,1.653583,0.048004,17.109200,0
52.440000,-0.451388,-0.545360,-0.031743,-0.478028,-0.547700,1.635593,0.026743,17.421400,0
52.460000,-0.444151,-0.549726,0.028090,-0.478029,-0.547698,1.617604,0.033939,18.164600,0
52.480000,-0.472755,-0.545751,-0.048707,-0.478030,-0.547696,1.599616,0.005622,18.949700,0
52.500000,-0.431640,-0.554941,0.023694,-0.475881,-0.547802,1.590020,0.044814,17.691200,0
52.520000,-0.445943,-0.553384,-0.000735,-0.472879,-0.547857,1.590022,0.027497,18.944400,0
52.540000,-0.472081,-0.550913,-0.056726,-0.469876,-0.547913,1.590026,0.003723,18.031300,0
52.560000,-0.422185,-0.547780,-0.013184,-0.466874,-0.547969,1.590032,0.044689,18.232900,0
52.580000,-0.443751,-0.540073,0.000849,-0.463872,-0.548026,1.590036,0.021636,18.499200,0
52.600000,-0.413173,-0.549170,-0.041289,-0.460871,-0.548083,1.590040,0.047710,17.971500,0
52.620000,-0.449561,-0.551997,-0.036952,-0.457870,-0.548141,1.590043,0.009160,17.609500,0
52.640000,-0.544950,-0.554253,-0.054683,-0.454870,-0.548198,1.590046,0.090283,18.149200,0
52.660000,-0.441816,-0.553062,-0.080541,-0.451869,-0.548256,1.590048,0.011143,18.003000,0
52.680000,-0.373749,-0.559341,0.028431,-0.448869,-0.548314,1.590050,0.075925,17.771800,0
52.700000,-0.417347,-0.548397,0.000482,-0.445869,-0.548372,1.590051,0.028522,18.181000,0
52.720000,-0.440983,-0.549146,-0.005666,-0.442869,-0.548429,1.590052,0.002017,17.844100,0
52.740000,-0.403049,-0.552167,-0.051161,-0.439870,-0.548487,1.590052,0.037004,17.857900,0
52.760000,-0.429440,-0.553291,-0.067873,-0.436870,-0.548545,1.590053,0.008817,17.850600,0
52.780000,-0.456691,-0.548227,-0.096438,-0.433870,-0.548603,1.590053,0.022824,18.005800,0
52.800000,-0.428332,-0.550670,0.019329,-0.430871,-0.548661,1.590054,0.003238,18.069800,0
52.820000,-0.422626,-0.551424,-0.083126,-0.427871,-0.548719,1.590054,0.005901,17.924300,0
52.840000,-0.373263,-0.554406,0.004000,-0.424872,-0.548777,1.590054,0.051915,17.993000,0
52.860000,-0.406150,-0.543479,-0.003265,-0.421872,-0.548835,1.590054,0.016609,17.884400,0
52.880000,-0.387014,-0.548217,-0.056340,-0.418872,-0.548892,1.590054,0.031865,17.126500,0
52.900000,-0.415283,-0.551339,-0.073526,-0.415873,-0.548950,1.590054,0.002461,17.237500,0
52.920000,-0.371200,-0.546586,-0.043368,-0.412873,-0.549008,1.590054,0.041743,17.565900,0
52.940000,-0.379000,-0.553394,0.013763,-0.409874,-0.549066,1.590054,0.031176,16.859900,0
52.960000,-0.387672,-0.553008,-0.087596,-0.406874,-0.549124,1.590054,0.019590,17.676600,0
52.980000,-0.357799,-0.556466,0.043882,-0.403875,-0.549181,1.590054,0.046649,17.620100,0
53.000000,-0.371844,-0.551984,-0.037964,-0.400876,-0.549239,1.590054,0.029162,17.204700,0
53.020000,-0.344580,-0.557694,0.008731,-0.397876,-0.549297,1.590054,0.053954,16.990600,0
53.040000,-0.371561,-0.555637,0.017181,-0.394877,-0.549355,1.590054,0.024148,17.311000,0
53.060000,-0.375032,-0.551494,-0.069249,-0.391877,-0.549413,1.590054,0.016973,17.168100,0
53.080000,-0.385558,-0.556970,-0.058817,-0.388878,-0.549470,1.590054,0.008202,17.545900,0
53.100000,-0.394485,-0.554683,-0.030142,-0.385878,-0.549528,1.590054,0.010033,17.430600,0
53.120000,-0.391859,-0.558526,-0.035882,-0.382879,-0.549586,1.590054,0.012672,17.445000,0
53.140000,-0.323216,-0.552693,-0.020904,-0.379879,-0.549644,1.590054,0.056745,28.443600,0
53.160000,-0.360014,-0.547864,-0.042058,-0.376880,-0.549701,1.590054,0.016966,21.842600,0
53.180000,-0.340931,-0.557419,-0.012314,-0.373881,-0.549759,1.590054,0.033829,18.773800,0
53.200000,-0.355091,-0.551915,0.019712,-0.370881,-0.549817,1.590054,0.015929,17.641800,0
53.220000,-0.331079,-0.552027,-0.081419,-0.367882,-0.549875,1.590054,0.036866,16.683400,0
53.240000,-0.356475,-0.555461,-0.075718,-0.364882,-0.549933,1.590054,0.010062,17.593400,0
53.260000,-0.274708,-0.562200,0.060091,-0.361883,-0.549990,1.590054,0.088026,19.356200,0
53.280000,-0.327224,-0.559088,-0.010812,-0.358883,-0.550048,1.590054,0.032924,19.239300,0
53.300000,-0.371397,-0.558925,-0.035560,-0.355884,-0.550106,1.590054,0.017845,19.044800,0
53.320000,-0.362626,-0.551958,-0.081006,-0.352884,-0.550164,1.590054,0.009906,19.769900,0
53.340000,-0.356450,-0.552805,-0.013196,-0.349885,-0.550221,1.590054,0.007055,19.477600,0
53.360000,-0.338512,-0.557217,-0.043943,-0.346886,-0.550279,1.590054,0.010875,19.453100,0
53.380000,-0.344997,-0.556729,-0.095951,-0.343886,-0.550337,1.590054,0.006488,19.570500,0
53.400000,-0.364659,-0.550331,-0.083919,-0.340887,-0.550395,1.590054,0.023773,20.125900,0
53.420000,-0.304709,-0.553895,-0.060909,-0.337887,-0.550452,1.590054,0.033356,22.176700,0
53.440000,-0.347681,-0.554166,-0.040140,-0.334888,-0.550510,1.590054,0.013306,20.917600,0
53.460000,-0.277224,-0.557954,-0.019347,-0.331888,-0.550568,1.590054,0.055161,18.373700,0
53.480000,-0.278031,-0.557229,0.044781,-0.330964,-0.550553,1.580549,0.053352,17.767000,0
53.500000,-0.299394,-0.552908,0.047620,-0.330791,-0.550551,1.560552,0.031486,17.815300,0
53.520000,-0.288014,-0.549238,0.065734,-0.330777,-0.550550,1.542365,0.042783,17.160100,0
53.540000,-0.303975,-0.557433,0.080853,-0.330780,-0.550549,1.524376,0.027674,17.233300,0
53.560000,-0.271207,-0.557098,0.080406,-0.330783,-0.550548,1.506387,0.059935,17.968600,0
53.580000,-0.304889,-0.559264,0.051542,-0.328594,-0.550394,1.497300,0.025310,17.881000,0
53.600000,-0.301787,-0.556211,-0.032288,-0.325600,-0.550171,1.497302,0.024567,17.061200,0
53.620000,-0.319042,-0.562091,0.037786,-0.322605,-0.549949,1.497306,0.012654,17.174100,0
53.640000,-0.343509,-0.558984,-0.004817,-0.319612,-0.549727,1.497308,0.025628,17.428200,0
53.660000,-0.281764,-0.559124,0.038414,-0.316618,-0.549505,1.497310,0.036157,17.122100,0
53.680000,-0.316323,-0.559316,0.069828,-0.313625,-0.549284,1.497312,0.010389,16.876000,0
53.700000,-0.281296,-0.557022,0.076080,-0.310632,-0.549063,1.497313,0.030397,17.294200,0
53.720000,-0.289121,-0.551984,0.081951,-0.307640,-0.548842,1.497315,0.018784,17.097700,0
53.740000,-0.250001,-0.551527,0.116218,-0.304647,-0.548622,1.497316,0.054723,17.669900,0
53.760000,-0.288074,-0.555216,0.107630,-0.301655,-0.548401,1.497316,0.015195,19.151800,0
53.780000,-0.276032,-0.554537,0.071242,-0.298662,-0.548181,1.497317,0.023506,18.834900,0
53.800000,-0.244470,-0.550348,0.138287,-0.295670,-0.547961,1.497317,0.051256,17.611600,0
53.820000,-0.282082,-0.554002,-0.018068,-0.292678,-0.547740,1.497318,0.012308,17.359800,0
53.840000,-0.292127,-0.561331,0.029533,-0.289686,-0.547520,1.497318,0.014026,17.835800,0
53.860000,-0.276821,-0.554943,-0.020844,-0.286694,-0.547300,1.497318,0.012486,17.464700,0
53.880000,-0.275765,-0.555517,0.021586,-0.283702,-0.547080,1.497318,0.011583,17.417000,0
53.900000,-0.283518,-0.559762,0.021675,-0.280710,-0.546860,1.497318,0.013204,17.993200,0
53.920000,-0.253470,-0.557450,0.004271,-0.277718,-0.546639,1.497319,0.026549,19.057000,0
53.940000,-0.268119,-0.561618,0.059020,-0.276869,-0.546591,1.486783,0.017389,18.156700,0
53.960000,-0.268379,-0.556354,0.092602,-0.276696,-0.546576,1.466785,0.012837,18.284000,0
53.980000,-0.245392,-0.553782,0.040530,-0.276695,-0.546575,1.448740,0.032122,18.529600,0
54.000000,-0.274046,-0.554230,0.085431,-0.276698,-0.546575,1.430751,0.008101,17.802100,0
54.020000,-0.303408,-0.561150,0.106986,-0.276701,-0.546574,1.412754,0.030426,18.091400,0
54.040000,-0.237411,-0.560663,0.138099,-0.276706,-0.546573,1.394737,0.041745,18.658700,0
54.060000,-0.270501,-0.560792,0.150257,-0.276711,-0.546572,1.376709,0.015517,18.560200,0
54.080000,-0.295648,-0.569281,0.129927,-0.276717,-0.546571,1.358676,0.029566,18.432900,0
54.100000,-0.275467,-0.565376,0.263649,-0.276722,-0.546570,1.340642,0.018848,18.445700,0
54.120000,-0.214490,-0.559707,0.230981,-0.276727,-0.546569,1.322609,0.063609,18.811400,0
54.140000,-0.266893,-0.559715,0.215078,-0.274363,-0.545940,1.316272,0.015670,18.789800,0
54.160000,-0.256888,-0.559413,0.185281,-0.271456,-0.545183,1.316272,0.020365,21.191000,0
54.180000,-0.275679,-0.569740,0.190610,-0.268550,-0.544426,1.316275,0.026299,17.544900,0
54.200000,-0.213596,-0.560300,0.208835,-0.265645,-0.543669,1.316281,0.054642,18.129200,0
54.220000,-0.268626,-0.565535,0.183099,-0.262739,-0.542913,1.316285,0.023375,17.551300,0
54.240000,-0.230122,-0.560059,0.261270,-0.259835,-0.542157,1.316289,0.034690,17.878600,0
54.260000,-0.216881,-0.555405,0.262506,-0.256930,-0.541401,1.316292,0.042427,18.007700,0
54.280000,-0.245198,-0.559216,0.258052,-0.254026,-0.540645,1.316294,0.020562,18.640400,0
54.300000,-0.271741,-0.558030,0.273104,-0.251121,-0.539890,1.316296,0.027463,19.271400,0
54.320000,-0.213721,-0.549758,0.291939,-0.248217,-0.539134,1.316298,0.036095,17.474400,0
54.340000,-0.228170,-0.553360,0.189710,-0.245314,-0.538379,1.316299,0.022767,18.765800,0
54.360000,-0.240660,-0.557733,0.215119,-0.242410,-0.537624,1.316300,0.020185,17.465000,0
54.380000,-0.210774,-0.549226,0.227036,-0.239506,-0.536868,1.316301,0.031278,17.875400,0
54.400000,-0.190570,-0.545472,0.207906,-0.236602,-0.536113,1.316301,0.046974,20.710600,0
54.420000,-0.227177,-0.550907,0.206937,-0.233699,-0.535358,1.316302,0.016861,19.575600,0
54.440000,-0.206138,-0.551517,0.173370,-0.230795,-0.534603,1.316302,0.029900,19.024100,0
54.460000,-0.218133,-0.551974,0.221512,-0.227892,-0.533847,1.316302,0.020587,19.415700,0
54.480000,-0.218860,-0.554872,0.191357,-0.224988,-0.533092,1.316302,0.022625,19.205400,0
54.500000,-0.225406,-0.554843,0.212382,-0.222085,-0.532337,1.316302,0.022749,18.960600,0
54.520000,-0.219076,-0.550669,0.195669,-0.219181,-0.531582,1.316302,0.019087,18.821800,0
54.540000,-0.186265,-0.547281,0.305709,-0.216278,-0.530827,1.316302,0.034227,19.435400,0
54.560000,-0.196387,-0.549336,0.177073,-0.213374,-0.530071,1.316302,0.025684,17.497900,0
54.580000,-0.210628,-0.549837,0.239196,-0.212743,-0.529967,1.302994,0.019982,17.285700,0
54.600000,-0.180064,-0.542631,0.257339,-0.212603,-0.529928,1.283325,0.034930,16.522900,0
54.620000,-0.207846,-0.551724,0.263292,-0.212606,-0.529928,1.265323,0.022309,15.667700,0
54.640000,-0.176457,-0.546890,0.369091,-0.212610,-0.529928,1.247326,0.039934,16.262300,0
54.660000,-0.185474,-0.550037,0.376678,-0.212614,-0.529928,1.229319,0.033778,16.448600,0
54.680000,-0.178773,-0.542626,0.382024,-0.212618,-0.529927,1.211308,0.036149,16.221200,0
54.700000,-0.194427,-0.545610,0.355103,-0.212622,-0.529927,1.193294,0.024021,15.951900,0
54.720000,-0.200182,-0.552356,0.368363,-0.212626,-0.529926,1.175280,0.025651,16.392500,0
54.740000,-0.217266,-0.563330,0.328346,-0.212630,-0.529925,1.157265,0.033725,16.914100,0
54.760000,-0.199097,-0.560395,0.352780,-0.212634,-0.529924,1.139252,0.033343,17.404400,0
54.780000,-0.213900,-0.558118,0.368848,-0.210229,-0.528815,1.135251,0.029532,16.802700,0
54.800000,-0.177475,-0.547652,0.358842,-0.207506,-0.527547,1.135251,0.036140,16.465500,0
54.820000,-0.201019,-0.552179,0.413142,-0.204784,-0.526279,1.135254,0.026172,16.918100,0
54.840000,-0.189066,-0.556631,0.561352,-0.202062,-0.525012,1.135258,0.034186,17.743100,0
54.860000,-0.177084,-0.543555,0.395511,-0.199340,-0.523746,1.135262,0.029794,17.807200,0
54.880000,-0.177649,-0.550889,0.392805,-0.196619,-0.522479,1.135266,0.034161,18.442300,0
54.900000,-0.191304,-0.553202,0.412085,-0.193898,-0.521213,1.135269,0.032094,17.628600,0
54.920000,-0.188149,-0.552905,0.377211,-0.191177,-0.519947,1.135271,0.033096,17.425000,0
54.940000,-0.142491,-0.530610,0.474390,-0.188456,-0.518681,1.135273,0.047487,17.599000,0
54.960000,-0.150320,-0.534418,0.472728,-0.185735,-0.517415,1.135274,0.039285,18.087200,0
54.980000,-0.145032,-0.529094,0.510687,-0.185305,-0.517215,1.119470,0.041989,16.866200,0
55.000000,-0.164010,-0.542018,0.485821,-0.185238,-0.517182,1.100590,0.032672,16.381800,0
55.020000,-0.161535,-0.535160,0.456182,-0.185241,-0.517182,1.082601,0.029752,16.125400,0
55.040000,-0.183373,-0.546853,0.473100,-0.185244,-0.517183,1.064608,0.029729,16.098600,0
55.060000,-0.159541,-0.535264,0.448551,-0.185248,-0.517183,1.046609,0.031429,17.146800,0
55.080000,-0.148209,-0.535778,0.593409,-0.185251,-0.517183,1.028607,0.041447,16.835600,0
55.100000,-0.166230,-0.542311,0.541792,-0.185255,-0.517183,1.010603,0.031518,17.178300,0
55.120000,-0.179223,-0.555020,0.537386,-0.185258,-0.517182,0.992599,0.038316,17.163300,0
55.140000,-0.131375,-0.533120,0.520945,-0.185261,-0.517182,0.974595,0.056194,17.258900,0
55.160000,-0.160528,-0.542680,0.575264,-0.185264,-0.517181,0.956592,0.035526,17.122100,0
55.180000,-0.134267,-0.528941,0.704985,-0.185266,-0.517181,0.938589,0.052338,18.067200,0
55.200000,-0.163304,-0.543306,0.690162,-0.185269,-0.517180,0.920587,0.034133,17.582400,0
55.220000,-0.150777,-0.537462,0.714728,-0.185272,-0.517179,0.902586,0.040016,17.099400,0
55.240000,-0.153272,-0.547258,0.735360,-0.185274,-0.517179,0.884587,0.043919,16.791900,0
55.260000,-0.172271,-0.556676,0.620966,-0.185277,-0.517178,0.866588,0.041584,17.864500,0
55.280000,-0.167030,-0.547327,0.719571,-0.185279,-0.517177,0.848591,0.035243,17.134300,0
55.300000,-0.160977,-0.545458,0.720995,-0.185281,-0.517176,0.830595,0.037290,17.067700,0
55.320000,-0.174660,-0.560721,0.733898,-0.185284,-0.517175,0.812599,0.044823,16.818400,0
55.340000,-0.152481,-0.548700,0.721420,-0.185286,-0.517175,0.794604,0.045497,17.374300,0
55.360000,-0.141865,-0.537256,0.843087,-0.185288,-0.517174,0.776610,0.047842,17.585200,0
55.380000,-0.146432,-0.540842,0.842859,-0.185290,-0.517173,0.758617,0.045499,17.285200,0
55.400000,-0.146316,-0.541877,0.875003,-0.185292,-0.517172,0.740625,0.046146,16.869100,0
55.420000,-0.143042,-0.535530,0.848958,-0.183406,-0.515109,0.738279,0.045236,17.277100,0
55.440000,-0.155823,-0.545459,0.871459,-0.181384,-0.512886,0.738286,0.041405,16.955400,0
55.460000,-0.159440,-0.537066,0.738806,-0.179363,-0.510665,0.738295,0.033074,16.030200,0
55.480000,-0.154144,-0.550193,0.775685,-0.177342,-0.508444,0.738304,0.047761,15.694600,0
55.500000,-0.142226,-0.533259,0.759406,-0.175321,-0.506224,0.738310,0.042734,16.466800,0
55.520000,-0.147934,-0.542431,0.770481,-0.173300,-0.504004,0.738315,0.046045,16.520700,0
55.540000,-0.148180,-0.535305,0.818174,-0.171280,-0.501784,0.738318,0.040710,16.522700,0
55.560000,-0.141150,-0.531924,0.823524,-0.169260,-0.499565,0.738320,0.042863,16.382300,0
55.580000,-0.141985,-0.531094,0.783246,-0.167240,-0.497345,0.738322,0.042152,16.822300,0
55.600000,-0.144562,-0.533561,0.733176,-0.165220,-0.495126,0.738324,0.043635,16.433600,0
55.620000,-0.138371,-0.529740,0.802387,-0.163201,-0.492907,0.738325,0.044421,16.581800,0
55.640000,-0.139612,-0.525833,0.790803,-0.161181,-0.490688,0.738325,0.041236,16.861600,0
55.660000,-0.127486,-0.520291,0.770204,-0.159161,-0.488469,0.738326,0.044899,15.905500,0
55.680000,-0.134734,-0.525066,0.787260,-0.157142,-0.486250,0.738326,0.044819,16.512000,0
55.700000,-0.131649,-0.527929,0.798526,-0.155122,-0.484031,0.738327,0.049780,16.159600,0
55.720000,-0.118032,-0.506951,0.795655,-0.153103,-0.481812,0.738327,0.043150,18.971800,0
55.740000,-0.122163,-0.516844,0.801193,-0.151084,-0.479593,0.738328,0.047160,18.149300,0
55.760000,-0.117118,-0.514815,0.749403,-0.149064,-0.477375,0.738328,0.049217,16.836100,0
55.780000,-0.125558,-0.517276,0.775233,-0.147045,-0.475156,0.738328,0.047284,16.506800,0
55.800000,-0.112028,-0.506787,0.799168,-0.145026,-0.472937,0.738328,0.047272,16.763500,0
55.820000,-0.101206,-0.493914,0.792300,-0.143007,-0.470718,0.738328,0.047806,16.734200,0
55.840000,-0.112891,-0.500435,0.798333,-0.140988,-0.468499,0.738328,0.042537,16.020400,0
55.860000,-0.108800,-0.494120,0.873566,-0.138968,-0.466281,0.738328,0.041050,17.149100,0
55.880000,-0.090160,-0.470288,0.908438,-0.136949,-0.464062,0.738328,0.047201,17.749900,0
55.900000,-0.105200,-0.493775,0.870796,-0.134930,-0.461843,0.738328,0.043629,17.473500,0
55.920000,-0.101234,-0.480976,0.800050,-0.132911,-0.459624,0.738329,0.038202,17.225000,0
55.940000,-0.097426,-0.490231,0.796723,-0.130892,-0.457405,0.738329,0.046877,17.028000,0
55.960000,-0.093996,-0.488876,0.800565,-0.128872,-0.455187,0.738329,0.048490,17.191100,0
55.980000,-0.110855,-0.496266,0.779925,-0.126853,-0.452968,0.738329,0.046159,17.079000,0
56.000000,-0.104551,-0.492179,0.782128,-0.124834,-0.450749,0.738329,0.046128,16.941100,0
56.020000,-0.086958,-0.475414,0.800136,-0.122815,-0.448530,0.738329,0.044815,17.513300,0
56.040000,-0.103263,-0.496558,0.775737,-0.122581,-0.448271,0.720784,0.052008,18.328200,0
56.060000,-0.086749,-0.482208,0.783997,-0.122569,-0.448256,0.702545,0.049354,16.729700,0
56.080000,-0.112804,-0.504636,0.786911,-0.122572,-0.448259,0.684556,0.057217,16.864700,0
56.100000,-0.089149,-0.479238,0.828327,-0.122575,-0.448260,0.666564,0.045574,15.776400,0
56.120000,-0.095982,-0.490880,0.866505,-0.122578,-0.448261,0.648569,0.050237,16.225000,0
56.140000,-0.085232,-0.476774,0.842948,-0.122581,-0.448262,0.630573,0.046988,16.729600,0
56.160000,-0.095574,-0.496062,0.902440,-0.122584,-0.448262,0.612576,0.054903,17.692800,0
56.180000,-0.105502,-0.501521,0.915074,-0.122587,-0.448263,0.594580,0.055931,16.471900,0
56.200000,-0.092453,-0.488215,1.042978,-0.122589,-0.448263,0.576584,0.050043,16.883400,0
56.220000,-0.101744,-0.490866,1.025135,-0.122592,-0.448263,0.558589,0.047430,16.776600,0
56.240000,-0.109351,-0.523273,0.899521,-0.122594,-0.448262,0.540595,0.076171,16.944500,0
56.260000,-0.078245,-0.474681,1.059881,-0.122597,-0.448262,0.522601,0.051624,17.247800,0
56.280000,-0.086679,-0.480234,1.015078,-0.122599,-0.448262,0.504609,0.048088,16.765200,0
56.300000,-0.099117,-0.500037,1.028074,-0.122601,-0.448262,0.486617,0.056852,16.731800,0
56.320000,-0.075392,-0.467394,1.066618,-0.122604,-0.448261,0.468626,0.050941,16.826400,0
56.340000,-0.076023,-0.473262,1.188931,-0.122606,-0.448261,0.450636,0.052868,16.053100,0
56.360000,-0.085381,-0.490419,1.162850,-0.122608,-0.448261,0.432647,0.056242,15.595500,0
56.380000,-0.093735,-0.478957,1.199430,-0.122610,-0.448260,0.414658,0.042143,17.635800,0
56.400000,-0.087465,-0.488432,1.192310,-0.122612,-0.448260,0.396670,0.053377,17.670100,0
56.420000,-0.085391,-0.488398,1.128115,-0.122614,-0.448259,0.378683,0.054742,17.813000,0
56.440000,-0.084180,-0.501763,1.172477,-0.122616,-0.448259,0.360696,0.065879,17.761000,0
56.460000,-0.075073,-0.473524,1.183518,-0.122618,-0.448259,0.342709,0.053841,18.689200,0
56.480000,-0.085874,-0.490548,1.225691,-0.122620,-0.448258,0.324723,0.056024,18.071400,0
56.500000,-0.083375,-0.488596,1.176803,-0.122622,-0.448258,0.306737,0.056280,18.543800,0
56.520000,-0.086268,-0.495658,1.227297,-0.122624,-0.448258,0.288752,0.059737,17.108800,0
56.540000,-0.082469,-0.471820,1.224620,-0.121839,-0.445969,0.285271,0.047099,16.354800,0
56.560000,-0.078235,-0.490709,1.227513,-0.120994,-0.443087,0.285273,0.064001,16.837100,0
56.580000,-0.074393,-0.472266,1.281888,-0.120149,-0.440205,0.285286,0.055870,17.227800,0
56.600000,-0.079540,-0.465499,1.342613,-0.119304,-0.437323,0.285295,0.048735,16.296300,0
56.620000,-0.076963,-0.487970,1.323642,-0.118459,-0.434442,0.285302,0.067729,15.801000,0
56.640000,-0.068030,-0.448575,1.339227,-0.117613,-0.431562,0.285307,0.052421,15.742200,0
56.660000,-0.072890,-0.472261,1.311439,-0.116768,-0.428682,0.285310,0.061841,16.985600,0
56.680000,-0.076001,-0.452828,1.312479,-0.115923,-0.425802,0.285312,0.048210,16.527000,0
56.700000,-0.076399,-0.473500,1.324647,-0.115078,-0.422922,0.285313,0.063673,17.022700,0
56.720000,-0.068126,-0.439154,1.295483,-0.114234,-0.420043,0.285314,0.049912,17.133700,0
56.740000,-0.069140,-0.453967,1.298120,-0.113389,-0.417163,0.285315,0.057555,15.929100,0
56.760000,-0.077399,-0.474049,1.249925,-0.112544,-0.414284,0.285316,0.069333,16.194900,0
56.780000,-0.073199,-0.452962,1.253790,-0.111699,-0.411405,0.285317,0.056651,16.197600,0
56.800000,-0.075963,-0.475527,1.238328,-0.110855,-0.408526,0.285317,0.075542,17.652500,0
56.820000,-0.067116,-0.436642,1.221787,-0.110010,-0.405647,0.285318,0.052921,16.954200,0
56.840000,-0.074526,-0.459018,1.208691,-0.109166,-0.402769,0.285318,0.066060,17.675300,0
56.860000,-0.066677,-0.436858,1.226420,-0.108321,-0.399890,0.285319,0.055685,17.453500,0
56.880000,-0.068452,-0.442387,1.200291,-0.107477,-0.397011,0.285319,0.059849,17.169200,0
56.900000,-0.060126,-0.419242,1.241915,-0.106632,-0.394132,0.285319,0.052852,17.845300,0
56.920000,-0.063926,-0.449212,1.224605,-0.105788,-0.391253,0.285319,0.071496,17.765200,0
56.940000,-0.058140,-0.417086,1.310429,-0.105706,-0.390718,0.270671,0.054385,17.455500,0
56.960000,-0.061736,-0.444010,1.331184,-0.105740,-0.390608,0.251344,0.069197,17.434000,0
56.980000,-0.067552,-0.440963,1.243310,-0.105742,-0.390611,0.233357,0.063197,16.834100,0
57.000000,-0.063008,-0.426423,1.344968,-0.105744,-0.390614,0.215368,0.055755,17.612400,0
57.020000,-0.060991,-0.440181,1.328084,-0.105746,-0.390616,0.197378,0.066780,17.271200,0
57.040000,-0.061017,-0.432085,1.324251,-0.105748,-0.390617,0.179387,0.060995,17.874300,0
57.060000,-0.057668,-0.422668,1.384772,-0.105750,-0.390619,0.161396,0.057784,17.495500,0
57.080000,-0.066232,-0.457765,1.419769,-0.105752,-0.390620,0.143406,0.077912,17.404000,0
57.100000,-0.058201,-0.435183,1.377044,-0.105754,-0.390620,0.125416,0.065171,17.347000,0
57.120000,-0.056768,-0.406359,1.398424,-0.105756,-0.390621,0.107427,0.051454,17.623200,0
57.140000,-0.054541,-0.439746,1.452295,-0.105758,-0.390622,0.089439,0.070967,17.044900,0
57.160000,-0.053630,-0.409505,1.469858,-0.105760,-0.390622,0.071451,0.055445,17.493300,0
57.180000,-0.055496,-0.448810,1.461009,-0.105762,-0.390622,0.053464,0.076893,17.162100,0
57.200000,-0.054027,-0.431565,1.481900,-0.105764,-0.390623,0.035478,0.065976,15.597700,0
57.220000,-0.060112,-0.416068,1.536230,-0.105634,-0.388462,0.026017,0.053239,15.848600,0
57.240000,-0.049230,-0.453914,1.737618,-0.105558,-0.385460,0.026019,0.088650,16.411900,0
57.260000,-0.053706,-0.423135,1.533926,-0.105482,-0.382458,0.026024,0.065844,15.799400,0
57.280000,-0.046132,-0.417817,1.539134,-0.105405,-0.379456,0.026032,0.070604,15.852100,0
57.300000,-0.051387,-0.414839,1.498963,-0.105328,-0.376454,0.026038,0.066204,15.538400,0
57.320000,-0.057510,-0.397559,1.436778,-0.105250,-0.373453,0.026043,0.053482,15.982000,0
57.340000,-0.055017,-0.430287,1.523239,-0.105172,-0.370453,0.026047,0.078075,16.087900,0
57.360000,-0.055541,-0.450056,1.507817,-0.105094,-0.367453,0.026050,0.096327,16.349700,0
57.380000,-0.052306,-0.408114,1.554362,-0.105016,-0.364453,0.026053,0.068444,15.943200,0
57.400000,-0.062487,-0.436791,1.526792,-0.104937,-0.361453,0.026055,0.086474,16.713800,0
57.420000,-0.057538,-0.410638,1.525628,-0.104859,-0.358454,0.026057,0.070444,16.838500,0
57.440000,-0.060289,-0.424386,1.632522,-0.104781,-0.355454,0.026058,0.082044,17.489900,0
57.460000,-0.055179,-0.391738,1.568829,-0.104702,-0.352455,0.026059,0.063211,17.765200,0
57.480000,-0.055399,-0.408823,1.585389,-0.104624,-0.349456,0.026060,0.077120,17.241500,0
57.500000,-0.055947,-0.373380,1.494698,-0.104545,-0.346456,0.026061,0.055558,18.728300,0
57.520000,-0.050682,-0.388442,1.504823,-0.104467,-0.343457,0.026061,0.070118,17.998500,0
57.540000,-0.052432,-0.368917,1.536235,-0.104389,-0.340458,0.026061,0.059240,17.781700,0
57.560000,-0.052884,-0.358022,1.487407,-0.104310,-0.337459,0.026062,0.055385,17.252700,0
57.580000,-0.052761,-0.386213,1.503646,-0.104232,-0.334460,0.026062,0.072991,17.838700,0
57.600000,-0.051569,-0.374387,1.479025,-0.104154,-0.331461,0.026062,0.067881,18.345100,0
57.620000,-0.051140,-0.337750,1.576549,-0.104076,-0.328462,0.026062,0.053744,17.996800,0
57.640000,-0.057247,-0.354455,1.500656,-0.103998,-0.325463,0.026062,0.055011,18.337700,0
57.660000,-0.053294,-0.362632,1.490294,-0.103998,-0.324954,0.025798,0.063170,18.006700,0
57.680000,-0.051058,-0.384210,1.505940,-0.103997,-0.324953,0.025798,0.079460,18.073400,0
57.700000,-0.055741,-0.354965,1.485431,-0.103997,-0.324954,0.025798,0.056827,18.101900,0
57.720000,-0.055052,-0.367174,1.492577,-0.103997,-0.324954,0.025798,0.064639,18.275900,0
57.740000,-0.053555,-0.344332,1.534419,-0.103997,-0.324954,0.025798,0.054036,17.642300,0
57.760000,-0.052628,-0.333724,1.415517,-0.103997,-0.324954,0.025798,0.052112,17.664200,0
57.780000,-0.056748,-0.388464,1.524562,-0.103997,-0.324954,0.025798,0.079158,18.429400,0
57.800000,-0.049852,-0.360964,1.509986,-0.103997,-0.324954,0.025798,0.065026,18.382900,0
57.820000,-0.055673,-0.362176,1.508867,-0.103997,-0.324954,0.025798,0.060998,18.391500,0
57.840000,-0.047025,-0.368370,1.506041,-0.103997,-0.324954,0.025798,0.071629,17.991700,0
57.860000,-0.056425,-0.361529,1.474020,-0.103997,-0.324954,0.025798,0.060007,18.267500,0
57.880000,-0.052102,-0.349409,1.553167,-0.103997,-0.324954,0.025798,0.057369,17.569800,0
57.900000,-0.054205,-0.371333,1.550522,-0.103997,-0.324954,0.025798,0.068046,17.994900,0
57.920000,-0.054381,-0.374473,1.588569,-0.103997,-0.324954,0.025798,0.070099,18.213500,0
57.940000,-0.047815,-0.361036,1.565016,-0.103997,-0.324954,0.025798,0.066771,18.043900,0
57.960000,-0.052345,-0.391612,1.592460,-0.103997,-0.324954,0.025798,0.084329,18.023300,0
57.980000,-0.051227,-0.370931,1.596449,-0.103997,-0.324954,0.025798,0.069990,17.582400,0
58.000000,-0.054860,-0.350425,1.513418,-0.103997,-0.324954,0.025798,0.055346,18.358400,0
58.020000,-0.058875,-0.361330,1.503995,-0.103997,-0.324954,0.025798,0.057959,18.394200,0
58.040000,-0.050341,-0.376127,1.487088,-0.103997,-0.324954,0.025798,0.074146,18.674400,0
58.060000,-0.054052,-0.369013,1.458685,-0.103997,-0.324954,0.025798,0.066601,16.219100,0
58.080000,-0.045059,-0.349025,1.518712,-0.103997,-0.324954,0.025798,0.063664,15.607300,0
58.100000,-0.050386,-0.359420,1.420498,-0.103997,-0.324954,0.025798,0.063734,16.760400,0
58.120000,-0.049211,-0.390160,1.547031,-0.103997,-0.324954,0.025798,0.085167,16.714900,0
58.140000,-0.056037,-0.379654,1.568291,-0.103997,-0.324954,0.025798,0.072748,15.895200,0
58.160000,-0.051643,-0.356681,1.575393,-0.103997,-0.324954,0.025798,0.061217,16.185200,0
58.180000,-0.058760,-0.365631,1.554961,-0.103997,-0.324954,0.025798,0.060836,16.424000,0
58.200000,-0.057912,-0.379718,1.578690,-0.103997,-0.324954,0.025798,0.071574,16.744800,0
58.220000,-0.055665,-0.360385,1.585085,-0.103997,-0.324954,0.025798,0.059927,16.973100,0
58.240000,-0.057757,-0.381315,1.559611,-0.103997,-0.324954,0.025798,0.072902,17.229500,0
58.260000,-0.054844,-0.370956,1.579983,-0.103997,-0.324954,0.025798,0.067322,17.192500,0
58.280000,-0.055994,-0.352647,1.559709,-0.103997,-0.324954,0.025798,0.055418,17.397600,0
58.300000,-0.053552,-0.378635,1.591395,-0.103997,-0.324954,0.025798,0.073664,17.481400,0
58.320000,-0.053481,-0.346775,1.571028,-0.103997,-0.324954,0.025798,0.055027,17.894000,0
58.340000,-0.053141,-0.371488,1.556344,-0.103997,-0.324954,0.025798,0.068934,17.930700,0
58.360000,-0.054275,-0.353299,1.521671,-0.103997,-0.324954,0.025798,0.057234,16.998700,0
58.380000,-0.052367,-0.368947,1.413995,-0.103997,-0.324954,0.025798,0.067831,17.324600,0
58.400000,-0.037560,-0.345389,1.538203,-0.103997,-0.324954,0.025798,0.069509,17.188700,0
58.420000,-0.046963,-0.359693,1.513840,-0.103997,-0.324954,0.025798,0.066781,17.135400,0
58.440000,-0.053937,-0.366606,1.471946,-0.103997,-0.324954,0.025798,0.065122,17.521700,0
58.460000,-0.059159,-0.355504,1.587426,-0.103997,-0.324954,0.025798,0.054257,17.228900,0
58.480000,-0.055510,-0.370608,1.498651,-0.103997,-0.324954,0.025798,0.066598,17.015700,0
58.500000,-0.056299,-0.358304,1.516416,-0.103997,-0.324954,0.025798,0.058201,16.788800,0
58.520000,-0.053008,-0.356423,1.481669,-0.103997,-0.324954,0.025798,0.059918,16.013400,0
58.540000,-0.057462,-0.389312,1.538648,-0.103997,-0.324954,0.025798,0.079419,15.821200,0
58.560000,-0.054493,-0.374387,1.552912,-0.103997,-0.324954,0.025798,0.069959,15.859300,0
58.580000,-0.053672,-0.368152,1.576542,-0.103997,-0.324954,0.025798,0.066322,16.517600,0
58.600000,-0.046763,-0.400592,1.503362,-0.103997,-0.324954,0.025798,0.094852,17.256800,0
58.620000,-0.051979,-0.372075,1.506376,-0.103997,-0.324954,0.025798,0.070187,16.281300,0
58.640000,-0.056419,-0.362510,1.458354,-0.103997,-0.324954,0.025798,0.060615,16.964900,0
58.660000,-0.053147,-0.376207,1.584506,-0.103997,-0.324954,0.025798,0.072199,17.504000,0
58.680000,-0.057435,-0.351059,1.539847,-0.103997,-0.324954,0.025798,0.053380,17.156200,0
58.700000,-0.053960,-0.339604,1.496322,-0.103997,-0.324954,0.025798,0.052138,17.455700,0
58.720000,-0.056107,-0.365847,1.470897,-0.103997,-0.324954,0.025798,0.062974,17.035300,0
58.740000,-0.057902,-0.385364,1.505882,-0.103997,-0.324954,0.025798,0.075988,17.184600,0
58.760000,-0.053801,-0.371440,1.494689,-0.103997,-0.324954,0.025798,0.068415,17.267200,0
58.780000,-0.044160,-0.353459,1.511987,-0.103997,-0.324954,0.025798,0.066279,17.400100,0
58.800000,-0.051784,-0.370250,1.496590,-0.103997,-0.324954,0.025798,0.069123,17.515200,0
58.820000,-0.044611,-0.342558,1.489606,-0.103997,-0.324954,0.025798,0.061940,16.650800,0
58.840000,-0.044282,-0.376377,1.488923,-0.103997,-0.324954,0.025798,0.078805,19.009600,0
58.860000,-0.055375,-0.347401,1.515642,-0.103997,-0.324954,0.025798,0.053553,16.415800,0
58.880000,-0.051661,-0.347840,1.500918,-0.103997,-0.324954,0.025798,0.057121,15.767500,0
58.900000,-0.048272,-0.366979,1.479163,-0.103997,-0.324954,0.025798,0.069795,16.402000,0
58.920000,-0.049991,-0.351239,1.541517,-0.103997,-0.324954,0.025798,0.060063,16.264300,0
58.940000,-0.050332,-0.377240,1.572009,-0.103997,-0.324954,0.025798,0.074925,16.172000,0
58.960000,-0.054172,-0.381246,1.602460,-0.103997,-0.324954,0.025798,0.075176,16.827500,0
58.980000,-0.049605,-0.341306,1.523511,-0.103997,-0.324954,0.025798,0.056797,16.770700,0
59.000000,-0.053730,-0.349787,1.452974,-0.103997,-0.324954,0.025798,0.056067,16.953900,0
59.020000,-0.056033,-0.372584,1.478951,-0.103997,-0.324954,0.025798,0.067595,15.853500,0
59.040000,-0.053100,-0.369390,1.484366,-0.103997,-0.324954,0.025798,0.067566,16.364500,0
59.060000,-0.057257,-0.390600,1.572816,-0.103997,-0.324954,0.025798,0.080586,15.718800,0
59.080000,-0.050223,-0.350509,1.547030,-0.103997,-0.324954,0.025798,0.059537,16.472800,0
59.100000,-0.056631,-0.370274,1.618318,-0.103997,-0.324954,0.025798,0.065555,16.500000,0
59.120000,-0.058695,-0.379861,1.552894,-0.103997,-0.324954,0.025798,0.071183,16.277700,0
59.140000,-0.058463,-0.356211,1.559921,-0.103997,-0.324954,0.025798,0.055230,16.328600,0
59.160000,-0.054918,-0.376278,1.573802,-0.103997,-0.324954,0.025798,0.071013,16.858800,0
59.180000,-0.050832,-0.387187,1.518339,-0.103997,-0.324954,0.025798,0.081851,17.167700,0
59.200000,-0.051439,-0.310559,1.595500,-0.103997,-0.324954,0.025798,0.054494,16.993100,0
59.220000,-0.053649,-0.366199,1.545610,-0.103997,-0.324954,0.025798,0.065085,16.545200,0
59.240000,-0.055223,-0.374856,1.560870,-0.103997,-0.324954,0.025798,0.069779,16.161000,0
59.260000,-0.051325,-0.369878,1.587537,-0.103997,-0.324954,0.025798,0.069228,16.681900,0
59.280000,-0.054104,-0.336446,1.489187,-0.103997,-0.324954,0.025798,0.051199,16.121900,0
59.300000,-0.047915,-0.372384,1.477707,-0.103997,-0.324954,0.025798,0.073449,17.557900,0
59.320000,-0.050173,-0.355351,1.541014,-0.103997,-0.324954,0.025798,0.061814,17.162300,0
59.340000,-0.056422,-0.359151,1.520821,-0.103997,-0.324954,0.025798,0.058590,16.250000,0
59.360000,-0.046099,-0.361155,1.464216,-0.103997,-0.324954,0.025798,0.068284,17.288000,0
59.380000,-0.055854,-0.385209,1.538849,-0.103997,-0.324954,0.025798,0.077126,16.468400,0
59.400000,-0.053702,-0.396851,1.537350,-0.103997,-0.324954,0.025798,0.087743,16.961000,0
59.420000,-0.051677,-0.383685,1.526730,-0.103997,-0.324954,0.025798,0.078656,17.074500,0
59.440000,-0.056806,-0.386722,1.569066,-0.103997,-0.324954,0.025798,0.077732,17.219500,0
59.460000,-0.050188,-0.362905,1.503929,-0.103997,-0.324954,0.025798,0.065846,17.624800,0
59.480000,-0.054960,-0.367528,1.502927,-0.103997,-0.324954,0.025798,0.064940,18.401300,0
59.500000,-0.050209,-0.352342,1.512232,-0.103997,-0.324954,0.025798,0.060360,17.744900,0
59.520000,-0.053213,-0.359511,1.507206,-0.103997,-0.324954,0.025798,0.061427,16.910900,0
59.540000,-0.049104,-0.356417,1.457371,-0.103997,-0.324954,0.025798,0.063270,16.142100,0
59.560000,-0.059459,-0.391354,1.532691,-0.103997,-0.324954,0.025798,0.079954,16.938900,0
59.580000,-0.052024,-0.386150,1.558148,-0.103997,-0.324954,0.025798,0.080288,16.828900,0
59.600000,-0.049235,-0.380581,1.528094,-0.103997,-0.324954,0.025798,0.078059,18.981900,0
59.620000,-0.044254,-0.369013,1.479986,-0.103997,-0.324954,0.025798,0.074232,16.378400,0
59.640000,-0.053852,-0.347773,1.503437,-0.103997,-0.324954,0.025798,0.055093,16.475000,0
59.660000,-0.052528,-0.352645,1.513111,-0.103997,-0.324954,0.025798,0.058445,17.314000,0
59.680000,-0.044743,-0.356854,1.470368,-0.103997,-0.324954,0.025798,0.067296,17.627000,0
59.700000,-0.053629,-0.359096,1.557543,-0.103997,-0.324954,0.025798,0.060849,17.348100,0
59.720000,-0.058092,-0.378708,1.557246,-0.103997,-0.324954,0.025798,0.070688,18.816000,0
59.740000,-0.049989,-0.349513,1.582642,-0.103997,-0.324954,0.025798,0.059329,17.799600,0
