timestamp,est_x,est_y,est_theta,gt_x,gt_y,gt_theta,error_m,update_time_ms,kidnapped
0.020000,-0.854128,-0.610419,-2.878532,-0.550000,-0.458800,0.000000,0.339826,8.935700,0
0.040000,-0.479926,-0.536863,-3.104754,-0.550000,-0.458800,0.000000,0.104900,8.284200,0
0.060000,-0.338682,-0.577949,2.997460,-0.550000,-0.458800,0.000000,0.242594,8.367200,0
0.080000,0.128579,-0.588365,2.832032,-0.550000,-0.458800,0.000000,0.690837,8.988200,0
0.100000,0.489389,-0.620051,3.019372,-0.550000,-0.458800,0.000000,1.051823,9.417300,0
0.120000,0.512301,-0.594023,3.078708,-0.550000,-0.458800,0.000000,1.070873,9.326400,0
0.140000,0.543278,-0.583002,3.101498,-0.550000,-0.458800,0.000000,1.100311,8.990400,0
0.160000,0.532151,-0.580422,3.128586,-0.550000,-0.458800,0.000000,1.088964,9.485300,0
0.180000,0.534334,-0.577570,3.131663,-0.550000,-0.458800,0.000000,1.090819,11.821400,0
0.200000,0.541289,-0.575494,3.124708,-0.550000,-0.458800,0.000000,1.097511,9.118700,0
0.220000,0.531568,-0.574808,3.123533,-0.550000,-0.458800,0.000000,1.087772,9.341300,0
0.240000,0.531513,-0.577766,3.106599,-0.550000,-0.458800,0.000000,1.088036,9.021300,0
0.260000,0.542155,-0.572805,3.131170,-0.550000,-0.458800,0.000000,1.098089,9.181700,0
0.280000,0.536077,-0.578866,3.132592,-0.550000,-0.458800,0.000000,1.092694,8.766900,0
0.300000,0.519392,-0.575268,3.129952,-0.550000,-0.458800,0.000000,1.075716,9.076200,0
0.320000,0.545568,-0.574584,3.136944,-0.550000,-0.458800,0.000000,1.101670,9.312600,0
0.340000,0.537327,-0.576074,3.133148,-0.550000,-0.458800,0.000000,1.093633,8.890000,0
0.360000,0.531164,-0.577277,3.122628,-0.550000,-0.458800,0.000000,1.087636,10.804700,0
0.380000,0.533209,-0.579779,3.128000,-0.550000,-0.458800,0.000000,1.089944,533.867900,0
0.400000,0.538948,-0.579158,3.126365,-0.550000,-0.458800,0.000000,1.095579,7.074300,0
0.420000,0.530512,-0.577039,3.108931,-0.550000,-0.458800,0.000000,1.086962,8.375000,0
0.440000,0.529864,-0.574202,3.111576,-0.550000,-0.458800,0.000000,1.086013,532.626100,0
0.460000,0.540644,-0.575076,3.126019,-0.550000,-0.458800,0.000000,1.096825,9.378600,0
0.480000,0.551585,-0.571054,3.132814,-0.550000,-0.458800,0.000000,1.107290,9.846300,0
0.500000,0.535857,-0.573931,3.118445,-0.550000,-0.458800,0.000000,1.091944,10.480900,0
0.520000,0.536251,-0.575066,3.127511,-0.550000,-0.458800,0.000000,1.092456,150.594500,0
0.540000,0.535271,-0.576694,3.125413,-0.550000,-0.458800,0.000000,1.091656,14.699800,0
0.560000,0.537370,-0.579051,3.137901,-0.550000,-0.458800,0.000000,1.093999,13.162100,0
0.580000,0.534018,-0.576641,3.126480,-0.550000,-0.458800,0.000000,1.090405,9.499200,0
0.600000,0.541412,-0.579478,3.122331,-0.550000,-0.458800,0.000000,1.098064,9.647700,0
0.620000,0.547391,-0.577112,3.140778,-0.550000,-0.458800,0.000000,1.103751,8.980300,0
0.640000,0.545614,-0.575155,3.131332,-0.550000,-0.458800,0.000000,1.101775,10.020800,0
0.660000,0.535679,-0.577022,3.129239,-0.550000,-0.458800,0.000000,1.092096,10.272900,0
0.680000,0.528162,-0.574954,3.136678,-0.550000,-0.458800,0.000000,1.084401,9.705400,0
0.700000,0.542152,-0.574263,3.139162,-0.550000,-0.458800,0.000000,1.098239,9.603100,0
0.720000,0.542964,-0.577337,3.128342,-0.550000,-0.458800,0.000000,1.099373,9.690400,0
0.740000,0.530595,-0.577483,3.118774,-0.550000,-0.458800,0.000000,1.087093,9.682400,0
0.760000,0.543299,-0.578154,3.106122,-0.550000,-0.458800,0.000000,1.099795,9.401200,0
0.780000,0.538884,-0.579973,3.134558,-0.550000,-0.458800,0.000000,1.095606,9.794800,0
0.800000,0.542396,-0.579429,3.128530,-0.550000,-0.458800,0.000000,1.099036,9.872100,0
0.820000,0.538010,-0.578743,-3.141486,-0.550000,-0.458800,0.000000,1.094601,9.709900,0
0.840000,0.540660,-0.577401,3.118749,-0.550000,-0.458800,0.000000,1.097090,9.537900,0
0.860000,0.532846,-0.578795,3.123738,-0.550000,-0.458800,0.000000,1.089474,9.301700,0
0.880000,0.539855,-0.579803,3.130926,-0.550000,-0.458800,0.000000,1.096552,9.432400,0
0.900000,0.530370,-0.578655,3.129092,-0.550000,-0.458800,0.000000,1.086998,9.607700,0
0.920000,0.533914,-0.575101,3.138434,-0.550000,-0.458800,0.000000,1.090135,9.460400,0
0.940000,0.538623,-0.575383,3.134869,-0.550000,-0.458800,0.000000,1.094848,9.182300,0
0.960000,0.532462,-0.576256,3.127784,-0.550000,-0.458800,0.000000,1.088816,9.301500,0
0.980000,0.538435,-0.577237,3.138247,-0.550000,-0.458800,0.000000,1.094860,9.525000,0
1.000000,0.537317,-0.572618,3.135774,-0.550000,-0.458800,0.000000,1.093258,9.741700,0
1.020000,0.540116,-0.573223,3.138303,-0.550000,-0.458800,0.000000,1.096104,9.835800,0
1.040000,0.542303,-0.573458,3.136926,-0.550000,-0.458800,0.000000,1.098305,9.908400,0
1.060000,0.532417,-0.573319,3.124906,-0.550000,-0.458800,0.000000,1.088458,9.293400,0
1.080000,0.533084,-0.575126,3.127890,-0.550000,-0.458800,0.000000,1.089313,63.499500,0
1.100000,0.538854,-0.577156,3.120989,-0.550000,-0.458800,0.000000,1.095267,10.234900,0
1.120000,0.532638,-0.576321,3.124774,-0.550000,-0.458800,0.000000,1.088998,9.733300,0
1.140000,0.544116,-0.578538,3.133587,-0.550000,-0.458800,0.000000,1.100649,12.329900,0
1.160000,0.536217,-0.577643,3.105076,-0.550000,-0.458800,0.000000,1.092699,9.618000,0
1.180000,0.534291,-0.575968,3.124468,-0.550000,-0.458800,0.000000,1.090604,9.480700,0
1.200000,0.529822,-0.576549,3.125519,-0.550000,-0.458800,0.000000,1.086223,9.647700,0
1.220000,0.533507,-0.575844,3.123935,-0.550000,-0.458800,0.000000,1.089810,11.516700,0
1.240000,0.542451,-0.574521,3.130316,-0.550000,-0.458800,0.000000,1.098563,9.753300,0
1.260000,0.530826,-0.576119,3.122623,-0.550000,-0.458800,0.000000,1.087175,9.817400,0
1.280000,0.539818,-0.576797,3.118666,-0.550000,-0.458800,0.000000,1.096187,11.156500,0
1.300000,0.534748,-0.576858,3.125947,-0.550000,-0.458800,0.000000,1.091153,8.387900,0
1.320000,0.533845,-0.577820,3.117563,-0.550000,-0.458800,0.000000,1.090360,9.097900,0
1.340000,0.528336,-0.575436,3.119088,-0.550000,-0.458800,0.000000,1.084626,9.529800,0
1.360000,0.530935,-0.575355,3.120697,-0.550000,-0.458800,0.000000,1.087200,9.548800,0
1.380000,0.529400,-0.575164,3.128613,-0.550000,-0.458800,0.000000,1.085654,7.689900,0
1.400000,0.537629,-0.577462,3.125381,-0.550000,-0.458800,0.000000,1.094083,10.301500,0
1.420000,0.543051,-0.578641,3.129546,-0.550000,-0.458800,0.000000,1.099601,9.036000,0
1.440000,0.531064,-0.576819,3.130716,-0.550000,-0.458800,0.000000,1.087487,14.620100,0
1.460000,0.533096,-0.575999,3.130083,-0.550000,-0.458800,0.000000,1.089419,9.325100,0
1.480000,0.536732,-0.575698,3.125347,-0.550000,-0.458800,0.000000,1.093001,9.622500,0
1.500000,0.529260,-0.575317,3.133371,-0.550000,-0.458800,0.000000,1.085532,8.249700,0
1.520000,0.540230,-0.576372,3.141091,-0.550000,-0.458800,0.000000,1.096551,9.940300,0
1.540000,0.538222,-0.576603,3.122727,-0.550000,-0.458800,0.000000,1.094579,10.254400,0
1.560000,0.531286,-0.575343,3.118381,-0.550000,-0.458800,0.000000,1.087548,6.811400,0
1.580000,0.532219,-0.576135,3.126069,-0.550000,-0.458800,0.000000,1.088561,9.992200,0
1.600000,0.536217,-0.578114,3.133236,-0.550000,-0.458800,0.000000,1.092750,8.575200,0
1.620000,0.537274,-0.577825,3.123014,-0.550000,-0.458800,0.000000,1.093769,9.715100,0
1.640000,0.547059,-0.578967,3.139068,-0.550000,-0.458800,0.000000,1.103621,9.723100,0
1.660000,0.533115,-0.577091,3.131303,-0.550000,-0.458800,0.000000,1.089555,9.337800,0
1.680000,0.536556,-0.579388,3.111264,-0.550000,-0.458800,0.000000,1.093227,9.906500,0
1.700000,0.531766,-0.576290,3.125871,-0.550000,-0.458800,0.000000,1.088127,5.730600,0
1.720000,0.533373,-0.575523,3.131964,-0.550000,-0.458800,0.000000,1.089643,5.498300,0
1.740000,0.539054,-0.576185,3.130206,-0.550000,-0.458800,0.000000,1.095362,9.005700,0
1.760000,0.540070,-0.577912,3.127695,-0.550000,-0.458800,0.000000,1.096558,9.281800,0
1.780000,0.532576,-0.578520,3.134049,-0.550000,-0.458800,0.000000,1.089176,9.795400,0
1.800000,0.533751,-0.577401,3.119331,-0.550000,-0.458800,0.000000,1.090221,9.262800,0
1.820000,0.531905,-0.578232,3.134670,-0.550000,-0.458800,0.000000,1.088477,9.091200,0
1.840000,0.545375,-0.578959,3.128012,-0.550000,-0.458800,0.000000,1.101946,9.415200,0
1.860000,0.546480,-0.576697,-3.139903,-0.550000,-0.458800,0.000000,1.102800,9.283200,0
1.880000,0.541634,-0.575262,3.129031,-0.550000,-0.458800,0.000000,1.097829,9.156700,0
1.900000,0.529077,-0.575879,3.117827,-0.550000,-0.458800,0.000000,1.085410,8.796000,0
1.920000,0.531825,-0.574866,3.110807,-0.550000,-0.458800,0.000000,1.088034,8.706800,0
1.940000,0.546989,-0.577597,3.105115,-0.550000,-0.458800,0.000000,1.103403,9.071900,0
1.960000,0.535908,-0.577130,3.128906,-0.550000,-0.458800,0.000000,1.092336,9.139100,0
1.980000,0.531177,-0.575084,3.109929,-0.550000,-0.458800,0.000000,1.087412,9.754700,0
2.000000,0.546487,-0.576438,3.125851,-0.550000,-0.458800,0.000000,1.102779,10.120300,0
2.020000,0.545357,-0.575672,3.136241,-0.550000,-0.458800,0.000000,1.101574,9.766000,0
2.040000,0.536509,-0.574386,3.129766,-0.550000,-0.458800,0.000000,1.092640,9.745200,0
2.060000,0.533996,-0.574033,3.115640,-0.550000,-0.458800,0.000000,1.090103,10.426200,0
2.080000,0.535341,-0.574615,3.111493,-0.550000,-0.458800,0.000000,1.091503,8.905100,0
2.100000,0.550720,-0.575381,3.138440,-0.550000,-0.458800,0.000000,1.106877,9.433500,0
2.120000,0.539080,-0.575445,3.129923,-0.550000,-0.458800,0.000000,1.095309,9.126800,0
2.140000,0.531304,-0.574691,3.132511,-0.550000,-0.458800,0.000000,1.087497,8.907900,0
2.160000,0.539012,-0.575757,3.131589,-0.550000,-0.458800,0.000000,1.095274,8.712500,0
2.180000,0.545351,-0.575718,3.134427,-0.550000,-0.458800,0.000000,1.101574,9.222800,0
2.200000,0.526825,-0.575252,3.122857,-0.550000,-0.458800,0.000000,1.083104,9.588800,0
2.220000,0.543919,-0.574798,3.134521,-0.550000,-0.458800,0.000000,1.100052,8.770400,0
2.240000,0.538479,-0.575954,3.118740,-0.550000,-0.458800,0.000000,1.094766,9.391300,0
2.260000,0.532068,-0.576433,3.127270,-0.550000,-0.458800,0.000000,1.088444,8.907900,0
2.280000,0.533451,-0.577196,3.124476,-0.550000,-0.458800,0.000000,1.089901,9.080200,0
2.300000,0.540513,-0.578292,3.134431,-0.550000,-0.458800,0.000000,1.097040,9.044000,0
2.320000,0.549017,-0.579823,3.121391,-0.550000,-0.458800,0.000000,1.105661,9.450500,0
2.340000,0.544735,-0.578190,3.138787,-0.550000,-0.458800,0.000000,1.101226,9.037400,0
2.360000,0.551332,-0.575957,3.131456,-0.550000,-0.458800,0.000000,1.107545,9.627300,0
2.380000,0.542237,-0.574532,3.140163,-0.550000,-0.458800,0.000000,1.098351,10.244400,0
2.400000,0.535768,-0.575712,3.120891,-0.550000,-0.458800,0.000000,1.092044,9.351900,0
2.420000,0.533524,-0.577896,3.122043,-0.550000,-0.458800,0.000000,1.090050,9.119700,0
2.440000,0.541499,-0.577799,3.109691,-0.550000,-0.458800,0.000000,1.097967,9.441900,0
2.460000,0.540385,-0.578029,3.129506,-0.550000,-0.458800,0.000000,1.096884,9.462400,0
2.480000,0.532460,-0.576958,3.127162,-0.550000,-0.458800,0.000000,1.088890,7.543200,0
2.500000,0.551636,-0.576374,-3.129460,-0.550000,-0.458800,0.000000,1.107892,12.215600,0
2.520000,0.534381,-0.575399,3.128890,-0.550000,-0.458800,0.000000,1.090632,10.826100,0
2.540000,0.539044,-0.575216,3.129186,-0.550000,-0.458800,0.000000,1.095249,7.548100,0
2.560000,0.543561,-0.575537,3.138173,-0.550000,-0.458800,0.000000,1.099774,10.312800,0
2.580000,0.534066,-0.575436,3.117277,-0.550000,-0.458800,0.000000,1.090323,9.571800,0
2.600000,0.531688,-0.574571,3.118409,-0.550000,-0.458800,0.000000,1.087865,8.963500,0
2.620000,0.537504,-0.575605,3.117738,-0.550000,-0.458800,0.000000,1.093758,8.845500,0
2.640000,0.530578,-0.575928,3.123499,-0.550000,-0.458800,0.000000,1.086907,8.843500,0
2.660000,0.538063,-0.575643,3.126646,-0.550000,-0.458800,0.000000,1.094319,9.078100,0
2.680000,0.540786,-0.574233,3.133540,-0.550000,-0.458800,0.000000,1.096877,9.771400,0
2.700000,0.539467,-0.573849,3.119599,-0.550000,-0.458800,0.000000,1.095524,9.655700,0
2.720000,0.535957,-0.572743,3.128348,-0.550000,-0.458800,0.000000,1.091918,9.941300,0
2.740000,0.541653,-0.573837,3.119412,-0.550000,-0.458800,0.000000,1.097697,8.878700,0
2.760000,0.533538,-0.574547,3.111978,-0.550000,-0.458800,0.000000,1.089702,8.833500,0
2.780000,0.531014,-0.573684,3.128235,-0.550000,-0.458800,0.000000,1.087101,8.711000,0
2.800000,0.544539,-0.572756,3.134896,-0.550000,-0.458800,0.000000,1.100455,8.414400,0
2.820000,0.532633,-0.573089,3.128862,-0.550000,-0.458800,0.000000,1.088649,8.134200,0
2.840000,0.528319,-0.573788,3.125180,-0.550000,-0.458800,0.000000,1.084433,8.224100,0
2.860000,0.543860,-0.575148,3.133758,-0.550000,-0.458800,0.000000,1.100031,9.225400,0
2.880000,0.552817,-0.575243,3.126742,-0.550000,-0.458800,0.000000,1.108947,9.838900,0
2.900000,0.535098,-0.575969,3.132129,-0.550000,-0.458800,0.000000,1.091405,8.412500,0
2.920000,0.542640,-0.576262,3.133280,-0.550000,-0.458800,0.000000,1.098936,9.317800,0
2.940000,0.550374,-0.575838,3.137984,-0.550000,-0.458800,0.000000,1.106580,8.795200,0
2.960000,0.544171,-0.576578,3.120195,-0.550000,-0.458800,0.000000,1.100492,8.899700,0
2.980000,0.530628,-0.577926,3.116915,-0.550000,-0.458800,0.000000,1.087174,8.978400,0
3.000000,0.536562,-0.577545,3.125360,-0.550000,-0.458800,0.000000,1.093031,8.927700,0
3.020000,0.517553,-0.577693,3.120559,-0.550000,-0.458800,0.000000,1.074153,7.512000,0
3.040000,0.534311,-0.576915,3.118383,-0.550000,-0.458800,0.000000,1.090725,8.880200,0
3.060000,0.544124,-0.577261,3.120900,-0.550000,-0.458800,0.000000,1.100518,9.885500,0
3.080000,0.534143,-0.576894,3.122871,-0.550000,-0.458800,0.000000,1.090555,10.435300,0
3.100000,0.529480,-0.576859,3.120110,-0.550000,-0.458800,0.000000,1.085916,10.058900,0
3.120000,0.519037,-0.577571,3.098754,-0.550000,-0.458800,0.000000,1.075614,9.259300,0
3.140000,0.531959,-0.577882,3.120533,-0.550000,-0.458800,0.000000,1.088493,8.039500,0
3.160000,0.532288,-0.578196,3.115581,-0.550000,-0.458800,0.000000,1.088853,9.059000,0
3.180000,0.539203,-0.577480,3.128536,-0.550000,-0.458800,0.000000,1.095649,9.071700,0
3.200000,0.534067,-0.576107,3.125259,-0.550000,-0.458800,0.000000,1.090395,8.482600,0
3.220000,0.546607,-0.575733,3.136083,-0.550000,-0.458800,0.000000,1.102824,8.473000,0
3.240000,0.536469,-0.574227,3.124191,-0.550000,-0.458800,0.000000,1.092583,8.639800,0
3.260000,0.532094,-0.573339,3.121093,-0.550000,-0.458800,0.000000,1.088140,9.027300,0
3.280000,0.535003,-0.573576,3.135492,-0.550000,-0.458800,0.000000,1.091056,8.708300,0
3.300000,0.535422,-0.573393,3.122369,-0.550000,-0.458800,0.000000,1.091454,8.544400,0
3.320000,0.541489,-0.572894,3.121778,-0.550000,-0.458800,0.000000,1.097436,8.714700,0
3.340000,0.536074,-0.574120,3.122415,-0.550000,-0.456378,-0.000076,1.092438,8.661100,0
3.360000,0.525646,-0.574682,3.108022,-0.550000,-0.453378,-0.000076,1.082465,8.746100,0
3.380000,0.523251,-0.575406,3.130863,-0.550000,-0.450378,-0.000076,1.080509,8.435400,0
3.400000,0.518849,-0.576409,3.113322,-0.550001,-0.447378,-0.000076,1.076610,8.688200,0
3.420000,0.526485,-0.576672,3.131729,-0.550001,-0.444378,-0.000076,1.084584,8.539600,0
3.440000,0.518021,-0.576788,3.118461,-0.550001,-0.441377,-0.000076,1.076572,9.090200,0
3.460000,0.520336,-0.576796,3.114382,-0.550001,-0.438377,-0.000076,1.079250,9.245100,0
3.480000,0.505873,-0.577064,3.118493,-0.550002,-0.435377,-0.000076,1.065339,8.900000,0
3.500000,0.511412,-0.576531,3.127579,-0.550002,-0.432377,-0.000076,1.071158,8.730800,0
3.520000,0.502586,-0.575818,3.126549,-0.550002,-0.429377,-0.000076,1.062725,8.662100,0
3.540000,0.512038,-0.575663,-3.137576,-0.550002,-0.426377,-0.000076,1.072481,7.071600,0
3.560000,0.482369,-0.576698,3.105761,-0.550003,-0.423377,-0.000076,1.043695,4.674700,0
3.580000,0.496122,-0.576886,3.126440,-0.550003,-0.420377,-0.000076,1.057768,4.528900,0
3.600000,0.492822,-0.575607,3.122110,-0.550003,-0.417377,-0.000076,1.054761,4.795600,0
3.620000,0.491083,-0.575894,3.133304,-0.550003,-0.414377,-0.000076,1.053541,4.624800,0
3.640000,0.481321,-0.574531,3.117464,-0.550004,-0.411377,-0.000076,1.044151,4.534600,0
3.660000,0.476188,-0.573417,3.128884,-0.550004,-0.408377,-0.000076,1.039379,4.681400,0
3.680000,0.488986,-0.573855,3.135667,-0.550004,-0.405377,-0.000076,1.052561,5.048300,0
3.700000,0.484211,-0.574248,3.119834,-0.550004,-0.402377,-0.000076,1.048399,4.356700,0
3.720000,0.479580,-0.574833,3.137172,-0.550004,-0.399377,-0.000076,1.044427,4.250800,0
3.740000,0.470216,-0.574927,3.129094,-0.550005,-0.396377,-0.000076,1.035728,4.386000,0
3.760000,0.470987,-0.575120,3.130102,-0.550005,-0.393377,-0.000076,1.037041,4.116000,0
3.780000,0.466419,-0.574146,3.120902,-0.550005,-0.390377,-0.000076,1.032904,4.079000,0
3.800000,0.453628,-0.573359,3.118760,-0.550005,-0.389867,-0.000003,1.020269,4.018200,0
3.820000,0.467360,-0.574832,3.123338,-0.550005,-0.389867,-0.000003,1.034043,5.544500,0
3.840000,0.454306,-0.574472,3.121083,-0.550005,-0.389867,-0.000003,1.021136,8.326700,0
3.860000,0.455240,-0.575416,3.138717,-0.550005,-0.389867,-0.000003,1.022226,8.244200,0
3.880000,0.466504,-0.575898,3.131104,-0.550005,-0.389867,-0.000003,1.033391,8.156500,0
3.900000,0.465046,-0.576832,3.125528,-0.550005,-0.389867,-0.000003,1.032126,6.865200,0
3.920000,0.455510,-0.577048,3.107795,-0.550005,-0.389868,-0.000003,1.022789,4.411600,0
3.940000,0.465759,-0.576190,3.132127,-0.550005,-0.389868,-0.000003,1.032711,4.405400,0
3.960000,0.479132,-0.576287,3.128897,-0.550005,-0.389868,-0.000003,1.045885,5.399100,0
3.980000,0.464041,-0.576535,3.132474,-0.550005,-0.389868,-0.000003,1.031084,7.808300,0
4.000000,0.472279,-0.576399,3.134519,-0.550005,-0.389868,-0.000003,1.039163,7.740600,0
4.020000,0.460908,-0.576952,3.129560,-0.550005,-0.389868,-0.000003,1.028078,7.808400,0
4.040000,0.460176,-0.576801,3.118332,-0.550005,-0.389868,-0.000003,1.027331,7.818200,0
4.060000,0.465866,-0.575352,3.125464,-0.550005,-0.389868,-0.000003,1.032665,7.962900,0
4.080000,0.473337,-0.575133,3.120634,-0.550005,-0.389868,-0.000003,1.039977,8.408600,0
4.100000,0.462212,-0.574582,3.120668,-0.550005,-0.389868,-0.000003,1.028932,8.421000,0
4.120000,0.471789,-0.576006,3.135980,-0.550005,-0.389868,-0.000003,1.038609,8.735700,0
4.140000,0.468324,-0.575914,3.118689,-0.550005,-0.389868,-0.000003,1.035185,9.240700,0
4.160000,0.466041,-0.575711,3.124371,-0.550005,-0.389868,-0.000003,1.032902,7.651200,0
4.180000,0.462058,-0.576266,3.121301,-0.550005,-0.389868,-0.000003,1.029085,4.422700,0
4.200000,0.464980,-0.576476,3.126068,-0.550005,-0.387445,-0.000078,1.032437,4.429800,0
4.220000,0.472321,-0.576809,3.129233,-0.550005,-0.384446,-0.000078,1.040267,5.110000,0
4.240000,0.452117,-0.575729,3.122892,-0.550006,-0.381445,-0.000078,1.020782,8.601300,0
4.260000,0.453929,-0.576093,3.124931,-0.550006,-0.378445,-0.000078,1.023206,8.163900,0
4.280000,0.465772,-0.576579,-3.140542,-0.550006,-0.375445,-0.000078,1.035500,4.287800,0
4.300000,0.435503,-0.576477,3.113249,-0.550006,-0.372445,-0.000078,1.006408,4.090700,0
4.320000,0.445357,-0.576448,3.125618,-0.550007,-0.369445,-0.000078,1.016661,4.113700,0
4.340000,0.449953,-0.576502,3.131647,-0.550007,-0.366445,-0.000078,1.021785,5.191600,0
4.360000,0.432744,-0.575220,3.112864,-0.550007,-0.363445,-0.000078,1.005310,4.208200,0
4.380000,0.435943,-0.575837,3.117223,-0.550007,-0.360445,-0.000078,1.009203,4.414700,0
4.400000,0.422918,-0.574852,3.115299,-0.550008,-0.357445,-0.000078,0.996921,4.353500,0
4.420000,0.428856,-0.574327,3.129485,-0.550008,-0.354445,-0.000078,1.003257,4.355100,0
4.440000,0.422373,-0.575604,3.114617,-0.550008,-0.351445,-0.000078,0.997884,4.328000,0
4.460000,0.411050,-0.574726,3.116700,-0.550008,-0.348445,-0.000078,0.987338,4.270600,0
4.480000,0.422700,-0.574624,3.129665,-0.550009,-0.345445,-0.000078,0.999342,4.450100,0
4.500000,0.425270,-0.574298,3.128596,-0.550009,-0.342445,-0.000078,1.002459,4.281400,0
4.520000,0.415159,-0.573998,3.123484,-0.550009,-0.339445,-0.000078,0.993260,4.361100,0
4.540000,0.406604,-0.573639,3.120951,-0.550009,-0.336445,-0.000078,0.985580,5.505100,0
4.560000,0.416281,-0.574558,3.118348,-0.550009,-0.333445,-0.000078,0.995917,5.812900,0
4.580000,0.418250,-0.573992,3.132167,-0.550010,-0.330445,-0.000078,0.998420,4.222700,0
4.600000,0.406580,-0.574732,3.128064,-0.550010,-0.327445,-0.000078,0.988036,4.333200,0
4.620000,0.399451,-0.573809,3.139430,-0.550010,-0.324445,-0.000078,0.981661,4.293500,0
4.640000,0.396296,-0.573766,3.131279,-0.550010,-0.321445,-0.000078,0.979367,4.288500,0
4.660000,0.399466,-0.572890,3.133688,-0.550011,-0.318445,-0.000078,0.982980,4.173400,0
4.680000,0.383328,-0.572652,3.137113,-0.550011,-0.315445,-0.000078,0.968131,4.761100,0
4.700000,0.399432,-0.574055,3.137232,-0.550011,-0.312445,-0.000078,0.984826,4.224400,0
4.720000,0.389785,-0.573958,-3.134852,-0.550011,-0.309445,-0.000078,0.976312,4.259700,0
4.740000,0.389321,-0.573182,3.126891,-0.550012,-0.306445,-0.000078,0.976471,5.900600,0
4.760000,0.378621,-0.572587,3.126543,-0.550012,-0.303445,-0.000078,0.966849,6.724500,0
4.780000,0.376333,-0.572419,3.111630,-0.550012,-0.300445,-0.000078,0.965445,4.116100,0
4.800000,0.376544,-0.572839,3.124517,-0.550012,-0.297445,-0.000078,0.966617,4.667200,0
4.820000,0.369152,-0.572148,3.136083,-0.550013,-0.294445,-0.000078,0.960199,5.871300,0
4.840000,0.365826,-0.572160,3.131534,-0.550013,-0.291445,-0.000078,0.957895,4.197200,0
4.860000,0.370178,-0.572406,3.136499,-0.550013,-0.288445,-0.000078,0.963008,4.181600,0
4.880000,0.371713,-0.571983,-3.138363,-0.550013,-0.285445,-0.000078,0.965237,8.522400,0
4.900000,0.370419,-0.570518,3.128794,-0.550013,-0.282445,-0.000078,0.964459,8.572800,0
4.920000,0.349852,-0.569282,3.121198,-0.550014,-0.279445,-0.000078,0.945391,7.102900,0
4.940000,0.364184,-0.569157,3.123241,-0.550014,-0.276445,-0.000078,0.959916,4.206200,0
4.960000,0.349354,-0.569090,3.136426,-0.550014,-0.273445,-0.000078,0.946715,4.766600,0
4.980000,0.348469,-0.568255,3.129404,-0.550014,-0.270445,-0.000078,0.946553,4.422400,0
5.000000,0.348070,-0.568602,-3.138737,-0.550015,-0.267445,-0.000078,0.947234,4.604400,0
5.020000,0.343548,-0.569061,3.134186,-0.550015,-0.264445,-0.000078,0.944058,4.272600,0
5.040000,0.332972,-0.568495,3.119194,-0.550015,-0.261445,-0.000078,0.934851,4.453100,0
5.060000,0.328857,-0.568641,3.120524,-0.550015,-0.258445,-0.000078,0.932007,4.189300,0
5.080000,0.330170,-0.568865,3.119497,-0.550016,-0.255445,-0.000078,0.934323,4.437000,0
5.100000,0.342820,-0.569460,3.130584,-0.550016,-0.252445,-0.000078,0.947447,4.667100,0
5.120000,0.336601,-0.569397,3.137632,-0.550016,-0.249445,-0.000078,0.942581,4.524200,0
5.140000,0.339863,-0.569352,3.130948,-0.550016,-0.246445,-0.000078,0.946654,4.829900,0
5.160000,0.321946,-0.569734,3.129827,-0.550016,-0.243445,-0.000078,0.931011,4.288400,0
5.180000,0.316507,-0.570477,3.131139,-0.550017,-0.240445,-0.000078,0.927246,4.551400,0
5.200000,0.326260,-0.570710,3.122264,-0.550017,-0.237445,-0.000078,0.937511,5.178500,0
5.220000,0.302664,-0.569166,3.100163,-0.550017,-0.234445,-0.000078,0.916026,5.641200,0
5.240000,0.314548,-0.569365,3.128567,-0.550017,-0.231445,-0.000078,0.928258,8.887700,0
5.260000,0.299189,-0.570053,3.129243,-0.550018,-0.228445,-0.000078,0.915341,9.389800,0
5.280000,0.312032,-0.570244,-3.140527,-0.550018,-0.225445,-0.000078,0.928449,6.831500,0
5.300000,0.310066,-0.569861,3.127300,-0.550018,-0.222445,-0.000078,0.927601,7.740700,0
5.320000,0.309584,-0.570101,-3.138228,-0.550018,-0.219445,-0.000078,0.928373,8.643400,0
5.340000,0.304480,-0.570053,3.140813,-0.550019,-0.216445,-0.000078,0.924774,8.734800,0
5.360000,0.291381,-0.570123,3.113855,-0.550019,-0.213445,-0.000078,0.913878,8.979700,0
5.380000,0.292592,-0.569840,3.140542,-0.550019,-0.210445,-0.000078,0.916056,9.507900,0
5.400000,0.292757,-0.569605,3.128904,-0.550019,-0.207445,-0.000078,0.917295,9.147200,0
5.420000,0.284282,-0.570661,3.127140,-0.550020,-0.204445,-0.000078,0.911139,9.319800,0
5.440000,0.274212,-0.570382,3.119367,-0.550020,-0.201445,-0.000078,0.903036,8.596100,0
5.460000,0.282585,-0.570690,3.125497,-0.550020,-0.198445,-0.000078,0.912030,8.332300,0
5.480000,0.271451,-0.570445,3.127073,-0.550020,-0.195445,-0.000078,0.903017,8.439300,0
5.500000,0.281978,-0.571244,3.138322,-0.550020,-0.192445,-0.000078,0.914172,8.472200,0
5.520000,0.274626,-0.571083,3.120556,-0.550021,-0.189445,-0.000078,0.908675,8.520900,0
5.540000,0.263791,-0.569578,3.124078,-0.550021,-0.186445,-0.000078,0.899490,8.677600,0
5.560000,0.271742,-0.568564,3.135820,-0.550021,-0.183445,-0.000078,0.907530,8.213400,0
5.580000,0.257944,-0.567972,3.132722,-0.550021,-0.180445,-0.000078,0.896094,4.440600,0
5.600000,0.257543,-0.568935,3.128742,-0.550022,-0.177445,-0.000078,0.897455,4.414000,0
5.620000,0.259111,-0.568712,3.136078,-0.550022,-0.174445,-0.000078,0.900080,4.161300,0
5.640000,0.256621,-0.568683,3.122987,-0.550022,-0.171445,-0.000078,0.899150,4.939500,0
5.660000,0.256463,-0.569060,3.138396,-0.550022,-0.168445,-0.000078,0.900506,4.076800,0
5.680000,0.242826,-0.568904,-3.136332,-0.550023,-0.165445,-0.000078,0.889600,4.143300,0
5.700000,0.238539,-0.568697,3.134122,-0.550023,-0.162445,-0.000078,0.887057,4.123200,0
5.720000,0.227512,-0.569612,3.124209,-0.550023,-0.159445,-0.000078,0.879089,4.062300,0
5.740000,0.225633,-0.569052,3.137037,-0.550023,-0.156445,-0.000078,0.878571,4.139900,0
5.760000,0.225296,-0.568417,3.129235,-0.550024,-0.153445,-0.000078,0.879387,4.170900,0
5.780000,0.236224,-0.568457,3.130749,-0.550024,-0.150445,-0.000078,0.890461,4.571900,0
5.800000,0.238000,-0.568828,-3.141133,-0.550024,-0.147445,-0.000078,0.893614,4.193500,0
5.820000,0.216234,-0.569146,-3.136178,-0.550024,-0.144445,-0.000078,0.876083,4.590200,0
5.840000,0.230809,-0.568578,-3.137365,-0.550025,-0.141445,-0.000078,0.890025,4.188700,0
5.860000,0.228499,-0.568318,3.133931,-0.550025,-0.138445,-0.000078,0.889320,4.574300,0
5.880000,0.209021,-0.568148,3.128552,-0.550025,-0.135445,-0.000078,0.873718,4.368900,0
5.900000,0.213899,-0.568670,3.132990,-0.550025,-0.132445,-0.000078,0.879700,4.382300,0
5.920000,0.212999,-0.569535,3.132401,-0.550025,-0.129445,-0.000078,0.880843,4.336600,0
5.940000,0.208859,-0.569466,3.137555,-0.550026,-0.126445,-0.000078,0.878734,4.330100,0
5.960000,0.205987,-0.568932,3.130974,-0.550026,-0.123445,-0.000078,0.877504,4.535100,0
5.980000,0.198481,-0.568760,3.136994,-0.550026,-0.120445,-0.000078,0.872496,4.390100,0
6.000000,0.199238,-0.567866,3.124721,-0.550026,-0.117445,-0.000078,0.874228,4.309400,0
6.020000,0.183684,-0.568335,3.132038,-0.550027,-0.114445,-0.000078,0.862756,4.417200,0
6.040000,0.182562,-0.568152,3.116800,-0.550027,-0.111445,-0.000078,0.863289,4.144600,0
6.060000,0.190789,-0.567674,3.122818,-0.550027,-0.108445,-0.000078,0.871608,4.062600,0
6.080000,0.187345,-0.567989,3.133350,-0.550027,-0.105445,-0.000078,0.870439,4.299600,0
6.100000,0.194276,-0.568277,3.137317,-0.550028,-0.102445,-0.000078,0.878059,4.280000,0
6.120000,0.164849,-0.567170,3.109079,-0.550028,-0.099445,-0.000078,0.854293,4.380800,0
6.140000,0.169717,-0.566873,3.114031,-0.550028,-0.096445,-0.000078,0.859846,4.444800,0
6.160000,0.159212,-0.567123,3.107951,-0.550028,-0.093445,-0.000078,0.852873,4.203400,0
6.180000,0.158701,-0.567108,3.120979,-0.550029,-0.090445,-0.000078,0.854112,4.206000,0
6.200000,0.169028,-0.568146,3.123253,-0.550029,-0.087445,-0.000078,0.864937,4.266000,0
6.220000,0.158606,-0.568061,3.125883,-0.550029,-0.084445,-0.000078,0.857932,6.131700,0
6.240000,0.142817,-0.566963,3.093986,-0.550029,-0.081445,-0.000078,0.846028,7.782000,0
6.260000,0.160719,-0.568344,-3.141564,-0.550029,-0.078445,-0.000078,0.863229,7.455200,0
6.280000,0.146722,-0.567848,-3.135550,-0.550030,-0.075445,-0.000078,0.853185,4.248800,0
6.300000,0.144202,-0.567607,3.106629,-0.550030,-0.072445,-0.000078,0.852727,4.192300,0
6.320000,0.144701,-0.565940,3.118752,-0.550030,-0.069445,-0.000078,0.853907,4.685900,0
6.340000,0.142267,-0.566307,3.126761,-0.550030,-0.066445,-0.000078,0.853895,7.812000,0
6.360000,0.150765,-0.566879,-3.140669,-0.550031,-0.063445,-0.000078,0.862879,8.029400,0
6.380000,0.141238,-0.567429,3.109148,-0.550031,-0.060445,-0.000078,0.857255,7.856800,0
6.400000,0.141762,-0.566105,3.134743,-0.550031,-0.057445,-0.000078,0.858669,4.599400,0
6.420000,0.125903,-0.565443,3.126358,-0.550031,-0.054445,-0.000078,0.847352,5.875100,0
6.440000,0.141099,-0.566080,-3.134080,-0.550032,-0.051445,-0.000078,0.861691,7.622900,0
6.460000,0.140281,-0.565908,3.129101,-0.550032,-0.048445,-0.000078,0.862728,6.346700,0
6.480000,0.114439,-0.564997,3.110838,-0.550032,-0.045445,-0.000078,0.843479,4.045000,0
6.500000,0.122289,-0.566177,-3.138737,-0.550032,-0.042445,-0.000078,0.852238,3.909500,0
6.520000,0.119280,-0.563750,3.113639,-0.550032,-0.039445,-0.000078,0.850220,4.106600,0
6.540000,0.108991,-0.564726,3.122007,-0.550033,-0.036445,-0.000078,0.844626,4.149900,0
6.560000,0.110410,-0.566462,3.110467,-0.550033,-0.033445,-0.000078,0.848700,4.171300,0
6.580000,0.104574,-0.566291,3.128457,-0.550033,-0.030445,-0.000078,0.845956,4.254400,0
6.600000,0.104330,-0.564434,3.126816,-0.550033,-0.027445,-0.000078,0.846492,4.308600,0
6.620000,0.108600,-0.565698,3.127830,-0.550034,-0.024445,-0.000078,0.852498,4.118800,0
6.640000,0.094270,-0.565772,3.120128,-0.550034,-0.021445,-0.000078,0.843457,4.074100,0
6.660000,0.083157,-0.564784,3.129122,-0.550034,-0.018445,-0.000078,0.836311,4.137300,0
6.680000,0.103897,-0.564806,-3.135462,-0.550034,-0.015445,-0.000078,0.854063,4.183000,0
6.700000,0.097275,-0.564829,3.118165,-0.550035,-0.012445,-0.000078,0.850963,4.776500,0
6.720000,0.088352,-0.564246,-3.136278,-0.550035,-0.009445,-0.000078,0.845778,4.151100,0
6.740000,0.077581,-0.563104,3.125321,-0.550035,-0.006445,-0.000078,0.838910,4.067800,0
6.760000,0.084971,-0.562615,3.131924,-0.550035,-0.003445,-0.000078,0.846111,4.221000,0
6.780000,0.092697,-0.562931,3.136712,-0.550035,-0.002491,0.009002,0.852758,4.073400,0
6.800000,0.087476,-0.563714,3.105874,-0.550033,-0.002317,0.029000,0.849461,4.189100,0
6.820000,0.078023,-0.563415,3.076064,-0.550032,-0.002300,0.047227,0.842201,4.077900,0
6.840000,0.091976,-0.565066,3.082278,-0.550031,-0.002303,0.065216,0.853742,4.243500,0
6.860000,0.082175,-0.566368,3.059084,-0.550030,-0.002306,0.083205,0.847259,4.201300,0
6.880000,0.079570,-0.566177,3.026628,-0.550029,-0.002308,0.101195,0.845188,4.069400,0
6.900000,0.084128,-0.566794,3.004797,-0.550028,-0.002309,0.119185,0.848998,4.061100,0
6.920000,0.081948,-0.568249,2.995043,-0.550027,-0.002316,0.137231,0.848335,4.372500,0
6.940000,0.082178,-0.570025,2.972944,-0.550026,-0.002323,0.155285,0.849687,4.092600,0
6.960000,0.072890,-0.571119,2.947502,-0.550025,-0.002330,0.173339,0.843531,4.156100,0
6.980000,0.089791,-0.573488,2.934707,-0.550024,-0.002337,0.191390,0.857658,4.353800,0
7.000000,0.085724,-0.572781,2.921574,-0.550023,-0.002343,0.209436,0.854150,4.220300,0
7.020000,0.081704,-0.572919,2.927125,-0.550023,-0.002338,0.209435,0.851259,4.219200,0
7.040000,0.094108,-0.574866,2.933513,-0.550022,-0.002334,0.209429,0.861798,4.229600,0
7.060000,0.069854,-0.567298,2.899652,-0.550022,-0.002331,0.209423,0.838709,4.200600,0
7.080000,0.077879,-0.569904,2.922875,-0.550021,-0.002328,0.209418,0.846404,4.085400,0
7.100000,0.073673,-0.570255,2.918169,-0.550021,-0.002326,0.209414,0.843526,4.238500,0
7.120000,0.071752,-0.569403,2.902068,-0.550021,-0.002325,0.209411,0.841533,4.173300,0
7.140000,0.080038,-0.571270,2.930303,-0.549397,0.000099,0.209456,0.850089,4.442500,0
7.160000,0.067532,-0.569025,2.924262,-0.548773,0.003035,0.209456,0.840883,4.281200,0
7.180000,0.072926,-0.571732,2.918067,-0.548150,0.005970,0.209454,0.848219,4.164100,0
7.200000,0.071032,-0.571641,2.928078,-0.547526,0.008905,0.209453,0.848321,4.293200,0
7.220000,0.072066,-0.570655,2.913378,-0.546902,0.011840,0.209452,0.849954,4.884300,0
7.240000,0.061890,-0.567518,2.920548,-0.546278,0.014775,0.209451,0.841982,4.189900,0
7.260000,0.058407,-0.567244,2.895633,-0.545655,0.017710,0.209451,0.840870,4.239600,0
7.280000,0.053640,-0.567758,2.913826,-0.545031,0.020645,0.209450,0.839420,4.486700,0
7.300000,0.056844,-0.567373,2.915592,-0.544407,0.023579,0.209450,0.843046,4.210000,0
7.320000,0.032418,-0.560950,2.911789,-0.543783,0.026514,0.209450,0.822874,4.194600,0
7.340000,0.043632,-0.563073,2.897266,-0.543160,0.029449,0.209450,0.833910,4.060700,0
7.360000,0.038726,-0.561648,2.905828,-0.542536,0.032383,0.209450,0.831107,4.223200,0
7.380000,0.040213,-0.562950,2.916699,-0.541912,0.035318,0.209449,0.834741,4.230000,0
7.400000,0.045682,-0.563442,2.903497,-0.541288,0.038252,0.209449,0.840577,4.411800,0
7.420000,0.030334,-0.559803,2.900800,-0.540665,0.041187,0.209449,0.828993,4.228700,0
7.440000,0.035044,-0.562290,2.922133,-0.540041,0.044121,0.209449,0.835737,7.493600,0
7.460000,0.028073,-0.561451,2.899776,-0.539417,0.047056,0.209449,0.832061,7.752700,0
7.480000,0.015549,-0.557516,2.903754,-0.539321,0.047729,0.222260,0.821098,8.642300,0
7.500000,0.034838,-0.561839,2.897077,-0.539285,0.047888,0.242145,0.837487,4.802200,0
7.520000,0.037213,-0.562888,2.871870,-0.539285,0.047888,0.260167,0.839879,4.775800,0
7.540000,0.025217,-0.559888,2.848236,-0.539285,0.047883,0.278176,0.829486,5.454900,0
7.560000,0.032146,-0.561765,2.855927,-0.539284,0.047878,0.296192,0.835582,4.635200,0
7.580000,0.023292,-0.560956,2.805779,-0.539283,0.047873,0.314212,0.828953,4.333000,0
7.600000,0.034138,-0.564727,2.794925,-0.539283,0.047868,0.332233,0.839098,5.206900,0
7.620000,0.022375,-0.559852,2.771478,-0.539282,0.047863,0.350255,0.827511,4.640000,0
7.640000,0.025372,-0.562287,2.750600,-0.539281,0.047859,0.368275,0.831331,4.620100,0
7.660000,0.031601,-0.565430,2.747964,-0.539280,0.047855,0.386294,0.837868,4.480700,0
7.680000,0.030403,-0.565832,2.727519,-0.539279,0.047851,0.404311,0.837344,4.332900,0
7.700000,0.016962,-0.562020,2.687693,-0.539278,0.047847,0.422326,0.825434,4.085000,0
7.720000,0.035434,-0.570094,2.687261,-0.539277,0.047844,0.440339,0.843884,4.011600,0
7.740000,0.016191,-0.561878,2.674798,-0.539276,0.047841,0.458350,0.824804,4.314400,0
7.760000,0.033478,-0.572410,2.659302,-0.539275,0.047838,0.476359,0.844247,4.305700,0
7.780000,0.036500,-0.572670,2.640756,-0.539274,0.047835,0.494366,0.846488,4.601700,0
7.800000,0.038785,-0.572652,2.637878,-0.539273,0.047832,0.512372,0.848028,4.659900,0
7.820000,0.028672,-0.567769,2.596301,-0.539272,0.047829,0.530376,0.837569,4.376500,0
7.840000,0.025126,-0.567207,2.578869,-0.539271,0.047827,0.548378,0.834752,5.008200,0
7.860000,0.025974,-0.565872,2.555653,-0.539270,0.047824,0.566379,0.834341,7.907200,0
7.880000,0.032789,-0.573542,2.554501,-0.539269,0.047822,0.584379,0.844597,7.890600,0
7.900000,0.027267,-0.570930,2.539965,-0.539268,0.047819,0.602378,0.838935,4.959500,0
7.920000,0.031062,-0.573965,2.502840,-0.539267,0.047817,0.620376,0.843735,5.935300,0
7.940000,0.023484,-0.569562,2.481110,-0.539266,0.047815,0.638373,0.835370,8.085300,0
7.960000,0.024570,-0.570357,2.464569,-0.539265,0.047812,0.656369,0.836685,7.844400,0
7.980000,0.030041,-0.573674,2.453589,-0.539264,0.047810,0.674365,0.842823,7.611000,0
8.000000,0.027158,-0.571704,2.421840,-0.539263,0.047808,0.692360,0.839421,7.195900,0
8.020000,0.022620,-0.568602,2.443739,-0.539261,0.047813,0.692353,0.834073,8.365800,0
8.040000,0.020257,-0.568861,2.427400,-0.537345,0.050123,0.692363,0.833103,8.313900,0
8.060000,0.019363,-0.568471,2.426529,-0.535427,0.052434,0.692357,0.832656,8.428000,0
8.080000,0.022322,-0.569844,2.446196,-0.533511,0.054746,0.692351,0.836100,8.253000,0
8.100000,0.016412,-0.562721,2.431007,-0.531595,0.057057,0.692345,0.827307,8.245300,0
8.120000,0.005376,-0.552412,2.418747,-0.529679,0.059368,0.692340,0.812748,7.112300,0
8.140000,0.005091,-0.550824,2.440436,-0.527763,0.061679,0.692336,0.811846,4.652500,0
8.160000,0.015583,-0.558600,2.445878,-0.525848,0.063990,0.692333,0.825085,4.416500,0
8.180000,0.000123,-0.545656,2.436782,-0.523933,0.066300,0.692331,0.805683,4.956200,0
8.200000,0.003224,-0.549591,2.417277,-0.522017,0.068610,0.692329,0.811203,4.541600,0
8.220000,0.013126,-0.558934,2.441398,-0.520102,0.070920,0.692328,0.825256,4.475700,0
8.240000,0.009458,-0.556425,2.445535,-0.518187,0.073230,0.692327,0.821507,4.631000,0
8.260000,-0.007613,-0.542967,2.439639,-0.516272,0.075539,0.692326,0.800802,4.880200,0
8.280000,-0.004194,-0.548296,2.438992,-0.514357,0.077849,0.692326,0.807666,4.777300,0
8.300000,-0.002535,-0.547162,2.416143,-0.514132,0.078119,0.709845,0.807903,4.478400,0
8.320000,-0.006474,-0.544622,2.390650,-0.514116,0.078136,0.728137,0.803448,4.866100,0
8.340000,-0.011295,-0.541395,2.372456,-0.514118,0.078133,0.746124,0.797901,4.404100,0
8.360000,-0.006758,-0.547146,2.357295,-0.514119,0.078130,0.764116,0.805224,4.715800,0
8.380000,-0.005709,-0.547244,2.349087,-0.514120,0.078127,0.782110,0.805959,8.111200,0
8.400000,-0.007612,-0.547392,2.324560,-0.514120,0.078124,0.800107,0.804873,8.705700,0
8.420000,-0.007218,-0.552606,2.307325,-0.514121,0.078121,0.818104,0.809177,8.733800,0
8.440000,-0.010453,-0.548850,2.280615,-0.514121,0.078118,0.836102,0.804220,8.405100,0
8.460000,-0.008491,-0.549716,2.298991,-0.512044,0.079994,0.838423,0.806287,5.357000,0
8.480000,-0.010861,-0.545936,2.289513,-0.509811,0.082002,0.838417,0.802034,4.195400,0
8.500000,-0.009028,-0.548936,2.280781,-0.507577,0.084009,0.838412,0.805712,5.529000,0
8.520000,-0.025795,-0.533426,2.290971,-0.505345,0.086017,0.838407,0.783377,8.348700,0
8.540000,-0.018197,-0.540909,2.286307,-0.503113,0.088024,0.838404,0.794167,9.026000,0
8.560000,-0.019291,-0.538958,2.295449,-0.500881,0.090031,0.838401,0.792184,8.477600,0
8.580000,-0.027098,-0.528494,2.268331,-0.500622,0.090262,0.856005,0.779156,7.698500,0
8.600000,-0.021802,-0.538720,2.257925,-0.500599,0.090281,0.874365,0.790499,4.343900,0
8.620000,-0.034882,-0.526904,2.242115,-0.500601,0.090278,0.892354,0.773181,3.619200,0
8.640000,-0.021160,-0.541419,2.208637,-0.500602,0.090275,0.910345,0.793033,3.537500,0
8.660000,-0.022065,-0.537484,2.190425,-0.500603,0.090273,0.928339,0.789353,3.721300,0
8.680000,-0.023065,-0.537071,2.176998,-0.500604,0.090270,0.946333,0.788416,3.685800,0
8.700000,-0.018184,-0.544144,2.169534,-0.500604,0.090268,0.964328,0.796999,3.588300,0
8.720000,-0.010902,-0.553687,2.184491,-0.498513,0.091975,0.964436,0.809100,3.604300,0
8.740000,-0.028854,-0.531875,2.147220,-0.496045,0.093686,0.964429,0.780765,4.892400,0
8.760000,-0.028686,-0.534573,2.181429,-0.493578,0.095398,0.964423,0.782936,3.569100,0
8.780000,-0.036215,-0.524364,2.144227,-0.491111,0.097109,0.964418,0.770168,3.559900,0
8.800000,-0.035808,-0.528128,2.162002,-0.488644,0.098821,0.964415,0.773385,3.522300,0
8.820000,-0.039866,-0.522630,2.151754,-0.486178,0.100531,0.964412,0.766501,3.761700,0
8.840000,-0.040063,-0.525529,2.135320,-0.485852,0.100583,0.981334,0.768598,3.630300,0
8.860000,-0.041065,-0.520620,2.128418,-0.485855,0.100580,0.999319,0.764021,3.681400,0
8.880000,-0.038648,-0.525234,2.103238,-0.485857,0.100577,1.017308,0.769178,3.672600,0
8.900000,-0.034189,-0.529895,2.097842,-0.485859,0.100575,1.035299,0.775563,3.722500,0
8.920000,-0.032645,-0.528673,2.071992,-0.485860,0.100572,1.053292,0.775470,3.677700,0
8.940000,-0.036123,-0.524448,2.051388,-0.485861,0.100570,1.071285,0.770008,3.643000,0
8.960000,-0.036820,-0.524844,2.037682,-0.485862,0.100568,1.089279,0.769922,3.788200,0
8.980000,-0.037744,-0.525991,2.012081,-0.485862,0.100565,1.107272,0.770313,3.744100,0
9.000000,-0.045991,-0.516414,2.019672,-0.485863,0.100563,1.125265,0.757725,3.762400,0
9.020000,-0.038871,-0.525354,1.986427,-0.485863,0.100561,1.143257,0.769137,3.708900,0
9.040000,-0.034182,-0.536055,1.973506,-0.485863,0.100559,1.161249,0.780572,3.695000,0
9.060000,-0.036290,-0.528332,1.949907,-0.485863,0.100556,1.179239,0.773057,3.720500,0
9.080000,-0.048490,-0.507987,1.925364,-0.485863,0.100554,1.197229,0.749411,3.933800,0
9.100000,-0.041386,-0.527387,1.916271,-0.485862,0.100552,1.215218,0.769329,3.848500,0
9.120000,-0.042459,-0.531421,1.902482,-0.485862,0.100550,1.233207,0.772007,3.880200,0
9.140000,-0.041592,-0.531551,1.868363,-0.485862,0.100548,1.251195,0.772609,3.878700,0
9.160000,-0.041007,-0.527711,1.866672,-0.485862,0.100546,1.269182,0.769807,4.071700,0
9.180000,-0.040610,-0.529943,1.841037,-0.485862,0.100544,1.287168,0.771857,3.881800,0
9.200000,-0.041758,-0.524822,1.816079,-0.485861,0.100542,1.305155,0.767013,3.775900,0
9.220000,-0.040969,-0.534549,1.807879,-0.485861,0.100540,1.323140,0.775414,3.932900,0
9.240000,-0.040452,-0.535946,1.795906,-0.485861,0.100538,1.341126,0.776854,4.065800,0
9.260000,-0.042102,-0.532008,1.774991,-0.485861,0.100537,1.359111,0.772680,4.092100,0
9.280000,-0.044570,-0.528212,1.751094,-0.485861,0.100535,1.377095,0.768154,3.855800,0
9.300000,-0.044794,-0.528483,1.732391,-0.483533,0.101015,1.384194,0.767307,4.204100,0
9.320000,-0.047956,-0.519510,1.735450,-0.480581,0.101571,1.384191,0.756905,4.363600,0
9.340000,-0.048076,-0.520450,1.750662,-0.477629,0.102128,1.384178,0.756385,4.111700,0
9.360000,-0.051870,-0.513849,1.750364,-0.474678,0.102684,1.384169,0.747582,5.216800,0
9.380000,-0.055195,-0.498685,1.742589,-0.471728,0.103241,1.384162,0.731994,4.242100,0
9.400000,-0.050647,-0.517872,1.745203,-0.468778,0.103798,1.384157,0.749205,4.476900,0
9.420000,-0.049638,-0.518962,1.732193,-0.465829,0.104355,1.384154,0.749492,4.611400,0
9.440000,-0.053619,-0.501045,1.738315,-0.462879,0.104912,1.384152,0.731217,4.310100,0
9.460000,-0.052628,-0.508551,1.753395,-0.459931,0.105469,1.384151,0.736828,4.530700,0
9.480000,-0.053177,-0.501559,1.742032,-0.456982,0.106026,1.384150,0.729532,4.846600,0
9.500000,-0.052157,-0.497148,1.752335,-0.454033,0.106583,1.384149,0.725255,4.417700,0
9.520000,-0.052094,-0.500169,1.738809,-0.451085,0.107140,1.384148,0.726649,4.619400,0
9.540000,-0.050566,-0.490334,1.756836,-0.448137,0.107697,1.384147,0.718125,4.651900,0
9.560000,-0.052765,-0.488024,1.752801,-0.445188,0.108253,1.384146,0.713822,4.134000,0
9.580000,-0.051172,-0.487747,1.742712,-0.442240,0.108810,1.384146,0.713312,4.630600,0
9.600000,-0.052831,-0.476477,1.725324,-0.439292,0.109367,1.384145,0.701829,4.621700,0
9.620000,-0.053431,-0.475939,1.762141,-0.436344,0.109924,1.384145,0.699898,4.332100,0
9.640000,-0.050964,-0.486896,1.757832,-0.433396,0.110481,1.384145,0.709305,4.422100,0
9.660000,-0.056781,-0.469697,1.734236,-0.432741,0.110560,1.397258,0.691407,4.626100,0
9.680000,-0.057794,-0.465379,1.719896,-0.432570,0.110527,1.417257,0.687113,4.670000,0
9.700000,-0.057662,-0.477107,1.677935,-0.432572,0.110525,1.435255,0.697043,4.653100,0
9.720000,-0.058196,-0.472271,1.683038,-0.432575,0.110524,1.453244,0.692683,4.545200,0
9.740000,-0.057359,-0.486498,1.664714,-0.432577,0.110522,1.471233,0.705139,4.411800,0
9.760000,-0.059552,-0.474803,1.632459,-0.432579,0.110521,1.489223,0.694084,4.664900,0
9.780000,-0.058178,-0.471267,1.629300,-0.432580,0.110519,1.507213,0.691847,4.503300,0
9.800000,-0.057478,-0.480820,1.609996,-0.432581,0.110518,1.525203,0.700273,4.614600,0
9.820000,-0.058210,-0.465844,1.573478,-0.432582,0.110517,1.543191,0.687274,4.393700,0
9.840000,-0.056190,-0.470881,1.556661,-0.432583,0.110517,1.561179,0.692601,4.213600,0
9.860000,-0.058717,-0.474668,1.545095,-0.432584,0.110516,1.579167,0.694418,4.277100,0
9.880000,-0.057925,-0.473870,1.539834,-0.432584,0.110515,1.597153,0.694172,4.402200,0
9.900000,-0.059624,-0.481749,1.521431,-0.432585,0.110514,1.615139,0.699911,4.234800,0
9.920000,-0.059354,-0.482024,1.518446,-0.430416,0.110408,1.624495,0.699044,4.268200,0
9.940000,-0.060231,-0.471396,1.538002,-0.427417,0.110244,1.624492,0.687845,4.188200,0
9.960000,-0.061352,-0.465355,1.512224,-0.424418,0.110082,1.624487,0.680401,4.172300,0
9.980000,-0.060924,-0.468608,1.505996,-0.421420,0.109919,1.624479,0.681653,3.478400,0
10.000000,-0.059930,-0.455477,1.513392,-0.418422,0.109757,1.624474,0.669332,3.444600,0
10.020000,-0.060620,-0.454964,1.509635,-0.415424,0.109596,1.624469,0.666794,3.480600,0
10.040000,-0.059244,-0.450322,1.504761,-0.412427,0.109435,1.624465,0.661865,3.581100,0
10.060000,-0.060654,-0.459675,1.517106,-0.409430,0.109274,1.624461,0.667344,3.579600,0
10.080000,-0.060737,-0.457328,1.501596,-0.406434,0.109112,1.624458,0.663597,3.562700,0
10.100000,-0.058982,-0.441362,1.496632,-0.403437,0.108951,1.624456,0.649225,3.509000,0
10.120000,-0.060310,-0.439863,1.496883,-0.400441,0.108790,1.624455,0.645530,3.561800,0
10.140000,-0.060193,-0.430863,1.502213,-0.397445,0.108630,1.624454,0.636232,3.475100,0
10.160000,-0.060866,-0.437527,1.504981,-0.394449,0.108469,1.624453,0.639835,3.505100,0
10.180000,-0.059732,-0.439313,1.489578,-0.391453,0.108308,1.624452,0.640256,3.490700,0
10.200000,-0.058420,-0.430238,1.508136,-0.388457,0.108147,1.624452,0.631492,3.512200,0
10.220000,-0.059633,-0.435246,1.504366,-0.385461,0.107986,1.624451,0.633455,3.563600,0
10.240000,-0.058755,-0.421665,1.518988,-0.382465,0.107825,1.624451,0.620603,3.528800,0
10.260000,-0.058738,-0.422428,1.507400,-0.379469,0.107664,1.624451,0.619570,3.489000,0
10.280000,-0.058433,-0.407578,1.501889,-0.376474,0.107503,1.624451,0.605358,3.508100,0
10.300000,-0.058939,-0.415589,1.501688,-0.373478,0.107343,1.624451,0.610240,3.628100,0
10.320000,-0.060348,-0.423966,1.510322,-0.370482,0.107182,1.624451,0.615062,3.586800,0
10.340000,-0.059600,-0.412456,1.500628,-0.367486,0.107021,1.624451,0.603863,3.591900,0
10.360000,-0.060130,-0.412763,1.491773,-0.364491,0.106860,1.624451,0.602199,3.529900,0
10.380000,-0.059374,-0.399970,1.500363,-0.361495,0.106699,1.624451,0.589908,3.541100,0
10.400000,-0.060436,-0.402495,1.504827,-0.358499,0.106538,1.624451,0.589878,3.902500,0
10.420000,-0.060203,-0.386222,1.503377,-0.355504,0.106377,1.624451,0.574331,3.635300,0
10.440000,-0.060202,-0.394682,1.508575,-0.352508,0.106217,1.624451,0.579950,3.618300,0
10.460000,-0.059070,-0.393235,1.496182,-0.349512,0.106056,1.624451,0.577622,3.501100,0
10.480000,-0.060450,-0.395111,1.487905,-0.346516,0.105895,1.624451,0.576923,3.643200,0
10.500000,-0.058666,-0.386917,1.503520,-0.343521,0.105734,1.624451,0.569076,3.508200,0
10.520000,-0.055412,-0.371950,1.505621,-0.340525,0.105573,1.624451,0.556163,3.520700,0
10.540000,-0.055679,-0.380814,1.497121,-0.337529,0.105412,1.624451,0.562010,3.505700,0
10.560000,-0.056347,-0.386156,1.512763,-0.334534,0.105251,1.624451,0.564685,3.896400,0
10.580000,-0.056307,-0.372611,1.496591,-0.331538,0.105090,1.624451,0.551317,4.172500,0
10.600000,-0.055198,-0.368641,1.520673,-0.328542,0.104930,1.624451,0.546797,3.637300,0
10.620000,-0.055677,-0.366216,1.498225,-0.325547,0.104769,1.624451,0.542823,3.528300,0
10.640000,-0.056027,-0.357861,1.504106,-0.322551,0.104608,1.624451,0.533772,3.512900,0
10.660000,-0.054912,-0.364973,1.494177,-0.319555,0.104447,1.624451,0.538879,3.591300,0
10.680000,-0.052606,-0.368492,1.515947,-0.316560,0.104286,1.624451,0.541471,3.511400,0
10.700000,-0.052399,-0.356178,1.536420,-0.313564,0.104125,1.624451,0.529232,3.542400,0
10.720000,-0.054060,-0.349953,1.502238,-0.310568,0.103964,1.624451,0.521380,3.513600,0
10.740000,-0.054029,-0.344782,1.525016,-0.307573,0.103803,1.624451,0.515280,3.767000,0
10.760000,-0.053656,-0.346710,1.507767,-0.304577,0.103642,1.624451,0.515537,3.714300,0
10.780000,-0.054121,-0.354868,1.535535,-0.301581,0.103482,1.624451,0.520885,3.610700,0
10.800000,-0.052900,-0.347653,1.493873,-0.298585,0.103321,1.624451,0.513555,3.587900,0
10.820000,-0.052364,-0.334292,1.505456,-0.295590,0.103160,1.624451,0.500523,3.782500,0
10.840000,-0.053231,-0.334538,1.510250,-0.292594,0.102999,1.624451,0.498731,3.554600,0
10.860000,-0.052597,-0.341550,1.509130,-0.289598,0.102838,1.624451,0.503637,3.530600,0
10.880000,-0.051793,-0.334222,1.505241,-0.286603,0.102677,1.624451,0.496000,3.606600,0
10.900000,-0.049903,-0.324848,1.511374,-0.283607,0.102516,1.624451,0.487091,3.534200,0
10.920000,-0.048840,-0.323269,1.494574,-0.280611,0.102355,1.624451,0.484638,3.926400,0
10.940000,-0.048769,-0.308128,1.500393,-0.277616,0.102194,1.624451,0.469824,3.738100,0
10.960000,-0.051335,-0.322166,1.504093,-0.274620,0.102034,1.624451,0.479377,3.751400,0
10.980000,-0.051259,-0.317697,1.503603,-0.271624,0.101873,1.624451,0.473920,3.753400,0
11.000000,-0.051147,-0.307964,1.513163,-0.268629,0.101712,1.624451,0.463824,4.039300,0
11.020000,-0.049029,-0.296536,1.489750,-0.265633,0.101551,1.624451,0.453200,3.845700,0
11.040000,-0.050295,-0.310996,1.489344,-0.262637,0.101390,1.624451,0.463844,3.835800,0
11.060000,-0.049320,-0.301915,1.500071,-0.259642,0.101229,1.624451,0.454709,3.823100,0
11.080000,-0.049968,-0.309365,1.495922,-0.256646,0.101068,1.624451,0.459534,4.116900,0
11.100000,-0.049102,-0.291366,1.512246,-0.253650,0.100907,1.624451,0.442400,3.910600,0
11.120000,-0.049092,-0.299084,1.512587,-0.250655,0.100746,1.624451,0.447763,3.859300,0
11.140000,-0.047481,-0.281735,1.514477,-0.247659,0.100586,1.624451,0.431556,3.920100,0
11.160000,-0.048031,-0.286544,1.510503,-0.244663,0.100425,1.624451,0.434061,3.980000,0
11.180000,-0.045777,-0.294599,1.512674,-0.241668,0.100264,1.624451,0.440783,3.917700,0
11.200000,-0.045660,-0.279680,1.490279,-0.238672,0.100103,1.624451,0.426015,3.935500,0
11.220000,-0.046512,-0.272677,1.504776,-0.235676,0.099942,1.624451,0.417885,3.928700,0
11.240000,-0.048950,-0.286905,1.521978,-0.232680,0.099781,1.624451,0.428116,4.266700,0
11.260000,-0.049022,-0.273019,1.513922,-0.229685,0.099620,1.624451,0.414124,3.898900,0
11.280000,-0.049509,-0.277692,1.488102,-0.226689,0.099459,1.624451,0.416696,3.952600,0
11.300000,-0.048373,-0.268214,1.499427,-0.223693,0.099299,1.624451,0.407189,3.942300,0
11.320000,-0.045593,-0.249418,1.499366,-0.220698,0.099138,1.624451,0.390068,4.064100,0
11.340000,-0.046979,-0.260888,1.494101,-0.217702,0.098977,1.624451,0.398308,3.972900,0
11.360000,-0.046662,-0.258322,1.510342,-0.214706,0.098816,1.624451,0.394698,3.886100,0
11.380000,-0.045766,-0.243513,1.496456,-0.211711,0.098655,1.624451,0.380286,3.996900,0
11.400000,-0.046854,-0.254558,1.508938,-0.208715,0.098494,1.624451,0.388388,4.281800,0
11.420000,-0.045727,-0.245751,1.522553,-0.205719,0.098333,1.624451,0.379462,3.998600,0
11.440000,-0.045784,-0.231759,1.490297,-0.202724,0.098172,1.624451,0.365356,4.023200,0
11.460000,-0.047484,-0.233390,1.503416,-0.199728,0.098011,1.624451,0.364698,3.961200,0
11.480000,-0.047224,-0.241395,1.515759,-0.196732,0.097851,1.624451,0.370730,4.102200,0
11.500000,-0.046430,-0.227875,1.489260,-0.193737,0.097690,1.624451,0.357340,3.914100,0
11.520000,-0.046870,-0.227726,1.522500,-0.192877,0.097726,1.614062,0.356703,3.969900,0
11.540000,-0.048417,-0.242663,1.533038,-0.192703,0.097734,1.594064,0.369715,4.020500,0
11.560000,-0.046497,-0.228777,1.553575,-0.192704,0.097735,1.576047,0.357752,4.525900,0
11.580000,-0.047173,-0.233947,1.566737,-0.192707,0.097736,1.558059,0.362207,3.387100,0
11.600000,-0.046254,-0.223833,1.566918,-0.190590,0.097767,1.548127,0.352505,3.507100,0
11.620000,-0.046062,-0.238161,1.580200,-0.187589,0.097838,1.548129,0.364589,3.420500,0
11.640000,-0.043911,-0.226659,1.586650,-0.184587,0.097908,1.548132,0.353742,3.922800,0
11.660000,-0.044278,-0.224051,1.569992,-0.181586,0.097978,1.548134,0.350081,3.569800,0
11.680000,-0.044190,-0.214419,1.573737,-0.178586,0.098047,1.548135,0.340143,3.581700,0
11.700000,-0.044938,-0.214652,1.588286,-0.175585,0.098116,1.548137,0.338958,3.584700,0
11.720000,-0.046533,-0.214084,1.588854,-0.172585,0.098185,1.548138,0.336751,3.872000,0
11.740000,-0.045357,-0.199413,1.571570,-0.169585,0.098254,1.548139,0.322550,3.942800,0
11.760000,-0.045595,-0.211738,1.573933,-0.166585,0.098322,1.548140,0.332830,3.920400,0
11.780000,-0.045251,-0.217677,1.595291,-0.163586,0.098390,1.548141,0.337493,3.912600,0
11.800000,-0.043561,-0.196653,1.579531,-0.160586,0.098458,1.548141,0.317467,4.051000,0
11.820000,-0.042880,-0.208081,1.601679,-0.157587,0.098526,1.548141,0.327362,3.963400,0
11.840000,-0.042390,-0.200363,1.597504,-0.154587,0.098594,1.548142,0.319317,4.018900,0
11.860000,-0.043327,-0.189809,1.574862,-0.151588,0.098662,1.548142,0.308117,4.055200,0
11.880000,-0.043402,-0.198524,1.577814,-0.148588,0.098730,1.548142,0.315316,4.235500,0
11.900000,-0.044571,-0.182632,1.576890,-0.145589,0.098798,1.548142,0.299011,4.011700,0
11.920000,-0.043652,-0.167506,1.574102,-0.142590,0.098866,1.548142,0.284153,4.099900,0
11.940000,-0.044107,-0.192095,1.564234,-0.139590,0.098934,1.548142,0.306292,4.013300,0
11.960000,-0.043079,-0.174712,1.568582,-0.136591,0.099002,1.548143,0.289247,5.254900,0
11.980000,-0.041878,-0.163302,1.586405,-0.133592,0.099070,1.548143,0.277939,3.484200,0
12.000000,-0.042381,-0.168711,1.577345,-0.130593,0.099138,1.548143,0.282001,3.455400,0
12.020000,-0.041665,-0.165891,1.579739,-0.127593,0.099206,1.548143,0.278676,3.527000,0
12.040000,-0.040269,-0.166166,1.580474,-0.124594,0.099274,1.548142,0.278512,3.775100,0
12.060000,-0.041198,-0.169948,1.573396,-0.121595,0.099342,1.548142,0.281035,3.507600,0
12.080000,-0.040387,-0.155629,1.587046,-0.118596,0.099410,1.548142,0.266761,3.519900,0
12.100000,-0.039344,-0.158828,1.578979,-0.115596,0.099478,1.548142,0.269326,3.620300,0
12.120000,-0.039736,-0.163829,1.602501,-0.112597,0.099545,1.548142,0.273266,3.633500,0
12.140000,-0.040899,-0.155417,1.595262,-0.109598,0.099613,1.548142,0.264121,3.644100,0
12.160000,-0.040822,-0.155799,1.579263,-0.106599,0.099681,1.548142,0.263812,3.635000,0
12.180000,-0.042550,-0.147104,1.590519,-0.103599,0.099749,1.548142,0.254290,3.623300,0
12.200000,-0.042804,-0.155515,1.586714,-0.100600,0.099817,1.548142,0.261791,3.683000,0
12.220000,-0.042908,-0.142392,1.594005,-0.097601,0.099885,1.548142,0.248374,3.699500,0
12.240000,-0.043119,-0.133288,1.596126,-0.094602,0.099953,1.548142,0.238856,3.609100,0
12.260000,-0.042999,-0.135518,1.594484,-0.091602,0.100021,1.548142,0.240501,3.671900,0
12.280000,-0.043712,-0.126236,1.590353,-0.088603,0.100089,1.548142,0.230734,3.673400,0
12.300000,-0.043148,-0.130360,1.586754,-0.085604,0.100157,1.548142,0.234395,3.653500,0
12.320000,-0.042456,-0.130211,1.591132,-0.082605,0.100225,1.548142,0.233908,3.682300,0
12.340000,-0.042490,-0.133984,1.602490,-0.079605,0.100293,1.548142,0.237198,3.619800,0
12.360000,-0.042561,-0.125537,1.581458,-0.076606,0.100361,1.548142,0.228449,3.653100,0
12.380000,-0.043322,-0.117573,1.584632,-0.073607,0.100429,1.548142,0.220095,3.670700,0
12.400000,-0.043876,-0.101059,1.566094,-0.070608,0.100497,1.548142,0.203321,3.741300,0
12.420000,-0.044642,-0.095463,1.558326,-0.067609,0.100565,1.548142,0.197368,3.688900,0
12.440000,-0.045131,-0.107899,1.573026,-0.064609,0.100633,1.548142,0.209440,3.703900,0
12.460000,-0.044722,-0.101386,1.578909,-0.061610,0.100701,1.548142,0.202792,3.716100,0
12.480000,-0.043839,-0.098782,1.561347,-0.058611,0.100769,1.548142,0.200097,3.726100,0
12.500000,-0.043877,-0.089223,1.576897,-0.055612,0.100837,1.548142,0.190422,3.602700,0
12.520000,-0.042979,-0.083240,1.561084,-0.052612,0.100905,1.548142,0.184397,3.641800,0
12.540000,-0.042539,-0.090855,1.554168,-0.049613,0.100973,1.548142,0.191959,3.591200,0
12.560000,-0.044603,-0.085696,1.569919,-0.046614,0.101040,1.548142,0.186747,3.630300,0
12.580000,-0.045584,-0.088929,1.573796,-0.043615,0.101108,1.548142,0.190048,3.621400,0
12.600000,-0.044904,-0.079555,1.586585,-0.040615,0.101176,1.548142,0.180781,3.605000,0
12.620000,-0.044535,-0.076888,1.568200,-0.037616,0.101244,1.548142,0.178266,3.621300,0
12.640000,-0.046002,-0.082545,1.559041,-0.034617,0.101312,1.548142,0.184209,3.849500,0
12.660000,-0.046394,-0.067999,1.564192,-0.031618,0.101380,1.548142,0.170022,3.708200,0
12.680000,-0.046076,-0.071498,1.579233,-0.028619,0.101448,1.548142,0.173825,3.698300,0
12.700000,-0.043172,-0.079134,1.573902,-0.025619,0.101516,1.548142,0.181501,3.613300,0
12.720000,-0.041511,-0.064258,1.577577,-0.022620,0.101584,1.548142,0.166914,3.580900,0
12.740000,-0.041418,-0.057404,1.565403,-0.019621,0.101652,1.548142,0.160542,3.951800,0
12.760000,-0.042028,-0.060592,1.592431,-0.016622,0.101720,1.548142,0.164288,3.729700,0
12.780000,-0.041952,-0.057702,1.579207,-0.013622,0.101788,1.548142,0.161987,3.712000,0
12.800000,-0.042295,-0.065368,1.570651,-0.010623,0.101856,1.548142,0.170197,3.646100,0
12.820000,-0.042818,-0.038312,1.583371,-0.007624,0.101924,1.548142,0.144585,3.705400,0
12.840000,-0.042016,-0.047943,1.601948,-0.004625,0.101992,1.548142,0.154527,3.619600,0
12.860000,-0.042770,-0.046396,1.575611,-0.001625,0.102060,1.548142,0.154052,3.698500,0
12.880000,-0.044032,-0.039676,1.575115,0.001374,0.102128,1.548142,0.148896,3.746200,0
12.900000,-0.043858,-0.036045,1.581555,0.004373,0.102196,1.548142,0.146413,3.774200,0
12.920000,-0.043772,-0.034759,1.573311,0.007372,0.102264,1.548142,0.146257,3.716600,0
12.940000,-0.044727,-0.030380,1.582516,0.010371,0.102332,1.548142,0.143695,3.613000,0
12.960000,-0.044636,-0.037008,1.566060,0.013371,0.102400,1.548142,0.150995,3.619900,0
12.980000,-0.044154,-0.018850,1.573643,0.016370,0.102468,1.548142,0.135578,3.765700,0
13.000000,-0.043229,-0.018459,1.561391,0.019369,0.102536,1.548142,0.136229,3.715300,0
13.020000,-0.043372,-0.017537,1.572475,0.022368,0.102603,1.548142,0.136950,3.720900,0
13.040000,-0.043339,-0.015037,1.554219,0.025368,0.102671,1.548142,0.136293,3.711900,0
13.060000,-0.043093,-0.003766,1.573359,0.028367,0.102739,1.548142,0.128257,3.643000,0
13.080000,-0.042361,-0.014216,1.568607,0.031366,0.102807,1.548142,0.138312,3.760800,0
13.100000,-0.041775,-0.005239,1.579067,0.034365,0.102875,1.548142,0.132235,3.704400,0
13.120000,-0.042285,-0.009088,1.556275,0.037364,0.102943,1.548142,0.137459,3.700100,0
13.140000,-0.042230,-0.005718,1.581646,0.040364,0.103011,1.548142,0.136542,3.703800,0
13.160000,-0.041428,0.003036,1.600717,0.043363,0.103079,1.548142,0.131142,3.792600,0
13.180000,-0.040912,-0.011363,1.600755,0.046362,0.103147,1.548142,0.143976,3.824100,0
13.200000,-0.039964,0.005939,1.576689,0.049361,0.103215,1.548142,0.132067,3.800200,0
13.220000,-0.039827,0.002583,1.577066,0.052361,0.103283,1.548142,0.136525,3.930200,0
13.240000,-0.039078,0.014897,1.575863,0.055360,0.103351,1.548142,0.129393,3.986000,0
13.260000,-0.038904,0.006619,1.568087,0.058359,0.103419,1.548142,0.137224,3.794500,0
13.280000,-0.041035,0.004766,1.580119,0.061358,0.103487,1.548142,0.142233,3.726800,0
13.300000,-0.041020,0.018208,1.570659,0.064358,0.103555,1.548142,0.135604,3.735600,0
13.320000,-0.041320,0.027491,1.585383,0.067357,0.103623,1.548142,0.132691,4.113900,0
13.340000,-0.040516,0.040029,1.591118,0.070356,0.103691,1.548142,0.127849,3.966200,0
13.360000,-0.040593,0.036827,1.568108,0.073355,0.103759,1.548142,0.132151,3.917300,0
13.380000,-0.041727,0.026255,1.577560,0.076354,0.103827,1.548142,0.141282,4.026300,0
13.400000,-0.041206,0.036931,1.579042,0.079354,0.103895,1.548142,0.137909,4.004400,0
13.420000,-0.041225,0.037238,1.573640,0.082353,0.103963,1.548142,0.140441,3.929000,0
13.440000,-0.043257,0.045531,1.576825,0.085352,0.104031,1.548142,0.141289,4.125500,0
13.460000,-0.041572,0.043060,1.565260,0.088351,0.104099,1.548142,0.143547,3.917600,0
13.480000,-0.039995,0.054264,1.578978,0.091351,0.104166,1.548142,0.140507,4.152100,0
13.500000,-0.040232,0.052476,1.581901,0.094350,0.104234,1.548142,0.144192,3.945000,0
13.520000,-0.039879,0.051068,1.567449,0.097349,0.104302,1.548142,0.147192,4.755800,0
13.540000,-0.039731,0.061058,1.561898,0.100348,0.104370,1.548142,0.146622,3.840300,0
13.560000,-0.039360,0.068113,1.574798,0.103348,0.104438,1.548142,0.147259,4.110900,0
13.580000,-0.039216,0.060330,1.573518,0.106347,0.104506,1.548142,0.152118,3.830100,0
13.600000,-0.039316,0.077562,1.582176,0.109346,0.104574,1.548142,0.151096,3.834500,0
13.620000,-0.040052,0.073021,1.565773,0.112345,0.104642,1.548142,0.155644,3.629400,0
13.640000,-0.041046,0.080227,1.582780,0.115344,0.104710,1.548142,0.158295,4.034800,0
13.660000,-0.042851,0.072780,1.593525,0.118344,0.104778,1.548142,0.164340,3.831700,0
13.680000,-0.043040,0.089002,1.565617,0.121343,0.104846,1.548142,0.165145,3.800000,0
13.700000,-0.043180,0.081660,1.566857,0.124342,0.104914,1.548142,0.169129,3.855800,0
13.720000,-0.042474,0.083687,1.584204,0.127341,0.104982,1.548142,0.171146,4.174500,0
13.740000,-0.041807,0.083859,1.596558,0.130341,0.105050,1.548142,0.173448,4.136900,0
13.760000,-0.041273,0.092437,1.582948,0.133340,0.105118,1.548142,0.175073,3.969400,0
13.780000,-0.041350,0.090666,1.571401,0.136339,0.105186,1.548142,0.178282,3.983600,0
13.800000,-0.042121,0.091945,1.586650,0.139338,0.105254,1.548142,0.181946,4.502700,0
13.820000,-0.041538,0.093426,1.582664,0.142338,0.105322,1.548142,0.184260,4.184800,0
13.840000,-0.040403,0.101368,1.582197,0.145337,0.105390,1.548142,0.185784,4.948200,0
13.860000,-0.040172,0.105488,1.611728,0.148336,0.105458,1.548142,0.188508,4.235600,0
13.880000,-0.039295,0.109725,1.578542,0.151335,0.105526,1.548142,0.190677,4.087900,0
13.900000,-0.042210,0.117528,1.575815,0.154334,0.105594,1.548142,0.196906,4.036400,0
13.920000,-0.042378,0.104843,1.582504,0.157334,0.105662,1.548142,0.199714,3.987800,0
13.940000,-0.044269,0.119061,1.589066,0.160333,0.105729,1.548142,0.205036,4.432000,0
13.960000,-0.045051,0.124973,1.588406,0.163332,0.105797,1.548142,0.209263,4.032900,0
13.980000,-0.044172,0.127314,1.577759,0.166331,0.105865,1.548142,0.211593,3.993200,0
14.000000,-0.042932,0.120289,1.571141,0.169331,0.105933,1.548142,0.212748,4.002100,0
14.020000,-0.043858,0.133251,1.561708,0.172330,0.106001,1.548142,0.217899,4.285000,0
14.040000,-0.043491,0.121558,1.574881,0.175329,0.106069,1.548142,0.219367,4.126300,0
14.060000,-0.041729,0.137951,1.570388,0.178328,0.106137,1.548142,0.222345,4.330400,0
14.080000,-0.041448,0.157228,1.582979,0.181328,0.106205,1.548142,0.228544,4.046700,0
14.100000,-0.041171,0.144542,1.590246,0.184327,0.106273,1.548142,0.228722,4.320900,0
14.120000,-0.041206,0.144071,1.578121,0.187326,0.106341,1.548142,0.231625,4.095200,0
14.140000,-0.042679,0.143834,1.583242,0.190325,0.106409,1.548142,0.235991,4.130800,0
14.160000,-0.043092,0.155620,1.566757,0.193324,0.106477,1.548142,0.241469,4.109500,0
14.180000,-0.041520,0.149639,1.583219,0.196324,0.106545,1.548142,0.241716,4.140900,0
14.200000,-0.040810,0.157901,1.574371,0.199323,0.106613,1.548142,0.245549,4.073300,0
14.220000,-0.040418,0.156495,1.570464,0.202322,0.106681,1.548142,0.247799,3.958500,0
14.240000,-0.039397,0.163499,1.576768,0.205321,0.106749,1.548142,0.251212,3.953700,0
14.260000,-0.039915,0.164312,1.568936,0.208321,0.106817,1.548142,0.254807,4.234600,0
14.280000,-0.040268,0.166599,1.564516,0.211320,0.106885,1.548142,0.258578,3.772300,0
14.300000,-0.040653,0.166121,1.577975,0.214319,0.106953,1.548142,0.261747,3.953500,0
14.320000,-0.039950,0.170183,1.563284,0.217318,0.107021,1.548142,0.264908,3.974900,0
14.340000,-0.038734,0.178021,1.575714,0.220318,0.107089,1.548142,0.268587,4.442300,0
14.360000,-0.039040,0.176780,1.592160,0.223317,0.107157,1.548142,0.271438,3.759000,0
14.380000,-0.040645,0.192618,1.582672,0.226316,0.107225,1.548142,0.280286,3.768500,0
14.400000,-0.041657,0.184527,1.572487,0.229315,0.107292,1.548142,0.281764,3.809200,0
14.420000,-0.040352,0.188595,1.578037,0.232314,0.107360,1.548142,0.284510,4.335000,0
14.440000,-0.041063,0.194496,1.582259,0.235314,0.107428,1.548142,0.289767,3.873000,0
14.460000,-0.040772,0.184153,1.583263,0.238313,0.107496,1.548142,0.289422,3.829000,0
14.480000,-0.042390,0.202697,1.585021,0.241312,0.107564,1.548142,0.299227,3.895500,0
14.500000,-0.040983,0.203299,1.568808,0.244311,0.107632,1.548142,0.300906,3.837000,0
14.520000,-0.041445,0.209558,1.585169,0.247311,0.107700,1.548142,0.306194,5.836300,0
14.540000,-0.041496,0.200497,1.585070,0.250310,0.107768,1.548142,0.306185,7.863500,0
14.560000,-0.042533,0.213971,1.573896,0.253309,0.107836,1.548142,0.314304,4.518400,0
14.580000,-0.042844,0.206659,1.573493,0.256308,0.107904,1.548142,0.315031,3.771000,0
14.600000,-0.042906,0.210972,1.570585,0.259308,0.107972,1.548142,0.319284,3.599300,0
14.620000,-0.043608,0.221825,1.557994,0.262307,0.108040,1.548142,0.326391,4.260100,0
14.640000,-0.042546,0.217813,1.585767,0.265306,0.108108,1.548142,0.326815,3.664700,0
14.660000,-0.043745,0.224939,1.598804,0.268305,0.108176,1.548142,0.333180,4.015900,0
14.680000,-0.044219,0.224548,1.573526,0.271304,0.108244,1.548142,0.336275,3.843400,0
14.700000,-0.044992,0.236609,1.578627,0.274304,0.108312,1.548142,0.344108,4.310200,0
14.720000,-0.045958,0.217224,1.587317,0.277303,0.108380,1.548142,0.341094,4.285500,0
14.740000,-0.046056,0.236495,1.572222,0.280302,0.108448,1.548142,0.350579,3.990700,0
14.760000,-0.044221,0.247127,1.579559,0.283301,0.108516,1.548142,0.355646,4.284500,0
14.780000,-0.045800,0.242460,1.582360,0.286301,0.108584,1.548142,0.358070,4.134100,0
14.800000,-0.044060,0.245562,1.568726,0.289300,0.108652,1.548142,0.360379,4.210100,0
14.820000,-0.042314,0.257281,1.568976,0.292299,0.108720,1.548142,0.366110,4.277000,0
14.840000,-0.041108,0.248059,1.575680,0.295298,0.108788,1.548142,0.364095,4.162200,0
14.860000,-0.041841,0.253085,1.575683,0.298298,0.108855,1.548142,0.369455,4.434200,0
14.880000,-0.040374,0.249310,1.569922,0.301297,0.108923,1.548142,0.369388,4.213900,0
14.900000,-0.039759,0.261499,1.576151,0.304296,0.108991,1.548142,0.376341,4.170400,0
14.920000,-0.039874,0.254262,1.570619,0.307295,0.109059,1.548142,0.376312,4.504900,0
14.940000,-0.040264,0.260566,1.567120,0.308210,0.109042,1.557778,0.379992,4.129600,0
14.960000,-0.041956,0.271920,1.544441,0.308383,0.109040,1.577775,0.386351,4.339400,0
14.980000,-0.041292,0.262679,1.522815,0.308396,0.109039,1.595953,0.381951,4.136000,0
15.000000,-0.040443,0.265966,1.501767,0.308393,0.109038,1.613942,0.382509,4.307400,0
15.020000,-0.040998,0.267870,1.504341,0.308391,0.109037,1.631931,0.383797,3.641600,0
15.040000,-0.041015,0.261955,1.476361,0.308389,0.109036,1.649921,0.381402,3.510300,0
15.060000,-0.041959,0.263630,1.473680,0.308387,0.109035,1.667911,0.382938,3.508100,0
15.080000,-0.043172,0.263722,1.446259,0.308385,0.109034,1.685900,0.384084,3.598500,0
15.100000,-0.044879,0.261328,1.421077,0.308379,0.109033,1.703950,0.384688,3.532800,0
15.120000,-0.043856,0.268016,1.401607,0.308372,0.109032,1.722008,0.386446,3.519500,0
15.140000,-0.043459,0.267198,1.394009,0.310660,0.108660,1.729750,0.387988,3.524400,0
15.160000,-0.041002,0.283006,1.384139,0.313625,0.108183,1.729749,0.395378,3.486300,0
15.180000,-0.041350,0.277680,1.391526,0.316589,0.107706,1.729746,0.396247,3.571400,0
15.200000,-0.043345,0.273944,1.395534,0.319554,0.107230,1.729740,0.399361,3.657800,0
15.220000,-0.042411,0.282313,1.394030,0.322518,0.106754,1.729736,0.404962,3.900800,0
15.240000,-0.045135,0.278919,1.395859,0.325482,0.106279,1.729732,0.408854,3.788700,0
15.260000,-0.045193,0.278763,1.397932,0.328446,0.105804,1.729729,0.411729,4.359900,0
15.280000,-0.041273,0.297018,1.397994,0.331409,0.105329,1.729726,0.419090,3.810000,0
15.300000,-0.042448,0.292867,1.397215,0.334372,0.104854,1.729724,0.421120,3.862700,0
15.320000,-0.042009,0.292665,1.399452,0.337335,0.104379,1.729722,0.423501,3.794900,0
15.340000,-0.044577,0.281077,1.401180,0.340297,0.103904,1.729721,0.423696,4.050200,0
15.360000,-0.042456,0.299003,1.412418,0.343260,0.103429,1.729720,0.432465,3.895700,0
15.380000,-0.040278,0.310186,1.407005,0.346223,0.102955,1.729719,0.438552,3.844800,0
15.400000,-0.042699,0.301337,1.416812,0.349185,0.102480,1.729719,0.439451,3.813200,0
15.420000,-0.040664,0.317224,1.399446,0.352147,0.102005,1.729719,0.447906,3.963500,0
15.440000,-0.041752,0.307242,1.416803,0.355110,0.101530,1.729718,0.447009,3.797800,0
15.460000,-0.039030,0.326314,1.402947,0.358072,0.101056,1.729718,0.456543,4.003200,0
15.480000,-0.041115,0.319495,1.398397,0.361035,0.100581,1.729718,0.457873,3.817200,0
15.500000,-0.041690,0.319600,1.412020,0.363997,0.100106,1.729718,0.461259,3.923500,0
15.520000,-0.038323,0.327946,1.387239,0.366959,0.099632,1.729718,0.465167,3.376000,0
15.540000,-0.038772,0.324412,1.379867,0.369921,0.099157,1.729718,0.466658,3.359500,0
15.560000,-0.038080,0.329681,1.391561,0.372884,0.098682,1.729718,0.471436,3.373400,0
15.580000,-0.037984,0.331833,1.386069,0.373615,0.098599,1.741794,0.473087,3.699200,0
15.600000,-0.038273,0.333623,1.368747,0.373786,0.098569,1.761792,0.474387,3.706700,0
15.620000,-0.038745,0.332459,1.363157,0.373785,0.098569,1.779808,0.474221,3.773000,0
15.640000,-0.040260,0.324317,1.339591,0.373781,0.098568,1.797801,0.471585,3.890200,0
15.660000,-0.035919,0.342125,1.310929,0.373777,0.098568,1.815809,0.476624,3.952500,0
15.680000,-0.039726,0.328358,1.316626,0.373772,0.098567,1.833825,0.473059,4.154500,0
15.700000,-0.039291,0.329380,1.253700,0.373768,0.098566,1.851846,0.473174,4.179100,0
15.720000,-0.039162,0.328142,1.251099,0.373763,0.098565,1.869868,0.472454,4.164800,0
15.740000,-0.040514,0.327972,1.243200,0.373758,0.098564,1.887891,0.473550,4.133000,0
15.760000,-0.043700,0.325187,1.240509,0.373754,0.098564,1.905912,0.475001,4.278200,0
15.780000,-0.041285,0.328951,1.202613,0.373750,0.098563,1.923932,0.474692,4.207100,0
15.800000,-0.042919,0.329720,1.177340,0.373746,0.098561,1.941950,0.476491,4.133300,0
15.820000,-0.041333,0.332533,1.168497,0.373743,0.098560,1.959966,0.476478,4.173300,0
15.840000,-0.042475,0.329536,1.156045,0.373739,0.098559,1.977980,0.476009,4.223900,0
15.860000,-0.042098,0.330844,1.125089,0.373736,0.098558,1.995992,0.476314,4.150700,0
15.880000,-0.042065,0.331805,1.111854,0.373733,0.098557,2.014002,0.476752,4.198000,0
15.900000,-0.043058,0.331883,1.091461,0.373730,0.098556,2.032010,0.477655,4.475700,0
15.920000,-0.044170,0.329285,1.067301,0.373727,0.098555,2.050016,0.477362,3.480100,0
15.940000,-0.038308,0.340867,1.035332,0.373724,0.098554,2.068021,0.478002,3.344400,0
15.960000,-0.038780,0.341389,1.061149,0.376099,0.097264,2.071408,0.481374,3.370700,0
15.980000,-0.039458,0.342722,1.053857,0.378734,0.095821,2.071405,0.485638,3.410200,0
16.000000,-0.040020,0.340182,1.032880,0.381369,0.094379,2.071400,0.487840,3.356900,0
16.020000,-0.042170,0.336167,1.066894,0.384003,0.092938,2.071392,0.490698,3.353900,0
16.040000,-0.034736,0.351538,1.076777,0.386637,0.091498,2.071386,0.495153,3.501000,0
16.060000,-0.041114,0.343054,1.068131,0.389271,0.090057,2.071381,0.499238,3.429200,0
16.080000,-0.036341,0.351428,1.065386,0.391904,0.088617,2.071377,0.502457,4.023300,0
16.100000,-0.030588,0.364975,1.061671,0.394537,0.087177,2.071374,0.507841,3.509900,0
16.120000,-0.034935,0.358019,1.053737,0.397170,0.085737,2.071371,0.510737,3.517600,0
16.140000,-0.033497,0.361592,1.046168,0.399803,0.084297,2.071369,0.514433,3.474000,0
16.160000,-0.032406,0.364167,1.039690,0.402435,0.082857,2.071368,0.517902,3.609600,0
16.180000,-0.026160,0.374902,1.045262,0.405068,0.081417,2.071367,0.521624,3.524000,0
16.200000,-0.036185,0.360401,1.063123,0.407700,0.079977,2.071366,0.525044,3.491300,0
16.220000,-0.025156,0.377195,1.041696,0.410332,0.078537,2.071365,0.528059,3.383800,0
16.240000,-0.024018,0.381474,1.056764,0.412964,0.077098,2.071365,0.532539,3.499000,0
16.260000,-0.026962,0.372404,1.054356,0.415596,0.075658,2.071365,0.532837,3.567600,0
16.280000,-0.021123,0.384629,1.061893,0.418229,0.074218,2.071364,0.537945,3.483600,0
16.300000,-0.023197,0.379283,1.054131,0.420861,0.072778,2.071364,0.539567,3.562700,0
16.320000,-0.013068,0.396086,1.038291,0.423493,0.071339,2.071364,0.544101,3.522800,0
16.340000,-0.017829,0.387864,1.064215,0.426125,0.069899,2.071364,0.546074,3.513900,0
16.360000,-0.015049,0.390957,1.072181,0.428757,0.068459,2.071364,0.548606,3.545700,0
16.380000,-0.010995,0.393713,1.052088,0.431389,0.067019,2.071364,0.549939,3.513300,0
16.400000,-0.009354,0.397843,1.051114,0.434021,0.065580,2.071364,0.554058,3.492300,0
16.420000,-0.008624,0.400653,1.030070,0.434395,0.065374,2.087830,0.555588,3.502800,0
16.440000,-0.011743,0.396138,1.019378,0.434439,0.065348,2.106444,0.555428,3.575400,0
16.460000,-0.015246,0.391596,1.012910,0.434436,0.065349,2.124433,0.555564,3.567000,0
16.480000,-0.007461,0.404327,0.987327,0.434432,0.065350,2.142428,0.556933,3.495000,0
16.500000,-0.014583,0.393586,0.965332,0.434429,0.065350,2.160427,0.556193,3.466000,0
16.520000,-0.019399,0.390012,0.946706,0.434425,0.065350,2.178429,0.557998,3.650900,0
16.540000,-0.009282,0.404860,0.918027,0.434422,0.065350,2.196432,0.558695,3.652200,0
16.560000,-0.012077,0.400217,0.919735,0.434419,0.065350,2.214435,0.558117,3.612200,0
16.580000,-0.013753,0.398709,0.889952,0.434416,0.065349,2.232438,0.558556,3.621900,0
16.600000,-0.014049,0.397267,0.877579,0.434413,0.065349,2.250440,0.557932,3.684500,0
16.620000,-0.011294,0.401422,0.851035,0.434410,0.065348,2.268442,0.558210,3.704900,0
16.640000,-0.014785,0.395615,0.856097,0.436549,0.063554,2.270830,0.560328,3.707600,0
16.660000,-0.010712,0.403116,0.850757,0.438846,0.061618,2.270825,0.564556,3.664000,0
16.680000,-0.009433,0.407711,0.850032,0.441143,0.059683,2.270820,0.569335,3.584100,0
16.700000,-0.000078,0.419177,0.840150,0.443439,0.057749,2.270815,0.572135,3.802300,0
16.720000,-0.002583,0.415101,0.849374,0.445735,0.055815,2.270810,0.574522,3.770900,0
16.740000,-0.001134,0.414949,0.840915,0.448031,0.053881,2.270806,0.576298,3.784700,0
16.760000,-0.005968,0.407039,0.863861,0.450327,0.051948,2.270804,0.578183,3.814000,0
16.780000,-0.000629,0.413909,0.850673,0.452622,0.050015,2.270801,0.581254,3.889500,0
16.800000,0.009266,0.424595,0.852658,0.454918,0.048082,2.270800,0.583411,3.964300,0
16.820000,0.007604,0.422993,0.859752,0.457213,0.046149,2.270799,0.586652,3.948300,0
16.840000,0.006034,0.420391,0.872708,0.459508,0.044216,2.270798,0.589191,4.169900,0
16.860000,0.007345,0.423351,0.858363,0.461803,0.042283,2.270797,0.593081,4.078300,0
16.880000,0.012371,0.429995,0.863088,0.464098,0.040350,2.270797,0.596557,3.907700,0
16.900000,0.009210,0.429617,0.859948,0.466393,0.038418,2.270796,0.601708,3.865000,0
16.920000,0.015426,0.434284,0.849453,0.468687,0.036485,2.270796,0.603067,3.918400,0
16.940000,0.003651,0.423424,0.864124,0.470982,0.034552,2.270796,0.607964,4.152600,0
16.960000,0.018367,0.440544,0.860503,0.473277,0.032619,2.270795,0.611021,3.750300,0
16.980000,0.010334,0.432413,0.869436,0.475571,0.030687,2.270795,0.614678,3.990200,0
17.000000,0.024836,0.447544,0.844351,0.475839,0.030461,2.288335,0.614298,4.263100,0
17.020000,0.019765,0.441712,0.807665,0.475853,0.030446,2.306599,0.614130,4.299300,0
17.040000,0.016977,0.440082,0.804925,0.475850,0.030448,2.324587,0.615114,4.312700,0
17.060000,0.022049,0.444976,0.772794,0.475847,0.030449,2.342578,0.614626,4.352100,0
17.080000,0.018571,0.441405,0.778427,0.475844,0.030450,2.360572,0.614803,4.394900,0
17.100000,0.024666,0.446416,0.745439,0.475841,0.030450,2.378569,0.613667,4.411300,0
17.120000,0.022073,0.442531,0.723675,0.475838,0.030451,2.396566,0.612954,4.695400,0
17.140000,0.021813,0.443049,0.716774,0.475835,0.030451,2.414564,0.613492,4.469000,0
17.160000,0.015592,0.438951,0.688427,0.475833,0.030450,2.432562,0.615382,4.836100,0
17.180000,0.009061,0.435014,0.688126,0.475830,0.030450,2.450559,0.617694,4.662000,0
17.200000,0.020895,0.443092,0.659925,0.475828,0.030450,2.468555,0.614197,4.561200,0
17.220000,0.018696,0.441648,0.637973,0.475825,0.030449,2.486550,0.614859,5.238400,0
17.240000,0.025399,0.446173,0.607644,0.475823,0.030449,2.504545,0.612950,4.021300,0
17.260000,0.018898,0.444347,0.605757,0.475820,0.030449,2.522538,0.616514,3.655900,0
17.280000,0.018924,0.446401,0.595599,0.477558,0.028362,2.522659,0.620566,3.640400,0
17.300000,0.016000,0.445253,0.624052,0.479301,0.025915,2.522651,0.624893,3.888800,0
17.320000,0.023966,0.452569,0.597168,0.481043,0.023469,2.522643,0.626934,3.767100,0
17.340000,0.025867,0.453304,0.595768,0.482786,0.021023,2.522636,0.629001,3.754900,0
17.360000,0.044181,0.464440,0.588209,0.484528,0.018579,2.522630,0.626655,3.870200,0
17.380000,0.031863,0.457451,0.582350,0.486270,0.016134,2.522626,0.633440,3.864100,0
17.400000,0.040381,0.463390,0.579561,0.488012,0.013690,2.522624,0.634511,3.855700,0
17.420000,0.036457,0.460699,0.602575,0.489754,0.011246,2.522622,0.638347,3.902400,0
17.440000,0.041959,0.462859,0.594550,0.491495,0.008802,2.522620,0.638945,3.861200,0
17.460000,0.041032,0.460732,0.591275,0.491552,0.008480,2.539562,0.638358,4.026600,0
17.480000,0.040734,0.461477,0.566184,0.491549,0.008483,2.557551,0.639092,3.887000,0
17.500000,0.041379,0.462413,0.562238,0.491547,0.008485,2.575538,0.639298,3.494600,0
17.520000,0.034997,0.460387,0.517571,0.491544,0.008487,2.593528,0.642378,3.512200,0
17.540000,0.035431,0.461823,0.512810,0.491542,0.008488,2.611520,0.643078,3.457500,0
17.560000,0.036504,0.460682,0.503732,0.491539,0.008489,2.629513,0.641510,3.638700,0
17.580000,0.036007,0.461035,0.471871,0.491537,0.008490,2.647507,0.642109,3.454300,0
17.600000,0.040189,0.463869,0.456266,0.491535,0.008491,2.665500,0.641157,3.449200,0
17.620000,0.044472,0.464809,0.437707,0.491532,0.008491,2.683493,0.638818,3.436000,0
17.640000,0.032785,0.460550,0.433402,0.491530,0.008491,2.701486,0.644054,3.523300,0
17.660000,0.046428,0.467601,0.407252,0.491528,0.008491,2.719478,0.639450,3.440800,0
17.680000,0.027702,0.458380,0.383870,0.491526,0.008491,2.737469,0.646167,3.418400,0
17.700000,0.030536,0.461336,0.380721,0.491523,0.008491,2.755459,0.646203,3.498100,0
17.720000,0.046327,0.468886,0.349028,0.491521,0.008491,2.773449,0.640438,3.436500,0
17.740000,0.039525,0.466898,0.319414,0.491519,0.008491,2.791437,0.643767,3.532900,0
17.760000,0.026515,0.463938,0.325606,0.491517,0.008491,2.809425,0.650890,3.419500,0
17.780000,0.029502,0.465250,0.303452,0.492464,0.006247,2.810826,0.651934,3.459400,0
17.800000,0.042020,0.470436,0.327120,0.493440,0.003407,2.810825,0.649535,3.467800,0
17.820000,0.041342,0.471377,0.310631,0.494415,0.000566,2.810814,0.653404,3.568700,0
17.840000,0.036472,0.469174,0.337998,0.495391,-0.002274,2.810805,0.657928,3.861500,0
17.860000,0.054959,0.476284,0.308322,0.496367,-0.005114,2.810799,0.653135,3.570800,0
17.880000,0.057222,0.476567,0.295768,0.497342,-0.007952,2.810795,0.654572,3.526400,0
17.900000,0.061413,0.479410,0.313862,0.498317,-0.010791,2.810792,0.656645,3.652300,0
17.920000,0.051971,0.476822,0.339267,0.499292,-0.013629,2.810790,0.663806,3.685100,0
17.940000,0.041425,0.473640,0.337432,0.500268,-0.016468,2.810789,0.671374,3.642900,0
17.960000,0.059570,0.478455,0.308127,0.501242,-0.019306,2.810788,0.665462,3.605400,0
17.980000,0.066989,0.482456,0.314745,0.502217,-0.022143,2.810788,0.666367,3.693700,0
18.000000,0.059088,0.480798,0.325078,0.503192,-0.024981,2.810787,0.673083,3.711700,0
18.020000,0.069998,0.482441,0.327085,0.504167,-0.027819,2.810786,0.669976,3.616600,0
18.040000,0.073235,0.481911,0.318723,0.505141,-0.030656,2.810786,0.670274,3.649700,0
18.060000,0.074172,0.480200,0.326595,0.506116,-0.033494,2.810785,0.671161,3.617200,0
18.080000,0.082253,0.484400,0.325132,0.507091,-0.036331,2.810785,0.672048,3.592200,0
18.100000,0.077066,0.484494,0.321097,0.508065,-0.039169,2.810785,0.678220,4.961600,0
18.120000,0.084575,0.488089,0.306450,0.509040,-0.042006,2.810785,0.679096,3.334700,0
18.140000,0.099098,0.491179,0.326615,0.510014,-0.044844,2.810785,0.675405,3.332200,0
18.160000,0.077562,0.484380,0.318948,0.510070,-0.045354,2.826752,0.683872,3.357000,0
18.180000,0.090795,0.489874,0.296173,0.510043,-0.045457,2.845994,0.679962,3.654300,0
18.200000,0.091212,0.489238,0.256117,0.510041,-0.045453,2.863981,0.679200,3.564800,0
18.220000,0.084509,0.486010,0.249986,0.510039,-0.045451,2.881970,0.680828,3.511500,0
18.240000,0.081232,0.485232,0.232786,0.510037,-0.045449,2.899960,0.682273,3.463000,0
18.260000,0.084500,0.487224,0.207599,0.510035,-0.045448,2.917951,0.681777,3.877600,0
18.280000,0.094941,0.489840,0.190211,0.510033,-0.045446,2.935942,0.677372,3.548400,0
18.300000,0.093546,0.491336,0.175063,0.510031,-0.045445,2.953933,0.679407,3.507100,0
18.320000,0.077203,0.490487,0.164954,0.510029,-0.045445,2.971923,0.688884,3.419200,0
18.340000,0.076601,0.491084,0.127418,0.510027,-0.045444,2.989913,0.689725,3.463500,0
18.360000,0.080863,0.490770,0.141210,0.510397,-0.047736,2.997614,0.688831,4.141300,0
18.380000,0.089677,0.491855,0.124763,0.510827,-0.050708,2.997612,0.686835,3.870700,0
18.400000,0.085921,0.491344,0.133880,0.511256,-0.053681,2.997603,0.691348,3.485300,0
18.420000,0.104922,0.492937,0.125069,0.511686,-0.056653,2.997596,0.683744,3.665900,0
18.440000,0.090224,0.491264,0.138070,0.512116,-0.059624,2.997592,0.693880,4.097700,0
18.460000,0.109754,0.493313,0.128579,0.512547,-0.062595,2.997588,0.686495,3.784600,0
18.480000,0.103688,0.491346,0.121837,0.512977,-0.065565,2.997585,0.691135,3.711700,0
18.500000,0.110929,0.492732,0.123075,0.513408,-0.068535,2.997584,0.690659,3.749600,0
18.520000,0.115444,0.491905,0.118941,0.513839,-0.071505,2.997583,0.690036,4.095600,0
18.540000,0.110790,0.493761,0.113436,0.513872,-0.072218,3.009962,0.694844,3.792700,0
18.560000,0.115814,0.493944,0.093477,0.513846,-0.072391,3.029964,0.692218,3.850900,0
18.580000,0.109114,0.495323,0.079463,0.513845,-0.072389,3.047967,0.697212,3.778300,0
18.600000,0.119260,0.495818,0.063565,0.513844,-0.072386,3.065954,0.691775,3.937900,0
18.620000,0.090377,0.493089,0.054028,0.513842,-0.072384,3.083943,0.706458,3.816400,0
18.640000,0.112691,0.496945,0.025659,0.513841,-0.072382,3.101931,0.696458,3.762300,0
18.660000,0.124961,0.498915,0.001939,0.513841,-0.072381,3.119920,0.691091,3.742800,0
18.680000,0.114364,0.496693,-0.020409,0.513840,-0.072379,3.137909,0.695287,5.163300,0
18.700000,0.108906,0.499171,-0.019824,0.513839,-0.072378,-3.127289,0.700457,7.113000,0
18.720000,0.124953,0.499707,-0.055108,0.513838,-0.072378,-3.109302,0.691746,5.828600,0
18.740000,0.110492,0.500199,-0.057637,0.513761,-0.074529,-3.099745,0.702095,3.577600,0
18.760000,0.122552,0.498711,-0.053894,0.513633,-0.077530,-3.099748,0.696418,3.438100,0
18.780000,0.116391,0.499994,-0.061342,0.513505,-0.080531,-3.099758,0.703355,3.427300,0
18.800000,0.120049,0.501202,-0.040674,0.513379,-0.083531,-3.099764,0.704714,3.443600,0
18.820000,0.114580,0.502777,-0.052669,0.513252,-0.086530,-3.099769,0.711493,3.563800,0
18.840000,0.136638,0.502170,-0.055188,0.513126,-0.089530,-3.099773,0.701322,3.432400,0
18.860000,0.128714,0.500352,-0.038603,0.513000,-0.092528,-3.099777,0.706529,3.439400,0
18.880000,0.142043,0.500065,-0.065841,0.512875,-0.095527,-3.099780,0.701602,3.436800,0
18.900000,0.144430,0.501750,-0.056215,0.512749,-0.098525,-3.099782,0.704265,3.461400,0
18.920000,0.147787,0.499751,-0.049592,0.512623,-0.101523,-3.099784,0.703304,3.694200,0
18.940000,0.153464,0.499649,-0.046713,0.512498,-0.104521,-3.099785,0.702800,3.421700,0
18.960000,0.162436,0.498044,-0.062017,0.512372,-0.107519,-3.099786,0.699401,3.497400,0
18.980000,0.160296,0.498259,-0.060961,0.512247,-0.110516,-3.099787,0.703191,3.514000,0
19.000000,0.152652,0.499065,-0.056576,0.512121,-0.113514,-3.099788,0.710261,3.844700,0
19.020000,0.158950,0.497769,-0.056368,0.511996,-0.116512,-3.099788,0.708508,3.411000,0
19.040000,0.169574,0.497476,-0.060244,0.511871,-0.119509,-3.099788,0.705576,3.536200,0
19.060000,0.159759,0.497856,-0.049589,0.511745,-0.122507,-3.099789,0.713264,3.484800,0
19.080000,0.157654,0.497761,-0.043696,0.511620,-0.125504,-3.099789,0.716764,3.457800,0
19.100000,0.146810,0.499787,-0.046043,0.511495,-0.128502,-3.099789,0.726459,3.481500,0
19.120000,0.172627,0.498029,-0.064390,0.511369,-0.131499,-3.099789,0.714879,3.529800,0
19.140000,0.188421,0.496094,-0.067101,0.511244,-0.134497,-3.099789,0.708421,3.487100,0
19.160000,0.185452,0.495261,-0.048674,0.511119,-0.137494,-3.099789,0.711645,3.441400,0
19.180000,0.175876,0.497373,-0.036313,0.510993,-0.140492,-3.099789,0.720538,4.345300,0
19.200000,0.179667,0.497198,-0.058015,0.510868,-0.143489,-3.099789,0.721231,3.502400,0
19.220000,0.186149,0.497853,-0.051835,0.510743,-0.146486,-3.099789,0.721480,3.557100,0
19.240000,0.192719,0.496314,-0.071307,0.510617,-0.149484,-3.099789,0.719802,3.509000,0
19.260000,0.188451,0.496388,-0.043240,0.510492,-0.152481,-3.099789,0.724390,3.516700,0
19.280000,0.198733,0.496224,-0.036804,0.510367,-0.155479,-3.099789,0.722380,3.530900,0
19.300000,0.204407,0.494552,-0.056050,0.510241,-0.158476,-3.099789,0.721097,3.490700,0
19.320000,0.208555,0.493909,-0.068900,0.510116,-0.161473,-3.099789,0.721432,3.567200,0
19.340000,0.195281,0.494069,-0.032623,0.509991,-0.164471,-3.099789,0.729875,3.490000,0
19.360000,0.215059,0.493657,-0.059925,0.509865,-0.167468,-3.099789,0.723876,3.706000,0
19.380000,0.205897,0.493586,-0.063392,0.509836,-0.168359,-3.089823,0.728388,3.454800,0
19.400000,0.207591,0.493748,-0.076248,0.509826,-0.168532,-3.069826,0.727984,3.406800,0
19.420000,0.203928,0.495091,-0.095813,0.509825,-0.168538,-3.051727,0.730736,3.436100,0
19.440000,0.205314,0.496641,-0.124878,0.509825,-0.168535,-3.033739,0.731564,3.537600,0
19.460000,0.211614,0.495796,-0.141018,0.509824,-0.168532,-3.015749,0.728190,3.454300,0
19.480000,0.214493,0.495770,-0.137715,0.509517,-0.170798,-3.007673,0.728939,3.531100,0
19.500000,0.206409,0.497378,-0.137916,0.509114,-0.173773,-3.007674,0.736256,3.435900,0
19.520000,0.221207,0.493533,-0.173591,0.508711,-0.176748,-3.007676,0.729339,3.421400,0
19.540000,0.226478,0.492839,-0.145583,0.508309,-0.179723,-3.007678,0.729225,3.761800,0
19.560000,0.221845,0.493632,-0.148028,0.507907,-0.182697,-3.007680,0.734338,3.474600,0
19.580000,0.225486,0.493224,-0.139806,0.507506,-0.185672,-3.007682,0.735143,3.425100,0
19.600000,0.230717,0.493967,-0.146996,0.507105,-0.188646,-3.007684,0.736444,3.497800,0
19.620000,0.240839,0.492596,-0.146335,0.506704,-0.191620,-3.007685,0.734054,3.840300,0
19.640000,0.230555,0.494219,-0.146019,0.506303,-0.194594,-3.007686,0.741957,3.734000,0
19.660000,0.238220,0.494571,-0.138038,0.505902,-0.197567,-3.007686,0.742097,3.747600,0
19.680000,0.237680,0.493633,-0.140327,0.505502,-0.200541,-3.007687,0.744047,3.547200,0
19.700000,0.236763,0.493243,-0.139171,0.505101,-0.203514,-3.007687,0.746643,3.554600,0
19.720000,0.247500,0.491451,-0.138923,0.504701,-0.206488,-3.007688,0.743822,3.661500,0
19.740000,0.253820,0.489496,-0.155878,0.504300,-0.209461,-3.007688,0.742483,3.599600,0
19.760000,0.248829,0.489936,-0.148554,0.503900,-0.212434,-3.007688,0.747251,3.575600,0
19.780000,0.257270,0.490076,-0.143694,0.503499,-0.215408,-3.007688,0.747219,3.537400,0
19.800000,0.258763,0.490097,-0.157312,0.503099,-0.218381,-3.007688,0.749427,3.698900,0
19.820000,0.263279,0.490009,-0.149243,0.502698,-0.221354,-3.007689,0.750572,3.670600,0
19.840000,0.275216,0.488950,-0.143282,0.502298,-0.224327,-3.007689,0.748552,3.596400,0
19.860000,0.259408,0.490680,-0.126911,0.501897,-0.227300,-3.007689,0.757823,3.607500,0
19.880000,0.282989,0.487635,-0.138771,0.501497,-0.230274,-3.007689,0.750426,3.952500,0
19.900000,0.267085,0.489466,-0.140047,0.501096,-0.233247,-3.007689,0.759654,3.888600,0
19.920000,0.287616,0.486106,-0.144659,0.500696,-0.236220,-3.007689,0.753099,3.701100,0
19.940000,0.286372,0.486419,-0.147238,0.500295,-0.239193,-3.007689,0.756489,3.714800,0
19.960000,0.280147,0.486146,-0.170345,0.500220,-0.239956,-2.996014,0.758720,3.826400,0
19.980000,0.277524,0.487582,-0.179790,0.500195,-0.240127,-2.976016,0.761014,3.812100,0
20.000000,0.274741,0.488872,-0.185104,0.500194,-0.240127,-2.957988,0.763066,3.739400,0
20.020000,0.277458,0.488588,-0.200890,0.500194,-0.240123,-2.939993,0.761992,3.787400,0
20.040000,0.278536,0.489531,-0.230804,0.500193,-0.240119,-2.921981,0.762575,3.798800,0
20.060000,0.284666,0.489359,-0.252866,0.500192,-0.240114,-2.903960,0.760646,3.800900,0
20.080000,0.275612,0.490571,-0.255181,0.500191,-0.240109,-2.885935,0.764415,3.820900,0
20.100000,0.281116,0.490101,-0.274292,0.500191,-0.240104,-2.867908,0.762361,3.768900,0
20.120000,0.276904,0.490703,-0.300668,0.500190,-0.240099,-2.849882,0.764152,3.765900,0
20.140000,0.280310,0.490010,-0.307686,0.499441,-0.242491,-2.844195,0.764576,4.368700,0
20.160000,0.283985,0.490148,-0.294353,0.498559,-0.245362,-2.844192,0.766171,3.840100,0
20.180000,0.285148,0.489683,-0.302512,0.497679,-0.248233,-2.844195,0.767912,3.865600,0
20.200000,0.291824,0.487395,-0.299560,0.496798,-0.251103,-2.844199,0.766416,3.839300,0
20.220000,0.297410,0.485217,-0.315092,0.495918,-0.253973,-2.844203,0.765380,3.933800,0
20.240000,0.296989,0.485803,-0.316677,0.495038,-0.256843,-2.844206,0.768600,3.839600,0
20.260000,0.303372,0.485188,-0.304226,0.494159,-0.259713,-2.844209,0.768945,3.809200,0
20.280000,0.296435,0.488050,-0.302602,0.493279,-0.262582,-2.844211,0.776013,3.885000,0
20.300000,0.310261,0.482375,-0.316661,0.492400,-0.265451,-2.844213,0.769687,3.977700,0
20.320000,0.307118,0.482306,-0.313452,0.491521,-0.268320,-2.844214,0.772945,3.832000,0
20.340000,0.306599,0.481270,-0.318773,0.490642,-0.271189,-2.844216,0.774640,3.783100,0
20.360000,0.315623,0.478592,-0.311292,0.489763,-0.274057,-2.844216,0.772532,3.820500,0
20.380000,0.334978,0.473754,-0.323007,0.488884,-0.276926,-2.844217,0.766295,3.897900,0
20.400000,0.319036,0.479261,-0.294845,0.488005,-0.279795,-2.844217,0.777635,3.823000,0
20.420000,0.318187,0.480129,-0.297699,0.487126,-0.282663,-2.844218,0.781275,3.821200,0
20.440000,0.322815,0.478518,-0.307954,0.486247,-0.285532,-2.844218,0.781334,3.884800,0
20.460000,0.326323,0.476190,-0.293274,0.485368,-0.288400,-2.844218,0.780957,3.951400,0
20.480000,0.322309,0.475597,-0.298472,0.484489,-0.291269,-2.844218,0.783828,3.872600,0
20.500000,0.326653,0.475276,-0.307416,0.483610,-0.294137,-2.844218,0.785259,3.787200,0
20.520000,0.337304,0.469930,-0.300459,0.482731,-0.297006,-2.844218,0.780602,3.812700,0
20.540000,0.347856,0.466086,-0.308498,0.481852,-0.299874,-2.844218,0.777592,3.946300,0
20.560000,0.346365,0.466325,-0.320023,0.480973,-0.302742,-2.844218,0.780758,3.876700,0
20.580000,0.338627,0.470464,-0.303836,0.480094,-0.305611,-2.844218,0.788863,3.833500,0
20.600000,0.359645,0.462345,-0.313790,0.479215,-0.308479,-2.844218,0.780043,3.844000,0
20.620000,0.348719,0.466005,-0.299340,0.478336,-0.311347,-2.844218,0.788084,3.864600,0
20.640000,0.352880,0.466875,-0.304123,0.477456,-0.314216,-2.844218,0.790963,3.857200,0
20.660000,0.359930,0.465846,-0.312323,0.476577,-0.317084,-2.844218,0.791572,3.875900,0
20.680000,0.363351,0.464270,-0.327912,0.475698,-0.319952,-2.844218,0.792228,3.812100,0
20.700000,0.375302,0.460158,-0.327678,0.474819,-0.322821,-2.844218,0.789278,4.026600,0
20.720000,0.349661,0.467696,-0.301610,0.473940,-0.325689,-2.844218,0.803060,3.856400,0
20.740000,0.375781,0.459061,-0.313642,0.473061,-0.328557,-2.844218,0.793602,3.951800,0
20.760000,0.365660,0.462448,-0.318269,0.472182,-0.331426,-2.844218,0.800988,3.870500,0
20.780000,0.366394,0.463102,-0.306756,0.471303,-0.334294,-2.844218,0.804268,3.937600,0
20.800000,0.384174,0.456568,-0.294037,0.470424,-0.337162,-2.844218,0.798403,3.883200,0
20.820000,0.381132,0.456814,-0.323740,0.469545,-0.340031,-2.844218,0.801735,3.935000,0
20.840000,0.385883,0.456493,-0.302623,0.468666,-0.342899,-2.844218,0.803667,3.778100,0
20.860000,0.379396,0.458624,-0.310297,0.467787,-0.345767,-2.844218,0.809233,3.966800,0
20.880000,0.409336,0.448122,-0.322168,0.466908,-0.348636,-2.844218,0.798836,3.899600,0
20.900000,0.393093,0.453416,-0.302236,0.466029,-0.351504,-2.844218,0.808218,3.959900,0
20.920000,0.392873,0.453263,-0.307792,0.465150,-0.354372,-2.844218,0.810863,3.836200,0
20.940000,0.398195,0.449350,-0.299630,0.464271,-0.357241,-2.844218,0.809293,4.264700,0
20.960000,0.397177,0.449873,-0.313519,0.463392,-0.360109,-2.844218,0.812684,3.816000,0
20.980000,0.403788,0.448727,-0.320596,0.462513,-0.362977,-2.844218,0.813826,3.802100,0
21.000000,0.418491,0.444734,-0.332684,0.461634,-0.365846,-2.844218,0.811727,3.806900,0
21.020000,0.412369,0.447732,-0.319733,0.460755,-0.368714,-2.844218,0.817879,3.894900,0
21.040000,0.410663,0.447409,-0.318017,0.459876,-0.371582,-2.844218,0.820468,3.896200,0
21.060000,0.418405,0.442832,-0.316357,0.458997,-0.374451,-2.844218,0.818291,3.851700,0
21.080000,0.418507,0.443192,-0.316366,0.458118,-0.377319,-2.844218,0.821467,3.890500,0
21.100000,0.411623,0.444346,-0.299511,0.457239,-0.380187,-2.844218,0.825793,3.813300,0
21.120000,0.419613,0.443029,-0.294410,0.456360,-0.383056,-2.844218,0.826902,3.859300,0
21.140000,0.421037,0.442188,-0.305212,0.455481,-0.385924,-2.844218,0.828828,3.917200,0
21.160000,0.435663,0.438441,-0.315262,0.454602,-0.388792,-2.844218,0.827449,3.811800,0
21.180000,0.430106,0.441077,-0.314290,0.453723,-0.391661,-2.844218,0.833073,3.880300,0
21.200000,0.443733,0.435124,-0.324406,0.452844,-0.394529,-2.844218,0.829703,3.901700,0
21.220000,0.447521,0.434678,-0.310474,0.451965,-0.397397,-2.844218,0.832086,3.763900,0
21.240000,0.441387,0.438105,-0.300017,0.451086,-0.400266,-2.844218,0.838427,3.720200,0
21.260000,0.437930,0.439108,-0.313493,0.450207,-0.403134,-2.844218,0.842331,3.792100,0
21.280000,0.449109,0.434011,-0.321155,0.449327,-0.406002,-2.844218,0.840013,4.249900,0
21.300000,0.452938,0.430885,-0.307289,0.448448,-0.408871,-2.844218,0.839768,3.783900,0
21.320000,0.458212,0.431645,-0.329723,0.447569,-0.411739,-2.844218,0.843452,3.756900,0
21.340000,0.445358,0.435884,-0.289709,0.446690,-0.414607,-2.844218,0.850492,3.761600,0
21.360000,0.458808,0.432831,-0.313069,0.445811,-0.417476,-2.844218,0.850406,4.023500,0
21.380000,0.464773,0.428869,-0.328731,0.444932,-0.420344,-2.844218,0.849444,3.710200,0
21.400000,0.467810,0.425548,-0.310801,0.444053,-0.423212,-2.844218,0.849092,3.834800,0
21.420000,0.464452,0.427181,-0.306690,0.443174,-0.426081,-2.844218,0.853527,3.804000,0
21.440000,0.471839,0.426123,-0.331433,0.443066,-0.426669,-2.830387,0.853277,4.003100,0
21.460000,0.460440,0.428046,-0.336851,0.443026,-0.426791,-2.810903,0.855014,3.780600,0
21.480000,0.465938,0.426905,-0.367641,0.443027,-0.426789,-2.792893,0.854002,3.884200,0
21.500000,0.475162,0.424788,-0.386041,0.443027,-0.426784,-2.774886,0.852178,3.786200,0
21.520000,0.467796,0.428305,-0.391300,0.443026,-0.426779,-2.756874,0.855443,4.000000,0
21.540000,0.478291,0.425967,-0.431753,0.443026,-0.426775,-2.738859,0.853471,3.752000,0
21.560000,0.464866,0.432483,-0.421342,0.443025,-0.426770,-2.720844,0.859530,3.757200,0
21.580000,0.471047,0.430703,-0.444936,0.441945,-0.429181,-2.716779,0.860376,3.754500,0
21.600000,0.480304,0.424547,-0.455554,0.440706,-0.431917,-2.716777,0.857379,4.622900,0
21.620000,0.479377,0.423848,-0.449480,0.439468,-0.434653,-2.716779,0.859428,5.060100,0
21.640000,0.483909,0.421804,-0.448642,0.438230,-0.437388,-2.716783,0.860406,3.284000,0
21.660000,0.486881,0.419550,-0.442415,0.436993,-0.440123,-2.716786,0.861119,3.300300,0
21.680000,0.481356,0.423965,-0.448412,0.435755,-0.442857,-2.716788,0.868021,3.352700,0
21.700000,0.487920,0.421333,-0.434115,0.434519,-0.445592,-2.716790,0.868568,3.289000,0
21.720000,0.501883,0.417175,-0.450600,0.433282,-0.448326,-2.716791,0.868215,3.360000,0
21.740000,0.505139,0.414385,-0.445728,0.432045,-0.451060,-2.716793,0.868526,3.332800,0
21.760000,0.498914,0.417428,-0.424684,0.430808,-0.453794,-2.716794,0.873880,3.286900,0
21.780000,0.496444,0.417769,-0.437021,0.429572,-0.456528,-2.716794,0.876851,3.802300,0
21.800000,0.501095,0.415451,-0.443160,0.428335,-0.459261,-2.716795,0.877733,3.466600,0
21.820000,0.494799,0.419043,-0.432139,0.428138,-0.459697,-2.701032,0.881265,3.433200,0
21.840000,0.500552,0.415248,-0.479471,0.428105,-0.459765,-2.682142,0.878007,3.432200,0
21.860000,0.502929,0.414938,-0.499178,0.428106,-0.459761,-2.664151,0.877893,3.922000,0
21.880000,0.501565,0.415138,-0.503789,0.428106,-0.459758,-2.646156,0.877975,3.421800,0
21.900000,0.501170,0.417630,-0.518482,0.428107,-0.459754,-2.628156,0.880421,3.344500,0
21.920000,0.506794,0.416297,-0.561675,0.428106,-0.459751,-2.610153,0.879575,3.381100,0
21.940000,0.503629,0.419432,-0.572493,0.428106,-0.459747,-2.592149,0.882417,3.416400,0
21.960000,0.496107,0.424530,-0.580725,0.428106,-0.459744,-2.574143,0.886885,3.443800,0
21.980000,0.506474,0.416956,-0.604682,0.428105,-0.459741,-2.556138,0.880193,3.357100,0
22.000000,0.500259,0.422994,-0.625329,0.428105,-0.459738,-2.538134,0.885676,3.391400,0
22.020000,0.509142,0.419018,-0.640659,0.428104,-0.459735,-2.520130,0.882482,3.428300,0
22.040000,0.502565,0.425357,-0.637198,0.428103,-0.459732,-2.502128,0.888216,3.342500,0
22.060000,0.502648,0.424966,-0.674740,0.428103,-0.459729,-2.484126,0.887830,3.450300,0
22.080000,0.512265,0.418924,-0.697409,0.428102,-0.459727,-2.466126,0.882672,3.508800,0
22.100000,0.504400,0.424012,-0.701620,0.428101,-0.459724,-2.448127,0.887024,3.408300,0
22.120000,0.516962,0.413719,-0.731355,0.428100,-0.459722,-2.430129,0.877949,3.440300,0
22.140000,0.503115,0.428640,-0.735173,0.428099,-0.459720,-2.412132,0.891522,3.689400,0
22.160000,0.505151,0.429446,-0.748436,0.428099,-0.459717,-2.394136,0.892496,3.456100,0
22.180000,0.509971,0.427973,-0.791918,0.428098,-0.459715,-2.376141,0.891455,3.424600,0
22.200000,0.506297,0.429475,-0.789695,0.428097,-0.459713,-2.358147,0.892620,3.566000,0
22.220000,0.509049,0.427158,-0.823771,0.428096,-0.459711,-2.340154,0.890556,3.477700,0
22.240000,0.513600,0.424339,-0.845342,0.428095,-0.459709,-2.322161,0.888173,3.608300,0
22.260000,0.511082,0.424140,-0.858435,0.428094,-0.459707,-2.304169,0.887734,3.412400,0
22.280000,0.513353,0.420340,-0.873896,0.428094,-0.459705,-2.286177,0.884166,3.363300,0
22.300000,0.511241,0.422936,-0.894309,0.428093,-0.459703,-2.268186,0.886547,3.487200,0
22.320000,0.513546,0.418615,-0.931805,0.428092,-0.459701,-2.250195,0.882464,3.665800,0
22.340000,0.506813,0.426498,-0.907203,0.426020,-0.461545,-2.249426,0.891711,3.512800,0
22.360000,0.510894,0.419425,-0.920826,0.423681,-0.463431,-2.249433,0.887153,3.716400,0
22.380000,0.514045,0.421124,-0.906009,0.421343,-0.465317,-2.249443,0.891275,3.750400,0
22.400000,0.521853,0.411499,-0.901055,0.419006,-0.467202,-2.249451,0.884699,3.887100,0
22.420000,0.516930,0.415068,-0.885799,0.416669,-0.469087,-2.249458,0.889821,3.914500,0
22.440000,0.512980,0.418394,-0.885461,0.414333,-0.470972,-2.249462,0.894820,3.939400,0
22.460000,0.526326,0.404675,-0.923624,0.411997,-0.472857,-2.249465,0.884948,3.922700,0
22.480000,0.536111,0.394123,-0.930834,0.409661,-0.474741,-2.249468,0.878017,4.095500,0
22.500000,0.524106,0.408994,-0.906952,0.407325,-0.476625,-2.249469,0.893285,4.026600,0
22.520000,0.526219,0.406672,-0.892524,0.404990,-0.478509,-2.249471,0.893444,4.095800,0
22.540000,0.534876,0.393044,-0.927080,0.402654,-0.480393,-2.249471,0.883389,4.073500,0
22.560000,0.527482,0.402483,-0.918484,0.400319,-0.482277,-2.249472,0.893852,4.484600,0
22.580000,0.536526,0.388039,-0.908919,0.397983,-0.484161,-2.249473,0.883135,4.113600,0
22.600000,0.532154,0.394167,-0.919939,0.395648,-0.486044,-2.249473,0.890733,4.081700,0
22.620000,0.529803,0.394960,-0.897894,0.393313,-0.487928,-2.249474,0.893376,4.335400,0
22.640000,0.538853,0.384709,-0.903802,0.390977,-0.489811,-2.249474,0.886934,4.052900,0
22.660000,0.544025,0.379121,-0.900872,0.388642,-0.491695,-2.249475,0.884570,4.094100,0
22.680000,0.544900,0.378684,-0.908370,0.386307,-0.493578,-2.249475,0.886562,4.066500,0
22.700000,0.545001,0.379559,-0.903554,0.383972,-0.495462,-2.249475,0.889715,4.099600,0
22.720000,0.552178,0.370912,-0.909833,0.381636,-0.497345,-2.249475,0.884848,4.066400,0
22.740000,0.552700,0.369965,-0.915942,0.379301,-0.499228,-2.249475,0.886321,4.102800,0
22.760000,0.552309,0.369112,-0.914773,0.376966,-0.501112,-2.249475,0.887713,4.071300,0
22.780000,0.551726,0.372917,-0.886067,0.374631,-0.502995,-2.249475,0.893636,4.192400,0
22.800000,0.550442,0.374668,-0.898315,0.372295,-0.504878,-2.249475,0.897406,4.078200,0
22.820000,0.558015,0.365373,-0.915203,0.369960,-0.506762,-2.249475,0.892179,4.001600,0
22.840000,0.563421,0.359276,-0.906855,0.367625,-0.508645,-2.249475,0.889732,4.125200,0
22.860000,0.559497,0.365149,-0.915098,0.365290,-0.510528,-2.249475,0.896954,4.186700,0
22.880000,0.566664,0.354735,-0.915898,0.362955,-0.512412,-2.249475,0.890754,4.044500,0
22.900000,0.572330,0.345773,-0.948134,0.362675,-0.512612,-2.232048,0.883618,4.072000,0
22.920000,0.564829,0.355017,-0.942253,0.362667,-0.512616,-2.213917,0.890874,4.072300,0
22.940000,0.568686,0.351071,-0.972179,0.362670,-0.512613,-2.195929,0.887915,4.170300,0
22.960000,0.563064,0.359013,-0.974572,0.362671,-0.512610,-2.177937,0.894362,4.097900,0
22.980000,0.566774,0.357729,-0.994896,0.362673,-0.512607,-2.159943,0.893947,4.088500,0
23.000000,0.565413,0.364813,-1.006714,0.362673,-0.512605,-2.141948,0.900536,4.246600,0
23.020000,0.563281,0.366742,-1.034723,0.362674,-0.512602,-2.123952,0.901936,3.824900,0
23.040000,0.564905,0.362111,-1.045525,0.362674,-0.512599,-2.105957,0.897783,3.277900,0
23.060000,0.563312,0.367292,-1.047771,0.362675,-0.512597,-2.087962,0.902474,3.297900,0
23.080000,0.560612,0.372498,-1.070106,0.362675,-0.512594,-2.069968,0.906955,3.284800,0
23.100000,0.566571,0.360593,-1.113095,0.362675,-0.512592,-2.051975,0.896675,3.382600,0
23.120000,0.568461,0.363876,-1.124193,0.362674,-0.512589,-2.033983,0.900299,3.266700,0
23.140000,0.572733,0.360253,-1.152445,0.362674,-0.512587,-2.015991,0.897761,3.315300,0
23.160000,0.568843,0.362984,-1.160759,0.362674,-0.512585,-1.998000,0.899515,3.412200,0
23.180000,0.571421,0.362452,-1.164705,0.360494,-0.513827,-1.997921,0.901308,3.355400,0
23.200000,0.577506,0.346509,-1.181657,0.357761,-0.515072,-1.997926,0.889162,3.368700,0
23.220000,0.574755,0.358719,-1.158366,0.355027,-0.516316,-1.997936,0.902201,3.373500,0
23.240000,0.577064,0.351096,-1.152918,0.352294,-0.517561,-1.997944,0.897266,3.413400,0
23.260000,0.576257,0.350757,-1.161848,0.349562,-0.518805,-1.997949,0.898626,3.368200,0
23.280000,0.579381,0.340719,-1.162893,0.346830,-0.520049,-1.997953,0.891628,3.510500,0
23.300000,0.574945,0.352215,-1.155269,0.344099,-0.521293,-1.997956,0.903496,3.436100,0
23.320000,0.583606,0.333204,-1.162859,0.341367,-0.522537,-1.997957,0.889366,3.439100,0
23.340000,0.581971,0.333161,-1.166648,0.338636,-0.523780,-1.997958,0.890820,3.462600,0
23.360000,0.586420,0.328480,-1.177035,0.335905,-0.525024,-1.997959,0.889509,3.443100,0
23.380000,0.588319,0.320757,-1.173448,0.333174,-0.526267,-1.997960,0.884618,3.443600,0
23.400000,0.579114,0.337815,-1.138841,0.330443,-0.527510,-1.997960,0.900347,3.371400,0
23.420000,0.586620,0.316040,-1.177437,0.327713,-0.528753,-1.997961,0.883577,3.463800,0
23.440000,0.586012,0.319676,-1.166859,0.324982,-0.529997,-1.997961,0.888865,3.404500,0
23.460000,0.589941,0.314793,-1.157344,0.322252,-0.531240,-1.997962,0.887372,3.550200,0
23.480000,0.584611,0.328125,-1.134067,0.319521,-0.532483,-1.997962,0.900510,3.429300,0
23.500000,0.591731,0.309127,-1.164056,0.316791,-0.533726,-1.997962,0.886563,3.445400,0
23.520000,0.591489,0.313304,-1.152980,0.314060,-0.534969,-1.997962,0.892487,3.399000,0
23.540000,0.590587,0.311402,-1.179516,0.313588,-0.534974,-1.980198,0.890551,3.487600,0
23.560000,0.589361,0.313725,-1.198651,0.313523,-0.534968,-1.961369,0.892393,3.604000,0
23.580000,0.589199,0.315822,-1.212217,0.313525,-0.534966,-1.943381,0.894336,3.500600,0
23.600000,0.596242,0.298767,-1.250776,0.313528,-0.534963,-1.925392,0.880360,3.442700,0
23.620000,0.591945,0.307310,-1.255885,0.313529,-0.534961,-1.907402,0.887094,3.423300,0
23.640000,0.590864,0.311540,-1.271043,0.313531,-0.534959,-1.889410,0.890772,3.447700,0
23.660000,0.593806,0.307546,-1.282064,0.313531,-0.534957,-1.871419,0.887900,5.065300,0
23.680000,0.595086,0.309795,-1.315099,0.313532,-0.534955,-1.853427,0.890435,3.702500,0
23.700000,0.595568,0.310810,-1.324186,0.313533,-0.534953,-1.835436,0.891549,3.454500,0
23.720000,0.593733,0.315957,-1.328889,0.313533,-0.534951,-1.817446,0.895855,3.533000,0
23.740000,0.591821,0.323020,-1.337267,0.313533,-0.534949,-1.799456,0.901973,3.723800,0
23.760000,0.595217,0.316566,-1.391160,0.313534,-0.534947,-1.781468,0.896895,3.749400,0
23.780000,0.598995,0.303649,-1.403666,0.313534,-0.534945,-1.763480,0.885849,3.891600,0
23.800000,0.596030,0.321960,-1.408944,0.313534,-0.534942,-1.745492,0.902267,3.950400,0
23.820000,0.597853,0.309495,-1.425880,0.313534,-0.534940,-1.727506,0.891015,4.094100,0
23.840000,0.598397,0.312693,-1.441485,0.311237,-0.535324,-1.719883,0.895317,4.078100,0
23.860000,0.600503,0.301805,-1.451467,0.308266,-0.535769,-1.719886,0.887092,4.040800,0
23.880000,0.604499,0.294530,-1.443348,0.305296,-0.536214,-1.719897,0.882982,4.149500,0
23.900000,0.603292,0.305874,-1.422919,0.302326,-0.536659,-1.719905,0.894675,4.186100,0
23.920000,0.604386,0.307423,-1.441180,0.299357,-0.537105,-1.719911,0.897925,4.085500,0
23.940000,0.604879,0.295807,-1.447164,0.296388,-0.537550,-1.719916,0.888623,4.099100,0
23.960000,0.600661,0.303870,-1.424514,0.293420,-0.537996,-1.719919,0.896178,4.157600,0
23.980000,0.599670,0.307304,-1.430269,0.290452,-0.538442,-1.719921,0.900501,4.105000,0
24.000000,0.599854,0.293150,-1.426250,0.287485,-0.538888,-1.719922,0.888742,4.116100,0
24.020000,0.601291,0.286472,-1.424712,0.284517,-0.539334,-1.719923,0.884478,4.106300,0
24.040000,0.601840,0.286594,-1.427575,0.281550,-0.539780,-1.719924,0.886273,6.279100,0
24.060000,0.604875,0.272051,-1.437396,0.278583,-0.540226,-1.719924,0.875363,3.324800,0
24.080000,0.605647,0.281289,-1.434183,0.275615,-0.540672,-1.719925,0.885743,3.417900,0
24.100000,0.607160,0.276083,-1.439723,0.272649,-0.541118,-1.719926,0.883015,3.328800,0
24.120000,0.608969,0.268815,-1.433204,0.269682,-0.541563,-1.719927,0.878538,3.655600,0
24.140000,0.610457,0.258228,-1.435444,0.266715,-0.542009,-1.719927,0.870941,3.445500,0
24.160000,0.606790,0.270645,-1.455605,0.263748,-0.542455,-1.719928,0.882502,3.360000,0
24.180000,0.608046,0.255897,-1.438114,0.260781,-0.542901,-1.719928,0.871018,3.432100,0
24.200000,0.606932,0.262878,-1.439307,0.257814,-0.543347,-1.719928,0.878568,3.743300,0
24.220000,0.607394,0.254497,-1.437483,0.254847,-0.543793,-1.719928,0.872671,3.449000,0
24.240000,0.608358,0.248355,-1.445604,0.251881,-0.544238,-1.719928,0.869069,3.421400,0
24.260000,0.608573,0.240149,-1.446125,0.248914,-0.544684,-1.719928,0.863318,3.425400,0
24.280000,0.609244,0.242257,-1.447170,0.245947,-0.545130,-1.719928,0.867158,3.540100,0
24.300000,0.608527,0.245641,-1.445150,0.242981,-0.545576,-1.719928,0.871578,3.431800,0
24.320000,0.608643,0.245059,-1.449566,0.242275,-0.545621,-1.707469,0.871436,3.502400,0
24.340000,0.606279,0.253009,-1.453378,0.242103,-0.545595,-1.687471,0.877720,3.448200,0
24.360000,0.606313,0.240004,-1.502415,0.242106,-0.545593,-1.669483,0.865916,3.463800,0
24.380000,0.607421,0.246106,-1.501857,0.242109,-0.545592,-1.651495,0.871916,5.684200,0
24.400000,0.609087,0.253201,-1.514408,0.242111,-0.545590,-1.633505,0.879056,4.541700,0
24.420000,0.608923,0.253674,-1.528714,0.242113,-0.545589,-1.615515,0.879416,3.445400,0
24.440000,0.612760,0.252380,-1.565113,0.242115,-0.545587,-1.597525,0.879846,3.579100,0
24.460000,0.614140,0.233844,-1.562245,0.239968,-0.545685,-1.587914,0.864679,3.656100,0
24.480000,0.613744,0.228399,-1.565672,0.236966,-0.545734,-1.587917,0.860955,3.517200,0
24.500000,0.610048,0.228061,-1.585894,0.233963,-0.545783,-1.587921,0.860392,3.387600,0
24.520000,0.610842,0.237888,-1.569638,0.230961,-0.545833,-1.587925,0.870935,3.448200,0
24.540000,0.611147,0.224498,-1.570230,0.227960,-0.545884,-1.587928,0.860419,3.480100,0
24.560000,0.611352,0.218547,-1.589165,0.224958,-0.545935,-1.587931,0.856583,3.434800,0
24.580000,0.611041,0.229811,-1.559245,0.221958,-0.545985,-1.587933,0.867896,3.453100,0
24.600000,0.609431,0.220745,-1.565537,0.218957,-0.546037,-1.587935,0.860479,3.446700,0
24.620000,0.611721,0.209471,-1.578549,0.215957,-0.546088,-1.587937,0.852935,3.487200,0
24.640000,0.613124,0.212870,-1.569324,0.212957,-0.546139,-1.587938,0.858037,3.464200,0
24.660000,0.612962,0.226884,-1.574272,0.209956,-0.546191,-1.587939,0.871813,3.412300,0
24.680000,0.613249,0.209239,-1.564125,0.206957,-0.546242,-1.587940,0.857803,3.433400,0
24.700000,0.612559,0.208812,-1.566441,0.203957,-0.546293,-1.587940,0.858568,3.463600,0
24.720000,0.614067,0.206982,-1.579024,0.200957,-0.546345,-1.587941,0.859163,3.547400,0
24.740000,0.613773,0.198564,-1.566572,0.197957,-0.546396,-1.587941,0.853152,3.430300,0
24.760000,0.612960,0.203248,-1.569186,0.194957,-0.546448,-1.587941,0.858353,3.530500,0
24.780000,0.611780,0.189284,-1.585333,0.191958,-0.546499,-1.587941,0.847129,3.511600,0
24.800000,0.612814,0.185408,-1.580910,0.188958,-0.546551,-1.587942,0.845824,3.815500,0
24.820000,0.612918,0.186966,-1.570123,0.185958,-0.546602,-1.587942,0.848774,3.476500,0
24.840000,0.614905,0.199552,-1.537193,0.182959,-0.546654,-1.587942,0.862207,3.459700,0
24.860000,0.614089,0.177942,-1.568649,0.179959,-0.546705,-1.587942,0.844737,3.547300,0
24.880000,0.613833,0.189697,-1.572038,0.176959,-0.546757,-1.587942,0.856284,3.523600,0
24.900000,0.613520,0.168573,-1.573710,0.173960,-0.546808,-1.587942,0.839633,3.579300,0
24.920000,0.613523,0.185262,-1.558913,0.170960,-0.546860,-1.587942,0.855491,3.550500,0
24.940000,0.613821,0.177190,-1.559996,0.167961,-0.546911,-1.587942,0.850361,3.529400,0
24.960000,0.612790,0.181864,-1.551457,0.164961,-0.546962,-1.587942,0.855417,3.550900,0
24.980000,0.611657,0.178370,-1.565954,0.161962,-0.547014,-1.587942,0.853468,3.773000,0
25.000000,0.612699,0.154552,-1.562879,0.158962,-0.547065,-1.587942,0.835550,3.363300,0
25.020000,0.612065,0.147980,-1.576505,0.155962,-0.547117,-1.587942,0.831378,3.406100,0
25.040000,0.612416,0.155041,-1.574263,0.152963,-0.547168,-1.587942,0.839163,3.353800,0
25.060000,0.612478,0.156660,-1.563225,0.149963,-0.547220,-1.587942,0.842240,3.524200,0
25.080000,0.611988,0.136434,-1.582277,0.146964,-0.547271,-1.587942,0.826861,3.770800,0
25.100000,0.610957,0.135782,-1.570189,0.143964,-0.547322,-1.587942,0.827474,3.473000,0
25.120000,0.612804,0.140547,-1.570770,0.140965,-0.547374,-1.587942,0.834186,3.486200,0
25.140000,0.613121,0.140781,-1.582796,0.137965,-0.547425,-1.587942,0.836302,3.497300,0
25.160000,0.610988,0.144233,-1.566860,0.134966,-0.547477,-1.587942,0.839678,3.652700,0
25.180000,0.611064,0.133813,-1.567082,0.131966,-0.547528,-1.587942,0.832923,3.460300,0
25.200000,0.608844,0.127848,-1.580137,0.128966,-0.547580,-1.587942,0.828544,3.452500,0
25.220000,0.609216,0.112476,-1.583638,0.125967,-0.547631,-1.587942,0.818090,3.579600,0
25.240000,0.609838,0.125011,-1.570956,0.122967,-0.547683,-1.587942,0.830398,3.522500,0
25.260000,0.609371,0.115720,-1.566634,0.119968,-0.547734,-1.587942,0.824431,3.747100,0
25.280000,0.609800,0.130637,-1.568989,0.116968,-0.547785,-1.587942,0.838534,6.917500,0
25.300000,0.611372,0.126433,-1.557840,0.113969,-0.547837,-1.587942,0.837884,4.929200,0
25.320000,0.611751,0.112359,-1.565973,0.110969,-0.547888,-1.587942,0.828679,3.616800,0
25.340000,0.611831,0.098807,-1.564267,0.107969,-0.547940,-1.587942,0.819853,3.354000,0
25.360000,0.612348,0.102673,-1.571791,0.104970,-0.547991,-1.587942,0.825104,3.463000,0
25.380000,0.609910,0.093481,-1.586537,0.101970,-0.548043,-1.587942,0.818264,3.472500,0
25.400000,0.609689,0.112168,-1.573956,0.098971,-0.548094,-1.587942,0.834733,4.043200,0
25.420000,0.610486,0.094881,-1.581138,0.095971,-0.548145,-1.587942,0.823534,3.509900,0
25.440000,0.611073,0.103837,-1.559774,0.092972,-0.548197,-1.587942,0.832813,3.535600,0
25.460000,0.609856,0.093002,-1.558592,0.089972,-0.548248,-1.587942,0.825519,3.607400,0
25.480000,0.610263,0.094602,-1.565725,0.086973,-0.548300,-1.587942,0.828948,3.640400,0
25.500000,0.611553,0.080265,-1.562817,0.083973,-0.548351,-1.587942,0.820670,3.584500,0
25.520000,0.612335,0.080797,-1.573548,0.080973,-0.548403,-1.587942,0.823552,3.654500,0
25.540000,0.613378,0.081323,-1.580274,0.077974,-0.548454,-1.587942,0.826606,3.538700,0
25.560000,0.611552,0.077740,-1.564112,0.074974,-0.548505,-1.587942,0.824680,3.635500,0
25.580000,0.610009,0.075059,-1.574155,0.071975,-0.548557,-1.587942,0.823637,3.784500,0
25.600000,0.609866,0.058539,-1.582863,0.068975,-0.548608,-1.587942,0.813136,3.670200,0
25.620000,0.608450,0.057543,-1.566348,0.065976,-0.548660,-1.587942,0.813486,3.637900,0
25.640000,0.609867,0.060289,-1.583139,0.062976,-0.548711,-1.587942,0.818517,3.658200,0
25.660000,0.611074,0.065506,-1.565333,0.059977,-0.548763,-1.587942,0.825248,3.668900,0
25.680000,0.611545,0.056819,-1.584670,0.056977,-0.548814,-1.587942,0.821180,3.618600,0
25.700000,0.610654,0.063900,-1.569897,0.053977,-0.548865,-1.587942,0.827871,3.659600,0
25.720000,0.611191,0.049708,-1.569759,0.050978,-0.548917,-1.587942,0.819872,3.665200,0
25.740000,0.611901,0.060777,-1.545321,0.047978,-0.548968,-1.587942,0.830541,3.765900,0
25.760000,0.610432,0.042726,-1.580528,0.044979,-0.549020,-1.587942,0.818474,3.663400,0
25.780000,0.610890,0.050489,-1.549573,0.041979,-0.549071,-1.587942,0.826518,3.659100,0
25.800000,0.610476,0.044536,-1.578873,0.038980,-0.549123,-1.587942,0.824038,3.632600,0
25.820000,0.612312,0.024897,-1.579257,0.035980,-0.549174,-1.587942,0.813460,3.773600,0
25.840000,0.610284,0.018974,-1.584034,0.032980,-0.549226,-1.587942,0.810019,4.242600,0
25.860000,0.610441,0.021230,-1.575437,0.029981,-0.549277,-1.587942,0.813887,3.682300,0
25.880000,0.611287,0.035771,-1.564466,0.026981,-0.549328,-1.587942,0.826894,3.763600,0
25.900000,0.611020,0.021755,-1.581105,0.023982,-0.549380,-1.587942,0.819029,3.868700,0
25.920000,0.610895,0.016552,-1.576439,0.020982,-0.549431,-1.587942,0.817517,3.667900,0
25.940000,0.609436,0.022329,-1.587911,0.017983,-0.549483,-1.587942,0.822670,3.744800,0
25.960000,0.611021,0.016200,-1.565356,0.014983,-0.549534,-1.587942,0.821776,3.724600,0
25.980000,0.611691,0.023375,-1.558154,0.011984,-0.549586,-1.587942,0.829417,3.753800,0
26.000000,0.610871,0.009856,-1.570938,0.008984,-0.549637,-1.587942,0.821767,4.038300,0
26.020000,0.610901,0.007100,-1.563698,0.005984,-0.549688,-1.587942,0.822154,3.718400,0
26.040000,0.611637,0.010631,-1.577847,0.002985,-0.549740,-1.587942,0.827328,3.697700,0
26.060000,0.611307,-0.000756,-1.568685,-0.000015,-0.549791,-1.587942,0.821678,3.747000,0
26.080000,0.609965,-0.011404,-1.576756,-0.003014,-0.549843,-1.587942,0.815880,3.892500,0
26.100000,0.609974,-0.004865,-1.577245,-0.006014,-0.549894,-1.587942,0.822495,3.721800,0
26.120000,0.610482,-0.006946,-1.570494,-0.009013,-0.549946,-1.587942,0.823786,3.755200,0
26.140000,0.611295,0.001808,-1.567073,-0.012013,-0.549997,-1.587942,0.832467,3.706100,0
26.160000,0.609990,-0.011874,-1.556420,-0.015012,-0.550048,-1.587942,0.824778,3.973600,0
26.180000,0.610175,-0.019467,-1.584773,-0.018012,-0.550100,-1.587942,0.822308,3.741400,0
26.200000,0.610820,-0.016384,-1.556665,-0.021012,-0.550151,-1.587942,0.827115,3.759800,0
26.220000,0.610002,-0.020514,-1.573511,-0.024011,-0.550203,-1.587942,0.826162,3.750500,0
26.240000,0.609405,-0.007169,-1.554041,-0.027011,-0.550254,-1.587942,0.836640,3.968700,0
26.260000,0.610310,-0.028628,-1.572979,-0.030010,-0.550306,-1.587942,0.825929,3.767300,0
26.280000,0.611015,-0.024107,-1.567318,-0.033010,-0.550357,-1.587942,0.831690,3.759600,0
26.300000,0.611499,-0.035226,-1.558356,-0.036009,-0.550408,-1.587942,0.827453,3.732100,0
26.320000,0.611911,-0.033589,-1.567552,-0.039009,-0.550460,-1.587942,0.831176,3.891100,0
26.340000,0.612804,-0.046821,-1.575996,-0.042008,-0.550511,-1.587942,0.826125,3.757400,0
26.360000,0.610786,-0.039125,-1.549813,-0.045008,-0.550563,-1.587942,0.831646,3.785200,0
26.380000,0.610395,-0.041679,-1.567349,-0.048008,-0.550614,-1.587942,0.832172,3.762200,0
26.400000,0.609788,-0.038546,-1.565471,-0.051007,-0.550666,-1.587942,0.836013,3.997800,0
26.420000,0.610799,-0.053989,-1.574391,-0.054007,-0.550717,-1.587942,0.829883,3.375900,0
26.440000,0.611503,-0.066343,-1.563685,-0.057006,-0.550769,-1.587942,0.825574,3.343900,0
26.460000,0.611202,-0.061439,-1.580024,-0.060006,-0.550820,-1.587942,0.830671,3.312300,0
26.480000,0.612216,-0.055142,-1.571178,-0.063005,-0.550871,-1.587942,0.837658,3.313800,0
26.500000,0.612138,-0.059772,-1.582434,-0.066005,-0.550923,-1.587942,0.837321,3.370500,0
26.520000,0.613777,-0.072517,-1.577353,-0.069005,-0.550974,-1.587942,0.833734,3.284900,0
26.540000,0.612702,-0.071282,-1.565135,-0.072004,-0.551026,-1.587942,0.836048,3.315300,0
26.560000,0.611228,-0.067706,-1.566437,-0.075004,-0.551077,-1.587942,0.839382,4.602900,0
26.580000,0.610984,-0.076736,-1.556837,-0.078003,-0.551129,-1.587942,0.836511,3.474800,0
26.600000,0.609813,-0.075561,-1.577358,-0.078928,-0.551116,-1.578443,0.836968,3.359600,0
26.620000,0.609657,-0.068628,-1.594692,-0.079101,-0.551114,-1.558446,0.840940,3.291000,0
26.640000,0.609361,-0.074402,-1.609489,-0.079117,-0.551113,-1.540232,0.837410,3.258000,0
26.660000,0.609846,-0.071196,-1.631025,-0.079114,-0.551112,-1.522244,0.839634,3.368700,0
26.680000,0.610174,-0.076041,-1.656337,-0.079112,-0.551111,-1.504254,0.837142,3.419400,0
26.700000,0.610028,-0.074841,-1.673688,-0.079110,-0.551110,-1.486265,0.837701,3.331500,0
26.720000,0.608925,-0.083328,-1.699947,-0.079108,-0.551109,-1.468275,0.831991,3.280600,0
26.740000,0.612297,-0.081308,-1.711920,-0.079106,-0.551108,-1.450286,0.835912,3.300600,0
26.760000,0.613335,-0.073496,-1.718616,-0.079100,-0.551107,-1.432235,0.841177,3.331800,0
26.780000,0.612092,-0.085667,-1.740675,-0.079093,-0.551106,-1.414178,0.833289,3.512500,0
26.800000,0.613680,-0.084047,-1.763455,-0.081386,-0.550720,-1.406519,0.837198,3.389700,0
26.820000,0.615843,-0.070802,-1.747134,-0.084348,-0.550228,-1.406521,0.848597,3.468400,0
26.840000,0.612682,-0.092656,-1.759330,-0.087311,-0.549735,-1.406523,0.836009,3.404400,0
26.860000,0.616865,-0.070109,-1.731629,-0.090273,-0.549243,-1.406529,0.854174,3.562500,0
26.880000,0.613305,-0.088048,-1.751978,-0.093234,-0.548752,-1.406534,0.843472,3.305500,0
26.900000,0.613608,-0.089227,-1.740253,-0.096196,-0.548260,-1.406537,0.845301,3.258800,0
26.920000,0.610206,-0.098965,-1.745555,-0.099157,-0.547769,-1.406540,0.839417,3.332800,0
26.940000,0.610832,-0.098461,-1.749515,-0.102117,-0.547278,-1.406543,0.842456,3.241800,0
26.960000,0.611220,-0.095671,-1.754005,-0.105078,-0.546788,-1.406545,0.846516,3.375600,0
26.980000,0.612785,-0.101618,-1.744547,-0.108038,-0.546297,-1.406547,0.846951,3.227600,0
27.000000,0.615680,-0.094309,-1.740512,-0.110998,-0.545807,-1.406548,0.855518,3.238600,0
27.020000,0.614575,-0.102041,-1.731651,-0.113958,-0.545316,-1.406549,0.852792,3.275100,0
27.040000,0.612322,-0.113737,-1.749833,-0.116918,-0.544826,-1.406550,0.847130,3.340100,0
27.060000,0.610603,-0.115047,-1.764675,-0.117644,-0.544741,-1.394393,0.845565,3.453600,0
27.080000,0.610756,-0.109879,-1.774582,-0.117815,-0.544710,-1.374393,0.848465,3.426300,0
27.100000,0.611955,-0.106768,-1.788491,-0.117813,-0.544710,-1.356386,0.851090,3.397800,0
27.120000,0.613734,-0.110236,-1.807590,-0.117809,-0.544709,-1.338398,0.850837,3.520200,0
27.140000,0.613030,-0.113227,-1.843311,-0.117806,-0.544709,-1.320396,0.848704,3.621900,0
27.160000,0.609998,-0.127025,-1.872959,-0.117801,-0.544708,-1.302384,0.839137,3.548700,0
27.180000,0.612724,-0.109240,-1.840083,-0.117797,-0.544708,-1.284367,0.850467,3.464400,0
27.200000,0.609573,-0.123395,-1.898943,-0.117793,-0.544707,-1.266348,0.840574,3.528600,0
27.220000,0.612770,-0.111643,-1.899621,-0.117789,-0.544706,-1.248328,0.849270,3.561000,0
27.240000,0.612567,-0.109603,-1.914424,-0.117785,-0.544705,-1.230309,0.850134,3.808500,0
27.260000,0.611367,-0.113740,-1.937055,-0.117781,-0.544704,-1.212291,0.846987,3.349600,0
27.280000,0.613994,-0.110621,-1.962463,-0.117777,-0.544703,-1.194274,0.850832,3.289100,0
27.300000,0.611269,-0.124722,-1.981654,-0.117773,-0.544702,-1.176259,0.841359,3.289100,0
27.320000,0.616553,-0.114313,-2.001180,-0.117770,-0.544701,-1.158247,0.851155,3.463800,0
27.340000,0.619013,-0.103021,-2.013239,-0.117767,-0.544700,-1.140236,0.859025,3.278900,0
27.360000,0.610463,-0.121998,-2.034468,-0.117764,-0.544699,-1.122227,0.842016,3.278400,0
27.380000,0.616053,-0.109766,-2.037800,-0.117761,-0.544698,-1.104220,0.853023,3.286700,0
27.400000,0.615265,-0.116827,-2.055748,-0.117758,-0.544697,-1.086214,0.848761,3.350400,0
27.420000,0.616860,-0.116503,-2.079695,-0.117755,-0.544696,-1.068210,0.850299,3.658200,0
27.440000,0.615936,-0.118513,-2.116477,-0.117753,-0.544695,-1.050207,0.848487,3.430400,0
27.460000,0.617893,-0.117413,-2.123563,-0.117750,-0.544694,-1.032205,0.850729,3.487300,0
27.480000,0.622761,-0.113337,-2.142753,-0.117748,-0.544693,-1.014205,0.856984,3.630800,0
27.500000,0.620291,-0.116469,-2.152747,-0.117745,-0.544692,-0.996205,0.853272,3.598700,0
27.520000,0.622657,-0.111294,-2.167775,-0.117743,-0.544691,-0.978207,0.857919,3.573600,0
27.540000,0.614554,-0.127778,-2.203417,-0.117741,-0.544690,-0.960209,0.842658,3.574800,0
27.560000,0.627128,-0.110652,-2.213728,-0.117739,-0.544689,-0.942212,0.862100,3.612100,0
27.580000,0.629396,-0.112821,-2.215715,-0.117736,-0.544688,-0.924216,0.862969,3.693400,0
27.600000,0.622361,-0.119109,-2.248539,-0.117734,-0.544687,-0.906221,0.853731,4.182600,0
27.620000,0.622876,-0.122803,-2.269885,-0.117732,-0.544686,-0.888226,0.852341,3.230900,0
27.640000,0.619670,-0.128602,-2.287180,-0.117730,-0.544685,-0.870232,0.846690,3.149900,0
27.660000,0.628175,-0.119449,-2.300952,-0.117728,-0.544684,-0.852238,0.858601,3.304300,0
27.680000,0.626025,-0.123605,-2.322841,-0.117726,-0.544683,-0.834245,0.854677,3.148600,0
27.700000,0.627003,-0.123627,-2.351973,-0.117724,-0.544682,-0.816252,0.855515,3.598100,0
27.720000,0.622419,-0.129660,-2.369499,-0.117722,-0.544681,-0.798260,0.848559,3.241200,0
27.740000,0.622993,-0.128910,-2.374622,-0.117720,-0.544680,-0.780268,0.849423,3.149600,0
27.760000,0.626218,-0.126826,-2.390862,-0.117718,-0.544680,-0.762276,0.853254,3.247300,0
27.780000,0.623428,-0.127601,-2.400999,-0.119653,-0.542653,-0.759999,0.851139,3.395400,0
27.800000,0.614884,-0.135094,-2.409140,-0.121722,-0.540475,-0.760006,0.840787,3.359000,0
27.820000,0.621927,-0.126563,-2.398832,-0.123791,-0.538298,-0.760015,0.851834,3.240400,0
27.840000,0.620438,-0.129874,-2.388419,-0.125860,-0.536122,-0.760024,0.849705,3.254600,0
27.860000,0.614297,-0.131800,-2.383009,-0.127929,-0.533946,-0.760030,0.844168,3.504200,0
27.880000,0.609538,-0.134301,-2.401612,-0.129997,-0.531770,-0.760035,0.839579,4.001900,0
27.900000,0.598458,-0.144315,-2.397780,-0.132065,-0.529595,-0.760039,0.825896,3.199700,0
27.920000,0.608275,-0.136910,-2.392889,-0.134133,-0.527420,-0.760041,0.838849,3.830400,0
27.940000,0.595558,-0.150337,-2.391857,-0.136201,-0.525245,-0.760043,0.822209,5.880000,0
27.960000,0.596746,-0.146630,-2.400172,-0.138269,-0.523070,-0.760045,0.825805,4.287400,0
27.980000,0.596008,-0.147318,-2.405523,-0.140336,-0.520896,-0.760046,0.825690,3.298300,0
28.000000,0.586858,-0.154388,-2.410861,-0.142403,-0.518721,-0.760047,0.815206,3.359200,0
28.020000,0.588792,-0.157562,-2.390965,-0.144471,-0.516546,-0.760047,0.816422,3.524900,0
28.040000,0.582133,-0.164431,-2.422909,-0.146538,-0.514372,-0.760048,0.808344,3.815000,0
28.060000,0.596568,-0.151025,-2.416885,-0.148605,-0.512197,-0.760048,0.828087,3.676000,0
28.080000,0.588556,-0.156464,-2.395945,-0.150672,-0.510023,-0.760049,0.819428,3.712400,0
28.100000,0.591318,-0.155450,-2.387594,-0.152739,-0.507849,-0.760049,0.823290,3.767100,0
28.120000,0.590348,-0.159252,-2.377364,-0.154806,-0.505674,-0.760049,0.821744,3.864700,0
28.140000,0.586859,-0.165138,-2.407095,-0.156873,-0.503500,-0.760049,0.817083,3.786200,0
28.160000,0.578102,-0.172037,-2.386193,-0.158940,-0.501325,-0.760049,0.807255,3.696500,0
28.180000,0.583393,-0.166116,-2.405827,-0.159176,-0.501076,-0.742412,0.814620,3.735900,0
28.200000,0.576283,-0.173085,-2.439297,-0.159186,-0.501062,-0.724181,0.805285,3.821200,0
28.220000,0.583333,-0.165177,-2.452095,-0.159183,-0.501064,-0.706193,0.814954,3.790100,0
28.240000,0.583295,-0.164067,-2.466862,-0.159181,-0.501066,-0.688203,0.815377,3.807500,0
28.260000,0.584975,-0.160932,-2.481649,-0.159178,-0.501067,-0.670210,0.818203,3.742500,0
28.280000,0.586970,-0.159730,-2.497850,-0.159175,-0.501067,-0.652215,0.820514,3.829300,0
28.300000,0.584063,-0.161772,-2.507616,-0.159172,-0.501068,-0.634219,0.817019,3.761600,0
28.320000,0.585040,-0.163053,-2.543784,-0.159170,-0.501068,-0.616223,0.817376,3.799900,0
28.340000,0.581216,-0.168810,-2.568317,-0.159167,-0.501068,-0.598228,0.811518,3.722300,0
28.360000,0.585184,-0.168163,-2.569393,-0.159165,-0.501068,-0.580233,0.815403,3.660300,0
28.380000,0.587291,-0.168122,-2.591746,-0.159162,-0.501068,-0.562238,0.817341,3.889700,0
28.400000,0.587892,-0.167783,-2.608232,-0.159160,-0.501067,-0.544245,0.818025,3.798800,0
28.420000,0.585443,-0.170447,-2.636549,-0.159158,-0.501067,-0.526252,0.814703,3.736100,0
28.440000,0.588975,-0.168340,-2.656083,-0.159155,-0.501067,-0.508261,0.818783,3.750100,0
28.460000,0.588177,-0.171898,-2.673949,-0.159153,-0.501066,-0.490270,0.816611,3.969200,0
28.480000,0.581132,-0.172498,-2.674925,-0.160565,-0.498918,-0.490200,0.810348,3.751100,0
28.500000,0.576197,-0.178080,-2.670712,-0.161979,-0.496269,-0.490207,0.803833,3.754100,0
28.520000,0.581675,-0.175574,-2.661759,-0.163394,-0.493619,-0.490217,0.810111,3.647400,0
28.540000,0.571426,-0.180703,-2.667980,-0.164808,-0.490970,-0.490224,0.798940,3.881800,0
28.560000,0.572240,-0.180316,-2.673101,-0.166222,-0.488322,-0.490230,0.800121,3.413000,0
28.580000,0.567211,-0.183055,-2.674833,-0.167636,-0.485674,-0.490234,0.794719,3.327200,0
28.600000,0.560663,-0.185836,-2.675761,-0.169050,-0.483026,-0.490237,0.787910,3.321500,0
28.620000,0.566669,-0.182546,-2.657577,-0.170463,-0.480378,-0.490238,0.795026,3.252900,0
28.640000,0.564678,-0.182914,-2.666296,-0.171876,-0.477731,-0.490239,0.793366,3.314100,0
28.660000,0.564956,-0.183914,-2.692885,-0.171884,-0.477310,-0.472503,0.793104,3.187400,0
28.680000,0.555819,-0.188335,-2.700530,-0.171890,-0.477296,-0.454301,0.782981,3.161800,0
28.700000,0.566125,-0.183712,-2.710023,-0.171887,-0.477299,-0.436314,0.794264,3.204100,0
28.720000,0.564053,-0.183968,-2.740353,-0.171885,-0.477301,-0.418325,0.792243,3.359500,0
28.740000,0.558468,-0.189453,-2.761452,-0.171883,-0.477303,-0.400335,0.785029,3.503900,0
28.760000,0.562069,-0.188819,-2.771264,-0.171881,-0.477304,-0.382343,0.788610,3.356600,0
28.780000,0.565617,-0.186663,-2.789992,-0.171879,-0.477305,-0.364351,0.792700,3.369600,0
28.800000,0.567160,-0.188919,-2.812097,-0.171877,-0.477305,-0.346360,0.793311,3.358500,0
28.820000,0.560480,-0.189767,-2.816401,-0.171875,-0.477306,-0.328368,0.786780,3.627000,0
28.840000,0.566517,-0.185200,-2.849570,-0.171873,-0.477306,-0.310378,0.794069,3.405400,0
28.860000,0.561266,-0.189601,-2.860603,-0.171871,-0.477306,-0.292388,0.787569,3.416200,0
28.880000,0.561037,-0.187262,-2.893496,-0.171869,-0.477306,-0.274399,0.788211,3.454600,0
28.900000,0.566789,-0.188292,-2.888635,-0.171867,-0.477307,-0.256410,0.793185,3.497700,0
28.920000,0.559493,-0.191393,-2.927840,-0.171865,-0.477307,-0.238422,0.785259,3.488700,0
28.940000,0.571359,-0.188924,-2.931453,-0.171863,-0.477306,-0.220435,0.797210,3.475100,0
28.960000,0.571245,-0.189087,-2.939109,-0.171861,-0.477306,-0.202449,0.797042,3.459700,0
28.980000,0.565562,-0.191621,-2.973765,-0.171859,-0.477306,-0.184463,0.790826,3.502400,0
29.000000,0.567261,-0.189374,-2.984594,-0.171857,-0.477306,-0.166477,0.793221,3.523200,0
29.020000,0.570673,-0.188373,-2.970902,-0.172266,-0.475000,-0.158996,0.796313,3.501100,0
29.040000,0.565361,-0.188634,-2.984964,-0.172740,-0.472035,-0.158999,0.790638,3.475200,0
29.060000,0.555248,-0.194562,-2.991383,-0.173215,-0.469068,-0.159011,0.778468,3.506900,0
29.080000,0.548518,-0.196688,-3.010739,-0.173689,-0.466103,-0.159020,0.770823,3.667200,0
29.100000,0.552042,-0.196911,-3.021604,-0.174164,-0.463139,-0.159027,0.773468,3.526000,0
29.120000,0.547008,-0.197816,-3.006247,-0.174640,-0.460175,-0.159031,0.767859,3.498700,0
29.140000,0.538253,-0.200287,-3.009836,-0.175115,-0.457211,-0.159034,0.758224,3.526800,0
29.160000,0.528679,-0.202549,-2.989002,-0.175590,-0.454247,-0.159036,0.747894,3.522800,0
29.180000,0.536669,-0.201174,-3.001248,-0.176066,-0.451284,-0.159037,0.755345,3.669200,0
29.200000,0.539469,-0.200830,-2.993990,-0.176541,-0.448321,-0.159038,0.757576,3.507200,0
29.220000,0.542296,-0.201600,-3.019578,-0.177016,-0.445359,-0.159039,0.759492,3.483400,0
29.240000,0.527975,-0.201258,-3.001788,-0.177492,-0.442396,-0.159040,0.745541,3.556200,0
29.260000,0.536312,-0.198206,-3.003823,-0.177967,-0.439433,-0.159041,0.753913,3.669400,0
29.280000,0.523059,-0.200971,-3.002659,-0.178442,-0.436471,-0.159041,0.739975,3.315300,0
29.300000,0.522922,-0.202716,-3.005743,-0.178917,-0.433509,-0.159042,0.738812,3.171300,0
29.320000,0.507834,-0.205491,-2.997365,-0.179393,-0.430546,-0.159043,0.723140,3.206300,0
29.340000,0.504306,-0.203934,-3.010641,-0.179868,-0.427584,-0.159043,0.719801,3.152100,0
29.360000,0.520058,-0.202367,-2.988848,-0.179938,-0.426889,-0.146440,0.735123,3.298800,0
29.380000,0.519417,-0.201580,-3.019008,-0.179910,-0.426717,-0.126441,0.734673,3.256800,0
29.400000,0.523570,-0.200404,-3.034863,-0.179909,-0.426720,-0.108439,0.738986,3.211900,0
29.420000,0.512810,-0.203400,-3.071800,-0.179907,-0.426722,-0.090450,0.727825,3.159000,0
29.440000,0.500715,-0.203815,-3.085701,-0.179906,-0.426725,-0.072461,0.716194,3.217500,0
29.460000,0.520455,-0.203438,-3.103947,-0.179904,-0.426727,-0.054471,0.735092,3.311900,0
29.480000,0.514702,-0.202207,-3.117987,-0.179903,-0.426728,-0.036482,0.729990,3.225900,0
29.500000,0.509792,-0.199991,-3.123656,-0.179901,-0.426729,-0.018492,0.726007,3.226800,0
29.520000,0.517640,-0.202957,3.124104,-0.179900,-0.426730,-0.000504,0.732555,3.272400,0
29.540000,0.514998,-0.204258,3.103684,-0.179899,-0.426731,0.017484,0.729641,3.346100,0
29.560000,0.518629,-0.205996,3.085159,-0.179898,-0.426732,0.035471,0.732574,3.423600,0
29.580000,0.509585,-0.209121,3.102849,-0.179813,-0.424575,0.044975,0.722281,3.320000,0
29.600000,0.512919,-0.207263,3.093088,-0.179676,-0.421575,0.044972,0.724995,3.337100,0
29.620000,0.503316,-0.206510,3.081859,-0.179539,-0.418575,0.044968,0.715026,3.394900,0
29.640000,0.501860,-0.206564,3.085292,-0.179403,-0.415575,0.044961,0.712604,3.478200,0
29.660000,0.502871,-0.205711,3.078545,-0.179267,-0.412576,0.044956,0.712815,3.398200,0
29.680000,0.500978,-0.205074,3.062950,-0.179132,-0.409578,0.044951,0.710191,3.388400,0
29.700000,0.490629,-0.204113,3.078789,-0.178996,-0.406579,0.044948,0.699565,3.413800,0
29.720000,0.498085,-0.204766,3.092677,-0.178861,-0.403581,0.044945,0.705538,3.414700,0
29.740000,0.488214,-0.204715,3.074586,-0.178726,-0.400583,0.044942,0.695106,3.674900,0
29.760000,0.489445,-0.206133,3.085955,-0.178592,-0.397586,0.044940,0.694930,3.414000,0
29.780000,0.479756,-0.206670,3.090795,-0.178457,-0.394588,0.044939,0.684513,3.455800,0
29.800000,0.481461,-0.206464,3.095518,-0.178322,-0.391591,0.044938,0.685263,3.390600,0
29.820000,0.470824,-0.206381,3.082695,-0.178187,-0.388593,0.044937,0.674104,3.420600,0
29.840000,0.463361,-0.206606,3.082468,-0.178052,-0.385596,0.044936,0.665919,3.526100,0
29.860000,0.471680,-0.206714,3.095370,-0.177917,-0.382599,0.044936,0.672988,3.401400,0
29.880000,0.478973,-0.206601,3.072123,-0.177783,-0.379602,0.044936,0.679159,3.452600,0
29.900000,0.462674,-0.202764,3.082678,-0.177648,-0.376605,0.044936,0.663501,3.415200,0
29.920000,0.453231,-0.202734,3.077620,-0.177513,-0.373608,0.044935,0.653480,3.479000,0
29.940000,0.458438,-0.206345,3.078063,-0.177379,-0.370610,0.044935,0.656693,3.464200,0
29.960000,0.459232,-0.207293,3.070969,-0.177244,-0.367613,0.044935,0.656357,3.516000,0
29.980000,0.457690,-0.208319,3.069506,-0.177109,-0.364616,0.044935,0.653757,3.408600,0
30.000000,0.449110,-0.207149,3.097175,-0.176974,-0.361619,0.044935,0.644858,3.453100,0
30.020000,0.448284,-0.205360,3.080434,-0.176840,-0.358622,0.044935,0.643638,3.566700,0
30.040000,0.434254,-0.203696,3.082438,-0.176705,-0.355625,0.044935,0.629566,3.470200,0
30.060000,0.436297,-0.201126,3.081739,-0.176570,-0.352628,0.044935,0.631316,3.491000,0
30.080000,0.429240,-0.199633,3.094918,-0.176435,-0.349631,0.044935,0.623972,3.478100,0
30.100000,0.431121,-0.200614,3.087090,-0.176301,-0.346634,0.044935,0.624727,3.600100,0
30.120000,0.431421,-0.201173,3.082234,-0.176166,-0.343637,0.044935,0.624065,3.504800,0
30.140000,0.424952,-0.200377,3.072381,-0.176031,-0.340640,0.044935,0.617134,3.539800,0
30.160000,0.432644,-0.199634,3.090088,-0.175896,-0.337643,0.044935,0.623993,3.469900,0
30.180000,0.422542,-0.199905,3.082948,-0.175762,-0.334646,0.044935,0.613288,3.437300,0
30.200000,0.430009,-0.200616,3.095624,-0.175627,-0.331649,0.044935,0.619649,3.516200,0
30.220000,0.423593,-0.200697,3.082540,-0.175492,-0.328652,0.044935,0.612597,3.533500,0
30.240000,0.406803,-0.199789,3.073831,-0.175357,-0.325656,0.044935,0.595612,3.487000,0
30.260000,0.412824,-0.200576,3.070689,-0.175223,-0.322659,0.044935,0.600586,3.503600,0
30.280000,0.393954,-0.199641,3.061225,-0.175088,-0.319662,0.044935,0.581561,3.484000,0
30.300000,0.406757,-0.200128,3.057671,-0.174953,-0.316665,0.044935,0.593268,3.514800,0
30.320000,0.393967,-0.199046,3.096626,-0.174818,-0.313668,0.044935,0.580220,3.474400,0
30.340000,0.399740,-0.199782,3.078653,-0.174684,-0.310671,0.044935,0.585029,3.495900,0
30.360000,0.400981,-0.199039,3.080938,-0.174549,-0.307674,0.044935,0.585693,3.491100,0
30.380000,0.393282,-0.197824,3.081369,-0.174414,-0.304677,0.044935,0.577664,3.682500,0
30.400000,0.383898,-0.199201,3.066048,-0.174279,-0.301680,0.044935,0.567506,3.521500,0
30.420000,0.392766,-0.198632,3.082028,-0.174145,-0.298683,0.044935,0.575672,3.471000,0
30.440000,0.380983,-0.196527,3.088682,-0.174010,-0.295686,0.044935,0.563782,3.499200,0
30.460000,0.376724,-0.197941,3.062956,-0.173875,-0.292689,0.044935,0.558691,3.474400,0
30.480000,0.370850,-0.197406,3.068090,-0.173740,-0.289692,0.044935,0.552354,3.534900,0
30.500000,0.377132,-0.196878,3.080074,-0.173606,-0.286695,0.044935,0.558014,3.484300,0
30.520000,0.383849,-0.198468,3.090007,-0.173471,-0.283698,0.044935,0.563800,3.503500,0
30.540000,0.360920,-0.196359,3.067154,-0.173336,-0.280701,0.044935,0.540873,3.467500,0
30.560000,0.366451,-0.195531,3.080566,-0.173201,-0.277704,0.044935,0.545872,3.562700,0
30.580000,0.372080,-0.196295,3.089819,-0.173067,-0.274707,0.044935,0.550758,3.519500,0
30.600000,0.359369,-0.195175,3.082844,-0.172932,-0.271710,0.044935,0.537775,3.508500,0
30.620000,0.357950,-0.195790,3.085687,-0.172797,-0.268713,0.044935,0.535734,3.472500,0
30.640000,0.351208,-0.196478,3.075431,-0.172662,-0.265716,0.044935,0.528426,3.623300,0
30.660000,0.343882,-0.196898,3.068975,-0.172527,-0.262719,0.044935,0.520587,3.491700,0
30.680000,0.346776,-0.195823,3.070534,-0.172393,-0.259722,0.044935,0.523087,3.499200,0
30.700000,0.348489,-0.195316,3.090960,-0.172258,-0.256725,0.044935,0.524355,3.466200,0
30.720000,0.336078,-0.192495,3.088701,-0.172123,-0.253728,0.044935,0.511876,3.512600,0
30.740000,0.345878,-0.193435,3.097297,-0.171988,-0.250731,0.044935,0.521026,3.548400,0
30.760000,0.331487,-0.193729,3.087494,-0.171854,-0.247734,0.044935,0.506230,3.392700,0
30.780000,0.326187,-0.192426,3.098558,-0.171719,-0.244737,0.044935,0.500646,3.463600,0
30.800000,0.331717,-0.194245,3.098412,-0.171584,-0.241740,0.044935,0.505537,3.217200,0
30.820000,0.319977,-0.193236,3.088406,-0.171449,-0.238743,0.044935,0.493528,3.330500,0
30.840000,0.320788,-0.193014,3.088793,-0.171315,-0.235746,0.044935,0.493954,3.359700,0
30.860000,0.322197,-0.193040,3.081605,-0.171180,-0.232749,0.044935,0.494972,3.479400,0
30.880000,0.321985,-0.192560,3.103353,-0.171045,-0.229752,0.044935,0.494430,3.557200,0
30.900000,0.320502,-0.192878,3.086527,-0.170910,-0.226755,0.044935,0.492578,3.637000,0
30.920000,0.312089,-0.191369,3.102089,-0.170776,-0.223758,0.044935,0.483950,3.657600,0
30.940000,0.306502,-0.190181,3.074410,-0.170641,-0.220761,0.044935,0.478122,3.717300,0
30.960000,0.312805,-0.192366,3.089314,-0.170506,-0.217765,0.044935,0.483978,3.717200,0
30.980000,0.296038,-0.191635,3.082423,-0.170371,-0.214768,0.044935,0.466982,3.769600,0
31.000000,0.300488,-0.192205,3.086690,-0.170237,-0.211771,0.044935,0.471131,3.819400,0
31.020000,0.302114,-0.192896,3.096520,-0.170102,-0.208774,0.044935,0.472483,3.837100,0
31.040000,0.286601,-0.192045,3.077696,-0.169967,-0.205777,0.044935,0.456775,3.721600,0
31.060000,0.294577,-0.191425,3.086478,-0.169832,-0.202780,0.044935,0.464548,3.774400,0
31.080000,0.288002,-0.190735,3.079162,-0.169698,-0.199783,0.044935,0.457789,3.887200,0
31.100000,0.285944,-0.192484,3.066768,-0.169563,-0.196786,0.044935,0.455527,3.847000,0
31.120000,0.292129,-0.192963,3.083933,-0.169428,-0.193789,0.044935,0.461557,3.827900,0
31.140000,0.278592,-0.191739,3.083074,-0.169293,-0.190792,0.044935,0.447886,3.828800,0
31.160000,0.266841,-0.190820,3.086124,-0.169158,-0.187795,0.044935,0.436009,3.970500,0
31.180000,0.275104,-0.190403,3.069044,-0.169024,-0.184798,0.044935,0.444164,3.820700,0
31.200000,0.264869,-0.189450,3.087368,-0.168889,-0.181801,0.044935,0.433825,3.745400,0
31.220000,0.272689,-0.189996,3.085733,-0.168754,-0.178804,0.044935,0.441585,3.742100,0
31.240000,0.255618,-0.188280,3.081601,-0.168619,-0.175807,0.044935,0.424421,3.861500,0
31.260000,0.250621,-0.187801,3.083627,-0.168485,-0.172810,0.044935,0.419374,3.830700,0
31.280000,0.257784,-0.189042,3.088885,-0.168350,-0.169813,0.044935,0.426568,3.799200,0
31.300000,0.262146,-0.187756,3.074618,-0.168215,-0.166816,0.044935,0.430870,3.801200,0
31.320000,0.241249,-0.185694,3.078819,-0.168080,-0.163819,0.044935,0.409913,3.714300,0
31.340000,0.240974,-0.185204,3.060786,-0.167946,-0.160822,0.044935,0.409646,3.777800,0
31.360000,0.255477,-0.185831,3.097314,-0.167811,-0.157825,0.044935,0.424213,3.821600,0
31.380000,0.256194,-0.187207,3.085454,-0.167676,-0.154828,0.044935,0.425105,3.789500,0
31.400000,0.249439,-0.186917,3.087362,-0.167541,-0.151831,0.044935,0.418453,3.803000,0
31.420000,0.240640,-0.185543,3.073675,-0.167407,-0.148834,0.044935,0.409695,3.812100,0
31.440000,0.243291,-0.185442,3.078340,-0.167272,-0.145837,0.044935,0.412469,3.819400,0
31.460000,0.225137,-0.185889,3.062679,-0.167137,-0.142840,0.044935,0.394629,3.860500,0
31.480000,0.233994,-0.184871,3.079431,-0.167002,-0.139843,0.044935,0.403516,3.731900,0
31.500000,0.228307,-0.183867,3.096237,-0.166868,-0.136846,0.044935,0.397962,3.948700,0
31.520000,0.222660,-0.184966,3.085886,-0.166733,-0.133849,0.044935,0.392734,3.822500,0
31.540000,0.215541,-0.185688,3.099036,-0.166598,-0.130852,0.044935,0.386054,3.833400,0
31.560000,0.218308,-0.187290,3.089749,-0.166463,-0.127855,0.044935,0.389335,3.725300,0
31.580000,0.207229,-0.187434,3.079285,-0.166329,-0.124858,0.044935,0.378763,4.093400,0
31.600000,0.204690,-0.186508,3.100754,-0.166194,-0.121861,0.044935,0.376476,3.872800,0
31.620000,0.214055,-0.186128,3.094930,-0.166059,-0.118864,0.044935,0.386020,3.825300,0
31.640000,0.209347,-0.185076,3.081172,-0.165924,-0.115867,0.044935,0.381600,3.782700,0
31.660000,0.200404,-0.185063,3.081040,-0.165789,-0.112871,0.044935,0.373241,3.950500,0
31.680000,0.186776,-0.183902,3.070858,-0.165655,-0.109874,0.044935,0.360122,3.830100,0
31.700000,0.199807,-0.184537,3.076634,-0.165520,-0.106877,0.044935,0.373490,3.799400,0
31.720000,0.211817,-0.185881,3.062536,-0.165385,-0.103880,0.044935,0.386012,3.695700,0
31.740000,0.186863,-0.184709,3.076940,-0.165250,-0.100883,0.044935,0.361953,3.938400,0
31.760000,0.172960,-0.182323,3.070185,-0.165116,-0.097886,0.044935,0.348461,3.608500,0
31.780000,0.190540,-0.184501,3.090628,-0.164981,-0.094889,0.044935,0.366641,3.277600,0
31.800000,0.178932,-0.185356,3.079725,-0.164846,-0.091892,0.044935,0.356257,3.236500,0
31.820000,0.169909,-0.184357,3.062984,-0.164814,-0.091006,0.054966,0.347497,3.328000,0
31.840000,0.175020,-0.183050,3.027071,-0.164804,-0.090833,0.074963,0.352114,3.378000,0
31.860000,0.186796,-0.184785,3.036693,-0.164804,-0.090824,0.093088,0.363938,3.241000,0
31.880000,0.177275,-0.184190,3.017937,-0.164803,-0.090828,0.111077,0.354590,3.287700,0
31.900000,0.179140,-0.184774,3.002404,-0.164802,-0.090832,0.129084,0.356541,3.229500,0
31.920000,0.177880,-0.185193,2.969745,-0.164801,-0.090838,0.147117,0.355434,3.252000,0
31.940000,0.183657,-0.186657,2.975891,-0.164800,-0.090845,0.165160,0.361389,3.872700,0
31.960000,0.170685,-0.185732,2.943333,-0.164799,-0.090851,0.183207,0.348643,3.322800,0
31.980000,0.180962,-0.187736,2.914782,-0.164798,-0.090858,0.201254,0.359076,3.335100,0
32.000000,0.182026,-0.187369,2.896201,-0.164797,-0.090864,0.219298,0.359999,3.315000,0
32.020000,0.183613,-0.188836,2.905671,-0.164246,-0.088516,0.226016,0.362036,3.832500,0
32.040000,0.170858,-0.185443,2.907939,-0.163571,-0.085589,0.226016,0.349018,3.312500,0
32.060000,0.158388,-0.183270,2.909756,-0.162897,-0.082663,0.226013,0.336668,3.411800,0
32.080000,0.164017,-0.183809,2.913386,-0.162223,-0.079737,0.226008,0.342438,3.489600,0
32.100000,0.169331,-0.184686,2.887960,-0.161550,-0.076811,0.226004,0.348022,3.452300,0
32.120000,0.160530,-0.182396,2.910074,-0.160877,-0.073886,0.226001,0.339230,3.837900,0
32.140000,0.159057,-0.183080,2.900437,-0.160204,-0.070961,0.225998,0.338376,3.448900,0
32.160000,0.146783,-0.179833,2.902215,-0.159532,-0.068036,0.225995,0.326079,3.479700,0
32.180000,0.145407,-0.179740,2.880903,-0.158860,-0.065112,0.225993,0.325143,3.421100,0
32.200000,0.152999,-0.182634,2.917171,-0.158187,-0.062187,0.225991,0.333682,3.803300,0
32.220000,0.154167,-0.183204,2.922669,-0.157515,-0.059263,0.225990,0.335421,3.420000,0
32.240000,0.136541,-0.178628,2.904112,-0.156843,-0.056339,0.225989,0.317850,3.191000,0
32.260000,0.145679,-0.179935,2.888202,-0.156171,-0.053415,0.225988,0.327293,3.211800,0
32.280000,0.141591,-0.179488,2.905043,-0.155498,-0.050491,0.225988,0.323886,3.162100,0
32.300000,0.131268,-0.176268,2.898759,-0.154826,-0.047567,0.225988,0.313709,3.535800,0
32.320000,0.131787,-0.175677,2.889602,-0.154154,-0.044643,0.225987,0.314535,3.241100,0
32.340000,0.139472,-0.177657,2.919115,-0.153482,-0.041719,0.225987,0.322957,3.147700,0
32.360000,0.122334,-0.171851,2.901820,-0.152810,-0.038795,0.225987,0.305627,3.220300,0
32.380000,0.116568,-0.171011,2.919737,-0.152138,-0.035872,0.225987,0.300775,3.147300,0
32.400000,0.118920,-0.171430,2.930156,-0.151465,-0.032948,0.225987,0.303785,3.313300,0
32.420000,0.122677,-0.173274,2.877859,-0.151367,-0.032292,0.239012,0.308181,3.250800,0
32.440000,0.134563,-0.176252,2.874870,-0.151329,-0.032139,0.258823,0.320160,3.263200,0
32.460000,0.117330,-0.170801,2.840059,-0.151329,-0.032142,0.276825,0.302331,3.340600,0
32.480000,0.127924,-0.174882,2.832592,-0.151329,-0.032146,0.294821,0.313617,3.383300,0
32.500000,0.116069,-0.173056,2.816487,-0.151328,-0.032150,0.312827,0.302251,3.396100,0
32.520000,0.109454,-0.170573,2.796386,-0.151328,-0.032154,0.330838,0.295241,3.321200,0
32.540000,0.113861,-0.172025,2.772852,-0.151327,-0.032158,0.348853,0.299812,3.437300,0
32.560000,0.120386,-0.176857,2.769625,-0.151326,-0.032162,0.366869,0.307838,3.401400,0
32.580000,0.116685,-0.176188,2.746810,-0.151326,-0.032166,0.384885,0.304257,3.423500,0
32.600000,0.107264,-0.172326,2.723666,-0.151325,-0.032170,0.402901,0.294129,3.406200,0
32.620000,0.114990,-0.177120,2.697620,-0.151324,-0.032174,0.420915,0.303204,3.424600,0
32.640000,0.130182,-0.182987,2.681552,-0.151323,-0.032177,0.438927,0.319357,3.393600,0
32.660000,0.121862,-0.180623,2.679177,-0.151322,-0.032180,0.456938,0.310910,3.436500,0
32.680000,0.122257,-0.180537,2.646237,-0.151321,-0.032184,0.474947,0.311213,3.475100,0
32.700000,0.113994,-0.176822,2.656150,-0.150091,-0.029795,0.478516,0.302255,3.407200,0
32.720000,0.105127,-0.173906,2.638139,-0.148707,-0.027129,0.478514,0.293215,3.419100,0
32.740000,0.086399,-0.166702,2.649091,-0.147324,-0.024463,0.478510,0.273603,3.404100,0
32.760000,0.103741,-0.177154,2.669924,-0.145941,-0.021798,0.478504,0.294069,3.442700,0
32.780000,0.106310,-0.177916,2.650202,-0.144559,-0.019133,0.478499,0.296896,3.492800,0
32.800000,0.099813,-0.173743,2.635802,-0.143177,-0.016468,0.478495,0.289447,3.431500,0
32.820000,0.090504,-0.168070,2.633726,-0.141795,-0.013803,0.478491,0.278857,3.446100,0
32.840000,0.095662,-0.170397,2.650603,-0.140413,-0.011139,0.478488,0.284771,3.413900,0
32.860000,0.099641,-0.171760,2.665882,-0.139032,-0.008475,0.478486,0.289182,3.575400,0
32.880000,0.097040,-0.170420,2.646940,-0.137650,-0.005812,0.478484,0.286662,3.394300,0
32.900000,0.084107,-0.164670,2.642558,-0.136269,-0.003148,0.478483,0.273231,3.503400,0
32.920000,0.074946,-0.160618,2.660277,-0.134888,-0.000484,0.478482,0.263957,3.429600,0
32.940000,0.076172,-0.160194,2.654971,-0.133506,0.002179,0.478481,0.265198,3.441300,0
32.960000,0.077978,-0.161412,2.654266,-0.132125,0.004842,0.478481,0.267924,3.494600,0
32.980000,0.072515,-0.155948,2.655259,-0.130744,0.007506,0.478480,0.260828,3.470700,0
33.000000,0.076008,-0.157430,2.660928,-0.129362,0.010169,0.478480,0.265078,3.469100,0
33.020000,0.064314,-0.152012,2.649435,-0.127981,0.012832,0.478480,0.253281,3.501300,0
33.040000,0.074851,-0.156155,2.651803,-0.126600,0.015496,0.478480,0.264663,3.523000,0
33.060000,0.069311,-0.156366,2.663558,-0.125219,0.018159,0.478479,0.261344,3.516000,0
33.080000,0.051798,-0.147121,2.634440,-0.123837,0.020822,0.478479,0.243007,3.441300,0
33.100000,0.055573,-0.147755,2.652038,-0.122456,0.023485,0.478479,0.247017,3.426700,0
33.120000,0.055615,-0.146661,2.634625,-0.121075,0.026148,0.478479,0.247148,3.526100,0
33.140000,0.065312,-0.153176,2.651631,-0.119693,0.028811,0.478479,0.259512,3.525400,0
33.160000,0.046708,-0.144705,2.649466,-0.118312,0.031475,0.478479,0.241394,3.463700,0
33.180000,0.055103,-0.149060,2.650796,-0.116931,0.034138,0.478479,0.251312,3.543500,0
33.200000,0.041892,-0.141252,2.639681,-0.115550,0.036801,0.478479,0.237678,3.434100,0
33.220000,0.046191,-0.142194,2.652841,-0.114168,0.039464,0.478479,0.242311,3.449100,0
33.240000,0.031646,-0.134128,2.661961,-0.112787,0.042127,0.478479,0.227874,3.488200,0
33.260000,0.040646,-0.139314,2.649295,-0.111406,0.044790,0.478479,0.238776,3.499100,0
33.280000,0.033460,-0.135461,2.643578,-0.110024,0.047453,0.478479,0.232476,3.482300,0
33.300000,0.038677,-0.137598,2.634371,-0.108643,0.050116,0.478479,0.238621,3.515800,0
33.320000,0.029390,-0.131826,2.641096,-0.107262,0.052779,0.478479,0.229680,3.777100,0
33.340000,0.019342,-0.127704,2.644931,-0.105881,0.055442,0.478479,0.221863,3.565400,0
33.360000,0.024818,-0.131017,2.667377,-0.104499,0.058106,0.478479,0.229108,3.482300,0
33.380000,0.027875,-0.130572,2.636051,-0.103118,0.060769,0.478479,0.231885,3.493000,0
33.400000,0.027061,-0.131004,2.662746,-0.101737,0.063432,0.478479,0.233225,3.701600,0
33.420000,0.024440,-0.130637,2.652720,-0.100355,0.066095,0.478479,0.232975,3.227300,0
33.440000,0.006560,-0.121415,2.657728,-0.098974,0.068758,0.478479,0.217493,3.226600,0
33.460000,0.014769,-0.125986,2.659758,-0.097593,0.071421,0.478479,0.227145,3.322100,0
33.480000,0.014885,-0.124883,2.645583,-0.096212,0.074084,0.478479,0.227882,3.234000,0
33.500000,0.001191,-0.118982,2.650061,-0.094830,0.076747,0.478479,0.218013,3.463200,0
33.520000,0.015525,-0.127993,2.657556,-0.093449,0.079410,0.478479,0.234289,3.297500,0
33.540000,-0.000678,-0.118596,2.658392,-0.092068,0.082073,0.478479,0.220500,3.235600,0
33.560000,0.001829,-0.120668,2.645619,-0.090686,0.084736,0.478479,0.225278,3.242400,0
33.580000,-0.008448,-0.114235,2.647626,-0.089305,0.087400,0.478479,0.217243,3.662600,0
33.600000,-0.014426,-0.108900,2.647658,-0.087924,0.090063,0.478479,0.212104,3.177100,0
33.620000,-0.006382,-0.113281,2.660639,-0.086543,0.092726,0.478479,0.221054,3.213200,0
33.640000,-0.009023,-0.112495,2.642941,-0.085161,0.095389,0.478479,0.221388,3.156800,0
33.660000,-0.010479,-0.113325,2.653293,-0.083780,0.098052,0.478479,0.223726,3.212400,0
33.680000,-0.022950,-0.105613,2.653279,-0.082399,0.100715,0.478479,0.214722,3.613800,0
33.700000,-0.011264,-0.112496,2.660389,-0.081017,0.103378,0.478479,0.226864,3.206400,0
33.720000,-0.027558,-0.102913,2.630537,-0.079636,0.106041,0.478479,0.215346,3.202300,0
33.740000,-0.030731,-0.103375,2.664413,-0.079619,0.106463,0.461008,0.215458,3.191600,0
33.760000,-0.016644,-0.108635,2.690381,-0.079616,0.106472,0.442873,0.224135,3.192400,0
33.780000,-0.020548,-0.105627,2.694290,-0.079618,0.106469,0.424884,0.220168,3.228200,0
33.800000,-0.019802,-0.106276,2.718219,-0.079620,0.106467,0.406893,0.220993,3.196300,0
33.820000,-0.027330,-0.103592,2.744153,-0.079623,0.106465,0.388900,0.216469,3.202300,0
33.840000,-0.028945,-0.103234,2.764088,-0.079626,0.106464,0.370906,0.215735,3.198000,0
33.860000,-0.022347,-0.105593,2.777973,-0.079628,0.106463,0.352913,0.219656,3.259000,0
33.880000,-0.036928,-0.098610,2.777770,-0.078615,0.108694,0.351931,0.211454,3.350400,0
33.900000,-0.027921,-0.101360,2.775374,-0.077580,0.111513,0.351932,0.218588,3.225700,0
33.920000,-0.020761,-0.104514,2.757399,-0.076545,0.114332,0.351938,0.225843,3.268700,0
33.940000,-0.025069,-0.102046,2.787588,-0.075509,0.117150,0.351942,0.224924,3.264900,0
33.960000,-0.028853,-0.099193,2.762553,-0.074474,0.119968,0.351945,0.223859,3.315800,0
33.980000,-0.037660,-0.096604,2.784857,-0.073440,0.122785,0.351947,0.222287,3.431000,0
34.000000,-0.045471,-0.094486,2.775155,-0.072405,0.125602,0.351949,0.221730,3.301400,0
34.020000,-0.040500,-0.095625,2.759873,-0.071370,0.128419,0.351950,0.226160,3.374400,0
34.040000,-0.052027,-0.093187,2.770433,-0.070336,0.131236,0.351951,0.225169,3.340000,0
34.060000,-0.046097,-0.096528,2.762704,-0.069301,0.134052,0.351952,0.231744,3.509900,0
34.080000,-0.054176,-0.092465,2.767209,-0.068267,0.136869,0.351953,0.229766,3.376000,0
34.100000,-0.058328,-0.091227,2.780845,-0.067232,0.139685,0.351953,0.231084,3.326100,0
34.120000,-0.058546,-0.090817,2.770722,-0.066198,0.142502,0.351953,0.233445,3.395200,0
34.140000,-0.066270,-0.086330,2.784717,-0.065163,0.145318,0.351954,0.231650,3.405400,0
34.160000,-0.065190,-0.085428,2.754310,-0.064129,0.148134,0.351954,0.233565,3.465100,0
34.180000,-0.074997,-0.080624,2.768479,-0.063095,0.150950,0.351954,0.231880,3.425300,0
34.200000,-0.074123,-0.081743,2.758023,-0.062060,0.153767,0.351954,0.235819,3.394200,0
34.220000,-0.067017,-0.083461,2.757973,-0.061026,0.156583,0.351954,0.240119,3.392100,0
34.240000,-0.065434,-0.084132,2.777898,-0.059992,0.159399,0.351954,0.243592,3.452200,0
34.260000,-0.080872,-0.078089,2.784100,-0.059940,0.159896,0.335759,0.238904,3.421600,0
34.280000,-0.071761,-0.080193,2.812766,-0.059959,0.159984,0.316677,0.240467,3.423300,0
34.300000,-0.079690,-0.077201,2.827909,-0.059961,0.159981,0.298690,0.238002,3.396500,0
34.320000,-0.084763,-0.075448,2.853454,-0.059963,0.159979,0.280700,0.236730,3.421200,0
34.340000,-0.066837,-0.080115,2.865035,-0.059965,0.159977,0.262709,0.240191,3.477300,0
34.360000,-0.068898,-0.078985,2.873720,-0.059967,0.159976,0.244718,0.239128,3.417700,0
34.380000,-0.066466,-0.079769,2.907796,-0.059969,0.159974,0.226727,0.239831,3.399100,0
34.400000,-0.075505,-0.076462,2.902127,-0.059971,0.159974,0.208736,0.236946,3.402200,0
34.420000,-0.056501,-0.082616,2.945399,-0.059974,0.159973,0.190745,0.242614,3.452200,0
34.440000,-0.070917,-0.077771,2.961658,-0.059976,0.159972,0.172755,0.237995,3.415700,0
34.460000,-0.068885,-0.077028,2.985578,-0.059978,0.159972,0.154766,0.237167,3.431800,0
34.480000,-0.081503,-0.075653,2.967142,-0.059600,0.162263,0.147071,0.238922,3.421000,0
34.500000,-0.088904,-0.074870,2.979772,-0.059161,0.165234,0.147074,0.241939,3.472500,0
34.520000,-0.079699,-0.074832,2.980943,-0.058723,0.168206,0.147083,0.243942,3.821500,0
34.540000,-0.075760,-0.076232,2.995268,-0.058283,0.171176,0.147090,0.248025,3.416500,0
34.560000,-0.092326,-0.073507,2.978028,-0.057844,0.174146,0.147095,0.250042,3.438000,0
34.580000,-0.089754,-0.073837,2.986606,-0.057404,0.177116,0.147099,0.253030,3.462500,0
34.600000,-0.092716,-0.074921,2.965276,-0.056965,0.180085,0.147102,0.257500,3.395300,0
34.620000,-0.094984,-0.073340,2.981616,-0.056906,0.180801,0.134775,0.256978,3.473300,0
34.640000,-0.089117,-0.075045,3.017513,-0.056932,0.180975,0.114772,0.258035,3.420700,0
34.660000,-0.098216,-0.072607,3.020666,-0.056933,0.180972,0.096779,0.256917,3.488100,0
34.680000,-0.089246,-0.071875,3.049841,-0.056934,0.180970,0.078792,0.254901,3.481600,0
34.700000,-0.104410,-0.069988,3.057969,-0.056936,0.180967,0.060804,0.255406,3.552200,0
34.720000,-0.086176,-0.072812,3.104677,-0.056936,0.180966,0.042815,0.255457,3.473400,0
34.740000,-0.090987,-0.072528,3.114838,-0.056937,0.180964,0.024827,0.255769,3.497800,0
34.760000,-0.103771,-0.069741,3.129821,-0.056938,0.180963,0.006839,0.255041,3.512800,0
34.780000,-0.096668,-0.068291,3.118141,-0.056913,0.183076,-0.003168,0.254492,3.454400,0
34.800000,-0.098862,-0.068787,3.135689,-0.056925,0.186079,-0.003166,0.258294,3.659400,0
34.820000,-0.102510,-0.067494,3.137458,-0.056936,0.189082,-0.003162,0.260592,3.508700,0
34.840000,-0.100168,-0.069362,3.130076,-0.056947,0.192085,-0.003156,0.264995,3.479400,0
34.860000,-0.100870,-0.067729,3.131966,-0.056958,0.195087,-0.003152,0.266459,3.504800,0
34.880000,-0.112807,-0.067758,3.136313,-0.056968,0.198088,-0.003148,0.271647,3.604100,0
34.900000,-0.109745,-0.067994,3.132223,-0.056978,0.201090,-0.003145,0.274209,3.438000,0
34.920000,-0.107813,-0.067499,3.131714,-0.056987,0.204091,-0.003142,0.276304,3.382500,0
34.940000,-0.125089,-0.067259,3.128975,-0.056997,0.207091,-0.003140,0.282673,3.545900,0
34.960000,-0.123837,-0.066851,3.126848,-0.057006,0.210092,-0.003139,0.284893,3.500800,0
34.980000,-0.115121,-0.068241,3.121656,-0.057015,0.213093,-0.003137,0.287272,3.543100,0
35.000000,-0.126344,-0.067944,-3.140605,-0.057025,0.216093,-0.003136,0.292373,3.384800,0
35.020000,-0.128782,-0.067467,3.124570,-0.057034,0.219093,-0.003136,0.295405,3.454500,0
35.040000,-0.128572,-0.068712,-3.136240,-0.057043,0.222094,-0.003135,0.299473,3.464600,0
35.060000,-0.134487,-0.068628,3.106160,-0.057052,0.225094,-0.003135,0.303758,3.497200,0
35.080000,-0.142782,-0.067483,3.125295,-0.057062,0.228094,-0.003134,0.307756,3.656200,0
35.100000,-0.140245,-0.065754,3.118093,-0.057071,0.231094,-0.003134,0.308281,3.483900,0
35.120000,-0.143406,-0.067358,3.134666,-0.057080,0.234094,-0.003134,0.313569,3.386500,0
35.140000,-0.155906,-0.068106,3.135117,-0.057090,0.237094,-0.003134,0.320798,3.513500,0
35.160000,-0.165490,-0.066912,3.132573,-0.057099,0.240094,-0.003134,0.325578,3.572000,0
35.180000,-0.153454,-0.066876,3.139317,-0.057108,0.243094,-0.003134,0.324598,3.499000,0
35.200000,-0.165750,-0.068438,3.139679,-0.057110,0.244048,-0.012225,0.330833,3.492600,0
35.220000,-0.170075,-0.068422,3.137758,-0.057113,0.244222,-0.032222,0.332426,3.508500,0
35.240000,-0.149022,-0.067366,-3.091289,-0.057114,0.244231,-0.050359,0.324869,3.464300,0
35.260000,-0.154107,-0.067603,-3.084792,-0.057115,0.244228,-0.068348,0.326567,3.546800,0
35.280000,-0.158150,-0.068710,-3.078078,-0.057116,0.244225,-0.086337,0.328841,3.538500,0
35.300000,-0.164953,-0.069469,-3.059094,-0.057117,0.244223,-0.104327,0.331709,3.474300,0
35.320000,-0.155565,-0.067760,-3.033194,-0.057369,0.246462,-0.112775,0.329208,3.507100,0
35.340000,-0.153248,-0.065221,-3.042019,-0.057709,0.249445,-0.112773,0.328850,3.532400,0
35.360000,-0.158548,-0.064144,-3.038354,-0.058049,0.252428,-0.112770,0.332142,3.505400,0
35.380000,-0.165360,-0.063434,-3.042668,-0.058388,0.255411,-0.112767,0.336311,3.466800,0
35.400000,-0.165633,-0.064139,-3.036747,-0.058727,0.258394,-0.112765,0.339789,3.483500,0
35.420000,-0.177779,-0.064951,-3.032498,-0.059065,0.261376,-0.112762,0.347250,3.546900,0
35.440000,-0.173455,-0.063823,-3.052127,-0.059403,0.264358,-0.112761,0.347434,3.498600,0
35.460000,-0.175061,-0.063979,-3.043087,-0.059741,0.267340,-0.112759,0.350815,3.197600,0
35.480000,-0.189480,-0.065334,-3.026023,-0.060079,0.270322,-0.112758,0.359735,3.187900,0
35.500000,-0.182639,-0.064387,-3.034879,-0.060417,0.273303,-0.112757,0.359128,3.199300,0
35.520000,-0.180437,-0.061323,-3.053749,-0.060754,0.276284,-0.112756,0.358194,3.548200,0
35.540000,-0.191354,-0.063074,-3.048376,-0.061092,0.279266,-0.112756,0.366285,3.191600,0
35.560000,-0.187731,-0.064063,-3.062408,-0.061430,0.282247,-0.112755,0.368623,3.285200,0
35.580000,-0.201170,-0.066736,-3.042310,-0.061767,0.285228,-0.112755,0.378566,3.372600,0
35.600000,-0.188850,-0.065065,-3.046163,-0.062105,0.288209,-0.112755,0.375322,3.418700,0
35.620000,-0.204633,-0.065429,-3.050454,-0.062442,0.291190,-0.112755,0.383921,3.795600,0
35.640000,-0.212090,-0.066088,-3.041093,-0.062780,0.294171,-0.112754,0.389974,3.495200,0
35.660000,-0.194780,-0.064849,-3.032591,-0.062847,0.294966,-0.124009,0.383240,3.498700,0
35.680000,-0.209953,-0.066543,-3.028508,-0.062869,0.295138,-0.144007,0.390444,3.566300,0
35.700000,-0.205313,-0.065813,-2.994761,-0.062869,0.295138,-0.162030,0.388041,3.816900,0
35.720000,-0.214348,-0.067642,-2.972899,-0.062870,0.295134,-0.180018,0.393131,3.587800,0
35.740000,-0.202562,-0.067568,-2.955323,-0.062870,0.295130,-0.198022,0.388669,3.642400,0
35.760000,-0.211697,-0.066672,-2.938276,-0.062871,0.295126,-0.216038,0.391213,3.573400,0
35.780000,-0.209026,-0.066321,-2.936238,-0.063413,0.297469,-0.222826,0.391850,3.646900,0
35.800000,-0.207076,-0.065291,-2.917909,-0.064078,0.300397,-0.222825,0.392653,3.591000,0
35.820000,-0.221944,-0.068478,-2.914023,-0.064743,0.303325,-0.222823,0.403670,3.165800,0
35.840000,-0.213571,-0.066334,-2.925582,-0.065407,0.306253,-0.222820,0.400966,3.207400,0
35.860000,-0.225443,-0.069218,-2.918632,-0.066071,0.309180,-0.222817,0.410590,3.212700,0
35.880000,-0.227098,-0.071855,-2.945558,-0.066735,0.312107,-0.222815,0.416105,3.250500,0
35.900000,-0.231753,-0.072260,-2.904094,-0.067399,0.315034,-0.222813,0.420724,3.193800,0
35.920000,-0.228924,-0.070460,-2.914876,-0.068062,0.317960,-0.222812,0.420412,3.151100,0
35.940000,-0.226845,-0.068991,-2.924743,-0.068725,0.320887,-0.222810,0.420722,3.193800,0
35.960000,-0.230537,-0.068892,-2.942077,-0.069388,0.323813,-0.222809,0.424483,3.156000,0
35.980000,-0.236740,-0.068837,-2.928207,-0.070051,0.326740,-0.222809,0.429263,3.765100,0
36.000000,-0.233217,-0.067760,-2.932841,-0.070714,0.329666,-0.222808,0.429365,3.198700,0
36.020000,-0.251830,-0.070019,-2.940750,-0.071377,0.332592,-0.222808,0.441202,3.174200,0
36.040000,-0.252097,-0.070907,-2.922389,-0.072040,0.335518,-0.222808,0.444524,3.230500,0
36.060000,-0.255386,-0.072599,-2.943993,-0.072703,0.338444,-0.222807,0.449810,3.278100,0
36.080000,-0.249669,-0.071436,-2.938400,-0.073366,0.341370,-0.222807,0.448878,3.331300,0
36.100000,-0.258803,-0.071733,-2.950008,-0.074029,0.344296,-0.222807,0.455216,3.320600,0
36.120000,-0.254083,-0.070479,-2.947477,-0.074692,0.347222,-0.222807,0.454593,3.291700,0
36.140000,-0.265244,-0.073043,-2.940631,-0.075355,0.350148,-0.222807,0.463840,3.349400,0
36.160000,-0.258104,-0.072635,-2.930963,-0.076018,0.353074,-0.222807,0.463016,3.403100,0
36.180000,-0.276077,-0.076763,-2.934069,-0.076680,0.356000,-0.222807,0.476491,3.330800,0
36.200000,-0.272587,-0.076475,-2.923040,-0.077343,0.358926,-0.222807,0.477173,3.371900,0
36.220000,-0.279710,-0.077571,-2.917481,-0.077442,0.359589,-0.235729,0.481685,3.331100,0
36.240000,-0.268383,-0.074089,-2.892475,-0.077480,0.359743,-0.255555,0.473977,3.397200,0
36.260000,-0.276073,-0.076469,-2.901089,-0.077480,0.359741,-0.273562,0.479290,3.594900,0
36.280000,-0.264483,-0.073666,-2.868762,-0.077480,0.359737,-0.291561,0.472026,3.365000,0
36.300000,-0.270802,-0.074185,-2.842793,-0.077481,0.359732,-0.309569,0.475034,3.417200,0
36.320000,-0.268240,-0.075857,-2.817622,-0.077481,0.359728,-0.327582,0.475525,3.351100,0
36.340000,-0.270686,-0.075940,-2.798946,-0.077482,0.359724,-0.345598,0.476583,3.451700,0
36.360000,-0.273421,-0.078132,-2.781269,-0.077483,0.359720,-0.363616,0.479694,3.450400,0
36.380000,-0.266707,-0.074504,-2.780141,-0.078404,0.362136,-0.368309,0.475513,3.412500,0
36.400000,-0.275894,-0.077583,-2.787407,-0.079487,0.364938,-0.368311,0.484149,3.472000,0
36.420000,-0.282393,-0.079930,-2.793191,-0.080569,0.367739,-0.368309,0.491061,3.437800,0
36.440000,-0.279576,-0.078997,-2.786897,-0.081650,0.370540,-0.368305,0.491181,3.555600,0
36.460000,-0.285523,-0.079857,-2.772403,-0.082731,0.373340,-0.368301,0.496499,3.460800,0
36.480000,-0.291615,-0.081895,-2.775057,-0.083812,0.376140,-0.368299,0.502969,3.414800,0
36.500000,-0.294865,-0.082871,-2.790605,-0.084892,0.378940,-0.368296,0.507305,3.425500,0
36.520000,-0.303142,-0.087719,-2.782105,-0.085973,0.381740,-0.368294,0.517256,3.416300,0
36.540000,-0.297577,-0.085998,-2.773130,-0.087053,0.384539,-0.368293,0.515485,3.524900,0
36.560000,-0.308303,-0.089464,-2.780461,-0.088133,0.387339,-0.368291,0.525182,3.248900,0
36.580000,-0.304144,-0.087438,-2.792878,-0.089214,0.390138,-0.368290,0.523712,3.188900,0
36.600000,-0.301086,-0.085734,-2.796176,-0.090294,0.392937,-0.368290,0.523028,3.209100,0
36.620000,-0.307232,-0.088715,-2.771790,-0.091374,0.395737,-0.368289,0.530366,3.207100,0
36.640000,-0.313634,-0.089535,-2.798253,-0.092454,0.398536,-0.368289,0.535848,3.393100,0
36.660000,-0.311947,-0.087425,-2.786162,-0.093534,0.401335,-0.368289,0.535341,3.205400,0
36.680000,-0.316760,-0.089194,-2.766159,-0.094614,0.404134,-0.368288,0.541037,3.201200,0
36.700000,-0.323385,-0.090486,-2.787994,-0.095694,0.406933,-0.368288,0.547055,3.203200,0
36.720000,-0.338984,-0.093756,-2.793314,-0.096774,0.409732,-0.368288,0.558718,3.159700,0
36.740000,-0.334088,-0.090756,-2.791449,-0.097854,0.412531,-0.368288,0.555971,3.632300,0
36.760000,-0.329455,-0.089947,-2.795845,-0.098934,0.415329,-0.368288,0.555377,3.222000,0
36.780000,-0.333732,-0.090629,-2.800375,-0.100014,0.418128,-0.368288,0.559873,3.155800,0
36.800000,-0.334969,-0.091452,-2.763821,-0.100204,0.418620,-0.383358,0.561505,3.235600,0
36.820000,-0.336363,-0.090725,-2.748807,-0.100239,0.418704,-0.402419,0.561491,3.394600,0
36.840000,-0.326172,-0.089078,-2.734932,-0.100238,0.418701,-0.420412,0.555775,3.215200,0
36.860000,-0.332646,-0.092142,-2.713557,-0.100238,0.418697,-0.438410,0.561222,3.176500,0
36.880000,-0.332057,-0.090473,-2.696506,-0.100238,0.418693,-0.456413,0.559455,3.308600,0
36.900000,-0.342975,-0.097173,-2.685996,-0.100238,0.418689,-0.474419,0.570118,3.225000,0
36.920000,-0.336924,-0.094588,-2.658134,-0.100239,0.418685,-0.492427,0.565216,3.332200,0
36.940000,-0.325690,-0.089472,-2.660307,-0.100239,0.418682,-0.510436,0.555921,3.197500,0
36.960000,-0.330331,-0.090040,-2.624680,-0.100240,0.418678,-0.528444,0.558333,3.247000,0
36.980000,-0.340378,-0.095871,-2.625145,-0.101611,0.421025,-0.531664,0.569378,3.145200,0
37.000000,-0.341271,-0.096510,-2.608901,-0.103134,0.423613,-0.531663,0.572046,3.210300,0
37.020000,-0.346908,-0.100055,-2.613586,-0.104657,0.426201,-0.531659,0.579337,3.337700,0
37.040000,-0.347585,-0.100459,-2.611884,-0.106180,0.428789,-0.531655,0.581704,3.230000,0
37.060000,-0.351040,-0.103151,-2.624488,-0.107702,0.431377,-0.531651,0.587310,3.239600,0
37.080000,-0.348724,-0.100366,-2.611320,-0.109223,0.433964,-0.531648,0.585550,3.168700,0
37.100000,-0.347659,-0.097419,-2.615370,-0.110745,0.436551,-0.531646,0.584168,3.197000,0
37.120000,-0.352563,-0.101617,-2.633853,-0.112266,0.439138,-0.531644,0.591742,3.271000,0
37.140000,-0.360183,-0.105703,-2.624406,-0.113787,0.441725,-0.531642,0.600323,3.202400,0
37.160000,-0.359717,-0.105573,-2.619888,-0.115308,0.444311,-0.531641,0.601754,3.170600,0
37.180000,-0.363618,-0.106548,-2.616282,-0.116829,0.446898,-0.531640,0.605976,3.212800,0
37.200000,-0.366932,-0.109004,-2.621926,-0.118350,0.449484,-0.531639,0.611312,3.155900,0
37.220000,-0.369630,-0.112218,-2.605070,-0.119871,0.452070,-0.531639,0.617090,3.402400,0
37.240000,-0.359786,-0.106523,-2.624721,-0.121392,0.454656,-0.531638,0.609716,3.242600,0
37.260000,-0.372523,-0.114986,-2.590766,-0.121602,0.455014,-0.548277,0.622785,3.170600,0
37.280000,-0.368147,-0.111408,-2.586865,-0.121628,0.455053,-0.566841,0.617778,3.204200,0
37.300000,-0.376143,-0.116111,-2.572154,-0.121627,0.455050,-0.584828,0.625303,3.193900,0
37.320000,-0.371442,-0.114320,-2.539599,-0.121626,0.455047,-0.602821,0.621761,3.376000,0
37.340000,-0.377758,-0.115595,-2.531845,-0.121625,0.455043,-0.620818,0.625485,3.201600,0
37.360000,-0.368499,-0.109147,-2.511921,-0.121625,0.455040,-0.638818,0.615836,3.145400,0
37.380000,-0.373415,-0.112027,-2.483674,-0.121625,0.455037,-0.656819,0.620451,3.233900,0
37.400000,-0.376243,-0.114666,-2.477033,-0.121626,0.455034,-0.674820,0.624010,3.160600,0
37.420000,-0.363296,-0.102609,-2.471423,-0.121626,0.455031,-0.692822,0.607756,3.471000,0
37.440000,-0.377653,-0.113646,-2.440045,-0.121626,0.455028,-0.710823,0.623650,3.216700,0
37.460000,-0.370707,-0.108186,-2.421681,-0.121627,0.455026,-0.728823,0.615832,3.190600,0
37.480000,-0.378602,-0.113984,-2.396326,-0.121627,0.455023,-0.746822,0.624343,3.211000,0
37.500000,-0.373297,-0.106525,-2.389849,-0.121628,0.455020,-0.764820,0.615361,3.169200,0
37.520000,-0.377626,-0.109423,-2.359046,-0.121629,0.455018,-0.782817,0.619781,3.334300,0
37.540000,-0.371316,-0.102174,-2.344359,-0.121630,0.455016,-0.800813,0.610576,3.165600,0
37.560000,-0.374633,-0.105470,-2.320849,-0.121630,0.455013,-0.818809,0.614940,3.220100,0
37.580000,-0.371926,-0.099625,-2.305549,-0.121631,0.455011,-0.836803,0.608497,3.219200,0
37.600000,-0.377648,-0.105114,-2.312769,-0.121632,0.455009,-0.854796,0.615859,3.241700,0
37.620000,-0.377833,-0.106592,-2.267909,-0.121632,0.455007,-0.872789,0.617278,3.192100,0
37.640000,-0.370882,-0.095084,-2.258365,-0.121633,0.455005,-0.890781,0.603923,3.187500,0
37.660000,-0.371192,-0.096259,-2.236473,-0.121634,0.455003,-0.908772,0.605119,3.253900,0
37.680000,-0.382183,-0.108749,-2.232133,-0.123713,0.456821,-0.909301,0.621833,3.164500,0
37.700000,-0.390735,-0.116479,-2.254082,-0.126084,0.458666,-0.909293,0.633113,3.398800,0
37.720000,-0.386423,-0.111241,-2.232771,-0.128454,0.460512,-0.909283,0.627255,3.209100,0
37.740000,-0.386346,-0.109922,-2.231544,-0.130823,0.462357,-0.909275,0.626734,3.167900,0
37.760000,-0.387406,-0.109642,-2.242222,-0.133191,0.464201,-0.909269,0.627631,3.199900,0
37.780000,-0.391631,-0.116980,-2.248662,-0.135560,0.466046,-0.909265,0.636782,3.161200,0
37.800000,-0.397482,-0.125175,-2.250374,-0.137928,0.467890,-0.909262,0.647375,3.485300,0
37.820000,-0.388933,-0.115059,-2.247365,-0.140296,0.469734,-0.909260,0.635455,3.157600,0
37.840000,-0.395863,-0.122783,-2.255014,-0.142663,0.471578,-0.909258,0.646046,3.210700,0
37.860000,-0.393095,-0.119401,-2.243432,-0.145031,0.473422,-0.909257,0.642631,3.203200,0
37.880000,-0.400708,-0.126523,-2.257245,-0.147398,0.475265,-0.909256,0.652928,3.157100,0
37.900000,-0.400010,-0.124291,-2.244703,-0.149766,0.477109,-0.909255,0.651386,3.315600,0
37.920000,-0.411653,-0.139940,-2.215440,-0.152133,0.478952,-0.909255,0.671102,3.165700,0
37.940000,-0.408032,-0.136483,-2.243251,-0.154500,0.480795,-0.909254,0.667316,3.215500,0
37.960000,-0.411973,-0.140186,-2.234280,-0.156867,0.482639,-0.909254,0.673046,3.169900,0
37.980000,-0.412218,-0.139025,-2.248194,-0.159235,0.484482,-0.909253,0.672875,3.268000,0
38.000000,-0.406008,-0.135458,-2.253544,-0.161602,0.486325,-0.909253,0.668093,3.494900,0
38.020000,-0.415353,-0.147147,-2.251910,-0.163969,0.488168,-0.909253,0.683242,3.180800,0
38.040000,-0.418008,-0.153634,-2.250804,-0.166336,0.490011,-0.909253,0.691099,3.197100,0
38.060000,-0.415779,-0.150016,-2.239588,-0.168703,0.491855,-0.909253,0.687783,3.185500,0
38.080000,-0.421312,-0.156732,-2.247604,-0.171071,0.493698,-0.909253,0.696907,3.204900,0
38.100000,-0.421434,-0.154583,-2.259810,-0.173438,0.495541,-0.909252,0.695818,3.370300,0
38.120000,-0.419746,-0.152507,-2.230193,-0.175805,0.497384,-0.909252,0.694165,3.182100,0
38.140000,-0.432095,-0.168636,-2.235349,-0.178172,0.499227,-0.909252,0.714505,3.243700,0
38.160000,-0.428152,-0.162831,-2.241760,-0.180539,0.501070,-0.909252,0.708574,3.194800,0
38.180000,-0.431090,-0.168673,-2.228248,-0.182906,0.502913,-0.909252,0.715977,3.196900,0
38.200000,-0.436184,-0.177057,-2.244308,-0.185273,0.504756,-0.909252,0.726516,3.793800,0
38.220000,-0.432643,-0.171912,-2.235795,-0.187641,0.506599,-0.909252,0.721390,3.167900,0
38.240000,-0.429905,-0.165580,-2.228831,-0.190008,0.508442,-0.909252,0.715442,3.206000,0
38.260000,-0.440222,-0.176475,-2.239842,-0.192375,0.510285,-0.909252,0.730115,3.188000,0
38.280000,-0.443485,-0.181369,-2.253604,-0.194742,0.512128,-0.909252,0.736757,3.385000,0
38.300000,-0.435824,-0.174705,-2.242021,-0.197109,0.513971,-0.909252,0.728876,3.169300,0
38.320000,-0.438408,-0.174705,-2.237391,-0.199476,0.515814,-0.909252,0.730688,3.214300,0
38.340000,-0.441033,-0.177131,-2.223343,-0.199772,0.515977,-0.926467,0.733897,3.251900,0
38.360000,-0.440088,-0.174755,-2.207282,-0.199769,0.515974,-0.944452,0.731342,3.195800,0
38.380000,-0.444834,-0.178438,-2.191733,-0.199767,0.515971,-0.962441,0.736384,3.270000,0
38.400000,-0.438408,-0.171180,-2.164165,-0.199765,0.515968,-0.980433,0.727408,3.177100,0
38.420000,-0.442416,-0.174679,-2.171511,-0.199763,0.515965,-0.998427,0.732031,3.205000,0
38.440000,-0.444960,-0.176226,-2.133917,-0.199763,0.515962,-1.016423,0.734334,3.216100,0
38.460000,-0.441844,-0.173984,-2.116583,-0.199762,0.515959,-1.034418,0.731180,3.154800,0
38.480000,-0.449252,-0.185184,-2.098136,-0.199762,0.515956,-1.052414,0.744206,3.401900,0
38.500000,-0.439547,-0.168461,-2.110014,-0.201899,0.517440,-1.052511,0.725904,3.285700,0
38.520000,-0.448253,-0.180410,-2.113277,-0.204508,0.518928,-1.052504,0.740598,3.216000,0
38.540000,-0.451429,-0.183154,-2.097020,-0.207117,0.520416,-1.052498,0.744781,3.275700,0
38.560000,-0.456535,-0.192052,-2.095514,-0.209724,0.521904,-1.052493,0.755413,3.295200,0
38.580000,-0.464271,-0.208399,-2.081622,-0.212332,0.523391,-1.052490,0.773944,3.393700,0
38.600000,-0.454922,-0.193438,-2.095470,-0.214939,0.524879,-1.052487,0.757345,3.303800,0
38.620000,-0.452993,-0.189822,-2.101377,-0.217546,0.526366,-1.052485,0.753897,3.293500,0
38.640000,-0.462699,-0.205503,-2.112506,-0.220153,0.527853,-1.052484,0.772424,3.346000,0
38.660000,-0.455606,-0.195921,-2.080689,-0.220533,0.527887,-1.069616,0.761024,3.326900,0
38.680000,-0.456035,-0.196986,-2.068040,-0.220531,0.527885,-1.087605,0.762168,3.488900,0
38.700000,-0.457458,-0.199896,-2.048593,-0.220528,0.527882,-1.105593,0.765373,3.387200,0
38.720000,-0.457590,-0.196563,-2.020411,-0.220526,0.527880,-1.123583,0.762244,3.339200,0
38.740000,-0.457058,-0.192151,-2.011933,-0.220524,0.527878,-1.141575,0.757885,3.376200,0
38.760000,-0.458492,-0.194159,-1.990813,-0.220523,0.527875,-1.159568,0.760239,3.436900,0
38.780000,-0.459069,-0.192150,-1.975448,-0.220522,0.527873,-1.177561,0.758510,3.377400,0
38.800000,-0.458469,-0.193633,-1.962877,-0.220522,0.527871,-1.195553,0.759728,3.372200,0
38.820000,-0.458207,-0.191128,-1.934532,-0.220521,0.527868,-1.213545,0.757264,3.398000,0
38.840000,-0.464490,-0.206244,-1.913674,-0.220521,0.527866,-1.231537,0.773588,3.378700,0
38.860000,-0.463262,-0.198411,-1.898861,-0.220521,0.527864,-1.249527,0.765767,3.492200,0
38.880000,-0.464612,-0.197141,-1.887099,-0.220521,0.527862,-1.267517,0.764990,3.451400,0
38.900000,-0.466005,-0.195850,-1.880107,-0.220521,0.527860,-1.285506,0.764211,3.416800,0
38.920000,-0.467094,-0.193787,-1.861100,-0.220521,0.527858,-1.303495,0.762607,3.407500,0
38.940000,-0.467157,-0.190069,-1.844750,-0.220521,0.527856,-1.321482,0.759109,3.438000,0
38.960000,-0.467767,-0.190481,-1.814573,-0.220521,0.527854,-1.339469,0.759694,3.506100,0
38.980000,-0.464526,-0.190018,-1.802954,-0.220521,0.527852,-1.357456,0.758205,3.419100,0
39.000000,-0.465938,-0.189517,-1.786281,-0.222859,0.528384,-1.364329,0.757938,3.385200,0
39.020000,-0.470554,-0.213729,-1.782735,-0.225799,0.528998,-1.364326,0.782016,3.415400,0
39.040000,-0.470490,-0.208349,-1.791056,-0.228739,0.529613,-1.364314,0.776551,3.557600,0
39.060000,-0.468557,-0.197501,-1.796949,-0.231679,0.530228,-1.364305,0.765311,3.486500,0
39.080000,-0.471529,-0.198397,-1.816178,-0.234617,0.530843,-1.364299,0.766759,3.406600,0
39.100000,-0.473641,-0.212408,-1.790236,-0.237555,0.531459,-1.364294,0.780433,3.400500,0
39.120000,-0.472089,-0.207616,-1.790052,-0.240493,0.532074,-1.364292,0.775099,3.423000,0
39.140000,-0.476328,-0.224162,-1.781969,-0.243431,0.532690,-1.364290,0.791875,3.476200,0
39.160000,-0.474889,-0.222872,-1.793698,-0.246368,0.533305,-1.364289,0.789953,3.425400,0
39.180000,-0.473604,-0.213696,-1.786006,-0.249305,0.533920,-1.364288,0.780538,3.463100,0
39.200000,-0.472941,-0.220151,-1.801511,-0.252242,0.534536,-1.364287,0.786296,3.436800,0
39.220000,-0.474267,-0.232692,-1.788604,-0.255179,0.535151,-1.364286,0.798487,3.493800,0
39.240000,-0.472619,-0.228619,-1.793358,-0.258115,0.535767,-1.364285,0.793913,3.503000,0
39.260000,-0.475783,-0.239653,-1.791508,-0.261052,0.536382,-1.364285,0.805196,3.409600,0
39.280000,-0.475082,-0.231114,-1.795677,-0.263988,0.536997,-1.364284,0.796589,3.534500,0
39.300000,-0.475729,-0.239177,-1.786500,-0.266925,0.537613,-1.364284,0.804364,3.435200,0
39.320000,-0.476462,-0.244326,-1.784734,-0.269861,0.538228,-1.364283,0.809367,3.523900,0
39.340000,-0.476968,-0.241870,-1.798776,-0.272797,0.538843,-1.364283,0.806969,3.508900,0
39.360000,-0.478490,-0.250885,-1.793533,-0.275734,0.539458,-1.364283,0.815937,3.512200,0
39.380000,-0.480004,-0.261131,-1.773367,-0.278670,0.540074,-1.364283,0.826115,3.480300,0
39.400000,-0.480458,-0.258693,-1.795730,-0.281606,0.540689,-1.364283,0.823743,3.786000,0
39.420000,-0.479763,-0.265064,-1.774276,-0.284543,0.541304,-1.364283,0.829663,3.643800,0
39.440000,-0.480048,-0.272531,-1.781432,-0.287479,0.541919,-1.364283,0.836906,3.396300,0
39.460000,-0.479098,-0.257550,-1.791344,-0.290415,0.542534,-1.364283,0.822031,3.448300,0
39.480000,-0.482121,-0.266941,-1.801085,-0.293351,0.543150,-1.364283,0.831794,3.511300,0
39.500000,-0.480444,-0.262758,-1.788629,-0.296288,0.543765,-1.364283,0.827281,3.581000,0
39.520000,-0.481489,-0.267654,-1.790555,-0.299224,0.544380,-1.364283,0.832238,3.496400,0
39.540000,-0.479091,-0.257315,-1.803491,-0.302160,0.544995,-1.364282,0.821588,3.537100,0
39.560000,-0.486944,-0.279474,-1.788113,-0.305097,0.545610,-1.364282,0.844885,3.436400,0
39.580000,-0.489295,-0.292136,-1.789802,-0.308033,0.546225,-1.364282,0.857732,3.623500,0
39.600000,-0.488880,-0.286589,-1.785853,-0.310969,0.546840,-1.364282,0.852206,3.508200,0
39.620000,-0.487805,-0.281439,-1.805932,-0.313905,0.547456,-1.364282,0.846940,3.491900,0
39.640000,-0.490312,-0.292009,-1.795525,-0.316842,0.548071,-1.364282,0.857804,3.518200,0
39.660000,-0.490489,-0.289901,-1.789888,-0.319778,0.548686,-1.364282,0.855787,3.480000,0
39.680000,-0.490646,-0.291227,-1.783787,-0.322714,0.549301,-1.364282,0.857140,3.542500,0
39.700000,-0.491776,-0.299328,-1.803324,-0.325650,0.549916,-1.364282,0.865340,3.442500,0
39.720000,-0.490128,-0.294101,-1.799868,-0.328587,0.550531,-1.364282,0.859941,3.509200,0
39.740000,-0.489923,-0.298174,-1.809978,-0.331523,0.551147,-1.364282,0.863965,3.562900,0
39.760000,-0.490374,-0.300143,-1.792839,-0.334459,0.551762,-1.364282,0.866055,3.613600,0
39.780000,-0.492381,-0.309359,-1.801320,-0.337395,0.552377,-1.364282,0.875562,3.530700,0
39.800000,-0.494500,-0.310393,-1.782897,-0.340332,0.552992,-1.364282,0.877041,3.472700,0
39.820000,-0.493281,-0.300299,-1.807079,-0.343268,0.553607,-1.364282,0.866983,3.433500,0
39.840000,-0.494093,-0.307727,-1.817544,-0.346204,0.554222,-1.364282,0.874544,3.470900,0
39.860000,-0.494833,-0.315288,-1.794923,-0.349140,0.554837,-1.364282,0.882238,3.664800,0
39.880000,-0.496485,-0.322465,-1.783612,-0.349773,0.554919,-1.377692,0.889566,3.488900,0
39.900000,-0.495524,-0.317353,-1.759909,-0.349941,0.554882,-1.397663,0.884301,3.526400,0
39.920000,-0.498583,-0.329538,-1.731713,-0.349937,0.554881,-1.415651,0.896824,3.531100,0
39.940000,-0.495749,-0.311272,-1.732973,-0.349935,0.554879,-1.433640,0.878339,3.557800,0
39.960000,-0.498821,-0.324847,-1.701765,-0.349932,0.554877,-1.451631,0.892234,3.495200,0
39.980000,-0.497392,-0.324124,-1.692995,-0.349931,0.554875,-1.469621,0.891282,3.515100,0
40.000000,-0.498199,-0.323205,-1.683424,-0.352175,0.555167,-1.478018,0.890427,3.487000,0
40.020000,-0.495954,-0.316581,-1.682952,-0.355165,0.555443,-1.478016,0.883317,3.526300,0
40.040000,-0.498241,-0.328257,-1.673475,-0.358155,0.555720,-1.478010,0.895008,3.586000,0
40.060000,-0.498421,-0.322951,-1.680416,-0.361144,0.555996,-1.478007,0.889602,3.491200,0
40.080000,-0.499550,-0.337631,-1.673703,-0.364133,0.556274,-1.478004,0.904104,3.522600,0
40.100000,-0.500035,-0.341361,-1.663295,-0.367122,0.556551,-1.478002,0.907696,3.452100,0
40.120000,-0.500360,-0.345170,-1.677695,-0.370110,0.556829,-1.478000,0.911355,3.592800,0
40.140000,-0.498670,-0.331169,-1.693310,-0.373098,0.557106,-1.477999,0.897107,3.480800,0
40.160000,-0.502315,-0.343919,-1.697115,-0.376086,0.557384,-1.477997,0.910099,3.530500,0
40.180000,-0.502892,-0.352791,-1.671830,-0.379074,0.557662,-1.477996,0.918834,3.495500,0
40.200000,-0.503338,-0.352256,-1.671982,-0.382061,0.557940,-1.477996,0.918241,3.503600,0
40.220000,-0.504229,-0.353573,-1.680241,-0.382845,0.557885,-1.489429,0.919505,3.501900,0
40.240000,-0.504099,-0.349792,-1.649516,-0.383019,0.557869,-1.509429,0.915701,3.527000,0
40.260000,-0.503696,-0.345750,-1.638773,-0.383017,0.557868,-1.527441,0.911641,3.518600,0
40.280000,-0.504056,-0.351472,-1.609951,-0.383014,0.557867,-1.545429,0.917360,3.531000,0
40.300000,-0.504010,-0.348046,-1.597955,-0.383012,0.557866,-1.563417,0.913957,3.541300,0
40.320000,-0.505252,-0.335544,-1.580128,-0.383010,0.557864,-1.581407,0.901733,3.526200,0
40.340000,-0.507101,-0.350172,-1.561384,-0.383008,0.557863,-1.599396,0.916475,3.502100,0
40.360000,-0.509611,-0.354749,-1.550563,-0.383007,0.557862,-1.617384,0.921351,3.523900,0
40.380000,-0.508106,-0.347883,-1.518866,-0.383006,0.557860,-1.635373,0.914342,3.477100,0
40.400000,-0.509160,-0.361079,-1.495059,-0.383005,0.557859,-1.653360,0.927557,3.521600,0
40.420000,-0.509253,-0.361281,-1.480626,-0.383004,0.557857,-1.671347,0.927768,3.527500,0
40.440000,-0.510390,-0.355307,-1.475969,-0.383004,0.557856,-1.689334,0.922006,3.528600,0
40.460000,-0.509342,-0.355237,-1.448317,-0.382998,0.557855,-1.707377,0.921792,3.514300,0
40.480000,-0.511563,-0.347821,-1.452890,-0.382992,0.557853,-1.725426,0.914755,3.581700,0
40.500000,-0.513539,-0.341112,-1.420786,-0.382986,0.557852,-1.743473,0.908394,3.490000,0
40.520000,-0.516316,-0.345576,-1.401623,-0.382980,0.557851,-1.761516,0.913213,3.446600,0
40.540000,-0.515584,-0.351441,-1.375383,-0.382975,0.557850,-1.779554,0.918910,3.506400,0
40.560000,-0.516097,-0.351577,-1.357904,-0.382970,0.557849,-1.797588,0.919118,3.475000,0
40.580000,-0.513670,-0.357564,-1.328614,-0.382965,0.557847,-1.815618,0.924695,3.615700,0
40.600000,-0.512819,-0.353810,-1.317283,-0.382961,0.557846,-1.833644,0.920858,3.528700,0
40.620000,-0.513730,-0.354724,-1.299038,-0.382957,0.557845,-1.851667,0.921891,3.510500,0
40.640000,-0.516159,-0.349745,-1.287868,-0.382953,0.557844,-1.869687,0.917312,3.510500,0
40.660000,-0.520813,-0.333901,-1.274197,-0.382950,0.557843,-1.887704,0.902338,3.689300,0
40.680000,-0.517284,-0.353668,-1.243858,-0.382946,0.557841,-1.905718,0.921356,3.501400,0
40.700000,-0.515952,-0.353639,-1.233746,-0.382943,0.557840,-1.923731,0.921132,3.539800,0
40.720000,-0.515606,-0.358787,-1.196952,-0.382940,0.557839,-1.941741,0.926177,3.511300,0
40.740000,-0.512887,-0.364610,-1.178221,-0.382937,0.557838,-1.959750,0.931556,3.527900,0
40.760000,-0.521825,-0.347344,-1.199074,-0.382934,0.557837,-1.977757,0.915775,4.952000,0
40.780000,-0.516360,-0.356453,-1.157161,-0.382932,0.557836,-1.995763,0.923974,3.460500,0
40.800000,-0.521141,-0.352703,-1.142306,-0.382929,0.557835,-2.013767,0.920968,3.560000,0
40.820000,-0.526291,-0.345926,-1.137467,-0.382926,0.557833,-2.031771,0.915060,3.528000,0
40.840000,-0.523013,-0.346469,-1.103968,-0.382924,0.557832,-2.049773,0.915088,3.610400,0
40.860000,-0.522401,-0.353865,-1.080182,-0.382921,0.557831,-2.067774,0.922304,3.526200,0
40.880000,-0.516333,-0.368529,-1.077400,-0.385294,0.556543,-2.071205,0.934307,3.500700,0
40.900000,-0.529882,-0.351702,-1.090554,-0.387929,0.555102,-2.071202,0.917847,3.514400,0
40.920000,-0.518861,-0.367640,-1.078349,-0.390564,0.553660,-2.071195,0.930190,3.608500,0
40.940000,-0.512021,-0.377439,-1.072338,-0.393199,0.552220,-2.071186,0.937222,3.482300,0
40.960000,-0.519670,-0.361523,-1.093625,-0.395833,0.550779,-2.071180,0.920669,3.505800,0
40.980000,-0.515370,-0.365079,-1.099579,-0.398467,0.549339,-2.071174,0.921860,3.507100,0
41.000000,-0.506707,-0.381649,-1.078751,-0.401100,0.547900,-2.071170,0.935529,3.524200,0
41.020000,-0.505872,-0.381903,-1.078915,-0.403734,0.546460,-2.071166,0.933965,3.706000,0
41.040000,-0.504151,-0.382686,-1.076971,-0.406367,0.545021,-2.071164,0.932846,3.524300,0
41.060000,-0.510646,-0.379841,-1.073623,-0.406747,0.544813,-2.087558,0.930473,3.535700,0
41.080000,-0.509790,-0.382995,-1.043271,-0.406799,0.544782,-2.106274,0.933476,3.490600,0
41.100000,-0.512794,-0.378164,-1.033222,-0.406796,0.544783,-2.124261,0.929014,3.634400,0
41.120000,-0.514145,-0.375771,-1.022409,-0.406793,0.544784,-2.142252,0.926794,3.489700,0
41.140000,-0.512591,-0.379230,-0.982602,-0.406790,0.544784,-2.160248,0.930052,3.494600,0
41.160000,-0.506254,-0.387555,-0.969139,-0.406787,0.544785,-2.178247,0.937631,3.521700,0
41.180000,-0.505426,-0.388845,-0.950267,-0.406784,0.544784,-2.196248,0.938825,3.694600,0
41.200000,-0.509205,-0.385170,-0.939663,-0.406781,0.544784,-2.214249,0.935577,3.515300,0
41.220000,-0.511792,-0.384319,-0.933530,-0.406778,0.544784,-2.232250,0.935019,3.503100,0
41.240000,-0.515201,-0.377865,-0.914925,-0.406775,0.544783,-2.250251,0.928997,3.510600,0
41.260000,-0.504723,-0.394845,-0.889726,-0.406772,0.544783,-2.268251,0.944719,3.522500,0
41.280000,-0.510512,-0.388452,-0.863908,-0.406770,0.544782,-2.286250,0.938982,3.559000,0
41.300000,-0.511838,-0.388907,-0.845239,-0.406767,0.544782,-2.304248,0.939582,3.501700,0
41.320000,-0.515499,-0.386317,-0.834774,-0.406765,0.544781,-2.322246,0.937425,3.513600,0
41.340000,-0.513145,-0.390036,-0.810446,-0.406763,0.544780,-2.340242,0.940849,3.488900,0
41.360000,-0.512768,-0.390593,-0.794927,-0.406760,0.544780,-2.358237,0.941361,3.613100,0
41.380000,-0.513085,-0.388924,-0.784657,-0.406758,0.544779,-2.376232,0.939738,3.523500,0
41.400000,-0.513538,-0.385035,-0.764448,-0.406756,0.544778,-2.394226,0.935925,3.492200,0
41.420000,-0.519202,-0.380831,-0.759840,-0.406754,0.544777,-2.412219,0.932413,3.512800,0
41.440000,-0.520920,-0.380025,-0.732929,-0.406752,0.544777,-2.430211,0.931822,3.508400,0
41.460000,-0.510317,-0.387206,-0.699558,-0.406750,0.544776,-2.448203,0.937719,3.549100,0
41.480000,-0.520550,-0.377746,-0.725025,-0.408590,0.542693,-2.449613,0.927224,3.490400,0
41.500000,-0.522103,-0.374660,-0.729495,-0.410507,0.540379,-2.449606,0.921819,3.506400,0
41.520000,-0.512100,-0.384522,-0.724100,-0.412423,0.538067,-2.449596,0.927958,3.477400,0
41.540000,-0.513560,-0.386555,-0.718920,-0.414339,0.535755,-2.449588,0.927632,3.561100,0
41.560000,-0.494597,-0.406343,-0.682051,-0.416255,0.533443,-2.449582,0.943046,3.488200,0
41.580000,-0.500279,-0.401372,-0.690602,-0.418171,0.531132,-2.449578,0.936112,3.512600,0
41.600000,-0.493962,-0.406523,-0.698679,-0.420087,0.528822,-2.449574,0.938258,3.517600,0
41.620000,-0.498191,-0.402185,-0.709743,-0.422002,0.526511,-2.449572,0.931816,3.498500,0
41.640000,-0.494571,-0.403783,-0.717638,-0.423917,0.524201,-2.449570,0.930670,3.511800,0
41.660000,-0.495378,-0.403927,-0.706502,-0.425832,0.521891,-2.449569,0.928426,3.509600,0
41.680000,-0.478526,-0.419775,-0.675349,-0.427747,0.519580,-2.449568,0.940726,3.484700,0
41.700000,-0.487385,-0.412126,-0.706802,-0.429662,0.517270,-2.449568,0.931187,3.510200,0
41.720000,-0.489294,-0.410386,-0.701115,-0.431576,0.514960,-2.449567,0.927145,3.606300,0
41.740000,-0.484547,-0.412936,-0.710175,-0.433491,0.512650,-2.449566,0.926993,3.527400,0
41.760000,-0.483989,-0.416394,-0.700279,-0.435406,0.510340,-2.449566,0.928006,3.468100,0
41.780000,-0.477327,-0.417833,-0.696171,-0.437320,0.508030,-2.449566,0.926727,3.508800,0
41.800000,-0.476316,-0.422594,-0.698568,-0.439235,0.505720,-2.449565,0.929054,3.482300,0
41.820000,-0.482682,-0.417403,-0.716474,-0.441149,0.503410,-2.449565,0.921749,3.573900,0
41.840000,-0.480352,-0.418930,-0.734587,-0.443063,0.501101,-2.449565,0.920786,3.515300,0
41.860000,-0.473115,-0.425562,-0.715246,-0.444978,0.498791,-2.449565,0.924781,3.481500,0
41.880000,-0.471738,-0.426937,-0.722355,-0.446892,0.496481,-2.449565,0.923752,3.523700,0
41.900000,-0.467839,-0.430483,-0.709961,-0.448807,0.494171,-2.449565,0.924850,3.698100,0
41.920000,-0.458205,-0.437300,-0.706813,-0.450721,0.491861,-2.449565,0.929191,3.505400,0
41.940000,-0.462346,-0.432860,-0.721270,-0.452635,0.489551,-2.449565,0.922462,3.518700,0
41.960000,-0.454041,-0.440858,-0.684513,-0.454550,0.487241,-2.449565,0.928099,3.525400,0
41.980000,-0.460325,-0.436112,-0.728009,-0.456464,0.484931,-2.449565,0.921051,3.510100,0
42.000000,-0.460240,-0.438396,-0.717105,-0.458378,0.482622,-2.449565,0.921019,3.512800,0
42.020000,-0.450807,-0.445934,-0.708082,-0.460292,0.480312,-2.449565,0.926295,3.492000,0
42.040000,-0.458233,-0.442998,-0.711618,-0.462207,0.478002,-2.449564,0.921008,3.541300,0
42.060000,-0.454192,-0.443364,-0.690871,-0.464121,0.475692,-2.449564,0.919109,3.483900,0
42.080000,-0.451990,-0.443872,-0.715245,-0.466035,0.473382,-2.449564,0.917362,3.497300,0
42.100000,-0.444877,-0.449082,-0.718060,-0.467950,0.471072,-2.449564,0.920443,3.496300,0
42.120000,-0.438779,-0.453684,-0.709558,-0.469864,0.468762,-2.449564,0.922969,3.544800,0
42.140000,-0.443607,-0.450187,-0.730103,-0.471778,0.466452,-2.449564,0.917072,3.493700,0
42.160000,-0.446279,-0.447637,-0.722292,-0.473693,0.464143,-2.449564,0.912192,3.541700,0
42.180000,-0.439308,-0.454391,-0.708915,-0.475607,0.461833,-2.449564,0.916943,3.513200,0
42.200000,-0.429175,-0.466090,-0.710804,-0.477521,0.459523,-2.449564,0.926874,3.479300,0
42.220000,-0.424748,-0.469891,-0.701270,-0.479436,0.457213,-2.449564,0.928716,3.539800,0
42.240000,-0.427894,-0.466887,-0.726097,-0.481350,0.454903,-2.449564,0.923338,3.499600,0
42.260000,-0.425871,-0.468491,-0.694883,-0.483264,0.452593,-2.449564,0.922870,3.724700,0
42.280000,-0.426734,-0.466020,-0.704467,-0.485178,0.450283,-2.449564,0.918165,3.475200,0
42.300000,-0.421476,-0.469126,-0.707659,-0.487093,0.447974,-2.449564,0.919444,3.524700,0
42.320000,-0.418046,-0.471605,-0.720091,-0.489007,0.445664,-2.449564,0.920010,3.481300,0
42.340000,-0.412894,-0.475460,-0.686524,-0.490921,0.443354,-2.449564,0.922121,3.641600,0
42.360000,-0.422942,-0.468493,-0.700220,-0.492836,0.441044,-2.449564,0.912218,3.508900,0
42.380000,-0.414908,-0.474444,-0.719139,-0.494750,0.438734,-2.449564,0.916662,3.496000,0
42.400000,-0.409090,-0.479567,-0.703603,-0.496664,0.436424,-2.449564,0.920167,3.503600,0
42.420000,-0.407906,-0.482099,-0.714197,-0.498579,0.434114,-2.449564,0.920689,3.497400,0
42.440000,-0.410603,-0.480905,-0.704018,-0.500493,0.431805,-2.449564,0.917126,3.565200,0
42.460000,-0.393714,-0.495391,-0.681931,-0.502407,0.429495,-2.449564,0.931251,3.457500,0
42.480000,-0.409233,-0.483296,-0.724986,-0.504321,0.427185,-2.449564,0.915433,3.541700,0
42.500000,-0.396590,-0.492730,-0.702405,-0.506236,0.424875,-2.449564,0.924132,3.494900,0
42.520000,-0.394699,-0.495172,-0.713118,-0.508150,0.422565,-2.449564,0.924723,3.603300,0
42.540000,-0.395314,-0.496301,-0.708200,-0.510064,0.420255,-2.449564,0.923711,3.504300,0
42.560000,-0.395191,-0.493587,-0.694634,-0.511979,0.417945,-2.449564,0.918983,3.509500,0
42.580000,-0.384022,-0.502361,-0.698636,-0.513893,0.415636,-2.449564,0.927138,3.484900,0
42.600000,-0.385349,-0.499674,-0.706218,-0.515807,0.413326,-2.449564,0.922273,3.515700,0
42.620000,-0.387430,-0.498336,-0.713963,-0.517722,0.411016,-2.449564,0.918639,3.610900,0
42.640000,-0.385402,-0.498265,-0.700516,-0.519636,0.408706,-2.449564,0.916850,3.521000,0
42.660000,-0.368982,-0.514051,-0.692215,-0.521550,0.406396,-2.449564,0.933005,3.416300,0
42.680000,-0.371079,-0.513169,-0.681480,-0.523464,0.404086,-2.449564,0.929826,3.530400,0
42.700000,-0.378959,-0.508747,-0.705367,-0.525379,0.401776,-2.449564,0.922221,3.570100,0
42.720000,-0.381858,-0.504403,-0.720428,-0.527293,0.399467,-2.449564,0.915496,3.523200,0
42.740000,-0.380064,-0.505851,-0.702187,-0.527519,0.399191,-2.467016,0.916975,3.527900,0
42.760000,-0.384126,-0.503736,-0.685365,-0.527532,0.399174,-2.485294,0.914227,3.494400,0
42.780000,-0.365060,-0.520665,-0.639725,-0.527529,0.399176,-2.503285,0.934079,3.509800,0
42.800000,-0.372972,-0.511970,-0.630220,-0.527526,0.399178,-2.521278,0.924163,3.549300,0
42.820000,-0.371543,-0.512635,-0.623198,-0.527523,0.399179,-2.539274,0.925059,3.554300,0
42.840000,-0.380248,-0.507765,-0.611065,-0.527520,0.399180,-2.557270,0.918824,3.494600,0
42.860000,-0.378984,-0.507446,-0.608549,-0.529171,0.397075,-2.557388,0.916904,3.503500,0
42.880000,-0.376394,-0.510094,-0.622306,-0.530827,0.394570,-2.557382,0.917751,4.039900,0
42.900000,-0.359165,-0.523953,-0.570581,-0.532484,0.392065,-2.557378,0.932271,3.455800,0
42.920000,-0.357727,-0.525034,-0.592025,-0.534140,0.389561,-2.557374,0.931453,3.541200,0
42.940000,-0.364552,-0.518761,-0.609646,-0.535795,0.387057,-2.557372,0.921862,3.484200,0
42.960000,-0.366307,-0.518256,-0.605000,-0.537451,0.384554,-2.557370,0.918889,3.557300,0
42.980000,-0.351646,-0.528912,-0.589603,-0.539106,0.382050,-2.557369,0.930050,3.543700,0
43.000000,-0.346861,-0.531780,-0.606490,-0.540762,0.379547,-2.557368,0.931727,3.582500,0
43.020000,-0.359385,-0.522491,-0.618530,-0.542417,0.377045,-2.557367,0.917968,3.491600,0
43.040000,-0.338768,-0.538931,-0.576057,-0.544072,0.374542,-2.557366,0.936260,3.532300,0
43.060000,-0.344899,-0.534872,-0.589805,-0.545727,0.372039,-2.557366,0.928880,3.590700,0
43.080000,-0.342571,-0.538619,-0.592944,-0.547382,0.369536,-2.557365,0.930964,3.478100,0
43.100000,-0.333577,-0.545206,-0.591407,-0.549037,0.367034,-2.557365,0.937339,3.507100,0
43.120000,-0.343645,-0.539255,-0.604071,-0.550692,0.364531,-2.557365,0.927199,3.489800,0
43.140000,-0.337147,-0.542354,-0.585649,-0.552347,0.362029,-2.557365,0.929635,3.588700,0
43.160000,-0.334933,-0.545307,-0.595734,-0.554001,0.359526,-2.557365,0.930974,3.525700,0
43.180000,-0.337710,-0.544995,-0.610509,-0.555656,0.357024,-2.557365,0.927975,3.474500,0
43.200000,-0.337318,-0.544628,-0.609800,-0.557311,0.354521,-2.557364,0.925671,3.475500,0
43.220000,-0.324575,-0.553266,-0.593801,-0.558966,0.352019,-2.557364,0.935137,3.534900,0
43.240000,-0.338825,-0.543101,-0.604106,-0.560620,0.349516,-2.557364,0.919760,3.650700,0
43.260000,-0.339357,-0.543312,-0.616903,-0.562275,0.347014,-2.557364,0.917809,3.512300,0
43.280000,-0.326115,-0.552499,-0.602146,-0.563930,0.344511,-2.557364,0.927999,3.470400,0
43.300000,-0.324270,-0.554762,-0.621748,-0.565584,0.342009,-2.557364,0.928671,3.539700,0
43.320000,-0.315513,-0.559729,-0.595953,-0.567239,0.339507,-2.557364,0.933804,3.538700,0
43.340000,-0.322778,-0.552862,-0.610421,-0.568894,0.337004,-2.557364,0.923274,3.520600,0
43.360000,-0.309730,-0.564381,-0.596916,-0.570548,0.334502,-2.557364,0.935957,3.487900,0
43.380000,-0.303935,-0.567049,-0.584467,-0.572203,0.331999,-2.557364,0.938220,3.500000,0
43.400000,-0.311249,-0.564348,-0.595311,-0.573858,0.329497,-2.557364,0.931623,3.487300,0
43.420000,-0.309164,-0.566378,-0.579819,-0.575512,0.326994,-2.557364,0.932231,3.537400,0
43.440000,-0.310426,-0.564959,-0.607754,-0.577167,0.324492,-2.557364,0.928587,3.502500,0
43.460000,-0.296251,-0.573792,-0.602734,-0.578822,0.321990,-2.557364,0.939293,3.449700,0
43.480000,-0.298305,-0.572221,-0.602383,-0.580476,0.319487,-2.557364,0.935288,3.574100,0
43.500000,-0.294395,-0.573924,-0.620764,-0.582131,0.316985,-2.557364,0.936222,3.526100,0
43.520000,-0.295342,-0.573089,-0.610135,-0.583786,0.314482,-2.557364,0.933264,3.528200,0
43.540000,-0.290109,-0.576378,-0.602810,-0.585440,0.311980,-2.557364,0.936162,3.479400,0
43.560000,-0.289171,-0.577772,-0.599206,-0.587095,0.309478,-2.557364,0.935933,3.508800,0
43.580000,-0.290284,-0.577742,-0.596884,-0.588750,0.306975,-2.557364,0.933706,3.487700,0
43.600000,-0.288158,-0.578386,-0.581614,-0.588802,0.306641,-2.574216,0.934698,3.555800,0
43.620000,-0.293863,-0.575458,-0.586029,-0.588799,0.306644,-2.592201,0.930103,3.544600,0
43.640000,-0.292294,-0.577827,-0.557497,-0.588796,0.306647,-2.610190,0.932849,3.540500,0
43.660000,-0.301034,-0.571828,-0.548873,-0.588793,0.306649,-2.628183,0.924406,3.488200,0
43.680000,-0.285807,-0.581771,-0.518096,-0.588790,0.306650,-2.646177,0.938664,3.607500,0
43.700000,-0.289285,-0.579380,-0.501416,-0.588787,0.306651,-2.664172,0.935282,3.495600,0
43.720000,-0.289354,-0.579296,-0.498243,-0.590163,0.304495,-2.664261,0.933581,3.554900,0
43.740000,-0.280200,-0.583351,-0.493837,-0.591543,0.301828,-2.664256,0.938336,3.481200,0
43.760000,-0.279972,-0.585109,-0.490054,-0.592923,0.299161,-2.664252,0.938015,3.541800,0
43.780000,-0.267175,-0.592989,-0.489524,-0.594302,0.296494,-2.664248,0.947730,3.618100,0
43.800000,-0.270109,-0.592288,-0.480440,-0.595681,0.293828,-2.664246,0.944034,3.497300,0
43.820000,-0.260097,-0.596506,-0.481924,-0.597060,0.291162,-2.664244,0.949472,3.489000,0
43.840000,-0.283161,-0.587018,-0.504661,-0.598439,0.288497,-2.664243,0.930551,3.448100,0
43.860000,-0.266807,-0.596003,-0.486586,-0.599818,0.285832,-2.664241,0.942618,3.716000,0
43.880000,-0.268805,-0.593724,-0.490702,-0.601197,0.283166,-2.664241,0.937775,3.224000,0
43.900000,-0.248868,-0.601222,-0.480990,-0.602576,0.280501,-2.664240,0.950024,3.161000,0
43.920000,-0.252975,-0.599466,-0.482667,-0.603954,0.277836,-2.664240,0.944905,3.237300,0
43.940000,-0.255219,-0.596946,-0.486938,-0.605333,0.275172,-2.664239,0.939772,3.218000,0
43.960000,-0.257097,-0.597000,-0.514885,-0.606711,0.272507,-2.664239,0.937162,3.348500,0
43.980000,-0.247074,-0.603469,-0.466057,-0.606729,0.272083,-2.681710,0.946542,3.213100,0
44.000000,-0.253423,-0.599189,-0.454001,-0.606734,0.272071,-2.699893,0.940172,3.223500,0
44.020000,-0.259735,-0.596343,-0.462851,-0.606731,0.272074,-2.717881,0.935176,3.233400,0
44.040000,-0.258065,-0.596767,-0.411573,-0.606729,0.272076,-2.735871,0.936192,3.276900,0
44.060000,-0.247144,-0.603468,-0.403032,-0.606727,0.272077,-2.753862,0.946509,3.522000,0
44.080000,-0.254190,-0.601803,-0.387354,-0.606724,0.272079,-2.771855,0.942311,3.401400,0
44.100000,-0.254509,-0.604442,-0.358685,-0.606722,0.272080,-2.789847,0.944640,3.407300,0
44.120000,-0.261015,-0.602822,-0.362978,-0.606720,0.272080,-2.807840,0.940726,3.561400,0
44.140000,-0.265201,-0.603397,-0.346291,-0.606718,0.272081,-2.825832,0.939732,3.744100,0
44.160000,-0.263940,-0.605004,-0.332099,-0.606715,0.272081,-2.843823,0.941686,3.548400,0
44.180000,-0.264379,-0.605386,-0.299314,-0.606713,0.272081,-2.861813,0.941882,3.618300,0
44.200000,-0.251009,-0.609759,-0.264513,-0.606711,0.272082,-2.879803,0.950877,3.569400,0
44.220000,-0.258944,-0.607341,-0.253144,-0.606709,0.272082,-2.897791,0.945688,3.632200,0
44.240000,-0.255758,-0.605345,-0.244557,-0.606707,0.272082,-2.915780,0.945010,3.631400,0
44.260000,-0.251235,-0.607073,-0.214275,-0.606705,0.272082,-2.933767,0.948300,3.593400,0
44.280000,-0.258301,-0.605608,-0.205492,-0.606703,0.272082,-2.951753,0.944311,3.713800,0
44.300000,-0.269033,-0.605415,-0.197540,-0.606701,0.272082,-2.969740,0.940224,3.642500,0
44.320000,-0.265874,-0.606337,-0.179896,-0.607123,0.269775,-2.977185,0.940225,3.698000,0
44.340000,-0.248810,-0.608748,-0.169966,-0.607614,0.266811,-2.977182,0.946226,3.656500,0
44.360000,-0.247093,-0.609972,-0.208316,-0.608104,0.263848,-2.977170,0.945458,3.686000,0
44.380000,-0.253877,-0.610187,-0.199863,-0.608595,0.260885,-2.977162,0.940527,3.648500,0
44.400000,-0.247466,-0.612837,-0.169175,-0.609086,0.257923,-2.977155,0.942864,3.784600,0
44.420000,-0.248075,-0.609873,-0.184255,-0.609577,0.254962,-2.977151,0.937349,3.693100,0
44.440000,-0.235284,-0.612377,-0.168838,-0.610068,0.252001,-2.977148,0.942131,3.735000,0
44.460000,-0.222671,-0.615175,-0.181026,-0.610560,0.249040,-2.977146,0.947273,3.660500,0
44.480000,-0.237601,-0.612920,-0.182396,-0.611051,0.246079,-2.977145,0.936666,3.721700,0
44.500000,-0.226377,-0.615506,-0.176764,-0.611543,0.243119,-2.977144,0.941058,3.761800,0
44.520000,-0.225454,-0.614810,-0.166954,-0.612034,0.240159,-2.977143,0.938305,3.695700,0
44.540000,-0.206030,-0.617930,-0.153347,-0.612525,0.237199,-2.977143,0.946829,3.712900,0
44.560000,-0.218795,-0.616596,-0.181800,-0.613017,0.234239,-2.977142,0.937727,3.686700,0
44.580000,-0.227270,-0.615756,-0.201052,-0.613508,0.231279,-2.977141,0.930939,3.733200,0
44.600000,-0.216793,-0.618342,-0.191794,-0.613999,0.228320,-2.977140,0.935206,3.692500,0
44.620000,-0.217038,-0.618878,-0.183329,-0.614491,0.225360,-2.977140,0.933117,3.706200,0
44.640000,-0.199226,-0.621784,-0.155520,-0.614567,0.224668,-2.989778,0.942862,3.781100,0
44.660000,-0.203482,-0.622616,-0.137072,-0.614538,0.224496,-3.009778,0.941576,3.859000,0
44.680000,-0.218404,-0.620314,-0.139723,-0.614537,0.224498,-3.027780,0.933075,3.702200,0
44.700000,-0.212876,-0.622760,-0.119951,-0.614536,0.224501,-3.045769,0.937647,3.716000,0
44.720000,-0.209274,-0.622643,-0.089239,-0.614534,0.224504,-3.063758,0.939092,3.714000,0
44.740000,-0.202812,-0.623682,-0.068790,-0.614533,0.224505,-3.081748,0.942834,3.704500,0
44.760000,-0.211477,-0.625599,-0.059567,-0.614749,0.222308,-3.090756,0.938922,3.745900,0
44.780000,-0.203468,-0.623932,-0.070748,-0.614900,0.219309,-3.090754,0.938260,3.768000,0
44.800000,-0.205387,-0.625516,-0.070419,-0.615051,0.216310,-3.090750,0.936214,3.779200,0
44.820000,-0.192822,-0.625211,-0.057727,-0.615202,0.213312,-3.090747,0.938896,3.751900,0
44.840000,-0.205062,-0.623966,-0.068219,-0.615353,0.210314,-3.090744,0.929711,3.694600,0
44.860000,-0.182755,-0.624969,-0.059961,-0.615505,0.207316,-3.090741,0.938068,3.725700,0
44.880000,-0.195027,-0.623382,-0.066665,-0.615657,0.204319,-3.090739,0.928450,3.717800,0
44.900000,-0.173821,-0.624331,-0.057169,-0.615809,0.201322,-3.090738,0.936512,3.689500,0
44.920000,-0.178637,-0.625836,-0.050787,-0.615962,0.198325,-3.090736,0.933003,3.787800,0
44.940000,-0.181375,-0.624670,-0.051110,-0.616114,0.195328,-3.090735,0.928114,3.722500,0
44.960000,-0.171876,-0.625451,-0.056683,-0.616267,0.192332,-3.090735,0.930727,3.722600,0
44.980000,-0.162764,-0.626310,-0.053267,-0.616419,0.189335,-3.090734,0.933316,3.768600,0
45.000000,-0.166354,-0.624645,-0.073751,-0.616572,0.186339,-3.090734,0.927573,3.769600,0
45.020000,-0.173437,-0.624647,-0.076732,-0.616724,0.183343,-3.090733,0.921602,3.242800,0
45.040000,-0.165358,-0.625241,-0.055350,-0.616877,0.180346,-3.090733,0.923493,3.307200,0
45.060000,-0.153911,-0.626242,-0.054562,-0.617029,0.177350,-3.090733,0.927490,3.188300,0
45.080000,-0.162672,-0.625654,-0.052223,-0.617182,0.174354,-3.090733,0.920105,4.073000,0
45.100000,-0.157579,-0.623713,-0.068227,-0.617334,0.171358,-3.090733,0.918429,3.174900,0
45.120000,-0.164729,-0.624693,-0.066483,-0.617487,0.168361,-3.090733,0.913195,3.197700,0
45.140000,-0.151810,-0.625868,-0.059258,-0.617452,0.167496,-3.101051,0.919918,3.232500,0
45.160000,-0.162525,-0.624890,-0.031713,-0.617443,0.167323,-3.121049,0.913538,3.217500,0
45.180000,-0.149281,-0.627504,-0.019060,-0.617442,0.167321,-3.139098,0.922454,3.392300,0
45.200000,-0.155192,-0.627791,-0.001481,-0.617441,0.167324,3.126099,0.919718,3.181100,0
45.220000,-0.141283,-0.627316,0.024923,-0.617440,0.167326,3.108110,0.926381,3.222300,0
45.240000,-0.163780,-0.628364,0.036476,-0.617439,0.167329,3.090121,0.915934,3.197700,0
45.260000,-0.144939,-0.627047,0.047154,-0.617316,0.165156,3.080828,0.922348,3.147700,0
45.280000,-0.143780,-0.628552,0.057278,-0.617131,0.162159,3.080830,0.921567,3.569100,0
45.300000,-0.144930,-0.631018,0.038630,-0.616947,0.159162,3.080836,0.920427,3.220300,0
45.320000,-0.130711,-0.629138,0.056351,-0.616763,0.156165,3.080839,0.923552,3.258000,0
45.340000,-0.144833,-0.628619,0.040788,-0.616580,0.153169,3.080842,0.913093,3.194700,0
45.360000,-0.113111,-0.627013,0.066102,-0.616397,0.150173,3.080844,0.925913,3.216100,0
45.380000,-0.123887,-0.628572,0.062189,-0.616214,0.147178,3.080846,0.918789,3.300300,0
45.400000,-0.136471,-0.630335,0.033780,-0.616032,0.144182,3.080848,0.910964,3.163200,0
45.420000,-0.128733,-0.631261,0.052487,-0.615849,0.141187,3.080849,0.913213,3.219200,0
45.440000,-0.112261,-0.629417,0.056953,-0.615667,0.138192,3.080850,0.917955,3.150700,0
45.460000,-0.114377,-0.629802,0.052646,-0.615485,0.135197,3.080851,0.914512,3.205700,0
45.480000,-0.120424,-0.628656,0.046893,-0.615303,0.132202,3.080851,0.907640,3.452000,0
45.500000,-0.117907,-0.629114,0.058634,-0.615121,0.129208,3.080852,0.906794,3.150300,0
45.520000,-0.103254,-0.626863,0.066015,-0.614938,0.126213,3.080852,0.910463,3.270700,0
45.540000,-0.105747,-0.627975,0.029372,-0.614756,0.123218,3.080852,0.907404,3.155700,0
45.560000,-0.101538,-0.627562,0.052827,-0.614574,0.120224,3.080853,0.906857,3.343300,0
45.580000,-0.096716,-0.627780,0.053172,-0.614392,0.117229,3.080853,0.907208,3.160100,0
45.600000,-0.097284,-0.628809,0.046353,-0.614210,0.114234,3.080853,0.905166,3.213000,0
45.620000,-0.097204,-0.628744,0.051910,-0.614028,0.111240,3.080853,0.902598,3.199600,0
45.640000,-0.090973,-0.626756,0.045490,-0.613846,0.108245,3.080853,0.902011,3.165000,0
45.660000,-0.094850,-0.627429,0.046368,-0.613664,0.105251,3.080853,0.897768,3.370600,0
45.680000,-0.082237,-0.627300,0.028973,-0.613482,0.102256,3.080853,0.902482,3.237600,0
45.700000,-0.096789,-0.626673,0.028898,-0.613522,0.101412,3.091463,0.892816,3.184300,0
45.720000,-0.086447,-0.628301,0.023078,-0.613533,0.101239,3.111461,0.900027,3.214100,0
45.740000,-0.082069,-0.628725,0.008742,-0.613534,0.101240,3.129475,0.902942,3.166800,0
45.760000,-0.083927,-0.628235,-0.018785,-0.613535,0.101243,-3.135722,0.901456,3.309300,0
45.780000,-0.101816,-0.626991,-0.056521,-0.613536,0.101246,-3.117733,0.890048,3.167500,0
45.800000,-0.076920,-0.624553,-0.051916,-0.613537,0.101248,-3.099743,0.902632,3.189200,0
45.820000,-0.099459,-0.624428,-0.077319,-0.613637,0.099085,-3.090332,0.887609,3.205500,0
45.840000,-0.080077,-0.626222,-0.067286,-0.613793,0.096086,-3.090334,0.898099,3.155500,0
45.860000,-0.073496,-0.625834,-0.050599,-0.613949,0.093088,-3.090338,0.899410,3.421500,0
45.880000,-0.081055,-0.627338,-0.074922,-0.614105,0.090089,-3.090341,0.893781,3.235700,0
45.900000,-0.076297,-0.627185,-0.079824,-0.614259,0.087092,-3.090344,0.894200,3.224700,0
45.920000,-0.065755,-0.629126,-0.056995,-0.614414,0.084094,-3.090346,0.899839,3.213800,0
45.940000,-0.078438,-0.627269,-0.087191,-0.614568,0.081097,-3.090348,0.888379,3.183600,0
45.960000,-0.061906,-0.628959,-0.064276,-0.614722,0.078100,-3.090350,0.897517,3.333600,0
45.980000,-0.054667,-0.627906,-0.073167,-0.614876,0.075103,-3.090351,0.898920,3.218100,0
46.000000,-0.048334,-0.626384,-0.062986,-0.615030,0.072107,-3.090352,0.899463,3.196800,0
46.020000,-0.058977,-0.626305,-0.075550,-0.615184,0.069110,-3.090353,0.890487,3.179200,0
46.040000,-0.053785,-0.626976,-0.090103,-0.615337,0.066114,-3.090354,0.892028,3.197000,0
46.060000,-0.058238,-0.625601,-0.082219,-0.615491,0.063117,-3.090354,0.885925,3.506100,0
46.080000,-0.056837,-0.627351,-0.074363,-0.615645,0.060121,-3.090354,0.885937,3.276300,0
46.100000,-0.040761,-0.628383,-0.054324,-0.615798,0.057125,-3.090355,0.894756,3.243300,0
46.120000,-0.046079,-0.625664,-0.048241,-0.615952,0.054129,-3.090355,0.887059,3.263700,0
46.140000,-0.026763,-0.629117,-0.055181,-0.616106,0.051132,-3.090355,0.900036,3.484000,0
46.160000,-0.036720,-0.629723,-0.067998,-0.616259,0.048136,-3.090355,0.891828,3.431100,0
46.180000,-0.027504,-0.628664,-0.075709,-0.616413,0.045140,-3.090355,0.894888,3.413700,0
46.200000,-0.021684,-0.628690,-0.062555,-0.616566,0.042144,-3.090355,0.896606,3.340100,0
46.220000,-0.025614,-0.629426,-0.069316,-0.616720,0.039148,-3.090355,0.892411,3.438400,0
46.240000,-0.029532,-0.629638,-0.074780,-0.616874,0.036152,-3.090355,0.887832,3.588000,0
46.260000,-0.026638,-0.630195,-0.058845,-0.617027,0.033156,-3.090355,0.888028,3.530300,0
46.280000,-0.020559,-0.633138,-0.067908,-0.617181,0.030160,-3.090355,0.892144,3.429900,0
46.300000,-0.018138,-0.632797,-0.076010,-0.617335,0.027164,-3.090355,0.891395,3.469900,0
46.320000,-0.011895,-0.631672,-0.086365,-0.617488,0.024167,-3.090355,0.892674,3.752900,0
46.340000,-0.011970,-0.631958,-0.060111,-0.617642,0.021171,-3.090355,0.890740,3.501400,0
46.360000,-0.012206,-0.629380,-0.072688,-0.617795,0.018175,-3.090355,0.886603,3.428800,0
46.380000,0.001304,-0.630142,-0.071244,-0.617949,0.015179,-3.090355,0.894379,3.442500,0
46.400000,0.010691,-0.630378,-0.065036,-0.618103,0.012183,-3.090355,0.899036,3.546100,0
46.420000,0.017953,-0.629233,-0.062672,-0.618256,0.009187,-3.090355,0.901300,3.586500,0
46.440000,0.020610,-0.630054,-0.049389,-0.618410,0.006191,-3.090355,0.901750,3.520300,0
46.460000,0.008937,-0.628854,-0.069119,-0.618564,0.003195,-3.090355,0.890642,3.567900,0
46.480000,0.018283,-0.630166,-0.065560,-0.618717,0.000199,-3.090355,0.896175,3.549600,0
46.500000,0.024760,-0.631392,-0.045365,-0.618871,-0.002797,-3.090355,0.899662,3.486500,0
46.520000,0.012734,-0.631316,-0.070975,-0.619025,-0.005793,-3.090355,0.889044,3.529700,0
46.540000,0.037181,-0.633686,-0.054769,-0.619178,-0.008789,-3.090355,0.906258,3.583900,0
46.560000,0.010402,-0.631918,-0.074086,-0.619332,-0.011785,-3.090355,0.883815,3.553100,0
46.580000,0.022399,-0.634771,-0.078352,-0.619486,-0.014781,-3.090355,0.892415,3.571800,0
46.600000,0.020373,-0.633270,-0.066009,-0.619639,-0.017778,-3.090355,0.887945,3.568600,0
46.620000,0.023169,-0.634654,-0.105745,-0.619793,-0.020774,-3.090355,0.888959,3.519100,0
46.640000,0.054213,-0.634819,-0.057039,-0.619946,-0.023770,-3.090355,0.909875,3.543400,0
46.660000,0.036531,-0.633917,-0.072990,-0.620100,-0.026766,-3.090355,0.894313,3.553400,0
46.680000,0.043010,-0.635179,-0.080967,-0.620254,-0.029762,-3.090355,0.898025,3.720900,0
46.700000,0.040687,-0.635172,-0.071282,-0.620407,-0.032758,-3.090355,0.894398,3.566400,0
46.720000,0.048637,-0.635095,-0.080826,-0.620561,-0.035754,-3.090355,0.898351,3.575200,0
46.740000,0.057120,-0.636449,-0.057701,-0.620715,-0.038750,-3.090355,0.903717,3.621300,0
46.760000,0.046108,-0.634631,-0.064103,-0.620868,-0.041746,-3.090355,0.892395,3.583200,0
46.780000,0.055017,-0.633432,-0.070920,-0.621022,-0.044742,-3.090355,0.896429,3.753400,0
46.800000,0.048177,-0.634254,-0.087738,-0.621176,-0.047738,-3.090355,0.889963,3.586600,0
46.820000,0.075165,-0.636049,-0.060487,-0.621329,-0.050734,-3.090355,0.909779,3.545600,0
46.840000,0.058880,-0.634848,-0.067582,-0.621483,-0.053730,-3.090355,0.894759,3.625200,0
46.860000,0.068772,-0.636379,-0.063155,-0.621637,-0.056726,-3.090355,0.901478,3.721400,0
46.880000,0.078729,-0.635139,-0.055586,-0.621790,-0.059722,-3.090355,0.906549,3.620800,0
46.900000,0.064938,-0.634097,-0.071227,-0.621944,-0.062718,-3.090355,0.893466,3.560200,0
46.920000,0.077954,-0.634661,-0.061796,-0.622098,-0.065715,-3.090355,0.902094,3.672000,0
46.940000,0.073146,-0.634140,-0.070559,-0.622251,-0.068711,-3.090355,0.896263,3.844800,0
46.960000,0.096282,-0.635151,-0.055661,-0.622405,-0.071707,-3.090355,0.913225,3.560100,0
46.980000,0.098203,-0.634820,-0.057241,-0.622558,-0.074703,-3.090355,0.912813,3.656900,0
47.000000,0.096500,-0.636348,-0.056453,-0.622712,-0.077699,-3.090355,0.910689,3.553200,0
47.020000,0.104241,-0.639138,-0.055952,-0.622866,-0.080695,-3.090355,0.916811,3.601900,0
47.040000,0.101940,-0.637634,-0.052915,-0.623019,-0.083691,-3.090355,0.912370,3.787500,0
47.060000,0.094763,-0.636587,-0.070903,-0.623173,-0.086687,-3.090355,0.904336,3.605400,0
47.080000,0.096025,-0.637187,-0.069774,-0.623327,-0.089683,-3.090355,0.904006,3.685900,0
47.100000,0.103996,-0.636709,-0.058782,-0.623480,-0.092679,-3.090355,0.908400,3.562700,0
47.120000,0.124134,-0.637489,-0.047940,-0.623634,-0.095675,-3.090355,0.923428,3.782300,0
47.140000,0.110809,-0.636914,-0.061315,-0.623788,-0.098671,-3.090355,0.910680,3.711200,0
47.160000,0.113103,-0.637663,-0.057962,-0.623941,-0.101667,-3.090355,0.911331,3.675200,0
47.180000,0.125500,-0.639287,-0.038316,-0.624095,-0.104663,-3.090355,0.920715,3.678100,0
47.200000,0.114204,-0.639175,-0.063421,-0.624249,-0.107659,-3.090355,0.909847,3.737300,0
47.220000,0.128286,-0.638029,-0.054401,-0.624402,-0.110655,-3.090355,0.919055,3.759700,0
47.240000,0.130320,-0.640618,-0.068175,-0.624556,-0.113652,-3.090355,0.920615,3.743800,0
47.260000,0.124988,-0.641178,-0.073621,-0.624709,-0.116648,-3.090355,0.914974,3.703400,0
47.280000,0.116742,-0.641173,-0.101168,-0.624863,-0.119644,-3.090355,0.906626,3.816800,0
47.300000,0.145715,-0.641452,-0.073521,-0.625017,-0.122640,-3.090355,0.929082,3.601500,0
47.320000,0.136511,-0.639254,-0.074611,-0.625170,-0.125636,-3.090355,0.918674,3.760200,0
47.340000,0.146422,-0.641983,-0.059826,-0.625324,-0.128632,-3.090355,0.926888,3.707600,0
47.360000,0.159073,-0.642952,-0.041195,-0.625478,-0.131628,-3.090355,0.936468,3.707800,0
47.380000,0.145279,-0.641314,-0.079684,-0.625631,-0.134624,-3.090355,0.922516,3.709700,0
47.400000,0.141719,-0.641370,-0.075082,-0.625785,-0.137620,-3.090355,0.918056,3.697800,0
47.420000,0.153710,-0.641986,-0.086770,-0.625939,-0.140616,-3.090355,0.926943,3.718500,0
47.440000,0.158860,-0.640867,-0.068298,-0.626092,-0.143612,-3.090355,0.929200,3.682100,0
47.460000,0.157070,-0.639965,-0.064105,-0.626246,-0.146608,-3.090355,0.925735,3.801800,0
47.480000,0.157301,-0.639569,-0.089621,-0.626400,-0.149604,-3.090355,0.924258,3.698700,0
47.500000,0.156103,-0.640973,-0.065013,-0.626553,-0.152600,-3.090355,0.922528,3.662800,0
47.520000,0.180661,-0.641429,-0.054815,-0.626707,-0.155596,-3.090355,0.942272,3.714600,0
47.540000,0.185576,-0.643280,-0.056012,-0.626861,-0.158592,-3.090355,0.946032,3.816800,0
47.560000,0.178140,-0.642467,-0.071463,-0.627014,-0.161589,-3.090355,0.937826,3.733500,0
47.580000,0.178735,-0.643214,-0.066858,-0.627168,-0.164585,-3.090355,0.937318,3.726600,0
47.600000,0.187569,-0.643629,-0.053262,-0.627321,-0.167581,-3.090355,0.943752,3.641000,0
47.620000,0.177391,-0.643421,-0.082185,-0.627475,-0.170577,-3.090355,0.933483,4.224800,0
47.640000,0.189004,-0.645974,-0.077592,-0.627629,-0.173573,-3.090355,0.943426,3.604900,0
47.660000,0.196269,-0.646035,-0.053099,-0.627782,-0.176569,-3.090355,0.948397,3.647000,0
47.680000,0.187077,-0.644598,-0.067077,-0.627936,-0.179565,-3.090355,0.938351,3.588800,0
47.700000,0.198376,-0.644243,-0.052736,-0.628090,-0.182561,-3.090355,0.946676,3.665400,0
47.720000,0.208643,-0.645837,-0.058720,-0.628243,-0.185557,-3.090355,0.955110,3.682500,0
47.740000,0.195814,-0.645975,-0.074547,-0.628397,-0.188553,-3.090355,0.942634,3.542600,0
47.760000,0.207580,-0.646624,-0.065505,-0.628551,-0.191549,-3.090355,0.951949,3.552300,0
47.780000,0.207847,-0.646510,-0.086650,-0.628704,-0.194545,-3.090355,0.950836,3.585300,0
47.800000,0.211382,-0.644951,-0.066681,-0.628858,-0.197541,-3.090355,0.951935,3.620900,0
47.820000,0.229878,-0.645400,-0.047550,-0.629012,-0.200537,-3.090355,0.967261,3.672200,0
47.840000,0.223660,-0.645364,-0.069642,-0.629165,-0.203533,-3.090355,0.960481,3.536300,0
47.860000,0.212496,-0.645066,-0.079996,-0.629319,-0.206529,-3.090355,0.949193,3.494400,0
47.880000,0.228931,-0.644789,-0.053874,-0.629472,-0.209526,-3.090355,0.962449,3.544500,0
47.900000,0.228042,-0.645981,-0.075135,-0.629626,-0.212522,-3.090355,0.960979,3.535000,0
47.920000,0.223097,-0.644892,-0.069627,-0.629591,-0.213386,-3.100681,0.955654,3.566300,0
47.940000,0.233688,-0.645921,-0.034202,-0.629583,-0.213560,-3.120678,0.965491,3.508000,0
47.960000,0.228345,-0.646580,-0.011792,-0.629582,-0.213559,-3.138698,0.961013,3.627000,0
47.980000,0.219067,-0.645961,-0.001023,-0.629581,-0.213556,3.126499,0.952459,3.519300,0
48.000000,0.223109,-0.646661,0.010400,-0.629580,-0.213553,3.108509,0.956379,3.314400,0
48.020000,0.228656,-0.646484,0.032965,-0.629501,-0.215700,3.098912,0.960213,3.346600,0
48.040000,0.222982,-0.647646,0.022499,-0.629498,-0.215712,3.098826,0.955661,3.327500,0
48.060000,0.215947,-0.648053,-0.006267,-0.629368,-0.218245,3.098808,0.948310,3.472600,0
48.080000,0.220919,-0.648400,0.029893,-0.629238,-0.221244,3.098810,0.951436,3.329900,0
48.100000,0.237771,-0.648659,0.020432,-0.629108,-0.224243,3.098812,0.965198,3.372100,0
48.120000,0.248506,-0.647445,0.037262,-0.628979,-0.227241,3.098814,0.972909,3.297600,0
48.140000,0.234333,-0.649795,0.011889,-0.628850,-0.230240,3.098815,0.959745,3.239900,0
48.160000,0.251785,-0.649363,0.027890,-0.628721,-0.233238,3.098817,0.973885,3.407800,0
48.180000,0.261881,-0.647568,0.023294,-0.628592,-0.236236,3.098818,0.980885,3.378300,0
48.200000,0.260859,-0.648546,0.037562,-0.628464,-0.239233,3.098818,0.978996,3.282800,0
48.220000,0.262676,-0.648098,0.032466,-0.628335,-0.242231,3.098819,0.979096,3.303400,0
48.240000,0.278832,-0.647252,0.058614,-0.628207,-0.245229,3.098820,0.992141,3.528100,0
48.260000,0.261899,-0.648469,0.031891,-0.628079,-0.248226,3.098820,0.975836,3.419300,0
48.280000,0.278710,-0.646017,0.045478,-0.627950,-0.251224,3.098820,0.988886,3.457000,0
48.300000,0.276421,-0.646412,0.031325,-0.627822,-0.254221,3.098820,0.985631,3.401800,0
48.320000,0.273419,-0.647366,0.030700,-0.627694,-0.257219,3.098821,0.981947,3.354500,0
48.340000,0.283557,-0.648618,0.025885,-0.627565,-0.260216,3.098821,0.990454,3.448200,0
48.360000,0.271871,-0.649299,0.029038,-0.627437,-0.263213,3.098821,0.978681,3.382900,0
48.380000,0.270474,-0.649966,0.015619,-0.627309,-0.266211,3.098821,0.976362,3.503400,0
48.400000,0.260486,-0.650340,0.000800,-0.627181,-0.269208,3.098821,0.966030,3.464900,0
48.420000,0.279367,-0.648673,0.030277,-0.627052,-0.272205,3.098821,0.981491,3.543200,0
48.440000,0.283041,-0.648271,0.018020,-0.626924,-0.275203,3.098821,0.983471,3.798900,0
48.460000,0.286418,-0.649359,0.018578,-0.626796,-0.278200,3.098821,0.985758,3.455500,0
48.480000,0.308786,-0.649689,0.038878,-0.626668,-0.281197,3.098821,1.005416,3.374600,0
48.500000,0.298670,-0.648552,0.045174,-0.626539,-0.284194,3.098821,0.994368,3.522400,0
48.520000,0.307719,-0.648633,0.027854,-0.626411,-0.287192,3.098821,1.001618,3.567400,0
48.540000,0.298459,-0.648159,0.019738,-0.626283,-0.290189,3.098821,0.991610,3.558100,0
48.560000,0.311076,-0.649032,0.024060,-0.626155,-0.293186,3.098821,1.002511,3.577900,0
48.580000,0.304947,-0.648028,0.032441,-0.626026,-0.296183,3.098821,0.995242,3.517600,0
48.600000,0.313919,-0.648270,0.028569,-0.625898,-0.299181,3.098821,1.002556,3.640600,0
48.620000,0.317056,-0.648033,0.047120,-0.625770,-0.302178,3.098821,1.004260,4.059000,0
48.640000,0.316184,-0.648703,0.033941,-0.625642,-0.305175,3.098821,1.002521,3.585000,0
48.660000,0.321952,-0.648170,0.013154,-0.625513,-0.308173,3.098821,1.006622,3.567400,0
48.680000,0.315238,-0.648724,0.009584,-0.625385,-0.311170,3.098821,0.999357,3.666900,0
48.700000,0.329562,-0.648623,0.033960,-0.625257,-0.314167,3.098821,1.011702,3.708400,0
48.720000,0.342629,-0.647252,0.034018,-0.625128,-0.317164,3.098821,1.022503,3.571700,0
48.740000,0.337830,-0.647246,0.033958,-0.625000,-0.320162,3.098821,1.016871,3.627900,0
48.760000,0.351420,-0.646160,0.040620,-0.624872,-0.323159,3.098821,1.028336,3.822200,0
48.780000,0.334887,-0.649129,0.021370,-0.624744,-0.326156,3.098821,1.012523,3.720500,0
48.800000,0.346610,-0.649093,0.032879,-0.624615,-0.329153,3.098821,1.022565,3.725200,0
48.820000,0.344241,-0.649449,0.012290,-0.624487,-0.332151,3.098821,1.019368,3.601400,0
48.840000,0.344132,-0.646732,0.026919,-0.624359,-0.335148,3.098821,1.017379,3.602700,0
48.860000,0.344324,-0.648188,0.016158,-0.624231,-0.338145,3.098821,1.016969,3.730300,0
48.880000,0.352291,-0.648760,0.021578,-0.624102,-0.341142,3.098821,1.023705,3.685300,0
48.900000,0.348772,-0.649463,0.015221,-0.623974,-0.344140,3.098821,1.019538,3.654700,0
48.920000,0.363006,-0.648903,0.009881,-0.623846,-0.347137,3.098821,1.031959,3.741700,0
48.940000,0.353103,-0.649504,0.022756,-0.623717,-0.350134,3.098821,1.021665,3.694900,0
48.960000,0.375586,-0.648209,0.020029,-0.623589,-0.353131,3.098821,1.041836,3.826900,0
48.980000,0.377159,-0.647618,0.036402,-0.623461,-0.356129,3.098821,1.042212,3.685800,0
49.000000,0.378491,-0.646719,0.046145,-0.623333,-0.359126,3.098821,1.042286,3.695700,0
49.020000,0.393540,-0.646243,0.039589,-0.623302,-0.360019,3.088889,1.056357,3.684300,0
49.040000,0.372197,-0.646460,0.052635,-0.623293,-0.360192,3.068892,1.035833,3.674800,0
49.060000,0.378195,-0.646925,0.088461,-0.623292,-0.360200,3.050769,1.041723,3.434500,0
49.080000,0.383044,-0.647228,0.102475,-0.623291,-0.360197,3.032781,1.046469,3.571700,0
49.100000,0.383001,-0.648206,0.123127,-0.623290,-0.360193,3.014777,1.046696,3.545400,0
49.120000,0.377813,-0.648040,0.135967,-0.623289,-0.360187,2.996747,1.041665,3.401900,0
49.140000,0.381187,-0.646930,0.156221,-0.623288,-0.360181,2.978704,1.044602,3.460100,0
49.160000,0.375744,-0.647934,0.163541,-0.622887,-0.362477,2.971108,1.038629,3.500100,0
49.180000,0.379108,-0.648367,0.150971,-0.622375,-0.365436,2.971109,1.040681,3.494200,0
49.200000,0.380048,-0.651265,0.160404,-0.621864,-0.368395,2.971111,1.041078,3.463100,0
49.220000,0.388116,-0.649083,0.142843,-0.621354,-0.371353,2.971114,1.046978,3.522900,0
49.240000,0.397883,-0.647887,0.168762,-0.620844,-0.374311,2.971118,1.054822,3.013700,0
49.260000,0.389209,-0.647838,0.166284,-0.620334,-0.377269,2.971120,1.045172,3.056100,0
49.280000,0.399837,-0.645580,0.162669,-0.619825,-0.380227,2.971122,1.053623,3.033100,0
49.300000,0.398501,-0.645749,0.153545,-0.619315,-0.383184,2.971124,1.051137,3.382100,0
49.320000,0.395926,-0.645111,0.155611,-0.618806,-0.386142,2.971125,1.047256,3.743900,0
49.340000,0.415749,-0.642637,0.184358,-0.618297,-0.389099,2.971126,1.064674,3.114100,0
49.360000,0.414465,-0.643995,0.158037,-0.617788,-0.392056,2.971127,1.062553,3.149600,0
49.380000,0.405408,-0.647084,0.146774,-0.617279,-0.395013,2.971128,1.053294,3.130700,0
49.400000,0.420026,-0.644097,0.156641,-0.616770,-0.397969,2.971128,1.065610,3.362000,0
49.420000,0.428554,-0.642165,0.149623,-0.616261,-0.400926,2.971129,1.072303,3.630400,0
49.440000,0.424292,-0.643925,0.169226,-0.615752,-0.403883,2.971129,1.067386,3.564000,0
49.460000,0.422913,-0.645432,0.147693,-0.615243,-0.406840,2.971129,1.065220,3.733900,0
49.480000,0.425671,-0.645956,0.152885,-0.614734,-0.409796,2.971129,1.066871,3.573800,0
49.500000,0.430087,-0.645481,0.171005,-0.614226,-0.412753,2.971129,1.069930,4.002500,0
49.520000,0.440155,-0.640936,0.187045,-0.613717,-0.415710,2.971129,1.077670,3.564400,0
49.540000,0.440278,-0.641238,0.173932,-0.613208,-0.418666,2.971129,1.076741,3.631800,0
49.560000,0.433646,-0.642860,0.152965,-0.612699,-0.421623,2.971129,1.069478,3.650300,0
49.580000,0.440204,-0.639167,0.168375,-0.612190,-0.424579,2.971129,1.074049,3.863200,0
49.600000,0.438713,-0.637082,0.154718,-0.611681,-0.427536,2.971129,1.071092,3.348500,0
49.620000,0.443019,-0.638236,0.158316,-0.611172,-0.430492,2.971129,1.074465,3.138200,0
49.640000,0.450767,-0.638729,0.151416,-0.610663,-0.433449,2.971129,1.081098,3.189100,0
49.660000,0.450692,-0.638571,0.164397,-0.610576,-0.434171,2.958936,1.080773,3.161700,0
49.680000,0.462223,-0.637599,0.196947,-0.610544,-0.434341,2.938938,1.091853,3.275600,0
49.700000,0.443267,-0.643439,0.198616,-0.610544,-0.434340,2.920919,1.074355,3.126800,0
49.720000,0.444933,-0.645154,0.220962,-0.610544,-0.434336,2.902921,1.076325,3.087900,0
49.740000,0.460592,-0.640621,0.236928,-0.610543,-0.434331,2.884910,1.090818,3.153200,0
49.760000,0.447544,-0.643259,0.255683,-0.610542,-0.434327,2.866892,1.078517,3.096300,0
49.780000,0.462249,-0.638903,0.282233,-0.609841,-0.436706,2.860932,1.090990,3.225900,0
49.800000,0.464136,-0.639151,0.292394,-0.609008,-0.439591,2.860930,1.091541,3.139600,0
49.820000,0.452013,-0.641433,0.261781,-0.608175,-0.442476,2.860931,1.078695,3.094100,0
49.840000,0.467278,-0.638365,0.269416,-0.607343,-0.445361,2.860935,1.091816,3.147400,0
49.860000,0.464606,-0.638792,0.261419,-0.606511,-0.448245,2.860937,1.087934,3.090800,0
49.880000,0.474735,-0.635606,0.271619,-0.605679,-0.451129,2.860939,1.096050,3.582100,0
49.900000,0.472307,-0.636183,0.260692,-0.604848,-0.454012,2.860941,1.092451,3.129800,0
49.920000,0.483021,-0.631231,0.268558,-0.604016,-0.456896,2.860942,1.100927,3.133800,0
49.940000,0.487903,-0.629246,0.279458,-0.603185,-0.459779,2.860943,1.104170,3.179800,0
49.960000,0.481019,-0.632385,0.275555,-0.602354,-0.462662,2.860944,1.096586,3.124500,0
49.980000,0.479428,-0.632504,0.273486,-0.601523,-0.465545,2.860945,1.093769,3.295200,0
50.000000,0.482234,-0.633811,0.260462,-0.600692,-0.468428,2.860945,1.095482,3.133500,0
50.020000,0.488494,-0.632831,0.273791,-0.599861,-0.471311,2.860946,1.100275,3.164700,0
50.040000,0.493697,-0.630088,0.268377,-0.599030,-0.474194,2.860946,1.103792,3.190600,0
50.060000,0.498435,-0.628741,0.279104,-0.598199,-0.477077,2.860946,1.107072,3.145300,0
50.080000,0.484173,-0.632192,0.277794,-0.597368,-0.479959,2.860946,1.092203,3.447700,0
50.100000,0.497287,-0.628714,0.271813,-0.596537,-0.482842,2.860946,1.103508,3.182000,0
50.120000,0.506763,-0.626689,0.265715,-0.595706,-0.485725,2.860947,1.111444,3.222600,0
50.140000,0.517626,-0.624514,0.284165,-0.594875,-0.488608,2.860947,1.120772,3.198200,0
50.160000,0.506242,-0.628536,0.260305,-0.594044,-0.491490,2.860947,1.108789,3.229800,0
50.180000,0.504913,-0.628902,0.266953,-0.593214,-0.494373,2.860947,1.106337,3.322900,0
50.200000,0.516635,-0.626957,0.269702,-0.592383,-0.497256,2.860947,1.116577,3.183200,0
50.220000,0.522379,-0.625239,0.287309,-0.591552,-0.500138,2.860947,1.120933,3.194300,0
50.240000,0.532247,-0.622003,0.281800,-0.590721,-0.503021,2.860947,1.129253,3.202600,0
50.260000,0.521232,-0.624956,0.276404,-0.589890,-0.505904,2.860947,1.117482,3.168800,0
50.280000,0.521416,-0.624092,0.257318,-0.589059,-0.508786,2.860947,1.116445,3.381100,0
50.300000,0.522342,-0.623795,0.283956,-0.588228,-0.511669,2.860947,1.116216,3.178700,0
50.320000,0.519419,-0.626189,0.246816,-0.587397,-0.514552,2.860947,1.112432,3.192300,0
50.340000,0.529224,-0.620607,0.283378,-0.587289,-0.515159,2.847351,1.121481,3.223000,0
50.360000,0.530785,-0.623268,0.303690,-0.587250,-0.515288,2.827789,1.123237,3.243900,0
50.380000,0.538396,-0.620055,0.329507,-0.587250,-0.515286,2.809784,1.130511,3.252100,0
50.400000,0.526682,-0.626004,0.327275,-0.587250,-0.515281,2.791782,1.119422,3.179800,0
50.420000,0.543296,-0.621350,0.364858,-0.587249,-0.515277,2.773773,1.135510,3.202300,0
50.440000,0.530618,-0.625967,0.367668,-0.587249,-0.515272,2.755761,1.123334,3.160000,0
50.460000,0.547098,-0.620538,0.413414,-0.587248,-0.515268,2.737746,1.139221,3.390300,0
50.480000,0.540343,-0.623370,0.402788,-0.587248,-0.515264,2.719732,1.132762,3.177200,0
50.500000,0.537557,-0.626538,0.426294,-0.587247,-0.515260,2.701718,1.130295,3.136300,0
50.520000,0.528569,-0.630162,0.439887,-0.587246,-0.515257,2.683705,1.121715,3.182900,0
50.540000,0.531618,-0.627247,0.468721,-0.587245,-0.515253,2.665694,1.124454,3.177400,0
50.560000,0.537352,-0.624664,0.475213,-0.587244,-0.515250,2.647684,1.129906,3.359400,0
50.580000,0.534063,-0.625977,0.498526,-0.587244,-0.515247,2.629676,1.126761,3.090800,0
50.600000,0.529848,-0.629669,0.512420,-0.587243,-0.515244,2.611669,1.122936,3.141100,0
50.620000,0.535608,-0.628062,0.538304,-0.587242,-0.515241,2.593664,1.128504,3.075000,0
50.640000,0.531582,-0.627492,0.533133,-0.587241,-0.515238,2.575661,1.124440,3.128900,0
50.660000,0.534157,-0.627672,0.588944,-0.587240,-0.515236,2.557659,1.127019,3.228300,0
50.680000,0.529199,-0.628822,0.583389,-0.587239,-0.515233,2.539658,1.122202,3.104100,0
50.700000,0.526792,-0.630435,0.586627,-0.587238,-0.515231,2.521659,1.119971,3.140200,0
50.720000,0.537467,-0.627175,0.618034,-0.587237,-0.515228,2.503660,1.130262,3.311400,0
50.740000,0.534442,-0.628830,0.644429,-0.587236,-0.515226,2.485663,1.127416,3.237400,0
50.760000,0.542728,-0.625411,0.664921,-0.587235,-0.515224,2.467666,1.135323,3.508600,0
50.780000,0.532721,-0.633550,0.666024,-0.587234,-0.515222,2.449671,1.126188,3.215900,0
50.800000,0.538186,-0.632486,0.699614,-0.587233,-0.515219,2.431676,1.131512,3.171200,0
50.820000,0.534956,-0.635054,0.711378,-0.587232,-0.515217,2.413682,1.128568,3.140800,0
50.840000,0.533230,-0.638492,0.719935,-0.587231,-0.515215,2.395688,1.127222,3.201800,0
50.860000,0.540943,-0.631384,0.747047,-0.587230,-0.515213,2.377695,1.134139,3.421500,0
50.880000,0.541258,-0.629886,0.763702,-0.587230,-0.515211,2.359702,1.134300,3.159400,0
50.900000,0.534513,-0.638413,0.772383,-0.587229,-0.515209,2.341710,1.128487,3.120400,0
50.920000,0.541383,-0.634965,0.797976,-0.587228,-0.515207,2.323719,1.134947,3.141700,0
50.940000,0.546772,-0.634496,0.832088,-0.587227,-0.515205,2.305727,1.140257,3.043700,0
50.960000,0.547548,-0.631746,0.835178,-0.587226,-0.515203,2.287737,1.140743,3.213800,0
50.980000,0.545493,-0.630216,0.859072,-0.587225,-0.515201,2.269746,1.138542,3.077600,0
51.000000,0.533329,-0.643271,0.870846,-0.587225,-0.515199,2.251756,1.127849,3.036400,0
51.020000,0.541349,-0.637946,0.884405,-0.587224,-0.515197,2.233766,1.135229,3.082800,0
51.040000,0.530506,-0.648685,0.882421,-0.587223,-0.515195,2.215777,1.125672,3.046300,0
51.060000,0.543007,-0.635503,0.935532,-0.587223,-0.515193,2.197788,1.136615,3.507400,0
51.080000,0.543691,-0.639119,0.956596,-0.587222,-0.515192,2.179799,1.137682,3.046100,0
51.100000,0.548384,-0.633861,0.969768,-0.587221,-0.515190,2.161811,1.141788,3.095600,0
51.120000,0.545343,-0.637197,0.984892,-0.587221,-0.515188,2.143822,1.139117,3.159500,0
51.140000,0.544695,-0.638261,1.002276,-0.587220,-0.515186,2.125834,1.138586,3.049900,0
51.160000,0.545742,-0.635817,1.020538,-0.587219,-0.515184,2.107847,1.139365,3.274600,0
51.180000,0.544819,-0.636224,1.039590,-0.587219,-0.515182,2.089859,1.138491,3.142500,0
51.200000,0.548537,-0.634586,1.064758,-0.587218,-0.515180,2.071872,1.142014,3.118100,0
51.220000,0.546002,-0.640709,1.068125,-0.587218,-0.515178,2.053885,1.140151,3.112700,0
51.240000,0.547386,-0.643435,1.088934,-0.587217,-0.515176,2.035898,1.141830,3.142600,0
51.260000,0.551007,-0.638501,1.115350,-0.587216,-0.515175,2.017912,1.144885,3.363000,0
51.280000,0.547858,-0.645033,1.127836,-0.587216,-0.515173,1.999925,1.142478,3.165600,0
51.300000,0.547004,-0.646841,1.133331,-0.587216,-0.515171,1.981939,1.141837,3.111500,0
51.320000,0.549564,-0.650056,1.161438,-0.587215,-0.515169,1.963953,1.144754,3.111000,0
51.340000,0.548976,-0.647831,1.175980,-0.587215,-0.515167,1.945967,1.143910,3.203100,0
51.360000,0.552140,-0.639540,1.196685,-0.587214,-0.515165,1.927982,1.146122,3.449200,0
51.380000,0.547582,-0.649183,1.208638,-0.587214,-0.515163,1.909997,1.142683,3.219400,0
51.400000,0.554038,-0.635235,1.225738,-0.584968,-0.516128,1.908522,1.145216,3.300700,0
51.420000,0.558532,-0.632005,1.211431,-0.582134,-0.517123,1.908524,1.146437,3.405100,0
51.440000,0.558609,-0.636929,1.217472,-0.579300,-0.518119,1.908537,1.144095,3.609400,0
51.460000,0.558098,-0.629821,1.212179,-0.576467,-0.519114,1.908546,1.139954,3.453400,0
51.480000,0.563119,-0.624871,1.235021,-0.573635,-0.520110,1.908553,1.141571,3.498200,0
51.500000,0.564462,-0.625225,1.217586,-0.570802,-0.521105,1.908558,1.140029,3.553600,0
51.520000,0.559066,-0.632435,1.206564,-0.567971,-0.522100,1.908561,1.132425,3.514600,0
51.540000,0.564428,-0.618989,1.228165,-0.565139,-0.523095,1.908563,1.133630,3.564600,0
51.560000,0.563729,-0.618286,1.208425,-0.562308,-0.524090,1.908564,1.129970,3.527500,0
51.580000,0.564223,-0.619276,1.215238,-0.559477,-0.525084,1.908565,1.127641,3.541100,0
51.600000,0.567013,-0.605345,1.232417,-0.556646,-0.526079,1.908566,1.126451,3.524300,0
51.620000,0.570449,-0.604347,1.214995,-0.553815,-0.527073,1.908567,1.126917,3.603300,0
51.640000,0.572887,-0.593802,1.232013,-0.550984,-0.528068,1.908567,1.125792,3.772700,0
51.660000,0.568928,-0.604648,1.219340,-0.548153,-0.529062,1.908568,1.119635,3.568200,0
51.680000,0.572082,-0.597620,1.236996,-0.545323,-0.530057,1.908569,1.119446,3.590000,0
51.700000,0.571123,-0.600059,1.230075,-0.542492,-0.531051,1.908569,1.115751,3.587500,0
51.720000,0.571329,-0.595904,1.217570,-0.539662,-0.532045,1.908569,1.112825,3.631100,0
51.740000,0.581439,-0.567666,1.228555,-0.536831,-0.533040,1.908569,1.118806,3.551500,0
51.760000,0.577413,-0.579690,1.239773,-0.534000,-0.534034,1.908570,1.112351,3.566200,0
51.780000,0.574947,-0.584736,1.217704,-0.531170,-0.535028,1.908570,1.107234,3.560400,0
51.800000,0.576123,-0.583335,1.228875,-0.528339,-0.536022,1.908570,1.105475,3.629600,0
51.820000,0.572039,-0.589492,1.204876,-0.525509,-0.537017,1.908570,1.098802,3.623000,0
51.840000,0.573289,-0.580009,1.197098,-0.522678,-0.538011,1.908570,1.096772,3.639700,0
51.860000,0.578242,-0.565212,1.215274,-0.519848,-0.539005,1.908570,1.098403,3.526600,0
51.880000,0.575188,-0.575521,1.209594,-0.517017,-0.539999,1.908570,1.092782,3.632700,0
51.900000,0.579684,-0.563477,1.229246,-0.514187,-0.540993,1.908570,1.094102,3.828000,0
51.920000,0.578763,-0.569591,1.242313,-0.513685,-0.541055,1.892752,1.092821,3.528500,0
51.940000,0.578055,-0.571073,1.251764,-0.513597,-0.541031,1.873670,1.092065,3.626400,0
51.960000,0.578087,-0.570766,1.267926,-0.513600,-0.541029,1.855682,1.092092,3.751200,0
51.980000,0.579009,-0.571421,1.276835,-0.513603,-0.541027,1.837693,1.093034,3.915000,0
52.000000,0.579634,-0.574851,1.304956,-0.513605,-0.541025,1.819702,1.093762,3.562900,0
52.020000,0.585021,-0.563434,1.338645,-0.513606,-0.541023,1.801710,1.098855,3.693500,0
52.040000,0.579911,-0.572891,1.337535,-0.513607,-0.541021,1.783719,1.093982,3.633900,0
52.060000,0.581464,-0.566804,1.353258,-0.513608,-0.541018,1.765728,1.095375,3.781000,0
52.080000,0.581746,-0.568999,1.362192,-0.511284,-0.541501,1.758592,1.093375,3.673900,0
52.100000,0.583716,-0.569134,1.361807,-0.508334,-0.542060,1.758595,1.092386,3.660500,0
52.120000,0.581528,-0.571261,1.333641,-0.505383,-0.542620,1.758602,1.087289,3.581100,0
52.140000,0.585053,-0.564751,1.361435,-0.502433,-0.543179,1.758607,1.087700,3.695000,0
52.160000,0.585959,-0.565302,1.349580,-0.499484,-0.543739,1.758611,1.085657,3.643900,0
52.180000,0.589599,-0.554682,1.377853,-0.496535,-0.544299,1.758614,1.086184,3.619700,0
52.200000,0.590617,-0.552374,1.370913,-0.493587,-0.544859,1.758616,1.084230,3.626500,0
52.220000,0.591492,-0.541993,1.367386,-0.490638,-0.545420,1.758618,1.082136,4.176900,0
52.240000,0.592479,-0.539578,1.364140,-0.487690,-0.545980,1.758619,1.080188,3.731200,0
52.260000,0.590819,-0.549867,1.364319,-0.484742,-0.546540,1.758620,1.075566,3.597400,0
52.280000,0.596211,-0.525244,1.402943,-0.481795,-0.547100,1.758620,1.078228,3.698500,0
52.300000,0.592006,-0.543129,1.362894,-0.478847,-0.547661,1.758621,1.070863,3.659100,0
52.320000,0.590272,-0.544389,1.369435,-0.478188,-0.547741,1.745548,1.068466,3.706200,0
52.340000,0.594002,-0.535174,1.399313,-0.478017,-0.547708,1.725547,1.072093,3.675100,0
52.360000,0.596698,-0.534157,1.426871,-0.478019,-0.547706,1.707550,1.074803,3.642100,0
52.380000,0.596431,-0.538950,1.439878,-0.478022,-0.547705,1.689562,1.074489,3.678700,0
52.400000,0.595205,-0.538391,1.446175,-0.478024,-0.547703,1.671573,1.073270,3.637700,0
52.420000,0.595739,-0.544697,1.470980,-0.478026,-0.547702,1.653583,1.073769,3.671400,0
52.440000,0.598076,-0.534736,1.495960,-0.478028,-0.547700,1.635593,1.076182,3.678000,0
52.460000,0.597391,-0.540741,1.507278,-0.478029,-0.547698,1.617604,1.075443,3.624200,0
52.480000,0.597729,-0.539205,1.517094,-0.478030,-0.547696,1.599616,1.075792,3.732600,0
52.500000,0.598110,-0.535702,1.546320,-0.475881,-0.547802,1.590020,1.074059,3.678600,0
52.520000,0.599247,-0.527168,1.544656,-0.472879,-0.547857,1.590022,1.072326,3.617400,0
52.540000,0.599692,-0.534597,1.533590,-0.469876,-0.547913,1.590026,1.069651,3.656100,0
52.560000,0.598299,-0.527685,1.526443,-0.466874,-0.547969,1.590032,1.065366,3.623000,0
52.580000,0.599952,-0.519209,1.556766,-0.463872,-0.548026,1.590036,1.064214,3.908800,0
52.600000,0.599266,-0.517726,1.532256,-0.460871,-0.548083,1.590040,1.060571,3.662800,0
52.620000,0.598076,-0.525185,1.538272,-0.457870,-0.548141,1.590043,1.056196,3.726600,0
52.640000,0.596626,-0.513030,1.528680,-0.454870,-0.548198,1.590046,1.052084,3.691300,0
52.660000,0.596810,-0.513239,1.528431,-0.451869,-0.548256,1.590048,1.049264,3.804800,0
52.680000,0.596620,-0.501423,1.530959,-0.448869,-0.548314,1.590050,1.046540,3.701100,0
52.700000,0.598773,-0.503668,1.526983,-0.445869,-0.548372,1.590051,1.045598,3.735000,0
52.720000,0.599209,-0.510050,1.530502,-0.442869,-0.548429,1.590052,1.042785,3.703900,0
52.740000,0.599611,-0.496174,1.527084,-0.439870,-0.548487,1.590052,1.040797,3.711400,0
52.760000,0.599720,-0.491504,1.535973,-0.436870,-0.548545,1.590053,1.038158,3.674400,0
52.780000,0.598666,-0.503408,1.515339,-0.433870,-0.548603,1.590053,1.033525,3.743700,0
52.800000,0.599242,-0.491408,1.534254,-0.430871,-0.548661,1.590054,1.031703,3.698500,0
52.820000,0.599340,-0.488196,1.546220,-0.427871,-0.548719,1.590054,1.028992,3.750700,0
52.840000,0.598110,-0.496662,1.531012,-0.424872,-0.548777,1.590054,1.024309,3.701700,0
52.860000,0.599065,-0.482694,1.527930,-0.421872,-0.548835,1.590054,1.023077,3.691500,0
52.880000,0.600267,-0.469638,1.559051,-0.418872,-0.548892,1.590054,1.022216,3.676700,0
52.900000,0.599974,-0.476019,1.529421,-0.415873,-0.548950,1.590054,1.018462,3.762300,0
52.920000,0.599479,-0.470752,1.528823,-0.412873,-0.549008,1.590054,1.015372,3.749700,0
52.940000,0.600276,-0.474684,1.517466,-0.409874,-0.549066,1.590054,1.012885,3.750900,0
52.960000,0.601430,-0.467805,1.531206,-0.406874,-0.549124,1.590054,1.011578,3.688100,0
52.980000,0.600897,-0.464026,1.522002,-0.403875,-0.549181,1.590054,1.008374,3.715900,0
53.000000,0.601248,-0.460606,1.543921,-0.400876,-0.549239,1.590054,1.006036,3.799500,0
53.020000,0.600694,-0.448752,1.541934,-0.397876,-0.549297,1.590054,1.003619,3.705800,0
53.040000,0.600417,-0.458566,1.536198,-0.394877,-0.549355,1.590054,0.999426,3.664900,0
53.060000,0.600696,-0.445650,1.544822,-0.391877,-0.549413,1.590054,0.997982,3.713000,0
53.080000,0.600645,-0.438625,1.548633,-0.388878,-0.549470,1.590054,0.995712,3.969100,0
53.100000,0.600474,-0.445312,1.539785,-0.385878,-0.549528,1.590054,0.991842,3.750500,0
53.120000,0.602983,-0.436322,1.542795,-0.382879,-0.549586,1.590054,0.992347,3.687700,0
53.140000,0.602369,-0.438990,1.532908,-0.379879,-0.549644,1.590054,0.988461,3.685800,0
53.160000,0.603255,-0.433660,1.543743,-0.376880,-0.549701,1.590054,0.986980,3.741000,0
53.180000,0.603712,-0.433292,1.530738,-0.373881,-0.549759,1.590054,0.984507,3.686700,0
53.200000,0.602323,-0.432904,1.534248,-0.370881,-0.549817,1.590054,0.980201,3.693700,0
53.220000,0.604045,-0.411577,1.543790,-0.367882,-0.549875,1.590054,0.981717,3.715100,0
53.240000,0.602857,-0.419160,1.542033,-0.364882,-0.549933,1.590054,0.976535,3.942600,0
53.260000,0.601819,-0.419520,1.536471,-0.361883,-0.549990,1.590054,0.972494,3.744100,0
53.280000,0.600433,-0.407949,1.537212,-0.358883,-0.550048,1.590054,0.969784,3.683800,0
53.300000,0.600357,-0.419408,1.533997,-0.355884,-0.550106,1.590054,0.965131,3.648600,0
53.320000,0.600171,-0.421966,1.529875,-0.352884,-0.550164,1.590054,0.961639,3.835100,0
53.340000,0.601902,-0.422411,1.531199,-0.349885,-0.550221,1.590054,0.960330,3.695400,0
53.360000,0.603072,-0.408174,1.536622,-0.346886,-0.550279,1.590054,0.960528,3.657800,0
53.380000,0.603081,-0.412780,1.533683,-0.343886,-0.550337,1.590054,0.956906,3.707400,0
53.400000,0.603004,-0.393769,1.537447,-0.340887,-0.550395,1.590054,0.956798,3.698800,0
53.420000,0.601447,-0.404337,1.523688,-0.337887,-0.550452,1.590054,0.950630,3.787200,0
53.440000,0.603766,-0.390161,1.529695,-0.334888,-0.550510,1.590054,0.952251,3.669500,0
53.460000,0.603728,-0.390508,1.534095,-0.331888,-0.550568,1.590054,0.949209,3.704400,0
53.480000,0.603769,-0.395140,1.542310,-0.330964,-0.550553,1.580549,0.947565,3.685500,0
53.500000,0.603558,-0.394663,1.566557,-0.330791,-0.550551,1.560552,0.947264,3.778100,0
53.520000,0.604023,-0.397316,1.583311,-0.330777,-0.550550,1.542365,0.947276,3.707500,0
53.540000,0.603629,-0.386234,1.603992,-0.330780,-0.550549,1.524376,0.948746,3.666700,0
53.560000,0.605113,-0.396463,1.626236,-0.330783,-0.550548,1.506387,0.948495,3.761900,0
53.580000,0.604056,-0.379020,1.635893,-0.328594,-0.550394,1.497300,0.948264,3.811800,0
53.600000,0.604718,-0.379744,1.639435,-0.325600,-0.550171,1.497302,0.945800,3.761200,0
53.620000,0.605986,-0.370220,1.625249,-0.322605,-0.549949,1.497306,0.945824,3.746800,0
53.640000,0.606045,-0.382150,1.636587,-0.319612,-0.549727,1.497308,0.940704,3.734500,0
53.660000,0.605409,-0.375336,1.627657,-0.316618,-0.549505,1.497310,0.938333,3.820000,0
53.680000,0.604455,-0.363281,1.638057,-0.313625,-0.549284,1.497312,0.936733,3.694200,0
53.700000,0.603968,-0.375940,1.627713,-0.310632,-0.549063,1.497313,0.930841,3.662100,0
53.720000,0.605037,-0.371268,1.634721,-0.307640,-0.548842,1.497315,0.929791,3.640000,0
53.740000,0.605102,-0.360955,1.635506,-0.304647,-0.548622,1.497316,0.928903,3.752100,0
53.760000,0.605664,-0.355652,1.629407,-0.301655,-0.548401,1.497316,0.927566,3.727000,0
53.780000,0.604868,-0.353174,1.640256,-0.298662,-0.548181,1.497317,0.924335,3.651800,0
53.800000,0.604919,-0.355279,1.639957,-0.295670,-0.547961,1.497317,0.920970,3.667400,0
53.820000,0.604156,-0.354029,1.622620,-0.292678,-0.547740,1.497318,0.917516,3.654400,0
53.840000,0.603217,-0.348771,1.622101,-0.289686,-0.547520,1.497318,0.914755,3.849700,0
53.860000,0.603187,-0.350019,1.631734,-0.286694,-0.547300,1.497318,0.911486,3.644000,0
53.880000,0.600515,-0.332301,1.642735,-0.283702,-0.547080,1.497318,0.909928,3.654600,0
53.900000,0.600198,-0.327967,1.638796,-0.280710,-0.546860,1.497318,0.907696,3.669300,0
53.920000,0.600427,-0.347983,1.618160,-0.277718,-0.546639,1.497319,0.900335,3.983700,0
53.940000,0.601285,-0.338146,1.642844,-0.276869,-0.546591,1.486783,0.902554,3.658600,0
53.960000,0.600459,-0.331850,1.656497,-0.276696,-0.546576,1.466785,0.903055,3.712300,0
53.980000,0.600677,-0.337207,1.672213,-0.276695,-0.546575,1.448740,0.902007,3.613500,0
54.000000,0.601231,-0.340631,1.697949,-0.276698,-0.546575,1.430751,0.901761,3.874900,0
54.020000,0.602630,-0.340409,1.707199,-0.276701,-0.546574,1.412754,0.903176,3.701900,0
54.040000,0.603196,-0.331895,1.747418,-0.276706,-0.546573,1.394737,0.905712,3.608000,0
54.060000,0.604861,-0.331536,1.764351,-0.276711,-0.546572,1.376709,0.907419,3.665800,0
54.080000,0.605662,-0.337868,1.764943,-0.276717,-0.546571,1.358676,0.906725,3.673100,0
54.100000,0.608044,-0.343041,1.767511,-0.276722,-0.546570,1.340642,0.907874,3.738900,0
54.120000,0.607907,-0.326973,1.818257,-0.276727,-0.546569,1.322609,0.911482,3.662400,0
54.140000,0.607308,-0.323955,1.828769,-0.274363,-0.545940,1.316272,0.909187,3.651300,0
54.160000,0.604163,-0.316930,1.821500,-0.271456,-0.545183,1.316272,0.904880,3.648500,0
54.180000,0.605033,-0.329951,1.815941,-0.268550,-0.544426,1.316275,0.899525,3.739700,0
54.200000,0.600999,-0.308858,1.824822,-0.265645,-0.543669,1.316281,0.897891,3.636700,0
54.220000,0.606418,-0.331190,1.793255,-0.262739,-0.542913,1.316285,0.894573,3.681400,0
54.240000,0.601827,-0.310711,1.804810,-0.259835,-0.542157,1.316289,0.892204,3.628600,0
54.260000,0.602196,-0.312798,1.814400,-0.256930,-0.541401,1.316292,0.889020,3.707100,0
54.280000,0.602258,-0.308360,1.809222,-0.254026,-0.540645,1.316294,0.887231,3.703200,0
54.300000,0.604927,-0.323933,1.791315,-0.251121,-0.539890,1.316296,0.882868,3.640900,0
54.320000,0.600029,-0.299657,1.798983,-0.248217,-0.539134,1.316298,0.881403,3.644100,0
54.340000,0.602049,-0.305439,1.801803,-0.245314,-0.538379,1.316299,0.878797,3.771000,0
54.360000,0.599894,-0.289642,1.810401,-0.242410,-0.537624,1.316300,0.878049,3.736500,0
54.380000,0.601757,-0.297160,1.800568,-0.239506,-0.536868,1.316301,0.874748,3.764700,0
54.400000,0.600683,-0.296457,1.816285,-0.236602,-0.536113,1.316301,0.870908,3.673100,0
54.420000,0.599127,-0.286993,1.818237,-0.233699,-0.535358,1.316302,0.869071,3.744800,0
54.440000,0.594689,-0.274244,1.820556,-0.230795,-0.534603,1.316302,0.865570,3.894700,0
54.460000,0.596375,-0.272601,1.830104,-0.227892,-0.533847,1.316302,0.864677,3.715800,0
54.480000,0.595957,-0.270802,1.814192,-0.224988,-0.533092,1.316302,0.861828,3.686100,0
54.500000,0.597806,-0.283659,1.815378,-0.222085,-0.532337,1.316302,0.856774,3.684300,0
54.520000,0.595557,-0.278535,1.808697,-0.219181,-0.531582,1.316302,0.853130,3.728200,0
54.540000,0.593371,-0.270058,1.833866,-0.216278,-0.530827,1.316302,0.850607,3.817200,0
54.560000,0.591297,-0.261470,1.810375,-0.213374,-0.530071,1.316302,0.848317,3.676300,0
54.580000,0.593009,-0.277640,1.811432,-0.212743,-0.529967,1.302994,0.844337,3.718600,0
54.600000,0.591809,-0.269964,1.849343,-0.212603,-0.529928,1.283325,0.845376,3.812300,0
54.620000,0.592410,-0.268911,1.857944,-0.212606,-0.529928,1.265323,0.846274,3.687900,0
54.640000,0.593837,-0.270888,1.871433,-0.212610,-0.529928,1.247326,0.847029,3.668400,0
54.660000,0.595236,-0.272487,1.894742,-0.212614,-0.529928,1.229319,0.847878,3.720700,0
54.680000,0.592454,-0.261271,1.905637,-0.212618,-0.529927,1.211308,0.848715,4.517500,0
54.700000,0.597524,-0.272849,1.935256,-0.212622,-0.529927,1.193294,0.849956,3.770800,0
54.720000,0.596090,-0.265946,1.955749,-0.212626,-0.529926,1.175280,0.850709,3.739100,0
54.740000,0.593716,-0.257116,1.996469,-0.212630,-0.529925,1.157265,0.851246,3.742100,0
54.760000,0.597404,-0.266963,2.000110,-0.212634,-0.529924,1.139252,0.851652,3.773300,0
54.780000,0.596685,-0.259072,2.001683,-0.210229,-0.528815,1.135251,0.850806,3.688600,0
54.800000,0.597657,-0.268370,2.001224,-0.207506,-0.527547,1.135251,0.845849,3.689900,0
54.820000,0.595912,-0.265078,1.981679,-0.204784,-0.526279,1.135254,0.842223,3.705200,0
54.840000,0.588129,-0.246565,1.981362,-0.202062,-0.525012,1.135258,0.837815,3.653200,0
54.860000,0.593922,-0.262367,1.983021,-0.199340,-0.523746,1.135262,0.835215,3.824600,0
54.880000,0.590042,-0.250032,1.984607,-0.196619,-0.522479,1.135266,0.832504,3.744700,0
54.900000,0.591423,-0.251918,1.987533,-0.193898,-0.521213,1.135269,0.830210,3.655100,0
54.920000,0.584439,-0.239077,1.989334,-0.191177,-0.519947,1.135271,0.824905,3.691000,0
54.940000,0.591096,-0.251987,1.973504,-0.188456,-0.518681,1.135273,0.823910,3.772700,0
54.960000,0.588162,-0.244992,1.998359,-0.185735,-0.517415,1.135274,0.820446,3.698400,0
54.980000,0.581213,-0.227234,2.028147,-0.185305,-0.517215,1.119470,0.819536,3.666900,0
55.000000,0.585743,-0.235863,2.025583,-0.185238,-0.517182,1.100590,0.820703,3.688300,0
55.020000,0.591516,-0.247406,2.030151,-0.185241,-0.517182,1.082601,0.822272,3.931800,0
55.040000,0.589110,-0.242386,2.063712,-0.185244,-0.517183,1.064608,0.821668,3.697500,0
55.060000,0.585729,-0.233100,2.088973,-0.185248,-0.517183,1.046609,0.821650,3.673800,0
55.080000,0.583792,-0.230675,2.106027,-0.185251,-0.517183,1.028607,0.820679,3.713000,0
55.100000,0.587029,-0.234157,2.118925,-0.185255,-0.517183,1.010603,0.822513,3.824700,0
55.120000,0.590390,-0.237529,2.135856,-0.185258,-0.517182,0.992599,0.824521,3.701800,0
55.140000,0.591227,-0.237836,2.152475,-0.185261,-0.517182,0.974595,0.825208,3.723800,0
55.160000,0.591356,-0.236404,2.179362,-0.185264,-0.517181,0.956592,0.825818,3.729900,0
55.180000,0.591258,-0.237107,2.199108,-0.185266,-0.517181,0.938589,0.825489,3.733100,0
55.200000,0.588210,-0.235743,2.206806,-0.185269,-0.517180,0.920587,0.823090,3.605000,0
55.220000,0.595753,-0.242318,2.227647,-0.185272,-0.517179,0.902586,0.827978,3.182300,0
55.240000,0.595733,-0.241431,2.242766,-0.185274,-0.517179,0.884587,0.828256,3.200900,0
55.260000,0.592257,-0.234486,2.259264,-0.185277,-0.517178,0.866588,0.827329,3.160600,0
55.280000,0.592058,-0.233784,2.289243,-0.185279,-0.517177,0.848591,0.827384,3.814600,0
55.300000,0.599084,-0.239262,2.304726,-0.185281,-0.517176,0.830595,0.832145,3.203500,0
55.320000,0.596578,-0.233836,2.314884,-0.185284,-0.517175,0.812599,0.831618,3.144600,0
55.340000,0.591435,-0.229515,2.328294,-0.185286,-0.517175,0.794604,0.828277,3.190000,0
55.360000,0.597526,-0.236292,2.355504,-0.185288,-0.517174,0.776610,0.831681,3.236000,0
55.380000,0.584591,-0.224864,2.360954,-0.185290,-0.517173,0.758617,0.823506,3.305700,0
55.400000,0.591213,-0.227378,2.399945,-0.185292,-0.517172,0.740625,0.828819,3.193500,0
55.420000,0.600053,-0.237111,2.377502,-0.183406,-0.515109,0.738279,0.831318,3.160500,0
55.440000,0.599355,-0.238821,2.388522,-0.181384,-0.512886,0.738286,0.827445,3.197800,0
55.460000,0.585077,-0.223154,2.399671,-0.179363,-0.510665,0.738295,0.816720,3.194100,0
55.480000,0.591857,-0.229821,2.381176,-0.177342,-0.508444,0.738304,0.818106,3.665700,0
55.500000,0.584829,-0.222197,2.389330,-0.175321,-0.506224,0.738310,0.811480,3.220500,0
55.520000,0.587905,-0.224252,2.391467,-0.173300,-0.504004,0.738315,0.810984,3.302000,0
55.540000,0.583142,-0.219155,2.388093,-0.171280,-0.501784,0.738318,0.805625,3.260300,0
55.560000,0.576945,-0.214625,2.381935,-0.169260,-0.499565,0.738320,0.798757,3.242200,0
55.580000,0.576680,-0.212000,2.393665,-0.167240,-0.497345,0.738322,0.796767,3.422800,0
55.600000,0.580719,-0.216314,2.381803,-0.165220,-0.495126,0.738324,0.796342,3.303000,0
55.620000,0.577829,-0.213932,2.388860,-0.163201,-0.492907,0.738325,0.791803,3.313400,0
55.640000,0.566194,-0.204248,2.388285,-0.161181,-0.490688,0.738325,0.781743,3.326500,0
55.660000,0.570120,-0.208862,2.387939,-0.159161,-0.488469,0.738326,0.781044,3.418000,0
55.680000,0.563132,-0.201766,2.400212,-0.157142,-0.486250,0.738326,0.774420,3.377700,0
55.700000,0.573628,-0.210782,2.401082,-0.155122,-0.484031,0.738327,0.778294,3.344100,0
55.720000,0.560330,-0.198384,2.380559,-0.153103,-0.481812,0.738327,0.767671,3.409800,0
55.740000,0.560046,-0.197708,2.401938,-0.151084,-0.479593,0.738328,0.764961,3.327000,0
55.760000,0.554388,-0.191450,2.387908,-0.149064,-0.477375,0.738328,0.759340,3.422400,0
55.780000,0.550946,-0.187138,2.399595,-0.147045,-0.475156,0.738328,0.755080,3.299000,0
55.800000,0.548907,-0.188347,2.378562,-0.145026,-0.472937,0.738328,0.750023,3.447200,0
55.820000,0.550008,-0.190198,2.373393,-0.143007,-0.470718,0.738328,0.747637,3.370200,0
55.840000,0.551024,-0.191899,2.390681,-0.140988,-0.468499,0.738328,0.745244,3.384600,0
55.860000,0.542360,-0.186273,2.388769,-0.138968,-0.466281,0.738328,0.736622,3.400500,0
55.880000,0.541643,-0.187750,2.397922,-0.136949,-0.464062,0.738328,0.732690,3.379500,0
55.900000,0.539960,-0.184052,2.388830,-0.134930,-0.461843,0.738328,0.729825,3.518600,0
55.920000,0.532463,-0.175035,2.387331,-0.132911,-0.459624,0.738329,0.723680,3.384900,0
55.940000,0.536321,-0.178781,2.371818,-0.130892,-0.457405,0.738329,0.723052,3.414100,0
55.960000,0.528735,-0.168669,2.387581,-0.128872,-0.455187,0.738329,0.717314,3.394000,0
55.980000,0.531632,-0.172302,2.399453,-0.126853,-0.452968,0.738329,0.715804,3.398800,0
56.000000,0.535816,-0.175273,2.384489,-0.124834,-0.450749,0.738329,0.715783,3.419200,0
56.020000,0.520293,-0.160313,2.395385,-0.122815,-0.448530,0.738329,0.704739,3.388500,0
56.040000,0.523721,-0.165702,2.414880,-0.122581,-0.448271,0.720784,0.705373,3.854200,0
56.060000,0.521889,-0.162438,2.427513,-0.122569,-0.448256,0.702545,0.704995,3.318100,0
56.080000,0.523340,-0.163585,2.452961,-0.122572,-0.448259,0.684556,0.705862,3.458000,0
56.100000,0.525117,-0.166205,2.459604,-0.122575,-0.448260,0.666564,0.706442,3.415300,0
56.120000,0.528956,-0.166942,2.471389,-0.122578,-0.448261,0.648569,0.709674,3.459500,0
56.140000,0.528430,-0.164945,2.498118,-0.122581,-0.448262,0.630573,0.709989,3.390200,0
56.160000,0.534467,-0.167319,2.504742,-0.122584,-0.448262,0.612576,0.714594,3.426500,0
56.180000,0.532272,-0.163569,2.536033,-0.122587,-0.448263,0.594580,0.714067,3.405100,0
56.200000,0.537978,-0.169169,2.538762,-0.122589,-0.448263,0.576584,0.717107,3.397000,0
56.220000,0.524031,-0.158064,2.560998,-0.122592,-0.448263,0.558589,0.708757,3.500200,0
56.240000,0.529402,-0.162090,2.594915,-0.122594,-0.448262,0.540595,0.712035,3.421500,0
56.260000,0.530854,-0.161930,2.602904,-0.122597,-0.448262,0.522601,0.713431,3.428200,0
56.280000,0.529050,-0.160133,2.624659,-0.122599,-0.448262,0.504609,0.712506,3.384400,0
56.300000,0.529911,-0.160259,2.631130,-0.122601,-0.448262,0.486617,0.713244,3.488800,0
56.320000,0.542996,-0.167626,2.668952,-0.122604,-0.448261,0.468626,0.722343,3.445300,0
56.340000,0.535242,-0.163269,2.672866,-0.122606,-0.448261,0.450636,0.716927,3.474800,0
56.360000,0.549144,-0.172559,2.686724,-0.122608,-0.448261,0.432647,0.726128,3.394100,0
56.380000,0.533231,-0.163424,2.698253,-0.122610,-0.448260,0.414658,0.715024,3.420200,0
56.400000,0.535568,-0.159930,2.731278,-0.122612,-0.448260,0.396670,0.718565,3.531200,0
56.420000,0.532839,-0.157244,2.748074,-0.122614,-0.448259,0.378683,0.717153,3.444600,0
56.440000,0.538663,-0.159313,2.775649,-0.122616,-0.448259,0.360696,0.721651,3.467300,0
56.460000,0.534899,-0.158955,2.783093,-0.122618,-0.448259,0.342709,0.718349,3.411400,0
56.480000,0.533698,-0.158841,2.806734,-0.122620,-0.448258,0.324723,0.717297,3.468200,0
56.500000,0.540860,-0.162322,2.835492,-0.122622,-0.448258,0.306737,0.722473,3.494300,0
56.520000,0.530565,-0.160185,2.846075,-0.122624,-0.448258,0.288752,0.713892,3.218900,0
56.540000,0.533951,-0.160645,2.830454,-0.121839,-0.445969,0.285271,0.715172,3.190100,0
56.560000,0.532451,-0.158976,2.834456,-0.120994,-0.443087,0.285273,0.712538,3.225100,0
56.580000,0.524987,-0.156184,2.839247,-0.120149,-0.440205,0.285286,0.704889,3.168800,0
56.600000,0.521096,-0.156221,2.826012,-0.119304,-0.437323,0.285295,0.699379,3.767700,0
56.620000,0.513136,-0.152754,2.834526,-0.118459,-0.434442,0.285302,0.691564,3.202400,0
56.640000,0.520077,-0.156182,2.852470,-0.117613,-0.431562,0.285307,0.694609,3.244300,0
56.660000,0.510252,-0.153897,2.829844,-0.116768,-0.428682,0.285310,0.684588,3.228300,0
56.680000,0.507698,-0.154205,2.854647,-0.115923,-0.425802,0.285312,0.680197,3.433900,0
56.700000,0.516542,-0.155769,2.864285,-0.115078,-0.422922,0.285313,0.685795,3.311200,0
56.720000,0.508658,-0.152060,2.844901,-0.114234,-0.420043,0.285314,0.678093,3.376500,0
56.740000,0.507214,-0.151113,2.841678,-0.113389,-0.417163,0.285315,0.675227,3.382600,0
56.760000,0.496600,-0.146519,2.836498,-0.112544,-0.414284,0.285316,0.665398,3.449200,0
56.780000,0.498289,-0.146004,2.841215,-0.111699,-0.411405,0.285317,0.665224,3.618700,0
56.800000,0.499904,-0.146093,2.842456,-0.110855,-0.408526,0.285317,0.664754,3.526800,0
56.820000,0.494115,-0.143733,2.836636,-0.110010,-0.405647,0.285318,0.658458,3.542800,0
56.840000,0.476694,-0.142023,2.858706,-0.109166,-0.402769,0.285318,0.641265,3.529400,0
56.860000,0.493472,-0.146030,2.842316,-0.108321,-0.399890,0.285319,0.653146,3.543100,0
56.880000,0.493832,-0.147399,2.833846,-0.107477,-0.397011,0.285319,0.651060,3.606300,0
56.900000,0.495530,-0.146593,2.857066,-0.106632,-0.394132,0.285319,0.651057,3.578000,0
56.920000,0.481591,-0.141216,2.835926,-0.105788,-0.391253,0.285319,0.638383,3.551500,0
56.940000,0.473077,-0.138950,2.851425,-0.105706,-0.390718,0.270671,0.631171,3.669000,0
56.960000,0.476555,-0.140364,2.885837,-0.105740,-0.390608,0.251344,0.633790,3.837800,0
56.980000,0.471587,-0.140357,2.876597,-0.105742,-0.390611,0.233357,0.629235,3.608700,0
57.000000,0.474167,-0.140925,2.921336,-0.105744,-0.390614,0.215368,0.631381,3.621000,0
57.020000,0.492559,-0.143876,2.928760,-0.105746,-0.390616,0.197378,0.647186,3.627400,0
57.040000,0.475413,-0.139539,2.942951,-0.105748,-0.390617,0.179387,0.633078,3.696600,0
57.060000,0.466590,-0.139208,2.980747,-0.105750,-0.390619,0.161396,0.625124,3.635500,0
57.080000,0.482512,-0.140931,2.974631,-0.105752,-0.390620,0.143406,0.639061,3.610800,0
57.100000,0.481600,-0.138924,3.006091,-0.105754,-0.390620,0.125416,0.639011,3.594700,0
57.120000,0.478019,-0.139102,3.011944,-0.105756,-0.390621,0.107427,0.635653,3.661000,0
57.140000,0.478454,-0.136951,3.051844,-0.105758,-0.390622,0.089439,0.636908,3.618100,0
57.160000,0.475341,-0.135004,3.048133,-0.105760,-0.390622,0.071451,0.634838,3.664800,0
57.180000,0.479367,-0.135963,3.073961,-0.105762,-0.390622,0.053464,0.638143,3.725000,0
57.200000,0.481182,-0.134450,3.095546,-0.105764,-0.390623,0.035478,0.640415,3.598600,0
57.220000,0.483561,-0.133169,3.093980,-0.105634,-0.388462,0.026017,0.642126,3.738400,0
57.240000,0.475837,-0.131614,3.106506,-0.105558,-0.385460,0.026019,0.634396,3.721800,0
57.260000,0.454829,-0.130007,3.100269,-0.105482,-0.382458,0.026024,0.614557,3.721800,0
57.280000,0.470915,-0.130366,3.111879,-0.105405,-0.379456,0.026032,0.627846,4.097100,0
57.300000,0.468933,-0.129614,3.100060,-0.105328,-0.376454,0.026038,0.625064,3.735700,0
57.320000,0.483460,-0.130572,3.115600,-0.105250,-0.373453,0.026043,0.636844,3.708700,0
57.340000,0.465303,-0.130384,3.107593,-0.105172,-0.370453,0.026047,0.618931,3.712600,0
57.360000,0.467347,-0.128441,3.121296,-0.105094,-0.367453,0.026050,0.620335,3.665700,0
57.380000,0.446902,-0.130152,3.107116,-0.105016,-0.364453,0.026053,0.599592,3.595600,0
57.400000,0.454001,-0.129267,3.104953,-0.104937,-0.361453,0.026055,0.605245,3.789700,0
57.420000,0.444622,-0.130253,3.102184,-0.104859,-0.358454,0.026057,0.594983,3.819800,0
57.440000,0.444312,-0.128979,3.109095,-0.104781,-0.355454,0.026058,0.593965,3.647400,0
57.460000,0.455802,-0.129799,3.109481,-0.104702,-0.352455,0.026059,0.603109,3.810100,0
57.480000,0.445900,-0.129782,3.108085,-0.104624,-0.349456,0.026060,0.592734,3.723500,0
57.500000,0.436357,-0.127815,3.118586,-0.104545,-0.346456,0.026061,0.583420,3.780700,0
57.520000,0.441143,-0.127939,3.100158,-0.104467,-0.343457,0.026061,0.586633,3.783700,0
57.540000,0.428535,-0.129141,3.095608,-0.104389,-0.340458,0.026061,0.573291,3.695700,0
57.560000,0.430361,-0.127937,3.088007,-0.104310,-0.337459,0.026062,0.574258,3.826800,0
57.580000,0.422204,-0.128341,3.096229,-0.104232,-0.334460,0.026062,0.565349,3.722100,0
57.600000,0.420897,-0.129571,3.130789,-0.104154,-0.331461,0.026062,0.562528,3.751600,0
57.620000,0.428414,-0.128712,3.111872,-0.104076,-0.328462,0.026062,0.568723,3.664600,0
57.640000,0.419365,-0.129118,3.099257,-0.103998,-0.325463,0.026062,0.558982,3.789600,0
57.660000,0.421040,-0.129153,3.088866,-0.103998,-0.324954,0.025798,0.560359,3.793800,0
57.680000,0.417393,-0.130173,3.094665,-0.103997,-0.324953,0.025798,0.556585,3.793000,0
57.700000,0.413331,-0.128891,3.101852,-0.103997,-0.324954,0.025798,0.553235,3.704200,0
57.720000,0.417226,-0.131513,3.104809,-0.103997,-0.324954,0.025798,0.555961,3.921000,0
57.740000,0.416149,-0.130975,3.091093,-0.103997,-0.324954,0.025798,0.555139,3.751600,0
57.760000,0.407521,-0.130440,3.100053,-0.103997,-0.324954,0.025798,0.547254,3.762700,0
57.780000,0.419882,-0.130219,3.098343,-0.103997,-0.324954,0.025798,0.558902,3.805500,0
57.800000,0.412649,-0.130025,3.090763,-0.103997,-0.324954,0.025798,0.552196,3.946300,0
57.820000,0.408573,-0.130342,3.084544,-0.103997,-0.324954,0.025798,0.548272,3.446900,0
57.840000,0.420652,-0.129100,3.082586,-0.103997,-0.324954,0.025798,0.560014,3.221200,0
57.860000,0.415098,-0.127640,3.118646,-0.103997,-0.324954,0.025798,0.555331,3.252800,0
57.880000,0.412265,-0.127880,3.087557,-0.103997,-0.324954,0.025798,0.552598,3.634600,0
57.900000,0.404711,-0.128218,3.099678,-0.103997,-0.324954,0.025798,0.545425,3.674800,0
57.920000,0.421564,-0.129914,3.112641,-0.103997,-0.324954,0.025798,0.560585,3.240300,0
57.940000,0.422775,-0.130020,3.099161,-0.103997,-0.324954,0.025798,0.561683,3.186100,0
57.960000,0.414122,-0.129986,3.083424,-0.103997,-0.324954,0.025798,0.553588,3.162300,0
57.980000,0.421071,-0.131051,3.096006,-0.103997,-0.324954,0.025798,0.559728,3.415500,0
58.000000,0.418936,-0.132057,3.102505,-0.103997,-0.324954,0.025798,0.557376,3.200200,0
58.020000,0.416320,-0.131411,3.100574,-0.103997,-0.324954,0.025798,0.555147,3.199900,0
58.040000,0.409412,-0.130463,3.114937,-0.103997,-0.324954,0.025798,0.549013,3.162000,0
58.060000,0.411790,-0.131020,3.099857,-0.103997,-0.324954,0.025798,0.551041,3.215700,0
58.080000,0.412380,-0.130513,3.089248,-0.103997,-0.324954,0.025798,0.551772,3.282800,0
58.100000,0.416789,-0.130378,3.097862,-0.103997,-0.324954,0.025798,0.555947,3.191600,0
58.120000,0.413102,-0.131364,3.096855,-0.103997,-0.324954,0.025798,0.552149,3.217900,0
58.140000,0.404076,-0.131096,3.116148,-0.103997,-0.324954,0.025798,0.543801,3.173600,0
58.160000,0.415072,-0.131382,3.087479,-0.103997,-0.324954,0.025798,0.553988,3.194400,0
58.180000,0.416043,-0.131300,3.100310,-0.103997,-0.324954,0.025798,0.554927,3.404000,0
58.200000,0.408039,-0.130474,3.108096,-0.103997,-0.324954,0.025798,0.547725,3.168600,0
58.220000,0.402435,-0.132020,3.091926,-0.103997,-0.324954,0.025798,0.541938,3.313400,0
58.240000,0.412760,-0.131756,3.110557,-0.103997,-0.324954,0.025798,0.551691,3.228800,0
58.260000,0.412714,-0.130907,3.095257,-0.103997,-0.324954,0.025798,0.551946,3.220500,0
58.280000,0.405865,-0.130238,3.099070,-0.103997,-0.324954,0.025798,0.545778,3.362400,0
58.300000,0.416361,-0.130059,3.106392,-0.103997,-0.324954,0.025798,0.555658,3.347100,0
58.320000,0.412181,-0.128098,3.116290,-0.103997,-0.324954,0.025798,0.552442,3.300900,0
58.340000,0.416267,-0.127661,3.115521,-0.103997,-0.324954,0.025798,0.556416,3.307100,0
58.360000,0.420327,-0.127925,3.100719,-0.103997,-0.324954,0.025798,0.560121,3.361500,0
58.380000,0.417288,-0.129819,3.117080,-0.103997,-0.324954,0.025798,0.556610,3.415600,0
58.400000,0.427927,-0.132022,3.072076,-0.103997,-0.324954,0.025798,0.565833,3.341600,0
58.420000,0.417769,-0.131326,3.111695,-0.103997,-0.324954,0.025798,0.556536,3.315000,0
58.440000,0.410919,-0.131135,3.101982,-0.103997,-0.324954,0.025798,0.550185,3.301700,0
58.460000,0.418351,-0.132025,3.084661,-0.103997,-0.324954,0.025798,0.556839,3.433100,0
58.480000,0.414845,-0.130774,3.114258,-0.103997,-0.324954,0.025798,0.553988,3.345200,0
58.500000,0.419947,-0.131439,3.121242,-0.103997,-0.324954,0.025798,0.558539,3.378400,0
58.520000,0.422376,-0.130955,3.120558,-0.103997,-0.324954,0.025798,0.560985,3.412700,0
58.540000,0.407755,-0.129895,3.104995,-0.103997,-0.324954,0.025798,0.547666,3.390000,0
58.560000,0.401399,-0.129723,3.098434,-0.103997,-0.324954,0.025798,0.541794,3.476800,0
58.580000,0.415039,-0.128938,3.099942,-0.103997,-0.324954,0.025798,0.554815,3.317200,0
58.600000,0.421624,-0.128696,3.090514,-0.103997,-0.324954,0.025798,0.561066,3.382300,0
58.620000,0.410960,-0.127908,3.099363,-0.103997,-0.324954,0.025798,0.551369,3.390700,0
58.640000,0.416804,-0.129372,3.115646,-0.103997,-0.324954,0.025798,0.556315,3.432300,0
58.660000,0.421512,-0.130010,3.097618,-0.103997,-0.324954,0.025798,0.560503,3.468600,0
58.680000,0.409547,-0.130716,3.092998,-0.103997,-0.324954,0.025798,0.549050,3.385500,0
58.700000,0.419223,-0.130856,3.097418,-0.103997,-0.324954,0.025798,0.558062,3.381300,0
58.720000,0.413443,-0.129449,3.089258,-0.103997,-0.324954,0.025798,0.553142,3.407900,0
58.740000,0.410139,-0.130551,3.101708,-0.103997,-0.324954,0.025798,0.549662,3.545500,0
58.760000,0.414566,-0.130251,3.102453,-0.103997,-0.324954,0.025798,0.553911,3.279900,0
58.780000,0.420131,-0.129851,3.095808,-0.103997,-0.324954,0.025798,0.559263,3.208400,0
58.800000,0.405604,-0.130468,3.096905,-0.103997,-0.324954,0.025798,0.545452,3.243900,0
58.820000,0.416689,-0.131703,3.110816,-0.103997,-0.324954,0.025798,0.555392,3.237200,0
58.840000,0.414822,-0.130796,3.105702,-0.103997,-0.324954,0.025798,0.553959,3.506700,0
58.860000,0.402521,-0.130917,3.106684,-0.103997,-0.324954,0.025798,0.542412,3.177900,0
58.880000,0.414768,-0.131000,3.111078,-0.103997,-0.324954,0.025798,0.553837,3.205800,0
58.900000,0.415995,-0.131190,3.113049,-0.103997,-0.324954,0.025798,0.554920,3.154100,0
58.920000,0.416027,-0.130541,3.119547,-0.103997,-0.324954,0.025798,0.555177,3.223600,0
58.940000,0.407666,-0.129609,3.093369,-0.103997,-0.324954,0.025798,0.547685,3.451800,0
58.960000,0.413788,-0.129314,3.098078,-0.103997,-0.324954,0.025798,0.553513,3.223300,0
58.980000,0.421303,-0.129981,3.099425,-0.103997,-0.324954,0.025798,0.560317,3.226500,0
59.000000,0.420612,-0.129887,3.104463,-0.103997,-0.324954,0.025798,0.559701,3.214200,0
59.020000,0.409660,-0.129748,3.083768,-0.103997,-0.324954,0.025798,0.549498,3.222500,0
59.040000,0.408285,-0.130330,3.094593,-0.103997,-0.324954,0.025798,0.548006,4.098400,0
59.060000,0.419661,-0.129882,3.097263,-0.103997,-0.324954,0.025798,0.558812,3.298000,0
59.080000,0.409025,-0.130089,3.085698,-0.103997,-0.324954,0.025798,0.548784,3.205000,0
59.100000,0.403783,-0.129428,3.107138,-0.103997,-0.324954,0.025798,0.544124,3.556500,0
59.120000,0.409750,-0.130222,3.114753,-0.103997,-0.324954,0.025798,0.549415,3.498000,0
59.140000,0.413776,-0.130098,3.125150,-0.103997,-0.324954,0.025798,0.553225,3.469400,0
59.160000,0.417518,-0.130212,3.101179,-0.103997,-0.324954,0.025798,0.556689,3.617600,0
59.180000,0.406216,-0.128991,3.105288,-0.103997,-0.324954,0.025798,0.546552,3.612100,0
59.200000,0.414478,-0.128757,3.106682,-0.103997,-0.324954,0.025798,0.554355,3.632100,0
59.220000,0.416887,-0.128651,3.103403,-0.103997,-0.324954,0.025798,0.556646,3.727800,0
59.240000,0.421626,-0.129874,3.131425,-0.103997,-0.324954,0.025798,0.560656,3.638700,0
59.260000,0.405235,-0.129599,3.103844,-0.103997,-0.324954,0.025798,0.545418,3.647400,0
59.280000,0.416319,-0.128951,3.114697,-0.103997,-0.324954,0.025798,0.556009,3.672300,0
59.300000,0.420432,-0.126614,3.111455,-0.103997,-0.324954,0.025798,0.560682,3.730300,0
59.320000,0.413762,-0.126523,3.116880,-0.103997,-0.324954,0.025798,0.554481,3.714000,0
59.340000,0.412427,-0.127166,3.077702,-0.103997,-0.324954,0.025798,0.553004,3.697200,0
59.360000,0.415725,-0.126822,3.116963,-0.103997,-0.324954,0.025798,0.556208,3.743300,0
59.380000,0.419336,-0.127200,3.093466,-0.103997,-0.324954,0.025798,0.559450,3.715900,0
59.400000,0.416490,-0.128067,3.112456,-0.103997,-0.324954,0.025798,0.556481,3.722800,0
59.420000,0.409381,-0.126723,3.108491,-0.103997,-0.324954,0.025798,0.550320,3.695500,0
59.440000,0.415892,-0.126960,3.110270,-0.103997,-0.324954,0.025798,0.556315,3.721900,0
59.460000,0.418979,-0.127217,3.105044,-0.103997,-0.324954,0.025798,0.559110,3.806800,0
59.480000,0.419293,-0.126884,3.103124,-0.103997,-0.324954,0.025798,0.559521,3.711200,0
59.500000,0.424453,-0.126789,3.105514,-0.103997,-0.324954,0.025798,0.564384,3.770900,0
59.520000,0.415420,-0.125651,3.107581,-0.103997,-0.324954,0.025798,0.556342,3.711600,0
59.540000,0.431798,-0.125418,3.117782,-0.103997,-0.324954,0.025798,0.571744,3.719800,0
59.560000,0.414308,-0.125602,3.111719,-0.103997,-0.324954,0.025798,0.555321,3.843600,0
59.580000,0.411206,-0.126485,3.109008,-0.103997,-0.324954,0.025798,0.552109,3.714200,0
59.600000,0.417087,-0.128043,3.111023,-0.103997,-0.324954,0.025798,0.557048,3.717900,0
59.620000,0.409906,-0.126948,3.100934,-0.103997,-0.324954,0.025798,0.550729,3.716900,0
59.640000,0.417202,-0.128479,3.091730,-0.103997,-0.324954,0.025798,0.557001,3.812500,0
59.660000,0.426679,-0.128633,3.090295,-0.103997,-0.324954,0.025798,0.565825,3.357600,0
59.680000,0.407614,-0.127934,3.103626,-0.103997,-0.324954,0.025798,0.548236,3.215800,0
59.700000,0.416681,-0.127620,3.099280,-0.103997,-0.324954,0.025798,0.556818,3.192200,0
59.720000,0.413083,-0.127644,3.107574,-0.103997,-0.324954,0.025798,0.553447,3.303800,0
59.740000,0.416212,-0.126434,3.098710,-0.103997,-0.324954,0.025798,0.556801,3.360800,0
