timestamp,est_x,est_y,est_theta,gt_x,gt_y,gt_theta,error_m,update_time_ms,kidnapped
0.020000,-0.755521,-0.572967,2.313028,-0.550000,-0.458800,0.000000,0.235102,47.283500,0
0.040000,-0.536576,-0.536285,1.546692,-0.550000,-0.458800,0.000000,0.078639,48.039300,0
0.060000,-0.494789,-0.503250,1.600319,-0.550000,-0.458800,0.000000,0.070880,50.470000,0
0.080000,-0.492935,-0.508762,1.591919,-0.550000,-0.458800,0.000000,0.075846,80.829500,0
0.100000,-0.498266,-0.493917,1.621435,-0.550000,-0.458800,0.000000,0.062526,80.958700,0
0.120000,-0.501523,-0.461327,1.497008,-0.550000,-0.458800,0.000000,0.048543,49.936700,0
0.140000,-0.499270,-0.488052,1.543484,-0.550000,-0.458800,0.000000,0.058559,50.157300,0
0.160000,-0.503362,-0.497998,1.518092,-0.550000,-0.458800,0.000000,0.060923,50.229900,0
0.180000,-0.499279,-0.481490,1.529265,-0.550000,-0.458800,0.000000,0.055565,51.953400,0
0.200000,-0.497480,-0.468764,1.534128,-0.550000,-0.458800,0.000000,0.053457,52.963900,0
0.220000,-0.502844,-0.474225,1.528833,-0.550000,-0.458800,0.000000,0.049614,48.873300,0
0.240000,-0.495486,-0.490312,1.545901,-0.550000,-0.458800,0.000000,0.062967,175.428700,0
0.260000,-0.501577,-0.489776,1.514649,-0.550000,-0.458800,0.000000,0.057483,47.966400,0
0.280000,-0.503262,-0.478857,1.523608,-0.550000,-0.458800,0.000000,0.050860,47.669200,0
0.300000,-0.500239,-0.485278,1.530049,-0.550000,-0.458800,0.000000,0.056367,48.570000,0
0.320000,-0.500328,-0.479936,1.517801,-0.550000,-0.458800,0.000000,0.053982,26.856000,0
0.340000,-0.504364,-0.487566,1.517427,-0.550000,-0.458800,0.000000,0.053946,24.184800,0
0.360000,-0.496762,-0.488761,1.517755,-0.550000,-0.458800,0.000000,0.061090,27.107900,0
0.380000,-0.502279,-0.481616,1.521894,-0.550000,-0.458800,0.000000,0.052895,26.033600,0
0.400000,-0.499106,-0.490224,1.526831,-0.550000,-0.458800,0.000000,0.059813,44.794500,0
0.420000,-0.498748,-0.488396,1.530898,-0.550000,-0.458800,0.000000,0.059184,45.650400,0
0.440000,-0.499252,-0.487609,1.521160,-0.550000,-0.458800,0.000000,0.058355,48.819000,0
0.460000,-0.499471,-0.486071,1.511250,-0.550000,-0.458800,0.000000,0.057419,49.659000,0
0.480000,-0.497961,-0.480238,1.581996,-0.550000,-0.458800,0.000000,0.056281,39.406100,0
0.500000,-0.498801,-0.497542,1.572667,-0.550000,-0.458800,0.000000,0.064205,30.418500,0
0.520000,-0.501283,-0.523112,1.630425,-0.550000,-0.458800,0.000000,0.080681,28.814800,0
0.540000,-0.498869,-0.490171,1.602912,-0.550000,-0.458800,0.000000,0.059988,39.105300,0
0.560000,-0.497670,-0.507890,1.597595,-0.550000,-0.458800,0.000000,0.071751,37.206700,0
0.580000,-0.489573,-0.501030,1.620008,-0.550000,-0.458800,0.000000,0.073721,27.827200,0
0.600000,-0.499597,-0.466790,1.556319,-0.550000,-0.458800,0.000000,0.051032,35.330200,0
0.620000,-0.499317,-0.490576,1.545422,-0.550000,-0.458800,0.000000,0.059820,35.875100,0
0.640000,-0.505144,-0.479415,1.499820,-0.550000,-0.458800,0.000000,0.049367,22.615300,0
0.660000,-0.501474,-0.477738,1.526075,-0.550000,-0.458800,0.000000,0.052091,23.068000,0
0.680000,-0.500473,-0.503062,1.561015,-0.550000,-0.458800,0.000000,0.066423,38.944800,0
0.700000,-0.503926,-0.453902,1.484547,-0.550000,-0.458800,0.000000,0.046334,22.127500,0
0.720000,-0.497464,-0.484856,1.540031,-0.550000,-0.458800,0.000000,0.058642,23.176200,0
0.740000,-0.497483,-0.493252,1.547043,-0.550000,-0.458800,0.000000,0.062809,24.022300,0
0.760000,-0.503535,-0.474842,1.502591,-0.550000,-0.458800,0.000000,0.049157,29.669100,0
0.780000,-0.502454,-0.479247,1.525904,-0.550000,-0.458800,0.000000,0.051756,22.479900,0
0.800000,-0.496220,-0.493667,1.537413,-0.550000,-0.458800,0.000000,0.064094,23.435800,0
0.820000,-0.501177,-0.503788,1.533558,-0.550000,-0.458800,0.000000,0.066390,24.291500,0
0.840000,-0.505932,-0.507915,1.575298,-0.550000,-0.458800,0.000000,0.065987,24.707100,0
0.860000,-0.503185,-0.466355,1.479051,-0.550000,-0.458800,0.000000,0.047421,25.068300,0
0.880000,-0.501752,-0.485386,1.527140,-0.550000,-0.458800,0.000000,0.055088,19.612800,0
0.900000,-0.500372,-0.478287,1.573417,-0.550000,-0.458800,0.000000,0.053316,20.854900,0
0.920000,-0.500601,-0.491818,1.558039,-0.550000,-0.458800,0.000000,0.059418,20.199800,0
0.940000,-0.495801,-0.507212,1.581045,-0.550000,-0.458800,0.000000,0.072672,20.721700,0
0.960000,-0.499834,-0.479914,1.448193,-0.550000,-0.458800,0.000000,0.054428,21.395200,0
0.980000,-0.504714,-0.471756,1.524337,-0.550000,-0.458800,0.000000,0.047103,20.916400,0
1.000000,-0.510598,-0.503410,1.549304,-0.550000,-0.458800,0.000000,0.059519,20.882000,0
1.020000,-0.499028,-0.502958,1.570796,-0.550000,-0.458800,0.000000,0.067440,20.700700,0
1.040000,-0.497877,-0.507588,1.593321,-0.550000,-0.458800,0.000000,0.071394,20.369900,0
1.060000,-0.499170,-0.491798,1.586903,-0.550000,-0.458800,0.000000,0.060602,20.785400,0
1.080000,-0.501976,-0.455670,1.496334,-0.550000,-0.458800,0.000000,0.048126,20.291200,0
1.100000,-0.495915,-0.493648,1.518645,-0.550000,-0.458800,0.000000,0.064339,21.413200,0
1.120000,-0.496751,-0.490994,1.524720,-0.550000,-0.458800,0.000000,0.062225,20.706000,0
1.140000,-0.504618,-0.481600,1.495783,-0.550000,-0.458800,0.000000,0.050788,19.817500,0
1.160000,-0.500998,-0.475569,1.557686,-0.550000,-0.458800,0.000000,0.051792,19.661600,0
1.180000,-0.501322,-0.487555,1.538039,-0.550000,-0.458800,0.000000,0.056537,20.232800,0
1.200000,-0.500164,-0.484484,1.536207,-0.550000,-0.458800,0.000000,0.056065,21.300500,0
1.220000,-0.498361,-0.486738,1.532793,-0.550000,-0.458800,0.000000,0.058712,21.767500,0
1.240000,-0.495619,-0.490391,1.503281,-0.550000,-0.458800,0.000000,0.062892,22.440000,0
1.260000,-0.499127,-0.480202,1.534296,-0.550000,-0.458800,0.000000,0.055191,22.157100,0
1.280000,-0.506454,-0.517224,1.574397,-0.550000,-0.458800,0.000000,0.072867,21.633800,0
1.300000,-0.504007,-0.498741,1.598526,-0.550000,-0.458800,0.000000,0.060914,18.582800,0
1.320000,-0.504020,-0.460933,1.524570,-0.550000,-0.458800,0.000000,0.046029,19.317000,0
1.340000,-0.504246,-0.482298,1.517956,-0.550000,-0.458800,0.000000,0.051436,20.438300,0
1.360000,-0.498510,-0.473387,1.542843,-0.550000,-0.458800,0.000000,0.053516,21.352400,0
1.380000,-0.501779,-0.491069,1.521205,-0.550000,-0.458800,0.000000,0.058023,27.508600,0
1.400000,-0.501942,-0.491529,1.513207,-0.550000,-0.458800,0.000000,0.058144,21.938800,0
1.420000,-0.499049,-0.484881,1.535672,-0.550000,-0.458800,0.000000,0.057238,19.430800,0
1.440000,-0.502614,-0.482567,1.496532,-0.550000,-0.458800,0.000000,0.053013,19.646700,0
1.460000,-0.500556,-0.485755,1.581814,-0.550000,-0.458800,0.000000,0.056314,19.425100,0
1.480000,-0.504087,-0.500235,1.586227,-0.550000,-0.458800,0.000000,0.061846,20.300800,0
1.500000,-0.507177,-0.503548,1.555539,-0.550000,-0.458800,0.000000,0.061937,19.792000,0
1.520000,-0.504350,-0.504289,1.560162,-0.550000,-0.458800,0.000000,0.064445,19.873400,0
1.540000,-0.499901,-0.504636,1.560070,-0.550000,-0.458800,0.000000,0.067903,19.356400,0
1.560000,-0.501860,-0.500759,1.553543,-0.550000,-0.458800,0.000000,0.063860,22.251800,0
1.580000,-0.497305,-0.507721,1.601583,-0.550000,-0.458800,0.000000,0.071903,21.184200,0
1.600000,-0.500988,-0.507563,1.586971,-0.550000,-0.458800,0.000000,0.069137,19.821100,0
1.620000,-0.500799,-0.473299,1.543155,-0.550000,-0.458800,0.000000,0.051293,18.739000,0
1.640000,-0.502885,-0.469496,1.537570,-0.550000,-0.458800,0.000000,0.048314,20.611900,0
1.660000,-0.501301,-0.488278,1.516687,-0.550000,-0.458800,0.000000,0.056926,20.233200,0
1.680000,-0.501313,-0.477054,1.511434,-0.550000,-0.458800,0.000000,0.051997,21.508100,0
1.700000,-0.501212,-0.480971,1.501824,-0.550000,-0.458800,0.000000,0.053590,20.849600,0
1.720000,-0.498163,-0.475957,1.539056,-0.550000,-0.458800,0.000000,0.054603,20.660700,0
1.740000,-0.500596,-0.476159,1.509591,-0.550000,-0.458800,0.000000,0.052365,21.927500,0
1.760000,-0.497783,-0.478271,1.589537,-0.550000,-0.458800,0.000000,0.055729,20.652600,0
1.780000,-0.501740,-0.493048,1.576689,-0.550000,-0.458800,0.000000,0.059177,20.824100,0
1.800000,-0.500095,-0.506091,1.592017,-0.550000,-0.458800,0.000000,0.068753,22.202800,0
1.820000,-0.503318,-0.516964,1.587500,-0.550000,-0.458800,0.000000,0.074580,21.682000,0
1.840000,-0.501819,-0.476971,1.577042,-0.550000,-0.458800,0.000000,0.051494,21.570200,0
1.860000,-0.502108,-0.507930,1.590361,-0.550000,-0.458800,0.000000,0.068610,22.195500,0
1.880000,-0.497868,-0.501098,1.631313,-0.550000,-0.458800,0.000000,0.067133,22.009600,0
1.900000,-0.497229,-0.515732,1.600484,-0.550000,-0.458800,0.000000,0.077628,22.280300,0
1.920000,-0.500043,-0.496036,1.608288,-0.550000,-0.458800,0.000000,0.062308,21.997900,0
1.940000,-0.504991,-0.509749,1.585664,-0.550000,-0.458800,0.000000,0.067983,22.214100,0
1.960000,-0.499434,-0.500580,1.595164,-0.550000,-0.458800,0.000000,0.065594,36.458300,0
1.980000,-0.503345,-0.505623,1.546709,-0.550000,-0.458800,0.000000,0.066099,21.360000,0
2.000000,-0.503133,-0.539203,1.596280,-0.550000,-0.458800,0.000000,0.093065,20.893400,0
2.020000,-0.499699,-0.475931,1.576807,-0.550000,-0.458800,0.000000,0.053138,21.345200,0
2.040000,-0.504823,-0.499216,1.549510,-0.550000,-0.458800,0.000000,0.060617,20.735900,0
2.060000,-0.504514,-0.504212,1.543344,-0.550000,-0.458800,0.000000,0.064274,20.719000,0
2.080000,-0.499611,-0.505931,1.567089,-0.550000,-0.458800,0.000000,0.068995,21.044700,0
2.100000,-0.502052,-0.508552,1.547487,-0.550000,-0.458800,0.000000,0.069096,20.604100,0
2.120000,-0.501506,-0.497585,1.567181,-0.550000,-0.458800,0.000000,0.062096,20.328300,0
2.140000,-0.494833,-0.496536,1.589007,-0.550000,-0.458800,0.000000,0.066839,21.596300,0
2.160000,-0.501574,-0.475491,1.499242,-0.550000,-0.458800,0.000000,0.051221,20.871500,0
2.180000,-0.499075,-0.483622,1.550162,-0.550000,-0.458800,0.000000,0.056653,21.947000,0
2.200000,-0.498306,-0.495726,1.540226,-0.550000,-0.458800,0.000000,0.063528,21.159000,0
2.220000,-0.504542,-0.494996,1.508434,-0.550000,-0.458800,0.000000,0.058108,21.284800,0
2.240000,-0.498093,-0.482396,1.531039,-0.550000,-0.458800,0.000000,0.057018,21.806200,0
2.260000,-0.496389,-0.488969,1.527854,-0.550000,-0.458800,0.000000,0.061517,21.551000,0
2.280000,-0.495748,-0.495221,1.607379,-0.550000,-0.458800,0.000000,0.065343,21.722500,0
2.300000,-0.498509,-0.497030,1.569261,-0.550000,-0.458800,0.000000,0.064131,21.300900,0
2.320000,-0.502539,-0.483557,1.586425,-0.550000,-0.458800,0.000000,0.053530,21.371300,0
2.340000,-0.503272,-0.429513,1.469567,-0.550000,-0.458800,0.000000,0.055148,22.696100,0
2.360000,-0.501687,-0.483253,1.521579,-0.550000,-0.458800,0.000000,0.054149,21.572700,0
2.380000,-0.499756,-0.482973,1.501626,-0.550000,-0.458800,0.000000,0.055757,21.898300,0
2.400000,-0.499041,-0.486560,1.518846,-0.550000,-0.458800,0.000000,0.058030,21.430200,0
2.420000,-0.501156,-0.483619,1.503802,-0.550000,-0.458800,0.000000,0.054788,22.128500,0
2.440000,-0.499177,-0.471451,1.549886,-0.550000,-0.458800,0.000000,0.052374,21.071400,0
2.460000,-0.502244,-0.489305,1.559836,-0.550000,-0.458800,0.000000,0.056668,20.742000,0
2.480000,-0.504262,-0.499645,1.592090,-0.550000,-0.458800,0.000000,0.061321,22.495900,0
2.500000,-0.504357,-0.496056,1.524612,-0.550000,-0.458800,0.000000,0.058917,22.017800,0
2.520000,-0.501019,-0.464504,1.509399,-0.550000,-0.458800,0.000000,0.049312,21.648400,0
2.540000,-0.497629,-0.491541,1.544297,-0.550000,-0.458800,0.000000,0.061763,22.626700,0
2.560000,-0.499694,-0.492432,1.535882,-0.550000,-0.458800,0.000000,0.060513,24.883300,0
2.580000,-0.499583,-0.484958,1.504300,-0.550000,-0.458800,0.000000,0.056798,23.237000,0
2.600000,-0.500927,-0.476835,1.512844,-0.550000,-0.458800,0.000000,0.052282,23.390000,0
2.620000,-0.500331,-0.494239,1.559053,-0.550000,-0.458800,0.000000,0.061015,23.190500,0
2.640000,-0.501655,-0.486481,1.541154,-0.550000,-0.458800,0.000000,0.055709,22.835600,0
2.660000,-0.500823,-0.486936,1.509719,-0.550000,-0.458800,0.000000,0.056657,34.618100,0
2.680000,-0.500168,-0.474463,1.559922,-0.550000,-0.458800,0.000000,0.052235,21.623900,0
2.700000,-0.502726,-0.458532,1.499469,-0.550000,-0.458800,0.000000,0.047275,20.493900,0
2.720000,-0.503931,-0.489871,1.528308,-0.550000,-0.458800,0.000000,0.055567,19.762000,0
2.740000,-0.503143,-0.487985,1.501014,-0.550000,-0.458800,0.000000,0.055203,21.654700,0
2.760000,-0.501763,-0.482874,1.530303,-0.550000,-0.458800,0.000000,0.053910,20.380200,0
2.780000,-0.499296,-0.507868,1.531535,-0.550000,-0.458800,0.000000,0.070559,29.188800,0
2.800000,-0.500671,-0.504349,1.584594,-0.550000,-0.458800,0.000000,0.067142,29.414600,0
2.820000,-0.500253,-0.472705,1.482722,-0.550000,-0.458800,0.000000,0.051654,22.270800,0
2.840000,-0.500823,-0.473616,1.544825,-0.550000,-0.458800,0.000000,0.051361,21.184100,0
2.860000,-0.498475,-0.484210,1.505839,-0.550000,-0.458800,0.000000,0.057450,22.229700,0
2.880000,-0.503945,-0.480158,1.563063,-0.550000,-0.458800,0.000000,0.050766,21.488600,0
2.900000,-0.500102,-0.489916,1.577355,-0.550000,-0.458800,0.000000,0.058805,21.850800,0
2.920000,-0.496755,-0.499865,1.585111,-0.550000,-0.458800,0.000000,0.067241,21.824900,0
2.940000,-0.500498,-0.506719,1.593810,-0.550000,-0.458800,0.000000,0.068896,22.229100,0
2.960000,-0.496070,-0.493210,1.600554,-0.550000,-0.458800,0.000000,0.063972,22.044000,0
2.980000,-0.500438,-0.516407,1.590809,-0.550000,-0.458800,0.000000,0.075993,20.696200,0
3.000000,-0.495746,-0.512013,1.619100,-0.550000,-0.458800,0.000000,0.075994,27.063300,0
3.020000,-0.501924,-0.489001,1.523313,-0.550000,-0.458800,0.000000,0.056776,19.266600,0
3.040000,-0.499579,-0.468003,1.512307,-0.550000,-0.458800,0.000000,0.051254,19.444700,0
3.060000,-0.503251,-0.498333,1.558820,-0.550000,-0.458800,0.000000,0.061224,22.812100,0
3.080000,-0.506911,-0.512951,1.554142,-0.550000,-0.458800,0.000000,0.069203,21.656600,0
3.100000,-0.499111,-0.507946,1.569345,-0.550000,-0.458800,0.000000,0.070746,23.719900,0
3.120000,-0.497016,-0.506139,1.575683,-0.550000,-0.458800,0.000000,0.071051,18.492400,0
3.140000,-0.502071,-0.536227,1.628517,-0.550000,-0.458800,0.000000,0.091061,20.024000,0
3.160000,-0.502942,-0.478912,1.513326,-0.550000,-0.458800,0.000000,0.051176,19.604100,0
3.180000,-0.502485,-0.483434,1.552498,-0.550000,-0.458800,0.000000,0.053521,21.264300,0
3.200000,-0.502201,-0.483022,1.587005,-0.550000,-0.458800,0.000000,0.053586,21.427500,0
3.220000,-0.504206,-0.496624,1.565117,-0.550000,-0.458800,0.000000,0.059395,21.332100,0
3.240000,-0.501771,-0.475544,1.574918,-0.550000,-0.458800,0.000000,0.051053,21.329500,0
3.260000,-0.500172,-0.482367,1.539401,-0.550000,-0.458800,0.000000,0.055120,21.257500,0
3.280000,-0.498804,-0.489266,1.516060,-0.550000,-0.458800,0.000000,0.059575,21.593700,0
3.300000,-0.499806,-0.481095,1.521591,-0.550000,-0.458800,0.000000,0.054923,21.306500,0
3.320000,-0.500640,-0.459722,1.536137,-0.550000,-0.458800,0.000000,0.049369,21.680500,0
3.340000,-0.501663,-0.481464,1.516949,-0.550000,-0.456378,-0.000076,0.054459,22.334800,0
3.360000,-0.502564,-0.487347,1.561054,-0.550000,-0.453378,-0.000076,0.058345,21.641900,0
3.380000,-0.495092,-0.507063,1.600940,-0.550000,-0.450378,-0.000076,0.078918,33.248600,0
3.400000,-0.504422,-0.476192,1.586551,-0.550001,-0.447378,-0.000076,0.053923,20.717500,0
3.420000,-0.500739,-0.486472,1.563497,-0.550001,-0.444378,-0.000076,0.064797,20.459200,0
3.440000,-0.504702,-0.490494,1.570572,-0.550001,-0.441377,-0.000076,0.066817,20.318300,0
3.460000,-0.500666,-0.492933,1.612708,-0.550001,-0.438377,-0.000076,0.073555,22.131500,0
3.480000,-0.502855,-0.469389,1.584701,-0.550002,-0.435377,-0.000076,0.058134,25.845600,0
3.500000,-0.504297,-0.478543,1.574217,-0.550002,-0.432377,-0.000076,0.064964,21.221200,0
3.520000,-0.498908,-0.445743,1.566515,-0.550002,-0.429377,-0.000076,0.053651,20.934300,0
3.540000,-0.501273,-0.466356,1.569881,-0.550002,-0.426377,-0.000076,0.063031,21.250200,0
3.560000,-0.500139,-0.468021,1.602544,-0.550003,-0.423377,-0.000076,0.066929,19.673200,0
3.580000,-0.502128,-0.463968,1.583148,-0.550003,-0.420377,-0.000076,0.064747,18.416200,0
3.600000,-0.498393,-0.474006,1.639420,-0.550003,-0.417377,-0.000076,0.076619,19.313600,0
3.620000,-0.501700,-0.434229,1.543372,-0.550003,-0.414377,-0.000076,0.052223,19.000300,0
3.640000,-0.499066,-0.430956,1.525974,-0.550004,-0.411377,-0.000076,0.054571,21.440900,0
3.660000,-0.501149,-0.436012,1.543613,-0.550004,-0.408377,-0.000076,0.056130,21.021500,0
3.680000,-0.497509,-0.434642,1.526446,-0.550004,-0.405377,-0.000076,0.060102,27.700400,0
3.700000,-0.494635,-0.419923,1.523971,-0.550004,-0.402377,-0.000076,0.058083,19.615900,0
3.720000,-0.497294,-0.413928,1.550098,-0.550004,-0.399377,-0.000076,0.054682,19.521400,0
3.740000,-0.499199,-0.415138,1.517101,-0.550005,-0.396377,-0.000076,0.054159,20.964500,0
3.760000,-0.496420,-0.420281,1.501987,-0.550005,-0.393377,-0.000076,0.059960,21.457100,0
3.780000,-0.497500,-0.407691,1.542505,-0.550005,-0.390377,-0.000076,0.055286,21.512000,0
3.800000,-0.501342,-0.387405,1.506228,-0.550005,-0.389867,-0.000003,0.048725,21.731100,0
3.820000,-0.502756,-0.426049,1.537775,-0.550005,-0.389867,-0.000003,0.059511,21.277800,0
3.840000,-0.501309,-0.417884,1.523604,-0.550005,-0.389867,-0.000003,0.056180,21.869700,0
3.860000,-0.499819,-0.407722,1.503582,-0.550005,-0.389867,-0.000003,0.053267,19.239100,0
3.880000,-0.499392,-0.429164,1.618103,-0.550005,-0.389867,-0.000003,0.064077,19.043500,0
3.900000,-0.501919,-0.443619,1.584543,-0.550005,-0.389867,-0.000003,0.072121,19.391800,0
3.920000,-0.500589,-0.418528,1.586450,-0.550005,-0.389868,-0.000003,0.057125,20.156300,0
3.940000,-0.496988,-0.421323,1.553740,-0.550005,-0.389868,-0.000003,0.061646,23.511800,0
3.960000,-0.495491,-0.399027,1.516797,-0.550005,-0.389868,-0.000003,0.055278,19.723000,0
3.980000,-0.497943,-0.418552,1.524002,-0.550005,-0.389868,-0.000003,0.059441,19.512000,0
4.000000,-0.499753,-0.415752,1.520435,-0.550005,-0.389868,-0.000003,0.056526,19.755100,0
4.020000,-0.501725,-0.419859,1.524107,-0.550005,-0.389868,-0.000003,0.056837,20.339300,0
4.040000,-0.496625,-0.422709,1.519124,-0.550005,-0.389868,-0.000003,0.062674,20.190300,0
4.060000,-0.503909,-0.416216,1.556135,-0.550005,-0.389868,-0.000003,0.053095,20.296700,0
4.080000,-0.499431,-0.397923,1.531948,-0.550005,-0.389868,-0.000003,0.051212,20.656600,0
4.100000,-0.500631,-0.422865,1.523715,-0.550005,-0.389868,-0.000003,0.059385,20.570500,0
4.120000,-0.500916,-0.412409,1.550062,-0.550005,-0.389868,-0.000003,0.054017,21.507400,0
4.140000,-0.498953,-0.407703,1.532326,-0.550005,-0.389868,-0.000003,0.054077,20.168000,0
4.160000,-0.500198,-0.422057,1.522347,-0.550005,-0.389868,-0.000003,0.059303,22.710800,0
4.180000,-0.499886,-0.411452,1.540172,-0.550005,-0.389868,-0.000003,0.054569,30.254400,0
4.200000,-0.496802,-0.407968,1.521551,-0.550005,-0.387445,-0.000078,0.057024,22.868600,0
4.220000,-0.499002,-0.401137,1.508195,-0.550005,-0.384446,-0.000078,0.053665,34.437400,0
4.240000,-0.496730,-0.403331,1.548686,-0.550006,-0.381445,-0.000078,0.057596,24.922900,0
4.260000,-0.498857,-0.398424,1.528087,-0.550006,-0.378445,-0.000078,0.054912,21.412500,0
4.280000,-0.500603,-0.399057,1.613633,-0.550006,-0.375445,-0.000078,0.054756,22.789300,0
4.300000,-0.500343,-0.409468,1.583407,-0.550006,-0.372445,-0.000078,0.061945,21.813700,0
4.320000,-0.502009,-0.414158,1.612396,-0.550007,-0.369445,-0.000078,0.065598,22.024800,0
4.340000,-0.502341,-0.376581,1.500010,-0.550007,-0.366445,-0.000078,0.048732,21.790100,0
4.360000,-0.495351,-0.372719,1.576288,-0.550007,-0.363445,-0.000078,0.055437,22.460800,0
4.380000,-0.501104,-0.398405,1.565227,-0.550007,-0.360445,-0.000078,0.061907,21.060700,0
4.400000,-0.503892,-0.399624,1.577646,-0.550008,-0.357445,-0.000078,0.062496,22.015900,0
4.420000,-0.500539,-0.408230,1.609248,-0.550008,-0.354445,-0.000078,0.073076,22.625000,0
4.440000,-0.499797,-0.375415,1.578222,-0.550008,-0.351445,-0.000078,0.055639,22.143500,0
4.460000,-0.498060,-0.387194,1.560855,-0.550008,-0.348445,-0.000078,0.064808,21.928200,0
4.480000,-0.499421,-0.332734,1.491225,-0.550009,-0.345445,-0.000078,0.052160,28.844800,0
4.500000,-0.496821,-0.371539,1.520962,-0.550009,-0.342445,-0.000078,0.060625,22.604100,0
4.520000,-0.499676,-0.353675,1.576202,-0.550009,-0.339445,-0.000078,0.052306,22.155000,0
4.540000,-0.496832,-0.373750,1.592583,-0.550009,-0.336445,-0.000078,0.064957,27.003600,0
4.560000,-0.496426,-0.365974,1.576125,-0.550009,-0.333445,-0.000078,0.062684,21.350100,0
4.580000,-0.502051,-0.361705,1.560308,-0.550010,-0.330445,-0.000078,0.057247,21.789100,0
4.600000,-0.498999,-0.416744,1.699647,-0.550010,-0.327445,-0.000078,0.102841,41.807300,0
4.620000,-0.500598,-0.394653,1.611820,-0.550010,-0.324445,-0.000078,0.085853,27.202400,0
4.640000,-0.498322,-0.350263,1.604253,-0.550010,-0.321445,-0.000078,0.059179,19.813100,0
4.660000,-0.496798,-0.361259,1.563300,-0.550011,-0.318445,-0.000078,0.068298,21.019300,0
4.680000,-0.494108,-0.305017,1.453718,-0.550011,-0.315445,-0.000078,0.056867,24.972500,0
4.700000,-0.502557,-0.368933,1.571108,-0.550011,-0.312445,-0.000078,0.073775,24.167400,0
4.720000,-0.497826,-0.312791,1.544998,-0.550011,-0.309445,-0.000078,0.052292,19.512200,0
4.740000,-0.498709,-0.325504,1.553839,-0.550012,-0.306445,-0.000078,0.054729,19.791400,0
4.760000,-0.498508,-0.309480,1.547804,-0.550012,-0.303445,-0.000078,0.051857,19.583000,0
4.780000,-0.495070,-0.329145,1.543390,-0.550012,-0.300445,-0.000078,0.061986,20.335300,0
4.800000,-0.493879,-0.325781,1.531308,-0.550012,-0.297445,-0.000078,0.062880,19.863700,0
4.820000,-0.502062,-0.372082,1.600663,-0.550013,-0.294445,-0.000078,0.091252,20.520100,0
4.840000,-0.498589,-0.295118,1.562718,-0.550013,-0.291445,-0.000078,0.051555,19.020500,0
4.860000,-0.498229,-0.333434,1.575977,-0.550013,-0.288445,-0.000078,0.068597,20.602800,0
4.880000,-0.494532,-0.343348,1.602652,-0.550013,-0.285445,-0.000078,0.080193,21.679700,0
4.900000,-0.493764,-0.302044,1.570117,-0.550013,-0.282445,-0.000078,0.059566,21.558200,0
4.920000,-0.495789,-0.316014,1.594707,-0.550014,-0.279445,-0.000078,0.065403,19.201900,0
4.940000,-0.495581,-0.331085,1.577416,-0.550014,-0.276445,-0.000078,0.077126,17.363600,0
4.960000,-0.496797,-0.325772,1.605571,-0.550014,-0.273445,-0.000078,0.074634,19.124200,0
4.980000,-0.497951,-0.335842,1.593187,-0.550014,-0.270445,-0.000078,0.083590,19.201500,0
5.000000,-0.495507,-0.307725,1.594192,-0.550015,-0.267445,-0.000078,0.067776,19.799900,0
5.020000,-0.497167,-0.284261,1.564303,-0.550015,-0.264445,-0.000078,0.056441,20.148300,0
5.040000,-0.496757,-0.288296,1.570188,-0.550015,-0.261445,-0.000078,0.059644,19.645900,0
5.060000,-0.496462,-0.300423,1.567064,-0.550015,-0.258445,-0.000078,0.068045,19.504400,0
5.080000,-0.499858,-0.293667,1.564055,-0.550016,-0.255445,-0.000078,0.063061,19.160400,0
5.100000,-0.499118,-0.316706,1.622668,-0.550016,-0.252445,-0.000078,0.081976,19.804000,0
5.120000,-0.496906,-0.279729,1.585718,-0.550016,-0.249445,-0.000078,0.061137,19.786800,0
5.140000,-0.496422,-0.288081,1.585364,-0.550016,-0.246445,-0.000078,0.067867,19.333300,0
5.160000,-0.494687,-0.316186,1.578969,-0.550016,-0.243445,-0.000078,0.091392,19.689500,0
5.180000,-0.497140,-0.278203,1.577418,-0.550017,-0.240445,-0.000078,0.064974,19.057400,0
5.200000,-0.494292,-0.277867,1.569297,-0.550017,-0.237445,-0.000078,0.068842,19.527700,0
5.220000,-0.493299,-0.285997,1.580050,-0.550017,-0.234445,-0.000078,0.076645,19.208800,0
5.240000,-0.494084,-0.285335,1.606050,-0.550017,-0.231445,-0.000078,0.077669,19.651900,0
5.260000,-0.496500,-0.274443,1.533070,-0.550018,-0.228445,-0.000078,0.070569,19.207800,0
5.280000,-0.493380,-0.239898,1.537921,-0.550018,-0.225445,-0.000078,0.058453,19.315800,0
5.300000,-0.494943,-0.235822,1.517419,-0.550018,-0.222445,-0.000078,0.056676,19.475000,0
5.320000,-0.495886,-0.224655,1.516340,-0.550018,-0.219445,-0.000078,0.054382,19.960100,0
5.340000,-0.495307,-0.259053,1.556059,-0.550019,-0.216445,-0.000078,0.069346,19.560100,0
5.360000,-0.496638,-0.315425,1.646525,-0.550019,-0.213445,-0.000078,0.115106,19.195900,0
5.380000,-0.495892,-0.239253,1.571763,-0.550019,-0.210445,-0.000078,0.061316,19.123500,0
5.400000,-0.493883,-0.245193,1.569986,-0.550019,-0.207445,-0.000078,0.067647,18.960200,0
5.420000,-0.494427,-0.245225,1.584749,-0.550020,-0.204445,-0.000078,0.068946,18.726900,0
5.440000,-0.495781,-0.250964,1.588598,-0.550020,-0.201445,-0.000078,0.073444,19.664800,0
5.460000,-0.492600,-0.253945,1.567795,-0.550020,-0.198445,-0.000078,0.079858,19.520400,0
5.480000,-0.493192,-0.241129,1.595192,-0.550020,-0.195445,-0.000078,0.072914,18.814200,0
5.500000,-0.495709,-0.252374,1.592213,-0.550020,-0.192445,-0.000078,0.080878,18.844300,0
5.520000,-0.494620,-0.225568,1.580060,-0.550021,-0.189445,-0.000078,0.066137,19.107600,0
5.540000,-0.496947,-0.234595,1.579342,-0.550021,-0.186445,-0.000078,0.071661,19.156500,0
5.560000,-0.494852,-0.240979,1.598915,-0.550021,-0.183445,-0.000078,0.079710,19.083900,0
5.580000,-0.494243,-0.220104,1.588060,-0.550021,-0.180445,-0.000078,0.068440,18.951200,0
5.600000,-0.495010,-0.229236,1.581667,-0.550022,-0.177445,-0.000078,0.075556,19.213900,0
5.620000,-0.492289,-0.221806,1.584970,-0.550022,-0.174445,-0.000078,0.074673,18.956500,0
5.640000,-0.495318,-0.205212,1.599704,-0.550022,-0.171445,-0.000078,0.064286,19.118100,0
5.660000,-0.494028,-0.211254,1.580352,-0.550022,-0.168445,-0.000078,0.070484,18.726200,0
5.680000,-0.496232,-0.206894,1.584580,-0.550023,-0.165445,-0.000078,0.067908,18.756700,0
5.700000,-0.494325,-0.206036,1.572074,-0.550023,-0.162445,-0.000078,0.070728,18.682300,0
5.720000,-0.492666,-0.205272,1.586357,-0.550023,-0.159445,-0.000078,0.073416,18.759200,0
5.740000,-0.495811,-0.162474,1.561038,-0.550023,-0.156445,-0.000078,0.054546,19.030600,0
5.760000,-0.494360,-0.185147,1.551495,-0.550024,-0.153445,-0.000078,0.064058,19.358900,0
5.780000,-0.494173,-0.165338,1.512527,-0.550024,-0.150445,-0.000078,0.057803,18.968100,0
5.800000,-0.491959,-0.172133,1.584835,-0.550024,-0.147445,-0.000078,0.063096,18.757200,0
5.820000,-0.492579,-0.187437,1.616241,-0.550024,-0.144445,-0.000078,0.071751,19.413800,0
5.840000,-0.496224,-0.186061,1.579787,-0.550025,-0.141445,-0.000078,0.069894,18.746700,0
5.860000,-0.494310,-0.200000,1.618446,-0.550025,-0.138445,-0.000078,0.083025,19.471800,0
5.880000,-0.493504,-0.180383,1.557706,-0.550025,-0.135445,-0.000078,0.072209,18.856700,0
5.900000,-0.494529,-0.193756,1.565559,-0.550025,-0.132445,-0.000078,0.082698,19.262800,0
5.920000,-0.493684,-0.179582,1.588197,-0.550025,-0.129445,-0.000078,0.075419,18.991800,0
5.940000,-0.492375,-0.178588,1.571421,-0.550026,-0.126445,-0.000078,0.077733,18.759200,0
5.960000,-0.495875,-0.166571,1.563399,-0.550026,-0.123445,-0.000078,0.069226,18.891700,0
5.980000,-0.495919,-0.171069,1.575331,-0.550026,-0.120445,-0.000078,0.074096,19.005200,0
6.000000,-0.494524,-0.159261,1.541453,-0.550026,-0.117445,-0.000078,0.069492,19.208700,0
6.020000,-0.493845,-0.203193,1.626891,-0.550027,-0.114445,-0.000078,0.105037,19.130100,0
6.040000,-0.491066,-0.126032,1.572801,-0.550027,-0.111445,-0.000078,0.060738,19.870200,0
6.060000,-0.492469,-0.127968,1.548829,-0.550027,-0.108445,-0.000078,0.060779,19.510300,0
6.080000,-0.492616,-0.138084,1.549390,-0.550027,-0.105445,-0.000078,0.066040,19.275500,0
6.100000,-0.489167,-0.112677,1.495047,-0.550028,-0.102445,-0.000078,0.061715,19.764800,0
6.120000,-0.492698,-0.121941,1.574982,-0.550028,-0.099445,-0.000078,0.061585,19.508100,0
6.140000,-0.493114,-0.129539,1.599848,-0.550028,-0.096445,-0.000078,0.065836,17.474200,0
6.160000,-0.490022,-0.123961,1.557369,-0.550028,-0.093445,-0.000078,0.067320,17.090100,0
6.180000,-0.491846,-0.115844,1.549641,-0.550029,-0.090445,-0.000078,0.063485,17.461500,0
6.200000,-0.495817,-0.135759,1.593667,-0.550029,-0.087445,-0.000078,0.072617,18.010800,0
6.220000,-0.491447,-0.111067,1.552435,-0.550029,-0.084445,-0.000078,0.064347,18.674300,0
6.240000,-0.488668,-0.088557,1.485321,-0.550029,-0.081445,-0.000078,0.061772,18.632200,0
6.260000,-0.488087,-0.077608,1.504346,-0.550029,-0.078445,-0.000078,0.061947,18.842800,0
6.280000,-0.490658,-0.108674,1.519927,-0.550030,-0.075445,-0.000078,0.068039,19.652300,0
6.300000,-0.493513,-0.090420,1.536344,-0.550030,-0.072445,-0.000078,0.059306,18.463900,0
6.320000,-0.491954,-0.081547,1.517686,-0.550030,-0.069445,-0.000078,0.059323,18.802400,0
6.340000,-0.491857,-0.090174,1.508319,-0.550030,-0.066445,-0.000078,0.062826,19.260100,0
6.360000,-0.488508,-0.074766,1.525910,-0.550031,-0.063445,-0.000078,0.062556,19.811100,0
6.380000,-0.494233,-0.095234,1.532681,-0.550031,-0.060445,-0.000078,0.065755,18.814800,0
6.400000,-0.494123,-0.082994,1.521332,-0.550031,-0.057445,-0.000078,0.061469,18.655300,0
6.420000,-0.488951,-0.073596,1.509572,-0.550031,-0.054445,-0.000078,0.064012,17.740700,0
6.440000,-0.494315,-0.071970,1.539444,-0.550032,-0.051445,-0.000078,0.059377,17.952600,0
6.460000,-0.497402,-0.098697,1.561349,-0.550032,-0.048445,-0.000078,0.072768,18.934900,0
6.480000,-0.494445,-0.084387,1.580097,-0.550032,-0.045445,-0.000078,0.067870,20.084600,0
6.500000,-0.493404,-0.081986,1.595176,-0.550032,-0.042445,-0.000078,0.069067,20.259800,0
6.520000,-0.489278,-0.081045,1.537101,-0.550032,-0.039445,-0.000078,0.073632,19.996500,0
6.540000,-0.491822,-0.041586,1.500813,-0.550033,-0.036445,-0.000078,0.058438,19.845800,0
6.560000,-0.489314,-0.086378,1.546983,-0.550033,-0.033445,-0.000078,0.080552,20.249000,0
6.580000,-0.493440,-0.088009,1.559151,-0.550033,-0.030445,-0.000078,0.080724,21.036900,0
6.600000,-0.495135,-0.082681,1.565688,-0.550033,-0.027445,-0.000078,0.077876,21.042800,0
6.620000,-0.494007,-0.088234,1.603844,-0.550034,-0.024445,-0.000078,0.084900,20.506700,0
6.640000,-0.489167,-0.053500,1.550477,-0.550034,-0.021445,-0.000078,0.068792,20.378700,0
6.660000,-0.488257,-0.020639,1.533794,-0.550034,-0.018445,-0.000078,0.061816,20.974000,0
6.680000,-0.490549,-0.022913,1.528538,-0.550034,-0.015445,-0.000078,0.059952,20.743500,0
6.700000,-0.490052,-0.005017,1.492101,-0.550035,-0.012445,-0.000078,0.060441,20.478000,0
6.720000,-0.490722,-0.056559,1.561637,-0.550035,-0.009445,-0.000078,0.075747,20.093800,0
6.740000,-0.487828,0.023824,1.475531,-0.550035,-0.006445,-0.000078,0.069181,20.915700,0
6.760000,-0.489616,-0.020207,1.524497,-0.550035,-0.003445,-0.000078,0.062701,20.819700,0
6.780000,-0.490912,-0.021264,1.529368,-0.550035,-0.002491,0.009002,0.062032,20.062400,0
6.800000,-0.489751,-0.012082,1.507002,-0.550033,-0.002317,0.029000,0.061067,20.978000,0
6.820000,-0.492102,-0.022496,1.486367,-0.550032,-0.002300,0.047227,0.061350,20.671900,0
6.840000,-0.499887,-0.116970,1.608324,-0.550031,-0.002303,0.065216,0.125151,20.691300,0
6.860000,-0.492743,-0.053462,1.526646,-0.550030,-0.002306,0.083205,0.076803,22.318300,0
6.880000,-0.495485,-0.057784,1.499537,-0.550029,-0.002308,0.101195,0.077798,21.126800,0
6.900000,-0.499079,-0.070165,1.465575,-0.550028,-0.002309,0.119185,0.084854,21.584800,0
6.920000,-0.494109,-0.025968,1.434700,-0.550027,-0.002316,0.137231,0.060715,21.217300,0
6.940000,-0.498664,-0.044195,1.418211,-0.550026,-0.002323,0.155285,0.066267,20.623100,0
6.960000,-0.498168,-0.046242,1.362669,-0.550025,-0.002330,0.173339,0.067952,20.427800,0
6.980000,-0.502010,-0.046714,1.418015,-0.550024,-0.002337,0.191390,0.065381,19.291100,0
7.000000,-0.498613,-0.057953,1.375483,-0.550023,-0.002343,0.209436,0.075733,17.281300,0
7.020000,-0.501635,-0.050059,1.380886,-0.550023,-0.002338,0.209435,0.067961,17.194400,0
7.040000,-0.498986,-0.042220,1.365955,-0.550022,-0.002334,0.209429,0.064773,16.956200,0
7.060000,-0.502042,-0.051814,1.401547,-0.550022,-0.002331,0.209423,0.068924,18.896600,0
7.080000,-0.499030,-0.059368,1.351978,-0.550021,-0.002328,0.209418,0.076509,17.288900,0
7.100000,-0.497729,-0.034975,1.308710,-0.550021,-0.002326,0.209414,0.061647,17.571000,0
7.120000,-0.491106,-0.018793,1.306134,-0.550021,-0.002325,0.209411,0.061173,18.264900,0
7.140000,-0.496249,-0.018962,1.360694,-0.549397,0.000099,0.209456,0.056462,18.822700,0
7.160000,-0.497257,-0.040271,1.384775,-0.548773,0.003035,0.209456,0.067300,18.386000,0
7.180000,-0.501636,-0.051027,1.387185,-0.548150,0.005970,0.209454,0.073567,17.571100,0
7.200000,-0.494375,-0.017852,1.362988,-0.547526,0.008905,0.209453,0.059506,17.408400,0
7.220000,-0.490103,-0.025763,1.388796,-0.546902,0.011840,0.209452,0.068118,17.708900,0
7.240000,-0.497123,-0.045425,1.366908,-0.546278,0.014775,0.209451,0.077719,18.586700,0
7.260000,-0.496610,-0.021679,1.365781,-0.545655,0.017710,0.209451,0.062903,18.439000,0
7.280000,-0.493041,-0.017323,1.369702,-0.545031,0.020645,0.209450,0.064378,18.991600,0
7.300000,-0.495128,-0.011113,1.370441,-0.544407,0.023579,0.209450,0.060266,18.903900,0
7.320000,-0.492713,-0.012886,1.382252,-0.543783,0.026514,0.209450,0.064501,18.576300,0
7.340000,-0.494559,-0.021885,1.345711,-0.543160,0.029449,0.209450,0.070691,19.210100,0
7.360000,-0.488662,0.013947,1.279971,-0.542536,0.032383,0.209450,0.056941,19.244200,0
7.380000,-0.483368,0.020640,1.318040,-0.541912,0.035318,0.209449,0.060356,19.076000,0
7.400000,-0.484637,0.024311,1.323260,-0.541288,0.038252,0.209449,0.058341,18.694600,0
7.420000,-0.482937,0.022609,1.312684,-0.540665,0.041187,0.209449,0.060644,19.282400,0
7.440000,-0.481751,0.023426,1.343657,-0.540041,0.044121,0.209449,0.061855,18.773200,0
7.460000,-0.491388,-0.002825,1.446670,-0.539417,0.047056,0.209449,0.069245,19.852500,0
7.480000,-0.488999,0.007800,1.342181,-0.539321,0.047729,0.222260,0.064238,19.516100,0
7.500000,-0.491548,-0.003222,1.347008,-0.539285,0.047888,0.242145,0.069936,18.937800,0
7.520000,-0.489424,-0.003157,1.267331,-0.539285,0.047888,0.260167,0.071356,19.739100,0
7.540000,-0.501332,-0.034073,1.380256,-0.539285,0.047883,0.278176,0.090317,19.209200,0
7.560000,-0.496383,-0.007840,1.304125,-0.539284,0.047878,0.296192,0.070321,19.764600,0
7.580000,-0.493697,-0.002877,1.269120,-0.539283,0.047873,0.314212,0.068218,18.659500,0
7.600000,-0.483568,0.026431,1.191755,-0.539283,0.047868,0.332233,0.059697,18.723400,0
7.620000,-0.492903,0.007202,1.250874,-0.539282,0.047863,0.350255,0.061679,19.347600,0
7.640000,-0.494614,-0.012588,1.217963,-0.539281,0.047859,0.368275,0.075159,18.813000,0
7.660000,-0.490442,0.017950,1.120398,-0.539280,0.047855,0.386294,0.057266,19.680300,0
7.680000,-0.488090,0.023516,1.122497,-0.539279,0.047851,0.404311,0.056679,19.639000,0
7.700000,-0.487003,0.019587,1.156602,-0.539278,0.047847,0.422326,0.059425,19.215000,0
7.720000,-0.488644,0.005916,1.161407,-0.539277,0.047844,0.440339,0.065739,19.712100,0
7.740000,-0.498978,0.006368,1.151569,-0.539276,0.047841,0.458350,0.057826,18.740600,0
7.760000,-0.495519,0.004377,1.114047,-0.539275,0.047838,0.476359,0.061672,18.905100,0
7.780000,-0.486027,0.034367,1.020360,-0.539274,0.047835,0.494366,0.054924,19.069200,0
7.800000,-0.490013,0.022492,1.083478,-0.539273,0.047832,0.512372,0.055395,18.346300,0
7.820000,-0.492010,0.016202,1.057457,-0.539272,0.047829,0.530376,0.056868,19.564000,0
7.840000,-0.497102,0.013642,1.048733,-0.539271,0.047827,0.548378,0.054285,19.269200,0
7.860000,-0.496257,0.021225,1.008620,-0.539270,0.047824,0.566379,0.050574,18.767800,0
7.880000,-0.500884,0.020290,0.978166,-0.539269,0.047822,0.584379,0.047238,19.180900,0
7.900000,-0.512231,-0.010629,1.006584,-0.539268,0.047819,0.602378,0.064399,18.641100,0
7.920000,-0.497393,0.019014,0.935619,-0.539267,0.047817,0.620376,0.050823,18.948000,0
7.940000,-0.510681,0.000491,0.911604,-0.539266,0.047815,0.638373,0.055287,19.350700,0
7.960000,-0.511490,0.012324,0.947846,-0.539265,0.047812,0.656369,0.045065,19.754400,0
7.980000,-0.486332,0.041203,0.822961,-0.539264,0.047810,0.674365,0.053343,19.205300,0
8.000000,-0.495419,0.026314,0.829922,-0.539263,0.047808,0.692360,0.048829,19.407400,0
8.020000,-0.482889,0.043668,0.801514,-0.539261,0.047813,0.692353,0.056524,19.953700,0
8.040000,-0.496933,0.020703,0.829015,-0.537345,0.050123,0.692363,0.049986,18.176100,0
8.060000,-0.490276,0.034396,0.848328,-0.535427,0.052434,0.692357,0.048621,17.661100,0
8.080000,-0.487646,0.027034,0.846314,-0.533511,0.054746,0.692351,0.053587,18.255300,0
8.100000,-0.487329,0.042198,0.812020,-0.531595,0.057057,0.692345,0.046693,18.913800,0
8.120000,-0.478041,0.046419,0.852048,-0.529679,0.059368,0.692340,0.053237,18.495700,0
8.140000,-0.483220,0.036683,0.841148,-0.527763,0.061679,0.692336,0.051078,19.326400,0
8.160000,-0.483543,0.038155,0.843782,-0.525848,0.063990,0.692333,0.049570,19.195900,0
8.180000,-0.478130,0.048243,0.827120,-0.523933,0.066300,0.692331,0.049234,19.202600,0
8.200000,-0.474111,0.050500,0.805974,-0.522017,0.068610,0.692329,0.051215,19.104000,0
8.220000,-0.469234,0.061289,0.834906,-0.520102,0.070920,0.692328,0.051772,19.160500,0
8.240000,-0.470224,0.048012,0.845129,-0.518187,0.073230,0.692327,0.054189,17.131000,0
8.260000,-0.475130,0.052445,0.844326,-0.516272,0.075539,0.692326,0.047180,17.373300,0
8.280000,-0.471553,0.049853,0.878678,-0.514357,0.077849,0.692326,0.051147,18.437100,0
8.300000,-0.463023,0.061714,0.886254,-0.514132,0.078119,0.709845,0.053677,19.070000,0
8.320000,-0.480490,0.050605,0.856496,-0.514116,0.078136,0.728137,0.043459,18.560600,0
8.340000,-0.466120,0.064811,0.776484,-0.514118,0.078133,0.746124,0.049813,18.987600,0
8.360000,-0.474739,0.053563,0.793888,-0.514119,0.078130,0.764116,0.046415,19.058500,0
8.380000,-0.483844,0.051480,0.815422,-0.514120,0.078127,0.782110,0.040333,19.784300,0
8.400000,-0.480220,0.047144,0.800649,-0.514120,0.078124,0.800107,0.045923,18.908300,0
8.420000,-0.479694,0.048140,0.775434,-0.514121,0.078121,0.818104,0.045652,18.767300,0
8.440000,-0.465773,0.068845,0.673266,-0.514121,0.078118,0.836102,0.049229,19.338400,0
8.460000,-0.476042,0.061527,0.669301,-0.512044,0.079994,0.838423,0.040462,19.357500,0
8.480000,-0.483678,0.049587,0.691999,-0.509811,0.082002,0.838417,0.041637,19.339400,0
8.500000,-0.467015,0.060087,0.684301,-0.507577,0.084009,0.838412,0.047091,19.442800,0
8.520000,-0.459406,0.073145,0.684506,-0.505345,0.086017,0.838407,0.047708,19.496000,0
8.540000,-0.464741,0.072120,0.683721,-0.503113,0.088024,0.838404,0.041537,19.672300,0
8.560000,-0.456474,0.068705,0.693386,-0.500881,0.090031,0.838401,0.049262,18.914100,0
8.580000,-0.463892,0.065570,0.742901,-0.500622,0.090262,0.856005,0.044258,19.524800,0
8.600000,-0.454670,0.078359,0.659541,-0.500599,0.090281,0.874365,0.047451,19.006400,0
8.620000,-0.459930,0.070778,0.687370,-0.500601,0.090278,0.892354,0.045104,19.303000,0
8.640000,-0.459657,0.070889,0.620252,-0.500602,0.090275,0.910345,0.045302,18.817900,0
8.660000,-0.465172,0.067103,0.648632,-0.500603,0.090273,0.928339,0.042334,19.191100,0
8.680000,-0.469834,0.066920,0.642943,-0.500604,0.090270,0.946333,0.038627,19.207000,0
8.700000,-0.447476,0.082263,0.528324,-0.500604,0.090268,0.964328,0.053728,19.525700,0
8.720000,-0.462781,0.075721,0.555415,-0.498513,0.091975,0.964436,0.039255,19.420100,0
8.740000,-0.452133,0.074906,0.571599,-0.496045,0.093686,0.964429,0.047759,19.204200,0
8.760000,-0.454909,0.074324,0.575860,-0.493578,0.095398,0.964423,0.044039,20.273000,0
8.780000,-0.450265,0.082724,0.563011,-0.491111,0.097109,0.964418,0.043305,19.143000,0
8.800000,-0.464870,0.068842,0.558041,-0.488644,0.098821,0.964415,0.038261,19.229800,0
8.820000,-0.443334,0.080514,0.581485,-0.486178,0.100531,0.964412,0.047290,18.579500,0
8.840000,-0.458918,0.077752,0.608610,-0.485852,0.100583,0.981334,0.035309,19.352800,0
8.860000,-0.460698,0.073663,0.576884,-0.485855,0.100580,0.999319,0.036843,18.430000,0
8.880000,-0.444245,0.082448,0.547242,-0.485857,0.100577,1.017308,0.045390,19.219800,0
8.900000,-0.454649,0.073845,0.545343,-0.485859,0.100575,1.035299,0.041092,18.422800,0
8.920000,-0.441559,0.082588,0.490699,-0.485860,0.100572,1.053292,0.047812,19.524200,0
8.940000,-0.455975,0.077160,0.516139,-0.485861,0.100570,1.071285,0.037963,18.609900,0
8.960000,-0.451237,0.081048,0.500954,-0.485862,0.100568,1.089279,0.039749,18.776800,0
8.980000,-0.458250,0.079138,0.484272,-0.485862,0.100565,1.107272,0.034950,19.094100,0
9.000000,-0.461538,0.074648,0.465506,-0.485863,0.100563,1.125265,0.035543,19.206700,0
9.020000,-0.438605,0.085876,0.425312,-0.485863,0.100561,1.143257,0.049487,18.990100,0
9.040000,-0.461411,0.076583,0.444947,-0.485863,0.100559,1.161249,0.034245,17.762900,0
9.060000,-0.447057,0.084934,0.325298,-0.485863,0.100556,1.179239,0.041833,18.032600,0
9.080000,-0.458806,0.082273,0.341029,-0.485863,0.100554,1.197229,0.032654,18.354500,0
9.100000,-0.475690,0.080282,0.386177,-0.485862,0.100552,1.215218,0.022679,18.940500,0
9.120000,-0.446495,0.093043,0.315098,-0.485862,0.100550,1.233207,0.040077,19.938900,0
9.140000,-0.460941,0.085697,0.321802,-0.485862,0.100548,1.251195,0.029011,18.031700,0
9.160000,-0.452915,0.083580,0.318502,-0.485862,0.100546,1.269182,0.037059,18.703000,0
9.180000,-0.462280,0.080006,0.300158,-0.485862,0.100544,1.287168,0.031272,18.670300,0
9.200000,-0.449230,0.088028,0.292641,-0.485861,0.100542,1.305155,0.038710,17.448600,0
9.220000,-0.459772,0.091102,0.240541,-0.485861,0.100540,1.323140,0.027744,17.827700,0
9.240000,-0.448198,0.090713,0.225725,-0.485861,0.100538,1.341126,0.038924,17.752900,0
9.260000,-0.460373,0.092538,0.233290,-0.485861,0.100537,1.359111,0.026714,18.545000,0
9.280000,-0.443520,0.086789,0.198402,-0.485861,0.100535,1.377095,0.044517,19.914300,0
9.300000,-0.457696,0.096808,0.191285,-0.483533,0.101015,1.384194,0.026177,19.961000,0
9.320000,-0.461557,0.091842,0.227105,-0.480581,0.101571,1.384191,0.021368,20.920200,0
9.340000,-0.448633,0.094389,0.210785,-0.477629,0.102128,1.384178,0.030011,20.529000,0
9.360000,-0.454680,0.091626,0.159518,-0.474678,0.102684,1.384169,0.022852,20.419500,0
9.380000,-0.445717,0.094737,0.155295,-0.471728,0.103241,1.384162,0.027366,20.263900,0
9.400000,-0.430629,0.092478,0.161315,-0.468778,0.103798,1.384157,0.039793,20.384100,0
9.420000,-0.428216,0.094222,0.172499,-0.465829,0.104355,1.384154,0.038954,20.583600,0
9.440000,-0.423063,0.099958,0.167642,-0.462879,0.104912,1.384152,0.040123,23.240900,0
9.460000,-0.414891,0.100536,0.142530,-0.459931,0.105469,1.384151,0.045310,20.954300,0
9.480000,-0.425779,0.093059,0.154126,-0.456982,0.106026,1.384150,0.033790,18.183500,0
9.500000,-0.409702,0.096144,0.134628,-0.454033,0.106583,1.384149,0.045544,19.750000,0
9.520000,-0.414640,0.097083,0.137725,-0.451085,0.107140,1.384148,0.037807,19.566700,0
9.540000,-0.424842,0.093627,0.169358,-0.448137,0.107697,1.384147,0.027214,18.562800,0
9.560000,-0.418426,0.093285,0.157829,-0.445188,0.108253,1.384146,0.030663,18.658900,0
9.580000,-0.419309,0.100439,0.135190,-0.442240,0.108810,1.384146,0.024411,18.807700,0
9.600000,-0.406066,0.099613,0.135726,-0.439292,0.109367,1.384145,0.034628,19.679000,0
9.620000,-0.396514,0.104533,0.142989,-0.436344,0.109924,1.384145,0.040193,19.471200,0
9.640000,-0.395550,0.100838,0.142663,-0.433396,0.110481,1.384145,0.039055,19.668800,0
9.660000,-0.387297,0.105427,0.127339,-0.432741,0.110560,1.397258,0.045733,19.343900,0
9.680000,-0.385179,0.102279,0.118236,-0.432570,0.110527,1.417257,0.048104,20.440900,0
9.700000,-0.412612,0.095568,0.168642,-0.432572,0.110525,1.435255,0.024942,19.868200,0
9.720000,-0.399898,0.099342,0.146133,-0.432575,0.110524,1.453244,0.034538,21.349800,0
9.740000,-0.419017,0.099675,0.088939,-0.432577,0.110522,1.471233,0.017365,19.646300,0
9.760000,-0.398052,0.103869,0.103414,-0.432579,0.110521,1.489223,0.035162,17.725000,0
9.780000,-0.418979,0.107124,0.048968,-0.432580,0.110519,1.507213,0.014018,19.382600,0
9.800000,-0.406171,0.108845,0.077442,-0.432581,0.110518,1.525203,0.026463,19.092900,0
9.820000,-0.421912,0.110456,-0.004408,-0.432582,0.110517,1.543191,0.010670,18.828100,0
9.840000,-0.402953,0.106762,0.020160,-0.432583,0.110517,1.561179,0.029867,18.697700,0
9.860000,-0.419519,0.110777,-0.049244,-0.432584,0.110516,1.579167,0.013068,18.804800,0
9.880000,-0.412489,0.108342,-0.006450,-0.432584,0.110515,1.597153,0.020212,19.568100,0
9.900000,-0.391014,0.112356,-0.075514,-0.432585,0.110514,1.615139,0.041611,21.685100,0
9.920000,-0.393223,0.109247,-0.025931,-0.430416,0.110408,1.624495,0.037212,20.543600,0
9.940000,-0.399804,0.111559,-0.034480,-0.427417,0.110244,1.624492,0.027645,20.029300,0
9.960000,-0.388437,0.112432,-0.052127,-0.424418,0.110082,1.624487,0.036057,20.431300,0
9.980000,-0.391314,0.117145,-0.040802,-0.421420,0.109919,1.624479,0.030961,20.176000,0
10.000000,-0.377613,0.111157,-0.096126,-0.418422,0.109757,1.624474,0.040833,20.147000,0
10.020000,-0.384958,0.105701,-0.084718,-0.415424,0.109596,1.624469,0.030714,19.894900,0
10.040000,-0.373998,0.108209,-0.105829,-0.412427,0.109435,1.624465,0.038448,19.801800,0
10.060000,-0.371098,0.105996,-0.097460,-0.409430,0.109274,1.624461,0.038472,20.449800,0
10.080000,-0.375099,0.104221,-0.094155,-0.406434,0.109112,1.624458,0.031715,18.768300,0
10.100000,-0.370343,0.104572,-0.067591,-0.403437,0.108951,1.624456,0.033382,18.352400,0
10.120000,-0.384237,0.104853,-0.096498,-0.400441,0.108790,1.624455,0.016675,20.241900,0
10.140000,-0.361533,0.106193,-0.087855,-0.397445,0.108630,1.624454,0.035994,18.726500,0
10.160000,-0.376303,0.107612,-0.078663,-0.394449,0.108469,1.624453,0.018166,19.614200,0
10.180000,-0.351772,0.103418,-0.107022,-0.391453,0.108308,1.624452,0.039981,20.719800,0
10.200000,-0.369082,0.108527,-0.057912,-0.388457,0.108147,1.624452,0.019379,21.474300,0
10.220000,-0.382986,0.111217,-0.019673,-0.385461,0.107986,1.624451,0.004070,19.814400,0
10.240000,-0.350388,0.108718,-0.034650,-0.382465,0.107825,1.624451,0.032090,19.473600,0
10.260000,-0.370733,0.105672,-0.080821,-0.379469,0.107664,1.624451,0.008961,19.124600,0
10.280000,-0.375351,0.100029,-0.066065,-0.376474,0.107503,1.624451,0.007558,19.339200,0
10.300000,-0.331450,0.098815,-0.107086,-0.373478,0.107343,1.624451,0.042885,19.581100,0
10.320000,-0.342614,0.102752,-0.093011,-0.370482,0.107182,1.624451,0.028218,22.333900,0
10.340000,-0.336865,0.104330,-0.099313,-0.367486,0.107021,1.624451,0.030739,19.946500,0
10.360000,-0.322181,0.103493,-0.105214,-0.364491,0.106860,1.624451,0.042444,20.179300,0
10.380000,-0.338139,0.104625,-0.121161,-0.361495,0.106699,1.624451,0.023448,22.846600,0
10.400000,-0.327965,0.102738,-0.061955,-0.358499,0.106538,1.624451,0.030770,19.112400,0
10.420000,-0.320899,0.098224,-0.026471,-0.355504,0.106377,1.624451,0.035552,19.856500,0
10.440000,-0.307896,0.100880,-0.082863,-0.352508,0.106217,1.624451,0.044930,20.491600,0
10.460000,-0.314053,0.101193,-0.109892,-0.349512,0.106056,1.624451,0.035791,20.577900,0
10.480000,-0.306183,0.097981,-0.048734,-0.346516,0.105895,1.624451,0.041102,20.667700,0
10.500000,-0.313088,0.099162,-0.050931,-0.343521,0.105734,1.624451,0.031135,20.899600,0
10.520000,-0.291443,0.095057,-0.103403,-0.340525,0.105573,1.624451,0.050196,19.991500,0
10.540000,-0.304446,0.097994,-0.082966,-0.337529,0.105412,1.624451,0.033905,19.532800,0
10.560000,-0.313187,0.102881,-0.077524,-0.334534,0.105251,1.624451,0.021478,20.224200,0
10.580000,-0.301008,0.103380,-0.101691,-0.331538,0.105090,1.624451,0.030578,19.842000,0
10.600000,-0.289517,0.095079,-0.083027,-0.328542,0.104930,1.624451,0.040249,20.671800,0
10.620000,-0.295075,0.093252,-0.096820,-0.325547,0.104769,1.624451,0.032575,20.278400,0
10.640000,-0.276205,0.092065,-0.068639,-0.322551,0.104608,1.624451,0.048013,21.636500,0
10.660000,-0.289927,0.094171,-0.075163,-0.319555,0.104447,1.624451,0.031360,21.290200,0
10.680000,-0.272589,0.097699,-0.028219,-0.316560,0.104286,1.624451,0.044462,20.761800,0
10.700000,-0.287246,0.101452,-0.035973,-0.313564,0.104125,1.624451,0.026454,20.850900,0
10.720000,-0.270135,0.099622,-0.043945,-0.310568,0.103964,1.624451,0.040666,20.571000,0
10.740000,-0.273576,0.098047,-0.033836,-0.307573,0.103803,1.624451,0.034481,20.282600,0
10.760000,-0.280467,0.099251,-0.036742,-0.304577,0.103642,1.624451,0.024507,19.795600,0
10.780000,-0.267093,0.097546,-0.050283,-0.301581,0.103482,1.624451,0.034996,21.029200,0
10.800000,-0.256711,0.097977,-0.043073,-0.298585,0.103321,1.624451,0.042213,19.720500,0
10.820000,-0.259385,0.096708,-0.045684,-0.295590,0.103160,1.624451,0.036776,18.549400,0
10.840000,-0.265523,0.098115,-0.041084,-0.292594,0.102999,1.624451,0.027508,20.512800,0
10.860000,-0.242289,0.097839,-0.057702,-0.289598,0.102838,1.624451,0.047572,19.827600,0
10.880000,-0.247518,0.090455,-0.003165,-0.286603,0.102677,1.624451,0.040951,20.385400,0
10.900000,-0.256186,0.097026,-0.044939,-0.283607,0.102516,1.624451,0.027965,20.335900,0
10.920000,-0.267081,0.097956,-0.027366,-0.280611,0.102355,1.624451,0.014227,19.872200,0
10.940000,-0.238482,0.094511,-0.012770,-0.277616,0.102194,1.624451,0.039881,20.543800,0
10.960000,-0.226891,0.097737,-0.136675,-0.274620,0.102034,1.624451,0.047922,20.462700,0
10.980000,-0.251559,0.095836,-0.107674,-0.271624,0.101873,1.624451,0.020953,20.800400,0
11.000000,-0.231146,0.091312,-0.102874,-0.268629,0.101712,1.624451,0.038899,21.603800,0
11.020000,-0.234831,0.094919,-0.076031,-0.265633,0.101551,1.624451,0.031508,19.745100,0
11.040000,-0.232301,0.094406,-0.113250,-0.262637,0.101390,1.624451,0.031129,19.601900,0
11.060000,-0.215077,0.095612,-0.068398,-0.259642,0.101229,1.624451,0.044918,20.478000,0
11.080000,-0.211280,0.093405,-0.024928,-0.256646,0.101068,1.624451,0.046009,18.711500,0
11.100000,-0.228539,0.094295,-0.033471,-0.253650,0.100907,1.624451,0.025967,18.917500,0
11.120000,-0.218172,0.092833,-0.038167,-0.250655,0.100746,1.624451,0.033433,20.102900,0
11.140000,-0.215051,0.089966,-0.030549,-0.247659,0.100586,1.624451,0.034294,20.224400,0
11.160000,-0.222050,0.093494,-0.036439,-0.244663,0.100425,1.624451,0.023652,20.127700,0
11.180000,-0.200928,0.088528,-0.058789,-0.241668,0.100264,1.624451,0.042396,21.329500,0
11.200000,-0.212664,0.093175,-0.012408,-0.238672,0.100103,1.624451,0.026915,20.764200,0
11.220000,-0.198433,0.095053,-0.086537,-0.235676,0.099942,1.624451,0.037563,19.438600,0
11.240000,-0.200927,0.092324,-0.083195,-0.232680,0.099781,1.624451,0.032617,19.618400,0
11.260000,-0.225687,0.095795,-0.022940,-0.229685,0.099620,1.624451,0.005533,18.870400,0
11.280000,-0.201801,0.088865,-0.031616,-0.226689,0.099459,1.624451,0.027048,19.654100,0
11.300000,-0.190594,0.092119,-0.026490,-0.223693,0.099299,1.624451,0.033869,21.642200,0
11.320000,-0.196225,0.094856,-0.040920,-0.220698,0.099138,1.624451,0.024845,22.153300,0
11.340000,-0.189910,0.093663,-0.033703,-0.217702,0.098977,1.624451,0.028295,19.242800,0
11.360000,-0.204666,0.096671,-0.043028,-0.214706,0.098816,1.624451,0.010267,18.308500,0
11.380000,-0.190914,0.095870,-0.034491,-0.211711,0.098655,1.624451,0.020983,19.072300,0
11.400000,-0.165307,0.095351,-0.059483,-0.208715,0.098494,1.624451,0.043522,21.403600,0
11.420000,-0.176217,0.091104,-0.033223,-0.205719,0.098333,1.624451,0.030375,21.429700,0
11.440000,-0.172498,0.089544,-0.037358,-0.202724,0.098172,1.624451,0.031434,21.453600,0
11.460000,-0.195389,0.089327,-0.052493,-0.199728,0.098011,1.624451,0.009707,21.023900,0
11.480000,-0.178506,0.086393,-0.028831,-0.196732,0.097851,1.624451,0.021528,22.121400,0
11.500000,-0.169344,0.087542,-0.044161,-0.193737,0.097690,1.624451,0.026420,21.228700,0
11.520000,-0.174990,0.094418,-0.115009,-0.192877,0.097726,1.614062,0.018190,21.186100,0
11.540000,-0.144720,0.088135,-0.011518,-0.192703,0.097734,1.594064,0.048934,18.779500,0
11.560000,-0.152127,0.091125,-0.080961,-0.192704,0.097735,1.576047,0.041111,18.274400,0
11.580000,-0.168141,0.092101,-0.017440,-0.192707,0.097736,1.558059,0.025204,18.006700,0
11.600000,-0.155055,0.084930,-0.046576,-0.190590,0.097767,1.548127,0.037783,19.056700,0
11.620000,-0.176959,0.091388,0.010080,-0.187589,0.097838,1.548129,0.012433,19.109400,0
11.640000,-0.159111,0.087232,0.040615,-0.184587,0.097908,1.548132,0.027623,18.691900,0
11.660000,-0.141579,0.089661,0.024353,-0.181586,0.097978,1.548134,0.040862,18.869100,0
11.680000,-0.144790,0.087282,0.035486,-0.178586,0.098047,1.548135,0.035469,18.907600,0
11.700000,-0.146861,0.083801,0.026803,-0.175585,0.098116,1.548137,0.032093,19.156300,0
11.720000,-0.133012,0.083702,0.019794,-0.172585,0.098185,1.548138,0.042140,18.401600,0
11.740000,-0.134983,0.087434,0.064379,-0.169585,0.098254,1.548139,0.036254,18.722900,0
11.760000,-0.126027,0.086879,0.014994,-0.166585,0.098322,1.548140,0.042142,18.905800,0
11.780000,-0.114712,0.091384,-0.013843,-0.163586,0.098390,1.548141,0.049373,19.418400,0
11.800000,-0.117955,0.088538,-0.028904,-0.160586,0.098458,1.548141,0.043770,18.230300,0
11.820000,-0.131699,0.085054,-0.016927,-0.157587,0.098526,1.548141,0.029183,19.421100,0
11.840000,-0.115536,0.087024,-0.023416,-0.154587,0.098594,1.548142,0.040728,18.910200,0
11.860000,-0.130530,0.087086,-0.021133,-0.151588,0.098662,1.548142,0.024031,19.268000,0
11.880000,-0.115189,0.090834,-0.026053,-0.148588,0.098730,1.548142,0.034320,19.261500,0
11.900000,-0.101588,0.087524,0.002258,-0.145589,0.098798,1.548142,0.045423,19.707100,0
11.920000,-0.094476,0.088279,-0.022793,-0.142590,0.098866,1.548142,0.049265,18.669400,0
11.940000,-0.101379,0.089074,-0.035428,-0.139590,0.098934,1.548142,0.039463,19.321500,0
11.960000,-0.118763,0.088366,0.037471,-0.136591,0.099002,1.548143,0.020760,18.877500,0
11.980000,-0.114781,0.085587,0.049173,-0.133592,0.099070,1.548143,0.023144,19.134100,0
12.000000,-0.104317,0.085473,0.045758,-0.130593,0.099138,1.548143,0.029617,19.098400,0
12.020000,-0.090198,0.088183,0.014187,-0.127593,0.099206,1.548143,0.038985,18.909800,0
12.040000,-0.087996,0.086493,0.026662,-0.124594,0.099274,1.548142,0.038766,19.088900,0
12.060000,-0.097337,0.085481,0.039440,-0.121595,0.099342,1.548142,0.027938,18.815700,0
12.080000,-0.087673,0.090380,0.039108,-0.118596,0.099410,1.548142,0.032215,19.294600,0
12.100000,-0.092954,0.087450,0.030567,-0.115596,0.099478,1.548142,0.025639,19.143400,0
12.120000,-0.098073,0.084227,0.055046,-0.112597,0.099545,1.548142,0.021109,19.132000,0
12.140000,-0.074275,0.087630,0.043885,-0.109598,0.099613,1.548142,0.037300,19.260700,0
12.160000,-0.081518,0.082930,0.065609,-0.106599,0.099681,1.548142,0.030161,20.495700,0
12.180000,-0.062368,0.087801,-0.001050,-0.103599,0.099749,1.548142,0.042927,19.390100,0
12.200000,-0.054178,0.087890,-0.036725,-0.100600,0.099817,1.548142,0.047930,19.439600,0
12.220000,-0.063442,0.089379,-0.028558,-0.097601,0.099885,1.548142,0.035738,23.189900,0
12.240000,-0.081149,0.087745,-0.030210,-0.094602,0.099953,1.548142,0.018166,19.241200,0
12.260000,-0.063411,0.088895,-0.026719,-0.091602,0.100021,1.548142,0.030307,19.000500,0
12.280000,-0.055403,0.086490,-0.055188,-0.088603,0.100089,1.548142,0.035878,19.709600,0
12.300000,-0.054170,0.088225,-0.001545,-0.085604,0.100157,1.548142,0.033623,19.388500,0
12.320000,-0.047844,0.087482,-0.028809,-0.082605,0.100225,1.548142,0.037023,19.403700,0
12.340000,-0.059200,0.087768,0.060292,-0.079605,0.100293,1.548142,0.023943,21.177800,0
12.360000,-0.039610,0.088763,0.032632,-0.076606,0.100361,1.548142,0.038772,18.996300,0
12.380000,-0.044377,0.088254,0.033363,-0.073607,0.100429,1.548142,0.031665,18.678500,0
12.400000,-0.040742,0.083729,0.047199,-0.070608,0.100497,1.548142,0.034251,22.144300,0
12.420000,-0.049433,0.089397,0.030781,-0.067609,0.100565,1.548142,0.021333,21.061300,0
12.440000,-0.052900,0.088817,0.044531,-0.064609,0.100633,1.548142,0.016635,23.262900,0
12.460000,-0.020245,0.086617,0.052181,-0.061610,0.100701,1.548142,0.043697,20.077900,0
12.480000,-0.040215,0.090165,0.046662,-0.058611,0.100769,1.548142,0.021234,20.730500,0
12.500000,-0.029621,0.085793,0.051464,-0.055612,0.100837,1.548142,0.030031,19.898600,0
12.520000,-0.047253,0.089850,-0.002767,-0.052612,0.100905,1.548142,0.012286,20.181900,0
12.540000,0.000895,0.086333,-0.024225,-0.049613,0.100973,1.548142,0.052587,19.903600,0
12.560000,-0.023005,0.085917,-0.033281,-0.046614,0.101040,1.548142,0.028038,20.469000,0
12.580000,-0.003062,0.084983,-0.022718,-0.043615,0.101108,1.548142,0.043642,19.601200,0
12.600000,-0.016638,0.085558,0.004467,-0.040615,0.101176,1.548142,0.028615,19.824900,0
12.620000,-0.016425,0.092136,-0.018105,-0.037616,0.101244,1.548142,0.023065,19.606200,0
12.640000,-0.006369,0.090072,-0.031632,-0.034617,0.101312,1.548142,0.030402,19.891200,0
12.660000,0.008523,0.084406,-0.027922,-0.031618,0.101380,1.548142,0.043582,19.797400,0
12.680000,0.002873,0.087457,-0.014769,-0.028619,0.101448,1.548142,0.034460,19.744300,0
12.700000,0.004603,0.087122,-0.031432,-0.025619,0.101516,1.548142,0.033475,19.946700,0
12.720000,0.015260,0.085559,-0.003694,-0.022620,0.101584,1.548142,0.041130,22.142900,0
12.740000,0.014545,0.086225,-0.017198,-0.019621,0.101652,1.548142,0.037487,20.667900,0
12.760000,0.051432,0.087263,-0.002596,-0.016622,0.101720,1.548142,0.069573,19.959300,0
12.780000,0.017672,0.086699,0.000204,-0.013622,0.101788,1.548142,0.034742,19.858700,0
12.800000,0.017682,0.087140,-0.020192,-0.010623,0.101856,1.548142,0.031902,19.881400,0
12.820000,0.029102,0.089357,0.005050,-0.007624,0.101924,1.548142,0.038817,20.484500,0
12.840000,0.033068,0.089543,0.025748,-0.004625,0.101992,1.548142,0.039695,20.505700,0
12.860000,0.024696,0.087196,0.061743,-0.001625,0.102060,1.548142,0.030228,19.908900,0
12.880000,0.009360,0.083713,0.027277,0.001374,0.102128,1.548142,0.020072,20.429100,0
12.900000,0.031548,0.084510,0.032745,0.004373,0.102196,1.548142,0.032424,20.445100,0
12.920000,0.034307,0.089156,0.035693,0.007372,0.102264,1.548142,0.029956,21.920400,0
12.940000,0.049754,0.089621,0.021602,0.010371,0.102332,1.548142,0.041383,21.083300,0
12.960000,0.050757,0.087946,0.035535,0.013371,0.102400,1.548142,0.040082,20.480100,0
12.980000,0.042518,0.089979,0.058989,0.016370,0.102468,1.548142,0.028977,20.363400,0
13.000000,0.046188,0.087294,0.014341,0.019369,0.102536,1.548142,0.030847,19.920500,0
13.020000,0.018186,0.088538,0.050023,0.022368,0.102603,1.548142,0.014674,19.920400,0
13.040000,0.056663,0.085849,0.025291,0.025368,0.102671,1.548142,0.035530,20.140500,0
13.060000,0.044402,0.090427,0.039978,0.028367,0.102739,1.548142,0.020217,19.749400,0
13.080000,0.061713,0.087639,0.035397,0.031366,0.102807,1.548142,0.033926,18.905800,0
13.100000,0.062096,0.084489,0.051924,0.034365,0.102875,1.548142,0.033272,19.515100,0
13.120000,0.067714,0.089182,-0.012046,0.037364,0.102943,1.548142,0.033324,19.405000,0
13.140000,0.078166,0.087559,-0.025741,0.040364,0.103011,1.548142,0.040838,20.446800,0
13.160000,0.082899,0.085716,-0.000073,0.043363,0.103079,1.548142,0.043181,19.699500,0
13.180000,0.087179,0.095728,-0.027343,0.046362,0.103147,1.548142,0.041486,19.013000,0
13.200000,0.084120,0.087815,-0.032314,0.049361,0.103215,1.548142,0.038017,19.739500,0
13.220000,0.068371,0.086083,0.019647,0.052361,0.103283,1.548142,0.023498,20.067100,0
13.240000,0.071361,0.086152,0.018415,0.055360,0.103351,1.548142,0.023491,19.335000,0
13.260000,0.073019,0.084947,0.054996,0.058359,0.103419,1.548142,0.023582,19.058100,0
13.280000,0.093754,0.087763,0.032751,0.061358,0.103487,1.548142,0.036010,18.804500,0
13.300000,0.055075,0.086953,-0.014860,0.064358,0.103555,1.548142,0.019021,20.741200,0
13.320000,0.102957,0.085713,-0.056105,0.067357,0.103623,1.548142,0.039852,19.827900,0
13.340000,0.121402,0.087278,-0.010300,0.070356,0.103691,1.548142,0.053620,18.813300,0
13.360000,0.116619,0.089505,-0.061354,0.073355,0.103759,1.548142,0.045552,19.425500,0
13.380000,0.081123,0.087420,0.039452,0.076354,0.103827,1.548142,0.017086,20.124900,0
13.400000,0.100315,0.088812,0.047098,0.079354,0.103895,1.548142,0.025824,19.743600,0
13.420000,0.121131,0.089571,0.031401,0.082353,0.103963,1.548142,0.041362,19.189100,0
13.440000,0.119585,0.088861,0.033350,0.085352,0.104031,1.548142,0.037444,19.615000,0
13.460000,0.118779,0.084116,0.044443,0.088351,0.104099,1.548142,0.036403,18.853900,0
13.480000,0.104528,0.089822,0.000598,0.091351,0.104166,1.548142,0.019478,19.319900,0
13.500000,0.125308,0.090137,-0.015882,0.094350,0.104234,1.548142,0.034017,19.817000,0
13.520000,0.139129,0.088453,-0.001539,0.097349,0.104302,1.548142,0.044686,18.990300,0
13.540000,0.150635,0.087006,-0.016502,0.100348,0.104370,1.548142,0.053201,20.038300,0
13.560000,0.137762,0.086766,-0.028481,0.103348,0.104438,1.548142,0.038686,18.889600,0
13.580000,0.128795,0.084500,-0.025009,0.106347,0.104506,1.548142,0.030069,19.658700,0
13.600000,0.133611,0.086657,-0.051113,0.109346,0.104574,1.548142,0.030163,19.947400,0
13.620000,0.151620,0.088424,-0.010519,0.112345,0.104642,1.548142,0.042492,17.364500,0
13.640000,0.163143,0.089361,-0.021677,0.115344,0.104710,1.548142,0.050203,17.483100,0
13.660000,0.142701,0.088710,-0.012180,0.118344,0.104778,1.548142,0.029180,18.309000,0
13.680000,0.149281,0.085520,-0.011121,0.121343,0.104846,1.548142,0.033972,18.604800,0
13.700000,0.166339,0.083788,-0.024130,0.124342,0.104914,1.548142,0.047011,19.129800,0
13.720000,0.164078,0.083123,-0.031559,0.127341,0.104982,1.548142,0.042748,18.662300,0
13.740000,0.179916,0.085316,0.013495,0.130341,0.105050,1.548142,0.053359,18.799900,0
13.760000,0.170290,0.088120,0.067852,0.133340,0.105118,1.548142,0.040672,19.361900,0
13.780000,0.158813,0.089018,0.004859,0.136339,0.105186,1.548142,0.027685,18.225400,0
13.800000,0.159368,0.090361,0.036573,0.139338,0.105254,1.548142,0.024960,19.021900,0
13.820000,0.173806,0.091273,0.062206,0.142338,0.105322,1.548142,0.034462,18.885600,0
13.840000,0.171120,0.085530,0.041205,0.145337,0.105390,1.548142,0.032545,18.865700,0
13.860000,0.174783,0.088682,0.065799,0.148336,0.105458,1.548142,0.031318,18.619300,0
13.880000,0.197124,0.087835,0.014341,0.151335,0.105526,1.548142,0.049088,17.866400,0
13.900000,0.198220,0.085481,0.041743,0.154334,0.105594,1.548142,0.048276,17.304000,0
13.920000,0.183262,0.086937,0.035015,0.157334,0.105662,1.548142,0.031982,17.809500,0
13.940000,0.193761,0.085579,0.005425,0.160333,0.105729,1.548142,0.039031,17.926200,0
13.960000,0.193306,0.087872,0.004551,0.163332,0.105797,1.548142,0.034925,18.148900,0
13.980000,0.197085,0.092005,-0.012017,0.166331,0.105865,1.548142,0.033733,17.618100,0
14.000000,0.202229,0.089118,-0.022532,0.169331,0.105933,1.548142,0.036946,18.380200,0
14.020000,0.204188,0.088031,-0.008696,0.172330,0.106001,1.548142,0.036577,18.596100,0
14.040000,0.188084,0.088767,-0.006048,0.175329,0.106069,1.548142,0.021495,18.833100,0
14.060000,0.180564,0.088597,0.044322,0.178328,0.106137,1.548142,0.017682,19.086300,0
14.080000,0.238099,0.083657,0.031152,0.181328,0.106205,1.548142,0.061085,19.676600,0
14.100000,0.213153,0.085564,0.030517,0.184327,0.106273,1.548142,0.035493,18.894800,0
14.120000,0.217092,0.086548,0.035444,0.187326,0.106341,1.548142,0.035746,19.371100,0
14.140000,0.200453,0.084137,0.011592,0.190325,0.106409,1.548142,0.024467,18.942600,0
14.160000,0.211407,0.083031,0.023127,0.193324,0.106477,1.548142,0.029609,18.631400,0
14.180000,0.210892,0.088716,0.055611,0.196324,0.106545,1.548142,0.023024,18.342600,0
14.200000,0.226281,0.086198,0.044192,0.199323,0.106613,1.548142,0.033816,18.245500,0
14.220000,0.252240,0.088556,-0.001698,0.202322,0.106681,1.548142,0.053107,18.225000,0
14.240000,0.232563,0.086755,-0.009214,0.205321,0.106749,1.548142,0.033791,18.318500,0
14.260000,0.238973,0.084513,-0.013641,0.208321,0.106817,1.548142,0.037907,18.964400,0
14.280000,0.248638,0.087324,-0.015402,0.211320,0.106885,1.548142,0.042133,18.545900,0
14.300000,0.241766,0.084165,-0.025168,0.214319,0.106953,1.548142,0.035673,19.135700,0
14.320000,0.245301,0.089771,-0.033374,0.217318,0.107021,1.548142,0.032873,19.474000,0
14.340000,0.262002,0.088505,-0.016833,0.220318,0.107089,1.548142,0.045639,18.828700,0
14.360000,0.259347,0.086740,-0.046113,0.223317,0.107157,1.548142,0.041413,19.041800,0
14.380000,0.241933,0.089069,0.013424,0.226316,0.107225,1.548142,0.023948,19.622600,0
14.400000,0.242508,0.084073,0.065582,0.229315,0.107292,1.548142,0.026706,19.242900,0
14.420000,0.271772,0.086078,0.032886,0.232314,0.107360,1.548142,0.044832,19.393200,0
14.440000,0.267188,0.086913,0.039005,0.235314,0.107428,1.548142,0.037905,17.496600,0
14.460000,0.253072,0.086485,0.051717,0.238313,0.107496,1.548142,0.025677,17.895900,0
14.480000,0.269543,0.087041,0.024622,0.241312,0.107564,1.548142,0.034902,18.639800,0
14.500000,0.277344,0.089939,0.030690,0.244311,0.107632,1.548142,0.037473,18.736100,0
14.520000,0.256799,0.087641,-0.000953,0.247311,0.107700,1.548142,0.022190,18.645700,0
14.540000,0.269274,0.088649,0.037354,0.250310,0.107768,1.548142,0.026929,19.211100,0
14.560000,0.278253,0.087183,0.047550,0.253309,0.107836,1.548142,0.032385,19.339200,0
14.580000,0.293482,0.088865,0.035324,0.256308,0.107904,1.548142,0.041766,18.884300,0
14.600000,0.298861,0.085917,0.045551,0.259308,0.107972,1.548142,0.045286,19.321000,0
14.620000,0.288438,0.088627,0.033983,0.262307,0.108040,1.548142,0.032553,19.100600,0
14.640000,0.301059,0.087032,0.004491,0.265306,0.108108,1.548142,0.041502,19.783100,0
14.660000,0.318590,0.086351,-0.052560,0.268305,0.108176,1.548142,0.054817,19.913600,0
14.680000,0.293082,0.089855,-0.038337,0.271304,0.108244,1.548142,0.028504,19.304300,0
14.700000,0.310942,0.090471,0.063874,0.274304,0.108312,1.548142,0.040751,19.391400,0
14.720000,0.291545,0.088916,0.028758,0.277303,0.108380,1.548142,0.024118,18.745300,0
14.740000,0.291735,0.086232,0.046389,0.280302,0.108448,1.548142,0.024985,19.591400,0
14.760000,0.319179,0.086529,0.016593,0.283301,0.108516,1.548142,0.042079,18.909100,0
14.780000,0.321540,0.082404,0.049268,0.286301,0.108584,1.548142,0.043900,18.406900,0
14.800000,0.321321,0.083688,0.049827,0.289300,0.108652,1.548142,0.040602,17.848600,0
14.820000,0.317535,0.084826,-0.022015,0.292299,0.108720,1.548142,0.034753,19.453700,0
14.840000,0.321897,0.088573,-0.020093,0.295298,0.108788,1.548142,0.033409,19.620500,0
14.860000,0.337269,0.089599,-0.041016,0.298298,0.108855,1.548142,0.043469,20.113700,0
14.880000,0.336465,0.084499,0.023899,0.301297,0.108923,1.548142,0.042817,19.887200,0
14.900000,0.330609,0.087460,0.061816,0.304296,0.108991,1.548142,0.034000,20.703900,0
14.920000,0.349782,0.091331,0.025373,0.307295,0.109059,1.548142,0.046037,20.152900,0
14.940000,0.333558,0.087591,0.023171,0.308210,0.109042,1.557778,0.033206,20.761300,0
14.960000,0.338305,0.089391,0.029996,0.308383,0.109040,1.577775,0.035797,21.269800,0
14.980000,0.315745,0.088637,-0.025068,0.308396,0.109039,1.595953,0.021686,19.771400,0
15.000000,0.346754,0.088149,-0.042194,0.308393,0.109038,1.613942,0.043680,17.189100,0
15.020000,0.330910,0.090223,-0.042449,0.308391,0.109037,1.631931,0.029344,17.357700,0
15.040000,0.355893,0.091488,-0.048174,0.308389,0.109036,1.649921,0.050642,17.827100,0
15.060000,0.330374,0.091484,-0.089401,0.308387,0.109035,1.667911,0.028134,17.769300,0
15.080000,0.339403,0.091744,-0.101665,0.308385,0.109034,1.685900,0.035512,18.327900,0
15.100000,0.325544,0.092930,-0.158565,0.308379,0.109033,1.703950,0.023536,18.269700,0
15.120000,0.332015,0.095811,-0.141150,0.308372,0.109032,1.722008,0.027088,17.978600,0
15.140000,0.356345,0.092595,-0.157812,0.310660,0.108660,1.729750,0.048427,19.151500,0
15.160000,0.343243,0.094113,-0.138301,0.313625,0.108183,1.729749,0.032790,18.457100,0
15.180000,0.326927,0.099454,-0.135117,0.316589,0.107706,1.729746,0.013228,18.822000,0
15.200000,0.349679,0.093087,-0.121369,0.319554,0.107230,1.729740,0.033280,18.986900,0
15.220000,0.339583,0.094853,-0.181248,0.322518,0.106754,1.729736,0.020805,18.916300,0
15.240000,0.343229,0.098159,-0.140334,0.325482,0.106279,1.729732,0.019516,18.828200,0
15.260000,0.354698,0.093141,-0.134299,0.328446,0.105804,1.729729,0.029147,18.811400,0
15.280000,0.360102,0.089920,-0.148762,0.331409,0.105329,1.729726,0.032569,18.959400,0
15.300000,0.390578,0.088104,-0.199487,0.334372,0.104854,1.729724,0.058649,19.406100,0
15.320000,0.371864,0.088389,-0.190546,0.337335,0.104379,1.729722,0.038052,19.010700,0
15.340000,0.386508,0.080799,-0.208168,0.340297,0.103904,1.729721,0.051666,18.952200,0
15.360000,0.386949,0.079153,-0.231604,0.343260,0.103429,1.729720,0.049981,19.538000,0
15.380000,0.363946,0.085321,-0.164141,0.346223,0.102955,1.729719,0.025001,19.518500,0
15.400000,0.372458,0.085490,-0.153404,0.349185,0.102480,1.729719,0.028815,19.338100,0
15.420000,0.379034,0.075803,-0.150066,0.352147,0.102005,1.729719,0.037542,19.887900,0
15.440000,0.411812,0.072861,-0.194492,0.355110,0.101530,1.729718,0.063537,19.005100,0
15.460000,0.402669,0.084181,-0.200867,0.358072,0.101056,1.729718,0.047683,19.325700,0
15.480000,0.383936,0.084866,-0.133807,0.361035,0.100581,1.729718,0.027775,17.836100,0
15.500000,0.363521,0.081313,-0.150442,0.363997,0.100106,1.729718,0.018799,17.502600,0
15.520000,0.395927,0.083755,-0.139146,0.366959,0.099632,1.729718,0.033034,18.273100,0
15.540000,0.420309,0.082347,-0.179173,0.369921,0.099157,1.729718,0.053118,18.791900,0
15.560000,0.411285,0.080077,-0.134286,0.372884,0.098682,1.729718,0.042670,18.010900,0
15.580000,0.396137,0.080967,-0.144155,0.373615,0.098599,1.741794,0.028603,18.289200,0
15.600000,0.400141,0.080572,-0.203253,0.373786,0.098569,1.761792,0.031913,19.493300,0
15.620000,0.413775,0.076236,-0.214526,0.373785,0.098569,1.779808,0.045803,19.667100,0
15.640000,0.402061,0.084907,-0.204008,0.373781,0.098568,1.797801,0.031407,19.803500,0
15.660000,0.391101,0.087185,-0.268502,0.373777,0.098568,1.815809,0.020729,19.996600,0
15.680000,0.399242,0.081664,-0.233897,0.373772,0.098567,1.833825,0.030569,21.624900,0
15.700000,0.386846,0.087175,-0.251685,0.373768,0.098566,1.851846,0.017343,19.957800,0
15.720000,0.416815,0.077815,-0.315820,0.373763,0.098565,1.869868,0.047791,17.729700,0
15.740000,0.404858,0.083968,-0.288475,0.373758,0.098564,1.887891,0.034355,17.238700,0
15.760000,0.397870,0.088325,-0.369835,0.373754,0.098564,1.905912,0.026199,18.124400,0
15.780000,0.400602,0.094162,-0.327735,0.373750,0.098563,1.923932,0.027210,18.745000,0
15.800000,0.410704,0.084306,-0.393697,0.373746,0.098561,1.941950,0.039612,18.604300,0
15.820000,0.406003,0.090220,-0.369421,0.373743,0.098560,1.959966,0.033321,18.396100,0
15.840000,0.390348,0.090345,-0.405244,0.373739,0.098559,1.977980,0.018529,18.921000,0
15.860000,0.404204,0.085318,-0.438710,0.373736,0.098558,1.995992,0.033220,18.677200,0
15.880000,0.395819,0.092129,-0.407251,0.373733,0.098557,2.014002,0.023002,19.108300,0
15.900000,0.407421,0.087691,-0.487168,0.373730,0.098556,2.032010,0.035400,18.875900,0
15.920000,0.403539,0.096721,-0.453615,0.373727,0.098555,2.050016,0.029869,19.286200,0
15.940000,0.394101,0.099998,-0.488466,0.373724,0.098554,2.068021,0.020428,19.331000,0
15.960000,0.401989,0.091916,-0.488561,0.376099,0.097264,2.071408,0.026436,19.851500,0
15.980000,0.411726,0.082774,-0.493915,0.378734,0.095821,2.071405,0.035478,19.484500,0
16.000000,0.413505,0.086033,-0.489076,0.381369,0.094379,2.071400,0.033202,17.281700,0
16.020000,0.420206,0.079757,-0.479859,0.384003,0.092938,2.071392,0.038527,18.977400,0
16.040000,0.417712,0.079752,-0.497241,0.386637,0.091498,2.071386,0.033221,20.387500,0
16.060000,0.430518,0.075103,-0.553521,0.389271,0.090057,2.071381,0.043874,20.713500,0
16.080000,0.441074,0.075921,-0.523729,0.391904,0.088617,2.071377,0.050782,20.112800,0
16.100000,0.436605,0.072804,-0.557166,0.394537,0.087177,2.071374,0.044456,20.685300,0
16.120000,0.435900,0.074179,-0.563281,0.397170,0.085737,2.071371,0.040418,19.883000,0
16.140000,0.454584,0.061734,-0.536942,0.399803,0.084297,2.071369,0.059246,20.746400,0
16.160000,0.439006,0.067458,-0.545317,0.402435,0.082857,2.071368,0.039680,20.523500,0
16.180000,0.455102,0.061279,-0.560660,0.405068,0.081417,2.071367,0.053935,20.755000,0
16.200000,0.435024,0.072106,-0.542542,0.407700,0.079977,2.071366,0.028435,20.479600,0
16.220000,0.456093,0.062339,-0.559108,0.410332,0.078537,2.071365,0.048543,21.126400,0
16.240000,0.442325,0.072667,-0.546876,0.412964,0.077098,2.071365,0.029694,18.596900,0
16.260000,0.429541,0.082130,-0.465716,0.415596,0.075658,2.071365,0.015374,17.598100,0
16.280000,0.447771,0.063499,-0.483628,0.418229,0.074218,2.071364,0.031427,17.838200,0
16.300000,0.441130,0.072445,-0.472184,0.420861,0.072778,2.071364,0.020272,17.646800,0
16.320000,0.446898,0.064833,-0.470983,0.423493,0.071339,2.071364,0.024292,18.570600,0
16.340000,0.446438,0.072175,-0.471378,0.426125,0.069899,2.071364,0.020440,18.703700,0
16.360000,0.463984,0.056137,-0.487705,0.428757,0.068459,2.071364,0.037320,17.889000,0
16.380000,0.457743,0.062589,-0.476916,0.431389,0.067019,2.071364,0.026724,18.384500,0
16.400000,0.475370,0.050509,-0.494829,0.434021,0.065580,2.071364,0.044010,19.275300,0
16.420000,0.468431,0.059174,-0.498343,0.434395,0.065374,2.087830,0.034596,19.009400,0
16.440000,0.462698,0.061549,-0.520671,0.434439,0.065348,2.106444,0.028513,18.939400,0
16.460000,0.453873,0.064199,-0.526390,0.434436,0.065349,2.124433,0.019471,19.343600,0
16.480000,0.471363,0.053305,-0.584512,0.434432,0.065350,2.142428,0.038846,18.489900,0
16.500000,0.464006,0.060579,-0.551232,0.434429,0.065350,2.160427,0.029960,19.429300,0
16.520000,0.454008,0.069955,-0.577258,0.434425,0.065350,2.178429,0.020117,19.617500,0
16.540000,0.472635,0.056249,-0.593216,0.434422,0.065350,2.196432,0.039282,19.131400,0
16.560000,0.469550,0.056392,-0.637267,0.434419,0.065350,2.214435,0.036255,19.043700,0
16.580000,0.451389,0.069595,-0.667543,0.434416,0.065349,2.232438,0.017496,18.433900,0
16.600000,0.456486,0.073125,-0.647602,0.434413,0.065349,2.250440,0.023402,25.023400,0
16.620000,0.476003,0.056928,-0.697452,0.434410,0.065348,2.268442,0.042437,20.768400,0
16.640000,0.474570,0.060823,-0.698908,0.436549,0.063554,2.270830,0.038119,23.295500,0
16.660000,0.484873,0.048394,-0.740150,0.438846,0.061618,2.270825,0.047889,21.052600,0
16.680000,0.490498,0.039170,-0.751649,0.441143,0.059683,2.270820,0.053448,18.987100,0
16.700000,0.485059,0.044785,-0.756095,0.443439,0.057749,2.270815,0.043593,19.112400,0
16.720000,0.497484,0.038266,-0.740975,0.445735,0.055815,2.270810,0.054644,19.523800,0
16.740000,0.494723,0.040436,-0.776181,0.448031,0.053881,2.270806,0.048589,19.369000,0
16.760000,0.498163,0.037871,-0.725031,0.450327,0.051948,2.270804,0.049865,19.129900,0
16.780000,0.500575,0.031108,-0.750023,0.452622,0.050015,2.270801,0.051546,19.150700,0
16.800000,0.499096,0.040260,-0.753998,0.454918,0.048082,2.270800,0.044865,19.516500,0
16.820000,0.511524,0.027121,-0.756924,0.457213,0.046149,2.270799,0.057547,18.187200,0
16.840000,0.504275,0.029042,-0.768022,0.459508,0.044216,2.270798,0.047269,18.029100,0
16.860000,0.493167,0.040603,-0.674483,0.461803,0.042283,2.270797,0.031409,18.224200,0
16.880000,0.486608,0.043140,-0.661695,0.464098,0.040350,2.270797,0.022682,20.529100,0
16.900000,0.511244,0.029277,-0.684613,0.466393,0.038418,2.270796,0.045773,20.980900,0
16.920000,0.499655,0.029598,-0.680032,0.468687,0.036485,2.270796,0.031724,20.551100,0
16.940000,0.513612,0.017538,-0.758311,0.470982,0.034552,2.270796,0.045900,19.614800,0
16.960000,0.526583,0.010134,-0.766433,0.473277,0.032619,2.270795,0.057854,19.058300,0
16.980000,0.510261,0.025863,-0.739125,0.475571,0.030687,2.270795,0.035023,18.394000,0
17.000000,0.505699,0.026147,-0.701249,0.475839,0.030461,2.288335,0.030170,18.914700,0
17.020000,0.509630,0.024727,-0.770626,0.475853,0.030446,2.306599,0.034258,18.147500,0
17.040000,0.519568,0.020016,-0.749774,0.475850,0.030448,2.324587,0.044946,18.004000,0
17.060000,0.516607,0.023697,-0.757338,0.475847,0.030449,2.342578,0.041315,18.564400,0
17.080000,0.516174,0.027632,-0.748558,0.475844,0.030450,2.360572,0.040429,18.583600,0
17.100000,0.517525,0.025325,-0.760938,0.475841,0.030450,2.378569,0.041998,19.609600,0
17.120000,0.510576,0.030455,-0.897167,0.475838,0.030451,2.396566,0.034738,18.594400,0
17.140000,0.518188,0.019910,-0.889475,0.475835,0.030451,2.414564,0.043645,18.156100,0
17.160000,0.509606,0.032778,-0.837902,0.475833,0.030450,2.432562,0.033854,19.092900,0
17.180000,0.497850,0.053443,-0.844095,0.475830,0.030450,2.450559,0.031837,19.225400,0
17.200000,0.513391,0.030889,-0.854157,0.475828,0.030450,2.468555,0.037565,18.955200,0
17.220000,0.520036,0.021878,-0.979649,0.475825,0.030449,2.486550,0.045034,19.209300,0
17.240000,0.522959,0.017116,-0.971213,0.475823,0.030449,2.504545,0.048985,18.999500,0
17.260000,0.529531,0.017314,-0.971222,0.475820,0.030449,2.522538,0.055294,18.637200,0
17.280000,0.536714,0.007242,-1.004440,0.477558,0.028362,2.522659,0.062814,18.931200,0
17.300000,0.516153,0.032562,-0.974516,0.479301,0.025915,2.522651,0.037447,19.348200,0
17.320000,0.528365,0.017796,-1.006838,0.481043,0.023469,2.522643,0.047661,18.528500,0
17.340000,0.533570,0.007489,-0.995238,0.482786,0.021023,2.522636,0.052556,17.609500,0
17.360000,0.514438,0.034357,-0.953409,0.484528,0.018579,2.522630,0.033817,17.224300,0
17.380000,0.517292,0.029393,-0.996282,0.486270,0.016134,2.522626,0.033737,18.146300,0
17.400000,0.533403,0.002093,-1.004577,0.488012,0.013690,2.522624,0.046849,18.140900,0
17.420000,0.543243,0.004114,-0.992133,0.489754,0.011246,2.522622,0.053962,18.731600,0
17.440000,0.539410,0.001005,-0.988211,0.491495,0.008802,2.522620,0.048545,19.572100,0
17.460000,0.531805,0.017104,-0.945325,0.491552,0.008480,2.539562,0.041166,18.783700,0
17.480000,0.541627,0.001202,-1.023811,0.491549,0.008483,2.557551,0.050605,18.815100,0
17.500000,0.535029,0.006237,-0.997352,0.491547,0.008485,2.575538,0.043540,18.377900,0
17.520000,0.531760,0.011382,-1.003259,0.491544,0.008487,2.593528,0.040320,18.796800,0
17.540000,0.527672,0.020377,-1.043005,0.491542,0.008488,2.611520,0.038036,19.420000,0
17.560000,0.534050,0.008954,-1.110943,0.491539,0.008489,2.629513,0.042513,18.643600,0
17.580000,0.525202,0.021996,-1.051336,0.491537,0.008490,2.647507,0.036273,19.063400,0
17.600000,0.538644,0.007698,-1.171036,0.491535,0.008491,2.665500,0.047116,19.534700,0
17.620000,0.537404,0.009514,-1.167172,0.491532,0.008491,2.683493,0.045883,19.985400,0
17.640000,0.534699,0.017953,-1.116321,0.491530,0.008491,2.701486,0.044194,19.434900,0
17.660000,0.544684,-0.004740,-1.206474,0.491528,0.008491,2.719478,0.054778,18.815900,0
17.680000,0.543428,-0.002705,-1.151011,0.491526,0.008491,2.737469,0.053096,19.171500,0
17.700000,0.538682,0.024761,-1.162605,0.491523,0.008491,2.755459,0.049887,19.016600,0
17.720000,0.540740,0.020015,-1.157310,0.491521,0.008491,2.773449,0.050550,18.919700,0
17.740000,0.532164,0.034250,-1.182386,0.491519,0.008491,2.791437,0.048120,19.528000,0
17.760000,0.539976,0.021334,-1.252075,0.491517,0.008491,2.809425,0.050132,18.478700,0
17.780000,0.544349,0.004572,-1.292622,0.492464,0.006247,2.810826,0.051912,18.481100,0
17.800000,0.538005,0.019475,-1.187099,0.493440,0.003407,2.810825,0.047373,19.802800,0
17.820000,0.544596,0.004537,-1.290927,0.494415,0.000566,2.810814,0.050338,19.285000,0
17.840000,0.550819,-0.001134,-1.274426,0.495391,-0.002274,2.810805,0.055440,18.997100,0
17.860000,0.550030,-0.015136,-1.263840,0.496367,-0.005114,2.810799,0.054591,19.681900,0
17.880000,0.552168,-0.025769,-1.279224,0.497342,-0.007952,2.810795,0.057648,19.506700,0
17.900000,0.554430,-0.020696,-1.282517,0.498317,-0.010791,2.810792,0.056981,18.735200,0
17.920000,0.550245,-0.023277,-1.295829,0.499292,-0.013629,2.810790,0.051859,18.693200,0
17.940000,0.559773,-0.045584,-1.306958,0.500268,-0.016468,2.810789,0.066247,19.810200,0
17.960000,0.549784,-0.019685,-1.287607,0.501242,-0.019306,2.810788,0.048543,18.832900,0
17.980000,0.556289,-0.042282,-1.285235,0.502217,-0.022143,2.810788,0.057700,19.168000,0
18.000000,0.553205,-0.017480,-1.266599,0.503192,-0.024981,2.810787,0.050572,19.198200,0
18.020000,0.555176,-0.023504,-1.281936,0.504167,-0.027819,2.810786,0.051191,17.390500,0
18.040000,0.561528,-0.052725,-1.305863,0.505141,-0.030656,2.810786,0.060552,17.779800,0
18.060000,0.554432,-0.017172,-1.257167,0.506116,-0.033494,2.810785,0.050998,18.621800,0
18.080000,0.561763,-0.041947,-1.288518,0.507091,-0.036331,2.810785,0.054959,19.059200,0
18.100000,0.565871,-0.038974,-1.276693,0.508065,-0.039169,2.810785,0.057806,19.660300,0
18.120000,0.564103,-0.065607,-1.290754,0.509040,-0.042006,2.810785,0.059907,18.701200,0
18.140000,0.569821,-0.069382,-1.299740,0.510014,-0.044844,2.810785,0.064645,19.127600,0
18.160000,0.562269,-0.042138,-1.289279,0.510070,-0.045354,2.826752,0.052298,19.463100,0
18.180000,0.558619,-0.038156,-1.229535,0.510043,-0.045457,2.845994,0.049122,19.029000,0
18.200000,0.566248,-0.062076,-1.387417,0.510041,-0.045453,2.863981,0.058614,19.293900,0
18.220000,0.569044,-0.066681,-1.343574,0.510039,-0.045451,2.881970,0.062708,19.713500,0
18.240000,0.564400,-0.045121,-1.330556,0.510037,-0.045449,2.899960,0.054364,19.517000,0
18.260000,0.561178,-0.030331,-1.324930,0.510035,-0.045448,2.917951,0.053331,19.868100,0
18.280000,0.558875,-0.017481,-1.330149,0.510033,-0.045446,2.935942,0.056281,17.559400,0
18.300000,0.566637,-0.039632,-1.421875,0.510031,-0.045445,2.953933,0.056903,17.891700,0
18.320000,0.560687,-0.030664,-1.381177,0.510029,-0.045445,2.971923,0.052770,18.976200,0
18.340000,0.564247,-0.030266,-1.407966,0.510027,-0.045444,2.989913,0.056304,19.849200,0
18.360000,0.560914,-0.013066,-1.397674,0.510397,-0.047736,2.997614,0.061269,19.783100,0
18.380000,0.566286,-0.032444,-1.388887,0.510827,-0.050708,2.997612,0.058389,19.445300,0
18.400000,0.564908,-0.035488,-1.441749,0.511256,-0.053681,2.997603,0.056653,20.936400,0
18.420000,0.560622,0.020507,-1.343201,0.511686,-0.056653,2.997596,0.091369,19.210100,0
18.440000,0.564432,-0.039451,-1.390081,0.512116,-0.059624,2.997592,0.056070,17.207600,0
18.460000,0.563821,-0.043931,-1.451597,0.512547,-0.062595,2.997588,0.054565,18.138800,0
18.480000,0.564762,-0.034997,-1.418220,0.512977,-0.065565,2.997585,0.060133,18.253200,0
18.500000,0.564571,-0.064104,-1.437142,0.513408,-0.068535,2.997584,0.051355,17.522600,0
18.520000,0.567277,-0.067477,-1.419593,0.513839,-0.071505,2.997583,0.053590,19.051200,0
18.540000,0.568660,-0.054387,-1.429467,0.513872,-0.072218,3.009962,0.057617,18.405000,0
18.560000,0.563739,-0.043574,-1.459628,0.513846,-0.072391,3.029964,0.057617,18.821800,0
18.580000,0.570466,-0.063633,-1.443537,0.513845,-0.072389,3.047967,0.057294,19.642400,0
18.600000,0.572014,-0.053337,-1.491031,0.513844,-0.072386,3.065954,0.061209,18.341500,0
18.620000,0.569210,-0.070862,-1.566973,0.513842,-0.072384,3.083943,0.055389,18.830300,0
18.640000,0.571256,-0.095331,-1.592553,0.513841,-0.072382,3.101931,0.061832,17.686800,0
18.660000,0.575287,-0.093606,-1.604272,0.513841,-0.072381,3.119920,0.065009,18.010900,0
18.680000,0.572361,-0.078512,-1.601138,0.513840,-0.072379,3.137909,0.058842,18.744400,0
18.700000,0.573256,-0.055241,-1.557329,0.513839,-0.072378,-3.127289,0.061839,19.542200,0
18.720000,0.576403,-0.065768,-1.624667,0.513838,-0.072378,-3.109302,0.062913,19.647600,0
18.740000,0.570623,-0.077332,-1.636449,0.513761,-0.074529,-3.099745,0.056931,17.557300,0
18.760000,0.568496,-0.127886,-1.720889,0.513633,-0.077530,-3.099748,0.074469,21.154200,0
18.780000,0.570484,-0.084040,-1.666321,0.513505,-0.080531,-3.099758,0.057087,18.855100,0
18.800000,0.571478,-0.096900,-1.667918,0.513379,-0.083531,-3.099764,0.059617,18.441700,0
18.820000,0.570217,-0.099987,-1.636964,0.513252,-0.086530,-3.099769,0.058533,18.674400,0
18.840000,0.565430,-0.093744,-1.648582,0.513126,-0.089530,-3.099773,0.052474,18.446700,0
18.860000,0.572124,-0.094788,-1.650204,0.513000,-0.092528,-3.099777,0.059168,18.741300,0
18.880000,0.574749,-0.098036,-1.629844,0.512875,-0.095527,-3.099780,0.061924,18.970600,0
18.900000,0.580493,-0.008503,-1.510060,0.512749,-0.098525,-3.099782,0.112664,19.448900,0
18.920000,0.571824,-0.087506,-1.607876,0.512623,-0.101523,-3.099784,0.060838,18.752100,0
18.940000,0.574774,-0.072715,-1.577181,0.512498,-0.104521,-3.099785,0.069928,19.882400,0
18.960000,0.572635,-0.133035,-1.638477,0.512372,-0.107519,-3.099786,0.065442,18.502400,0
18.980000,0.570684,-0.115601,-1.645053,0.512247,-0.110516,-3.099787,0.058658,19.719800,0
19.000000,0.569110,-0.130696,-1.665662,0.512121,-0.113514,-3.099788,0.059522,18.765800,0
19.020000,0.570064,-0.135135,-1.639623,0.511996,-0.116512,-3.099788,0.060981,19.492300,0
19.040000,0.572390,-0.129454,-1.628815,0.511871,-0.119509,-3.099788,0.061330,18.494000,0
19.060000,0.569536,-0.131901,-1.641275,0.511745,-0.122507,-3.099789,0.058549,18.760700,0
19.080000,0.573652,-0.139182,-1.652899,0.511620,-0.125504,-3.099789,0.063522,19.274300,0
19.100000,0.572715,-0.121626,-1.644970,0.511495,-0.128502,-3.099789,0.061605,18.667800,0
19.120000,0.569995,-0.135112,-1.640808,0.511369,-0.131499,-3.099789,0.058737,19.049300,0
19.140000,0.571401,-0.136245,-1.637648,0.511244,-0.134497,-3.099789,0.060183,19.127700,0
19.160000,0.567761,-0.148939,-1.654938,0.511119,-0.137494,-3.099789,0.057787,19.030200,0
19.180000,0.566980,-0.168505,-1.675136,0.510993,-0.140492,-3.099789,0.062604,17.999300,0
19.200000,0.569296,-0.133943,-1.652550,0.510868,-0.143489,-3.099789,0.059203,18.254800,0
19.220000,0.571187,-0.153951,-1.652939,0.510743,-0.146486,-3.099789,0.060903,17.294300,0
19.240000,0.568901,-0.146765,-1.654784,0.510617,-0.149484,-3.099789,0.058347,17.336200,0
19.260000,0.570988,-0.146978,-1.646093,0.510492,-0.152481,-3.099789,0.060746,18.282500,0
19.280000,0.567184,-0.162507,-1.675032,0.510367,-0.155479,-3.099789,0.057250,18.278300,0
19.300000,0.566925,-0.176143,-1.659490,0.510241,-0.158476,-3.099789,0.059373,18.254800,0
19.320000,0.567556,-0.173901,-1.678954,0.510116,-0.161473,-3.099789,0.058769,18.599000,0
19.340000,0.566227,-0.174122,-1.609503,0.509991,-0.164471,-3.099789,0.057058,18.624600,0
19.360000,0.570880,-0.136698,-1.592354,0.509865,-0.167468,-3.099789,0.068335,19.065400,0
19.380000,0.571418,-0.149742,-1.629860,0.509836,-0.168359,-3.089823,0.064335,19.087700,0
19.400000,0.568493,-0.158583,-1.672368,0.509826,-0.168532,-3.069826,0.059504,19.253000,0
19.420000,0.567974,-0.148942,-1.637575,0.509825,-0.168538,-3.051727,0.061362,19.386100,0
19.440000,0.571395,-0.133915,-1.658415,0.509825,-0.168535,-3.033739,0.070636,18.780400,0
19.460000,0.576126,-0.147467,-1.710399,0.509824,-0.168532,-3.015749,0.069568,18.413500,0
19.480000,0.576874,-0.149536,-1.699514,0.509517,-0.170798,-3.007673,0.070633,16.888000,0
19.500000,0.570241,-0.145886,-1.688061,0.509114,-0.173773,-3.007674,0.067188,17.748300,0
19.520000,0.576249,-0.144605,-1.673195,0.508711,-0.176748,-3.007676,0.074797,17.867900,0
19.540000,0.567595,-0.173469,-1.676459,0.508309,-0.179723,-3.007678,0.059615,18.700500,0
19.560000,0.570239,-0.167740,-1.695138,0.507907,-0.182697,-3.007680,0.064101,18.947600,0
19.580000,0.571181,-0.184784,-1.693291,0.507506,-0.185672,-3.007682,0.063681,19.236300,0
19.600000,0.566925,-0.190813,-1.686510,0.507105,-0.188646,-3.007684,0.059859,18.705400,0
19.620000,0.568868,-0.174794,-1.691183,0.506704,-0.191620,-3.007685,0.064401,19.350000,0
19.640000,0.570401,-0.175213,-1.715188,0.506303,-0.194594,-3.007686,0.066964,18.999800,0
19.660000,0.576322,-0.155632,-1.689965,0.505902,-0.197567,-3.007686,0.081960,19.138800,0
19.680000,0.564312,-0.192468,-1.698068,0.505502,-0.200541,-3.007687,0.059362,18.897300,0
19.700000,0.565264,-0.189902,-1.694487,0.505101,-0.203514,-3.007687,0.061684,18.246000,0
19.720000,0.567026,-0.190255,-1.696312,0.504701,-0.206488,-3.007688,0.064405,18.640200,0
19.740000,0.565323,-0.183612,-1.675209,0.504300,-0.209461,-3.007688,0.066272,18.910100,0
19.760000,0.564466,-0.204730,-1.715315,0.503900,-0.212434,-3.007688,0.061054,19.223800,0
19.780000,0.565150,-0.192455,-1.687631,0.503499,-0.215408,-3.007688,0.065785,19.759600,0
19.800000,0.559297,-0.235040,-1.738210,0.503099,-0.218381,-3.007688,0.058615,18.850600,0
19.820000,0.565255,-0.202517,-1.718382,0.502698,-0.221354,-3.007689,0.065332,18.968500,0
19.840000,0.570505,-0.200047,-1.697351,0.502298,-0.224327,-3.007689,0.072400,18.731800,0
19.860000,0.569217,-0.198972,-1.700729,0.501897,-0.227300,-3.007689,0.073038,19.413600,0
19.880000,0.562241,-0.209605,-1.689439,0.501497,-0.230274,-3.007689,0.064164,18.832400,0
19.900000,0.563716,-0.205299,-1.668213,0.501096,-0.233247,-3.007689,0.068573,19.338100,0
19.920000,0.558980,-0.229892,-1.667592,0.500696,-0.236220,-3.007689,0.058627,18.931000,0
19.940000,0.560748,-0.215837,-1.688481,0.500295,-0.239193,-3.007689,0.064808,18.934800,0
19.960000,0.561695,-0.210925,-1.674173,0.500220,-0.239956,-2.996014,0.067985,19.187100,0
19.980000,0.561209,-0.220639,-1.722378,0.500195,-0.240127,-2.976016,0.064050,18.535400,0
20.000000,0.561599,-0.212111,-1.747138,0.500194,-0.240127,-2.957988,0.067494,19.362800,0
20.020000,0.562519,-0.217931,-1.762284,0.500194,-0.240123,-2.939993,0.066158,20.031900,0
20.040000,0.561473,-0.234778,-1.778590,0.500193,-0.240119,-2.921981,0.061513,20.610200,0
20.060000,0.567545,-0.225040,-1.801521,0.500192,-0.240114,-2.903960,0.069019,20.074800,0
20.080000,0.568529,-0.222590,-1.847041,0.500191,-0.240109,-2.885935,0.070548,20.513500,0
20.100000,0.563286,-0.248065,-1.855421,0.500191,-0.240104,-2.867908,0.063595,20.923100,0
20.120000,0.562032,-0.235375,-1.857807,0.500190,-0.240099,-2.849882,0.062022,20.142200,0
20.140000,0.568672,-0.229147,-1.856326,0.499441,-0.242491,-2.844195,0.070505,20.110200,0
20.160000,0.573854,-0.209436,-1.831319,0.498559,-0.245362,-2.844192,0.083427,20.484600,0
20.180000,0.563639,-0.235671,-1.846125,0.497679,-0.248233,-2.844195,0.067145,20.813600,0
20.200000,0.560383,-0.234624,-1.808701,0.496798,-0.251103,-2.844199,0.065685,21.368700,0
20.220000,0.560379,-0.252273,-1.918032,0.495918,-0.253973,-2.844203,0.064483,21.298500,0
20.240000,0.553599,-0.270666,-1.927067,0.495038,-0.256843,-2.844206,0.060170,19.958100,0
20.260000,0.554010,-0.268513,-1.883782,0.494159,-0.259713,-2.844209,0.060494,20.347300,0
20.280000,0.548897,-0.288855,-1.917836,0.493279,-0.262582,-2.844211,0.061511,21.433000,0
20.300000,0.551100,-0.268027,-1.906896,0.492400,-0.265451,-2.844213,0.058756,21.282600,0
20.320000,0.549970,-0.287057,-1.889717,0.491521,-0.268320,-2.844214,0.061379,22.200500,0
20.340000,0.546595,-0.284746,-1.904272,0.490642,-0.271189,-2.844216,0.057572,20.947600,0
20.360000,0.549639,-0.274934,-1.904350,0.489763,-0.274057,-2.844216,0.059882,21.031700,0
20.380000,0.546441,-0.286788,-1.908279,0.488884,-0.276926,-2.844217,0.058395,21.975300,0
20.400000,0.556490,-0.264057,-1.856770,0.488005,-0.279795,-2.844217,0.070270,21.438500,0
20.420000,0.552009,-0.271063,-1.849736,0.487126,-0.282663,-2.844218,0.065912,20.937700,0
20.440000,0.551903,-0.277518,-1.890628,0.486247,-0.285532,-2.844218,0.066143,21.251300,0
20.460000,0.548682,-0.286570,-1.918325,0.485368,-0.288400,-2.844218,0.063340,21.521200,0
20.480000,0.543784,-0.293724,-1.945364,0.484489,-0.291269,-2.844218,0.059345,20.941700,0
20.500000,0.555711,-0.265982,-1.853670,0.483610,-0.294137,-2.844218,0.077403,18.837900,0
20.520000,0.554110,-0.269143,-1.848349,0.482731,-0.297006,-2.844218,0.076625,20.370800,0
20.540000,0.553029,-0.275109,-1.837275,0.481852,-0.299874,-2.844218,0.075362,20.803700,0
20.560000,0.551463,-0.284846,-1.871051,0.480973,-0.302742,-2.844218,0.072726,21.855400,0
20.580000,0.551042,-0.278687,-1.869909,0.480094,-0.305611,-2.844218,0.075885,21.326100,0
20.600000,0.550002,-0.290109,-1.853496,0.479215,-0.308479,-2.844218,0.073132,21.105500,0
20.620000,0.545646,-0.291409,-1.867986,0.478336,-0.311347,-2.844218,0.070201,20.100900,0
20.640000,0.550944,-0.284572,-1.840435,0.477456,-0.314216,-2.844218,0.079241,18.018700,0
20.660000,0.540666,-0.314884,-1.831987,0.476577,-0.317084,-2.844218,0.064127,17.839200,0
20.680000,0.543961,-0.294364,-1.837733,0.475698,-0.319952,-2.844218,0.072901,18.404600,0
20.700000,0.536838,-0.320567,-1.877435,0.474819,-0.322821,-2.844218,0.062060,18.586900,0
20.720000,0.521047,-0.377826,-2.006539,0.473940,-0.325689,-2.844218,0.070266,19.299000,0
20.740000,0.541269,-0.317636,-1.899706,0.473061,-0.328557,-2.844218,0.069077,18.157100,0
20.760000,0.531973,-0.339653,-1.903734,0.472182,-0.331426,-2.844218,0.060354,17.119100,0
20.780000,0.528753,-0.343866,-1.906239,0.471303,-0.334294,-2.844218,0.058242,17.119800,0
20.800000,0.527319,-0.355364,-1.911744,0.470424,-0.337162,-2.844218,0.059736,17.512800,0
20.820000,0.529454,-0.349500,-1.917525,0.469545,-0.340031,-2.844218,0.060653,17.646800,0
20.840000,0.530997,-0.343178,-1.912481,0.468666,-0.342899,-2.844218,0.062331,17.810000,0
20.860000,0.528353,-0.343070,-1.908325,0.467787,-0.345767,-2.844218,0.060626,20.698700,0
20.880000,0.527485,-0.347751,-1.935910,0.466908,-0.348636,-2.844218,0.060583,20.258500,0
20.900000,0.518587,-0.361588,-1.913018,0.466029,-0.351504,-2.844218,0.053516,20.630200,0
20.920000,0.522522,-0.361236,-1.922497,0.465150,-0.354372,-2.844218,0.057781,20.052400,0
20.940000,0.531376,-0.342653,-1.874461,0.464271,-0.357241,-2.844218,0.068672,20.050100,0
20.960000,0.527521,-0.353475,-1.858528,0.463392,-0.360109,-2.844218,0.064471,19.520900,0
20.980000,0.526641,-0.359965,-1.846711,0.462513,-0.362977,-2.844218,0.064199,19.964200,0
21.000000,0.529091,-0.335586,-1.865606,0.461634,-0.365846,-2.844218,0.073933,21.562400,0
21.020000,0.521690,-0.365207,-1.847388,0.460755,-0.368714,-2.844218,0.061036,21.841100,0
21.040000,0.526651,-0.341115,-1.891387,0.459876,-0.371582,-2.844218,0.073397,23.382300,0
21.060000,0.523321,-0.368577,-1.945123,0.458997,-0.374451,-2.844218,0.064592,21.960200,0
21.080000,0.511879,-0.389425,-1.915433,0.458118,-0.377319,-2.844218,0.055107,23.273600,0
21.100000,0.515599,-0.378382,-1.912256,0.457239,-0.380187,-2.844218,0.058388,22.131100,0
21.120000,0.515548,-0.391297,-1.909367,0.456360,-0.383056,-2.844218,0.059759,22.163500,0
21.140000,0.515210,-0.385593,-1.899300,0.455481,-0.385924,-2.844218,0.059730,21.306000,0
21.160000,0.512045,-0.397799,-1.915563,0.454602,-0.388792,-2.844218,0.058145,21.219400,0
21.180000,0.508684,-0.407209,-1.907823,0.453723,-0.391661,-2.844218,0.057118,20.764000,0
21.200000,0.510996,-0.398841,-1.911319,0.452844,-0.394529,-2.844218,0.058311,18.032100,0
21.220000,0.509742,-0.401223,-1.905967,0.451965,-0.397397,-2.844218,0.057903,18.055400,0
21.240000,0.505880,-0.408806,-1.938531,0.451086,-0.400266,-2.844218,0.055455,18.475800,0
21.260000,0.501890,-0.418961,-1.930725,0.450207,-0.403134,-2.844218,0.054052,18.439200,0
21.280000,0.503617,-0.406803,-1.926863,0.449327,-0.406002,-2.844218,0.054296,18.234800,0
21.300000,0.519997,-0.377423,-1.834562,0.448448,-0.408871,-2.844218,0.078155,18.460200,0
21.320000,0.511859,-0.402440,-1.850490,0.447569,-0.411739,-2.844218,0.064959,19.129700,0
21.340000,0.512275,-0.402824,-1.843995,0.446690,-0.414607,-2.844218,0.066635,18.982400,0
21.360000,0.510971,-0.402482,-1.828987,0.445811,-0.417476,-2.844218,0.066863,18.905500,0
21.380000,0.505887,-0.403949,-1.908155,0.444932,-0.420344,-2.844218,0.063121,18.964000,0
21.400000,0.502280,-0.422981,-1.906581,0.444053,-0.423212,-2.844218,0.058228,18.961200,0
21.420000,0.499287,-0.436120,-1.903210,0.443174,-0.426081,-2.844218,0.057004,19.335800,0
21.440000,0.503523,-0.426239,-1.866241,0.443066,-0.426669,-2.830387,0.060458,18.692400,0
21.460000,0.505589,-0.403067,-1.867824,0.443026,-0.426791,-2.810903,0.066910,19.028200,0
21.480000,0.498556,-0.431757,-1.981278,0.443027,-0.426789,-2.792893,0.055751,18.192500,0
21.500000,0.496745,-0.429527,-1.960453,0.443027,-0.426784,-2.774886,0.053788,19.987700,0
21.520000,0.508012,-0.410128,-1.945873,0.443026,-0.426779,-2.756874,0.067085,19.498900,0
21.540000,0.506236,-0.424273,-2.039831,0.443026,-0.426775,-2.738859,0.063260,19.468100,0
21.560000,0.497291,-0.440284,-2.049353,0.443025,-0.426770,-2.720844,0.055923,17.428100,0
21.580000,0.504676,-0.428996,-2.033665,0.441945,-0.429181,-2.716779,0.062731,18.097700,0
21.600000,0.517052,-0.404028,-1.938143,0.440706,-0.431917,-2.716777,0.081280,18.732500,0
21.620000,0.497742,-0.445733,-1.987133,0.439468,-0.434653,-2.716779,0.059318,19.308200,0
21.640000,0.492638,-0.449476,-2.008402,0.438230,-0.437388,-2.716783,0.055735,18.632200,0
21.660000,0.497740,-0.450934,-1.984864,0.436993,-0.440123,-2.716786,0.061702,18.804600,0
21.680000,0.502157,-0.441440,-1.984429,0.435755,-0.442857,-2.716788,0.066418,18.105500,0
21.700000,0.501231,-0.442416,-1.959150,0.434519,-0.445592,-2.716790,0.066787,19.067600,0
21.720000,0.497926,-0.438851,-1.992046,0.433282,-0.448326,-2.716791,0.065335,19.562600,0
21.740000,0.487791,-0.464481,-2.021264,0.432045,-0.451060,-2.716793,0.057339,19.977100,0
21.760000,0.486360,-0.460593,-2.015737,0.430808,-0.453794,-2.716794,0.055967,20.633400,0
21.780000,0.481248,-0.458036,-2.014037,0.429572,-0.456528,-2.716794,0.051698,21.778600,0
21.800000,0.494372,-0.442051,-1.975216,0.428335,-0.459261,-2.716795,0.068242,20.146800,0
21.820000,0.498710,-0.445302,-1.989427,0.428138,-0.459697,-2.701032,0.072025,20.453500,0
21.840000,0.492767,-0.449733,-2.080784,0.428105,-0.459765,-2.682142,0.065436,20.498800,0
21.860000,0.488662,-0.456563,-2.093080,0.428106,-0.459761,-2.664151,0.060640,20.097400,0
21.880000,0.482727,-0.452477,-2.083715,0.428106,-0.459758,-2.646156,0.055104,20.367400,0
21.900000,0.496157,-0.446923,-2.063885,0.428107,-0.459754,-2.628156,0.069249,20.735000,0
21.920000,0.492603,-0.454208,-2.130900,0.428106,-0.459751,-2.610153,0.064734,20.549700,0
21.940000,0.492739,-0.456840,-2.105746,0.428106,-0.459747,-2.592149,0.064699,20.589300,0
21.960000,0.498202,-0.450056,-2.125297,0.428106,-0.459744,-2.574143,0.070762,18.847700,0
21.980000,0.500914,-0.453973,-2.125395,0.428105,-0.459741,-2.556138,0.073037,17.667900,0
22.000000,0.498790,-0.446671,-2.156367,0.428105,-0.459738,-2.538134,0.071883,18.104300,0
22.020000,0.493233,-0.460369,-2.251274,0.428104,-0.459735,-2.520130,0.065132,19.817000,0
22.040000,0.491698,-0.466910,-2.236383,0.428103,-0.459732,-2.502128,0.063999,20.349500,0
22.060000,0.502289,-0.452086,-2.214552,0.428103,-0.459729,-2.484126,0.074578,19.413900,0
22.080000,0.498783,-0.455968,-2.295671,0.428102,-0.459727,-2.466126,0.070781,17.732300,0
22.100000,0.507526,-0.449121,-2.270873,0.428101,-0.459724,-2.448127,0.080129,18.360100,0
22.120000,0.493600,-0.463829,-2.309048,0.428100,-0.459722,-2.430129,0.065629,18.461400,0
22.140000,0.500622,-0.453328,-2.294356,0.428099,-0.459720,-2.412132,0.072804,18.386000,0
22.160000,0.493324,-0.468571,-2.304776,0.428099,-0.459717,-2.394136,0.065823,18.472700,0
22.180000,0.505302,-0.452599,-2.328472,0.428098,-0.459715,-2.376141,0.077531,18.790400,0
22.200000,0.492578,-0.468996,-2.345283,0.428097,-0.459713,-2.358147,0.065146,19.607500,0
22.220000,0.509475,-0.449569,-2.339526,0.428096,-0.459711,-2.340154,0.082009,19.556800,0
22.240000,0.496754,-0.467382,-2.439281,0.428095,-0.459709,-2.322161,0.069086,18.651800,0
22.260000,0.504405,-0.462220,-2.396926,0.428094,-0.459707,-2.304169,0.076352,18.552700,0
22.280000,0.502775,-0.460521,-2.420610,0.428094,-0.459705,-2.286177,0.074685,19.125200,0
22.300000,0.486188,-0.476648,-2.521481,0.428093,-0.459703,-2.268186,0.060515,19.353600,0
22.320000,0.493203,-0.470966,-2.515928,0.428092,-0.459701,-2.250195,0.066079,18.584400,0
22.340000,0.500239,-0.462138,-2.497836,0.426020,-0.461545,-2.249426,0.074221,18.369900,0
22.360000,0.496626,-0.466199,-2.491205,0.423681,-0.463431,-2.249433,0.072997,19.269700,0
22.380000,0.486334,-0.470243,-2.517574,0.421343,-0.465317,-2.249443,0.065177,19.307100,0
22.400000,0.483012,-0.480860,-2.536172,0.419006,-0.467202,-2.249451,0.065447,18.904600,0
22.420000,0.491693,-0.475041,-2.516488,0.416669,-0.469087,-2.249458,0.075260,19.205200,0
22.440000,0.491476,-0.474951,-2.506884,0.414333,-0.470972,-2.249462,0.077245,18.905300,0
22.460000,0.487617,-0.470741,-2.510483,0.411997,-0.472857,-2.249465,0.075650,19.325600,0
22.480000,0.480234,-0.482602,-2.485968,0.409661,-0.474741,-2.249468,0.071009,18.647700,0
22.500000,0.470094,-0.488243,-2.521984,0.407325,-0.476625,-2.249469,0.063835,17.986000,0
22.520000,0.470056,-0.489094,-2.515283,0.404990,-0.478509,-2.249471,0.065921,16.728800,0
22.540000,0.478597,-0.483616,-2.501503,0.402654,-0.480393,-2.249471,0.076012,18.479300,0
22.560000,0.468882,-0.490603,-2.499097,0.400319,-0.482277,-2.249472,0.069067,18.243500,0
22.580000,0.496583,-0.462630,-2.414755,0.397983,-0.484161,-2.249473,0.100923,18.160700,0
22.600000,0.474209,-0.484977,-2.427727,0.395648,-0.486044,-2.249473,0.078569,17.460800,0
22.620000,0.467633,-0.491762,-2.493733,0.393313,-0.487928,-2.249474,0.074418,17.790100,0
22.640000,0.460062,-0.501942,-2.486881,0.390977,-0.489811,-2.249474,0.070142,18.459000,0
22.660000,0.457444,-0.500588,-2.493171,0.388642,-0.491695,-2.249475,0.069375,19.290600,0
22.680000,0.449573,-0.503330,-2.514072,0.386307,-0.493578,-2.249475,0.064013,18.865200,0
22.700000,0.448766,-0.505685,-2.516929,0.383972,-0.495462,-2.249475,0.065596,18.341900,0
22.720000,0.458792,-0.497491,-2.426896,0.381636,-0.497345,-2.249475,0.077156,19.151000,0
22.740000,0.453603,-0.497499,-2.434294,0.379301,-0.499228,-2.249475,0.074322,20.486500,0
22.760000,0.445518,-0.508647,-2.434591,0.376966,-0.501112,-2.249475,0.068964,19.193500,0
22.780000,0.453322,-0.498071,-2.440532,0.374631,-0.502995,-2.249475,0.078845,19.018200,0
22.800000,0.452724,-0.501118,-2.463744,0.372295,-0.504878,-2.249475,0.080516,18.412100,0
22.820000,0.461131,-0.494298,-2.441556,0.369960,-0.506762,-2.249475,0.092019,19.592800,0
22.840000,0.446604,-0.502592,-2.444449,0.367625,-0.508645,-2.249475,0.079211,19.835800,0
22.860000,0.423298,-0.522350,-2.557250,0.365290,-0.510528,-2.249475,0.059200,18.760500,0
22.880000,0.448944,-0.502947,-2.413009,0.362955,-0.512412,-2.249475,0.086509,18.931000,0
22.900000,0.424857,-0.519437,-2.463698,0.362675,-0.512612,-2.232048,0.062556,19.245500,0
22.920000,0.441119,-0.511335,-2.484712,0.362667,-0.512616,-2.213917,0.078463,19.150200,0
22.940000,0.425959,-0.524430,-2.558010,0.362670,-0.512613,-2.195929,0.064382,17.889600,0
22.960000,0.450457,-0.512876,-2.516533,0.362671,-0.512610,-2.177937,0.087787,16.961900,0
22.980000,0.430997,-0.522838,-2.535174,0.362673,-0.512607,-2.159943,0.069085,17.523000,0
23.000000,0.451936,-0.510163,-2.540575,0.362673,-0.512605,-2.141948,0.089297,18.038100,0
23.020000,0.435028,-0.518287,-2.663142,0.362674,-0.512602,-2.123952,0.072577,18.400400,0
23.040000,0.428157,-0.522772,-2.660981,0.362674,-0.512599,-2.105957,0.066269,18.659400,0
23.060000,0.418259,-0.529736,-2.683230,0.362675,-0.512597,-2.087962,0.058166,19.147300,0
23.080000,0.457690,-0.513899,-2.620873,0.362675,-0.512594,-2.069968,0.095024,18.564700,0
23.100000,0.410188,-0.535853,-2.718757,0.362675,-0.512592,-2.051975,0.052901,17.916600,0
23.120000,0.464093,-0.512655,-2.637579,0.362674,-0.512589,-2.033983,0.101419,20.022100,0
23.140000,0.402683,-0.537137,-2.765233,0.362674,-0.512587,-2.015991,0.046941,20.271300,0
23.160000,0.443201,-0.527032,-2.741446,0.362674,-0.512585,-1.998000,0.081812,20.291400,0
23.180000,0.421441,-0.534124,-2.780912,0.360494,-0.513827,-1.997921,0.064237,23.073700,0
23.200000,0.406902,-0.533972,-2.769060,0.357761,-0.515072,-1.997926,0.052650,21.094400,0
23.220000,0.424247,-0.526754,-2.755655,0.355027,-0.516316,-1.997936,0.070003,19.187900,0
23.240000,0.446478,-0.517252,-2.679676,0.352294,-0.517561,-1.997944,0.094184,19.271300,0
23.260000,0.425638,-0.529510,-2.699092,0.349562,-0.518805,-1.997949,0.076826,18.806100,0
23.280000,0.429393,-0.525919,-2.706165,0.346830,-0.520049,-1.997953,0.082772,18.901700,0
23.300000,0.426047,-0.524977,-2.719773,0.344099,-0.521293,-1.997956,0.082031,18.801400,0
23.320000,0.427281,-0.521662,-2.693725,0.341367,-0.522537,-1.997957,0.085918,19.148300,0
23.340000,0.385390,-0.542099,-2.803552,0.338636,-0.523780,-1.997958,0.050215,19.194600,0
23.360000,0.414222,-0.531277,-2.698733,0.335905,-0.525024,-1.997959,0.078566,18.898700,0
23.380000,0.413650,-0.532759,-2.699634,0.333174,-0.526267,-1.997960,0.080737,18.795100,0
23.400000,0.422161,-0.530421,-2.665123,0.330443,-0.527510,-1.997960,0.091764,18.781300,0
23.420000,0.421051,-0.527833,-2.688484,0.327713,-0.528753,-1.997961,0.093343,18.452700,0
23.440000,0.407665,-0.534779,-2.658670,0.324982,-0.529997,-1.997961,0.082821,18.765000,0
23.460000,0.395847,-0.542649,-2.699886,0.322252,-0.531240,-1.997962,0.074474,19.173700,0
23.480000,0.394939,-0.540203,-2.695435,0.319521,-0.532483,-1.997962,0.075812,18.557900,0
23.500000,0.386171,-0.546111,-2.706953,0.316791,-0.533726,-1.997962,0.070476,19.008500,0
23.520000,0.394931,-0.540191,-2.687312,0.314060,-0.534969,-1.997962,0.081040,18.220500,0
23.540000,0.395777,-0.542234,-2.724658,0.313588,-0.534974,-1.980198,0.082509,17.928900,0
23.560000,0.392655,-0.543465,-2.782013,0.313523,-0.534968,-1.961369,0.079587,18.360900,0
23.580000,0.404776,-0.536163,-2.714618,0.313525,-0.534966,-1.943381,0.091259,17.848300,0
23.600000,0.382636,-0.548611,-2.865750,0.313528,-0.534963,-1.925392,0.070443,18.054600,0
23.620000,0.368138,-0.550729,-2.867656,0.313529,-0.534961,-1.907402,0.056840,18.074500,0
23.640000,0.373195,-0.553412,-2.867037,0.313531,-0.534959,-1.889410,0.062452,18.311100,0
23.660000,0.394342,-0.546516,-2.829477,0.313531,-0.534957,-1.871419,0.081633,18.968300,0
23.680000,0.382686,-0.548538,-2.825192,0.313532,-0.534955,-1.853427,0.070475,18.663000,0
23.700000,0.410721,-0.543067,-2.854512,0.313533,-0.534953,-1.835436,0.097526,19.060200,0
23.720000,0.397418,-0.547243,-2.937441,0.313533,-0.534951,-1.817446,0.084781,19.202800,0
23.740000,0.383360,-0.553177,-2.952699,0.313533,-0.534949,-1.799456,0.072167,19.060700,0
23.760000,0.393349,-0.550218,-2.925716,0.313534,-0.534947,-1.781468,0.081263,18.547200,0
23.780000,0.411568,-0.546597,-2.919548,0.313534,-0.534945,-1.763480,0.098724,18.505500,0
23.800000,0.379841,-0.553876,-3.008590,0.313534,-0.534942,-1.745492,0.068958,18.589300,0
23.820000,0.365306,-0.555770,-3.035621,0.313534,-0.534940,-1.727506,0.055805,18.667000,0
23.840000,0.374375,-0.552680,-3.043939,0.311237,-0.535324,-1.719883,0.065481,18.364500,0
23.860000,0.363184,-0.558383,-3.006033,0.308266,-0.535769,-1.719886,0.059392,19.553900,0
23.880000,0.345194,-0.554544,-3.036664,0.305296,-0.536214,-1.719897,0.043907,19.745400,0
23.900000,0.394173,-0.553920,-3.016017,0.302326,-0.536659,-1.719905,0.093455,19.201200,0
23.920000,0.370912,-0.555170,-3.043756,0.299357,-0.537105,-1.719911,0.073801,18.965700,0
23.940000,0.392945,-0.550251,-2.938632,0.296388,-0.537550,-1.719916,0.097389,18.732500,0
23.960000,0.348532,-0.558828,-3.071270,0.293420,-0.537996,-1.719919,0.058918,18.997600,0
23.980000,0.353344,-0.552962,-3.027363,0.290452,-0.538442,-1.719921,0.064547,19.277600,0
24.000000,0.352122,-0.557876,-3.048248,0.287485,-0.538888,-1.719922,0.067368,19.362900,0
24.020000,0.334641,-0.557092,-3.000200,0.284517,-0.539334,-1.719923,0.053176,18.944600,0
24.040000,0.389257,-0.548927,-2.968265,0.281550,-0.539780,-1.719924,0.108095,19.220500,0
24.060000,0.354359,-0.555501,-2.972083,0.278583,-0.540226,-1.719924,0.077300,18.592100,0
24.080000,0.356495,-0.555467,-2.970872,0.275615,-0.540672,-1.719925,0.082222,19.879900,0
24.100000,0.353883,-0.555595,-2.970938,0.272649,-0.541118,-1.719926,0.082514,18.641700,0
24.120000,0.345638,-0.556421,-2.946327,0.269682,-0.541563,-1.719927,0.077395,19.009900,0
24.140000,0.344866,-0.557370,-2.985833,0.266715,-0.542009,-1.719927,0.079646,19.408300,0
24.160000,0.335523,-0.555526,-2.990945,0.263748,-0.542455,-1.719928,0.072955,18.895600,0
24.180000,0.348439,-0.557114,-2.936256,0.260781,-0.542901,-1.719928,0.088803,18.960700,0
24.200000,0.351668,-0.557268,-3.012968,0.257814,-0.543347,-1.719928,0.094881,18.887900,0
24.220000,0.333719,-0.561320,-3.004275,0.254847,-0.543793,-1.719928,0.080796,19.152900,0
24.240000,0.314943,-0.561849,-3.035649,0.251881,-0.544238,-1.719928,0.065475,19.383000,0
24.260000,0.348567,-0.553462,-2.978079,0.248914,-0.544684,-1.719928,0.100039,19.197000,0
24.280000,0.307646,-0.564708,-3.005557,0.245947,-0.545130,-1.719928,0.064731,18.908700,0
24.300000,0.329864,-0.560680,-2.978325,0.242981,-0.545576,-1.719928,0.088186,18.486200,0
24.320000,0.341598,-0.559190,-3.049884,0.242275,-0.545621,-1.707469,0.100245,19.327100,0
24.340000,0.331520,-0.555938,-3.014549,0.242103,-0.545595,-1.687471,0.090014,18.475700,0
24.360000,0.290503,-0.566780,-3.109563,0.242106,-0.545593,-1.669483,0.052831,19.485600,0
24.380000,0.314038,-0.564443,-3.101135,0.242109,-0.545592,-1.651495,0.074358,19.301200,0
24.400000,0.254434,-0.566248,3.084885,0.242111,-0.545590,-1.633505,0.024055,18.777100,0
24.420000,0.308091,-0.565052,3.135490,0.242113,-0.545589,-1.615515,0.068789,18.902300,0
24.440000,0.301700,-0.564395,3.116672,0.242115,-0.545587,-1.597525,0.062483,18.966800,0
24.460000,0.303848,-0.567119,3.107414,0.239968,-0.545685,-1.587914,0.067380,18.331700,0
24.480000,0.291669,-0.564488,3.082264,0.236966,-0.545734,-1.587917,0.057829,19.043500,0
24.500000,0.295554,-0.563766,3.111370,0.233963,-0.545783,-1.587921,0.064162,19.268900,0
24.520000,0.280186,-0.566107,3.128664,0.230961,-0.545833,-1.587925,0.053236,18.960400,0
24.540000,0.299288,-0.568353,3.124417,0.227960,-0.545884,-1.587928,0.074784,18.652100,0
24.560000,0.288592,-0.563621,3.087083,0.224958,-0.545935,-1.587931,0.066046,19.192200,0
24.580000,0.274866,-0.563565,3.104912,0.221958,-0.545985,-1.587933,0.055753,18.238400,0
24.600000,0.299766,-0.564810,3.125821,0.218957,-0.546037,-1.587935,0.082961,18.259000,0
24.620000,0.291497,-0.561854,3.110872,0.215957,-0.546088,-1.587937,0.077167,18.744800,0
24.640000,0.289888,-0.571232,3.076979,0.212957,-0.546139,-1.587938,0.080920,19.390700,0
24.660000,0.266591,-0.559948,3.120561,0.209956,-0.546191,-1.587939,0.058282,19.433100,0
24.680000,0.231085,-0.562362,3.052823,0.206957,-0.546242,-1.587940,0.029017,19.257200,0
24.700000,0.270454,-0.564604,3.105512,0.203957,-0.546293,-1.587940,0.068972,17.461400,0
24.720000,0.261412,-0.565899,-3.136310,0.200957,-0.546345,-1.587941,0.063539,16.956000,0
24.740000,0.232334,-0.563577,3.102016,0.197957,-0.546396,-1.587941,0.038431,18.060100,0
24.760000,0.259670,-0.565470,3.100199,0.194957,-0.546448,-1.587941,0.067451,18.461100,0
24.780000,0.254623,-0.566177,3.109523,0.191958,-0.546499,-1.587941,0.065682,18.022600,0
24.800000,0.250188,-0.566636,3.109831,0.188958,-0.546551,-1.587942,0.064440,17.363300,0
24.820000,0.243311,-0.563433,3.110792,0.185958,-0.546602,-1.587942,0.059772,17.060000,0
24.840000,0.235351,-0.566435,-3.133352,0.182959,-0.546654,-1.587942,0.056002,17.396000,0
24.860000,0.257563,-0.566802,3.125786,0.179959,-0.546705,-1.587942,0.080164,17.788900,0
24.880000,0.252359,-0.567189,3.101074,0.176959,-0.546757,-1.587942,0.078119,18.290400,0
24.900000,0.242027,-0.563508,3.117430,0.173960,-0.546808,-1.587942,0.070085,18.073800,0
24.920000,0.202790,-0.565906,3.126268,0.170960,-0.546860,-1.587942,0.037093,18.032200,0
24.940000,0.234932,-0.565680,3.114676,0.167961,-0.546911,-1.587942,0.069551,18.261800,0
24.960000,0.215740,-0.565426,3.127067,0.164961,-0.546962,-1.587942,0.054032,18.872200,0
24.980000,0.192279,-0.560111,3.096090,0.161962,-0.547014,-1.587942,0.033024,18.748200,0
25.000000,0.230182,-0.563726,3.114270,0.158962,-0.547065,-1.587942,0.073143,18.835900,0
25.020000,0.220664,-0.561130,3.118503,0.155962,-0.547117,-1.587942,0.066202,18.454500,0
25.040000,0.226269,-0.563449,3.134333,0.152963,-0.547168,-1.587942,0.075092,18.770200,0
25.060000,0.214888,-0.564215,3.102807,0.149963,-0.547220,-1.587942,0.067112,18.578900,0
25.080000,0.228608,-0.566416,-3.089649,0.146964,-0.547271,-1.587942,0.083858,18.813000,0
25.100000,0.226508,-0.566736,-3.103813,0.143964,-0.547322,-1.587942,0.084797,18.609000,0
25.120000,0.243834,-0.562324,-3.121746,0.140965,-0.547374,-1.587942,0.103950,18.850100,0
25.140000,0.240182,-0.563406,-3.111372,0.137965,-0.547425,-1.587942,0.103459,19.101500,0
25.160000,0.208877,-0.564965,-3.124645,0.134966,-0.547477,-1.587942,0.075951,18.891600,0
25.180000,0.213421,-0.567197,-3.098143,0.131966,-0.547528,-1.587942,0.083796,18.976400,0
25.200000,0.215455,-0.565098,-3.105491,0.128966,-0.547580,-1.587942,0.088245,18.676200,0
25.220000,0.198018,-0.565790,3.087454,0.125967,-0.547631,-1.587942,0.074304,18.592000,0
25.240000,0.183111,-0.562029,3.109329,0.122967,-0.547683,-1.587942,0.061831,18.868700,0
25.260000,0.201035,-0.562323,3.098952,0.119968,-0.547734,-1.587942,0.082370,19.260100,0
25.280000,0.189265,-0.561990,3.123751,0.116968,-0.547785,-1.587942,0.073680,18.103300,0
25.300000,0.166334,-0.568401,3.100598,0.113969,-0.547837,-1.587942,0.056258,16.888400,0
25.320000,0.195200,-0.567768,3.129985,0.110969,-0.547888,-1.587942,0.086546,17.435700,0
25.340000,0.166218,-0.560996,3.091385,0.107969,-0.547940,-1.587942,0.059695,17.864700,0
25.360000,0.164650,-0.563663,3.140586,0.104970,-0.547991,-1.587942,0.061704,17.470800,0
25.380000,0.115310,-0.567767,3.097135,0.101970,-0.548043,-1.587942,0.023811,18.174900,0
25.400000,0.163190,-0.563884,3.108613,0.098971,-0.548094,-1.587942,0.066131,17.610900,0
25.420000,0.156045,-0.563839,3.140608,0.095971,-0.548145,-1.587942,0.062090,17.594400,0
25.440000,0.136241,-0.564681,3.111241,0.092972,-0.548197,-1.587942,0.046303,18.392700,0
25.460000,0.147777,-0.562797,3.109921,0.089972,-0.548248,-1.587942,0.059608,18.323300,0
25.480000,0.157899,-0.566022,3.131109,0.086973,-0.548300,-1.587942,0.073107,18.374600,0
25.500000,0.137326,-0.564802,3.111468,0.083973,-0.548351,-1.587942,0.055832,19.763900,0
25.520000,0.163079,-0.567750,3.111381,0.080973,-0.548403,-1.587942,0.084355,17.265000,0
25.540000,0.151837,-0.567181,3.096487,0.077974,-0.548454,-1.587942,0.076200,17.338200,0
25.560000,0.134144,-0.560459,3.089980,0.074974,-0.548505,-1.587942,0.060366,18.123600,0
25.580000,0.152113,-0.564670,-3.105645,0.071975,-0.548557,-1.587942,0.081742,18.348100,0
25.600000,0.175135,-0.563524,-3.119013,0.068975,-0.548608,-1.587942,0.107202,18.983600,0
25.620000,0.165264,-0.561473,-3.117117,0.065976,-0.548660,-1.587942,0.100112,18.907000,0
25.640000,0.150442,-0.563150,-3.127260,0.062976,-0.548711,-1.587942,0.088650,18.830600,0
25.660000,0.139870,-0.562485,-3.085243,0.059977,-0.548763,-1.587942,0.081063,18.431500,0
25.680000,0.162653,-0.558857,-3.108955,0.056977,-0.548814,-1.587942,0.106152,19.191100,0
25.700000,0.138607,-0.559066,-3.108285,0.053977,-0.548865,-1.587942,0.085243,18.914800,0
25.720000,0.148101,-0.563863,-3.074302,0.050978,-0.548917,-1.587942,0.098266,19.284600,0
25.740000,0.148920,-0.560216,3.140584,0.047978,-0.548968,-1.587942,0.101567,19.006600,0
25.760000,0.145112,-0.564853,-3.113273,0.044979,-0.549020,-1.587942,0.101377,18.523700,0
25.780000,0.115205,-0.561613,-3.114478,0.041979,-0.549071,-1.587942,0.074292,19.015400,0
25.800000,0.135776,-0.561492,-3.032951,0.038980,-0.549123,-1.587942,0.097583,19.240600,0
25.820000,0.141152,-0.563764,-3.090002,0.035980,-0.549174,-1.587942,0.106179,19.160500,0
25.840000,0.098901,-0.563923,3.139781,0.032980,-0.549226,-1.587942,0.067540,19.059700,0
25.860000,0.150061,-0.565122,-3.039967,0.029981,-0.549277,-1.587942,0.121120,17.772100,0
25.880000,0.133859,-0.567146,3.124110,0.026981,-0.549328,-1.587942,0.108353,17.908300,0
25.900000,0.118824,-0.567996,-3.128064,0.023982,-0.549380,-1.587942,0.096652,18.353800,0
25.920000,0.133988,-0.562345,-3.129722,0.020982,-0.549431,-1.587942,0.113741,18.904200,0
25.940000,0.120902,-0.563264,-3.120762,0.017983,-0.549483,-1.587942,0.103837,19.095900,0
25.960000,0.116709,-0.563536,-3.101470,0.014983,-0.549534,-1.587942,0.102685,19.303200,0
25.980000,0.093008,-0.564649,-3.100437,0.011984,-0.549586,-1.587942,0.082412,18.542300,0
26.000000,0.107402,-0.566194,-3.100908,0.008984,-0.549637,-1.587942,0.099801,18.526600,0
26.020000,0.104463,-0.565015,-3.128585,0.005984,-0.549688,-1.587942,0.099665,18.360300,0
26.040000,0.112184,-0.565590,-3.108525,0.002985,-0.549740,-1.587942,0.110343,20.108900,0
26.060000,0.065084,-0.562715,-3.105690,-0.000015,-0.549791,-1.587942,0.066369,18.848400,0
26.080000,0.079036,-0.565745,-3.115081,-0.003014,-0.549843,-1.587942,0.083576,18.825500,0
26.100000,0.071651,-0.561973,-3.087372,-0.006014,-0.549894,-1.587942,0.078599,18.845500,0
26.120000,0.085243,-0.563420,-3.106093,-0.009013,-0.549946,-1.587942,0.095214,18.951300,0
26.140000,0.073524,-0.567588,3.084817,-0.012013,-0.549997,-1.587942,0.087327,19.232300,0
26.160000,0.052388,-0.565115,3.116945,-0.015012,-0.550048,-1.587942,0.069063,19.024400,0
26.180000,0.040719,-0.564247,3.093744,-0.018012,-0.550100,-1.587942,0.060411,19.195500,0
26.200000,0.044055,-0.562704,-3.127078,-0.021012,-0.550151,-1.587942,0.066267,19.436800,0
26.220000,0.072520,-0.562997,-3.109913,-0.024011,-0.550203,-1.587942,0.097375,18.920400,0
26.240000,0.090542,-0.564328,-3.108803,-0.027011,-0.550254,-1.587942,0.118393,19.492000,0
26.260000,0.062357,-0.558673,-3.115432,-0.030010,-0.550306,-1.587942,0.092746,19.466800,0
26.280000,0.080918,-0.564326,-3.101000,-0.033010,-0.550357,-1.587942,0.114781,19.146600,0
26.300000,0.051705,-0.560155,-3.109187,-0.036009,-0.550408,-1.587942,0.088254,19.149400,0
26.320000,0.055516,-0.559967,-3.081253,-0.039009,-0.550460,-1.587942,0.095002,19.528200,0
26.340000,0.043719,-0.562846,-3.107453,-0.042008,-0.550511,-1.587942,0.086610,18.961400,0
26.360000,0.036022,-0.567100,-3.119101,-0.045008,-0.550563,-1.587942,0.082700,18.248800,0
26.380000,0.027057,-0.564537,-3.122521,-0.048008,-0.550614,-1.587942,0.076345,19.045000,0
26.400000,0.049354,-0.559919,-3.079959,-0.051007,-0.550666,-1.587942,0.100787,19.165000,0
26.420000,0.029949,-0.563271,3.127447,-0.054007,-0.550717,-1.587942,0.084889,18.938300,0
26.440000,0.027098,-0.563339,3.124553,-0.057006,-0.550769,-1.587942,0.085038,18.480000,0
26.460000,-0.010325,-0.560087,3.069517,-0.060006,-0.550820,-1.587942,0.050537,18.866400,0
26.480000,-0.008805,-0.564858,3.124114,-0.063005,-0.550871,-1.587942,0.055976,18.424100,0
26.500000,0.032844,-0.563722,3.137522,-0.066005,-0.550923,-1.587942,0.099674,18.554400,0
26.520000,0.028568,-0.562739,-3.122085,-0.069005,-0.550974,-1.587942,0.098280,18.968000,0
26.540000,0.021220,-0.562842,-3.123628,-0.072004,-0.551026,-1.587942,0.093970,19.079500,0
26.560000,0.041341,-0.561683,-3.091226,-0.075004,-0.551077,-1.587942,0.116827,19.379400,0
26.580000,-0.006669,-0.565532,-3.112652,-0.078003,-0.551129,-1.587942,0.072773,19.053200,0
26.600000,0.010928,-0.562503,-3.120138,-0.078928,-0.551116,-1.578443,0.090574,17.265800,0
26.620000,0.019497,-0.569882,3.110762,-0.079101,-0.551114,-1.558446,0.100369,17.801400,0
26.640000,0.014507,-0.568678,-3.125915,-0.079117,-0.551113,-1.540232,0.095257,18.200100,0
26.660000,0.021723,-0.564339,3.097021,-0.079114,-0.551112,-1.522244,0.101701,18.451700,0
26.680000,0.017054,-0.568325,3.066863,-0.079112,-0.551111,-1.504254,0.097695,18.455200,0
26.700000,0.014632,-0.570276,3.039011,-0.079110,-0.551110,-1.486265,0.095681,18.677900,0
26.720000,-0.032398,-0.564931,3.009984,-0.079108,-0.551109,-1.468275,0.048712,18.745700,0
26.740000,0.019186,-0.569062,3.035904,-0.079106,-0.551108,-1.450286,0.099918,18.971800,0
26.760000,-0.013882,-0.568912,2.945510,-0.079100,-0.551107,-1.432235,0.067605,18.368800,0
26.780000,-0.020736,-0.565823,2.921810,-0.079093,-0.551106,-1.414178,0.060184,19.519500,0
26.800000,0.001532,-0.569491,2.969732,-0.081386,-0.550720,-1.406519,0.085016,18.851900,0
26.820000,-0.003564,-0.570237,2.969009,-0.084348,-0.550228,-1.406521,0.083225,18.472900,0
26.840000,-0.003091,-0.566455,3.013432,-0.087311,-0.549735,-1.406523,0.085863,18.501900,0
26.860000,0.004457,-0.572110,2.968546,-0.090273,-0.549243,-1.406529,0.097451,18.670800,0
26.880000,0.016955,-0.572424,3.008192,-0.093234,-0.548752,-1.406534,0.112703,19.156300,0
26.900000,-0.017768,-0.566750,2.994168,-0.096196,-0.548260,-1.406537,0.080578,19.008200,0
26.920000,-0.005204,-0.568287,2.996580,-0.099157,-0.547769,-1.406540,0.096167,18.808800,0
26.940000,-0.020344,-0.564496,2.919014,-0.102117,-0.547278,-1.406543,0.083566,18.801900,0
26.960000,-0.044467,-0.558355,2.945940,-0.105078,-0.546788,-1.406545,0.061705,19.020100,0
26.980000,-0.044617,-0.562198,2.950480,-0.108038,-0.546297,-1.406547,0.065384,18.795800,0
27.000000,-0.060167,-0.556948,2.930617,-0.110998,-0.545807,-1.406548,0.052037,18.952700,0
27.020000,-0.060951,-0.558401,2.922814,-0.113958,-0.545316,-1.406549,0.054598,18.219200,0
27.040000,-0.051408,-0.553662,2.907418,-0.116918,-0.544826,-1.406550,0.066103,18.071500,0
27.060000,-0.052241,-0.562201,2.931884,-0.117644,-0.544741,-1.394393,0.067693,18.173700,0
27.080000,-0.037499,-0.561276,2.954354,-0.117815,-0.544710,-1.374393,0.082007,18.311200,0
27.100000,-0.020209,-0.568454,2.917379,-0.117813,-0.544710,-1.356386,0.100451,18.458000,0
27.120000,-0.062498,-0.558618,2.882593,-0.117809,-0.544709,-1.338398,0.057033,19.343500,0
27.140000,-0.031289,-0.563076,2.891594,-0.117806,-0.544709,-1.320396,0.088445,18.662300,0
27.160000,-0.024152,-0.572157,2.877282,-0.117801,-0.544708,-1.302384,0.097589,18.634300,0
27.180000,-0.066506,-0.558496,2.776456,-0.117797,-0.544708,-1.284367,0.053112,18.994100,0
27.200000,-0.055443,-0.560601,2.799471,-0.117793,-0.544707,-1.266348,0.064344,18.519700,0
27.220000,-0.032737,-0.566941,2.831241,-0.117789,-0.544706,-1.248328,0.087911,18.336700,0
27.240000,-0.048535,-0.563660,2.771193,-0.117785,-0.544705,-1.230309,0.071798,19.021200,0
27.260000,-0.042456,-0.565208,2.792113,-0.117781,-0.544704,-1.212291,0.078066,19.426400,0
27.280000,-0.050841,-0.566938,2.816509,-0.117777,-0.544703,-1.194274,0.070532,18.970700,0
27.300000,-0.030920,-0.570668,2.759028,-0.117773,-0.544702,-1.176259,0.090652,19.341400,0
27.320000,-0.023784,-0.573888,2.704336,-0.117770,-0.544701,-1.158247,0.098414,18.900500,0
27.340000,-0.017476,-0.580244,2.745530,-0.117767,-0.544700,-1.140236,0.106404,19.074400,0
27.360000,-0.034709,-0.572930,2.679404,-0.117764,-0.544699,-1.122227,0.087722,19.154300,0
27.380000,-0.039890,-0.566818,2.603106,-0.117761,-0.544698,-1.104220,0.080952,19.193400,0
27.400000,-0.055262,-0.560378,2.605063,-0.117758,-0.544697,-1.086214,0.064433,18.841800,0
27.420000,-0.065648,-0.561721,2.590439,-0.117755,-0.544696,-1.068210,0.054818,17.634200,0
27.440000,-0.035886,-0.574575,2.666255,-0.117753,-0.544695,-1.050207,0.087150,17.549700,0
27.460000,-0.026994,-0.583952,2.596022,-0.117750,-0.544694,-1.032205,0.098883,18.025000,0
27.480000,-0.032537,-0.577146,2.600332,-0.117748,-0.544693,-1.014205,0.091182,18.470300,0
27.500000,-0.041037,-0.570529,2.543950,-0.117745,-0.544692,-0.996205,0.080942,19.182700,0
27.520000,-0.033403,-0.577883,2.490654,-0.117743,-0.544691,-0.978207,0.090637,19.101900,0
27.540000,-0.038530,-0.579449,2.501240,-0.117741,-0.544690,-0.960209,0.086502,19.265700,0
27.560000,-0.049600,-0.576549,2.529599,-0.117739,-0.544689,-0.942212,0.075220,18.172800,0
27.580000,-0.041862,-0.577867,2.514154,-0.117736,-0.544688,-0.924216,0.082811,18.449000,0
27.600000,-0.056317,-0.569241,2.502093,-0.117734,-0.544687,-0.906221,0.066143,18.981400,0
27.620000,-0.050693,-0.575079,2.473275,-0.117732,-0.544686,-0.888226,0.073607,19.344000,0
27.640000,-0.039448,-0.581693,2.473774,-0.117730,-0.544685,-0.870232,0.086589,18.981400,0
27.660000,-0.053886,-0.574265,2.378189,-0.117728,-0.544684,-0.852238,0.070363,17.987000,0
27.680000,-0.040884,-0.573232,2.448697,-0.117726,-0.544683,-0.834245,0.081974,18.323700,0
27.700000,-0.050064,-0.579863,2.395274,-0.117724,-0.544682,-0.816252,0.076260,18.094100,0
27.720000,-0.057339,-0.564700,2.358223,-0.117722,-0.544681,-0.798260,0.063615,18.117700,0
27.740000,-0.035561,-0.583838,2.372685,-0.117720,-0.544680,-0.780268,0.091013,18.412700,0
27.760000,-0.051243,-0.573632,2.304198,-0.117718,-0.544680,-0.762276,0.072506,18.735000,0
27.780000,-0.048355,-0.571211,2.297415,-0.119653,-0.542653,-0.759999,0.076805,18.500500,0
27.800000,-0.054440,-0.579309,2.268908,-0.121722,-0.540475,-0.760006,0.077685,18.329900,0
27.820000,-0.049875,-0.570061,2.291645,-0.123791,-0.538298,-0.760015,0.080452,18.898000,0
27.840000,-0.054669,-0.573272,2.283668,-0.125860,-0.536122,-0.760024,0.080301,18.804500,0
27.860000,-0.061910,-0.564138,2.372875,-0.127929,-0.533946,-0.760030,0.072595,19.326700,0
27.880000,-0.064001,-0.566241,2.354908,-0.129997,-0.531770,-0.760035,0.074456,19.071200,0
27.900000,-0.066135,-0.557514,2.316332,-0.132065,-0.529595,-0.760039,0.071597,17.289700,0
27.920000,-0.059546,-0.563487,2.344419,-0.134133,-0.527420,-0.760041,0.082849,17.618300,0
27.940000,-0.062414,-0.562097,2.349457,-0.136201,-0.525245,-0.760043,0.082478,17.577400,0
27.960000,-0.051097,-0.574955,2.350245,-0.138269,-0.523070,-0.760045,0.101445,17.529600,0
27.980000,-0.069285,-0.556093,2.346837,-0.140336,-0.520896,-0.760046,0.079291,17.105500,0
28.000000,-0.061272,-0.571664,2.359762,-0.142403,-0.518721,-0.760047,0.096877,18.275800,0
28.020000,-0.067150,-0.561263,2.368756,-0.144471,-0.516546,-0.760047,0.089320,17.792100,0
28.040000,-0.070442,-0.549230,2.303223,-0.146538,-0.514372,-0.760048,0.083700,17.451000,0
28.060000,-0.077165,-0.549253,2.296975,-0.148605,-0.512197,-0.760048,0.080478,17.979500,0
28.080000,-0.081969,-0.538933,2.282739,-0.150672,-0.510023,-0.760049,0.074538,17.901600,0
28.100000,-0.089859,-0.543347,2.358413,-0.152739,-0.507849,-0.760049,0.072208,18.801700,0
28.120000,-0.095507,-0.527897,2.279400,-0.154806,-0.505674,-0.760049,0.063327,18.685700,0
28.140000,-0.096638,-0.530014,2.265591,-0.156873,-0.503500,-0.760049,0.065812,19.055000,0
28.160000,-0.084918,-0.539195,2.342098,-0.158940,-0.501325,-0.760049,0.083147,18.789500,0
28.180000,-0.086091,-0.531608,2.355470,-0.159176,-0.501076,-0.742412,0.079206,18.474500,0
28.200000,-0.086152,-0.535701,2.286292,-0.159186,-0.501062,-0.724181,0.080832,19.345000,0
28.220000,-0.085151,-0.545290,2.272631,-0.159183,-0.501064,-0.706193,0.086236,19.713900,0
28.240000,-0.106306,-0.517539,2.189626,-0.159181,-0.501066,-0.688203,0.055382,18.781400,0
28.260000,-0.086286,-0.541386,2.232364,-0.159178,-0.501067,-0.670210,0.083300,19.011900,0
28.280000,-0.084095,-0.547193,2.230508,-0.159175,-0.501067,-0.652215,0.088117,18.693000,0
28.300000,-0.112329,-0.511670,2.136186,-0.159172,-0.501068,-0.634219,0.048028,18.709100,0
28.320000,-0.095616,-0.529134,2.137815,-0.159170,-0.501068,-0.616223,0.069475,17.682100,0
28.340000,-0.099914,-0.527327,2.129724,-0.159167,-0.501068,-0.598228,0.064811,18.200300,0
28.360000,-0.099400,-0.532112,2.162484,-0.159165,-0.501068,-0.580233,0.067347,18.986100,0
28.380000,-0.088837,-0.546111,2.153017,-0.159162,-0.501068,-0.562238,0.083513,19.428300,0
28.400000,-0.090674,-0.549136,2.108413,-0.159160,-0.501067,-0.544245,0.083671,19.359000,0
28.420000,-0.082365,-0.556104,2.130947,-0.159158,-0.501067,-0.526252,0.094479,19.437100,0
28.440000,-0.086347,-0.556380,2.077124,-0.159155,-0.501067,-0.508261,0.091436,19.563200,0
28.460000,-0.100240,-0.529329,2.040358,-0.159153,-0.501066,-0.490270,0.065341,19.252400,0
28.480000,-0.104972,-0.527861,2.013051,-0.160565,-0.498918,-0.490200,0.062676,20.022400,0
28.500000,-0.101538,-0.536056,2.061321,-0.161979,-0.496269,-0.490207,0.072361,18.821000,0
28.520000,-0.103018,-0.515764,1.997350,-0.163394,-0.493619,-0.490217,0.064310,17.954000,0
28.540000,-0.100971,-0.531125,1.995917,-0.164808,-0.490970,-0.490224,0.075416,19.556300,0
28.560000,-0.105831,-0.516585,2.077498,-0.166222,-0.488322,-0.490230,0.066677,18.370500,0
28.580000,-0.107416,-0.521525,2.069047,-0.167636,-0.485674,-0.490234,0.070084,18.864000,0
28.600000,-0.107420,-0.524536,2.081655,-0.169050,-0.483026,-0.490237,0.074306,18.933000,0
28.620000,-0.115337,-0.519622,2.091554,-0.170463,-0.480378,-0.490238,0.067668,18.614500,0
28.640000,-0.103900,-0.522707,2.090527,-0.171876,-0.477731,-0.490239,0.081508,18.789100,0
28.660000,-0.108298,-0.516500,2.020918,-0.171884,-0.477310,-0.472503,0.074693,18.898900,0
28.680000,-0.106294,-0.519374,2.040555,-0.171890,-0.477296,-0.454301,0.077932,19.054500,0
28.700000,-0.121318,-0.505649,2.018432,-0.171887,-0.477299,-0.436314,0.057974,17.611200,0
28.720000,-0.109521,-0.518976,1.996642,-0.171885,-0.477301,-0.418325,0.075007,17.663700,0
28.740000,-0.106423,-0.531244,1.971348,-0.171883,-0.477303,-0.400335,0.084821,17.656500,0
28.760000,-0.109886,-0.516530,1.970064,-0.171881,-0.477304,-0.382343,0.073363,17.278200,0
28.780000,-0.101360,-0.527745,1.961220,-0.171879,-0.477305,-0.364351,0.086701,17.353500,0
28.800000,-0.112512,-0.515590,1.903442,-0.171877,-0.477305,-0.346360,0.070640,18.579000,0
28.820000,-0.110418,-0.525258,1.898030,-0.171875,-0.477306,-0.328368,0.077951,18.922200,0
28.840000,-0.109634,-0.526669,1.883843,-0.171873,-0.477306,-0.310378,0.079438,18.494500,0
28.860000,-0.110325,-0.536968,1.878991,-0.171871,-0.477306,-0.292388,0.085718,19.382300,0
28.880000,-0.118237,-0.509999,1.855070,-0.171869,-0.477306,-0.274399,0.062811,19.364000,0
28.900000,-0.114804,-0.526226,1.839370,-0.171867,-0.477307,-0.256410,0.075162,19.134700,0
28.920000,-0.115784,-0.518094,1.807885,-0.171865,-0.477307,-0.238422,0.069344,19.282300,0
28.940000,-0.112885,-0.533698,1.818198,-0.171863,-0.477306,-0.220435,0.081599,19.173100,0
28.960000,-0.120369,-0.512369,1.792694,-0.171861,-0.477306,-0.202449,0.062296,18.824500,0
28.980000,-0.112205,-0.530950,1.794460,-0.171859,-0.477306,-0.184463,0.080226,19.502500,0
29.000000,-0.112613,-0.530357,1.753585,-0.171857,-0.477306,-0.166477,0.079525,19.349700,0
29.020000,-0.117240,-0.525444,1.787560,-0.172266,-0.475000,-0.158996,0.074649,19.147300,0
29.040000,-0.114142,-0.524686,1.744934,-0.172740,-0.472035,-0.158999,0.078778,19.465400,0
29.060000,-0.118463,-0.511793,1.741704,-0.173215,-0.469068,-0.159011,0.069449,18.689700,0
29.080000,-0.114438,-0.519341,1.762946,-0.173689,-0.466103,-0.159020,0.079655,20.299400,0
29.100000,-0.118020,-0.500926,1.765582,-0.174164,-0.463139,-0.159027,0.067675,18.538700,0
29.120000,-0.112013,-0.524395,1.764020,-0.174640,-0.460175,-0.159031,0.089701,19.010800,0
29.140000,-0.117897,-0.503300,1.745804,-0.175115,-0.457211,-0.159034,0.073471,19.045300,0
29.160000,-0.122313,-0.496183,1.748260,-0.175590,-0.454247,-0.159036,0.067802,18.444200,0
29.180000,-0.120923,-0.510523,1.741122,-0.176066,-0.451284,-0.159037,0.080932,19.534900,0
29.200000,-0.114772,-0.496937,1.769783,-0.176541,-0.448321,-0.159038,0.078606,19.163400,0
29.220000,-0.118962,-0.480852,1.738026,-0.177016,-0.445359,-0.159039,0.068044,18.817900,0
29.240000,-0.121768,-0.486864,1.738651,-0.177492,-0.442396,-0.159040,0.071292,18.999600,0
29.260000,-0.114807,-0.501418,1.722857,-0.177967,-0.439433,-0.159041,0.088495,19.400800,0
29.280000,-0.117324,-0.478339,1.746494,-0.178442,-0.436471,-0.159041,0.074083,19.245700,0
29.300000,-0.118812,-0.473797,1.676615,-0.178917,-0.433509,-0.159042,0.072358,19.292500,0
29.320000,-0.125529,-0.470950,1.710996,-0.179393,-0.430546,-0.159043,0.067334,18.474700,0
29.340000,-0.125899,-0.474416,1.765083,-0.179868,-0.427584,-0.159043,0.071455,18.745500,0
29.360000,-0.122984,-0.469982,1.713792,-0.179938,-0.426889,-0.146440,0.071420,18.448900,0
29.380000,-0.122088,-0.480908,1.688514,-0.179910,-0.426717,-0.126441,0.079247,19.223500,0
29.400000,-0.124621,-0.456587,1.686820,-0.179909,-0.426720,-0.108439,0.062839,19.348500,0
29.420000,-0.126048,-0.471090,1.663660,-0.179907,-0.426722,-0.090450,0.069781,18.456000,0
29.440000,-0.129203,-0.451687,1.620296,-0.179906,-0.426725,-0.072461,0.056515,19.409100,0
29.460000,-0.127154,-0.471120,1.629381,-0.179904,-0.426727,-0.054471,0.068944,18.516300,0
29.480000,-0.131260,-0.450948,1.585162,-0.179903,-0.426728,-0.036482,0.054339,19.239700,0
29.500000,-0.128897,-0.466906,1.596894,-0.179901,-0.426729,-0.018492,0.064928,19.204400,0
29.520000,-0.129801,-0.488384,1.580642,-0.179900,-0.426730,-0.000504,0.079443,19.308400,0
29.540000,-0.129354,-0.471590,1.572861,-0.179899,-0.426731,0.017484,0.067581,19.068100,0
29.560000,-0.129992,-0.480405,1.509903,-0.179898,-0.426732,0.035471,0.073290,19.284400,0
29.580000,-0.133465,-0.480195,1.528666,-0.179813,-0.424575,0.044975,0.072399,18.969000,0
29.600000,-0.130184,-0.470525,1.574035,-0.179676,-0.421575,0.044972,0.069610,19.134500,0
29.620000,-0.135482,-0.475083,1.535109,-0.179539,-0.418575,0.044968,0.071653,18.670500,0
29.640000,-0.131743,-0.460596,1.545595,-0.179403,-0.415575,0.044961,0.065562,18.209600,0
29.660000,-0.130893,-0.465595,1.506042,-0.179267,-0.412576,0.044956,0.071771,19.730700,0
29.680000,-0.128436,-0.452110,1.478799,-0.179132,-0.409578,0.044951,0.066174,18.947900,0
29.700000,-0.128052,-0.448551,1.498660,-0.178996,-0.406579,0.044948,0.066007,18.678500,0
29.720000,-0.131946,-0.465202,1.506154,-0.178861,-0.403581,0.044945,0.077448,19.233400,0
29.740000,-0.130982,-0.456969,1.506859,-0.178726,-0.400583,0.044942,0.073885,18.195700,0
29.760000,-0.129430,-0.444141,1.515972,-0.178592,-0.397586,0.044940,0.067707,19.486200,0
29.780000,-0.131342,-0.446675,1.553722,-0.178457,-0.394588,0.044939,0.070234,19.967500,0
29.800000,-0.130147,-0.423325,1.532840,-0.178322,-0.391591,0.044938,0.057688,19.286900,0
29.820000,-0.128419,-0.433388,1.519656,-0.178187,-0.388593,0.044937,0.066959,19.132800,0
29.840000,-0.124887,-0.428888,1.539692,-0.178052,-0.385596,0.044936,0.068562,18.899500,0
29.860000,-0.126288,-0.430358,1.527781,-0.177917,-0.382599,0.044936,0.070331,18.968200,0
29.880000,-0.127364,-0.431985,1.548615,-0.177783,-0.379602,0.044936,0.072705,19.428600,0
29.900000,-0.129930,-0.419464,1.564583,-0.177648,-0.376605,0.044936,0.064140,18.732500,0
29.920000,-0.127833,-0.424189,1.542396,-0.177513,-0.373608,0.044935,0.070898,19.161300,0
29.940000,-0.127810,-0.414443,1.535572,-0.177379,-0.370610,0.044935,0.066169,18.366300,0
29.960000,-0.129507,-0.414927,1.559267,-0.177244,-0.367613,0.044935,0.067212,19.123500,0
29.980000,-0.124867,-0.408533,1.526379,-0.177109,-0.364616,0.044935,0.068249,19.154300,0
30.000000,-0.123692,-0.402620,1.540408,-0.176974,-0.361619,0.044935,0.067231,18.761700,0
30.020000,-0.124867,-0.404600,1.540644,-0.176840,-0.358622,0.044935,0.069392,18.704800,0
30.040000,-0.126036,-0.385317,1.507963,-0.176705,-0.355625,0.044935,0.058728,17.712900,0
30.060000,-0.125014,-0.384771,1.467843,-0.176570,-0.352628,0.044935,0.060756,17.419800,0
30.080000,-0.126372,-0.391288,1.491040,-0.176435,-0.349631,0.044935,0.065127,17.339400,0
30.100000,-0.125567,-0.387460,1.477926,-0.176301,-0.346634,0.044935,0.065121,18.035300,0
30.120000,-0.119339,-0.374732,1.468914,-0.176166,-0.343637,0.044935,0.064778,18.256600,0
30.140000,-0.122598,-0.386372,1.489005,-0.176031,-0.340640,0.044935,0.070332,17.793100,0
30.160000,-0.120570,-0.370660,1.469994,-0.175896,-0.337643,0.044935,0.064429,18.370600,0
30.180000,-0.124378,-0.381171,1.503346,-0.175762,-0.334646,0.044935,0.069317,18.140400,0
30.200000,-0.118153,-0.379325,1.483052,-0.175627,-0.331649,0.044935,0.074674,18.232900,0
30.220000,-0.121214,-0.366998,1.486742,-0.175492,-0.328652,0.044935,0.066457,18.252100,0
30.240000,-0.119587,-0.368236,1.477737,-0.175357,-0.325656,0.044935,0.070166,18.603900,0
30.260000,-0.118515,-0.342202,1.543575,-0.175223,-0.322659,0.044935,0.059981,19.755000,0
30.280000,-0.125040,-0.364554,1.528788,-0.175088,-0.319662,0.044935,0.067231,19.335000,0
30.300000,-0.122409,-0.367807,1.537675,-0.174953,-0.316665,0.044935,0.073324,19.069500,0
30.320000,-0.123649,-0.357890,1.544449,-0.174818,-0.313668,0.044935,0.067630,18.289800,0
30.340000,-0.120928,-0.339209,1.505961,-0.174684,-0.310671,0.044935,0.060861,18.554700,0
30.360000,-0.118702,-0.336805,1.479022,-0.174549,-0.307674,0.044935,0.062988,18.902400,0
30.380000,-0.120883,-0.347037,1.484739,-0.174414,-0.304677,0.044935,0.068264,17.460900,0
30.400000,-0.120831,-0.322384,1.484773,-0.174279,-0.301680,0.044935,0.057318,18.114700,0
30.420000,-0.121112,-0.345068,1.497918,-0.174145,-0.298683,0.044935,0.070456,19.317100,0
30.440000,-0.122146,-0.336531,1.481051,-0.174010,-0.295686,0.044935,0.066017,19.205800,0
30.460000,-0.117173,-0.320247,1.520161,-0.173875,-0.292689,0.044935,0.063044,19.431600,0
30.480000,-0.119348,-0.318105,1.523868,-0.173740,-0.289692,0.044935,0.061366,20.161400,0
30.500000,-0.121928,-0.328982,1.519480,-0.173606,-0.286695,0.044935,0.066774,19.793700,0
30.520000,-0.121734,-0.328970,1.558533,-0.173471,-0.283698,0.044935,0.068747,20.573600,0
30.540000,-0.118243,-0.299499,1.535609,-0.173336,-0.280701,0.044935,0.058211,20.358900,0
30.560000,-0.120489,-0.323173,1.511122,-0.173201,-0.277704,0.044935,0.069613,20.256600,0
30.580000,-0.118390,-0.321060,1.420068,-0.173067,-0.274707,0.044935,0.071682,20.986000,0
30.600000,-0.115507,-0.301153,1.487456,-0.172932,-0.271710,0.044935,0.064533,20.412400,0
30.620000,-0.114955,-0.318304,1.487771,-0.172797,-0.268713,0.044935,0.076191,20.323900,0
30.640000,-0.119393,-0.296306,1.487234,-0.172662,-0.265716,0.044935,0.061427,19.978200,0
30.660000,-0.120668,-0.303629,1.495716,-0.172527,-0.262719,0.044935,0.066053,20.338900,0
30.680000,-0.113986,-0.283093,1.478768,-0.172393,-0.259722,0.044935,0.062909,21.236000,0
30.700000,-0.115754,-0.296185,1.486795,-0.172258,-0.256725,0.044935,0.068919,20.179800,0
30.720000,-0.119395,-0.304488,1.477691,-0.172123,-0.253728,0.044935,0.073191,20.956500,0
30.740000,-0.118218,-0.281360,1.501952,-0.171988,-0.250731,0.044935,0.061882,20.735700,0
30.760000,-0.116828,-0.278207,1.495931,-0.171854,-0.247734,0.044935,0.062900,19.824900,0
30.780000,-0.116159,-0.282878,1.495804,-0.171719,-0.244737,0.044935,0.067392,20.603300,0
30.800000,-0.117351,-0.292517,1.494453,-0.171584,-0.241740,0.044935,0.074293,20.337300,0
30.820000,-0.119990,-0.285246,1.470193,-0.171449,-0.238743,0.044935,0.069358,20.373700,0
30.840000,-0.119212,-0.263625,1.496416,-0.171315,-0.235746,0.044935,0.059093,21.256800,0
30.860000,-0.121340,-0.267217,1.470474,-0.171180,-0.232749,0.044935,0.060598,20.797800,0
30.880000,-0.115281,-0.259198,1.525017,-0.171045,-0.229752,0.044935,0.063061,16.892200,0
30.900000,-0.118957,-0.286018,1.610435,-0.170910,-0.226755,0.044935,0.078812,16.913200,0
30.920000,-0.120906,-0.253922,1.525438,-0.170776,-0.223758,0.044935,0.058283,17.688300,0
30.940000,-0.117009,-0.264191,1.579168,-0.170641,-0.220761,0.044935,0.069011,17.582000,0
30.960000,-0.121217,-0.275493,1.518008,-0.170506,-0.217765,0.044935,0.075907,17.474300,0
30.980000,-0.115998,-0.271223,1.530818,-0.170371,-0.214768,0.044935,0.078382,17.227900,0
31.000000,-0.119447,-0.272335,1.540010,-0.170237,-0.211771,0.044935,0.079042,17.724200,0
31.020000,-0.122790,-0.255669,1.551873,-0.170102,-0.208774,0.044935,0.066615,17.524500,0
31.040000,-0.120234,-0.241076,1.490196,-0.169967,-0.205777,0.044935,0.060987,17.692800,0
31.060000,-0.116780,-0.251782,1.481865,-0.169832,-0.202780,0.044935,0.072220,18.496900,0
31.080000,-0.112545,-0.238010,1.461875,-0.169698,-0.199783,0.044935,0.068759,17.532300,0
31.100000,-0.111964,-0.216973,1.508270,-0.169563,-0.196786,0.044935,0.061034,17.577000,0
31.120000,-0.114536,-0.227126,1.470409,-0.169428,-0.193789,0.044935,0.064222,18.067300,0
31.140000,-0.111666,-0.231006,1.493314,-0.169293,-0.190792,0.044935,0.070271,18.660700,0
31.160000,-0.111895,-0.231572,1.466328,-0.169158,-0.187795,0.044935,0.072080,18.321900,0
31.180000,-0.110438,-0.213079,1.494568,-0.169024,-0.184798,0.044935,0.065055,18.419400,0
31.200000,-0.114323,-0.216347,1.471760,-0.168889,-0.181801,0.044935,0.064582,17.696700,0
31.220000,-0.119582,-0.235920,1.510680,-0.168754,-0.178804,0.044935,0.075367,17.794200,0
31.240000,-0.115161,-0.225214,1.520551,-0.168619,-0.175807,0.044935,0.072793,18.516500,0
31.260000,-0.117807,-0.225419,1.565714,-0.168485,-0.172810,0.044935,0.073047,17.975500,0
31.280000,-0.114603,-0.203559,1.535102,-0.168350,-0.169813,0.044935,0.063462,18.030700,0
31.300000,-0.112288,-0.203632,1.556964,-0.168215,-0.166816,0.044935,0.066957,19.414600,0
31.320000,-0.111259,-0.221086,1.542007,-0.168080,-0.163819,0.044935,0.080672,18.465000,0
31.340000,-0.114634,-0.205118,1.548983,-0.167946,-0.160822,0.044935,0.069313,18.254600,0
31.360000,-0.116578,-0.212286,1.509672,-0.167811,-0.157825,0.044935,0.074772,17.749800,0
31.380000,-0.111500,-0.213462,1.531245,-0.167676,-0.154828,0.044935,0.081201,18.454000,0
31.400000,-0.113457,-0.206490,1.546736,-0.167541,-0.151831,0.044935,0.076894,19.801500,0
31.420000,-0.116500,-0.190095,1.555367,-0.167407,-0.148834,0.044935,0.065528,18.798300,0
31.440000,-0.117071,-0.172161,1.511415,-0.167272,-0.145837,0.044935,0.056684,19.441700,0
31.460000,-0.111630,-0.163901,1.479605,-0.167137,-0.142840,0.044935,0.059369,19.011000,0
31.480000,-0.110417,-0.179337,1.471585,-0.167002,-0.139843,0.044935,0.069004,18.163600,0
31.500000,-0.109880,-0.170957,1.518176,-0.166868,-0.136846,0.044935,0.066417,18.000900,0
31.520000,-0.108646,-0.137283,1.400583,-0.166733,-0.133849,0.044935,0.058188,17.929400,0
31.540000,-0.113822,-0.175110,1.475004,-0.166598,-0.130852,0.044935,0.068877,18.065100,0
31.560000,-0.110893,-0.171260,1.482315,-0.166463,-0.127855,0.044935,0.070512,17.611200,0
31.580000,-0.107959,-0.152818,1.528143,-0.166329,-0.124858,0.044935,0.064721,17.716100,0
31.600000,-0.114727,-0.161807,1.528599,-0.166194,-0.121861,0.044935,0.065150,17.904700,0
31.620000,-0.112050,-0.156260,1.565569,-0.166059,-0.118864,0.044935,0.065692,17.759100,0
31.640000,-0.111569,-0.174376,1.543345,-0.165924,-0.115867,0.044935,0.079861,18.000300,0
31.660000,-0.110878,-0.140644,1.538964,-0.165789,-0.112871,0.044935,0.061535,18.800200,0
31.680000,-0.111291,-0.146046,1.550611,-0.165655,-0.109874,0.044935,0.065298,19.069100,0
31.700000,-0.109179,-0.151453,1.511177,-0.165520,-0.106877,0.044935,0.071842,18.625400,0
31.720000,-0.107136,-0.148293,1.517321,-0.165385,-0.103880,0.044935,0.073249,18.615800,0
31.740000,-0.113059,-0.152918,1.545261,-0.165250,-0.100883,0.044935,0.073699,18.725800,0
31.760000,-0.107080,-0.157247,1.581088,-0.165116,-0.097886,0.044935,0.083017,19.530100,0
31.780000,-0.111575,-0.124481,1.533439,-0.164981,-0.094889,0.044935,0.061057,21.040800,0
31.800000,-0.111665,-0.141033,1.544953,-0.164846,-0.091892,0.044935,0.072408,19.199500,0
31.820000,-0.105040,-0.132958,1.529884,-0.164814,-0.091006,0.054966,0.073027,19.738600,0
31.840000,-0.110510,-0.150755,1.480434,-0.164804,-0.090833,0.074963,0.080861,19.558100,0
31.860000,-0.110638,-0.131968,1.489017,-0.164804,-0.090824,0.093088,0.068020,21.660700,0
31.880000,-0.112649,-0.149253,1.445357,-0.164803,-0.090828,0.111077,0.078317,20.342200,0
31.900000,-0.109665,-0.131339,1.450349,-0.164802,-0.090832,0.129084,0.068418,20.460000,0
31.920000,-0.112946,-0.151053,1.459367,-0.164801,-0.090838,0.147117,0.079466,21.190800,0
31.940000,-0.111726,-0.112462,1.395165,-0.164800,-0.090845,0.165160,0.057307,19.233700,0
31.960000,-0.115628,-0.139032,1.399421,-0.164799,-0.090851,0.183207,0.068842,19.469800,0
31.980000,-0.114683,-0.115405,1.351966,-0.164798,-0.090858,0.201254,0.055804,19.172600,0
32.000000,-0.119153,-0.137749,1.364906,-0.164797,-0.090864,0.219298,0.065434,19.486200,0
32.020000,-0.112251,-0.115157,1.345829,-0.164246,-0.088516,0.226016,0.058422,19.574100,0
32.040000,-0.110965,-0.123379,1.350806,-0.163571,-0.085589,0.226016,0.064772,19.098700,0
32.060000,-0.108811,-0.120824,1.366998,-0.162897,-0.082663,0.226013,0.066194,19.188000,0
32.080000,-0.111493,-0.129079,1.359434,-0.162223,-0.079737,0.226008,0.070768,19.116700,0
32.100000,-0.108437,-0.116597,1.364056,-0.161550,-0.076811,0.226004,0.066362,19.076200,0
32.120000,-0.114540,-0.127451,1.327598,-0.160877,-0.073886,0.226001,0.070826,19.577200,0
32.140000,-0.118112,-0.122256,1.281921,-0.160204,-0.070961,0.225998,0.066354,19.797800,0
32.160000,-0.108397,-0.096020,1.304209,-0.159532,-0.068036,0.225995,0.058291,18.970500,0
32.180000,-0.107910,-0.104234,1.289670,-0.158860,-0.065112,0.225993,0.064237,19.041800,0
32.200000,-0.105534,-0.103341,1.308551,-0.158187,-0.062187,0.225991,0.066828,18.761300,0
32.220000,-0.105647,-0.097724,1.284407,-0.157515,-0.059263,0.225990,0.064572,19.042800,0
32.240000,-0.101880,-0.084640,1.318838,-0.156843,-0.056339,0.225989,0.061821,18.772800,0
32.260000,-0.101197,-0.081979,1.299669,-0.156171,-0.053415,0.225988,0.061952,17.245600,0
32.280000,-0.105556,-0.096697,1.308566,-0.155498,-0.050491,0.225988,0.068038,17.829400,0
32.300000,-0.101698,-0.083527,1.308240,-0.154826,-0.047567,0.225988,0.064154,18.344800,0
32.320000,-0.102106,-0.084736,1.301661,-0.154154,-0.044643,0.225987,0.065700,18.800200,0
32.340000,-0.098330,-0.071217,1.277693,-0.153482,-0.041719,0.225987,0.062545,19.393700,0
32.360000,-0.099888,-0.081554,1.287899,-0.152810,-0.038795,0.225987,0.068037,18.804100,0
32.380000,-0.092730,-0.060101,1.316665,-0.152138,-0.035872,0.225987,0.064159,19.009600,0
32.400000,-0.092702,-0.049953,1.368239,-0.151465,-0.032948,0.225987,0.061174,19.157200,0
32.420000,-0.097469,-0.078766,1.339420,-0.151367,-0.032292,0.239012,0.071168,19.321200,0
32.440000,-0.107822,-0.083110,1.291559,-0.151329,-0.032139,0.258823,0.067014,19.215600,0
32.460000,-0.101508,-0.072894,1.329822,-0.151329,-0.032142,0.276825,0.064365,19.102200,0
32.480000,-0.103437,-0.087275,1.296703,-0.151329,-0.032146,0.294821,0.073026,18.687900,0
32.500000,-0.093356,-0.055480,1.274325,-0.151328,-0.032150,0.312827,0.062490,20.275300,0
32.520000,-0.102947,-0.080665,1.276765,-0.151328,-0.032154,0.330838,0.068513,19.204500,0
32.540000,-0.107663,-0.083831,1.232035,-0.151327,-0.032158,0.348853,0.067651,18.599700,0
32.560000,-0.103715,-0.053333,1.198327,-0.151326,-0.032162,0.366869,0.052106,19.111700,0
32.580000,-0.106532,-0.076841,1.205515,-0.151326,-0.032166,0.384885,0.063264,19.100800,0
32.600000,-0.101494,-0.068565,1.164749,-0.151325,-0.032170,0.402901,0.061706,19.585100,0
32.620000,-0.107730,-0.077324,1.167626,-0.151324,-0.032174,0.420915,0.062761,19.059000,0
32.640000,-0.110101,-0.085524,1.143109,-0.151323,-0.032177,0.438927,0.067417,19.456100,0
32.660000,-0.105191,-0.072507,1.138306,-0.151322,-0.032180,0.456938,0.061273,19.156700,0
32.680000,-0.109642,-0.081987,1.092589,-0.151321,-0.032184,0.474947,0.064942,19.334000,0
32.700000,-0.112854,-0.081855,1.105434,-0.150091,-0.029795,0.478516,0.064006,19.463600,0
32.720000,-0.108059,-0.072255,1.105166,-0.148707,-0.027129,0.478514,0.060734,19.865600,0
32.740000,-0.101269,-0.056329,1.113195,-0.147324,-0.024463,0.478510,0.056005,20.705800,0
32.760000,-0.105272,-0.067646,1.128535,-0.145941,-0.021798,0.478504,0.061286,20.104100,0
32.780000,-0.094376,-0.050881,1.107260,-0.144559,-0.019133,0.478499,0.059383,20.391400,0
32.800000,-0.098138,-0.059816,1.109540,-0.143177,-0.016468,0.478495,0.062510,19.847700,0
32.820000,-0.105344,-0.067529,1.092000,-0.141795,-0.013803,0.478491,0.064924,20.642300,0
32.840000,-0.098617,-0.054515,1.104315,-0.140413,-0.011139,0.478488,0.060236,23.102700,0
32.860000,-0.090738,-0.047321,1.110296,-0.139032,-0.008475,0.478486,0.061978,19.677600,0
32.880000,-0.092636,-0.049758,1.093911,-0.137650,-0.005812,0.478484,0.062909,18.916300,0
32.900000,-0.094853,-0.047221,1.093476,-0.136269,-0.003148,0.478483,0.060479,20.468500,0
32.920000,-0.089094,-0.048184,1.102499,-0.134888,-0.000484,0.478482,0.066124,20.799400,0
32.940000,-0.086040,-0.035458,1.096066,-0.133506,0.002179,0.478481,0.060577,20.049300,0
32.960000,-0.086046,-0.026043,1.106872,-0.132125,0.004842,0.478481,0.055472,20.550600,0
32.980000,-0.087377,-0.042149,1.111892,-0.130744,0.007506,0.478480,0.065927,20.615300,0
33.000000,-0.088473,-0.028226,1.124552,-0.129362,0.010169,0.478480,0.056090,20.947600,0
33.020000,-0.085784,-0.030180,1.097639,-0.127981,0.012832,0.478480,0.060255,20.746900,0
33.040000,-0.080583,-0.024582,1.098815,-0.126600,0.015496,0.478480,0.061024,19.938200,0
33.060000,-0.082049,-0.026195,1.106474,-0.125219,0.018159,0.478479,0.061895,20.757800,0
33.080000,-0.085708,-0.027064,1.156438,-0.123837,0.020822,0.478479,0.061211,21.366300,0
33.100000,-0.075646,-0.006145,1.102705,-0.122456,0.023485,0.478479,0.055400,21.750900,0
33.120000,-0.072745,-0.006422,1.099332,-0.121075,0.026148,0.478479,0.058281,20.757200,0
33.140000,-0.085945,-0.034620,1.123292,-0.119693,0.028811,0.478479,0.071850,20.216000,0
33.160000,-0.073679,-0.005532,1.104668,-0.118312,0.031475,0.478479,0.057980,18.102600,0
33.180000,-0.076050,-0.009605,1.121945,-0.116931,0.034138,0.478479,0.059872,17.580200,0
33.200000,-0.065253,0.006155,1.129864,-0.115550,0.036801,0.478479,0.058897,18.082200,0
33.220000,-0.076666,-0.023955,1.119918,-0.114168,0.039464,0.478479,0.073677,18.420000,0
33.240000,-0.065087,0.003903,1.093859,-0.112787,0.042127,0.478479,0.061126,17.740600,0
33.260000,-0.065516,0.005413,1.125754,-0.111406,0.044790,0.478479,0.060469,18.828500,0
33.280000,-0.067010,0.002109,1.064316,-0.110024,0.047453,0.478479,0.062500,17.869200,0
33.300000,-0.061792,0.012831,1.062660,-0.108643,0.050116,0.478479,0.059876,17.369200,0
33.320000,-0.056510,0.021141,1.035790,-0.107262,0.052779,0.478479,0.059806,17.534100,0
33.340000,-0.058732,0.019908,1.010418,-0.105881,0.055442,0.478479,0.059040,18.441300,0
33.360000,-0.052513,0.025581,1.072833,-0.104499,0.058106,0.478479,0.061322,17.741700,0
33.380000,-0.049102,0.038004,1.022865,-0.103118,0.060769,0.478479,0.058617,18.589000,0
33.400000,-0.058439,0.010474,1.039889,-0.101737,0.063432,0.478479,0.068405,18.812600,0
33.420000,-0.052120,0.032325,1.047330,-0.100355,0.066095,0.478479,0.058882,18.973200,0
33.440000,-0.051365,0.035016,1.024007,-0.098974,0.068758,0.478479,0.058353,17.255600,0
33.460000,-0.043976,0.044375,1.054759,-0.097593,0.071421,0.478479,0.060052,18.263200,0
33.480000,-0.049455,0.033412,1.041536,-0.096212,0.074084,0.478479,0.061971,18.823200,0
33.500000,-0.038661,0.051370,1.044437,-0.094830,0.076747,0.478479,0.061635,19.073700,0
33.520000,-0.044026,0.039283,1.034029,-0.093449,0.079410,0.478479,0.063662,18.313300,0
33.540000,-0.037250,0.057275,1.031989,-0.092068,0.082073,0.478479,0.060165,19.091600,0
33.560000,-0.042894,0.043008,1.024272,-0.090686,0.084736,0.478479,0.063445,19.606300,0
33.580000,-0.035760,0.057450,1.042914,-0.089305,0.087400,0.478479,0.061352,19.169300,0
33.600000,-0.035859,0.059516,1.047058,-0.087924,0.090063,0.478479,0.060365,19.539100,0
33.620000,-0.033189,0.059262,1.048460,-0.086543,0.092726,0.478479,0.062980,19.276400,0
33.640000,-0.034380,0.057524,1.040187,-0.085161,0.095389,0.478479,0.063344,19.200800,0
33.660000,-0.039948,0.054594,1.027416,-0.083780,0.098052,0.478479,0.061724,18.977600,0
33.680000,-0.026894,0.069504,1.063633,-0.082399,0.100715,0.478479,0.063679,19.367600,0
33.700000,-0.031378,0.063636,1.058738,-0.081017,0.103378,0.478479,0.063588,19.161800,0
33.720000,-0.034423,0.063789,1.064265,-0.079636,0.106041,0.478479,0.061882,19.314200,0
33.740000,-0.026023,0.073714,1.070393,-0.079619,0.106463,0.461008,0.062810,19.507200,0
33.760000,-0.034133,0.062628,1.095443,-0.079616,0.106472,0.442873,0.063175,19.097900,0
33.780000,-0.034308,0.060131,1.185584,-0.079618,0.106469,0.424884,0.064809,18.385400,0
33.800000,-0.032125,0.064266,1.173219,-0.079620,0.106467,0.406893,0.063535,19.179100,0
33.820000,-0.031491,0.062301,1.150423,-0.079623,0.106465,0.388900,0.065323,18.850200,0
33.840000,-0.022077,0.083047,1.186842,-0.079626,0.106464,0.370906,0.062131,19.165700,0
33.860000,-0.027057,0.065049,1.182515,-0.079628,0.106463,0.352913,0.066924,18.803300,0
33.880000,-0.024497,0.068394,1.204801,-0.078615,0.108694,0.351931,0.067475,19.317000,0
33.900000,-0.021559,0.080169,1.276404,-0.077580,0.111513,0.351932,0.064193,19.659200,0
33.920000,-0.028927,0.063489,1.234041,-0.076545,0.114332,0.351938,0.069660,18.375100,0
33.940000,-0.023700,0.078500,1.241329,-0.075509,0.117150,0.351942,0.064638,19.102700,0
33.960000,-0.027009,0.065790,1.253883,-0.074474,0.119968,0.351945,0.072029,19.257600,0
33.980000,-0.018342,0.086826,1.196939,-0.073440,0.122785,0.351947,0.065794,19.174200,0
34.000000,-0.017635,0.089962,1.176860,-0.072405,0.125602,0.351949,0.065345,19.122800,0
34.020000,-0.025824,0.059732,1.211384,-0.071370,0.128419,0.351950,0.082416,19.365700,0
34.040000,-0.016005,0.100861,1.188058,-0.070336,0.131236,0.351951,0.062246,19.090000,0
34.060000,-0.011517,0.101475,1.167832,-0.069301,0.134052,0.351952,0.066334,19.356900,0
34.080000,-0.014179,0.107269,1.162978,-0.068267,0.136869,0.351953,0.061658,19.316700,0
34.100000,-0.018505,0.093310,1.172908,-0.067232,0.139685,0.351953,0.067268,19.382900,0
34.120000,-0.014677,0.099560,1.169512,-0.066198,0.142502,0.351953,0.067070,18.899000,0
34.140000,-0.004420,0.119696,1.178097,-0.065163,0.145318,0.351954,0.065925,18.755600,0
34.160000,-0.011268,0.104024,1.148063,-0.064129,0.148134,0.351954,0.068848,19.119600,0
34.180000,-0.006115,0.113241,1.178877,-0.063095,0.150950,0.351954,0.068328,18.397000,0
34.200000,-0.006613,0.111647,1.181394,-0.062060,0.153767,0.351954,0.069631,18.592000,0
34.220000,-0.010477,0.096174,1.194245,-0.061026,0.156583,0.351954,0.078768,17.626500,0
34.240000,-0.011126,0.108109,1.156460,-0.059992,0.159399,0.351954,0.070841,18.063200,0
34.260000,-0.003185,0.125699,1.186245,-0.059940,0.159896,0.335759,0.066262,18.621300,0
34.280000,-0.005206,0.125270,1.222260,-0.059959,0.159984,0.316677,0.064830,19.016200,0
34.300000,-0.009004,0.110004,1.245952,-0.059961,0.159981,0.298690,0.071374,19.169900,0
34.320000,-0.009675,0.116562,1.247669,-0.059963,0.159979,0.280700,0.066437,19.761400,0
34.340000,0.000286,0.136898,1.278684,-0.059965,0.159977,0.262709,0.064520,19.174100,0
34.360000,-0.005967,0.114221,1.267420,-0.059967,0.159976,0.244718,0.070778,17.670800,0
34.380000,-0.000584,0.136181,1.300970,-0.059969,0.159974,0.226727,0.063974,17.989400,0
34.400000,-0.009451,0.103003,1.340609,-0.059971,0.159974,0.208736,0.076144,18.555900,0
34.420000,-0.002101,0.134784,1.339064,-0.059974,0.159973,0.190745,0.063117,18.434900,0
34.440000,-0.004706,0.110533,1.372247,-0.059976,0.159972,0.172755,0.074155,18.496800,0
34.460000,-0.001806,0.116872,1.365465,-0.059978,0.159972,0.154766,0.072399,18.663800,0
34.480000,0.000767,0.131989,1.390137,-0.059600,0.162263,0.147071,0.067533,18.394700,0
34.500000,-0.001016,0.129706,1.377591,-0.059161,0.165234,0.147074,0.068141,19.852000,0
34.520000,-0.001378,0.107117,1.358158,-0.058723,0.168206,0.147083,0.083787,19.386800,0
34.540000,0.005156,0.142012,1.385497,-0.058283,0.171176,0.147090,0.069822,19.252400,0
34.560000,-0.001217,0.137592,1.392480,-0.057844,0.174146,0.147095,0.067401,19.057300,0
34.580000,0.000661,0.142377,1.366495,-0.057404,0.177116,0.147099,0.067663,18.468300,0
34.600000,0.001972,0.139728,1.401278,-0.056965,0.180085,0.147102,0.071430,19.674100,0
34.620000,0.003467,0.143086,1.379771,-0.056906,0.180801,0.134775,0.071185,19.088600,0
34.640000,0.006049,0.144012,1.446833,-0.056932,0.180975,0.114772,0.073027,19.057500,0
34.660000,0.004819,0.143747,1.444243,-0.056933,0.180972,0.096779,0.072104,19.065900,0
34.680000,0.001694,0.134809,1.465077,-0.056934,0.180970,0.078792,0.074620,18.785700,0
34.700000,0.003192,0.137342,1.470656,-0.056936,0.180967,0.060804,0.074287,18.784900,0
34.720000,0.008327,0.150233,1.506263,-0.056936,0.180966,0.042815,0.072137,19.126100,0
34.740000,0.003579,0.134628,1.512262,-0.056937,0.180964,0.024827,0.076218,18.778600,0
34.760000,0.005880,0.156326,1.562328,-0.056938,0.180963,0.006839,0.067477,19.139700,0
34.780000,0.005182,0.145804,1.600475,-0.056913,0.183076,-0.003168,0.072423,19.145200,0
34.800000,0.005936,0.126131,1.562379,-0.056925,0.186079,-0.003166,0.086863,19.119900,0
34.820000,0.005448,0.134307,1.594674,-0.056936,0.189082,-0.003162,0.083018,19.194500,0
34.840000,0.008481,0.148691,1.569162,-0.056947,0.192085,-0.003156,0.078510,18.943700,0
34.860000,0.007977,0.145849,1.564913,-0.056958,0.195087,-0.003152,0.081492,18.367100,0
34.880000,0.005098,0.147753,1.505686,-0.056968,0.198088,-0.003148,0.079911,19.365200,0
34.900000,0.007848,0.170990,1.542753,-0.056978,0.201090,-0.003145,0.071474,18.542400,0
34.920000,0.009468,0.167418,1.539473,-0.056987,0.204091,-0.003142,0.075902,18.884300,0
34.940000,0.008446,0.173586,1.530806,-0.056997,0.207091,-0.003140,0.073522,19.061400,0
34.960000,0.009147,0.173297,1.526413,-0.057006,0.210092,-0.003139,0.075697,18.786700,0
34.980000,0.005304,0.175883,1.526008,-0.057015,0.213093,-0.003137,0.072582,19.023900,0
35.000000,0.006360,0.156378,1.569757,-0.057025,0.216093,-0.003136,0.087083,19.543100,0
35.020000,0.007168,0.165760,1.581546,-0.057034,0.219093,-0.003136,0.083465,19.128900,0
35.040000,0.006790,0.175123,1.581563,-0.057043,0.222094,-0.003135,0.079253,19.259500,0
35.060000,0.008023,0.194785,1.579296,-0.057052,0.225094,-0.003135,0.071787,19.315000,0
35.080000,0.005303,0.200144,1.578869,-0.057062,0.228094,-0.003134,0.068342,18.818300,0
35.100000,0.002476,0.196966,1.585578,-0.057071,0.231094,-0.003134,0.068633,18.857300,0
35.120000,0.006748,0.196256,1.578691,-0.057080,0.234094,-0.003134,0.074200,18.718700,0
35.140000,0.010528,0.203787,1.577179,-0.057090,0.237094,-0.003134,0.075375,18.684900,0
35.160000,0.010589,0.193763,1.583617,-0.057099,0.240094,-0.003134,0.082026,18.680800,0
35.180000,0.008939,0.194298,1.590903,-0.057108,0.243094,-0.003134,0.082117,18.806900,0
35.200000,0.008473,0.192112,1.619254,-0.057110,0.244048,-0.012225,0.083657,18.865300,0
35.220000,0.009604,0.196129,1.647137,-0.057113,0.244222,-0.032222,0.082244,18.781500,0
35.240000,0.008372,0.205969,1.621111,-0.057114,0.244231,-0.050359,0.075844,18.504000,0
35.260000,0.008449,0.206156,1.587775,-0.057115,0.244228,-0.068348,0.075816,19.436900,0
35.280000,0.010134,0.186066,1.630650,-0.057116,0.244225,-0.086337,0.088911,19.271200,0
35.300000,0.013589,0.196186,1.629272,-0.057117,0.244223,-0.104327,0.085480,19.125700,0
35.320000,0.007483,0.221009,1.639140,-0.057369,0.246462,-0.112775,0.069668,18.596200,0
35.340000,0.008494,0.210805,1.636900,-0.057709,0.249445,-0.112773,0.076654,18.945000,0
35.360000,0.009538,0.187266,1.683296,-0.058049,0.252428,-0.112770,0.093883,19.505900,0
35.380000,0.014313,0.191656,1.609115,-0.058388,0.255411,-0.112767,0.096697,18.846400,0
35.400000,0.006463,0.225101,1.631751,-0.058727,0.258394,-0.112765,0.073200,18.941300,0
35.420000,0.012736,0.208326,1.633300,-0.059065,0.261376,-0.112762,0.089273,19.219900,0
35.440000,0.006685,0.237651,1.640679,-0.059403,0.264358,-0.112761,0.071281,18.939600,0
35.460000,0.007404,0.219936,1.645849,-0.059741,0.267340,-0.112759,0.082192,19.006200,0
35.480000,0.004228,0.231136,1.635741,-0.060079,0.270322,-0.112758,0.075306,18.969700,0
35.500000,0.011506,0.228024,1.629597,-0.060417,0.273303,-0.112757,0.084989,19.052000,0
35.520000,0.006676,0.236862,1.647475,-0.060754,0.276284,-0.112756,0.078108,19.497400,0
35.540000,0.004845,0.237953,1.614381,-0.061092,0.279266,-0.112756,0.077810,19.484900,0
35.560000,0.006906,0.223257,1.697166,-0.061430,0.282247,-0.112755,0.090275,18.686500,0
35.580000,0.006791,0.246109,1.695002,-0.061767,0.285228,-0.112755,0.078934,19.003200,0
35.600000,0.007758,0.228646,1.658695,-0.062105,0.288209,-0.112755,0.091808,18.687500,0
35.620000,0.007021,0.232832,1.614735,-0.062442,0.291190,-0.112755,0.090724,19.265400,0
35.640000,0.004277,0.263390,1.636489,-0.062780,0.294171,-0.112754,0.073784,19.929100,0
35.660000,0.007706,0.243706,1.653502,-0.062847,0.294966,-0.124009,0.087208,19.152700,0
35.680000,0.007106,0.266909,1.716770,-0.062869,0.295138,-0.144007,0.075455,19.262400,0
35.700000,0.004047,0.265101,1.684169,-0.062869,0.295138,-0.162030,0.073349,19.256000,0
35.720000,0.008471,0.237571,1.695404,-0.062870,0.295134,-0.180018,0.091668,19.277600,0
35.740000,0.007451,0.258802,1.729142,-0.062870,0.295130,-0.198022,0.079150,18.615700,0
35.760000,0.011123,0.252776,1.735199,-0.062871,0.295126,-0.216038,0.085256,18.774400,0
35.780000,0.008075,0.262875,1.774118,-0.063413,0.297469,-0.222826,0.079419,19.265200,0
35.800000,0.003118,0.274190,1.726055,-0.064078,0.300397,-0.222825,0.072126,19.729300,0
35.820000,0.008739,0.242750,1.779525,-0.064743,0.303325,-0.222823,0.095231,19.650900,0
35.840000,0.007159,0.258171,1.761210,-0.065407,0.306253,-0.222820,0.087050,18.770100,0
35.860000,0.005441,0.273985,1.774204,-0.066071,0.309180,-0.222817,0.079703,19.007100,0
35.880000,0.004045,0.273579,1.758085,-0.066735,0.312107,-0.222815,0.080586,18.290400,0
35.900000,0.003884,0.271873,1.755419,-0.067399,0.315034,-0.222813,0.083332,18.731300,0
35.920000,0.002722,0.255483,1.739959,-0.068062,0.317960,-0.222812,0.094413,19.162300,0
35.940000,0.003645,0.279735,1.748068,-0.068725,0.320887,-0.222810,0.083252,17.478000,0
35.960000,0.005089,0.270201,1.728512,-0.069388,0.323813,-0.222809,0.091766,17.512100,0
35.980000,0.003387,0.286228,1.748391,-0.070051,0.326740,-0.222809,0.083871,17.428000,0
36.000000,-0.000636,0.297289,1.753060,-0.070714,0.329666,-0.222808,0.077196,20.336300,0
36.020000,0.005499,0.297938,1.747443,-0.071377,0.332592,-0.222808,0.084326,18.558900,0
36.040000,0.005194,0.291428,1.751932,-0.072040,0.335518,-0.222808,0.088933,18.474200,0
36.060000,-0.003623,0.307684,1.740565,-0.072703,0.338444,-0.222807,0.075619,19.418700,0
36.080000,0.002045,0.294498,1.738901,-0.073366,0.341370,-0.222807,0.088791,18.960000,0
36.100000,-0.002927,0.313295,1.755641,-0.074029,0.344296,-0.222807,0.077566,19.010200,0
36.120000,-0.002569,0.307161,1.751556,-0.074692,0.347222,-0.222807,0.082503,18.847400,0
36.140000,0.002939,0.300874,1.762171,-0.075355,0.350148,-0.222807,0.092508,18.761300,0
36.160000,-0.001838,0.308802,1.762981,-0.076018,0.353074,-0.222807,0.086387,19.033900,0
36.180000,-0.010888,0.331819,1.769253,-0.076680,0.356000,-0.222807,0.070095,17.599700,0
36.200000,-0.003826,0.311165,1.751861,-0.077343,0.358926,-0.222807,0.087669,17.684800,0
36.220000,-0.006630,0.324042,1.785058,-0.077442,0.359589,-0.235729,0.079233,17.626900,0
36.240000,-0.001533,0.305754,1.805615,-0.077480,0.359743,-0.255555,0.093181,17.941100,0
36.260000,-0.001530,0.327518,1.797919,-0.077480,0.359741,-0.273562,0.082503,18.137300,0
36.280000,0.000169,0.316869,1.855205,-0.077480,0.359737,-0.291561,0.088696,18.839700,0
36.300000,-0.001488,0.323850,1.843665,-0.077481,0.359732,-0.309569,0.084038,19.186300,0
36.320000,0.001545,0.308074,1.874868,-0.077481,0.359728,-0.327582,0.094410,19.199400,0
36.340000,-0.002990,0.327839,1.863439,-0.077482,0.359724,-0.345598,0.081029,19.094000,0
36.360000,0.001182,0.299518,1.929986,-0.077483,0.359720,-0.363616,0.099058,18.930200,0
36.380000,-0.003722,0.323321,1.895214,-0.078404,0.362136,-0.368309,0.084166,19.245800,0
36.400000,0.000822,0.323940,1.895928,-0.079487,0.364938,-0.368311,0.090168,19.307500,0
36.420000,-0.001369,0.333741,1.882961,-0.080569,0.367739,-0.368309,0.086189,18.000700,0
36.440000,-0.000451,0.322291,1.880173,-0.081650,0.370540,-0.368305,0.094453,19.360100,0
36.460000,-0.010592,0.351924,1.907023,-0.082731,0.373340,-0.368301,0.075251,19.753800,0
36.480000,-0.003475,0.333121,1.942061,-0.083812,0.376140,-0.368299,0.091130,19.676100,0
36.500000,-0.011011,0.343860,1.979154,-0.084892,0.378940,-0.368296,0.081786,19.030200,0
36.520000,-0.005730,0.328986,1.976459,-0.085973,0.381740,-0.368294,0.096031,19.076400,0
36.540000,-0.006670,0.332525,1.882762,-0.087053,0.384539,-0.368293,0.095743,18.967100,0
36.560000,-0.012464,0.345997,1.912116,-0.088133,0.387339,-0.368291,0.086227,19.539700,0
36.580000,-0.014917,0.345041,1.893507,-0.089214,0.390138,-0.368290,0.086912,19.509900,0
36.600000,-0.016380,0.355257,1.894043,-0.090294,0.392937,-0.368290,0.082964,18.773700,0
36.620000,-0.017955,0.361849,1.889594,-0.091374,0.395737,-0.368289,0.080863,19.410600,0
36.640000,-0.015799,0.354691,1.953851,-0.092454,0.398536,-0.368289,0.088309,19.524200,0
36.660000,-0.014052,0.363160,1.966320,-0.093534,0.401335,-0.368289,0.088175,19.357500,0
36.680000,-0.021877,0.373030,1.935491,-0.094614,0.404134,-0.368288,0.079108,19.553200,0
36.700000,-0.023471,0.381639,1.956673,-0.095694,0.406933,-0.368288,0.076524,19.039400,0
36.720000,-0.015281,0.363847,1.948670,-0.096774,0.409732,-0.368288,0.093523,19.411900,0
36.740000,-0.013154,0.371255,1.927149,-0.097854,0.412531,-0.368288,0.094222,19.588500,0
36.760000,-0.018417,0.372359,1.931729,-0.098934,0.415329,-0.368288,0.091266,19.042500,0
36.780000,-0.024369,0.386075,1.882340,-0.100014,0.418128,-0.368288,0.082156,19.858000,0
36.800000,-0.019836,0.366866,1.911112,-0.100204,0.418620,-0.383358,0.095591,19.390900,0
36.820000,-0.023501,0.386427,1.938295,-0.100239,0.418704,-0.402419,0.083250,18.804000,0
36.840000,-0.018283,0.366125,1.977320,-0.100238,0.418701,-0.420412,0.097370,19.321000,0
36.860000,-0.023559,0.381268,1.973311,-0.100238,0.418697,-0.438410,0.085327,19.005600,0
36.880000,-0.018077,0.370773,2.000208,-0.100238,0.418693,-0.456413,0.095115,18.311600,0
36.900000,-0.022652,0.388653,2.015124,-0.100238,0.418689,-0.474419,0.083197,18.500900,0
36.920000,-0.017013,0.372906,2.003306,-0.100239,0.418685,-0.492427,0.094986,18.657600,0
36.940000,-0.019924,0.386726,2.081118,-0.100239,0.418682,-0.510436,0.086439,18.188200,0
36.960000,-0.012873,0.374087,2.043071,-0.100240,0.418678,-0.528444,0.098088,18.482700,0
36.980000,-0.022584,0.388138,2.062607,-0.101611,0.421025,-0.531664,0.085597,18.405300,0
37.000000,-0.020548,0.382300,2.067861,-0.103134,0.423613,-0.531663,0.092343,17.467000,0
37.020000,-0.012395,0.380786,2.059705,-0.104657,0.426201,-0.531659,0.102834,17.264600,0
37.040000,-0.021368,0.385463,2.049803,-0.106180,0.428789,-0.531655,0.095237,17.947000,0
37.060000,-0.025905,0.399673,2.084677,-0.107702,0.431377,-0.531651,0.087726,18.263100,0
37.080000,-0.030213,0.404393,2.035980,-0.109223,0.433964,-0.531648,0.084362,18.494700,0
37.100000,-0.027479,0.397064,2.123046,-0.110745,0.436551,-0.531646,0.092154,19.293700,0
37.120000,-0.033369,0.404829,2.117687,-0.112266,0.439138,-0.531644,0.086034,17.804500,0
37.140000,-0.031668,0.404816,2.126004,-0.113787,0.441725,-0.531642,0.090032,18.963300,0
37.160000,-0.036408,0.411546,2.113980,-0.115308,0.444311,-0.531641,0.085433,18.737200,0
37.180000,-0.041281,0.420838,2.126842,-0.116829,0.446898,-0.531640,0.079916,18.575700,0
37.200000,-0.031230,0.407617,2.147787,-0.118350,0.449484,-0.531639,0.096658,19.110700,0
37.220000,-0.040741,0.420795,2.129728,-0.119871,0.452070,-0.531639,0.085086,19.125600,0
37.240000,-0.040984,0.426005,2.121018,-0.121392,0.454656,-0.531638,0.085360,18.714000,0
37.260000,-0.039456,0.433750,2.059858,-0.121602,0.455014,-0.548277,0.084853,19.466700,0
37.280000,-0.028028,0.407412,2.151899,-0.121628,0.455053,-0.566841,0.105027,19.371100,0
37.300000,-0.035305,0.416362,2.117693,-0.121627,0.455050,-0.584828,0.094595,18.919200,0
37.320000,-0.031457,0.399707,2.140919,-0.121626,0.455047,-0.602821,0.105797,19.111400,0
37.340000,-0.042688,0.423491,2.168091,-0.121625,0.455043,-0.620818,0.085009,18.507600,0
37.360000,-0.043150,0.432202,2.265847,-0.121625,0.455040,-0.638818,0.081730,19.276200,0
37.380000,-0.031135,0.421816,2.242115,-0.121625,0.455037,-0.656819,0.096396,19.085300,0
37.400000,-0.024487,0.403995,2.177840,-0.121626,0.455034,-0.674820,0.109731,19.001700,0
37.420000,-0.038110,0.422948,2.234647,-0.121626,0.455031,-0.692822,0.089466,19.066900,0
37.440000,-0.032103,0.413699,2.246634,-0.121626,0.455028,-0.710823,0.098603,18.397900,0
37.460000,-0.028197,0.416711,2.250938,-0.121627,0.455026,-0.728823,0.100981,19.060600,0
37.480000,-0.022922,0.411088,2.289515,-0.121627,0.455023,-0.746822,0.108042,18.272700,0
37.500000,-0.038465,0.420524,2.270388,-0.121628,0.455020,-0.764820,0.090033,18.847100,0
37.520000,-0.029795,0.414302,2.354637,-0.121629,0.455018,-0.782817,0.100455,18.866500,0
37.540000,-0.022988,0.414132,2.334110,-0.121630,0.455016,-0.800813,0.106778,18.334300,0
37.560000,-0.016127,0.404410,2.387032,-0.121630,0.455013,-0.818809,0.117011,17.758300,0
37.580000,-0.030161,0.425046,2.355961,-0.121631,0.455011,-0.836803,0.096253,18.416600,0
37.600000,-0.017936,0.412795,2.369437,-0.121632,0.455009,-0.854796,0.111959,18.725200,0
37.620000,-0.035063,0.429569,2.391723,-0.121632,0.455007,-0.872789,0.090229,18.849400,0
37.640000,-0.024111,0.415102,2.403881,-0.121633,0.455005,-0.890781,0.105370,18.837400,0
37.660000,-0.011501,0.410404,2.453516,-0.121634,0.455003,-0.908772,0.118821,18.926400,0
37.680000,-0.023411,0.419747,2.427150,-0.123713,0.456821,-0.909301,0.106934,18.512300,0
37.700000,-0.033877,0.428000,2.465540,-0.126084,0.458666,-0.909293,0.097173,18.626500,0
37.720000,-0.037438,0.426099,2.447760,-0.128454,0.460512,-0.909283,0.097305,18.941500,0
37.740000,-0.043580,0.432184,2.499214,-0.130823,0.462357,-0.909275,0.092313,18.595900,0
37.760000,-0.048753,0.444894,2.496148,-0.133191,0.464201,-0.909269,0.086617,18.532900,0
37.780000,-0.041854,0.437802,2.506593,-0.135560,0.466046,-0.909265,0.097870,19.322100,0
37.800000,-0.046626,0.439390,2.462092,-0.137928,0.467890,-0.909262,0.095647,19.364500,0
37.820000,-0.059583,0.448405,2.484254,-0.140296,0.469734,-0.909260,0.083484,19.485000,0
37.840000,-0.053827,0.441584,2.481098,-0.142663,0.471578,-0.909258,0.093763,18.756600,0
37.860000,-0.058449,0.444951,2.492268,-0.145031,0.473422,-0.909257,0.091142,18.714600,0
37.880000,-0.066502,0.453742,2.495289,-0.147398,0.475265,-0.909256,0.083710,18.787000,0
37.900000,-0.064241,0.451158,2.513550,-0.149766,0.477109,-0.909255,0.089375,19.053000,0
37.920000,-0.055997,0.444115,2.468389,-0.152133,0.478952,-0.909255,0.102254,18.598800,0
37.940000,-0.056586,0.442730,2.445029,-0.154500,0.480795,-0.909254,0.105053,18.986900,0
37.960000,-0.062784,0.453155,2.431102,-0.156867,0.482639,-0.909254,0.098595,18.816500,0
37.980000,-0.060666,0.441405,2.413470,-0.159235,0.484482,-0.909253,0.107571,18.884700,0
38.000000,-0.077079,0.456283,2.429016,-0.161602,0.486325,-0.909253,0.089703,19.341600,0
38.020000,-0.069937,0.460074,2.517111,-0.163969,0.488168,-0.909253,0.098139,18.939400,0
38.040000,-0.079418,0.467029,2.499898,-0.166336,0.490011,-0.909253,0.089904,19.406800,0
38.060000,-0.061679,0.450001,2.430391,-0.168703,0.491855,-0.909253,0.114917,19.332800,0
38.080000,-0.076480,0.465407,2.450478,-0.171071,0.493698,-0.909253,0.098731,18.779600,0
38.100000,-0.074124,0.464426,2.424622,-0.173438,0.495541,-0.909252,0.104075,19.508000,0
38.120000,-0.067401,0.456060,2.452430,-0.175805,0.497384,-0.909252,0.116014,19.243200,0
38.140000,-0.088791,0.467287,2.461201,-0.178172,0.499227,-0.909252,0.094917,19.772900,0
38.160000,-0.071910,0.458694,2.438780,-0.180539,0.501070,-0.909252,0.116602,22.846800,0
38.180000,-0.087004,0.472337,2.437601,-0.182906,0.502913,-0.909252,0.100659,20.388800,0
38.200000,-0.092993,0.478188,2.449271,-0.185273,0.504756,-0.909252,0.096028,18.947100,0
38.220000,-0.096460,0.479673,2.422929,-0.187641,0.506599,-0.909252,0.095073,19.451100,0
38.240000,-0.084136,0.469700,2.457926,-0.190008,0.508442,-0.909252,0.112738,20.030600,0
38.260000,-0.086999,0.473350,2.422319,-0.192375,0.510285,-0.909252,0.111662,21.216500,0
38.280000,-0.108285,0.487316,2.455470,-0.194742,0.512128,-0.909252,0.089947,18.623300,0
38.300000,-0.104538,0.488563,2.449866,-0.197109,0.513971,-0.909252,0.095994,18.079800,0
38.320000,-0.095066,0.475338,2.429729,-0.199476,0.515814,-0.909252,0.111981,18.236800,0
38.340000,-0.086079,0.475015,2.424787,-0.199772,0.515977,-0.926467,0.120847,17.959500,0
38.360000,-0.087759,0.476327,2.500614,-0.199769,0.515974,-0.944452,0.118820,18.197900,0
38.380000,-0.102219,0.486344,2.492263,-0.199767,0.515971,-0.962441,0.101948,18.031000,0
38.400000,-0.109934,0.497889,2.572734,-0.199765,0.515968,-0.980433,0.091632,17.872100,0
38.420000,-0.113112,0.497743,2.541640,-0.199763,0.515965,-0.998427,0.088546,18.147300,0
38.440000,-0.094683,0.484352,2.517522,-0.199763,0.515962,-1.016423,0.109731,19.231100,0
38.460000,-0.102258,0.486931,2.607450,-0.199762,0.515959,-1.034418,0.101733,19.283600,0
38.480000,-0.107142,0.490498,2.604120,-0.199762,0.515956,-1.052414,0.096055,20.118100,0
38.500000,-0.121996,0.494679,2.629056,-0.201899,0.517440,-1.052511,0.083082,19.819000,0
38.520000,-0.113147,0.495683,2.629200,-0.204508,0.518928,-1.052504,0.094272,19.263400,0
38.540000,-0.115553,0.500205,2.644054,-0.207117,0.520416,-1.052498,0.093768,19.281400,0
38.560000,-0.130707,0.506621,2.674107,-0.209724,0.521904,-1.052493,0.080482,19.571000,0
38.580000,-0.133709,0.508772,2.630569,-0.212332,0.523391,-1.052490,0.079970,19.330400,0
38.600000,-0.123516,0.502323,2.635984,-0.214939,0.524879,-1.052487,0.094164,19.754500,0
38.620000,-0.136818,0.509137,2.666197,-0.217546,0.526366,-1.052485,0.082546,19.978800,0
38.640000,-0.131352,0.507228,2.662625,-0.220153,0.527853,-1.052484,0.091165,20.078100,0
38.660000,-0.133732,0.508992,2.662652,-0.220533,0.527887,-1.069616,0.088834,19.595800,0
38.680000,-0.129035,0.507921,2.633291,-0.220531,0.527885,-1.087605,0.093649,19.247700,0
38.700000,-0.108730,0.497000,2.642691,-0.220528,0.527882,-1.105593,0.115985,19.427000,0
38.720000,-0.124808,0.506430,2.708009,-0.220526,0.527880,-1.123583,0.098092,19.705600,0
38.740000,-0.118859,0.505643,2.675256,-0.220524,0.527878,-1.141575,0.104068,20.204200,0
38.760000,-0.109856,0.501738,2.683381,-0.220523,0.527875,-1.159568,0.113712,19.589200,0
38.780000,-0.111499,0.502983,2.768837,-0.220522,0.527873,-1.177561,0.111828,19.267400,0
38.800000,-0.116735,0.505487,2.775011,-0.220522,0.527871,-1.195553,0.106173,20.025300,0
38.820000,-0.108807,0.501407,2.715664,-0.220521,0.527868,-1.213545,0.114805,19.882100,0
38.840000,-0.121136,0.508654,2.814780,-0.220521,0.527866,-1.231537,0.101225,18.886200,0
38.860000,-0.142822,0.517994,2.923408,-0.220521,0.527864,-1.249527,0.078323,19.016300,0
38.880000,-0.140795,0.513807,2.845944,-0.220521,0.527862,-1.267517,0.080955,19.323000,0
38.900000,-0.120250,0.512677,2.803248,-0.220521,0.527860,-1.285506,0.101414,19.184600,0
38.920000,-0.094868,0.504000,2.819039,-0.220521,0.527858,-1.303495,0.127898,19.984600,0
38.940000,-0.092299,0.498794,2.848107,-0.220521,0.527856,-1.321482,0.131474,20.780000,0
38.960000,-0.144223,0.518385,2.859787,-0.220521,0.527854,-1.339469,0.076883,20.730100,0
38.980000,-0.117398,0.508618,2.890186,-0.220521,0.527852,-1.357456,0.104902,20.098000,0
39.000000,-0.101551,0.507527,2.910735,-0.222859,0.528384,-1.364329,0.123088,19.849500,0
39.020000,-0.102951,0.506164,2.895907,-0.225799,0.528998,-1.364326,0.124953,19.105000,0
39.040000,-0.131897,0.507689,2.899412,-0.228739,0.529613,-1.364314,0.099293,18.261900,0
39.060000,-0.131629,0.513452,2.875590,-0.231679,0.530228,-1.364305,0.101447,19.373700,0
39.080000,-0.114551,0.511590,2.915481,-0.234617,0.530843,-1.364299,0.121599,18.143500,0
39.100000,-0.109505,0.505465,2.893075,-0.237555,0.531459,-1.364294,0.130661,18.109900,0
39.120000,-0.146301,0.513131,2.901490,-0.240493,0.532074,-1.364292,0.096078,17.314800,0
39.140000,-0.128828,0.514949,2.981394,-0.243431,0.532690,-1.364290,0.115968,17.917800,0
39.160000,-0.156025,0.518986,2.938194,-0.246368,0.533305,-1.364289,0.091471,17.095400,0
39.180000,-0.159231,0.523560,2.963289,-0.249305,0.533920,-1.364288,0.090668,18.984000,0
39.200000,-0.167091,0.521205,2.945492,-0.252242,0.534536,-1.364287,0.086188,18.071400,0
39.220000,-0.149819,0.521881,2.957890,-0.255179,0.535151,-1.364286,0.106193,19.662900,0
39.240000,-0.164581,0.524684,2.943105,-0.258115,0.535767,-1.364285,0.094188,18.533300,0
39.260000,-0.174570,0.523495,2.907709,-0.261052,0.536382,-1.364285,0.087437,19.326300,0
39.280000,-0.112494,0.510770,2.774554,-0.263988,0.536997,-1.364284,0.153748,18.564200,0
39.300000,-0.161243,0.520788,2.940867,-0.266925,0.537613,-1.364284,0.107013,19.074900,0
39.320000,-0.184612,0.527124,2.928321,-0.269861,0.538228,-1.364283,0.085970,18.465400,0
39.340000,-0.199851,0.533721,2.960743,-0.272797,0.538843,-1.364283,0.073126,18.909900,0
39.360000,-0.170010,0.525213,2.944887,-0.275734,0.539458,-1.364283,0.106679,18.806200,0
39.380000,-0.187849,0.528963,2.943159,-0.278670,0.540074,-1.364283,0.091498,18.800000,0
39.400000,-0.194645,0.526776,2.960660,-0.281606,0.540689,-1.364283,0.088067,19.472900,0
39.420000,-0.194831,0.532674,2.919365,-0.284543,0.541304,-1.364283,0.090126,18.867700,0
39.440000,-0.209290,0.536576,2.930296,-0.287479,0.541919,-1.364283,0.078371,18.469100,0
39.460000,-0.195505,0.533165,2.962230,-0.290415,0.542534,-1.364283,0.095371,18.873600,0
39.480000,-0.217877,0.536769,2.939072,-0.293351,0.543150,-1.364283,0.075744,19.007100,0
39.500000,-0.214088,0.532071,2.950449,-0.296288,0.543765,-1.364283,0.083028,18.732800,0
39.520000,-0.185145,0.527078,2.918557,-0.299224,0.544380,-1.364283,0.115384,18.829300,0
39.540000,-0.185648,0.527930,2.898010,-0.302160,0.544995,-1.364282,0.117755,18.989500,0
39.560000,-0.208230,0.528703,2.898758,-0.305097,0.545610,-1.364282,0.098331,19.008500,0
39.580000,-0.196934,0.527987,2.905523,-0.308033,0.546225,-1.364282,0.112586,19.002600,0
39.600000,-0.236072,0.539071,2.926587,-0.310969,0.546840,-1.364282,0.075299,19.007600,0
39.620000,-0.172837,0.532035,2.835645,-0.313905,0.547456,-1.364282,0.141908,19.546100,0
39.640000,-0.212785,0.536333,2.866864,-0.316842,0.548071,-1.364282,0.104717,19.396800,0
39.660000,-0.204629,0.531565,2.893705,-0.319778,0.548686,-1.364282,0.116415,18.472700,0
39.680000,-0.209390,0.532194,2.885662,-0.322714,0.549301,-1.364282,0.114608,19.627900,0
39.700000,-0.216276,0.536365,2.943857,-0.325650,0.549916,-1.364282,0.110210,19.513800,0
39.720000,-0.228909,0.539957,2.956584,-0.328587,0.550531,-1.364282,0.100237,18.726800,0
39.740000,-0.244639,0.539378,2.958114,-0.331523,0.551147,-1.364282,0.087678,19.271200,0
39.760000,-0.258130,0.542378,2.910403,-0.334459,0.551762,-1.364282,0.076904,19.026100,0
39.780000,-0.231759,0.541119,2.916224,-0.337395,0.552377,-1.364282,0.106234,18.564100,0
39.800000,-0.211801,0.536173,2.879264,-0.340332,0.552992,-1.364282,0.129627,17.959100,0
39.820000,-0.229638,0.541635,2.887630,-0.343268,0.553607,-1.364282,0.114259,20.517100,0
39.840000,-0.243369,0.540372,2.889073,-0.346204,0.554222,-1.364282,0.103763,20.276100,0
39.860000,-0.240733,0.538498,2.967373,-0.349140,0.554837,-1.364282,0.109632,19.789500,0
39.880000,-0.264329,0.543552,2.987802,-0.349773,0.554919,-1.377692,0.086197,19.246300,0
39.900000,-0.317978,0.555606,3.051102,-0.349941,0.554882,-1.397663,0.031972,20.334700,0
39.920000,-0.254132,0.543348,2.998831,-0.349937,0.554881,-1.415651,0.096497,19.333100,0
39.940000,-0.221642,0.545173,2.911224,-0.349935,0.554879,-1.433640,0.128659,20.142900,0
39.960000,-0.239814,0.542117,2.975006,-0.349932,0.554877,-1.451631,0.110855,19.473100,0
39.980000,-0.220835,0.542177,2.970298,-0.349931,0.554875,-1.469621,0.129719,20.065800,0
40.000000,-0.236795,0.540888,3.045002,-0.352175,0.555167,-1.478018,0.116261,18.724700,0
40.020000,-0.264475,0.545934,3.081068,-0.355165,0.555443,-1.478016,0.091187,18.673900,0
40.040000,-0.289609,0.545690,3.076013,-0.358155,0.555720,-1.478010,0.069276,19.558200,0
40.060000,-0.220759,0.544008,3.020891,-0.361144,0.555996,-1.478007,0.140896,19.386400,0
40.080000,-0.260659,0.544539,3.029870,-0.364133,0.556274,-1.478004,0.104137,18.370400,0
40.100000,-0.258704,0.540595,3.026468,-0.367122,0.556551,-1.478002,0.109586,18.387300,0
40.120000,-0.185930,0.543289,3.031398,-0.370110,0.556829,-1.478000,0.184677,18.458000,0
40.140000,-0.259927,0.549543,3.027688,-0.373098,0.557106,-1.477999,0.113423,18.850200,0
40.160000,-0.242494,0.543231,2.998420,-0.376086,0.557384,-1.477997,0.134340,19.322600,0
40.180000,-0.266393,0.544439,2.991823,-0.379074,0.557662,-1.477996,0.113455,20.431400,0
40.200000,-0.266360,0.546280,3.034750,-0.382061,0.557940,-1.477996,0.116287,18.728900,0
40.220000,-0.268355,0.550996,3.022083,-0.382845,0.557885,-1.489429,0.114697,17.297600,0
40.240000,-0.290724,0.551810,3.109143,-0.383019,0.557869,-1.509429,0.092494,18.606500,0
40.260000,-0.281642,0.550046,3.064930,-0.383017,0.557868,-1.527441,0.101676,19.277300,0
40.280000,-0.266146,0.549540,3.049025,-0.383014,0.557867,-1.545429,0.117164,20.213300,0
40.300000,-0.263055,0.548793,3.099371,-0.383012,0.557866,-1.563417,0.120299,19.645400,0
40.320000,-0.246845,0.549100,3.117355,-0.383010,0.557864,-1.581407,0.136447,21.150000,0
40.340000,-0.297517,0.551513,-3.101864,-0.383008,0.557863,-1.599396,0.085727,22.700900,0
40.360000,-0.310809,0.553272,-3.115247,-0.383007,0.557862,-1.617384,0.072344,22.137800,0
40.380000,-0.322909,0.552343,-3.013752,-0.383006,0.557860,-1.635373,0.060350,21.839600,0
40.400000,-0.302344,0.554523,-3.032433,-0.383005,0.557859,-1.653360,0.080730,21.458800,0
40.420000,-0.295594,0.550640,-3.049780,-0.383004,0.557857,-1.671347,0.087707,20.016000,0
40.440000,-0.238594,0.556433,-3.078171,-0.383004,0.557856,-1.689334,0.144417,19.242800,0
40.460000,-0.300510,0.552914,-2.995248,-0.382998,0.557855,-1.707377,0.082635,20.762500,0
40.480000,-0.291773,0.554256,-2.993073,-0.382992,0.557853,-1.725426,0.091290,19.455600,0
40.500000,-0.260503,0.562388,-3.035531,-0.382986,0.557852,-1.743473,0.122567,20.715800,0
40.520000,-0.258054,0.557679,-2.972886,-0.382980,0.557851,-1.761516,0.124926,20.243100,0
40.540000,-0.265503,0.558868,-3.000627,-0.382975,0.557850,-1.779554,0.117476,19.545200,0
40.560000,-0.256002,0.560501,-2.945406,-0.382970,0.557849,-1.797588,0.126996,20.079700,0
40.580000,-0.263903,0.562666,-2.949939,-0.382965,0.557847,-1.815618,0.119160,21.406100,0
40.600000,-0.265281,0.561234,-2.951846,-0.382961,0.557846,-1.833644,0.117729,20.895300,0
40.620000,-0.260357,0.559999,-2.888433,-0.382957,0.557845,-1.851667,0.122619,20.489200,0
40.640000,-0.290818,0.558325,-2.836461,-0.382953,0.557844,-1.869687,0.092136,20.098300,0
40.660000,-0.289176,0.554218,-2.859871,-0.382950,0.557843,-1.887704,0.093844,20.408400,0
40.680000,-0.271114,0.557861,-2.858219,-0.382946,0.557841,-1.905718,0.111832,19.960500,0
40.700000,-0.270083,0.566446,-2.792532,-0.382943,0.557840,-1.923731,0.113188,19.376100,0
40.720000,-0.257332,0.570939,-2.814522,-0.382940,0.557839,-1.941741,0.126289,18.021900,0
40.740000,-0.254399,0.571926,-2.802812,-0.382937,0.557838,-1.959750,0.129308,17.913300,0
40.760000,-0.264702,0.569699,-2.762925,-0.382934,0.557837,-1.977757,0.118826,17.576300,0
40.780000,-0.286491,0.562830,-2.720894,-0.382932,0.557836,-1.995763,0.096570,17.870700,0
40.800000,-0.289248,0.562832,-2.741134,-0.382929,0.557835,-2.013767,0.093814,18.088600,0
40.820000,-0.277698,0.567167,-2.724385,-0.382926,0.557833,-2.031771,0.105641,17.615900,0
40.840000,-0.267182,0.574142,-2.672505,-0.382924,0.557832,-2.049773,0.116886,17.406800,0
40.860000,-0.265296,0.575993,-2.683320,-0.382921,0.557831,-2.067774,0.119019,18.599900,0
40.880000,-0.278217,0.571732,-2.689435,-0.385294,0.556543,-2.071205,0.108149,18.216500,0
40.900000,-0.295590,0.559905,-2.599364,-0.387929,0.555102,-2.071202,0.092463,18.563300,0
40.920000,-0.284829,0.570016,-2.632922,-0.390564,0.553660,-2.071195,0.106992,19.141500,0
40.940000,-0.301033,0.554231,-2.612527,-0.393199,0.552220,-2.071186,0.092188,19.195700,0
40.960000,-0.309450,0.555697,-2.612545,-0.395833,0.550779,-2.071180,0.086523,19.267600,0
40.980000,-0.271625,0.572258,-2.728464,-0.398467,0.549339,-2.071174,0.128896,19.274200,0
41.000000,-0.308702,0.554365,-2.669163,-0.401100,0.547900,-2.071170,0.092624,18.486900,0
41.020000,-0.285529,0.561173,-2.671425,-0.403734,0.546460,-2.071166,0.119117,18.671500,0
41.040000,-0.311519,0.547119,-2.646273,-0.406367,0.545021,-2.071164,0.094872,19.377200,0
41.060000,-0.306789,0.555309,-2.704755,-0.406747,0.544813,-2.087558,0.100508,19.189000,0
41.080000,-0.306162,0.547822,-2.646102,-0.406799,0.544782,-2.106274,0.100683,19.123300,0
41.100000,-0.291818,0.561290,-2.630003,-0.406796,0.544783,-2.124261,0.116157,19.623100,0
41.120000,-0.314057,0.548615,-2.572290,-0.406793,0.544784,-2.142252,0.092815,21.715900,0
41.140000,-0.308211,0.554323,-2.598601,-0.406790,0.544784,-2.160248,0.099039,19.456200,0
41.160000,-0.283978,0.568857,-2.612251,-0.406787,0.544785,-2.178247,0.125146,19.906100,0
41.180000,-0.318266,0.550359,-2.502547,-0.406784,0.544784,-2.196248,0.088693,19.107800,0
41.200000,-0.304823,0.554702,-2.536243,-0.406781,0.544784,-2.214249,0.102440,19.949000,0
41.220000,-0.322680,0.548751,-2.421617,-0.406778,0.544784,-2.232250,0.084192,18.752800,0
41.240000,-0.307686,0.561985,-2.448946,-0.406775,0.544783,-2.250251,0.100571,19.813300,0
41.260000,-0.310253,0.561655,-2.456779,-0.406772,0.544783,-2.268251,0.097982,20.241000,0
41.280000,-0.309503,0.563654,-2.471498,-0.406770,0.544782,-2.286250,0.099081,18.580400,0
41.300000,-0.321570,0.552618,-2.362020,-0.406767,0.544782,-2.304248,0.085557,19.677900,0
41.320000,-0.308078,0.565780,-2.410026,-0.406765,0.544781,-2.322246,0.100897,19.779000,0
41.340000,-0.301839,0.564888,-2.424957,-0.406763,0.544780,-2.340242,0.106833,19.434500,0
41.360000,-0.316157,0.559529,-2.315449,-0.406760,0.544780,-2.358237,0.091796,20.286200,0
41.380000,-0.329346,0.541687,-2.290665,-0.406758,0.544779,-2.376232,0.077474,19.911800,0
41.400000,-0.314806,0.563984,-2.306681,-0.406756,0.544778,-2.394226,0.093935,19.333200,0
41.420000,-0.299939,0.569452,-2.339568,-0.406754,0.544777,-2.412219,0.109628,19.724200,0
41.440000,-0.326280,0.549379,-2.257304,-0.406752,0.544777,-2.430211,0.080603,19.987300,0
41.460000,-0.320112,0.553837,-2.242103,-0.406750,0.544776,-2.448203,0.087111,18.986500,0
41.480000,-0.319184,0.558202,-2.247421,-0.408590,0.542693,-2.449613,0.090741,18.616700,0
41.500000,-0.321334,0.551252,-2.233647,-0.410507,0.540379,-2.449606,0.089833,19.080400,0
41.520000,-0.321923,0.548686,-2.249714,-0.412423,0.538067,-2.449596,0.091121,19.489500,0
41.540000,-0.308641,0.564775,-2.317739,-0.414339,0.535755,-2.449588,0.109609,19.604700,0
41.560000,-0.318847,0.557086,-2.340722,-0.416255,0.533443,-2.449582,0.100236,19.442400,0
41.580000,-0.314681,0.558034,-2.307499,-0.418171,0.531132,-2.449578,0.106929,19.726900,0
41.600000,-0.351135,0.528511,-2.206570,-0.420087,0.528822,-2.449574,0.068952,19.573600,0
41.620000,-0.330485,0.542682,-2.227077,-0.422002,0.526511,-2.449572,0.092935,18.910200,0
41.640000,-0.331639,0.545204,-2.245468,-0.423917,0.524201,-2.449570,0.094638,19.130700,0
41.660000,-0.338526,0.536697,-2.255009,-0.425832,0.521891,-2.449569,0.088553,19.116500,0
41.680000,-0.344967,0.527634,-2.246188,-0.427747,0.519580,-2.449568,0.083171,19.708500,0
41.700000,-0.356336,0.505934,-2.236283,-0.429662,0.517270,-2.449568,0.074197,19.141500,0
41.720000,-0.339957,0.529412,-2.242194,-0.431576,0.514960,-2.449567,0.092752,18.927900,0
41.740000,-0.346252,0.533853,-2.245970,-0.433491,0.512650,-2.449566,0.089779,19.324400,0
41.760000,-0.356263,0.511879,-2.219603,-0.435406,0.510340,-2.449566,0.079158,22.259000,0
41.780000,-0.333283,0.536267,-2.317790,-0.437320,0.508030,-2.449566,0.107801,19.323500,0
41.800000,-0.342135,0.530838,-2.359113,-0.439235,0.505720,-2.449565,0.100296,19.341400,0
41.820000,-0.349163,0.526808,-2.312349,-0.441149,0.503410,-2.449565,0.094915,19.368200,0
41.840000,-0.356015,0.515697,-2.237674,-0.443063,0.501101,-2.449565,0.088263,20.535100,0
41.860000,-0.347744,0.519002,-2.224757,-0.444978,0.498791,-2.449565,0.099312,20.095400,0
41.880000,-0.364953,0.501112,-2.234429,-0.446892,0.496481,-2.449565,0.082070,19.352300,0
41.900000,-0.375035,0.492287,-2.243542,-0.448807,0.494171,-2.449565,0.073796,18.362900,0
41.920000,-0.364386,0.505709,-2.238288,-0.450721,0.491861,-2.449565,0.087438,18.593100,0
41.940000,-0.351235,0.516627,-2.258948,-0.452635,0.489551,-2.449565,0.104953,18.678100,0
41.960000,-0.360972,0.503052,-2.257753,-0.454550,0.487241,-2.449565,0.094904,19.141700,0
41.980000,-0.361365,0.503806,-2.241315,-0.456464,0.484931,-2.449565,0.096954,18.969500,0
42.000000,-0.366756,0.497163,-2.253741,-0.458378,0.482622,-2.449565,0.092769,19.096900,0
42.020000,-0.370688,0.501843,-2.242770,-0.460292,0.480312,-2.449565,0.092155,19.030400,0
42.040000,-0.373119,0.498045,-2.234027,-0.462207,0.478002,-2.449564,0.091315,19.412100,0
42.060000,-0.376237,0.495772,-2.246620,-0.464121,0.475692,-2.449564,0.090149,18.928900,0
42.080000,-0.375032,0.488940,-2.241369,-0.466035,0.473382,-2.449564,0.092324,19.407500,0
42.100000,-0.370587,0.498758,-2.247771,-0.467950,0.471072,-2.449564,0.101223,19.621600,0
42.120000,-0.380193,0.479409,-2.247640,-0.469864,0.468762,-2.449564,0.090301,19.230100,0
42.140000,-0.384862,0.482172,-2.237894,-0.471778,0.466452,-2.449564,0.088326,17.964700,0
42.160000,-0.380479,0.485801,-2.332290,-0.473693,0.464143,-2.449564,0.095697,18.289200,0
42.180000,-0.384091,0.476104,-2.246754,-0.475607,0.461833,-2.449564,0.092622,19.352800,0
42.200000,-0.394592,0.469803,-2.238807,-0.477521,0.459523,-2.449564,0.083564,18.976400,0
42.220000,-0.405010,0.455584,-2.197547,-0.479436,0.457213,-2.449564,0.074444,19.135500,0
42.240000,-0.386376,0.482215,-2.294696,-0.481350,0.454903,-2.449564,0.098823,19.257000,0
42.260000,-0.387869,0.482263,-2.299342,-0.483264,0.452593,-2.449564,0.099902,18.353500,0
42.280000,-0.411630,0.452213,-2.222035,-0.485178,0.450283,-2.449564,0.073573,19.035200,0
42.300000,-0.411146,0.444921,-2.249992,-0.487093,0.447974,-2.449564,0.076008,17.969400,0
42.320000,-0.412279,0.444933,-2.220405,-0.489007,0.445664,-2.449564,0.076731,18.205400,0
42.340000,-0.406716,0.454331,-2.217246,-0.490921,0.443354,-2.449564,0.084917,24.760000,0
42.360000,-0.397957,0.458561,-2.233678,-0.492836,0.441044,-2.449564,0.096483,32.741500,0
42.380000,-0.415182,0.446727,-2.225297,-0.494750,0.438734,-2.449564,0.079968,31.837300,0
42.400000,-0.397767,0.475938,-2.326362,-0.496664,0.436424,-2.449564,0.106499,19.479100,0
42.420000,-0.406754,0.461824,-2.294111,-0.498579,0.434114,-2.449564,0.095915,19.468000,0
42.440000,-0.404315,0.459017,-2.313413,-0.500493,0.431805,-2.449564,0.099953,18.456900,0
42.460000,-0.435598,0.422118,-2.220569,-0.502407,0.429495,-2.449564,0.067215,19.310200,0
42.480000,-0.420110,0.437480,-2.273711,-0.504321,0.427185,-2.449564,0.084838,19.495200,0
42.500000,-0.434201,0.418170,-2.218596,-0.506236,0.424875,-2.449564,0.072347,19.445700,0
42.520000,-0.432476,0.425156,-2.210734,-0.508150,0.422565,-2.449564,0.075718,19.252800,0
42.540000,-0.415501,0.451355,-2.308518,-0.510064,0.420255,-2.449564,0.099546,19.912800,0
42.560000,-0.425698,0.435138,-2.275901,-0.511979,0.417945,-2.449564,0.087978,19.944500,0
42.580000,-0.405471,0.452983,-2.382350,-0.513893,0.415636,-2.449564,0.114674,20.625000,0
42.600000,-0.415643,0.443314,-2.311588,-0.515807,0.413326,-2.449564,0.104557,19.358200,0
42.620000,-0.399934,0.462301,-2.340471,-0.517722,0.411016,-2.449564,0.128468,19.872200,0
42.640000,-0.431346,0.435182,-2.310580,-0.519636,0.408706,-2.449564,0.092174,19.656900,0
42.660000,-0.433297,0.429758,-2.305298,-0.521550,0.406396,-2.449564,0.091293,19.286200,0
42.680000,-0.437293,0.425576,-2.294827,-0.523464,0.404086,-2.449564,0.088810,19.656400,0
42.700000,-0.420646,0.438239,-2.340842,-0.525379,0.401776,-2.449564,0.110899,19.253100,0
42.720000,-0.447676,0.405575,-2.228877,-0.527293,0.399467,-2.449564,0.079851,18.329000,0
42.740000,-0.444662,0.405416,-2.240571,-0.527519,0.399191,-2.467016,0.083091,19.392700,0
42.760000,-0.430244,0.426881,-2.263994,-0.527532,0.399174,-2.485294,0.101157,19.205500,0
42.780000,-0.442175,0.418954,-2.248312,-0.527529,0.399176,-2.503285,0.087615,18.831800,0
42.800000,-0.434880,0.435755,-2.241846,-0.527526,0.399178,-2.521278,0.099605,19.727600,0
42.820000,-0.453879,0.400671,-2.147790,-0.527523,0.399179,-2.539274,0.073659,19.766500,0
42.840000,-0.450946,0.404185,-2.147712,-0.527520,0.399180,-2.557270,0.076737,21.735400,0
42.860000,-0.452201,0.410268,-2.134383,-0.529171,0.397075,-2.557388,0.078093,19.729500,0
42.880000,-0.437641,0.422529,-2.171966,-0.530827,0.394570,-2.557382,0.097290,20.016300,0
42.900000,-0.440327,0.416138,-2.161828,-0.532484,0.392065,-2.557378,0.095250,19.625600,0
42.920000,-0.452385,0.400644,-2.143350,-0.534140,0.389561,-2.557374,0.082503,18.958200,0
42.940000,-0.443568,0.417059,-2.172166,-0.535795,0.387057,-2.557372,0.096984,18.872500,0
42.960000,-0.450551,0.392462,-2.151189,-0.537451,0.384554,-2.557370,0.087259,20.132200,0
42.980000,-0.463610,0.390594,-2.126624,-0.539106,0.382050,-2.557369,0.075978,19.612700,0
43.000000,-0.454626,0.397909,-2.178268,-0.540762,0.379547,-2.557368,0.088071,18.935900,0
43.020000,-0.457160,0.403774,-2.199706,-0.542417,0.377045,-2.557367,0.089348,19.361200,0
43.040000,-0.456217,0.400482,-2.182400,-0.544072,0.374542,-2.557366,0.091605,19.013600,0
43.060000,-0.447555,0.409163,-2.230377,-0.545727,0.372039,-2.557366,0.104957,19.448000,0
43.080000,-0.470690,0.379683,-2.117425,-0.547382,0.369536,-2.557365,0.077360,19.532000,0
43.100000,-0.464537,0.386591,-2.126776,-0.549037,0.367034,-2.557365,0.086734,19.120400,0
43.120000,-0.474291,0.381170,-2.138210,-0.550692,0.364531,-2.557365,0.078192,18.422600,0
43.140000,-0.460257,0.400259,-2.233509,-0.552347,0.362029,-2.557365,0.099710,19.227600,0
43.160000,-0.473521,0.370641,-2.110929,-0.554001,0.359526,-2.557365,0.081244,19.243900,0
43.180000,-0.470476,0.375668,-2.132937,-0.555656,0.357024,-2.557365,0.087196,19.342400,0
43.200000,-0.472037,0.373759,-2.112609,-0.557311,0.354521,-2.557364,0.087417,19.780000,0
43.220000,-0.485018,0.357738,-2.142395,-0.558966,0.352019,-2.557364,0.074169,18.758100,0
43.240000,-0.484293,0.357608,-2.129020,-0.560620,0.349516,-2.557364,0.076755,19.057900,0
43.260000,-0.489361,0.353422,-2.120899,-0.562275,0.347014,-2.557364,0.073195,19.005900,0
43.280000,-0.468618,0.383731,-2.227483,-0.563930,0.344511,-2.557364,0.103066,19.615600,0
43.300000,-0.474294,0.372184,-2.157175,-0.565584,0.342009,-2.557364,0.096147,19.464300,0
43.320000,-0.486477,0.344922,-2.115263,-0.567239,0.339507,-2.557364,0.080943,19.426000,0
43.340000,-0.499380,0.335703,-2.137684,-0.568894,0.337004,-2.557364,0.069526,18.979900,0
43.360000,-0.487415,0.356534,-2.144231,-0.570548,0.334502,-2.557364,0.086003,18.724000,0
43.380000,-0.490736,0.347193,-2.135701,-0.572203,0.331999,-2.557364,0.082871,19.215200,0
43.400000,-0.478504,0.366593,-2.222384,-0.573858,0.329497,-2.557364,0.102316,19.757200,0
43.420000,-0.492434,0.342980,-2.121094,-0.575512,0.326994,-2.557364,0.084602,19.172700,0
43.440000,-0.481723,0.363297,-2.172424,-0.577167,0.324492,-2.557364,0.103031,19.018000,0
43.460000,-0.496986,0.339279,-2.149810,-0.578822,0.321990,-2.557364,0.083643,19.882000,0
43.480000,-0.501383,0.331272,-2.152081,-0.580476,0.319487,-2.557364,0.079967,19.992000,0
43.500000,-0.505831,0.322299,-2.139945,-0.582131,0.316985,-2.557364,0.076485,20.585100,0
43.520000,-0.508883,0.324097,-2.134806,-0.583786,0.314482,-2.557364,0.075517,18.967800,0
43.540000,-0.517318,0.306895,-2.112018,-0.585440,0.311980,-2.557364,0.068312,19.363500,0
43.560000,-0.498232,0.335070,-2.177698,-0.587095,0.309478,-2.557364,0.092474,19.292700,0
43.580000,-0.496256,0.340736,-2.204515,-0.588750,0.306975,-2.557364,0.098463,18.689100,0
43.600000,-0.505933,0.333769,-2.183344,-0.588802,0.306641,-2.574216,0.087196,18.269100,0
43.620000,-0.500427,0.327166,-2.160583,-0.588799,0.306644,-2.592201,0.090723,18.323200,0
43.640000,-0.517227,0.317724,-2.124243,-0.588796,0.306647,-2.610190,0.072421,18.504700,0
43.660000,-0.499868,0.339951,-2.128298,-0.588793,0.306649,-2.628183,0.094956,18.437700,0
43.680000,-0.506082,0.330052,-2.109643,-0.588790,0.306650,-2.646177,0.085955,17.943300,0
43.700000,-0.504936,0.332594,-2.084072,-0.588787,0.306651,-2.664172,0.087773,18.621900,0
43.720000,-0.510894,0.325741,-2.088268,-0.590163,0.304495,-2.664261,0.082067,19.320000,0
43.740000,-0.513606,0.320359,-2.075957,-0.591543,0.301828,-2.664256,0.080109,18.896800,0
43.760000,-0.511092,0.330524,-2.088584,-0.592923,0.299161,-2.664252,0.087635,19.536700,0
43.780000,-0.507042,0.330773,-2.110126,-0.594302,0.296494,-2.664248,0.093751,19.739900,0
43.800000,-0.520807,0.306058,-2.038191,-0.595681,0.293828,-2.664246,0.075866,19.318200,0
43.820000,-0.531858,0.294454,-1.986714,-0.597060,0.291162,-2.664244,0.065285,18.592400,0
43.840000,-0.514403,0.322306,-2.085700,-0.598439,0.288497,-2.664243,0.090581,18.459200,0
43.860000,-0.516779,0.305735,-2.088098,-0.599818,0.285832,-2.664241,0.085391,20.997300,0
43.880000,-0.513259,0.320485,-2.075196,-0.601197,0.283166,-2.664241,0.095529,21.815600,0
43.900000,-0.507005,0.328299,-2.107991,-0.602576,0.280501,-2.664240,0.106857,20.308700,0
43.920000,-0.522404,0.306174,-2.099006,-0.603954,0.277836,-2.664240,0.086333,22.182300,0
43.940000,-0.515435,0.315504,-2.106535,-0.605333,0.275172,-2.664239,0.098530,23.349400,0
43.960000,-0.525467,0.293288,-2.023619,-0.606711,0.272507,-2.664239,0.083860,22.153300,0
43.980000,-0.528357,0.296834,-2.045836,-0.606729,0.272083,-2.681710,0.082188,22.132400,0
44.000000,-0.522268,0.308457,-2.057137,-0.606734,0.272071,-2.699893,0.091969,21.881900,0
44.020000,-0.521581,0.312751,-1.982219,-0.606731,0.272074,-2.717881,0.094367,22.184200,0
44.040000,-0.520337,0.314158,-2.009528,-0.606729,0.272076,-2.735871,0.096096,21.577500,0
44.060000,-0.538336,0.278293,-1.942985,-0.606727,0.272077,-2.753862,0.068673,21.115400,0
44.080000,-0.534496,0.277910,-1.931635,-0.606724,0.272079,-2.771855,0.072463,22.406900,0
44.100000,-0.524030,0.315960,-1.979811,-0.606722,0.272080,-2.789847,0.093614,18.678300,0
44.120000,-0.542031,0.273514,-1.917670,-0.606720,0.272080,-2.807840,0.064705,18.851700,0
44.140000,-0.525018,0.314690,-1.933079,-0.606718,0.272081,-2.825832,0.092144,20.739200,0
44.160000,-0.531269,0.296821,-1.917206,-0.606715,0.272081,-2.843823,0.079399,19.021200,0
44.180000,-0.526430,0.314415,-1.878769,-0.606713,0.272081,-2.861813,0.090760,19.615100,0
44.200000,-0.535824,0.288746,-1.796883,-0.606711,0.272082,-2.879803,0.072820,20.101900,0
44.220000,-0.539107,0.278383,-1.787866,-0.606709,0.272082,-2.897791,0.067895,19.464400,0
44.240000,-0.530635,0.319937,-1.861208,-0.606707,0.272082,-2.915780,0.089872,19.829300,0
44.260000,-0.540086,0.282070,-1.738390,-0.606705,0.272082,-2.933767,0.067363,20.267500,0
44.280000,-0.538160,0.277658,-1.755162,-0.606703,0.272082,-2.951753,0.068770,20.191700,0
44.300000,-0.540990,0.278655,-1.719079,-0.606701,0.272082,-2.969740,0.066039,20.496200,0
44.320000,-0.541409,0.256532,-1.690569,-0.607123,0.269775,-2.977185,0.067035,22.596900,0
44.340000,-0.538175,0.295545,-1.724636,-0.607614,0.266811,-2.977182,0.075149,23.398800,0
44.360000,-0.540331,0.290603,-1.726025,-0.608104,0.263848,-2.977170,0.072863,23.099300,0
44.380000,-0.535942,0.280792,-1.667652,-0.608595,0.260885,-2.977162,0.075331,23.261200,0
44.400000,-0.540188,0.273454,-1.715478,-0.609086,0.257923,-2.977155,0.070627,21.646300,0
44.420000,-0.541565,0.276568,-1.751651,-0.609577,0.254962,-2.977151,0.071361,18.940400,0
44.440000,-0.538222,0.266646,-1.756498,-0.610068,0.252001,-2.977148,0.073324,19.751600,0
44.460000,-0.538948,0.277095,-1.780625,-0.610560,0.249040,-2.977146,0.076911,18.972000,0
44.480000,-0.539955,0.280749,-1.805673,-0.611051,0.246079,-2.977145,0.079099,22.989900,0
44.500000,-0.536818,0.294894,-1.773941,-0.611543,0.243119,-2.977144,0.090909,20.785300,0
44.520000,-0.539338,0.264123,-1.761347,-0.612034,0.240159,-2.977143,0.076544,22.377400,0
44.540000,-0.543852,0.263176,-1.793274,-0.612525,0.237199,-2.977143,0.073422,20.683900,0
44.560000,-0.540800,0.271739,-1.782818,-0.613017,0.234239,-2.977142,0.081373,20.333600,0
44.580000,-0.535516,0.293666,-1.790836,-0.613508,0.231279,-2.977141,0.099874,21.361500,0
44.600000,-0.547975,0.223709,-1.716976,-0.613999,0.228320,-2.977140,0.066185,22.650000,0
44.620000,-0.544481,0.259965,-1.727933,-0.614491,0.225360,-2.977140,0.078095,20.140000,0
44.640000,-0.543377,0.262448,-1.781014,-0.614567,0.224668,-2.989778,0.080594,20.144200,0
44.660000,-0.545386,0.255292,-1.764220,-0.614538,0.224496,-3.009778,0.075700,20.123300,0
44.680000,-0.544533,0.273925,-1.722322,-0.614537,0.224498,-3.027780,0.085694,20.334900,0
44.700000,-0.545513,0.226803,-1.688474,-0.614536,0.224501,-3.045769,0.069062,20.148700,0
44.720000,-0.544317,0.276725,-1.690426,-0.614534,0.224504,-3.063758,0.087507,19.725800,0
44.740000,-0.543589,0.289013,-1.681591,-0.614533,0.224505,-3.081748,0.095887,21.217600,0
44.760000,-0.548542,0.246516,-1.661196,-0.614749,0.222308,-3.090756,0.070494,19.660300,0
44.780000,-0.547231,0.250477,-1.665741,-0.614900,0.219309,-3.090754,0.074502,19.248100,0
44.800000,-0.551469,0.261934,-1.670756,-0.615051,0.216310,-3.090750,0.078257,20.335600,0
44.820000,-0.545858,0.266657,-1.684369,-0.615202,0.213312,-3.090747,0.087489,19.427700,0
44.840000,-0.550367,0.234899,-1.662373,-0.615353,0.210314,-3.090744,0.069481,20.547900,0
44.860000,-0.546037,0.255672,-1.661655,-0.615505,0.207316,-3.090741,0.084641,20.401400,0
44.880000,-0.547549,0.240212,-1.684249,-0.615657,0.204319,-3.090739,0.076987,20.251800,0
44.900000,-0.547300,0.239934,-1.661653,-0.615809,0.201322,-3.090738,0.078641,20.114400,0
44.920000,-0.546098,0.249339,-1.623042,-0.615962,0.198325,-3.090736,0.086507,19.844400,0
44.940000,-0.550222,0.214268,-1.656800,-0.616114,0.195328,-3.090735,0.068560,21.610600,0
44.960000,-0.553064,0.203647,-1.673370,-0.616267,0.192332,-3.090735,0.064208,21.661300,0
44.980000,-0.545069,0.238225,-1.672330,-0.616419,0.189335,-3.090734,0.086493,21.648800,0
45.000000,-0.549068,0.228809,-1.648374,-0.616572,0.186339,-3.090734,0.079752,21.190100,0
45.020000,-0.547220,0.241181,-1.662409,-0.616724,0.183343,-3.090733,0.090421,21.630900,0
45.040000,-0.547607,0.241561,-1.631416,-0.616877,0.180346,-3.090733,0.092443,23.843500,0
45.060000,-0.546914,0.230767,-1.673605,-0.617029,0.177350,-3.090733,0.088145,21.938700,0
45.080000,-0.553138,0.196371,-1.643684,-0.617182,0.174354,-3.090733,0.067723,21.592800,0
45.100000,-0.555017,0.177277,-1.598162,-0.617334,0.171358,-3.090733,0.062597,21.274900,0
45.120000,-0.552646,0.176959,-1.603451,-0.617487,0.168361,-3.090733,0.065408,21.537500,0
45.140000,-0.553206,0.172065,-1.607153,-0.617452,0.167496,-3.101051,0.064408,21.586500,0
45.160000,-0.552269,0.184407,-1.591839,-0.617443,0.167323,-3.121049,0.067376,21.465600,0
45.180000,-0.554283,0.220163,-1.605884,-0.617442,0.167321,-3.139098,0.082349,20.839200,0
45.200000,-0.552855,0.230048,-1.570423,-0.617441,0.167324,3.126099,0.090032,21.770600,0
45.220000,-0.557323,0.198060,-1.586017,-0.617440,0.167326,3.108110,0.067518,21.468800,0
45.240000,-0.555368,0.229972,-1.587306,-0.617439,0.167329,3.090121,0.088187,21.088700,0
45.260000,-0.552129,0.205147,-1.487753,-0.617316,0.165156,3.080828,0.076476,22.419600,0
45.280000,-0.552896,0.136924,-1.502149,-0.617131,0.162159,3.080830,0.069014,22.207500,0
45.300000,-0.553303,0.188591,-1.512025,-0.616947,0.159162,3.080836,0.070119,22.044000,0
45.320000,-0.554447,0.182280,-1.501071,-0.616763,0.156165,3.080839,0.067567,21.441800,0
45.340000,-0.554273,0.170397,-1.487671,-0.616580,0.153169,3.080842,0.064645,21.018500,0
45.360000,-0.551829,0.167174,-1.503099,-0.616397,0.150173,3.080844,0.066768,21.253400,0
45.380000,-0.553723,0.156477,-1.459893,-0.616214,0.147178,3.080846,0.063179,21.310800,0
45.400000,-0.553226,0.168420,-1.549193,-0.616032,0.144182,3.080848,0.067320,21.678200,0
45.420000,-0.554492,0.179816,-1.559148,-0.615849,0.141187,3.080849,0.072504,23.108300,0
45.440000,-0.551803,0.192357,-1.554479,-0.615667,0.138192,3.080850,0.083741,22.547900,0
45.460000,-0.550707,0.191318,-1.569405,-0.615485,0.135197,3.080851,0.085708,21.423900,0
45.480000,-0.554384,0.193881,-1.535718,-0.615303,0.132202,3.080851,0.086692,21.017700,0
45.500000,-0.552593,0.183115,-1.516163,-0.615121,0.129208,3.080852,0.082557,19.458500,0
45.520000,-0.551827,0.172717,-1.528561,-0.614938,0.126213,3.080852,0.078394,19.700500,0
45.540000,-0.552873,0.184251,-1.551931,-0.614756,0.123218,3.080852,0.086917,19.660800,0
45.560000,-0.553937,0.196020,-1.588395,-0.614574,0.120224,3.080853,0.097066,21.301100,0
45.580000,-0.555070,0.135773,-1.548639,-0.614392,0.117229,3.080853,0.062153,20.464800,0
45.600000,-0.555272,0.154740,-1.536920,-0.614210,0.114234,3.080853,0.071515,19.717900,0
45.620000,-0.557819,0.165924,-1.538583,-0.614028,0.111240,3.080853,0.078421,20.166600,0
45.640000,-0.554812,0.163925,-1.556964,-0.613846,0.108245,3.080853,0.081149,19.606000,0
45.660000,-0.550018,0.132830,-1.566374,-0.613664,0.105251,3.080853,0.069364,20.973000,0
45.680000,-0.552430,0.142358,-1.612417,-0.613482,0.102256,3.080853,0.073045,19.746300,0
45.700000,-0.548211,0.150285,-1.540905,-0.613522,0.101412,3.091463,0.081573,20.129700,0
45.720000,-0.549653,0.112843,-1.538208,-0.613533,0.101239,3.111461,0.064925,19.823600,0
45.740000,-0.548921,0.113270,-1.565127,-0.613534,0.101240,3.129475,0.065724,20.537500,0
45.760000,-0.546520,0.121626,-1.582645,-0.613535,0.101243,-3.135722,0.070046,19.306100,0
45.780000,-0.547387,0.144894,-1.660465,-0.613536,0.101246,-3.117733,0.079252,20.466600,0
45.800000,-0.544914,0.174488,-1.665989,-0.613537,0.101248,-3.099743,0.100366,19.233700,0
45.820000,-0.544121,0.155466,-1.675750,-0.613637,0.099085,-3.090332,0.089506,21.555700,0
45.840000,-0.550037,0.124086,-1.665223,-0.613793,0.096086,-3.090334,0.069633,21.613600,0
45.860000,-0.548226,0.133416,-1.670529,-0.613949,0.093088,-3.090338,0.077109,21.989400,0
45.880000,-0.546805,0.132690,-1.674578,-0.614105,0.090089,-3.090341,0.079650,20.965000,0
45.900000,-0.548643,0.146087,-1.664464,-0.614259,0.087092,-3.090344,0.088238,21.353800,0
45.920000,-0.542911,0.150565,-1.656593,-0.614414,0.084094,-3.090346,0.097627,19.394100,0
45.940000,-0.550773,0.127743,-1.663888,-0.614568,0.081097,-3.090348,0.079030,27.433900,0
45.960000,-0.552965,0.111466,-1.655333,-0.614722,0.078100,-3.090350,0.070194,39.092800,0
45.980000,-0.548688,0.139259,-1.704539,-0.614876,0.075103,-3.090351,0.092178,22.984700,0
46.000000,-0.550733,0.082339,-1.624797,-0.615030,0.072107,-3.090352,0.065106,20.466100,0
46.020000,-0.554677,0.026484,-1.529020,-0.615184,0.069110,-3.090353,0.074014,28.754200,0
46.040000,-0.552305,0.094414,-1.614849,-0.615337,0.066114,-3.090354,0.069094,34.162600,0
46.060000,-0.553059,0.094273,-1.597763,-0.615491,0.063117,-3.090354,0.069775,25.293200,0
46.080000,-0.553680,0.085952,-1.617452,-0.615645,0.060121,-3.090354,0.067133,22.773100,0
46.100000,-0.553926,0.072294,-1.588380,-0.615798,0.057125,-3.090355,0.063705,25.013300,0
46.120000,-0.551661,0.060898,-1.599142,-0.615952,0.054129,-3.090355,0.064647,21.877700,0
46.140000,-0.551546,0.070435,-1.580172,-0.616106,0.051132,-3.090355,0.067384,21.569300,0
46.160000,-0.555086,0.066212,-1.608026,-0.616259,0.048136,-3.090355,0.063788,19.184800,0
46.180000,-0.553517,0.058564,-1.633244,-0.616413,0.045140,-3.090355,0.064313,18.784300,0
46.200000,-0.551851,0.044362,-1.603265,-0.616566,0.042144,-3.090355,0.064753,22.168900,0
46.220000,-0.555498,0.065903,-1.602394,-0.616720,0.039148,-3.090355,0.066813,19.737000,0
46.240000,-0.555428,0.049774,-1.614421,-0.616874,0.036152,-3.090355,0.062938,23.003900,0
46.260000,-0.552069,0.080748,-1.648841,-0.617027,0.033156,-3.090355,0.080526,29.412400,0
46.280000,-0.551706,0.094001,-1.671872,-0.617181,0.030160,-3.090355,0.091447,27.752300,0
46.300000,-0.550703,0.071919,-1.673898,-0.617335,0.027164,-3.090355,0.080267,32.424000,0
46.320000,-0.552622,0.072855,-1.646639,-0.617488,0.024167,-3.090355,0.081106,24.836400,0
46.340000,-0.548806,0.086470,-1.665965,-0.617642,0.021171,-3.090355,0.094881,21.081700,0
46.360000,-0.555028,0.077317,-1.659208,-0.617795,0.018175,-3.090355,0.086241,20.280900,0
46.380000,-0.554408,0.081059,-1.675738,-0.617949,0.015179,-3.090355,0.091529,21.759000,0
46.400000,-0.551397,0.043419,-1.659336,-0.618103,0.012183,-3.090355,0.073657,20.984000,0
46.420000,-0.557985,0.052170,-1.682290,-0.618256,0.009187,-3.090355,0.074028,23.756700,0
46.440000,-0.556870,0.040678,-1.620921,-0.618410,0.006191,-3.090355,0.070545,22.769600,0
46.460000,-0.556099,0.025018,-1.616630,-0.618564,0.003195,-3.090355,0.066168,25.830000,0
46.480000,-0.556801,0.019380,-1.606881,-0.618717,0.000199,-3.090355,0.064819,24.799300,0
46.500000,-0.557214,0.014538,-1.629437,-0.618871,-0.002797,-3.090355,0.064047,27.759800,0
46.520000,-0.559783,-0.039729,-1.579713,-0.619025,-0.005793,-3.090355,0.068273,21.746100,0
46.540000,-0.554712,-0.007954,-1.588569,-0.619178,-0.008789,-3.090355,0.064471,19.954100,0
46.560000,-0.556118,0.017132,-1.648664,-0.619332,-0.011785,-3.090355,0.069513,20.611400,0
46.580000,-0.556991,0.056863,-1.729363,-0.619486,-0.014781,-3.090355,0.095071,20.574300,0
46.600000,-0.554865,0.031012,-1.639426,-0.619639,-0.017778,-3.090355,0.081094,18.992300,0
46.620000,-0.557735,0.022614,-1.643155,-0.619793,-0.020774,-3.090355,0.075721,25.661800,0
46.640000,-0.559644,0.005985,-1.668071,-0.619946,-0.023770,-3.090355,0.067244,32.961000,0
46.660000,-0.557061,0.006353,-1.641110,-0.620100,-0.026766,-3.090355,0.071210,20.347100,0
46.680000,-0.562946,-0.082724,-1.523770,-0.620254,-0.029762,-3.090355,0.078033,27.667100,0
46.700000,-0.562416,-0.019680,-1.598757,-0.620407,-0.032758,-3.090355,0.059447,39.213200,0
46.720000,-0.555817,-0.020911,-1.649928,-0.620561,-0.035754,-3.090355,0.066424,26.877700,0
46.740000,-0.559894,-0.010577,-1.642898,-0.620715,-0.038750,-3.090355,0.067029,30.181700,0
46.760000,-0.554745,0.006785,-1.663661,-0.620868,-0.041746,-3.090355,0.082022,19.842400,0
46.780000,-0.561977,0.001568,-1.675865,-0.621022,-0.044742,-3.090355,0.075039,25.251100,0
46.800000,-0.557510,0.005240,-1.671536,-0.621176,-0.047738,-3.090355,0.082825,24.180700,0
46.820000,-0.553486,0.003293,-1.677211,-0.621329,-0.050734,-3.090355,0.086727,20.200000,0
46.840000,-0.559596,-0.012420,-1.644173,-0.621483,-0.053730,-3.090355,0.074408,20.701400,0
46.860000,-0.556807,-0.007336,-1.665139,-0.621637,-0.056726,-3.090355,0.081500,20.164600,0
46.880000,-0.557401,-0.033698,-1.660726,-0.621790,-0.059722,-3.090355,0.069450,21.998800,0
46.900000,-0.556324,-0.021137,-1.696850,-0.621944,-0.062718,-3.090355,0.077685,21.386000,0
46.920000,-0.557523,-0.006691,-1.650849,-0.622098,-0.065715,-3.090355,0.087486,26.234900,0
46.940000,-0.556230,-0.001494,-1.683260,-0.622251,-0.068711,-3.090355,0.094217,25.927900,0
46.960000,-0.559028,-0.050864,-1.649853,-0.622405,-0.071707,-3.090355,0.066717,37.221600,0
46.980000,-0.558695,-0.018181,-1.705892,-0.622558,-0.074703,-3.090355,0.085283,41.802000,0
47.000000,-0.563905,-0.042905,-1.614097,-0.622712,-0.077699,-3.090355,0.068329,30.237300,0
47.020000,-0.561465,-0.052378,-1.611748,-0.622866,-0.080695,-3.090355,0.067616,33.469800,0
47.040000,-0.559971,-0.070696,-1.591031,-0.623019,-0.083691,-3.090355,0.064373,32.999900,0
47.060000,-0.564924,-0.085286,-1.595099,-0.623173,-0.086687,-3.090355,0.058266,28.198400,0
47.080000,-0.563346,-0.057214,-1.611566,-0.623327,-0.089683,-3.090355,0.068205,30.378900,0
47.100000,-0.563879,-0.067581,-1.612060,-0.623480,-0.092679,-3.090355,0.064669,42.439100,0
47.120000,-0.563374,-0.075429,-1.584521,-0.623634,-0.095675,-3.090355,0.063570,33.941000,0
47.140000,-0.561045,-0.089455,-1.600389,-0.623788,-0.098671,-3.090355,0.063416,26.704200,0
47.160000,-0.565472,-0.097515,-1.614446,-0.623941,-0.101667,-3.090355,0.058616,22.402400,0
47.180000,-0.564985,-0.106041,-1.608544,-0.624095,-0.104663,-3.090355,0.059126,21.677100,0
47.200000,-0.563895,-0.095773,-1.583070,-0.624249,-0.107659,-3.090355,0.061514,20.501300,0
47.220000,-0.564741,-0.042190,-1.700692,-0.624402,-0.110655,-3.090355,0.090813,21.259400,0
47.240000,-0.563915,-0.066021,-1.629350,-0.624556,-0.113652,-3.090355,0.077111,21.904700,0
47.260000,-0.563879,-0.064763,-1.646630,-0.624709,-0.116648,-3.090355,0.079952,21.358400,0
47.280000,-0.561747,-0.064467,-1.645262,-0.624863,-0.119644,-3.090355,0.083834,23.446800,0
47.300000,-0.560382,-0.076471,-1.656067,-0.625017,-0.122640,-3.090355,0.079431,37.361900,0
47.320000,-0.565310,-0.110978,-1.644304,-0.625170,-0.125636,-3.090355,0.061628,38.851700,0
47.340000,-0.563421,-0.090389,-1.684858,-0.625324,-0.128632,-3.090355,0.072764,33.638400,0
47.360000,-0.563770,-0.062939,-1.647106,-0.625478,-0.131628,-3.090355,0.092337,32.670500,0
47.380000,-0.563434,-0.089253,-1.650378,-0.625631,-0.134624,-3.090355,0.076987,25.940300,0
47.400000,-0.567904,-0.085568,-1.671479,-0.625785,-0.137620,-3.090355,0.077844,19.448900,0
47.420000,-0.570469,-0.131160,-1.642158,-0.625939,-0.140616,-3.090355,0.056271,19.054500,0
47.440000,-0.569987,-0.121117,-1.603235,-0.626092,-0.143612,-3.090355,0.060446,18.399700,0
47.460000,-0.567960,-0.137746,-1.621876,-0.626246,-0.146608,-3.090355,0.058956,19.329100,0
47.480000,-0.566776,-0.129381,-1.604488,-0.626400,-0.149604,-3.090355,0.062961,18.196100,0
47.500000,-0.564493,-0.130672,-1.604873,-0.626553,-0.152600,-3.090355,0.065821,19.090300,0
47.520000,-0.566651,-0.149777,-1.582007,-0.626707,-0.155596,-3.090355,0.060337,18.973500,0
47.540000,-0.567003,-0.159033,-1.621850,-0.626861,-0.158592,-3.090355,0.059860,20.042000,0
47.560000,-0.568635,-0.164053,-1.612995,-0.627014,-0.161589,-3.090355,0.058431,21.735800,0
47.580000,-0.569696,-0.144010,-1.611660,-0.627168,-0.164585,-3.090355,0.061044,20.278700,0
47.600000,-0.565525,-0.148167,-1.613167,-0.627321,-0.167581,-3.090355,0.064773,19.587600,0
47.620000,-0.570193,-0.152265,-1.648012,-0.627475,-0.170577,-3.090355,0.060138,19.355700,0
47.640000,-0.570940,-0.151702,-1.635827,-0.627629,-0.173573,-3.090355,0.060762,19.260400,0
47.660000,-0.566624,-0.073769,-1.756064,-0.627782,-0.176569,-3.090355,0.119616,19.125400,0
47.680000,-0.567036,-0.167732,-1.630592,-0.627936,-0.179565,-3.090355,0.062039,19.774300,0
47.700000,-0.566145,-0.190365,-1.634840,-0.628090,-0.182561,-3.090355,0.062435,19.178300,0
47.720000,-0.567839,-0.180923,-1.606810,-0.628243,-0.185557,-3.090355,0.060582,19.161700,0
47.740000,-0.571062,-0.179584,-1.587571,-0.628397,-0.188553,-3.090355,0.058032,19.578700,0
47.760000,-0.567280,-0.187640,-1.612058,-0.628551,-0.191549,-3.090355,0.061396,19.011000,0
47.780000,-0.570955,-0.219034,-1.590581,-0.628704,-0.194545,-3.090355,0.062727,27.308700,0
47.800000,-0.570690,-0.178063,-1.614658,-0.628858,-0.197541,-3.090355,0.061343,19.251700,0
47.820000,-0.570740,-0.188665,-1.599166,-0.629012,-0.200537,-3.090355,0.059469,18.700300,0
47.840000,-0.572165,-0.160739,-1.691017,-0.629165,-0.203533,-3.090355,0.071276,18.658400,0
47.860000,-0.571276,-0.152236,-1.641224,-0.629319,-0.206529,-3.090355,0.079478,18.212900,0
47.880000,-0.567043,-0.125758,-1.706177,-0.629472,-0.209526,-3.090355,0.104472,18.740700,0
47.900000,-0.570234,-0.197695,-1.641282,-0.629626,-0.212522,-3.090355,0.061215,18.177200,0
47.920000,-0.568572,-0.145576,-1.652151,-0.629591,-0.213386,-3.100681,0.091223,18.703500,0
47.940000,-0.572001,-0.152018,-1.624318,-0.629583,-0.213560,-3.120678,0.084280,18.626700,0
47.960000,-0.572027,-0.175312,-1.600282,-0.629582,-0.213559,-3.138698,0.069104,18.987500,0
47.980000,-0.575230,-0.163701,-1.603111,-0.629581,-0.213556,3.126499,0.073753,17.112500,0
48.000000,-0.574271,-0.168757,-1.536451,-0.629580,-0.213553,3.108509,0.071174,16.928800,0
48.020000,-0.570965,-0.197455,-1.520153,-0.629501,-0.215700,3.098912,0.061313,17.622000,0
48.040000,-0.575046,-0.225471,-1.504285,-0.629498,-0.215712,3.098826,0.055320,17.884100,0
48.060000,-0.571999,-0.202650,-1.507717,-0.629368,-0.218245,3.098808,0.059451,16.923300,0
48.080000,-0.570789,-0.191978,-1.578324,-0.629238,-0.221244,3.098810,0.065367,18.253100,0
48.100000,-0.574812,-0.167695,-1.591690,-0.629108,-0.224243,3.098812,0.078394,17.854900,0
48.120000,-0.576221,-0.165600,-1.550639,-0.628979,-0.227241,3.098814,0.081136,19.793900,0
48.140000,-0.572517,-0.183197,-1.573099,-0.628850,-0.230240,3.098815,0.073392,17.197500,0
48.160000,-0.575227,-0.172549,-1.578129,-0.628721,-0.233238,3.098817,0.080900,17.966800,0
48.180000,-0.571947,-0.177164,-1.582675,-0.628592,-0.236236,3.098818,0.081843,17.364400,0
48.200000,-0.570395,-0.195340,-1.596281,-0.628464,-0.239233,3.098818,0.072791,18.616800,0
48.220000,-0.571301,-0.210136,-1.558322,-0.628335,-0.242231,3.098819,0.065444,17.512500,0
48.240000,-0.571732,-0.206537,-1.590787,-0.628207,-0.245229,3.098820,0.068458,18.034400,0
48.260000,-0.571822,-0.192741,-1.587736,-0.628079,-0.248226,3.098820,0.079015,18.584700,0
48.280000,-0.571164,-0.247934,-1.505758,-0.627950,-0.251224,3.098820,0.056882,17.346400,0
48.300000,-0.573009,-0.193349,-1.595603,-0.627822,-0.254221,3.098820,0.081914,18.886400,0
48.320000,-0.573338,-0.249955,-1.556487,-0.627694,-0.257219,3.098821,0.054839,17.273200,0
48.340000,-0.574195,-0.252652,-1.503694,-0.627565,-0.260216,3.098821,0.053904,16.712700,0
48.360000,-0.573328,-0.256224,-1.519308,-0.627437,-0.263213,3.098821,0.054558,17.382300,0
48.380000,-0.569267,-0.241979,-1.522097,-0.627309,-0.266211,3.098821,0.062898,18.479600,0
48.400000,-0.566190,-0.263254,-1.495267,-0.627181,-0.269208,3.098821,0.061281,19.342400,0
48.420000,-0.571274,-0.280536,-1.518090,-0.627052,-0.272205,3.098821,0.056397,18.297100,0
48.440000,-0.573003,-0.261625,-1.516544,-0.626924,-0.275203,3.098821,0.055604,16.265500,0
48.460000,-0.571210,-0.271657,-1.486090,-0.626796,-0.278200,3.098821,0.055970,16.564200,0
48.480000,-0.568863,-0.263369,-1.526936,-0.626668,-0.281197,3.098821,0.060492,18.544300,0
48.500000,-0.565272,-0.286209,-1.485334,-0.626539,-0.284194,3.098821,0.061300,16.709700,0
48.520000,-0.574111,-0.304768,-1.551662,-0.626411,-0.287192,3.098821,0.055174,17.356800,0
48.540000,-0.571875,-0.266332,-1.541023,-0.626283,-0.290189,3.098821,0.059409,17.368300,0
48.560000,-0.570568,-0.242187,-1.569419,-0.626155,-0.293186,3.098821,0.075437,17.800400,0
48.580000,-0.572831,-0.233519,-1.595145,-0.626026,-0.296183,3.098821,0.082197,17.951400,0
48.600000,-0.570102,-0.220631,-1.598243,-0.625898,-0.299181,3.098821,0.096349,18.315400,0
48.620000,-0.573936,-0.234857,-1.580739,-0.625770,-0.302178,3.098821,0.084964,17.643300,0
48.640000,-0.569914,-0.280322,-1.557836,-0.625642,-0.305175,3.098821,0.061019,16.705200,0
48.660000,-0.571609,-0.281571,-1.453993,-0.625513,-0.308173,3.098821,0.060111,17.587500,0
48.680000,-0.570669,-0.304589,-1.512371,-0.625385,-0.311170,3.098821,0.055110,17.640400,0
48.700000,-0.571098,-0.284683,-1.489901,-0.625257,-0.314167,3.098821,0.061664,18.647900,0
48.720000,-0.566207,-0.296899,-1.523430,-0.625128,-0.317164,3.098821,0.062308,18.919300,0
48.740000,-0.569221,-0.304436,-1.486992,-0.625000,-0.320162,3.098821,0.057954,19.064900,0
48.760000,-0.572636,-0.268129,-1.590996,-0.624872,-0.323159,3.098821,0.075875,18.903400,0
48.780000,-0.573535,-0.294137,-1.525409,-0.624744,-0.326156,3.098821,0.060395,19.078800,0
48.800000,-0.568873,-0.306894,-1.512228,-0.624615,-0.329153,3.098821,0.060022,19.091800,0
48.820000,-0.569928,-0.323382,-1.515905,-0.624487,-0.332151,3.098821,0.055260,19.965900,0
48.840000,-0.571983,-0.314146,-1.505825,-0.624359,-0.335148,3.098821,0.056430,20.419900,0
48.860000,-0.572062,-0.318457,-1.510412,-0.624231,-0.338145,3.098821,0.055761,19.142000,0
48.880000,-0.572393,-0.319731,-1.521059,-0.624102,-0.341142,3.098821,0.055967,18.735100,0
48.900000,-0.570803,-0.324981,-1.531247,-0.623974,-0.344140,3.098821,0.056517,18.582300,0
48.920000,-0.571799,-0.325780,-1.533786,-0.623846,-0.347137,3.098821,0.056259,18.233700,0
48.940000,-0.571543,-0.349146,-1.500675,-0.623717,-0.350134,3.098821,0.052184,19.006300,0
48.960000,-0.571660,-0.338010,-1.483462,-0.623589,-0.353131,3.098821,0.054086,18.549400,0
48.980000,-0.574291,-0.325476,-1.593084,-0.623461,-0.356129,3.098821,0.057943,19.957100,0
49.000000,-0.569145,-0.319552,-1.564775,-0.623333,-0.359126,3.098821,0.067101,19.593100,0
49.020000,-0.570214,-0.312972,-1.528495,-0.623302,-0.360019,3.088889,0.070935,18.955900,0
49.040000,-0.571666,-0.319849,-1.502232,-0.623293,-0.360192,3.068892,0.065521,18.058000,0
49.060000,-0.572213,-0.308595,-1.561372,-0.623292,-0.360200,3.050769,0.072610,16.597100,0
49.080000,-0.572937,-0.316258,-1.492671,-0.623291,-0.360197,3.032781,0.066830,15.922600,0
49.100000,-0.574949,-0.304752,-1.507173,-0.623290,-0.360193,3.014777,0.073557,15.927300,0
49.120000,-0.574713,-0.318437,-1.415463,-0.623289,-0.360187,2.996747,0.064052,16.391500,0
49.140000,-0.572032,-0.332122,-1.381576,-0.623288,-0.360181,2.978704,0.058434,16.682100,0
49.160000,-0.569628,-0.339664,-1.409691,-0.622887,-0.362477,2.971108,0.057940,17.684600,0
49.180000,-0.572553,-0.312216,-1.475480,-0.622375,-0.365436,2.971109,0.072902,16.910600,0
49.200000,-0.570986,-0.344598,-1.334945,-0.621864,-0.368395,2.971111,0.056169,18.512600,0
49.220000,-0.577212,-0.323858,-1.472753,-0.621354,-0.371353,2.971114,0.064841,17.458100,0
49.240000,-0.571476,-0.329328,-1.380121,-0.620844,-0.374311,2.971118,0.066788,18.966900,0
49.260000,-0.570752,-0.368374,-1.393934,-0.620334,-0.377269,2.971120,0.050373,18.843800,0
49.280000,-0.570054,-0.315786,-1.403872,-0.619825,-0.380227,2.971122,0.081423,18.202700,0
49.300000,-0.567259,-0.369632,-1.381568,-0.619315,-0.383184,2.971124,0.053791,17.609200,0
49.320000,-0.567388,-0.366107,-1.375523,-0.618806,-0.386142,2.971125,0.055184,17.293300,0
49.340000,-0.570574,-0.371438,-1.389455,-0.618297,-0.389099,2.971126,0.050887,16.647900,0
49.360000,-0.574485,-0.317786,-1.470190,-0.617788,-0.392056,2.971127,0.085973,18.215600,0
49.380000,-0.572894,-0.350043,-1.439565,-0.617279,-0.395013,2.971128,0.063185,17.917500,0
49.400000,-0.571077,-0.350867,-1.434339,-0.616770,-0.397969,2.971128,0.065624,18.376000,0
49.420000,-0.565904,-0.392420,-1.395357,-0.616261,-0.400926,2.971129,0.051071,18.517800,0
49.440000,-0.560025,-0.413064,-1.375005,-0.615752,-0.403883,2.971129,0.056478,18.277100,0
49.460000,-0.565586,-0.383974,-1.381901,-0.615243,-0.406840,2.971129,0.054668,17.614800,0
49.480000,-0.566405,-0.381714,-1.390314,-0.614734,-0.409796,2.971129,0.055895,19.087700,0
49.500000,-0.569102,-0.365078,-1.385532,-0.614226,-0.412753,2.971129,0.065644,18.730900,0
49.520000,-0.559336,-0.400628,-1.364083,-0.613717,-0.415710,2.971129,0.056434,19.767100,0
49.540000,-0.567653,-0.373007,-1.463967,-0.613208,-0.418666,2.971129,0.064498,18.886800,0
49.560000,-0.568633,-0.393232,-1.458788,-0.612699,-0.421623,2.971129,0.052420,19.079200,0
49.580000,-0.564153,-0.388691,-1.453506,-0.612190,-0.424579,2.971129,0.059962,19.043200,0
49.600000,-0.566828,-0.370956,-1.359095,-0.611681,-0.427536,2.971129,0.072202,19.702300,0
49.620000,-0.561897,-0.407440,-1.393511,-0.611172,-0.430492,2.971129,0.054400,18.893800,0
49.640000,-0.564534,-0.389449,-1.457396,-0.610663,-0.433449,2.971129,0.063749,17.243400,0
49.660000,-0.564817,-0.381546,-1.417735,-0.610576,-0.434171,2.958936,0.069738,19.031500,0
49.680000,-0.568821,-0.377320,-1.388669,-0.610544,-0.434341,2.938938,0.070656,18.586800,0
49.700000,-0.560947,-0.415136,-1.361242,-0.610544,-0.434340,2.920919,0.053185,18.495500,0
49.720000,-0.566723,-0.365631,-1.394535,-0.610544,-0.434336,2.902921,0.081490,18.540100,0
49.740000,-0.571792,-0.378885,-1.340572,-0.610543,-0.434331,2.884910,0.067645,18.624900,0
49.760000,-0.572483,-0.396573,-1.352671,-0.610542,-0.434327,2.866892,0.053608,17.962200,0
49.780000,-0.567996,-0.386839,-1.346369,-0.609841,-0.436706,2.860932,0.065097,19.090100,0
49.800000,-0.561804,-0.423332,-1.252466,-0.609008,-0.439591,2.860930,0.049926,18.131800,0
49.820000,-0.566277,-0.422857,-1.260830,-0.608175,-0.442476,2.860931,0.046264,18.731900,0
49.840000,-0.565813,-0.415646,-1.274035,-0.607343,-0.445361,2.860935,0.051065,18.691600,0
49.860000,-0.564807,-0.400539,-1.294693,-0.606511,-0.448245,2.860937,0.063364,18.678300,0
49.880000,-0.560939,-0.426456,-1.277585,-0.605679,-0.451129,2.860939,0.051092,18.665000,0
49.900000,-0.561054,-0.434028,-1.269688,-0.604848,-0.454012,2.860941,0.048138,18.575700,0
49.920000,-0.569293,-0.388186,-1.389920,-0.604016,-0.456896,2.860942,0.076985,18.845500,0
49.940000,-0.565348,-0.410749,-1.324970,-0.603185,-0.459779,2.860943,0.061932,17.729000,0
49.960000,-0.564735,-0.412326,-1.332787,-0.602354,-0.462662,2.860944,0.062840,18.870300,0
49.980000,-0.567941,-0.413063,-1.340817,-0.601523,-0.465545,2.860945,0.062306,19.344500,0
50.000000,-0.559893,-0.434003,-1.257608,-0.600692,-0.468428,2.860945,0.053383,19.710100,0
50.020000,-0.554950,-0.456212,-1.264221,-0.599861,-0.471311,2.860946,0.047381,19.576200,0
50.040000,-0.562794,-0.422142,-1.379792,-0.599030,-0.474194,2.860946,0.063423,18.883000,0
50.060000,-0.557600,-0.457925,-1.259176,-0.598199,-0.477077,2.860946,0.044890,18.823200,0
50.080000,-0.559281,-0.444513,-1.317902,-0.597368,-0.479959,2.860946,0.052029,18.345500,0
50.100000,-0.548326,-0.470034,-1.287883,-0.596537,-0.482842,2.860946,0.049883,18.523300,0
50.120000,-0.532443,-0.541305,-1.167045,-0.595706,-0.485725,2.860947,0.084210,19.407400,0
50.140000,-0.556449,-0.436472,-1.324846,-0.594875,-0.488608,2.860947,0.064767,19.172200,0
50.160000,-0.557485,-0.453708,-1.322359,-0.594044,-0.491490,2.860947,0.052574,18.223500,0
50.180000,-0.547863,-0.490508,-1.296123,-0.593214,-0.494373,2.860947,0.045515,18.963600,0
50.200000,-0.547020,-0.471568,-1.280014,-0.592383,-0.497256,2.860947,0.052131,19.344400,0
50.220000,-0.550442,-0.464939,-1.282298,-0.591552,-0.500138,2.860947,0.054120,19.426100,0
50.240000,-0.548389,-0.484802,-1.287532,-0.590721,-0.503021,2.860947,0.046087,18.399600,0
50.260000,-0.544161,-0.498923,-1.247420,-0.589890,-0.505904,2.860947,0.046259,18.217800,0
50.280000,-0.539698,-0.494714,-1.288614,-0.589059,-0.508786,2.860947,0.051327,17.164900,0
50.300000,-0.543809,-0.482143,-1.288098,-0.588228,-0.511669,2.860947,0.053337,18.117000,0
50.320000,-0.555668,-0.454908,-1.354212,-0.587397,-0.514552,2.860947,0.067559,19.024500,0
50.340000,-0.544011,-0.511657,-1.286133,-0.587289,-0.515159,2.847351,0.043419,18.610300,0
50.360000,-0.550475,-0.469569,-1.303657,-0.587250,-0.515288,2.827789,0.058674,18.865200,0
50.380000,-0.539662,-0.505417,-1.208650,-0.587250,-0.515286,2.809784,0.048600,19.172600,0
50.400000,-0.540469,-0.501615,-1.241102,-0.587250,-0.515281,2.791782,0.048736,19.383000,0
50.420000,-0.538268,-0.496717,-1.186260,-0.587249,-0.515277,2.773773,0.052380,19.726500,0
50.440000,-0.551132,-0.481147,-1.205460,-0.587249,-0.515272,2.755761,0.049688,19.940800,0
50.460000,-0.546195,-0.498788,-1.242647,-0.587248,-0.515268,2.737746,0.044237,19.845600,0
50.480000,-0.555884,-0.456802,-1.201033,-0.587248,-0.515264,2.719732,0.066344,17.887300,0
50.500000,-0.544393,-0.488010,-1.171464,-0.587247,-0.515260,2.701718,0.050784,17.890300,0
50.520000,-0.547098,-0.477936,-1.154749,-0.587246,-0.515257,2.683705,0.054816,17.266500,0
50.540000,-0.556997,-0.466110,-1.115887,-0.587245,-0.515253,2.665694,0.057706,18.322800,0
50.560000,-0.540671,-0.500269,-1.032489,-0.587244,-0.515250,2.647684,0.048923,18.400500,0
50.580000,-0.545805,-0.490379,-1.050108,-0.587244,-0.515247,2.629676,0.048328,18.362400,0
50.600000,-0.555962,-0.475375,-1.000570,-0.587243,-0.515244,2.611669,0.050676,18.183900,0
50.620000,-0.549624,-0.491300,-0.975177,-0.587242,-0.515241,2.593664,0.044591,18.623500,0
50.640000,-0.543410,-0.481584,-0.986668,-0.587241,-0.515238,2.575661,0.055260,18.534700,0
50.660000,-0.553282,-0.483380,-1.016890,-0.587240,-0.515236,2.557659,0.046562,17.696900,0
50.680000,-0.564378,-0.459838,-1.039279,-0.587239,-0.515233,2.539658,0.059927,18.533300,0
50.700000,-0.567815,-0.457736,-0.993319,-0.587238,-0.515231,2.521659,0.060688,18.084200,0
50.720000,-0.547009,-0.482536,-0.971388,-0.587237,-0.515228,2.503660,0.051837,18.026100,0
50.740000,-0.566247,-0.468594,-0.972673,-0.587236,-0.515226,2.485663,0.051138,17.736400,0
50.760000,-0.554601,-0.486540,-0.891521,-0.587235,-0.515224,2.467666,0.043448,20.549600,0
50.780000,-0.567664,-0.469456,-0.950129,-0.587234,-0.515222,2.449671,0.049775,21.678700,0
50.800000,-0.544731,-0.502494,-0.815949,-0.587233,-0.515219,2.431676,0.044366,32.417700,0
50.820000,-0.540698,-0.494621,-0.825274,-0.587232,-0.515217,2.413682,0.050888,40.465700,0
50.840000,-0.571058,-0.474596,-0.916726,-0.587231,-0.515215,2.395688,0.043720,38.744600,0
50.860000,-0.562541,-0.481854,-0.852494,-0.587230,-0.515213,2.377695,0.041501,39.878900,0
50.880000,-0.564881,-0.480062,-0.852314,-0.587230,-0.515211,2.359702,0.041652,34.642400,0
50.900000,-0.553366,-0.494569,-0.807131,-0.587229,-0.515209,2.341710,0.039657,35.146000,0
50.920000,-0.570572,-0.477649,-0.795642,-0.587228,-0.515207,2.323719,0.041086,44.467800,0
50.940000,-0.552221,-0.501199,-0.731528,-0.587227,-0.515205,2.305727,0.037704,37.355400,0
50.960000,-0.554894,-0.496615,-0.751766,-0.587226,-0.515203,2.287737,0.037294,32.640200,0
50.980000,-0.565832,-0.478430,-0.767075,-0.587225,-0.515201,2.269746,0.042541,20.272200,0
51.000000,-0.540554,-0.513988,-0.655517,-0.587225,-0.515199,2.251756,0.046687,21.933500,0
51.020000,-0.561822,-0.494488,-0.688340,-0.587224,-0.515197,2.233766,0.032774,25.646900,0
51.040000,-0.571139,-0.484854,-0.702488,-0.587223,-0.515195,2.215777,0.034340,19.373600,0
51.060000,-0.550156,-0.495958,-0.611539,-0.587223,-0.515193,2.197788,0.041761,31.199800,0
51.080000,-0.578138,-0.481248,-0.704920,-0.587222,-0.515192,2.179799,0.035139,29.755500,0
51.100000,-0.554107,-0.498527,-0.578305,-0.587221,-0.515190,2.161811,0.037070,19.157200,0
51.120000,-0.564578,-0.498150,-0.618813,-0.587221,-0.515188,2.143822,0.028337,18.716400,0
51.140000,-0.560046,-0.495404,-0.618068,-0.587220,-0.515186,2.125834,0.033612,20.140000,0
51.160000,-0.581661,-0.481094,-0.595329,-0.587219,-0.515184,2.107847,0.034541,19.366800,0
51.180000,-0.567139,-0.494950,-0.522804,-0.587219,-0.515182,2.089859,0.028505,19.310300,0
51.200000,-0.567132,-0.490888,-0.565553,-0.587218,-0.515180,2.071872,0.031521,18.547600,0
51.220000,-0.549563,-0.509458,-0.487535,-0.587218,-0.515178,2.053885,0.038087,19.203700,0
51.240000,-0.575119,-0.496986,-0.502982,-0.587217,-0.515176,2.035898,0.021846,18.832600,0
51.260000,-0.549498,-0.507068,-0.464815,-0.587216,-0.515175,2.017912,0.038579,18.341400,0
51.280000,-0.572228,-0.498011,-0.464156,-0.587216,-0.515173,1.999925,0.022786,18.391300,0
51.300000,-0.548211,-0.501793,-0.395379,-0.587216,-0.515171,1.981939,0.041235,18.905100,0
51.320000,-0.548948,-0.511756,-0.403690,-0.587215,-0.515169,1.963953,0.038419,19.482000,0
51.340000,-0.575407,-0.496703,-0.413719,-0.587215,-0.515167,1.945967,0.021917,16.938300,0
51.360000,-0.539522,-0.515238,-0.317855,-0.587214,-0.515165,1.927982,0.047692,16.956900,0
51.380000,-0.556990,-0.507931,-0.327491,-0.587214,-0.515163,1.909997,0.031077,17.109600,0
51.400000,-0.566817,-0.499624,-0.339184,-0.584968,-0.516128,1.908522,0.024532,18.605700,0
51.420000,-0.565476,-0.501128,-0.328644,-0.582134,-0.517123,1.908524,0.023094,18.250300,0
51.440000,-0.544573,-0.511099,-0.322815,-0.579300,-0.518119,1.908537,0.035430,19.127600,0
51.460000,-0.553238,-0.511352,-0.314148,-0.576467,-0.519114,1.908546,0.024492,18.131700,0
51.480000,-0.554854,-0.512198,-0.307665,-0.573635,-0.520110,1.908553,0.020379,18.789100,0
51.500000,-0.544627,-0.514790,-0.311359,-0.570802,-0.521105,1.908558,0.026926,18.228800,0
51.520000,-0.550990,-0.511903,-0.328869,-0.567971,-0.522100,1.908561,0.019808,18.669600,0
51.540000,-0.548477,-0.508446,-0.323293,-0.565139,-0.523095,1.908563,0.022187,19.213800,0
51.560000,-0.537539,-0.507880,-0.354353,-0.562308,-0.524090,1.908564,0.029601,19.106700,0
51.580000,-0.591257,-0.495770,-0.510194,-0.559477,-0.525084,1.908565,0.043235,19.507700,0
51.600000,-0.529513,-0.517938,-0.342889,-0.556646,-0.526079,1.908566,0.028328,19.185000,0
51.620000,-0.541171,-0.514809,-0.378626,-0.553815,-0.527073,1.908567,0.017614,18.879800,0
51.640000,-0.530787,-0.514232,-0.396209,-0.550984,-0.528068,1.908567,0.024482,18.993700,0
51.660000,-0.496542,-0.532562,-0.291203,-0.548153,-0.529062,1.908568,0.051730,19.486900,0
51.680000,-0.521499,-0.520646,-0.325773,-0.545323,-0.530057,1.908569,0.025616,19.264200,0
51.700000,-0.525040,-0.522273,-0.327588,-0.542492,-0.531051,1.908569,0.019535,19.408400,0
51.720000,-0.532847,-0.516580,-0.298745,-0.539662,-0.532045,1.908569,0.016900,19.387400,0
51.740000,-0.514365,-0.524708,-0.342435,-0.536831,-0.533040,1.908569,0.023961,19.395100,0
51.760000,-0.470841,-0.530675,-0.293661,-0.534000,-0.534034,1.908570,0.063249,19.029700,0
51.780000,-0.504780,-0.531260,-0.327676,-0.531170,-0.535028,1.908570,0.026658,19.507300,0
51.800000,-0.515924,-0.515294,-0.363510,-0.528339,-0.536022,1.908570,0.024162,19.505900,0
51.820000,-0.569975,-0.498366,-0.477419,-0.525509,-0.537017,1.908570,0.058916,19.260600,0
51.840000,-0.487108,-0.532652,-0.349677,-0.522678,-0.538011,1.908570,0.035971,19.450800,0
51.860000,-0.488966,-0.533483,-0.343024,-0.519848,-0.539005,1.908570,0.031371,18.757000,0
51.880000,-0.480606,-0.535172,-0.310628,-0.517017,-0.539999,1.908570,0.036729,18.524700,0
51.900000,-0.490173,-0.531505,-0.328804,-0.514187,-0.540993,1.908570,0.025821,19.029500,0
51.920000,-0.498371,-0.530045,-0.384144,-0.513685,-0.541055,1.892752,0.018861,18.876200,0
51.940000,-0.482366,-0.536529,-0.303280,-0.513597,-0.541031,1.873670,0.031553,18.673800,0
51.960000,-0.490751,-0.535272,-0.307591,-0.513600,-0.541029,1.855682,0.023563,19.202500,0
51.980000,-0.502657,-0.535210,-0.305338,-0.513603,-0.541027,1.837693,0.012396,18.474400,0
52.000000,-0.481566,-0.537934,-0.276312,-0.513605,-0.541025,1.819702,0.032187,18.900500,0
52.020000,-0.500255,-0.530462,-0.259114,-0.513606,-0.541023,1.801710,0.017023,18.761100,0
52.040000,-0.469723,-0.544629,-0.242244,-0.513607,-0.541021,1.783719,0.044032,19.593700,0
52.060000,-0.488782,-0.532494,-0.254868,-0.513608,-0.541018,1.765728,0.026249,19.177800,0
52.080000,-0.492843,-0.535667,-0.221457,-0.511284,-0.541501,1.758592,0.019342,18.711000,0
52.100000,-0.500309,-0.531451,-0.228164,-0.508334,-0.542060,1.758595,0.013302,19.246300,0
52.120000,-0.497235,-0.533440,-0.248288,-0.505383,-0.542620,1.758602,0.012275,18.837700,0
52.140000,-0.453891,-0.547570,-0.175282,-0.502433,-0.543179,1.758607,0.048740,18.990000,0
52.160000,-0.480481,-0.535035,-0.156657,-0.499484,-0.543739,1.758611,0.020901,19.523800,0
52.180000,-0.476613,-0.539096,-0.183396,-0.496535,-0.544299,1.758614,0.020591,17.822700,0
52.200000,-0.467103,-0.539604,-0.130060,-0.493587,-0.544859,1.758616,0.027000,18.802600,0
52.220000,-0.464607,-0.538209,-0.157826,-0.490638,-0.545420,1.758618,0.027011,19.643600,0
52.240000,-0.466445,-0.546457,-0.147901,-0.487690,-0.545980,1.758619,0.021251,19.000700,0
52.260000,-0.449305,-0.543149,-0.208346,-0.484742,-0.546540,1.758620,0.035599,18.757900,0
52.280000,-0.421821,-0.550874,-0.155775,-0.481795,-0.547100,1.758620,0.060093,17.580200,0
52.300000,-0.460305,-0.546630,-0.169609,-0.478847,-0.547661,1.758621,0.018571,17.461200,0
52.320000,-0.460304,-0.542529,-0.217306,-0.478188,-0.547741,1.745548,0.018628,18.330500,0
52.340000,-0.462225,-0.543422,-0.199887,-0.478017,-0.547708,1.725547,0.016363,18.354000,0
52.360000,-0.473469,-0.541175,-0.170395,-0.478019,-0.547706,1.707550,0.007960,19.165400,0
52.380000,-0.472102,-0.543794,-0.148724,-0.478022,-0.547705,1.689562,0.007095,19.192400,0
52.400000,-0.440319,-0.554403,-0.071234,-0.478024,-0.547703,1.671573,0.038296,19.459100,0
52.420000,-0.442299,-0.551350,-0.071776,-0.478026,-0.547702,1.653583,0.035913,19.024300,0
52.440000,-0.460039,-0.553541,-0.070121,-0.478028,-0.547700,1.635593,0.018913,19.453700,0
52.460000,-0.473264,-0.549083,-0.098965,-0.478029,-0.547698,1.617604,0.004962,21.168300,0
52.480000,-0.485607,-0.547365,-0.079891,-0.478030,-0.547696,1.599616,0.007585,19.121100,0
52.500000,-0.451055,-0.552936,0.050888,-0.475881,-0.547802,1.590020,0.025351,18.996800,0
52.520000,-0.439945,-0.551349,0.003628,-0.472879,-0.547857,1.590022,0.033119,19.098400,0
52.540000,-0.452124,-0.552475,0.009897,-0.469876,-0.547913,1.590026,0.018329,18.950500,0
52.560000,-0.433284,-0.552349,-0.020226,-0.466874,-0.547969,1.590032,0.033875,19.399100,0
52.580000,-0.432326,-0.553944,0.020831,-0.463872,-0.548026,1.590036,0.032096,19.235600,0
52.600000,-0.416373,-0.551283,0.032016,-0.460871,-0.548083,1.590040,0.044613,19.791700,0
52.620000,-0.454571,-0.553899,-0.045841,-0.457870,-0.548141,1.590043,0.006636,18.301500,0
52.640000,-0.457470,-0.555469,-0.055165,-0.454870,-0.548198,1.590046,0.007721,18.358600,0
52.660000,-0.411430,-0.553625,-0.051318,-0.451869,-0.548256,1.590048,0.040794,17.999200,0
52.680000,-0.441353,-0.550151,-0.056322,-0.448869,-0.548314,1.590050,0.007737,18.264700,0
52.700000,-0.416441,-0.549296,-0.050071,-0.445869,-0.548372,1.590051,0.029443,18.326900,0
52.720000,-0.432539,-0.553541,-0.041775,-0.442869,-0.548429,1.590052,0.011526,18.191800,0
52.740000,-0.436886,-0.553563,-0.049282,-0.439870,-0.548487,1.590052,0.005888,18.502000,0
52.760000,-0.421440,-0.549322,-0.082143,-0.436870,-0.548545,1.590053,0.015449,19.118400,0
52.780000,-0.431402,-0.552572,-0.048508,-0.433870,-0.548603,1.590053,0.004674,21.812900,0
52.800000,-0.424512,-0.551141,-0.094806,-0.430871,-0.548661,1.590054,0.006826,18.983100,0
52.820000,-0.439093,-0.555348,-0.078093,-0.427871,-0.548719,1.590054,0.013034,18.879900,0
52.840000,-0.400529,-0.551820,-0.057195,-0.424872,-0.548777,1.590054,0.024532,19.348200,0
52.860000,-0.421375,-0.556871,-0.061897,-0.421872,-0.548835,1.590054,0.008052,19.136000,0
52.880000,-0.408583,-0.551656,-0.070222,-0.418872,-0.548892,1.590054,0.010653,19.138000,0
52.900000,-0.405504,-0.555267,-0.032319,-0.415873,-0.548950,1.590054,0.012142,18.476900,0
52.920000,-0.381124,-0.554253,-0.006312,-0.412873,-0.549008,1.590054,0.032179,19.228500,0
52.940000,-0.383437,-0.549315,-0.005072,-0.409874,-0.549066,1.590054,0.026438,19.352800,0
52.960000,-0.410090,-0.550865,-0.064606,-0.406874,-0.549124,1.590054,0.003657,19.393700,0
52.980000,-0.383754,-0.553398,-0.063159,-0.403875,-0.549181,1.590054,0.020558,19.323800,0
53.000000,-0.386313,-0.554581,-0.042565,-0.400876,-0.549239,1.590054,0.015511,19.234400,0
53.020000,-0.363947,-0.556788,-0.011220,-0.397876,-0.549297,1.590054,0.034746,19.382800,0
53.040000,-0.369313,-0.555718,0.003164,-0.394877,-0.549355,1.590054,0.026344,19.068700,0
53.060000,-0.370582,-0.555227,0.014062,-0.391877,-0.549413,1.590054,0.022074,19.017800,0
53.080000,-0.353721,-0.555232,-0.045604,-0.388878,-0.549470,1.590054,0.035626,19.264300,0
53.100000,-0.364831,-0.551669,-0.047869,-0.385878,-0.549528,1.590054,0.021156,18.884100,0
53.120000,-0.363907,-0.555159,-0.089481,-0.382879,-0.549586,1.590054,0.019774,20.140200,0
53.140000,-0.376852,-0.554194,-0.057093,-0.379879,-0.549644,1.590054,0.005465,17.297900,0
53.160000,-0.382195,-0.552632,-0.079041,-0.376880,-0.549701,1.590054,0.006070,17.061400,0
53.180000,-0.361244,-0.553793,-0.050095,-0.373881,-0.549759,1.590054,0.013265,17.657100,0
53.200000,-0.381000,-0.553565,-0.058309,-0.370881,-0.549817,1.590054,0.010791,17.611100,0
53.220000,-0.370531,-0.553742,-0.058496,-0.367882,-0.549875,1.590054,0.004687,18.844500,0
53.240000,-0.350601,-0.555752,-0.066289,-0.364882,-0.549933,1.590054,0.015421,18.889000,0
53.260000,-0.316344,-0.557234,0.021615,-0.361883,-0.549990,1.590054,0.046111,18.971300,0
53.280000,-0.352514,-0.556408,-0.027496,-0.358883,-0.550048,1.590054,0.009001,18.980000,0
53.300000,-0.321104,-0.554448,-0.016882,-0.355884,-0.550106,1.590054,0.035050,19.258100,0
53.320000,-0.317001,-0.556045,0.002116,-0.352884,-0.550164,1.590054,0.036362,18.776000,0
53.340000,-0.324399,-0.551729,0.027086,-0.349885,-0.550221,1.590054,0.025530,19.613200,0
53.360000,-0.317515,-0.554926,-0.015025,-0.346886,-0.550279,1.590054,0.029736,18.550900,0
53.380000,-0.303477,-0.554712,0.001937,-0.343886,-0.550337,1.590054,0.040646,19.241400,0
53.400000,-0.324725,-0.556767,-0.035079,-0.340887,-0.550395,1.590054,0.017373,20.130300,0
53.420000,-0.311104,-0.558031,-0.022540,-0.337887,-0.550452,1.590054,0.027835,18.860200,0
53.440000,-0.336969,-0.554448,-0.031109,-0.334888,-0.550510,1.590054,0.004454,18.674500,0
53.460000,-0.280983,-0.554288,0.026984,-0.331888,-0.550568,1.590054,0.051040,18.811100,0
53.480000,-0.317832,-0.557236,0.013663,-0.330964,-0.550553,1.580549,0.014735,19.205500,0
53.500000,-0.336278,-0.557076,-0.057741,-0.330791,-0.550551,1.560552,0.008525,19.324500,0
53.520000,-0.315877,-0.558696,0.025045,-0.330777,-0.550550,1.542365,0.016981,18.474200,0
53.540000,-0.319536,-0.558924,0.007273,-0.330780,-0.550549,1.524376,0.014020,19.484200,0
53.560000,-0.325406,-0.559436,0.006305,-0.330783,-0.550548,1.506387,0.010388,19.078400,0
53.580000,-0.329444,-0.561834,0.076813,-0.328594,-0.550394,1.497300,0.011471,18.761200,0
53.600000,-0.317275,-0.561038,0.049060,-0.325600,-0.550171,1.497302,0.013690,22.065000,0
53.620000,-0.328046,-0.555216,0.010667,-0.322605,-0.549949,1.497306,0.007573,19.354700,0
53.640000,-0.297984,-0.556477,0.036383,-0.319612,-0.549727,1.497308,0.022657,19.092000,0
53.660000,-0.311619,-0.555844,0.022421,-0.316618,-0.549505,1.497310,0.008072,19.448700,0
53.680000,-0.315675,-0.559301,0.037152,-0.313625,-0.549284,1.497312,0.010224,18.998200,0
53.700000,-0.303532,-0.562944,0.012453,-0.310632,-0.549063,1.497313,0.015592,18.964600,0
53.720000,-0.307908,-0.558771,0.034766,-0.307640,-0.548842,1.497315,0.009933,19.278000,0
53.740000,-0.315126,-0.559996,0.013662,-0.304647,-0.548622,1.497316,0.015465,19.144700,0
53.760000,-0.290651,-0.557272,0.007046,-0.301655,-0.548401,1.497316,0.014135,19.246000,0
53.780000,-0.299770,-0.557821,0.030223,-0.298662,-0.548181,1.497317,0.009703,19.719500,0
53.800000,-0.289055,-0.553734,0.021936,-0.295670,-0.547961,1.497317,0.008779,19.050500,0
53.820000,-0.287374,-0.561197,0.054032,-0.292678,-0.547740,1.497318,0.014465,18.930600,0
53.840000,-0.351889,-0.561119,0.035218,-0.289686,-0.547520,1.497318,0.063672,19.763900,0
53.860000,-0.276437,-0.557144,0.037029,-0.286694,-0.547300,1.497318,0.014217,19.081600,0
53.880000,-0.284954,-0.560058,0.010766,-0.283702,-0.547080,1.497318,0.013039,19.082400,0
53.900000,-0.281343,-0.554950,0.049270,-0.280710,-0.546860,1.497318,0.008114,18.855500,0
53.920000,-0.280757,-0.560095,0.020295,-0.277718,-0.546639,1.497319,0.013795,19.299100,0
53.940000,-0.295487,-0.560548,0.043982,-0.276869,-0.546591,1.486783,0.023269,19.096100,0
53.960000,-0.264377,-0.556873,0.052975,-0.276696,-0.546576,1.466785,0.016056,18.900700,0
53.980000,-0.278548,-0.556109,0.074404,-0.276695,-0.546575,1.448740,0.009713,19.250900,0
54.000000,-0.278610,-0.557218,0.119301,-0.276698,-0.546575,1.430751,0.010813,19.267800,0
54.020000,-0.258357,-0.559715,0.117154,-0.276701,-0.546574,1.412754,0.022565,18.783300,0
54.040000,-0.294054,-0.566693,0.114908,-0.276706,-0.546573,1.394737,0.026566,19.474300,0
54.060000,-0.263384,-0.559454,0.180719,-0.276711,-0.546572,1.376709,0.018535,18.900400,0
54.080000,-0.280031,-0.564825,0.184432,-0.276717,-0.546571,1.358676,0.018552,19.084300,0
54.100000,-0.257901,-0.560206,0.197517,-0.276722,-0.546570,1.340642,0.023241,19.807200,0
54.120000,-0.267508,-0.563750,0.207410,-0.276727,-0.546569,1.322609,0.019498,19.289500,0
54.140000,-0.273321,-0.566423,0.197333,-0.274363,-0.545940,1.316272,0.020510,19.409500,0
54.160000,-0.244885,-0.557769,0.218515,-0.271456,-0.545183,1.316272,0.029401,19.250700,0
54.180000,-0.252881,-0.557997,0.220396,-0.268550,-0.544426,1.316275,0.020729,19.599800,0
54.200000,-0.247881,-0.559989,0.201397,-0.265645,-0.543669,1.316281,0.024122,17.429000,0
54.220000,-0.259993,-0.562089,0.217559,-0.262739,-0.542913,1.316285,0.019372,17.714900,0
54.240000,-0.265742,-0.566806,0.183940,-0.259835,-0.542157,1.316289,0.025347,17.910100,0
54.260000,-0.195299,-0.556608,0.234544,-0.256930,-0.541401,1.316292,0.063479,18.119200,0
54.280000,-0.242960,-0.558924,0.230605,-0.254026,-0.540645,1.316294,0.021367,18.602500,0
54.300000,-0.240673,-0.559918,0.224638,-0.251121,-0.539890,1.316296,0.022589,17.878200,0
54.320000,-0.239626,-0.556760,0.198132,-0.248217,-0.539134,1.316298,0.019608,17.973000,0
54.340000,-0.210959,-0.551645,0.293341,-0.245314,-0.538379,1.316299,0.036827,19.305200,0
54.360000,-0.206386,-0.549763,0.260823,-0.242410,-0.537624,1.316300,0.038014,18.604900,0
54.380000,-0.203557,-0.551419,0.261057,-0.239506,-0.536868,1.316301,0.038782,19.319000,0
54.400000,-0.214046,-0.547951,0.262341,-0.236602,-0.536113,1.316301,0.025473,18.334000,0
54.420000,-0.191963,-0.542855,0.307093,-0.233699,-0.535358,1.316302,0.042404,17.639700,0
54.440000,-0.200807,-0.547113,0.226663,-0.230795,-0.534603,1.316302,0.032493,17.385100,0
54.460000,-0.213399,-0.550695,0.215919,-0.227892,-0.533847,1.316302,0.022224,17.822800,0
54.480000,-0.225862,-0.554399,0.174974,-0.224988,-0.533092,1.316302,0.021325,17.409400,0
54.500000,-0.227416,-0.555532,0.213969,-0.222085,-0.532337,1.316302,0.023799,17.615100,0
54.520000,-0.218663,-0.556833,0.206867,-0.219181,-0.531582,1.316302,0.025256,17.632600,0
54.540000,-0.205246,-0.553239,0.205023,-0.216278,-0.530827,1.316302,0.024980,17.579400,0
54.560000,-0.216394,-0.553025,0.219019,-0.213374,-0.530071,1.316302,0.023151,17.433900,0
54.580000,-0.210955,-0.558380,0.241641,-0.212743,-0.529967,1.302994,0.028469,18.937400,0
54.600000,-0.211011,-0.553878,0.260338,-0.212603,-0.529928,1.283325,0.024003,20.085200,0
54.620000,-0.205523,-0.551773,0.290240,-0.212606,-0.529928,1.265323,0.022965,19.333600,0
54.640000,-0.214654,-0.554630,0.285081,-0.212610,-0.529928,1.247326,0.024786,18.641500,0
54.660000,-0.193461,-0.550692,0.352463,-0.212614,-0.529928,1.229319,0.028249,18.365700,0
54.680000,-0.197578,-0.550028,0.330455,-0.212618,-0.529927,1.211308,0.025105,18.522600,0
54.700000,-0.203993,-0.555351,0.365075,-0.212622,-0.529927,1.193294,0.026849,19.513300,0
54.720000,-0.200305,-0.553237,0.355833,-0.212626,-0.529926,1.175280,0.026366,18.610700,0
54.740000,-0.189054,-0.554209,0.437966,-0.212630,-0.529925,1.157265,0.033846,18.921000,0
54.760000,-0.194525,-0.554665,0.445833,-0.212634,-0.529924,1.139252,0.030661,19.009600,0
54.780000,-0.187021,-0.555488,0.330029,-0.210229,-0.528815,1.135251,0.035356,19.355200,0
54.800000,-0.222204,-0.563711,0.374945,-0.207506,-0.527547,1.135251,0.039037,19.481200,0
54.820000,-0.180967,-0.551383,0.406077,-0.204784,-0.526279,1.135254,0.034605,19.257700,0
54.840000,-0.177231,-0.547702,0.393381,-0.202062,-0.525012,1.135258,0.033636,18.741000,0
54.860000,-0.177628,-0.545830,0.463389,-0.199340,-0.523746,1.135262,0.030969,18.861000,0
54.880000,-0.171869,-0.542383,0.472508,-0.196619,-0.522479,1.135266,0.031761,18.957800,0
54.900000,-0.164652,-0.535264,0.422098,-0.193898,-0.521213,1.135269,0.032446,19.418700,0
54.920000,-0.174473,-0.542705,0.398718,-0.191177,-0.519947,1.135271,0.028231,19.865200,0
54.940000,-0.182485,-0.544061,0.357121,-0.188456,-0.518681,1.135273,0.026073,18.829800,0
54.960000,-0.181252,-0.546025,0.394425,-0.185735,-0.517415,1.135274,0.028959,20.275900,0
54.980000,-0.147273,-0.534969,0.400983,-0.185305,-0.517215,1.119470,0.041972,18.897500,0
55.000000,-0.171385,-0.542643,0.429673,-0.185238,-0.517182,1.100590,0.028986,19.115500,0
55.020000,-0.192350,-0.555696,0.415044,-0.185241,-0.517182,1.082601,0.039164,19.336900,0
55.040000,-0.161298,-0.540990,0.520498,-0.185244,-0.517183,1.064608,0.033766,19.447500,0
55.060000,-0.169860,-0.547148,0.470694,-0.185248,-0.517183,1.046609,0.033685,19.040900,0
55.080000,-0.143979,-0.535577,0.584346,-0.185251,-0.517183,1.028607,0.045185,19.261900,0
55.100000,-0.167507,-0.542397,0.561553,-0.185255,-0.517183,1.010603,0.030834,19.887400,0
55.120000,-0.163278,-0.547510,0.563451,-0.185258,-0.517182,0.992599,0.037456,18.732600,0
55.140000,-0.183181,-0.557552,0.527511,-0.185261,-0.517182,0.974595,0.040423,19.542900,0
55.160000,-0.156515,-0.539378,0.632051,-0.185264,-0.517181,0.956592,0.036321,19.593100,0
55.180000,-0.148888,-0.539119,0.640682,-0.185266,-0.517181,0.938589,0.042481,19.315100,0
55.200000,-0.162936,-0.544757,0.601414,-0.185269,-0.517180,0.920587,0.035486,18.923900,0
55.220000,-0.167390,-0.554794,0.637603,-0.185272,-0.517179,0.902586,0.041649,18.819500,0
55.240000,-0.167917,-0.552005,0.660422,-0.185274,-0.517179,0.884587,0.038912,18.775000,0
55.260000,-0.162604,-0.549857,0.699385,-0.185277,-0.517178,0.866588,0.039774,19.630100,0
55.280000,-0.171615,-0.560157,0.657734,-0.185279,-0.517177,0.848591,0.045100,18.404500,0
55.300000,-0.159653,-0.541158,0.728970,-0.185281,-0.517176,0.830595,0.035099,18.687500,0
55.320000,-0.165905,-0.550919,0.703179,-0.185284,-0.517175,0.812599,0.038913,19.279900,0
55.340000,-0.162925,-0.548313,0.773479,-0.185286,-0.517175,0.794604,0.038336,19.662300,0
55.360000,-0.156745,-0.548742,0.752183,-0.185288,-0.517174,0.776610,0.042559,19.545600,0
55.380000,-0.159523,-0.552071,0.759648,-0.185290,-0.517173,0.758617,0.043380,18.770100,0
55.400000,-0.153486,-0.551620,0.792705,-0.185292,-0.517172,0.740625,0.046886,19.114300,0
55.420000,-0.159060,-0.555663,0.830564,-0.183406,-0.515109,0.738279,0.047301,19.217300,0
55.440000,-0.156581,-0.550353,0.842592,-0.181384,-0.512886,0.738286,0.044933,19.054700,0
55.460000,-0.153741,-0.539360,0.834278,-0.179363,-0.510665,0.738295,0.038469,19.082400,0
55.480000,-0.145331,-0.537110,0.845018,-0.177342,-0.508444,0.738304,0.042970,17.795700,0
55.500000,-0.150015,-0.538535,0.849140,-0.175321,-0.506224,0.738310,0.041042,18.006900,0
55.520000,-0.141736,-0.532998,0.846197,-0.173300,-0.504004,0.738315,0.042860,17.382700,0
55.540000,-0.142636,-0.530877,0.827286,-0.171280,-0.501784,0.738318,0.040828,17.480500,0
55.560000,-0.133671,-0.525663,0.857411,-0.169260,-0.499565,0.738320,0.044132,17.651200,0
55.580000,-0.142199,-0.537091,0.863142,-0.167240,-0.497345,0.738322,0.046976,17.934500,0
55.600000,-0.129158,-0.518845,0.817646,-0.165220,-0.495126,0.738324,0.043163,17.945900,0
55.620000,-0.127380,-0.520973,0.845828,-0.163201,-0.492907,0.738325,0.045506,18.678600,0
55.640000,-0.128372,-0.522680,0.843472,-0.161181,-0.490688,0.738325,0.045825,18.692000,0
55.660000,-0.129668,-0.516161,0.842074,-0.159161,-0.488469,0.738326,0.040456,18.936800,0
55.680000,-0.133077,-0.520300,0.853284,-0.157142,-0.486250,0.738326,0.041696,18.631500,0
55.700000,-0.119975,-0.509030,0.811247,-0.155122,-0.484031,0.738327,0.043131,19.410000,0
55.720000,-0.125861,-0.513222,0.792002,-0.153103,-0.481812,0.738327,0.041578,18.292800,0
55.740000,-0.132199,-0.519355,0.776646,-0.151084,-0.479593,0.738328,0.044019,19.066100,0
55.760000,-0.117225,-0.508695,0.773779,-0.149064,-0.477375,0.738328,0.044662,19.703700,0
55.780000,-0.119853,-0.512925,0.863324,-0.147045,-0.475156,0.738328,0.046539,18.260300,0
55.800000,-0.111656,-0.501210,0.853219,-0.145026,-0.472937,0.738328,0.043736,18.297400,0
55.820000,-0.107358,-0.494428,0.856360,-0.143007,-0.470718,0.738328,0.042814,18.510800,0
55.840000,-0.106552,-0.499086,0.840535,-0.140988,-0.468499,0.738328,0.046059,17.258100,0
55.860000,-0.117368,-0.508097,0.812431,-0.138968,-0.466281,0.738328,0.047065,18.006300,0
55.880000,-0.121318,-0.509431,0.800338,-0.136949,-0.464062,0.738328,0.047986,17.699500,0
55.900000,-0.104471,-0.493593,0.796580,-0.134930,-0.461843,0.738328,0.043998,18.481500,0
55.920000,-0.112847,-0.503863,0.766029,-0.132911,-0.459624,0.738329,0.048577,18.790000,0
55.940000,-0.104747,-0.490541,0.767827,-0.130892,-0.457405,0.738329,0.042209,18.901700,0
55.960000,-0.113955,-0.503407,0.771376,-0.128872,-0.455187,0.738329,0.050475,19.060300,0
55.980000,-0.092465,-0.480122,0.785060,-0.126853,-0.452968,0.738329,0.043816,18.264100,0
56.000000,-0.106352,-0.489419,0.784874,-0.124834,-0.450749,0.738329,0.042860,17.614200,0
56.020000,-0.087304,-0.476337,0.861468,-0.122815,-0.448530,0.738329,0.045103,18.010500,0
56.040000,-0.090964,-0.479513,0.820839,-0.122581,-0.448271,0.720784,0.044449,18.653400,0
56.060000,-0.102802,-0.492881,0.857463,-0.122569,-0.448256,0.702545,0.048807,19.165800,0
56.080000,-0.082397,-0.474315,0.844861,-0.122572,-0.448259,0.684556,0.047885,18.677500,0
56.100000,-0.095361,-0.485493,0.837650,-0.122575,-0.448260,0.666564,0.046118,19.461000,0
56.120000,-0.094741,-0.487502,0.903732,-0.122578,-0.448261,0.648569,0.048112,18.912500,0
56.140000,-0.092074,-0.492163,0.900202,-0.122581,-0.448262,0.630573,0.053460,19.951300,0
56.160000,-0.095781,-0.491404,0.928409,-0.122584,-0.448262,0.612576,0.050790,19.073100,0
56.180000,-0.081680,-0.477447,0.965516,-0.122587,-0.448263,0.594580,0.050250,19.907500,0
56.200000,-0.091486,-0.492453,0.951318,-0.122589,-0.448263,0.576584,0.054039,19.332700,0
56.220000,-0.083766,-0.476614,0.922513,-0.122592,-0.448263,0.558589,0.048076,20.236300,0
56.240000,-0.094115,-0.495121,0.981451,-0.122594,-0.448262,0.540595,0.054834,18.562000,0
56.260000,-0.083554,-0.478643,0.997702,-0.122597,-0.448262,0.522601,0.049471,19.010300,0
56.280000,-0.089399,-0.496566,1.019274,-0.122599,-0.448262,0.504609,0.058613,18.815000,0
56.300000,-0.084540,-0.479226,1.060563,-0.122601,-0.448262,0.486617,0.049065,19.299800,0
56.320000,-0.086121,-0.491597,1.069125,-0.122604,-0.448261,0.468626,0.056648,19.964400,0
56.340000,-0.098966,-0.508834,1.099157,-0.122606,-0.448261,0.450636,0.065023,19.533500,0
56.360000,-0.085446,-0.483877,1.112719,-0.122608,-0.448261,0.432647,0.051474,19.362100,0
56.380000,-0.090460,-0.494994,1.114389,-0.122610,-0.448260,0.414658,0.056725,18.951100,0
56.400000,-0.079158,-0.487358,1.128118,-0.122612,-0.448260,0.396670,0.058455,19.408000,0
56.420000,-0.080842,-0.497561,1.165379,-0.122614,-0.448259,0.378683,0.064619,19.495100,0
56.440000,-0.079220,-0.479078,1.163122,-0.122616,-0.448259,0.360696,0.053226,18.863100,0
56.460000,-0.084614,-0.494126,1.201277,-0.122618,-0.448259,0.342709,0.059566,19.102700,0
56.480000,-0.075402,-0.470587,1.219924,-0.122620,-0.448258,0.324723,0.052231,19.276300,0
56.500000,-0.085119,-0.493963,1.228095,-0.122622,-0.448258,0.306737,0.059123,18.773100,0
56.520000,-0.079270,-0.484575,1.212847,-0.122624,-0.448258,0.288752,0.056555,19.523300,0
56.540000,-0.082290,-0.490575,1.258273,-0.121839,-0.445969,0.285271,0.059614,19.365500,0
56.560000,-0.080925,-0.495387,1.239701,-0.120994,-0.443087,0.285273,0.065885,19.433600,0
56.580000,-0.076859,-0.477595,1.249066,-0.120149,-0.440205,0.285286,0.057202,19.579300,0
56.600000,-0.080270,-0.485348,1.243562,-0.119304,-0.437323,0.285295,0.061888,19.117700,0
56.620000,-0.078006,-0.475676,1.209568,-0.118459,-0.434442,0.285302,0.057764,19.976100,0
56.640000,-0.081205,-0.483129,1.249301,-0.117613,-0.431562,0.285307,0.063125,19.567700,0
56.660000,-0.077458,-0.473321,1.231465,-0.116768,-0.428682,0.285310,0.059481,19.881200,0
56.680000,-0.073698,-0.465126,1.255669,-0.115923,-0.425802,0.285312,0.057700,17.335700,0
56.700000,-0.073100,-0.465603,1.252239,-0.115078,-0.422922,0.285313,0.059865,17.539700,0
56.720000,-0.074140,-0.462547,1.228384,-0.114234,-0.420043,0.285314,0.058431,17.469200,0
56.740000,-0.066242,-0.452378,1.221925,-0.113389,-0.417163,0.285315,0.058846,17.654800,0
56.760000,-0.070161,-0.464376,1.247206,-0.112544,-0.414284,0.285316,0.065617,17.838300,0
56.780000,-0.073304,-0.452806,1.238960,-0.111699,-0.411405,0.285317,0.056465,18.110300,0
56.800000,-0.068932,-0.447107,1.211750,-0.110855,-0.408526,0.285317,0.056973,18.512700,0
56.820000,-0.073144,-0.457796,1.233469,-0.110010,-0.405647,0.285318,0.063865,18.833500,0
56.840000,-0.064994,-0.438722,1.226410,-0.109166,-0.402769,0.285318,0.056954,18.698500,0
56.860000,-0.060339,-0.438751,1.242921,-0.108321,-0.399890,0.285319,0.061745,18.725000,0
56.880000,-0.062539,-0.439266,1.255256,-0.107477,-0.397011,0.285319,0.061684,18.384500,0
56.900000,-0.067985,-0.441682,1.236175,-0.106632,-0.394132,0.285319,0.061275,19.417200,0
56.920000,-0.060690,-0.431371,1.252803,-0.105788,-0.391253,0.285319,0.060360,18.026000,0
56.940000,-0.063672,-0.438764,1.290446,-0.105706,-0.390718,0.270671,0.063838,18.849400,0
56.960000,-0.060653,-0.428569,1.295541,-0.105740,-0.390608,0.251344,0.058940,18.846000,0
56.980000,-0.066313,-0.441490,1.315934,-0.105742,-0.390611,0.233357,0.064369,19.005000,0
57.000000,-0.059722,-0.425976,1.312737,-0.105744,-0.390614,0.215368,0.058039,19.209700,0
57.020000,-0.062202,-0.448788,1.357733,-0.105746,-0.390616,0.197378,0.072664,18.994100,0
57.040000,-0.059985,-0.435425,1.349112,-0.105748,-0.390617,0.179387,0.064047,18.909300,0
57.060000,-0.057478,-0.423106,1.398559,-0.105750,-0.390619,0.161396,0.058186,18.729000,0
57.080000,-0.056813,-0.433279,1.392188,-0.105752,-0.390620,0.143406,0.064921,18.354200,0
57.100000,-0.061037,-0.437403,1.410190,-0.105754,-0.390620,0.125416,0.064717,19.274900,0
57.120000,-0.057449,-0.425896,1.440104,-0.105756,-0.390621,0.107427,0.059816,18.675300,0
57.140000,-0.053206,-0.434802,1.444344,-0.105758,-0.390622,0.089439,0.068656,18.675600,0
57.160000,-0.054255,-0.420985,1.476765,-0.105760,-0.390622,0.071451,0.059789,18.912200,0
57.180000,-0.054680,-0.438421,1.476756,-0.105762,-0.390622,0.053464,0.069958,18.908600,0
57.200000,-0.056935,-0.420627,1.539198,-0.105764,-0.390623,0.035478,0.057310,18.167900,0
57.220000,-0.055185,-0.427766,1.564566,-0.105634,-0.388462,0.026017,0.063953,18.710000,0
57.240000,-0.052981,-0.431899,1.564247,-0.105558,-0.385460,0.026019,0.070149,18.318600,0
57.260000,-0.054592,-0.420800,1.565783,-0.105482,-0.382458,0.026024,0.063717,19.239500,0
57.280000,-0.052453,-0.430375,1.556718,-0.105405,-0.379456,0.026032,0.073462,19.174800,0
57.300000,-0.055530,-0.431091,1.587157,-0.105328,-0.376454,0.026038,0.073926,19.033100,0
57.320000,-0.055144,-0.409833,1.550604,-0.105250,-0.373453,0.026043,0.061920,19.241400,0
57.340000,-0.055042,-0.417465,1.563085,-0.105172,-0.370453,0.026047,0.068725,18.389000,0
57.360000,-0.062470,-0.414752,1.552946,-0.105094,-0.367453,0.026050,0.063671,19.290000,0
57.380000,-0.055977,-0.409294,1.553013,-0.105016,-0.364453,0.026053,0.066450,18.539900,0
57.400000,-0.054388,-0.411321,1.574820,-0.104937,-0.361453,0.026055,0.071007,18.817700,0
57.420000,-0.051904,-0.421382,1.550967,-0.104859,-0.358454,0.026057,0.082245,18.543800,0
57.440000,-0.052551,-0.407664,1.555607,-0.104781,-0.355454,0.026058,0.073850,19.054200,0
57.460000,-0.051632,-0.383578,1.497783,-0.104702,-0.352455,0.026059,0.061524,19.906300,0
57.480000,-0.053529,-0.400202,1.538526,-0.104624,-0.349456,0.026060,0.072013,26.515900,0
57.500000,-0.054096,-0.396371,1.564803,-0.104545,-0.346456,0.026061,0.070969,19.912400,0
57.520000,-0.055326,-0.374947,1.548810,-0.104467,-0.343457,0.026061,0.058365,18.933500,0
57.540000,-0.052201,-0.382794,1.555800,-0.104389,-0.340458,0.026061,0.067200,18.894500,0
57.560000,-0.052303,-0.384746,1.552170,-0.104310,-0.337459,0.026062,0.070291,18.678500,0
57.580000,-0.055611,-0.385412,1.561896,-0.104232,-0.334460,0.026062,0.070428,19.637200,0
57.600000,-0.051699,-0.373099,1.554952,-0.104154,-0.331461,0.026062,0.066972,19.130800,0
57.620000,-0.053735,-0.374186,1.531793,-0.104076,-0.328462,0.026062,0.068006,19.255900,0
57.640000,-0.053092,-0.370672,1.538856,-0.103998,-0.325463,0.026062,0.068083,17.767100,0
57.660000,-0.052283,-0.371508,1.555880,-0.103998,-0.324954,0.025798,0.069582,17.412600,0
57.680000,-0.048046,-0.376225,1.600630,-0.103997,-0.324953,0.025798,0.075890,18.766700,0
57.700000,-0.049581,-0.359722,1.523452,-0.103997,-0.324954,0.025798,0.064575,19.029600,0
57.720000,-0.049463,-0.361132,1.509171,-0.103997,-0.324954,0.025798,0.065443,18.916800,0
57.740000,-0.051208,-0.377122,1.487207,-0.103997,-0.324954,0.025798,0.074217,18.842400,0
57.760000,-0.052442,-0.362054,1.504996,-0.103997,-0.324954,0.025798,0.063516,18.720200,0
57.780000,-0.056045,-0.376277,1.511150,-0.103997,-0.324954,0.025798,0.070238,18.612700,0
57.800000,-0.052867,-0.363017,1.459938,-0.103997,-0.324954,0.025798,0.063742,19.508000,0
57.820000,-0.056763,-0.385165,1.534378,-0.103997,-0.324954,0.025798,0.076528,18.216000,0
57.840000,-0.052128,-0.374650,1.573911,-0.103997,-0.324954,0.025798,0.071834,17.904900,0
57.860000,-0.054585,-0.355125,1.551132,-0.103997,-0.324954,0.025798,0.057895,18.540800,0
57.880000,-0.053672,-0.384163,1.560140,-0.103997,-0.324954,0.025798,0.077706,18.630700,0
57.900000,-0.053601,-0.372878,1.566012,-0.103997,-0.324954,0.025798,0.069544,18.894200,0
57.920000,-0.053926,-0.365637,1.552953,-0.103997,-0.324954,0.025798,0.064516,18.682600,0
57.940000,-0.053275,-0.368586,1.544921,-0.103997,-0.324954,0.025798,0.066907,19.007900,0
57.960000,-0.054021,-0.381038,1.558170,-0.103997,-0.324954,0.025798,0.075120,18.982800,0
57.980000,-0.054674,-0.368880,1.559390,-0.103997,-0.324954,0.025798,0.066048,18.017700,0
58.000000,-0.053168,-0.386010,1.515288,-0.103997,-0.324954,0.025798,0.079444,19.212200,0
58.020000,-0.054785,-0.380950,1.503623,-0.103997,-0.324954,0.025798,0.074548,18.349200,0
58.040000,-0.051513,-0.359637,1.499370,-0.103997,-0.324954,0.025798,0.062909,18.068200,0
58.060000,-0.051292,-0.369271,1.508507,-0.103997,-0.324954,0.025798,0.068861,17.482600,0
58.080000,-0.053652,-0.372020,1.486566,-0.103997,-0.324954,0.025798,0.068919,18.593000,0
58.100000,-0.051605,-0.358906,1.544925,-0.103997,-0.324954,0.025798,0.062431,18.393000,0
58.120000,-0.053536,-0.373767,1.580351,-0.103997,-0.324954,0.025798,0.070207,18.698400,0
58.140000,-0.050553,-0.339207,1.534489,-0.103997,-0.324954,0.025798,0.055312,18.846400,0
58.160000,-0.050095,-0.351716,1.489358,-0.103997,-0.324954,0.025798,0.060180,20.238300,0
58.180000,-0.049807,-0.369580,1.515477,-0.103997,-0.324954,0.025798,0.070200,18.502200,0
58.200000,-0.051441,-0.371123,1.486273,-0.103997,-0.324954,0.025798,0.069955,19.132600,0
58.220000,-0.051455,-0.353224,1.503971,-0.103997,-0.324954,0.025798,0.059664,18.971600,0
58.240000,-0.050323,-0.374703,1.495106,-0.103997,-0.324954,0.025798,0.073183,19.297900,0
58.260000,-0.049852,-0.353547,1.501837,-0.103997,-0.324954,0.025798,0.061231,18.801700,0
58.280000,-0.053354,-0.374372,1.504472,-0.103997,-0.324954,0.025798,0.070759,18.881200,0
58.300000,-0.053769,-0.371480,1.508098,-0.103997,-0.324954,0.025798,0.068466,19.560700,0
58.320000,-0.051831,-0.369447,1.488307,-0.103997,-0.324954,0.025798,0.068563,18.808700,0
58.340000,-0.050385,-0.358353,1.507688,-0.103997,-0.324954,0.025798,0.063164,19.241900,0
58.360000,-0.051432,-0.367617,1.510301,-0.103997,-0.324954,0.025798,0.067700,18.758100,0
58.380000,-0.053290,-0.373682,1.479376,-0.103997,-0.324954,0.025798,0.070325,18.925000,0
58.400000,-0.050849,-0.351938,1.511242,-0.103997,-0.324954,0.025798,0.059605,19.548300,0
58.420000,-0.054092,-0.361507,1.495496,-0.103997,-0.324954,0.025798,0.061860,19.210900,0
58.440000,-0.053446,-0.382258,1.488510,-0.103997,-0.324954,0.025798,0.076414,18.932200,0
58.460000,-0.049562,-0.362505,1.494516,-0.103997,-0.324954,0.025798,0.066130,19.555800,0
58.480000,-0.048493,-0.371186,1.496231,-0.103997,-0.324954,0.025798,0.072237,19.281500,0
58.500000,-0.050444,-0.363266,1.517650,-0.103997,-0.324954,0.025798,0.065846,18.889100,0
58.520000,-0.053717,-0.348264,1.502140,-0.103997,-0.324954,0.025798,0.055421,19.634000,0
58.540000,-0.057446,-0.364543,1.503373,-0.103997,-0.324954,0.025798,0.061109,18.771200,0
58.560000,-0.057606,-0.387499,1.542127,-0.103997,-0.324954,0.025798,0.077872,17.842800,0
58.580000,-0.054051,-0.369290,1.547014,-0.103997,-0.324954,0.025798,0.066786,18.153300,0
58.600000,-0.053926,-0.373495,1.567258,-0.103997,-0.324954,0.025798,0.069737,18.934500,0
58.620000,-0.053580,-0.350260,1.528077,-0.103997,-0.324954,0.025798,0.056412,18.369700,0
58.640000,-0.052588,-0.351204,1.485590,-0.103997,-0.324954,0.025798,0.057723,18.877100,0
58.660000,-0.049401,-0.377449,1.512909,-0.103997,-0.324954,0.025798,0.075740,18.445300,0
58.680000,-0.048292,-0.383998,1.471981,-0.103997,-0.324954,0.025798,0.081174,19.128000,0
58.700000,-0.050228,-0.364181,1.521915,-0.103997,-0.324954,0.025798,0.066557,19.063100,0
58.720000,-0.052983,-0.365281,1.491725,-0.103997,-0.324954,0.025798,0.065028,18.886400,0
58.740000,-0.055926,-0.377721,1.509271,-0.103997,-0.324954,0.025798,0.071380,19.446500,0
58.760000,-0.052163,-0.380013,1.492198,-0.103997,-0.324954,0.025798,0.075619,19.414000,0
58.780000,-0.050754,-0.359761,1.499541,-0.103997,-0.324954,0.025798,0.063611,19.013800,0
58.800000,-0.053740,-0.386360,1.561675,-0.103997,-0.324954,0.025798,0.079350,19.958800,0
58.820000,-0.052558,-0.383944,1.603095,-0.103997,-0.324954,0.025798,0.078267,18.703300,0
58.840000,-0.055209,-0.370393,1.547258,-0.103997,-0.324954,0.025798,0.066671,17.966000,0
58.860000,-0.050045,-0.380341,1.580764,-0.103997,-0.324954,0.025798,0.077321,17.837300,0
58.880000,-0.050941,-0.359589,1.550283,-0.103997,-0.324954,0.025798,0.063360,18.173000,0
58.900000,-0.053747,-0.370847,1.535265,-0.103997,-0.324954,0.025798,0.068053,18.792300,0
58.920000,-0.051042,-0.378384,1.540413,-0.103997,-0.324954,0.025798,0.075226,18.902800,0
58.940000,-0.051796,-0.375478,1.541932,-0.103997,-0.324954,0.025798,0.072647,19.141200,0
58.960000,-0.056968,-0.386875,1.549711,-0.103997,-0.324954,0.025798,0.077756,19.044300,0
58.980000,-0.052340,-0.378744,1.570484,-0.103997,-0.324954,0.025798,0.074578,18.911700,0
59.000000,-0.053209,-0.353924,1.556976,-0.103997,-0.324954,0.025798,0.058469,19.833100,0
59.020000,-0.056879,-0.374039,1.552371,-0.103997,-0.324954,0.025798,0.068040,19.433900,0
59.040000,-0.054284,-0.371524,1.576742,-0.103997,-0.324954,0.025798,0.068119,19.352200,0
59.060000,-0.053230,-0.366813,1.542230,-0.103997,-0.324954,0.025798,0.065799,19.345100,0
59.080000,-0.048501,-0.375872,1.571728,-0.103997,-0.324954,0.025798,0.075315,19.144400,0
59.100000,-0.052680,-0.346630,1.557856,-0.103997,-0.324954,0.025798,0.055707,18.818200,0
59.120000,-0.050423,-0.371189,1.585494,-0.103997,-0.324954,0.025798,0.070766,19.020600,0
59.140000,-0.051293,-0.391711,1.508572,-0.103997,-0.324954,0.025798,0.085055,18.803600,0
59.160000,-0.051515,-0.364993,1.507055,-0.103997,-0.324954,0.025798,0.066011,19.505700,0
59.180000,-0.048498,-0.346601,1.530236,-0.103997,-0.324954,0.025798,0.059571,19.558100,0
59.200000,-0.049677,-0.361439,1.512007,-0.103997,-0.324954,0.025798,0.065435,19.750900,0
59.220000,-0.052783,-0.372317,1.515806,-0.103997,-0.324954,0.025798,0.069758,19.687700,0
59.240000,-0.049050,-0.375737,1.496223,-0.103997,-0.324954,0.025798,0.074820,19.361600,0
59.260000,-0.051229,-0.352965,1.521277,-0.103997,-0.324954,0.025798,0.059742,18.689600,0
59.280000,-0.055599,-0.365930,1.489755,-0.103997,-0.324954,0.025798,0.063415,17.890200,0
59.300000,-0.053260,-0.349409,1.508530,-0.103997,-0.324954,0.025798,0.056323,17.888700,0
59.320000,-0.054799,-0.372846,1.513513,-0.103997,-0.324954,0.025798,0.068659,17.927100,0
59.340000,-0.055403,-0.385416,1.536112,-0.103997,-0.324954,0.025798,0.077570,19.297500,0
59.360000,-0.055121,-0.381585,1.589816,-0.103997,-0.324954,0.025798,0.074806,18.695000,0
59.380000,-0.051917,-0.359625,1.558510,-0.103997,-0.324954,0.025798,0.062565,19.174400,0
59.400000,-0.058278,-0.367469,1.543138,-0.103997,-0.324954,0.025798,0.062432,19.554200,0
59.420000,-0.058357,-0.389502,1.500183,-0.103997,-0.324954,0.025798,0.079053,19.024600,0
59.440000,-0.053267,-0.358205,1.500341,-0.103997,-0.324954,0.025798,0.060657,19.027100,0
59.460000,-0.054756,-0.365660,1.497404,-0.103997,-0.324954,0.025798,0.063888,19.065300,0
59.480000,-0.058665,-0.388658,1.535757,-0.103997,-0.324954,0.025798,0.078187,19.358700,0
59.500000,-0.050990,-0.377751,1.555377,-0.103997,-0.324954,0.025798,0.074815,18.666000,0
59.520000,-0.054718,-0.369279,1.554581,-0.103997,-0.324954,0.025798,0.066281,17.260400,0
59.540000,-0.050605,-0.366318,1.552581,-0.103997,-0.324954,0.025798,0.067540,17.327600,0
59.560000,-0.052278,-0.372567,1.571146,-0.103997,-0.324954,0.025798,0.070298,17.813900,0
59.580000,-0.053948,-0.349828,1.523261,-0.103997,-0.324954,0.025798,0.055889,18.117700,0
59.600000,-0.057705,-0.356339,1.400008,-0.103997,-0.324954,0.025798,0.055928,18.132600,0
59.620000,-0.058297,-0.389108,1.549879,-0.103997,-0.324954,0.025798,0.078767,18.364500,0
59.640000,-0.052471,-0.366924,1.564926,-0.103997,-0.324954,0.025798,0.066456,17.023000,0
59.660000,-0.047878,-0.378296,1.551653,-0.103997,-0.324954,0.025798,0.077425,17.597600,0
59.680000,-0.050140,-0.381985,1.580797,-0.103997,-0.324954,0.025798,0.078442,17.240700,0
59.700000,-0.048027,-0.365232,1.567509,-0.103997,-0.324954,0.025798,0.068957,18.050400,0
59.720000,-0.051589,-0.378011,1.556311,-0.103997,-0.324954,0.025798,0.074576,17.893200,0
59.740000,-0.053088,-0.382930,1.578730,-0.103997,-0.324954,0.025798,0.077155,17.850700,0
