timestamp,est_x,est_y,est_theta,gt_x,gt_y,gt_theta,error_m,update_time_ms,kidnapped
0.020000,-0.636627,-0.396996,1.175987,-0.550000,-0.458800,0.000000,0.106414,29.618700,0
0.040000,-0.521389,-0.467249,1.515725,-0.550000,-0.458800,0.000000,0.029832,28.858200,0
0.060000,-0.508636,-0.486267,1.545528,-0.550000,-0.458800,0.000000,0.049653,18.411200,0
0.080000,-0.503447,-0.490298,1.555794,-0.550000,-0.458800,0.000000,0.056207,28.029000,0
0.100000,-0.501932,-0.491387,1.556623,-0.550000,-0.458800,0.000000,0.058073,26.101000,0
0.120000,-0.502883,-0.491863,1.557256,-0.550000,-0.458800,0.000000,0.057560,28.296800,0
0.140000,-0.501864,-0.490404,1.547844,-0.550000,-0.458800,0.000000,0.057584,28.103500,0
0.160000,-0.500401,-0.491667,1.560052,-0.550000,-0.458800,0.000000,0.059500,27.254400,0
0.180000,-0.498955,-0.497964,1.567537,-0.550000,-0.458800,0.000000,0.064338,28.315600,0
0.200000,-0.500478,-0.491894,1.570526,-0.550000,-0.458800,0.000000,0.059562,28.863900,0
0.220000,-0.501400,-0.494105,1.565475,-0.550000,-0.458800,0.000000,0.060069,27.835700,0
0.240000,-0.500703,-0.497695,1.560406,-0.550000,-0.458800,0.000000,0.062794,28.567400,0
0.260000,-0.502073,-0.493799,1.560708,-0.550000,-0.458800,0.000000,0.059346,26.956900,0
0.280000,-0.502771,-0.496981,1.576091,-0.550000,-0.458800,0.000000,0.060732,27.571500,0
0.300000,-0.500344,-0.494888,1.563443,-0.550000,-0.458800,0.000000,0.061385,27.378900,0
0.320000,-0.501148,-0.495788,1.562258,-0.550000,-0.458800,0.000000,0.061274,26.930100,0
0.340000,-0.501172,-0.492709,1.564951,-0.550000,-0.458800,0.000000,0.059447,28.796600,0
0.360000,-0.500680,-0.489832,1.567235,-0.550000,-0.458800,0.000000,0.058270,28.893200,0
0.380000,-0.501312,-0.492299,1.562202,-0.550000,-0.458800,0.000000,0.059099,20.601300,0
0.400000,-0.500229,-0.496739,1.570816,-0.550000,-0.458800,0.000000,0.062583,14.469400,0
0.420000,-0.501292,-0.498586,1.570417,-0.550000,-0.458800,0.000000,0.062892,17.309200,0
0.440000,-0.500170,-0.487519,1.552406,-0.550000,-0.458800,0.000000,0.057513,25.861400,0
0.460000,-0.500275,-0.486162,1.547528,-0.550000,-0.458800,0.000000,0.056756,25.709900,0
0.480000,-0.501694,-0.488073,1.546897,-0.550000,-0.458800,0.000000,0.056484,29.484700,0
0.500000,-0.501122,-0.494569,1.561224,-0.550000,-0.458800,0.000000,0.060568,30.011200,0
0.520000,-0.500637,-0.494466,1.562379,-0.550000,-0.458800,0.000000,0.060899,29.690300,0
0.540000,-0.498556,-0.493618,1.566862,-0.550000,-0.458800,0.000000,0.062119,28.366800,0
0.560000,-0.502391,-0.490366,1.557342,-0.550000,-0.458800,0.000000,0.057123,27.354200,0
0.580000,-0.502121,-0.487863,1.544546,-0.550000,-0.458800,0.000000,0.056010,28.496900,0
0.600000,-0.499979,-0.487460,1.552738,-0.550000,-0.458800,0.000000,0.057649,28.914600,0
0.620000,-0.502148,-0.495517,1.579400,-0.550000,-0.458800,0.000000,0.060316,29.599000,0
0.640000,-0.500864,-0.490458,1.558775,-0.550000,-0.458800,0.000000,0.058451,29.379400,0
0.660000,-0.501559,-0.493377,1.563024,-0.550000,-0.458800,0.000000,0.059515,28.962800,0
0.680000,-0.501786,-0.491007,1.563289,-0.550000,-0.458800,0.000000,0.057982,29.034000,0
0.700000,-0.499033,-0.490666,1.569076,-0.550000,-0.458800,0.000000,0.060108,29.680400,0
0.720000,-0.500516,-0.493560,1.560657,-0.550000,-0.458800,0.000000,0.060472,30.113900,0
0.740000,-0.500029,-0.501109,1.569313,-0.550000,-0.458800,0.000000,0.065476,29.641200,0
0.760000,-0.501037,-0.493532,1.568178,-0.550000,-0.458800,0.000000,0.060031,29.192200,0
0.780000,-0.500928,-0.493091,1.568960,-0.550000,-0.458800,0.000000,0.059866,27.803400,0
0.800000,-0.500410,-0.484377,1.556371,-0.550000,-0.458800,0.000000,0.055797,27.088500,0
0.820000,-0.502376,-0.484899,1.534157,-0.550000,-0.458800,0.000000,0.054306,28.072000,0
0.840000,-0.501665,-0.484913,1.542270,-0.550000,-0.458800,0.000000,0.054938,28.138600,0
0.860000,-0.501868,-0.492803,1.554146,-0.550000,-0.458800,0.000000,0.058931,27.008400,0
0.880000,-0.503102,-0.486067,1.545175,-0.550000,-0.458800,0.000000,0.054249,28.061200,0
0.900000,-0.503702,-0.485147,1.546644,-0.550000,-0.458800,0.000000,0.053270,27.103300,0
0.920000,-0.503616,-0.493787,1.555472,-0.550000,-0.458800,0.000000,0.058100,26.135900,0
0.940000,-0.503183,-0.484226,1.538721,-0.550000,-0.458800,0.000000,0.053276,18.688800,0
0.960000,-0.504416,-0.487282,1.553313,-0.550000,-0.458800,0.000000,0.053750,25.535400,0
0.980000,-0.503938,-0.490311,1.557723,-0.550000,-0.458800,0.000000,0.055809,26.365900,0
1.000000,-0.502011,-0.491492,1.566907,-0.550000,-0.458800,0.000000,0.058066,24.870100,0
1.020000,-0.500802,-0.491586,1.559277,-0.550000,-0.458800,0.000000,0.059121,22.989000,0
1.040000,-0.500846,-0.489089,1.555877,-0.550000,-0.458800,0.000000,0.057737,29.537300,0
1.060000,-0.502234,-0.484591,1.548376,-0.550000,-0.458800,0.000000,0.054284,19.906200,0
1.080000,-0.501538,-0.488675,1.551028,-0.550000,-0.458800,0.000000,0.056930,25.016500,0
1.100000,-0.501913,-0.486211,1.541908,-0.550000,-0.458800,0.000000,0.055351,19.991700,0
1.120000,-0.503996,-0.490699,1.551093,-0.550000,-0.458800,0.000000,0.055981,17.738400,0
1.140000,-0.502208,-0.494793,1.557112,-0.550000,-0.458800,0.000000,0.059829,15.861300,0
1.160000,-0.500463,-0.487134,1.560830,-0.550000,-0.458800,0.000000,0.057068,16.586200,0
1.180000,-0.502169,-0.502547,1.588442,-0.550000,-0.458800,0.000000,0.064820,25.029100,0
1.200000,-0.502298,-0.493447,1.562562,-0.550000,-0.458800,0.000000,0.058956,24.306800,0
1.220000,-0.500884,-0.492154,1.568038,-0.550000,-0.458800,0.000000,0.059371,17.754400,0
1.240000,-0.500799,-0.494308,1.560640,-0.550000,-0.458800,0.000000,0.060676,14.887700,0
1.260000,-0.500106,-0.491265,1.559362,-0.550000,-0.458800,0.000000,0.059526,28.464900,0
1.280000,-0.500360,-0.490099,1.555674,-0.550000,-0.458800,0.000000,0.058684,20.021000,0
1.300000,-0.500999,-0.483728,1.538667,-0.550000,-0.458800,0.000000,0.054977,28.549400,0
1.320000,-0.501925,-0.490040,1.556171,-0.550000,-0.458800,0.000000,0.057333,28.323600,0
1.340000,-0.500139,-0.486732,1.544872,-0.550000,-0.458800,0.000000,0.057152,18.695000,0
1.360000,-0.501575,-0.490241,1.552956,-0.550000,-0.458800,0.000000,0.057736,13.481500,0
1.380000,-0.501221,-0.482385,1.542961,-0.550000,-0.458800,0.000000,0.054182,22.363900,0
1.400000,-0.500766,-0.493473,1.555027,-0.550000,-0.458800,0.000000,0.060217,13.882000,0
1.420000,-0.501964,-0.500654,1.573326,-0.550000,-0.458800,0.000000,0.063712,19.559400,0
1.440000,-0.502425,-0.488614,1.561322,-0.550000,-0.458800,0.000000,0.056145,13.368500,0
1.460000,-0.502919,-0.485562,1.563256,-0.550000,-0.458800,0.000000,0.054156,13.367300,0
1.480000,-0.501503,-0.507865,1.593819,-0.550000,-0.458800,0.000000,0.068988,18.649800,0
1.500000,-0.500925,-0.491445,1.565628,-0.550000,-0.458800,0.000000,0.058941,13.709900,0
1.520000,-0.500977,-0.496594,1.566425,-0.550000,-0.458800,0.000000,0.061900,12.925600,0
1.540000,-0.502036,-0.491209,1.563514,-0.550000,-0.458800,0.000000,0.057887,13.495300,0
1.560000,-0.502539,-0.495115,1.566732,-0.550000,-0.458800,0.000000,0.059761,13.594200,0
1.580000,-0.502775,-0.493595,1.563890,-0.550000,-0.458800,0.000000,0.058659,17.070900,0
1.600000,-0.500361,-0.491550,1.560427,-0.550000,-0.458800,0.000000,0.059469,13.054100,0
1.620000,-0.501654,-0.492065,1.563982,-0.550000,-0.458800,0.000000,0.058685,18.073300,0
1.640000,-0.501968,-0.495147,1.551090,-0.550000,-0.458800,0.000000,0.060235,18.629100,0
1.660000,-0.500760,-0.485148,1.541664,-0.550000,-0.458800,0.000000,0.055846,21.039100,0
1.680000,-0.499167,-0.492065,1.564910,-0.550000,-0.458800,0.000000,0.060750,20.584100,0
1.700000,-0.500609,-0.492181,1.557763,-0.550000,-0.458800,0.000000,0.059613,25.541100,0
1.720000,-0.503110,-0.502606,1.589344,-0.550000,-0.458800,0.000000,0.064169,12.980200,0
1.740000,-0.500725,-0.492183,1.559271,-0.550000,-0.458800,0.000000,0.059519,12.787700,0
1.760000,-0.501872,-0.500741,1.574048,-0.550000,-0.458800,0.000000,0.063838,13.178800,0
1.780000,-0.502197,-0.492413,1.561749,-0.550000,-0.458800,0.000000,0.058438,13.187400,0
1.800000,-0.502771,-0.495991,1.577333,-0.550000,-0.458800,0.000000,0.060115,13.727400,0
1.820000,-0.501786,-0.491616,1.559520,-0.550000,-0.458800,0.000000,0.058323,13.377400,0
1.840000,-0.501526,-0.500469,1.574893,-0.550000,-0.458800,0.000000,0.063922,13.306500,0
1.860000,-0.499573,-0.497578,1.570719,-0.550000,-0.458800,0.000000,0.063613,13.372700,0
1.880000,-0.501295,-0.486057,1.550432,-0.550000,-0.458800,0.000000,0.055814,17.763300,0
1.900000,-0.501650,-0.489634,1.547785,-0.550000,-0.458800,0.000000,0.057345,22.459200,0
1.920000,-0.501290,-0.489662,1.553101,-0.550000,-0.458800,0.000000,0.057664,14.937500,0
1.940000,-0.502044,-0.492321,1.552721,-0.550000,-0.458800,0.000000,0.058510,13.646100,0
1.960000,-0.501203,-0.479906,1.531101,-0.550000,-0.458800,0.000000,0.053166,25.095000,0
1.980000,-0.502137,-0.491207,1.555772,-0.550000,-0.458800,0.000000,0.057803,17.555900,0
2.000000,-0.501907,-0.490939,1.568666,-0.550000,-0.458800,0.000000,0.057844,13.812600,0
2.020000,-0.502264,-0.497743,1.565106,-0.550000,-0.458800,0.000000,0.061605,19.886100,0
2.040000,-0.502670,-0.498273,1.571923,-0.550000,-0.458800,0.000000,0.061630,14.869900,0
2.060000,-0.501938,-0.492406,1.562812,-0.550000,-0.458800,0.000000,0.058645,12.002900,0
2.080000,-0.501002,-0.491551,1.561098,-0.550000,-0.458800,0.000000,0.058936,11.812600,0
2.100000,-0.501505,-0.494376,1.563113,-0.550000,-0.458800,0.000000,0.060145,11.959800,0
2.120000,-0.502489,-0.498308,1.565506,-0.550000,-0.458800,0.000000,0.061792,11.953700,0
2.140000,-0.500169,-0.492002,1.570776,-0.550000,-0.458800,0.000000,0.059879,11.974900,0
2.160000,-0.501706,-0.494850,1.566504,-0.550000,-0.458800,0.000000,0.060265,11.936400,0
2.180000,-0.500631,-0.493373,1.563682,-0.550000,-0.458800,0.000000,0.060271,11.942600,0
2.200000,-0.501879,-0.493597,1.568745,-0.550000,-0.458800,0.000000,0.059384,11.846500,0
2.220000,-0.500563,-0.492193,1.568560,-0.550000,-0.458800,0.000000,0.059658,11.854100,0
2.240000,-0.499669,-0.490771,1.563123,-0.550000,-0.458800,0.000000,0.059627,12.128900,0
2.260000,-0.498922,-0.503347,1.592624,-0.550000,-0.458800,0.000000,0.067774,12.164500,0
2.280000,-0.498485,-0.492713,1.564569,-0.550000,-0.458800,0.000000,0.061676,11.932700,0
2.300000,-0.501005,-0.493070,1.564128,-0.550000,-0.458800,0.000000,0.059790,11.768100,0
2.320000,-0.501478,-0.490512,1.567090,-0.550000,-0.458800,0.000000,0.057966,11.883600,0
2.340000,-0.501608,-0.493504,1.558419,-0.550000,-0.458800,0.000000,0.059549,11.897900,0
2.360000,-0.501358,-0.490211,1.558352,-0.550000,-0.458800,0.000000,0.057903,11.788900,0
2.380000,-0.500575,-0.485502,1.543985,-0.550000,-0.458800,0.000000,0.056176,11.911800,0
2.400000,-0.501170,-0.490311,1.551043,-0.550000,-0.458800,0.000000,0.058114,12.060200,0
2.420000,-0.501798,-0.497694,1.581755,-0.550000,-0.458800,0.000000,0.061937,11.830700,0
2.440000,-0.501594,-0.492401,1.559064,-0.550000,-0.458800,0.000000,0.058925,11.788500,0
2.460000,-0.500628,-0.499627,1.575457,-0.550000,-0.458800,0.000000,0.064066,11.864900,0
2.480000,-0.499966,-0.489595,1.554634,-0.550000,-0.458800,0.000000,0.058752,11.891500,0
2.500000,-0.501981,-0.492391,1.561422,-0.550000,-0.458800,0.000000,0.058602,11.809200,0
2.520000,-0.502361,-0.489887,1.555529,-0.550000,-0.458800,0.000000,0.056884,11.841900,0
2.540000,-0.502273,-0.494108,1.554622,-0.550000,-0.458800,0.000000,0.059367,11.824900,0
2.560000,-0.503297,-0.492218,1.554002,-0.550000,-0.458800,0.000000,0.057428,11.797500,0
2.580000,-0.503023,-0.482348,1.539549,-0.550000,-0.458800,0.000000,0.052548,12.179000,0
2.600000,-0.501883,-0.489784,1.551934,-0.550000,-0.458800,0.000000,0.057230,11.739700,0
2.620000,-0.501103,-0.493555,1.560307,-0.550000,-0.458800,0.000000,0.059990,11.785000,0
2.640000,-0.502139,-0.492605,1.560003,-0.550000,-0.458800,0.000000,0.058595,11.683700,0
2.660000,-0.501691,-0.499404,1.584194,-0.550000,-0.458800,0.000000,0.063106,11.786900,0
2.680000,-0.500565,-0.494037,1.558141,-0.550000,-0.458800,0.000000,0.060708,11.638400,0
2.700000,-0.502553,-0.488560,1.556001,-0.550000,-0.458800,0.000000,0.056008,11.775200,0
2.720000,-0.502789,-0.499702,1.573288,-0.550000,-0.458800,0.000000,0.062465,11.883700,0
2.740000,-0.501134,-0.494883,1.565233,-0.550000,-0.458800,0.000000,0.060744,11.394000,0
2.760000,-0.502314,-0.498183,1.568197,-0.550000,-0.458800,0.000000,0.061846,10.730000,0
2.780000,-0.502437,-0.490440,1.556768,-0.550000,-0.458800,0.000000,0.057126,11.138100,0
2.800000,-0.501961,-0.480711,1.525386,-0.550000,-0.458800,0.000000,0.052800,11.586000,0
2.820000,-0.503695,-0.489630,1.562191,-0.550000,-0.458800,0.000000,0.055630,11.574500,0
2.840000,-0.503542,-0.496669,1.564444,-0.550000,-0.458800,0.000000,0.059937,12.031400,0
2.860000,-0.503700,-0.491270,1.559220,-0.550000,-0.458800,0.000000,0.056551,11.222800,0
2.880000,-0.502991,-0.491698,1.560758,-0.550000,-0.458800,0.000000,0.057377,11.371500,0
2.900000,-0.502336,-0.481696,1.519936,-0.550000,-0.458800,0.000000,0.052879,12.377700,0
2.920000,-0.502412,-0.488045,1.549323,-0.550000,-0.458800,0.000000,0.055856,13.190900,0
2.940000,-0.501294,-0.488366,1.553333,-0.550000,-0.458800,0.000000,0.056978,13.462100,0
2.960000,-0.499865,-0.491061,1.551994,-0.550000,-0.458800,0.000000,0.059618,13.155900,0
2.980000,-0.501034,-0.488737,1.548566,-0.550000,-0.458800,0.000000,0.057393,13.515100,0
3.000000,-0.500730,-0.491850,1.553989,-0.550000,-0.458800,0.000000,0.059329,13.372400,0
3.020000,-0.501676,-0.480592,1.524884,-0.550000,-0.458800,0.000000,0.053010,13.371200,0
3.040000,-0.500862,-0.493826,1.559583,-0.550000,-0.458800,0.000000,0.060344,13.453900,0
3.060000,-0.502217,-0.489338,1.552407,-0.550000,-0.458800,0.000000,0.056707,13.861900,0
3.080000,-0.500968,-0.482991,1.533998,-0.550000,-0.458800,0.000000,0.054675,13.355200,0
3.100000,-0.503837,-0.491151,1.548846,-0.550000,-0.458800,0.000000,0.056370,12.392500,0
3.120000,-0.503258,-0.489701,1.550743,-0.550000,-0.458800,0.000000,0.056034,10.662500,0
3.140000,-0.502432,-0.492212,1.550803,-0.550000,-0.458800,0.000000,0.058130,11.080700,0
3.160000,-0.503190,-0.489917,1.548650,-0.550000,-0.458800,0.000000,0.056208,11.432400,0
3.180000,-0.502396,-0.485009,1.538399,-0.550000,-0.458800,0.000000,0.054342,11.264500,0
3.200000,-0.501275,-0.490522,1.549732,-0.550000,-0.458800,0.000000,0.058142,11.192800,0
3.220000,-0.501429,-0.492253,1.559169,-0.550000,-0.458800,0.000000,0.058977,11.521100,0
3.240000,-0.500291,-0.495516,1.568626,-0.550000,-0.458800,0.000000,0.061799,11.172700,0
3.260000,-0.500235,-0.494030,1.567456,-0.550000,-0.458800,0.000000,0.060973,11.791900,0
3.280000,-0.500455,-0.491826,1.561815,-0.550000,-0.458800,0.000000,0.059543,11.448800,0
3.300000,-0.501372,-0.495758,1.565852,-0.550000,-0.458800,0.000000,0.061078,12.037500,0
3.320000,-0.499990,-0.496670,1.565485,-0.550000,-0.458800,0.000000,0.062731,13.328700,0
3.340000,-0.500539,-0.487253,1.564224,-0.550000,-0.456378,-0.000076,0.058306,13.506300,0
3.360000,-0.499086,-0.490391,1.565200,-0.550000,-0.453378,-0.000076,0.062946,25.046700,0
3.380000,-0.500653,-0.480681,1.557518,-0.550000,-0.450378,-0.000076,0.057909,18.826000,0
3.400000,-0.501913,-0.485367,1.572650,-0.550001,-0.447378,-0.000076,0.061283,13.106300,0
3.420000,-0.502536,-0.478608,1.561899,-0.550001,-0.444378,-0.000076,0.058520,13.119400,0
3.440000,-0.501321,-0.474718,1.566424,-0.550001,-0.441377,-0.000076,0.059003,12.745600,0
3.460000,-0.501260,-0.470865,1.560935,-0.550001,-0.438377,-0.000076,0.058576,13.259300,0
3.480000,-0.500370,-0.470828,1.569236,-0.550002,-0.435377,-0.000076,0.060993,12.954700,0
3.500000,-0.501751,-0.462404,1.558349,-0.550002,-0.432377,-0.000076,0.056831,12.905400,0
3.520000,-0.501795,-0.470784,1.579807,-0.550002,-0.429377,-0.000076,0.063549,12.851200,0
3.540000,-0.501954,-0.459640,1.553644,-0.550002,-0.426377,-0.000076,0.058438,12.775800,0
3.560000,-0.502874,-0.453876,1.546360,-0.550003,-0.423377,-0.000076,0.056137,12.860300,0
3.580000,-0.501040,-0.451438,1.552064,-0.550003,-0.420377,-0.000076,0.057984,12.730000,0
3.600000,-0.502614,-0.450561,1.553577,-0.550003,-0.417377,-0.000076,0.057853,12.793900,0
3.620000,-0.501926,-0.446546,1.553335,-0.550003,-0.414377,-0.000076,0.057847,12.756900,0
3.640000,-0.501107,-0.456450,1.586507,-0.550004,-0.411377,-0.000076,0.066502,12.724600,0
3.660000,-0.502005,-0.440010,1.562596,-0.550004,-0.408377,-0.000076,0.057486,12.704900,0
3.680000,-0.499906,-0.453516,1.592414,-0.550004,-0.405377,-0.000076,0.069478,12.721200,0
3.700000,-0.498280,-0.431270,1.560218,-0.550004,-0.402377,-0.000076,0.059247,13.033700,0
3.720000,-0.497911,-0.437343,1.566680,-0.550004,-0.399377,-0.000076,0.064460,12.594800,0
3.740000,-0.498175,-0.432354,1.571165,-0.550005,-0.396377,-0.000076,0.063093,12.709400,0
3.760000,-0.498450,-0.428922,1.567215,-0.550005,-0.393377,-0.000076,0.062621,12.777200,0
3.780000,-0.499168,-0.422788,1.555848,-0.550005,-0.390377,-0.000076,0.060290,12.691100,0
3.800000,-0.500728,-0.410546,1.537595,-0.550005,-0.389867,-0.000003,0.053440,12.720400,0
3.820000,-0.501028,-0.417912,1.553947,-0.550005,-0.389867,-0.000003,0.056438,12.587300,0
3.840000,-0.498091,-0.424897,1.569118,-0.550005,-0.389867,-0.000003,0.062627,12.887800,0
3.860000,-0.499806,-0.421284,1.556228,-0.550005,-0.389867,-0.000003,0.059220,12.798900,0
3.880000,-0.500450,-0.431393,1.584262,-0.550005,-0.389867,-0.000003,0.064654,12.782200,0
3.900000,-0.499350,-0.424710,1.563133,-0.550005,-0.389867,-0.000003,0.061481,12.628700,0
3.920000,-0.501374,-0.426949,1.566982,-0.550005,-0.389868,-0.000003,0.061156,12.514300,0
3.940000,-0.500168,-0.424393,1.554779,-0.550005,-0.389868,-0.000003,0.060627,12.613100,0
3.960000,-0.500886,-0.417842,1.543581,-0.550005,-0.389868,-0.000003,0.056526,12.863500,0
3.980000,-0.500153,-0.416733,1.548981,-0.550005,-0.389868,-0.000003,0.056630,12.796600,0
4.000000,-0.498714,-0.420916,1.560414,-0.550005,-0.389868,-0.000003,0.059956,12.675300,0
4.020000,-0.499827,-0.412014,1.530108,-0.550005,-0.389868,-0.000003,0.054848,12.619800,0
4.040000,-0.498715,-0.419052,1.553538,-0.550005,-0.389868,-0.000003,0.059012,12.692400,0
4.060000,-0.499319,-0.421598,1.552493,-0.550005,-0.389868,-0.000003,0.059799,12.822600,0
4.080000,-0.499188,-0.429419,1.563299,-0.550005,-0.389868,-0.000003,0.064395,12.398900,0
4.100000,-0.499891,-0.422845,1.559516,-0.550005,-0.389868,-0.000003,0.059991,11.354400,0
4.120000,-0.499032,-0.420273,1.556409,-0.550005,-0.389868,-0.000003,0.059352,10.633800,0
4.140000,-0.499586,-0.409198,1.532678,-0.550005,-0.389868,-0.000003,0.053998,11.084700,0
4.160000,-0.500571,-0.419354,1.551573,-0.550005,-0.389868,-0.000003,0.057560,11.456300,0
4.180000,-0.500134,-0.418547,1.558564,-0.550005,-0.389868,-0.000003,0.057529,10.710300,0
4.200000,-0.500266,-0.414759,1.545283,-0.550005,-0.387445,-0.000078,0.056746,11.294900,0
4.220000,-0.500225,-0.414433,1.553838,-0.550005,-0.384446,-0.000078,0.058114,11.476000,0
4.240000,-0.499830,-0.405452,1.528166,-0.550006,-0.381445,-0.000078,0.055623,11.968400,0
4.260000,-0.499911,-0.414751,1.563858,-0.550006,-0.378445,-0.000078,0.061868,11.709400,0
4.280000,-0.500281,-0.410822,1.565376,-0.550006,-0.375445,-0.000078,0.061025,11.654500,0
4.300000,-0.500797,-0.411997,1.568435,-0.550006,-0.372445,-0.000078,0.063134,11.842600,0
4.320000,-0.500570,-0.402034,1.554165,-0.550007,-0.369445,-0.000078,0.059212,11.848800,0
4.340000,-0.499538,-0.393859,1.553404,-0.550007,-0.366445,-0.000078,0.057434,11.783300,0
4.360000,-0.498115,-0.404044,1.579676,-0.550007,-0.363445,-0.000078,0.065886,11.651500,0
4.380000,-0.498850,-0.402535,1.573887,-0.550007,-0.360445,-0.000078,0.066246,11.335600,0
4.400000,-0.499222,-0.393071,1.558008,-0.550008,-0.357445,-0.000078,0.062036,11.473700,0
4.420000,-0.499700,-0.384125,1.552584,-0.550008,-0.354445,-0.000078,0.058410,11.261000,0
4.440000,-0.498472,-0.387748,1.555487,-0.550008,-0.351445,-0.000078,0.063038,12.058400,0
4.460000,-0.499697,-0.379307,1.556339,-0.550008,-0.348445,-0.000078,0.059023,11.937300,0
4.480000,-0.501297,-0.390935,1.584528,-0.550009,-0.345445,-0.000078,0.066650,10.778500,0
4.500000,-0.499647,-0.378003,1.562834,-0.550009,-0.342445,-0.000078,0.061650,11.077800,0
4.520000,-0.499012,-0.376737,1.562803,-0.550009,-0.339445,-0.000078,0.063177,13.493100,0
4.540000,-0.498877,-0.373927,1.568065,-0.550009,-0.336445,-0.000078,0.063398,11.854100,0
4.560000,-0.499399,-0.370577,1.564119,-0.550009,-0.333445,-0.000078,0.062771,12.033300,0
4.580000,-0.499831,-0.372563,1.571175,-0.550010,-0.330445,-0.000078,0.065512,11.841100,0
4.600000,-0.500020,-0.365171,1.571056,-0.550010,-0.327445,-0.000078,0.062628,11.813700,0
4.620000,-0.500212,-0.355079,1.555777,-0.550010,-0.324445,-0.000078,0.058466,11.867500,0
4.640000,-0.500452,-0.358264,1.568522,-0.550010,-0.321445,-0.000078,0.061739,11.808200,0
4.660000,-0.497314,-0.358951,1.566068,-0.550011,-0.318445,-0.000078,0.066466,11.820000,0
4.680000,-0.497154,-0.349668,1.556266,-0.550011,-0.315445,-0.000078,0.062969,11.812500,0
4.700000,-0.497054,-0.341937,1.545862,-0.550011,-0.312445,-0.000078,0.060615,11.843100,0
4.720000,-0.498033,-0.336498,1.551015,-0.550011,-0.309445,-0.000078,0.058597,11.706800,0
4.740000,-0.498580,-0.335386,1.552453,-0.550012,-0.306445,-0.000078,0.059015,12.201300,0
4.760000,-0.498414,-0.343564,1.573339,-0.550012,-0.303445,-0.000078,0.065360,11.812200,0
4.780000,-0.499047,-0.334267,1.553728,-0.550012,-0.300445,-0.000078,0.061167,11.909700,0
4.800000,-0.499472,-0.317274,1.536764,-0.550012,-0.297445,-0.000078,0.054291,11.758100,0
4.820000,-0.499490,-0.325544,1.552877,-0.550013,-0.294445,-0.000078,0.059328,11.924300,0
4.840000,-0.499083,-0.327540,1.565695,-0.550013,-0.291445,-0.000078,0.062424,11.843200,0
4.860000,-0.498274,-0.321800,1.555406,-0.550013,-0.288445,-0.000078,0.061559,11.834000,0
4.880000,-0.498294,-0.303243,1.532791,-0.550013,-0.285445,-0.000078,0.054696,11.913800,0
4.900000,-0.496577,-0.312365,1.554139,-0.550013,-0.282445,-0.000078,0.061242,11.829000,0
4.920000,-0.496537,-0.293630,1.561720,-0.550014,-0.279445,-0.000078,0.055326,12.059300,0
4.940000,-0.496881,-0.300190,1.538607,-0.550014,-0.276445,-0.000078,0.058197,11.936600,0
4.960000,-0.498615,-0.303114,1.550398,-0.550014,-0.273445,-0.000078,0.059347,11.901300,0
4.980000,-0.499923,-0.294858,1.545718,-0.550014,-0.270445,-0.000078,0.055723,12.113500,0
5.000000,-0.498373,-0.298237,1.552057,-0.550015,-0.267445,-0.000078,0.060125,13.593700,0
5.020000,-0.498892,-0.280420,1.528920,-0.550015,-0.264445,-0.000078,0.053561,12.433900,0
5.040000,-0.497439,-0.291948,1.547170,-0.550015,-0.261445,-0.000078,0.060783,12.184800,0
5.060000,-0.496955,-0.285060,1.547820,-0.550015,-0.258445,-0.000078,0.059361,12.262500,0
5.080000,-0.497439,-0.287010,1.553259,-0.550016,-0.255445,-0.000078,0.061325,12.081900,0
5.100000,-0.498908,-0.275344,1.542870,-0.550016,-0.252445,-0.000078,0.056003,12.417200,0
5.120000,-0.497949,-0.277728,1.540210,-0.550016,-0.249445,-0.000078,0.059252,13.062800,0
5.140000,-0.496994,-0.279345,1.555079,-0.550016,-0.246445,-0.000078,0.062400,12.169900,0
5.160000,-0.496741,-0.274070,1.550145,-0.550016,-0.243445,-0.000078,0.061450,11.893300,0
5.180000,-0.497702,-0.285702,1.576334,-0.550017,-0.240445,-0.000078,0.069174,12.097000,0
5.200000,-0.497580,-0.272626,1.565000,-0.550017,-0.237445,-0.000078,0.063146,12.173200,0
5.220000,-0.496339,-0.268386,1.566330,-0.550017,-0.234445,-0.000078,0.063509,11.853400,0
5.240000,-0.496133,-0.277846,1.576227,-0.550017,-0.231445,-0.000078,0.071110,12.118500,0
5.260000,-0.496368,-0.262142,1.563846,-0.550018,-0.228445,-0.000078,0.063355,12.144200,0
5.280000,-0.496663,-0.264267,1.570306,-0.550018,-0.225445,-0.000078,0.065984,12.101700,0
5.300000,-0.496099,-0.252252,1.558361,-0.550018,-0.222445,-0.000078,0.061609,12.047500,0
5.320000,-0.496280,-0.245518,1.539074,-0.550018,-0.219445,-0.000078,0.059729,11.920100,0
5.340000,-0.496157,-0.244316,1.552252,-0.550019,-0.216445,-0.000078,0.060646,11.822500,0
5.360000,-0.495233,-0.243771,1.552787,-0.550019,-0.213445,-0.000078,0.062619,11.957800,0
5.380000,-0.496168,-0.246285,1.557650,-0.550019,-0.210445,-0.000078,0.064687,11.869100,0
5.400000,-0.497734,-0.229926,1.538121,-0.550019,-0.207445,-0.000078,0.056913,11.963400,0
5.420000,-0.496440,-0.237154,1.552217,-0.550020,-0.204445,-0.000078,0.062775,11.686700,0
5.440000,-0.496575,-0.225662,1.547327,-0.550020,-0.201445,-0.000078,0.058676,12.413000,0
5.460000,-0.496552,-0.228004,1.549115,-0.550020,-0.198445,-0.000078,0.061094,12.227700,0
5.480000,-0.495883,-0.227255,1.553713,-0.550020,-0.195445,-0.000078,0.062791,12.385200,0
5.500000,-0.494195,-0.216892,1.539984,-0.550020,-0.192445,-0.000078,0.060943,12.072100,0
5.520000,-0.494953,-0.218500,1.549654,-0.550021,-0.189445,-0.000078,0.062263,12.154700,0
5.540000,-0.496303,-0.213452,1.547978,-0.550021,-0.186445,-0.000078,0.060125,12.028600,0
5.560000,-0.495919,-0.213530,1.544984,-0.550021,-0.183445,-0.000078,0.061904,11.872400,0
5.580000,-0.494951,-0.210906,1.545415,-0.550021,-0.180445,-0.000078,0.062933,11.791900,0
5.600000,-0.495057,-0.204369,1.544513,-0.550022,-0.177445,-0.000078,0.061205,11.910900,0
5.620000,-0.495309,-0.205748,1.553304,-0.550022,-0.174445,-0.000078,0.063035,11.913700,0
5.640000,-0.495288,-0.188105,1.530129,-0.550022,-0.171445,-0.000078,0.057213,11.916300,0
5.660000,-0.496136,-0.191620,1.545275,-0.550022,-0.168445,-0.000078,0.058658,11.777200,0
5.680000,-0.496023,-0.187563,1.541865,-0.550023,-0.165445,-0.000078,0.058354,11.733200,0
5.700000,-0.495713,-0.191571,1.557542,-0.550023,-0.162445,-0.000078,0.061627,11.915500,0
5.720000,-0.495759,-0.178529,1.541430,-0.550023,-0.159445,-0.000078,0.057522,12.005100,0
5.740000,-0.496186,-0.184985,1.554333,-0.550023,-0.156445,-0.000078,0.060934,11.820100,0
5.760000,-0.495524,-0.185461,1.565555,-0.550024,-0.153445,-0.000078,0.063208,14.947400,0
5.780000,-0.495390,-0.183943,1.560824,-0.550024,-0.150445,-0.000078,0.064085,17.711700,0
5.800000,-0.496299,-0.189226,1.571151,-0.550024,-0.147445,-0.000078,0.068059,13.098200,0
5.820000,-0.496463,-0.178372,1.560592,-0.550024,-0.144445,-0.000078,0.063402,11.979300,0
5.840000,-0.495925,-0.167561,1.554675,-0.550025,-0.141445,-0.000078,0.060074,11.157600,0
5.860000,-0.495225,-0.166376,1.544559,-0.550025,-0.138445,-0.000078,0.061507,11.436300,0
5.880000,-0.494899,-0.167978,1.556225,-0.550025,-0.135445,-0.000078,0.064010,11.458200,0
5.900000,-0.495403,-0.169666,1.572283,-0.550025,-0.132445,-0.000078,0.066098,11.714600,0
5.920000,-0.494494,-0.165476,1.562121,-0.550025,-0.129445,-0.000078,0.066197,11.921300,0
5.940000,-0.495437,-0.160248,1.567306,-0.550026,-0.126445,-0.000078,0.064208,11.881600,0
5.960000,-0.495088,-0.160404,1.559486,-0.550026,-0.123445,-0.000078,0.066213,11.760400,0
5.980000,-0.494739,-0.156432,1.569672,-0.550026,-0.120445,-0.000078,0.065968,12.010700,0
6.000000,-0.494340,-0.148004,1.555202,-0.550026,-0.117445,-0.000078,0.063520,11.921200,0
6.020000,-0.494923,-0.145211,1.551969,-0.550027,-0.114445,-0.000078,0.063110,12.733800,0
6.040000,-0.495061,-0.141528,1.559458,-0.550027,-0.111445,-0.000078,0.062660,11.928100,0
6.060000,-0.494701,-0.135399,1.547029,-0.550027,-0.108445,-0.000078,0.061542,11.996300,0
6.080000,-0.494577,-0.125102,1.538127,-0.550027,-0.105445,-0.000078,0.058831,12.389500,0
6.100000,-0.494515,-0.136707,1.556149,-0.550028,-0.102445,-0.000078,0.065234,11.989900,0
6.120000,-0.494449,-0.124640,1.547323,-0.550028,-0.099445,-0.000078,0.061023,11.989600,0
6.140000,-0.494134,-0.116675,1.532307,-0.550028,-0.096445,-0.000078,0.059443,12.389200,0
6.160000,-0.494767,-0.131252,1.563359,-0.550028,-0.093445,-0.000078,0.066956,12.079000,0
6.180000,-0.494211,-0.116961,1.548391,-0.550029,-0.090445,-0.000078,0.061796,12.068100,0
6.200000,-0.493936,-0.120927,1.559781,-0.550029,-0.087445,-0.000078,0.065326,12.156500,0
6.220000,-0.491789,-0.112684,1.551518,-0.550029,-0.084445,-0.000078,0.064725,11.973000,0
6.240000,-0.492587,-0.118015,1.576546,-0.550029,-0.081445,-0.000078,0.068096,12.363700,0
6.260000,-0.493223,-0.116167,1.571228,-0.550029,-0.078445,-0.000078,0.068190,11.986600,0
6.280000,-0.493841,-0.123734,1.575149,-0.550030,-0.075445,-0.000078,0.074088,12.087500,0
6.300000,-0.494176,-0.111904,1.568277,-0.550030,-0.072445,-0.000078,0.068387,11.977300,0
6.320000,-0.493346,-0.111690,1.579559,-0.550030,-0.069445,-0.000078,0.070694,12.066600,0
6.340000,-0.494768,-0.101030,1.561817,-0.550030,-0.066445,-0.000078,0.065192,12.247900,0
6.360000,-0.494447,-0.098864,1.562602,-0.550031,-0.063445,-0.000078,0.065910,11.876400,0
6.380000,-0.494309,-0.090807,1.553927,-0.550031,-0.060445,-0.000078,0.063457,11.915700,0
6.400000,-0.492703,-0.090201,1.553630,-0.550031,-0.057445,-0.000078,0.066026,12.761200,0
6.420000,-0.494738,-0.097097,1.580970,-0.550031,-0.054445,-0.000078,0.069832,12.129500,0
6.440000,-0.494748,-0.082108,1.558357,-0.550032,-0.051445,-0.000078,0.063218,12.005300,0
6.460000,-0.494660,-0.077560,1.563139,-0.550032,-0.048445,-0.000078,0.062560,12.091300,0
6.480000,-0.493582,-0.086832,1.580967,-0.550032,-0.045445,-0.000078,0.069996,12.162100,0
6.500000,-0.494259,-0.081732,1.569271,-0.550032,-0.042445,-0.000078,0.068221,11.892500,0
6.520000,-0.494108,-0.070804,1.562066,-0.550032,-0.039445,-0.000078,0.064116,12.332600,0
6.540000,-0.494982,-0.073837,1.566975,-0.550033,-0.036445,-0.000078,0.066549,12.012700,0
6.560000,-0.493928,-0.065986,1.557422,-0.550033,-0.033445,-0.000078,0.064859,12.100000,0
6.580000,-0.493522,-0.046283,1.531648,-0.550033,-0.030445,-0.000078,0.058688,12.171000,0
6.600000,-0.492758,-0.053896,1.554586,-0.550033,-0.027445,-0.000078,0.063088,11.966800,0
6.620000,-0.492998,-0.052882,1.553529,-0.550034,-0.024445,-0.000078,0.063732,12.054400,0
6.640000,-0.493032,-0.043009,1.545302,-0.550034,-0.021445,-0.000078,0.060944,11.986700,0
6.660000,-0.493313,-0.045123,1.550912,-0.550034,-0.018445,-0.000078,0.062681,12.397700,0
6.680000,-0.491751,-0.042592,1.552970,-0.550034,-0.015445,-0.000078,0.064295,12.043300,0
6.700000,-0.490634,-0.040232,1.547471,-0.550035,-0.012445,-0.000078,0.065579,12.114000,0
6.720000,-0.490137,-0.041687,1.557523,-0.550035,-0.009445,-0.000078,0.068024,12.270900,0
6.740000,-0.491043,-0.033550,1.547976,-0.550035,-0.006445,-0.000078,0.064921,12.267200,0
6.760000,-0.490696,-0.034865,1.563479,-0.550035,-0.003445,-0.000078,0.067144,12.180700,0
6.780000,-0.491937,-0.034391,1.549387,-0.550035,-0.002491,0.009002,0.066279,11.903800,0
6.800000,-0.490920,-0.035935,1.527927,-0.550033,-0.002317,0.029000,0.068004,12.323100,0
6.820000,-0.491220,-0.039909,1.517413,-0.550032,-0.002300,0.047227,0.069809,11.938500,0
6.840000,-0.491049,-0.031296,1.491897,-0.550031,-0.002303,0.065216,0.065722,12.192800,0
6.860000,-0.493665,-0.040822,1.482385,-0.550030,-0.002306,0.083205,0.068268,12.543100,0
6.880000,-0.494279,-0.041728,1.463368,-0.550029,-0.002308,0.101195,0.068279,12.089400,0
6.900000,-0.495183,-0.037323,1.443581,-0.550028,-0.002309,0.119185,0.065069,12.143600,0
6.920000,-0.495856,-0.034347,1.423910,-0.550027,-0.002316,0.137231,0.062932,12.037900,0
6.940000,-0.498056,-0.034302,1.406426,-0.550026,-0.002323,0.155285,0.061020,12.060500,0
6.960000,-0.498538,-0.034041,1.380995,-0.550025,-0.002330,0.173339,0.060469,13.963900,0
6.980000,-0.498923,-0.036423,1.366607,-0.550024,-0.002337,0.191390,0.061427,16.761700,0
7.000000,-0.498132,-0.038909,1.354606,-0.550023,-0.002343,0.209436,0.063480,12.139600,0
7.020000,-0.499658,-0.038150,1.352804,-0.550023,-0.002338,0.209435,0.061799,12.208800,0
7.040000,-0.498979,-0.031038,1.341042,-0.550022,-0.002334,0.209429,0.058560,12.293100,0
7.060000,-0.496934,-0.024368,1.333842,-0.550022,-0.002331,0.209423,0.057480,12.428400,0
7.080000,-0.495824,-0.018951,1.328977,-0.550021,-0.002328,0.209418,0.056689,12.143300,0
7.100000,-0.497889,-0.032668,1.351200,-0.550021,-0.002326,0.209414,0.060319,12.692900,0
7.120000,-0.502280,-0.048015,1.379687,-0.550021,-0.002325,0.209411,0.066081,12.014300,0
7.140000,-0.500200,-0.044284,1.347883,-0.549397,0.000099,0.209456,0.066258,12.075700,0
7.160000,-0.497011,-0.037104,1.365671,-0.548773,0.003035,0.209456,0.065502,16.255900,0
7.180000,-0.494913,-0.021859,1.341351,-0.548150,0.005970,0.209454,0.060072,12.569700,0
7.200000,-0.499129,-0.039460,1.374840,-0.547526,0.008905,0.209453,0.068421,12.253300,0
7.220000,-0.495217,-0.018491,1.345388,-0.546902,0.011840,0.209452,0.059928,12.451100,0
7.240000,-0.494787,-0.013809,1.356377,-0.546278,0.014775,0.209451,0.058893,12.489000,0
7.260000,-0.494228,-0.017071,1.357552,-0.545655,0.017710,0.209451,0.062085,12.906200,0
7.280000,-0.493859,-0.018228,1.368533,-0.545031,0.020645,0.209450,0.064263,15.379100,0
7.300000,-0.491258,-0.003597,1.343778,-0.544407,0.023579,0.209450,0.059693,12.534200,0
7.320000,-0.490629,0.001157,1.339215,-0.543783,0.026514,0.209450,0.058892,18.266300,0
7.340000,-0.490926,-0.005207,1.356197,-0.543160,0.029449,0.209450,0.062685,21.436500,0
7.360000,-0.490714,-0.003310,1.353955,-0.542536,0.032383,0.209450,0.062925,13.100300,0
7.380000,-0.491061,-0.010605,1.376192,-0.541912,0.035318,0.209449,0.068518,13.034500,0
7.400000,-0.488833,0.003639,1.352398,-0.541288,0.038252,0.209449,0.062846,14.173000,0
7.420000,-0.489441,0.003123,1.356596,-0.540665,0.041187,0.209449,0.063818,15.740000,0
7.440000,-0.489018,0.008716,1.353059,-0.540041,0.044121,0.209449,0.062103,15.877800,0
7.460000,-0.487764,0.011133,1.360510,-0.539417,0.047056,0.209449,0.062917,13.308000,0
7.480000,-0.485524,0.020074,1.328540,-0.539321,0.047729,0.222260,0.060489,15.929700,0
7.500000,-0.487479,0.012455,1.318376,-0.539285,0.047888,0.242145,0.062765,23.423500,0
7.520000,-0.484715,0.017787,1.299474,-0.539285,0.047888,0.260167,0.062322,13.129800,0
7.540000,-0.486168,0.020459,1.274299,-0.539285,0.047883,0.278176,0.059779,20.637300,0
7.560000,-0.486991,0.019289,1.256547,-0.539284,0.047878,0.296192,0.059597,16.918400,0
7.580000,-0.487579,0.014763,1.248150,-0.539283,0.047873,0.314212,0.061397,13.001300,0
7.600000,-0.488580,0.013957,1.224129,-0.539283,0.047868,0.332233,0.060998,13.882900,0
7.620000,-0.491580,0.009260,1.213839,-0.539282,0.047863,0.350255,0.061365,21.097900,0
7.640000,-0.490338,0.013054,1.194637,-0.539281,0.047859,0.368275,0.060057,13.222300,0
7.660000,-0.491622,0.012254,1.175801,-0.539280,0.047855,0.386294,0.059487,15.700200,0
7.680000,-0.491036,0.014086,1.153930,-0.539279,0.047851,0.404311,0.058885,18.311900,0
7.700000,-0.490948,0.018349,1.133789,-0.539278,0.047847,0.422326,0.056621,20.312000,0
7.720000,-0.493260,0.017509,1.116837,-0.539277,0.047844,0.440339,0.055116,12.326100,0
7.740000,-0.493438,0.019930,1.093936,-0.539276,0.047841,0.458350,0.053667,13.456700,0
7.760000,-0.496928,0.011236,1.088939,-0.539275,0.047838,0.476359,0.055973,14.933300,0
7.780000,-0.496187,0.016618,1.072226,-0.539274,0.047835,0.494366,0.053206,12.443700,0
7.800000,-0.496219,0.017250,1.043854,-0.539273,0.047832,0.512372,0.052810,11.902100,0
7.820000,-0.493640,0.020579,1.020022,-0.539272,0.047829,0.530376,0.053149,12.686000,0
7.840000,-0.490757,0.027613,0.990888,-0.539271,0.047827,0.548378,0.052556,12.580200,0
7.860000,-0.497488,0.019675,0.991948,-0.539270,0.047824,0.566379,0.050379,12.728600,0
7.880000,-0.495814,0.020037,0.966682,-0.539269,0.047822,0.584379,0.051579,19.461700,0
7.900000,-0.501530,0.013247,0.962971,-0.539268,0.047819,0.602378,0.051180,13.003200,0
7.920000,-0.498084,0.017058,0.943462,-0.539267,0.047817,0.620376,0.051402,22.066000,0
7.940000,-0.498920,0.015697,0.934470,-0.539266,0.047815,0.638373,0.051569,16.895800,0
7.960000,-0.497386,0.017620,0.906966,-0.539265,0.047812,0.656369,0.051627,17.483800,0
7.980000,-0.495484,0.023085,0.883497,-0.539264,0.047810,0.674365,0.050280,12.957000,0
8.000000,-0.497643,0.024643,0.862510,-0.539263,0.047808,0.692360,0.047632,13.887100,0
8.020000,-0.500190,0.022639,0.850242,-0.539261,0.047813,0.692353,0.046479,11.507900,0
8.040000,-0.500319,0.022682,0.865918,-0.537345,0.050123,0.692363,0.046086,12.086300,0
8.060000,-0.486051,0.037959,0.833149,-0.535427,0.052434,0.692357,0.051454,12.022100,0
8.080000,-0.494294,0.027456,0.860606,-0.533511,0.054746,0.692351,0.047778,11.928500,0
8.100000,-0.488454,0.034312,0.863099,-0.531595,0.057057,0.692345,0.048770,11.802100,0
8.120000,-0.485901,0.036823,0.843872,-0.529679,0.059368,0.692340,0.049242,12.211400,0
8.140000,-0.483399,0.039121,0.855396,-0.527763,0.061679,0.692336,0.049770,13.146200,0
8.160000,-0.480656,0.043252,0.851924,-0.525848,0.063990,0.692333,0.049723,12.371600,0
8.180000,-0.480681,0.042508,0.849947,-0.523933,0.066300,0.692331,0.049364,12.011400,0
8.200000,-0.480551,0.044708,0.855195,-0.522017,0.068610,0.692329,0.047862,11.233000,0
8.220000,-0.476468,0.048028,0.857844,-0.520102,0.070920,0.692328,0.049274,11.635100,0
8.240000,-0.470961,0.055762,0.845977,-0.518187,0.073230,0.692327,0.050353,11.948900,0
8.260000,-0.472660,0.052649,0.855082,-0.516272,0.075539,0.692326,0.049254,13.335400,0
8.280000,-0.474350,0.053291,0.869669,-0.514357,0.077849,0.692326,0.046943,12.228000,0
8.300000,-0.475546,0.053090,0.848677,-0.514132,0.078119,0.709845,0.045993,11.171400,0
8.320000,-0.477472,0.053895,0.836202,-0.514116,0.078136,0.728137,0.043937,12.292500,0
8.340000,-0.477462,0.054171,0.813398,-0.514118,0.078133,0.746124,0.043793,12.657000,0
8.360000,-0.474452,0.056434,0.794480,-0.514119,0.078130,0.764116,0.045213,10.803400,0
8.380000,-0.475043,0.053781,0.774694,-0.514120,0.078127,0.782110,0.046040,11.203600,0
8.400000,-0.476228,0.052361,0.760824,-0.514120,0.078124,0.800107,0.045821,11.626800,0
8.420000,-0.480230,0.049368,0.748984,-0.514121,0.078121,0.818104,0.044444,11.893000,0
8.440000,-0.476046,0.055568,0.714438,-0.514121,0.078118,0.836102,0.044251,11.747700,0
8.460000,-0.473297,0.058762,0.702024,-0.512044,0.079994,0.838423,0.044183,11.778000,0
8.480000,-0.468547,0.062523,0.711556,-0.509811,0.082002,0.838417,0.045631,12.043900,0
8.500000,-0.470914,0.061918,0.712601,-0.507577,0.084009,0.838412,0.042804,12.391700,0
8.520000,-0.464166,0.066936,0.708315,-0.505345,0.086017,0.838407,0.045385,12.461600,0
8.540000,-0.462164,0.069369,0.708285,-0.503113,0.088024,0.838404,0.044999,12.452200,0
8.560000,-0.465441,0.065879,0.731282,-0.500881,0.090031,0.838401,0.042887,11.704600,0
8.580000,-0.464648,0.067285,0.701928,-0.500622,0.090262,0.856005,0.042686,12.119400,0
8.600000,-0.466663,0.066271,0.688502,-0.500599,0.090281,0.874365,0.041571,11.945700,0
8.620000,-0.464761,0.066452,0.660994,-0.500601,0.090278,0.892354,0.043037,11.834400,0
8.640000,-0.463136,0.069880,0.647504,-0.500602,0.090275,0.910345,0.042658,11.865200,0
8.660000,-0.464255,0.070930,0.625332,-0.500603,0.090273,0.928339,0.041175,11.846900,0
8.680000,-0.463943,0.071927,0.612689,-0.500604,0.090270,0.946333,0.040994,13.103400,0
8.700000,-0.466565,0.069034,0.603122,-0.500604,0.090268,0.964328,0.040119,11.652400,0
8.720000,-0.464577,0.069963,0.598825,-0.498513,0.091975,0.964436,0.040450,11.685900,0
8.740000,-0.461292,0.072567,0.603994,-0.496045,0.093686,0.964429,0.040667,11.642300,0
8.760000,-0.458596,0.074431,0.599520,-0.493578,0.095398,0.964423,0.040784,12.489900,0
8.780000,-0.456456,0.075617,0.593777,-0.491111,0.097109,0.964418,0.040778,12.858500,0
8.800000,-0.446634,0.081457,0.571398,-0.488644,0.098821,0.964415,0.045457,14.287900,0
8.820000,-0.455660,0.074937,0.599448,-0.486178,0.100531,0.964412,0.039829,13.537100,0
8.840000,-0.449383,0.076600,0.574887,-0.485852,0.100583,0.981334,0.043649,13.270900,0
8.860000,-0.448731,0.079231,0.562577,-0.485855,0.100580,0.999319,0.042825,13.399800,0
8.880000,-0.450231,0.082161,0.540622,-0.485857,0.100577,1.017308,0.040104,13.599000,0
8.900000,-0.452347,0.081666,0.533868,-0.485859,0.100575,1.035299,0.038479,14.118800,0
8.920000,-0.450261,0.083464,0.500766,-0.485860,0.100572,1.053292,0.039496,14.606800,0
8.940000,-0.449181,0.085085,0.489721,-0.485861,0.100570,1.071285,0.039815,13.945000,0
8.960000,-0.453144,0.082032,0.474012,-0.485862,0.100568,1.089279,0.037604,13.024300,0
8.980000,-0.453217,0.083519,0.456076,-0.485862,0.100565,1.107272,0.036827,13.033800,0
9.000000,-0.455617,0.082133,0.443483,-0.485863,0.100563,1.125265,0.035419,13.054000,0
9.020000,-0.450226,0.084728,0.418661,-0.485863,0.100561,1.143257,0.038996,14.356700,0
9.040000,-0.454139,0.083148,0.397589,-0.485863,0.100559,1.161249,0.036188,12.827900,0
9.060000,-0.454064,0.082529,0.386981,-0.485863,0.100556,1.179239,0.036553,10.840700,0
9.080000,-0.452510,0.085548,0.366862,-0.485863,0.100554,1.197229,0.036573,11.307900,0
9.100000,-0.449702,0.089308,0.342085,-0.485862,0.100552,1.215218,0.037867,11.678700,0
9.120000,-0.456850,0.086414,0.326759,-0.485862,0.100550,1.233207,0.032272,11.628700,0
9.140000,-0.454398,0.087640,0.310572,-0.485862,0.100548,1.251195,0.034009,12.226900,0
9.160000,-0.454740,0.088351,0.289992,-0.485862,0.100546,1.269182,0.033426,12.885200,0
9.180000,-0.454884,0.088357,0.277097,-0.485862,0.100544,1.287168,0.033289,12.679400,0
9.200000,-0.455425,0.091002,0.260958,-0.485861,0.100542,1.305155,0.031896,12.914800,0
9.220000,-0.454577,0.091328,0.234220,-0.485861,0.100540,1.323140,0.032613,12.256500,0
9.240000,-0.454802,0.090846,0.214590,-0.485861,0.100538,1.341126,0.032536,12.171700,0
9.260000,-0.453217,0.091733,0.199293,-0.485861,0.100537,1.359111,0.033810,12.129700,0
9.280000,-0.451402,0.091678,0.182585,-0.485861,0.100535,1.377095,0.035579,12.269200,0
9.300000,-0.452260,0.090189,0.177848,-0.483533,0.101015,1.384194,0.033094,11.958700,0
9.320000,-0.447494,0.091793,0.143016,-0.480581,0.101571,1.384191,0.034501,11.838900,0
9.340000,-0.444315,0.093891,0.173157,-0.477629,0.102128,1.384178,0.034318,12.135500,0
9.360000,-0.446172,0.094056,0.179458,-0.474678,0.102684,1.384169,0.029783,11.989500,0
9.380000,-0.442450,0.094503,0.185553,-0.471728,0.103241,1.384162,0.030554,12.032400,0
9.400000,-0.438385,0.094011,0.179191,-0.468778,0.103798,1.384157,0.031930,12.135200,0
9.420000,-0.432182,0.095668,0.173253,-0.465829,0.104355,1.384154,0.034750,12.086400,0
9.440000,-0.430791,0.095943,0.173304,-0.462879,0.104912,1.384152,0.033318,11.487900,0
9.460000,-0.435893,0.095677,0.208993,-0.459931,0.105469,1.384151,0.025956,11.844400,0
9.480000,-0.426613,0.095090,0.172400,-0.456982,0.106026,1.384150,0.032278,11.686500,0
9.500000,-0.425029,0.098219,0.196051,-0.454033,0.106583,1.384149,0.030186,11.929100,0
9.520000,-0.419856,0.099636,0.173766,-0.451085,0.107140,1.384148,0.032118,11.857400,0
9.540000,-0.419137,0.098732,0.175596,-0.448137,0.107697,1.384147,0.030354,11.742400,0
9.560000,-0.409599,0.101545,0.177666,-0.445188,0.108253,1.384146,0.036216,10.937400,0
9.580000,-0.410151,0.100803,0.176066,-0.442240,0.108810,1.384146,0.033073,12.435800,0
9.600000,-0.408588,0.102887,0.179485,-0.439292,0.109367,1.384145,0.031380,13.944200,0
9.620000,-0.408000,0.099783,0.175880,-0.436344,0.109924,1.384145,0.030104,13.425500,0
9.640000,-0.398984,0.102691,0.172656,-0.433396,0.110481,1.384145,0.035283,13.398600,0
9.660000,-0.403823,0.102668,0.154979,-0.432741,0.110560,1.397258,0.029975,13.538200,0
9.680000,-0.397486,0.103117,0.149254,-0.432570,0.110527,1.417257,0.035858,13.279700,0
9.700000,-0.402819,0.103801,0.123375,-0.432572,0.110525,1.435255,0.030503,13.196100,0
9.720000,-0.402747,0.103447,0.109163,-0.432575,0.110524,1.453244,0.030656,13.379100,0
9.740000,-0.403419,0.103708,0.085195,-0.432577,0.110522,1.471233,0.029944,13.599900,0
9.760000,-0.398966,0.103074,0.069934,-0.432579,0.110521,1.489223,0.034428,13.397000,0
9.780000,-0.401364,0.102585,0.049140,-0.432580,0.110519,1.507213,0.032208,13.486400,0
9.800000,-0.405388,0.105149,0.035111,-0.432581,0.110518,1.525203,0.027718,13.251200,0
9.820000,-0.401084,0.107272,0.015899,-0.432582,0.110517,1.543191,0.031664,13.265700,0
9.840000,-0.402358,0.106006,0.002143,-0.432583,0.110517,1.561179,0.030560,13.291900,0
9.860000,-0.403699,0.105720,-0.019538,-0.432584,0.110516,1.579167,0.029280,13.250700,0
9.880000,-0.416319,0.104689,-0.036551,-0.432584,0.110515,1.597153,0.017277,13.708000,0
9.900000,-0.400766,0.105020,-0.052207,-0.432585,0.110514,1.615139,0.032290,13.453300,0
9.920000,-0.396719,0.106125,-0.059121,-0.430416,0.110408,1.624495,0.033968,13.710000,0
9.940000,-0.397772,0.107729,-0.062307,-0.427417,0.110244,1.624492,0.029751,13.060600,0
9.960000,-0.395375,0.107222,-0.066642,-0.424418,0.110082,1.624487,0.029184,12.972100,0
9.980000,-0.388760,0.107190,-0.060955,-0.421420,0.109919,1.624479,0.032774,13.972800,0
10.000000,-0.385972,0.106906,-0.064304,-0.418422,0.109757,1.624474,0.032575,13.220100,0
10.020000,-0.385277,0.106820,-0.057824,-0.415424,0.109596,1.624469,0.030274,13.111300,0
10.040000,-0.382326,0.107201,-0.053510,-0.412427,0.109435,1.624465,0.030184,14.065100,0
10.060000,-0.377358,0.106820,-0.063678,-0.409430,0.109274,1.624461,0.032166,12.850500,0
10.080000,-0.376503,0.107846,-0.058815,-0.406434,0.109112,1.624458,0.029957,13.021000,0
10.100000,-0.374618,0.107372,-0.062886,-0.403437,0.108951,1.624456,0.028862,13.224200,0
10.120000,-0.370616,0.106736,-0.041164,-0.400441,0.108790,1.624455,0.029896,13.370400,0
10.140000,-0.365075,0.105906,-0.069319,-0.397445,0.108630,1.624454,0.032485,13.243600,0
10.160000,-0.359427,0.106300,-0.063028,-0.394449,0.108469,1.624453,0.035089,13.081800,0
10.180000,-0.363875,0.105069,-0.056064,-0.391453,0.108308,1.624452,0.027768,14.965600,0
10.200000,-0.358186,0.104828,-0.064189,-0.388457,0.108147,1.624452,0.030452,13.457200,0
10.220000,-0.358208,0.105085,-0.051024,-0.385461,0.107986,1.624451,0.027407,13.088300,0
10.240000,-0.352050,0.106116,-0.065091,-0.382465,0.107825,1.624451,0.030463,13.315100,0
10.260000,-0.347033,0.105089,-0.023363,-0.379469,0.107664,1.624451,0.032538,13.608700,0
10.280000,-0.346496,0.103499,-0.068181,-0.376474,0.107503,1.624451,0.030244,13.437800,0
10.300000,-0.343320,0.103098,-0.063903,-0.373478,0.107343,1.624451,0.030456,13.090300,0
10.320000,-0.339052,0.102647,-0.086040,-0.370482,0.107182,1.624451,0.031756,12.954300,0
10.340000,-0.341152,0.103320,-0.062874,-0.367486,0.107021,1.624451,0.026593,13.347500,0
10.360000,-0.334904,0.105781,-0.076596,-0.364491,0.106860,1.624451,0.029606,13.053200,0
10.380000,-0.329372,0.103900,-0.064839,-0.361495,0.106699,1.624451,0.032244,12.277400,0
10.400000,-0.328895,0.103856,-0.068738,-0.358499,0.106538,1.624451,0.029725,10.715400,0
10.420000,-0.323114,0.103052,-0.068993,-0.355504,0.106377,1.624451,0.032560,10.667100,0
10.440000,-0.316751,0.103559,-0.085275,-0.352508,0.106217,1.624451,0.035855,11.628700,0
10.460000,-0.319276,0.101574,-0.071636,-0.349512,0.106056,1.624451,0.030566,11.367600,0
10.480000,-0.319386,0.101703,-0.069743,-0.346516,0.105895,1.624451,0.027451,11.873600,0
10.500000,-0.312037,0.101987,-0.075514,-0.343521,0.105734,1.624451,0.031706,11.581200,0
10.520000,-0.308021,0.101622,-0.073476,-0.340525,0.105573,1.624451,0.032743,11.617000,0
10.540000,-0.306950,0.101612,-0.071761,-0.337529,0.105412,1.624451,0.030814,11.882600,0
10.560000,-0.306343,0.100235,-0.076635,-0.334534,0.105251,1.624451,0.028634,12.190500,0
10.580000,-0.301248,0.099470,-0.074933,-0.331538,0.105090,1.624451,0.030807,10.897200,0
10.600000,-0.296856,0.097545,-0.066358,-0.328542,0.104930,1.624451,0.032535,12.046900,0
10.620000,-0.292891,0.099445,-0.073492,-0.325547,0.104769,1.624451,0.033087,12.778900,0
10.640000,-0.290709,0.098962,-0.083998,-0.322551,0.104608,1.624451,0.032339,13.714100,0
10.660000,-0.289043,0.100508,-0.066098,-0.319555,0.104447,1.624451,0.030765,12.944600,0
10.680000,-0.284651,0.100862,-0.067265,-0.316560,0.104286,1.624451,0.032092,12.640700,0
10.700000,-0.278339,0.099739,-0.072812,-0.313564,0.104125,1.624451,0.035497,12.128500,0
10.720000,-0.279988,0.099406,-0.067515,-0.310568,0.103964,1.624451,0.030918,10.853800,0
10.740000,-0.278217,0.099936,-0.074347,-0.307573,0.103803,1.624451,0.029609,10.709000,0
10.760000,-0.271348,0.099370,-0.069855,-0.304577,0.103642,1.624451,0.033503,11.310400,0
10.780000,-0.275046,0.097322,-0.041995,-0.301581,0.103482,1.624451,0.027241,11.504000,0
10.800000,-0.269140,0.098535,-0.066235,-0.298585,0.103321,1.624451,0.029831,11.820300,0
10.820000,-0.263710,0.098004,-0.067778,-0.295590,0.103160,1.624451,0.032295,10.413100,0
10.840000,-0.259711,0.100600,-0.065978,-0.292594,0.102999,1.624451,0.032971,10.473300,0
10.860000,-0.258353,0.099516,-0.072278,-0.289598,0.102838,1.624451,0.031421,10.524900,0
10.880000,-0.254093,0.099576,-0.080134,-0.286603,0.102677,1.624451,0.032658,10.394900,0
10.900000,-0.253731,0.099021,-0.074026,-0.283607,0.102516,1.624451,0.030079,10.914100,0
10.920000,-0.245543,0.097113,-0.071365,-0.280611,0.102355,1.624451,0.035457,10.690500,0
10.940000,-0.244586,0.097657,-0.091095,-0.277616,0.102194,1.624451,0.033340,10.411800,0
10.960000,-0.249070,0.097158,-0.067189,-0.274620,0.102034,1.624451,0.026011,10.770100,0
10.980000,-0.243362,0.096067,-0.055128,-0.271624,0.101873,1.624451,0.028852,10.573500,0
11.000000,-0.238993,0.095775,-0.058730,-0.268629,0.101712,1.624451,0.030225,10.419600,0
11.020000,-0.233674,0.095695,-0.066810,-0.265633,0.101551,1.624451,0.032491,10.476500,0
11.040000,-0.233474,0.094576,-0.043957,-0.262637,0.101390,1.624451,0.029948,10.550600,0
11.060000,-0.229622,0.093937,-0.059063,-0.259642,0.101229,1.624451,0.030893,10.757400,0
11.080000,-0.222511,0.094272,-0.068761,-0.256646,0.101068,1.624451,0.034805,10.525200,0
11.100000,-0.221146,0.094489,-0.073143,-0.253650,0.100907,1.624451,0.033131,11.230800,0
11.120000,-0.216844,0.093796,-0.069705,-0.250655,0.100746,1.624451,0.034518,10.409100,0
11.140000,-0.218007,0.093819,-0.057489,-0.247659,0.100586,1.624451,0.030414,10.585800,0
11.160000,-0.214854,0.093352,-0.073998,-0.244663,0.100425,1.624451,0.030636,10.825400,0
11.180000,-0.210494,0.092553,-0.076048,-0.241668,0.100264,1.624451,0.032114,10.410900,0
11.200000,-0.209527,0.093788,-0.066391,-0.238672,0.100103,1.624451,0.029821,10.668000,0
11.220000,-0.203063,0.093597,-0.069497,-0.235676,0.099942,1.624451,0.033224,10.733600,0
11.240000,-0.203476,0.093982,-0.052328,-0.232680,0.099781,1.624451,0.029774,10.814100,0
11.260000,-0.199050,0.092813,-0.072316,-0.229685,0.099620,1.624451,0.031383,11.006400,0
11.280000,-0.196924,0.092852,-0.072437,-0.226689,0.099459,1.624451,0.030489,11.095700,0
11.300000,-0.193328,0.093558,-0.064987,-0.223693,0.099299,1.624451,0.030903,10.980300,0
11.320000,-0.187693,0.093532,-0.090192,-0.220698,0.099138,1.624451,0.033478,10.995500,0
11.340000,-0.189835,0.094196,-0.061843,-0.217702,0.098977,1.624451,0.028274,11.170100,0
11.360000,-0.184656,0.093179,-0.058321,-0.214706,0.098816,1.624451,0.030574,11.181200,0
11.380000,-0.181824,0.092071,-0.068582,-0.211711,0.098655,1.624451,0.030604,11.102100,0
11.400000,-0.176657,0.092457,-0.090705,-0.208715,0.098494,1.624451,0.032622,11.513000,0
11.420000,-0.175704,0.091500,-0.062914,-0.205719,0.098333,1.624451,0.030783,11.652300,0
11.440000,-0.168241,0.090417,-0.062980,-0.202724,0.098172,1.624451,0.035344,11.228000,0
11.460000,-0.170229,0.091270,-0.038882,-0.199728,0.098011,1.624451,0.030259,11.174800,0
11.480000,-0.167288,0.090730,-0.064177,-0.196732,0.097851,1.624451,0.030293,11.429700,0
11.500000,-0.163759,0.089894,-0.071632,-0.193737,0.097690,1.624451,0.030975,11.362500,0
11.520000,-0.160788,0.089810,-0.064528,-0.192877,0.097726,1.614062,0.033051,11.205700,0
11.540000,-0.155919,0.091208,-0.039968,-0.192703,0.097734,1.594064,0.037358,11.186400,0
11.560000,-0.164233,0.091039,-0.020548,-0.192704,0.097735,1.576047,0.029247,11.501900,0
11.580000,-0.164540,0.089151,-0.007584,-0.192707,0.097736,1.558059,0.029446,11.227700,0
11.600000,-0.160201,0.088751,0.007611,-0.190590,0.097767,1.548127,0.031698,11.208900,0
11.620000,-0.156255,0.088451,0.024116,-0.187589,0.097838,1.548129,0.032710,11.320300,0
11.640000,-0.158466,0.088144,0.014886,-0.184587,0.097908,1.548132,0.027886,11.275400,0
11.660000,-0.153012,0.088720,0.023139,-0.181586,0.097978,1.548134,0.030037,11.220600,0
11.680000,-0.145821,0.088060,0.010274,-0.178586,0.098047,1.548135,0.034253,11.302800,0
11.700000,-0.149703,0.087974,0.030844,-0.175585,0.098116,1.548137,0.027798,11.282100,0
11.720000,-0.139312,0.087961,0.007650,-0.172585,0.098185,1.548138,0.034808,11.302800,0
11.740000,-0.137466,0.088173,0.010374,-0.169585,0.098254,1.548139,0.033664,11.263700,0
11.760000,-0.134797,0.088477,0.011827,-0.166585,0.098322,1.548140,0.033277,11.363200,0
11.780000,-0.135500,0.088733,0.036538,-0.163586,0.098390,1.548141,0.029700,11.289800,0
11.800000,-0.130301,0.088702,0.019474,-0.160586,0.098458,1.548141,0.031817,11.348000,0
11.820000,-0.125588,0.087970,0.021744,-0.157587,0.098526,1.548141,0.033695,11.136100,0
11.840000,-0.120331,0.088841,0.012717,-0.154587,0.098594,1.548142,0.035617,11.324000,0
11.860000,-0.119288,0.088690,-0.005235,-0.151588,0.098662,1.548142,0.033804,11.318000,0
11.880000,-0.113285,0.089208,0.013158,-0.148588,0.098730,1.548142,0.036564,11.249500,0
11.900000,-0.115209,0.088744,0.031332,-0.145589,0.098798,1.548142,0.032001,11.212700,0
11.920000,-0.112632,0.087827,0.011797,-0.142590,0.098866,1.548142,0.031927,11.220100,0
11.940000,-0.106168,0.088575,-0.008604,-0.139590,0.098934,1.548142,0.034991,11.238500,0
11.960000,-0.100123,0.088942,0.005476,-0.136591,0.099002,1.548143,0.037830,11.204600,0
11.980000,-0.097090,0.087481,-0.008758,-0.133592,0.099070,1.548143,0.038298,11.211000,0
12.000000,-0.097738,0.087325,0.007841,-0.130593,0.099138,1.548143,0.034914,11.389000,0
12.020000,-0.094684,0.089365,0.030750,-0.127593,0.099206,1.548143,0.034349,11.176500,0
12.040000,-0.094934,0.088591,0.006239,-0.124594,0.099274,1.548142,0.031525,11.249900,0
12.060000,-0.094658,0.088014,0.021300,-0.121595,0.099342,1.548142,0.029222,11.352100,0
12.080000,-0.090945,0.087471,0.035314,-0.118596,0.099410,1.548142,0.030119,11.318600,0
12.100000,-0.083257,0.088415,-0.002538,-0.115596,0.099478,1.548142,0.034179,11.148400,0
12.120000,-0.076872,0.088259,0.000454,-0.112597,0.099545,1.548142,0.037465,12.720400,0
12.140000,-0.082121,0.088796,-0.022742,-0.109598,0.099613,1.548142,0.029530,11.292600,0
12.160000,-0.074059,0.089022,0.004280,-0.106599,0.099681,1.548142,0.034241,11.208600,0
12.180000,-0.068937,0.087237,0.006215,-0.103599,0.099749,1.548142,0.036851,11.386100,0
12.200000,-0.065960,0.087547,-0.008451,-0.100600,0.099817,1.548142,0.036749,11.904900,0
12.220000,-0.065836,0.088958,0.008994,-0.097601,0.099885,1.548142,0.033592,11.259200,0
12.240000,-0.067227,0.088735,0.027351,-0.094602,0.099953,1.548142,0.029585,11.338300,0
12.260000,-0.060873,0.088619,0.008121,-0.091602,0.100021,1.548142,0.032776,12.709100,0
12.280000,-0.057418,0.088871,0.004325,-0.088603,0.100089,1.548142,0.033141,11.207900,0
12.300000,-0.053378,0.088716,0.027268,-0.085604,0.100157,1.548142,0.034197,10.519500,0
12.320000,-0.054103,0.088837,0.014106,-0.082605,0.100225,1.548142,0.030693,11.378100,0
12.340000,-0.048460,0.088522,0.031181,-0.079605,0.100293,1.548142,0.033295,10.776600,0
12.360000,-0.042451,0.089669,0.011080,-0.076606,0.100361,1.548142,0.035790,10.801400,0
12.380000,-0.043791,0.088976,0.006662,-0.073607,0.100429,1.548142,0.031940,11.287900,0
12.400000,-0.045790,0.088842,0.013255,-0.070608,0.100497,1.548142,0.027418,11.674900,0
12.420000,-0.040713,0.088799,0.018823,-0.067609,0.100565,1.548142,0.029357,11.046300,0
12.440000,-0.035646,0.088437,0.015675,-0.064609,0.100633,1.548142,0.031426,11.094800,0
12.460000,-0.032848,0.088261,0.012485,-0.061610,0.100701,1.548142,0.031337,11.582400,0
12.480000,-0.024952,0.086064,0.009834,-0.058611,0.100769,1.548142,0.036731,10.928700,0
12.500000,-0.024490,0.087213,0.025498,-0.055612,0.100837,1.548142,0.033973,12.205900,0
12.520000,-0.019602,0.087001,0.023250,-0.052612,0.100905,1.548142,0.035819,10.908300,0
12.540000,-0.019070,0.086829,0.021385,-0.049613,0.100973,1.548142,0.033659,11.867500,0
12.560000,-0.020260,0.086263,0.020620,-0.046614,0.101040,1.548142,0.030214,11.813600,0
12.580000,-0.017130,0.087681,0.036966,-0.043615,0.101108,1.548142,0.029694,11.895000,0
12.600000,-0.009199,0.086498,0.008848,-0.040615,0.101176,1.548142,0.034675,11.613200,0
12.620000,-0.011033,0.087974,0.015281,-0.037616,0.101244,1.548142,0.029711,12.247300,0
12.640000,-0.002601,0.088322,0.017964,-0.034617,0.101312,1.548142,0.034551,12.131500,0
12.660000,0.002458,0.087994,0.032970,-0.031618,0.101380,1.548142,0.036611,11.828600,0
12.680000,0.005593,0.089592,0.020263,-0.028619,0.101448,1.548142,0.036208,11.137600,0
12.700000,0.007115,0.088719,0.017498,-0.025619,0.101516,1.548142,0.035146,11.037000,0
12.720000,0.008109,0.087888,0.014744,-0.022620,0.101584,1.548142,0.033644,13.025500,0
12.740000,0.016330,0.087865,0.021240,-0.019621,0.101652,1.548142,0.038504,10.881600,0
12.760000,0.016289,0.087630,0.015604,-0.016622,0.101720,1.548142,0.035800,10.708700,0
12.780000,0.017616,0.087393,0.020266,-0.013622,0.101788,1.548142,0.034395,11.268400,0
12.800000,0.004290,0.087871,0.037159,-0.010623,0.101856,1.548142,0.020445,11.576300,0
12.820000,0.024758,0.087576,0.001223,-0.007624,0.101924,1.548142,0.035419,11.585200,0
12.840000,0.029781,0.087581,0.009404,-0.004625,0.101992,1.548142,0.037302,11.842600,0
12.860000,0.028027,0.088090,0.027452,-0.001625,0.102060,1.548142,0.032778,11.786200,0
12.880000,0.033528,0.089382,0.002176,0.001374,0.102128,1.548142,0.034588,11.852600,0
12.900000,0.036819,0.089489,-0.003934,0.004373,0.102196,1.548142,0.034845,11.853000,0
12.920000,0.040783,0.089261,-0.010430,0.007372,0.102264,1.548142,0.035852,12.084800,0
12.940000,0.036768,0.088699,0.006549,0.010371,0.102332,1.548142,0.029710,12.005400,0
12.960000,0.048233,0.088520,0.006690,0.013371,0.102400,1.548142,0.037524,12.263300,0
12.980000,0.047105,0.088289,0.004500,0.016370,0.102468,1.548142,0.033848,12.029100,0
13.000000,0.052428,0.089432,0.004844,0.019369,0.102536,1.548142,0.035561,12.079300,0
13.020000,0.052913,0.089668,0.008373,0.022368,0.102603,1.548142,0.033171,12.144200,0
13.040000,0.064266,0.089689,-0.025717,0.025368,0.102671,1.548142,0.041007,11.999200,0
13.060000,0.059941,0.090032,0.006601,0.028367,0.102739,1.548142,0.034035,11.821000,0
13.080000,0.063157,0.089127,-0.008686,0.031366,0.102807,1.548142,0.034609,12.059500,0
13.100000,0.070388,0.087162,-0.007514,0.034365,0.102875,1.548142,0.039301,12.285100,0
13.120000,0.069099,0.087285,0.003031,0.037364,0.102943,1.548142,0.035388,12.212200,0
13.140000,0.074565,0.088005,-0.003596,0.040364,0.103011,1.548142,0.037348,12.211900,0
13.160000,0.071455,0.087615,0.010535,0.043363,0.103079,1.548142,0.032067,12.094000,0
13.180000,0.073306,0.088405,0.030877,0.046362,0.103147,1.548142,0.030713,11.980100,0
13.200000,0.083818,0.088216,0.013667,0.049361,0.103215,1.548142,0.037580,12.093100,0
13.220000,0.086738,0.087850,0.027216,0.052361,0.103283,1.548142,0.037682,12.456600,0
13.240000,0.088936,0.087771,0.013585,0.055360,0.103351,1.548142,0.037015,12.085900,0
13.260000,0.084648,0.089117,0.035678,0.058359,0.103419,1.548142,0.029928,12.619500,0
13.280000,0.094946,0.089298,0.012940,0.061358,0.103487,1.548142,0.036462,12.252200,0
13.300000,0.090505,0.089280,0.025032,0.064358,0.103555,1.548142,0.029790,12.197700,0
13.320000,0.098340,0.088788,0.012165,0.067357,0.103623,1.548142,0.034351,12.237300,0
13.340000,0.106595,0.088448,0.012525,0.070356,0.103691,1.548142,0.039314,12.083800,0
13.360000,0.104093,0.088749,0.029730,0.073355,0.103759,1.548142,0.034207,12.633700,0
13.380000,0.109261,0.088807,0.011884,0.076354,0.103827,1.548142,0.036173,12.043500,0
13.400000,0.110158,0.088192,0.011786,0.079354,0.103895,1.548142,0.034576,10.774500,0
13.420000,0.112390,0.088328,0.037431,0.082353,0.103963,1.548142,0.033862,10.714200,0
13.440000,0.118560,0.088771,0.011709,0.085352,0.104031,1.548142,0.036546,10.875200,0
13.460000,0.121452,0.089112,-0.024167,0.088351,0.104099,1.548142,0.036336,11.025500,0
13.480000,0.123334,0.088964,0.013315,0.091351,0.104166,1.548142,0.035412,10.721800,0
13.500000,0.122534,0.089139,0.014883,0.094350,0.104234,1.548142,0.031972,11.073100,0
13.520000,0.127527,0.087902,0.000048,0.097349,0.104302,1.548142,0.034346,11.054200,0
13.540000,0.126969,0.087033,0.004721,0.100348,0.104370,1.548142,0.031769,11.670200,0
13.560000,0.137179,0.087362,0.003006,0.103348,0.104438,1.548142,0.037896,11.809100,0
13.580000,0.145170,0.088122,-0.002672,0.106347,0.104506,1.548142,0.042138,12.486400,0
13.600000,0.140524,0.088082,0.002358,0.109346,0.104574,1.548142,0.035272,12.403600,0
13.620000,0.143922,0.088288,0.010342,0.112345,0.104642,1.548142,0.035561,13.162900,0
13.640000,0.144917,0.088452,0.038476,0.115344,0.104710,1.548142,0.033747,12.099200,0
13.660000,0.149709,0.087191,0.013150,0.118344,0.104778,1.548142,0.035960,12.217600,0
13.680000,0.153246,0.088929,0.011492,0.121343,0.104846,1.548142,0.035653,12.345200,0
13.700000,0.157682,0.087944,0.039841,0.124342,0.104914,1.548142,0.037410,12.520200,0
13.720000,0.158048,0.087415,0.006085,0.127341,0.104982,1.548142,0.035377,12.171400,0
13.740000,0.164952,0.087321,0.004301,0.130341,0.105050,1.548142,0.038888,12.637400,0
13.760000,0.163530,0.087279,-0.005994,0.133340,0.105118,1.548142,0.035066,12.308600,0
13.780000,0.170777,0.087556,0.000708,0.136339,0.105186,1.548142,0.038689,12.745600,0
13.800000,0.168677,0.087356,0.037624,0.139338,0.105254,1.548142,0.034368,12.402500,0
13.820000,0.168524,0.087173,0.003604,0.142338,0.105322,1.548142,0.031861,12.277700,0
13.840000,0.169267,0.087583,0.003951,0.145337,0.105390,1.548142,0.029828,12.566500,0
13.860000,0.181674,0.087010,0.003704,0.148336,0.105458,1.548142,0.038102,12.236900,0
13.880000,0.185426,0.086648,-0.023811,0.151335,0.105526,1.548142,0.038969,12.461500,0
13.900000,0.188458,0.086252,0.008309,0.154334,0.105594,1.548142,0.039224,12.369500,0
13.920000,0.187739,0.088119,-0.000599,0.157334,0.105662,1.548142,0.035103,12.314800,0
13.940000,0.192886,0.087593,0.008391,0.160333,0.105729,1.548142,0.037264,12.609800,0
13.960000,0.196025,0.088372,-0.012028,0.163332,0.105797,1.548142,0.037047,12.514900,0
13.980000,0.203052,0.088528,0.009010,0.166331,0.105865,1.548142,0.040608,12.939200,0
14.000000,0.203144,0.088854,-0.011677,0.169331,0.105933,1.548142,0.037881,10.396000,0
14.020000,0.205542,0.089285,0.007419,0.172330,0.106001,1.548142,0.037181,11.181900,0
14.040000,0.209942,0.088288,0.017214,0.175329,0.106069,1.548142,0.038913,10.607000,0
14.060000,0.211187,0.088362,0.007500,0.178328,0.106137,1.548142,0.037358,10.879900,0
14.080000,0.215288,0.088145,0.008077,0.181328,0.106205,1.548142,0.038463,11.170100,0
14.100000,0.217793,0.087506,0.021036,0.184327,0.106273,1.548142,0.038369,11.206800,0
14.120000,0.219313,0.087438,0.022741,0.187326,0.106341,1.548142,0.037155,11.177500,0
14.140000,0.223407,0.086642,0.010716,0.190325,0.106409,1.548142,0.038537,11.230500,0
14.160000,0.221650,0.086130,0.016885,0.193324,0.106477,1.548142,0.034877,11.237700,0
14.180000,0.229576,0.087229,0.030119,0.196324,0.106545,1.548142,0.038455,11.469800,0
14.200000,0.234967,0.086790,0.011106,0.199323,0.106613,1.548142,0.040785,11.259700,0
14.220000,0.232778,0.087512,0.004716,0.202322,0.106681,1.548142,0.035986,11.034100,0
14.240000,0.237340,0.087382,0.006710,0.205321,0.106749,1.548142,0.037421,10.614600,0
14.260000,0.243597,0.087487,0.006562,0.208321,0.106817,1.548142,0.040225,10.452700,0
14.280000,0.246128,0.085561,0.000974,0.211320,0.106885,1.548142,0.040821,10.519200,0
14.300000,0.243885,0.084456,0.006070,0.214319,0.106953,1.548142,0.037152,10.595600,0
14.320000,0.246183,0.086147,0.037845,0.217318,0.107021,1.548142,0.035621,10.453700,0
14.340000,0.258781,0.087793,0.014769,0.220318,0.107089,1.548142,0.043032,10.962900,0
14.360000,0.254207,0.089675,0.018977,0.223317,0.107157,1.548142,0.035494,10.536800,0
14.380000,0.260623,0.088871,0.015256,0.226316,0.107225,1.548142,0.038908,10.566200,0
14.400000,0.254115,0.087887,0.039711,0.229315,0.107292,1.548142,0.031490,10.366600,0
14.420000,0.263472,0.085987,0.012602,0.232314,0.107360,1.548142,0.037784,10.576700,0
14.440000,0.266579,0.087220,0.011791,0.235314,0.107428,1.548142,0.037228,10.653400,0
14.460000,0.270702,0.086161,-0.016223,0.238313,0.107496,1.548142,0.038785,10.691000,0
14.480000,0.269410,0.086586,0.007291,0.241312,0.107564,1.548142,0.035065,11.017500,0
14.500000,0.277573,0.087125,0.002573,0.244311,0.107632,1.548142,0.039075,11.074200,0
14.520000,0.279726,0.087657,0.001848,0.247311,0.107700,1.548142,0.038111,11.010500,0
14.540000,0.285933,0.089719,0.004257,0.250310,0.107768,1.548142,0.039935,11.165000,0
14.560000,0.286800,0.089045,0.016532,0.253309,0.107836,1.548142,0.038402,11.137200,0
14.580000,0.287323,0.088540,0.017169,0.256308,0.107904,1.548142,0.036564,11.299800,0
14.600000,0.287257,0.088399,0.018053,0.259308,0.107972,1.548142,0.034121,11.147000,0
14.620000,0.295338,0.088996,0.017624,0.262307,0.108040,1.548142,0.038128,11.225600,0
14.640000,0.297522,0.086476,0.009636,0.265306,0.108108,1.548142,0.038804,11.343300,0
14.660000,0.298775,0.085365,0.018727,0.268305,0.108176,1.548142,0.038063,10.549600,0
14.680000,0.305354,0.086156,0.010451,0.271304,0.108244,1.548142,0.040586,10.660500,0
14.700000,0.308490,0.085650,-0.008659,0.274304,0.108312,1.548142,0.041015,11.352100,0
14.720000,0.311824,0.085177,0.004598,0.277303,0.108380,1.548142,0.041594,11.592200,0
14.740000,0.314567,0.085779,0.001120,0.280302,0.108448,1.548142,0.041085,11.877400,0
14.760000,0.318775,0.085567,0.007378,0.283301,0.108516,1.548142,0.042250,12.065800,0
14.780000,0.317868,0.085679,0.014770,0.286301,0.108584,1.548142,0.039001,12.076300,0
14.800000,0.323599,0.085515,0.013000,0.289300,0.108652,1.548142,0.041373,12.176400,0
14.820000,0.324601,0.087768,0.026311,0.292299,0.108720,1.548142,0.038502,12.100600,0
14.840000,0.325243,0.086851,0.006775,0.295298,0.108788,1.548142,0.037120,12.323800,0
14.860000,0.326106,0.086758,0.021613,0.298298,0.108855,1.548142,0.035519,12.252300,0
14.880000,0.337370,0.086239,0.004512,0.301297,0.108923,1.548142,0.042612,12.355300,0
14.900000,0.334788,0.086588,-0.000381,0.304296,0.108991,1.548142,0.037837,12.204500,0
14.920000,0.341482,0.086539,0.012244,0.307295,0.109059,1.548142,0.040937,12.559500,0
14.940000,0.342411,0.085594,-0.008798,0.308210,0.109042,1.557778,0.041467,12.321600,0
14.960000,0.335810,0.085468,-0.020965,0.308383,0.109040,1.577775,0.036164,12.402700,0
14.980000,0.336932,0.086200,-0.035117,0.308396,0.109039,1.595953,0.036550,12.385700,0
15.000000,0.343869,0.085906,-0.054737,0.308393,0.109038,1.613942,0.042352,12.389900,0
15.020000,0.337905,0.088113,-0.077814,0.308391,0.109037,1.631931,0.036178,12.393900,0
15.040000,0.342657,0.087421,-0.091317,0.308389,0.109036,1.649921,0.040515,12.439400,0
15.060000,0.344479,0.088969,-0.109160,0.308387,0.109035,1.667911,0.041295,12.357700,0
15.080000,0.342549,0.089768,-0.128725,0.308385,0.109034,1.685900,0.039221,12.243200,0
15.100000,0.338344,0.090407,-0.146576,0.308379,0.109033,1.703950,0.035282,11.226400,0
15.120000,0.340706,0.090921,-0.155030,0.308372,0.109032,1.722008,0.037061,11.001800,0
15.140000,0.344219,0.091211,-0.165394,0.310660,0.108660,1.729750,0.037824,10.635700,0
15.160000,0.343607,0.091916,-0.171613,0.313625,0.108183,1.729749,0.034111,10.431200,0
15.180000,0.308863,0.097180,-0.181428,0.316589,0.107706,1.729746,0.013057,10.577000,0
15.200000,0.352821,0.089363,-0.169409,0.319554,0.107230,1.729740,0.037762,10.837100,0
15.220000,0.352233,0.089332,-0.172855,0.322518,0.106754,1.729736,0.034445,10.852500,0
15.240000,0.360717,0.088058,-0.183402,0.325482,0.106279,1.729732,0.039668,11.032400,0
15.260000,0.362408,0.087179,-0.191100,0.328446,0.105804,1.729729,0.038734,11.056500,0
15.280000,0.364957,0.087118,-0.174674,0.331409,0.105329,1.729726,0.038172,11.146000,0
15.300000,0.369210,0.086197,-0.182636,0.334372,0.104854,1.729724,0.039520,11.490900,0
15.320000,0.369551,0.088181,-0.172278,0.337335,0.104379,1.729722,0.036059,11.462100,0
15.340000,0.373963,0.086147,-0.196350,0.340297,0.103904,1.729721,0.038062,11.273900,0
15.360000,0.377448,0.085057,-0.175728,0.343260,0.103429,1.729720,0.038811,11.209300,0
15.380000,0.377854,0.086137,-0.172481,0.346223,0.102955,1.729719,0.035825,11.205800,0
15.400000,0.382819,0.083943,-0.196993,0.349185,0.102480,1.729719,0.038404,11.227900,0
15.420000,0.389778,0.082665,-0.169915,0.352147,0.102005,1.729719,0.042310,11.226600,0
15.440000,0.386683,0.082303,-0.175280,0.355110,0.101530,1.729718,0.036967,11.285800,0
15.460000,0.396584,0.080872,-0.191616,0.358072,0.101056,1.729718,0.043480,11.282100,0
15.480000,0.394735,0.082369,-0.174412,0.361035,0.100581,1.729718,0.038306,11.301500,0
15.500000,0.398748,0.082112,-0.190087,0.363997,0.100106,1.729718,0.039133,10.820400,0
15.520000,0.398497,0.081821,-0.174318,0.366959,0.099632,1.729718,0.036220,10.684200,0
15.540000,0.403218,0.080715,-0.176483,0.369921,0.099157,1.729718,0.038063,11.030400,0
15.560000,0.402974,0.080289,-0.166435,0.372884,0.098682,1.729718,0.035266,11.500500,0
15.580000,0.403288,0.081250,-0.185207,0.373615,0.098599,1.741794,0.034373,11.989200,0
15.600000,0.405451,0.080905,-0.208529,0.373786,0.098569,1.761792,0.036258,12.267100,0
15.620000,0.406161,0.082272,-0.218748,0.373785,0.098569,1.779808,0.036246,12.444600,0
15.640000,0.408265,0.082425,-0.251888,0.373781,0.098568,1.797801,0.038076,11.996400,0
15.660000,0.407925,0.082146,-0.260189,0.373777,0.098568,1.815809,0.037892,12.170100,0
15.680000,0.405448,0.083842,-0.277135,0.373772,0.098567,1.833825,0.034932,12.478900,0
15.700000,0.406345,0.084897,-0.301200,0.373768,0.098566,1.851846,0.035328,12.333400,0
15.720000,0.409621,0.084661,-0.310271,0.373763,0.098565,1.869868,0.038460,12.530400,0
15.740000,0.408737,0.085610,-0.332325,0.373758,0.098564,1.887891,0.037301,12.179900,0
15.760000,0.406707,0.085524,-0.350735,0.373754,0.098564,1.905912,0.035440,12.281700,0
15.780000,0.407442,0.085425,-0.363580,0.373750,0.098563,1.923932,0.036163,12.398900,0
15.800000,0.410389,0.085313,-0.391518,0.373746,0.098561,1.941950,0.038964,12.314800,0
15.820000,0.408100,0.087538,-0.409768,0.373743,0.098560,1.959966,0.036082,12.271100,0
15.840000,0.407801,0.087416,-0.421823,0.373739,0.098559,1.977980,0.035839,11.072900,0
15.860000,0.408660,0.089490,-0.439789,0.373736,0.098558,1.995992,0.036082,10.695700,0
15.880000,0.409433,0.088952,-0.460604,0.373733,0.098557,2.014002,0.036970,11.268300,0
15.900000,0.408335,0.089480,-0.482995,0.373730,0.098556,2.032010,0.035776,12.109600,0
15.920000,0.408330,0.089493,-0.495540,0.373727,0.098555,2.050016,0.035770,12.861000,0
15.940000,0.411489,0.087452,-0.521429,0.373724,0.098554,2.068021,0.039363,12.537400,0
15.960000,0.406990,0.090786,-0.512650,0.376099,0.097264,2.071408,0.031563,12.535300,0
15.980000,0.415524,0.086207,-0.514048,0.378734,0.095821,2.071405,0.038026,10.808000,0
16.000000,0.416750,0.085801,-0.515026,0.381369,0.094379,2.071400,0.036406,10.528800,0
16.020000,0.415395,0.087495,-0.515344,0.384003,0.092938,2.071392,0.031861,10.586800,0
16.040000,0.426975,0.081079,-0.535513,0.386637,0.091498,2.071386,0.041662,10.432200,0
16.060000,0.427091,0.079549,-0.515813,0.389271,0.090057,2.071381,0.039253,10.630300,0
16.080000,0.429205,0.078487,-0.517383,0.391904,0.088617,2.071377,0.038652,11.021100,0
16.100000,0.424128,0.083826,-0.487062,0.394537,0.087177,2.071374,0.029780,10.968000,0
16.120000,0.433500,0.079074,-0.514496,0.397170,0.085737,2.071371,0.036936,11.084500,0
16.140000,0.438065,0.077665,-0.509632,0.399803,0.084297,2.071369,0.038832,11.652500,0
16.160000,0.441957,0.073834,-0.529917,0.402435,0.082857,2.071368,0.040539,11.231800,0
16.180000,0.442765,0.073711,-0.520268,0.405068,0.081417,2.071367,0.038476,11.190800,0
16.200000,0.443871,0.072012,-0.521703,0.407700,0.079977,2.071366,0.037038,11.279100,0
16.220000,0.448457,0.068646,-0.543281,0.410332,0.078537,2.071365,0.039387,11.226100,0
16.240000,0.448123,0.068473,-0.519139,0.412964,0.077098,2.071365,0.036201,11.395200,0
16.260000,0.458509,0.062510,-0.550440,0.415596,0.075658,2.071365,0.044882,11.224300,0
16.280000,0.452317,0.067404,-0.517347,0.418229,0.074218,2.071364,0.034763,11.212500,0
16.300000,0.454635,0.066133,-0.508758,0.420861,0.072778,2.071364,0.034422,10.661600,0
16.320000,0.457681,0.064064,-0.507568,0.423493,0.071339,2.071364,0.034954,10.797000,0
16.340000,0.463043,0.061528,-0.508347,0.426125,0.069899,2.071364,0.037855,11.497100,0
16.360000,0.459045,0.062892,-0.502923,0.428757,0.068459,2.071364,0.030795,11.989800,0
16.380000,0.464887,0.057304,-0.511590,0.431389,0.067019,2.071364,0.034879,12.037200,0
16.400000,0.465700,0.059743,-0.506115,0.434021,0.065580,2.071364,0.032213,12.148500,0
16.420000,0.468259,0.059041,-0.530913,0.434395,0.065374,2.087830,0.034451,12.170400,0
16.440000,0.468276,0.058904,-0.545715,0.434439,0.065348,2.106444,0.034446,11.802400,0
16.460000,0.468187,0.058864,-0.566995,0.434436,0.065349,2.124433,0.034368,10.647700,0
16.480000,0.471914,0.057076,-0.582852,0.434432,0.065350,2.142428,0.038384,10.462200,0
16.500000,0.470444,0.058365,-0.605007,0.434429,0.065350,2.160427,0.036686,10.555900,0
16.520000,0.467253,0.059891,-0.619733,0.434425,0.065350,2.178429,0.033278,10.822300,0
16.540000,0.467578,0.061672,-0.634851,0.434422,0.065350,2.196432,0.033359,10.901400,0
16.560000,0.473339,0.056847,-0.661305,0.434419,0.065350,2.214435,0.039838,11.170100,0
16.580000,0.471006,0.059636,-0.670189,0.434416,0.065349,2.232438,0.037034,12.326600,0
16.600000,0.474709,0.057217,-0.692971,0.434413,0.065349,2.250440,0.041108,10.979900,0
16.620000,0.473265,0.060264,-0.701415,0.434410,0.065348,2.268442,0.039187,11.365900,0
16.640000,0.478528,0.056356,-0.720866,0.436549,0.063554,2.270830,0.042592,11.344200,0
16.660000,0.481685,0.053688,-0.723291,0.438846,0.061618,2.270825,0.043567,11.350300,0
16.680000,0.481984,0.052638,-0.728086,0.441143,0.059683,2.270820,0.041444,11.247700,0
16.700000,0.482332,0.051337,-0.725086,0.443439,0.057749,2.270815,0.039418,11.268700,0
16.720000,0.488547,0.046868,-0.723862,0.445735,0.055815,2.270810,0.043737,11.330800,0
16.740000,0.490309,0.045054,-0.738679,0.448031,0.053881,2.270806,0.043189,11.281400,0
16.760000,0.489302,0.045487,-0.715520,0.450327,0.051948,2.270804,0.039507,11.364500,0
16.780000,0.494384,0.042204,-0.735157,0.452622,0.050015,2.270801,0.042486,11.441800,0
16.800000,0.492976,0.045969,-0.708071,0.454918,0.048082,2.270800,0.038117,11.355900,0
16.820000,0.500037,0.039623,-0.711085,0.457213,0.046149,2.270799,0.043318,11.367000,0
16.840000,0.494794,0.043697,-0.684720,0.459508,0.044216,2.270798,0.035290,13.148000,0
16.860000,0.498802,0.040593,-0.708678,0.461803,0.042283,2.270797,0.037038,11.856400,0
16.880000,0.500726,0.038674,-0.700040,0.464098,0.040350,2.270797,0.036666,11.464400,0
16.900000,0.506486,0.033783,-0.708805,0.466393,0.038418,2.270796,0.040360,11.296800,0
16.920000,0.507733,0.033417,-0.707163,0.468687,0.036485,2.270796,0.039166,11.567600,0
16.940000,0.510253,0.029737,-0.707015,0.470982,0.034552,2.270796,0.039565,11.411600,0
16.960000,0.512542,0.027392,-0.704722,0.473277,0.032619,2.270795,0.039612,11.351700,0
16.980000,0.514157,0.026883,-0.704485,0.475571,0.030687,2.270795,0.038773,11.403500,0
17.000000,0.516499,0.024356,-0.725357,0.475839,0.030461,2.288335,0.041116,11.333400,0
17.020000,0.515325,0.024190,-0.747306,0.475853,0.030446,2.306599,0.039965,11.618800,0
17.040000,0.515390,0.024561,-0.764768,0.475850,0.030448,2.324587,0.039976,11.299900,0
17.060000,0.513159,0.026265,-0.779498,0.475847,0.030449,2.342578,0.037546,11.403300,0
17.080000,0.515210,0.026883,-0.797539,0.475844,0.030450,2.360572,0.039528,11.910200,0
17.100000,0.518623,0.024653,-0.825353,0.475841,0.030450,2.378569,0.043173,11.491100,0
17.120000,0.516935,0.026539,-0.839386,0.475838,0.030451,2.396566,0.041283,11.313900,0
17.140000,0.519455,0.024667,-0.851058,0.475835,0.030451,2.414564,0.044002,11.442700,0
17.160000,0.518965,0.026433,-0.875647,0.475833,0.030450,2.432562,0.043319,11.470800,0
17.180000,0.515701,0.030824,-0.887668,0.475830,0.030450,2.450559,0.039873,11.239900,0
17.200000,0.520570,0.026035,-0.914577,0.475828,0.030450,2.468555,0.044959,11.649100,0
17.220000,0.516441,0.031885,-0.923830,0.475825,0.030449,2.486550,0.040641,11.523900,0
17.240000,0.517765,0.032892,-0.941749,0.475823,0.030449,2.504545,0.042014,11.552000,0
17.260000,0.517338,0.032290,-0.966161,0.475820,0.030449,2.522538,0.041559,10.484900,0
17.280000,0.520359,0.028465,-0.953598,0.477558,0.028362,2.522659,0.042801,10.531100,0
17.300000,0.520564,0.026953,-0.968314,0.479301,0.025915,2.522651,0.041276,11.766000,0
17.320000,0.526719,0.018316,-0.978551,0.481043,0.023469,2.522643,0.045965,11.792700,0
17.340000,0.528824,0.015283,-0.966348,0.482786,0.021023,2.522636,0.046394,11.648300,0
17.360000,0.525369,0.020298,-0.953949,0.484528,0.018579,2.522630,0.040877,11.877400,0
17.380000,0.527354,0.018524,-0.965461,0.486270,0.016134,2.522626,0.041153,11.878100,0
17.400000,0.527336,0.017580,-0.950285,0.488012,0.013690,2.522624,0.039516,12.180000,0
17.420000,0.533635,0.009793,-0.955930,0.489754,0.011246,2.522622,0.043905,12.027700,0
17.440000,0.535938,0.005210,-0.961727,0.491495,0.008802,2.522620,0.044588,12.016200,0
17.460000,0.534863,0.006508,-0.981654,0.491552,0.008480,2.539562,0.043356,12.184900,0
17.480000,0.531167,0.012182,-0.990541,0.491549,0.008483,2.557551,0.039790,12.351700,0
17.500000,0.536632,0.003955,-1.023025,0.491547,0.008485,2.575538,0.045312,12.083800,0
17.520000,0.535717,0.007043,-1.033487,0.491544,0.008487,2.593528,0.044197,12.223300,0
17.540000,0.535834,0.007387,-1.059289,0.491542,0.008488,2.611520,0.044306,12.409100,0
17.560000,0.537938,0.006423,-1.068003,0.491539,0.008489,2.629513,0.046445,12.401700,0
17.580000,0.535321,0.011681,-1.085425,0.491537,0.008490,2.647507,0.043901,12.293500,0
17.600000,0.537895,0.008714,-1.105261,0.491535,0.008491,2.665500,0.046361,12.248700,0
17.620000,0.538074,0.009720,-1.125786,0.491532,0.008491,2.683493,0.046558,12.284600,0
17.640000,0.540451,0.005822,-1.147856,0.491530,0.008491,2.701486,0.048993,12.225000,0
17.660000,0.537083,0.011598,-1.156240,0.491528,0.008491,2.719478,0.045661,12.193700,0
17.680000,0.538973,0.009648,-1.183146,0.491526,0.008491,2.737469,0.047461,10.420100,0
17.700000,0.540340,0.008306,-1.198067,0.491523,0.008491,2.755459,0.048817,10.638500,0
17.720000,0.539987,0.012801,-1.214100,0.491521,0.008491,2.773449,0.048657,10.879600,0
17.740000,0.541342,0.009590,-1.237543,0.491519,0.008491,2.791437,0.049835,10.655000,0
17.760000,0.541891,0.016981,-1.249495,0.491517,0.008491,2.809425,0.051085,10.617200,0
17.780000,0.545354,0.003837,-1.272996,0.492464,0.006247,2.810826,0.052945,10.850100,0
17.800000,0.545217,0.007098,-1.252137,0.493440,0.003407,2.810825,0.051908,10.449800,0
17.820000,0.543656,0.008985,-1.236059,0.494415,0.000566,2.810814,0.049955,10.630900,0
17.840000,0.546544,0.000274,-1.255786,0.495391,-0.002274,2.810805,0.051217,11.287900,0
17.860000,0.549058,-0.008399,-1.268822,0.496367,-0.005114,2.810799,0.052794,10.530200,0
17.880000,0.547314,-0.002898,-1.248161,0.497342,-0.007952,2.810795,0.050227,11.237500,0
17.900000,0.548705,-0.005405,-1.237723,0.498317,-0.010791,2.810792,0.050675,11.698400,0
17.920000,0.551032,-0.011323,-1.254404,0.499292,-0.013629,2.810790,0.051791,12.011900,0
17.940000,0.550393,-0.007237,-1.242423,0.500268,-0.016468,2.810789,0.050968,12.019900,0
17.960000,0.552400,-0.015315,-1.243921,0.501242,-0.019306,2.810788,0.051314,12.181600,0
17.980000,0.553881,-0.018717,-1.253424,0.502217,-0.022143,2.810788,0.051777,12.164500,0
18.000000,0.557772,-0.029390,-1.271343,0.503192,-0.024981,2.810787,0.054758,12.394600,0
18.020000,0.554961,-0.025644,-1.254835,0.504167,-0.027819,2.810786,0.050841,12.826400,0
18.040000,0.553228,-0.022521,-1.247613,0.505141,-0.030656,2.810786,0.048770,10.782600,0
18.060000,0.554618,-0.025100,-1.241767,0.506116,-0.033494,2.810785,0.049223,11.001600,0
18.080000,0.556339,-0.030558,-1.245307,0.507091,-0.036331,2.810785,0.049585,10.634900,0
18.100000,0.559400,-0.033941,-1.242313,0.508065,-0.039169,2.810785,0.051601,10.511800,0
18.120000,0.559790,-0.036951,-1.249518,0.509040,-0.042006,2.810785,0.051001,10.842300,0
18.140000,0.561727,-0.041609,-1.247938,0.510014,-0.044844,2.810785,0.051814,10.774100,0
18.160000,0.560781,-0.040898,-1.270262,0.510070,-0.045354,2.826752,0.050906,11.396200,0
18.180000,0.559544,-0.039702,-1.279537,0.510043,-0.045457,2.845994,0.049835,12.268800,0
18.200000,0.559528,-0.037573,-1.301208,0.510041,-0.045453,2.863981,0.050110,12.430600,0
18.220000,0.561285,-0.035479,-1.315551,0.510039,-0.045451,2.881970,0.052207,12.421600,0
18.240000,0.564431,-0.046045,-1.348410,0.510037,-0.045449,2.899960,0.054397,12.191000,0
18.260000,0.563439,-0.039825,-1.359699,0.510035,-0.045448,2.917951,0.053699,12.256000,0
18.280000,0.561700,-0.037514,-1.373460,0.510033,-0.045446,2.935942,0.052272,12.730600,0
18.300000,0.562393,-0.035541,-1.392112,0.510031,-0.045445,2.953933,0.053290,12.451900,0
18.320000,0.564492,-0.038822,-1.412123,0.510029,-0.045445,2.971923,0.054864,12.490200,0
18.340000,0.565394,-0.041546,-1.426236,0.510027,-0.045444,2.989913,0.055504,12.144000,0
18.360000,0.565742,-0.045058,-1.434090,0.510397,-0.047736,2.997614,0.055410,11.068400,0
18.380000,0.565782,-0.045095,-1.432661,0.510827,-0.050708,2.997612,0.055241,10.635100,0
18.400000,0.565343,-0.039608,-1.417789,0.511256,-0.053681,2.997603,0.055888,10.429000,0
18.420000,0.567021,-0.050834,-1.437394,0.511686,-0.056653,2.997596,0.055640,10.504300,0
18.440000,0.566017,-0.049101,-1.419292,0.512116,-0.059624,2.997592,0.054919,10.658500,0
18.460000,0.567964,-0.061288,-1.441688,0.512547,-0.062595,2.997588,0.055432,10.678700,0
18.480000,0.567804,-0.050303,-1.418771,0.512977,-0.065565,2.997585,0.056912,11.026300,0
18.500000,0.569838,-0.062757,-1.433061,0.513408,-0.068535,2.997584,0.056725,11.030000,0
18.520000,0.569250,-0.065591,-1.441168,0.513839,-0.071505,2.997583,0.055726,11.081500,0
18.540000,0.569135,-0.070852,-1.453223,0.513872,-0.072218,3.009962,0.055280,11.092000,0
18.560000,0.569984,-0.069109,-1.469673,0.513846,-0.072391,3.029964,0.056234,11.173500,0
18.580000,0.570523,-0.065488,-1.493863,0.513845,-0.072389,3.047967,0.057097,11.277700,0
18.600000,0.570147,-0.064315,-1.498728,0.513844,-0.072386,3.065954,0.056878,11.163600,0
18.620000,0.571768,-0.073605,-1.528620,0.513842,-0.072384,3.083943,0.057939,11.646400,0
18.640000,0.572566,-0.062344,-1.540933,0.513841,-0.072382,3.101931,0.059576,11.299400,0
18.660000,0.572807,-0.066813,-1.562672,0.513841,-0.072381,3.119920,0.059229,11.255200,0
18.680000,0.573762,-0.066664,-1.575663,0.513840,-0.072379,3.137909,0.060194,11.162400,0
18.700000,0.573483,-0.068075,-1.599613,0.513839,-0.072378,-3.127289,0.059799,11.279900,0
18.720000,0.574076,-0.068649,-1.613405,0.513838,-0.072378,-3.109302,0.060353,11.337500,0
18.740000,0.574526,-0.062613,-1.614232,0.513761,-0.074529,-3.099745,0.061923,11.200700,0
18.760000,0.574684,-0.071623,-1.623966,0.513633,-0.077530,-3.099748,0.061337,11.444600,0
18.780000,0.572705,-0.086151,-1.648772,0.513505,-0.080531,-3.099758,0.059466,11.315600,0
18.800000,0.572784,-0.078219,-1.621065,0.513379,-0.083531,-3.099764,0.059642,11.351900,0
18.820000,0.573051,-0.076984,-1.626550,0.513252,-0.086530,-3.099769,0.060556,11.357400,0
18.840000,0.573086,-0.096216,-1.647331,0.513126,-0.089530,-3.099773,0.060332,11.333500,0
18.860000,0.574203,-0.090765,-1.621403,0.513000,-0.092528,-3.099777,0.061229,11.293700,0
18.880000,0.573639,-0.091210,-1.611489,0.512875,-0.095527,-3.099780,0.060917,11.454100,0
18.900000,0.573310,-0.093273,-1.619037,0.512749,-0.098525,-3.099782,0.060788,11.325000,0
18.920000,0.573001,-0.096743,-1.618560,0.512623,-0.101523,-3.099784,0.060567,11.272900,0
18.940000,0.571512,-0.102258,-1.622603,0.512498,-0.104521,-3.099785,0.059057,11.567600,0
18.960000,0.571426,-0.094796,-1.613259,0.512372,-0.107519,-3.099786,0.060409,11.268900,0
18.980000,0.571005,-0.098970,-1.618417,0.512247,-0.110516,-3.099787,0.059882,11.431600,0
19.000000,0.572122,-0.107304,-1.618699,0.512121,-0.113514,-3.099788,0.060321,11.434200,0
19.020000,0.572304,-0.111774,-1.622095,0.511996,-0.116512,-3.099788,0.060494,11.395000,0
19.040000,0.571678,-0.109143,-1.608675,0.511871,-0.119509,-3.099788,0.060699,11.417900,0
19.060000,0.571365,-0.116863,-1.620148,0.511745,-0.122507,-3.099789,0.059887,11.485900,0
19.080000,0.571263,-0.115287,-1.609005,0.511620,-0.125504,-3.099789,0.060512,11.342500,0
19.100000,0.570596,-0.120018,-1.621869,0.511495,-0.128502,-3.099789,0.059707,11.420600,0
19.120000,0.571088,-0.117683,-1.602441,0.511369,-0.131499,-3.099789,0.061296,11.449500,0
19.140000,0.570846,-0.131269,-1.626802,0.511244,-0.134497,-3.099789,0.059689,11.481500,0
19.160000,0.570632,-0.142646,-1.650822,0.511119,-0.137494,-3.099789,0.059736,11.493700,0
19.180000,0.570533,-0.136866,-1.624376,0.510993,-0.140492,-3.099789,0.059650,11.305300,0
19.200000,0.568619,-0.152494,-1.649670,0.510868,-0.143489,-3.099789,0.058449,11.517400,0
19.220000,0.569196,-0.144733,-1.627146,0.510743,-0.146486,-3.099789,0.058479,11.877800,0
19.240000,0.567770,-0.150227,-1.632988,0.510617,-0.149484,-3.099789,0.057158,11.521600,0
19.260000,0.568020,-0.156032,-1.640354,0.510492,-0.152481,-3.099789,0.057638,11.317600,0
19.280000,0.569460,-0.150923,-1.626412,0.510367,-0.155479,-3.099789,0.059268,11.343300,0
19.300000,0.569348,-0.158295,-1.635603,0.510241,-0.158476,-3.099789,0.059108,11.400300,0
19.320000,0.570724,-0.156915,-1.627875,0.510116,-0.161473,-3.099789,0.060779,11.404900,0
19.340000,0.568224,-0.164959,-1.643518,0.509991,-0.164471,-3.099789,0.058235,12.169400,0
19.360000,0.569429,-0.162306,-1.624111,0.509865,-0.167468,-3.099789,0.059787,11.309200,0
19.380000,0.567943,-0.166826,-1.638914,0.509836,-0.168359,-3.089823,0.058128,11.402800,0
19.400000,0.568882,-0.165842,-1.656613,0.509826,-0.168532,-3.069826,0.059118,11.399500,0
19.420000,0.570575,-0.164551,-1.663872,0.509825,-0.168538,-3.051727,0.060880,11.436200,0
19.440000,0.571282,-0.162158,-1.683306,0.509825,-0.168535,-3.033739,0.061787,11.509900,0
19.460000,0.571637,-0.165926,-1.710335,0.509824,-0.168532,-3.015749,0.061868,11.315700,0
19.480000,0.572936,-0.157294,-1.701700,0.509517,-0.170798,-3.007673,0.064841,11.459000,0
19.500000,0.570971,-0.174662,-1.722407,0.509114,-0.173773,-3.007674,0.061864,11.377600,0
19.520000,0.571025,-0.173825,-1.717506,0.508711,-0.176748,-3.007676,0.062382,10.763100,0
19.540000,0.571991,-0.169421,-1.708369,0.508309,-0.179723,-3.007678,0.064510,10.540500,0
19.560000,0.570658,-0.173555,-1.717370,0.507907,-0.182697,-3.007680,0.063414,11.247900,0
19.580000,0.569636,-0.175990,-1.708511,0.507506,-0.185672,-3.007682,0.062880,11.700800,0
19.600000,0.569055,-0.172229,-1.699651,0.507105,-0.188646,-3.007684,0.064089,11.681400,0
19.620000,0.567308,-0.191778,-1.719638,0.506704,-0.191620,-3.007685,0.060604,11.844000,0
19.640000,0.568662,-0.190025,-1.710132,0.506303,-0.194594,-3.007686,0.062526,11.958500,0
19.660000,0.568192,-0.189058,-1.707530,0.505902,-0.197567,-3.007686,0.062869,12.115700,0
19.680000,0.566086,-0.201197,-1.718922,0.505502,-0.200541,-3.007687,0.060587,11.876400,0
19.700000,0.566191,-0.196463,-1.728180,0.505101,-0.203514,-3.007687,0.061496,12.021700,0
19.720000,0.564057,-0.205810,-1.720703,0.504701,-0.206488,-3.007688,0.059360,12.021600,0
19.740000,0.564699,-0.201138,-1.711198,0.504300,-0.209461,-3.007688,0.060970,12.366900,0
19.760000,0.564455,-0.208325,-1.710412,0.503900,-0.212434,-3.007688,0.060694,12.187400,0
19.780000,0.564084,-0.218396,-1.733848,0.503499,-0.215408,-3.007688,0.060658,12.150900,0
19.800000,0.564501,-0.216000,-1.718397,0.503099,-0.218381,-3.007688,0.061448,12.238100,0
19.820000,0.566668,-0.208070,-1.691880,0.502698,-0.221354,-3.007689,0.065335,12.432300,0
19.840000,0.563519,-0.218189,-1.716551,0.502298,-0.224327,-3.007689,0.061528,12.389700,0
19.860000,0.563621,-0.222646,-1.721518,0.501897,-0.227300,-3.007689,0.061899,12.103800,0
19.880000,0.562471,-0.228058,-1.724408,0.501497,-0.230274,-3.007689,0.061015,12.410800,0
19.900000,0.561705,-0.233225,-1.735336,0.501096,-0.233247,-3.007689,0.060609,11.338300,0
19.920000,0.561148,-0.236375,-1.727437,0.500696,-0.236220,-3.007689,0.060453,10.742100,0
19.940000,0.560977,-0.236517,-1.717283,0.500295,-0.239193,-3.007689,0.060741,10.457200,0
19.960000,0.561694,-0.229910,-1.723745,0.500220,-0.239956,-2.996014,0.062289,10.596800,0
19.980000,0.560860,-0.243431,-1.759286,0.500195,-0.240127,-2.976016,0.060755,10.816400,0
20.000000,0.561124,-0.237718,-1.766113,0.500194,-0.240127,-2.957988,0.060977,10.892100,0
20.020000,0.562011,-0.232445,-1.784047,0.500194,-0.240123,-2.939993,0.062292,11.098900,0
20.040000,0.561596,-0.243483,-1.806062,0.500193,-0.240119,-2.921981,0.061495,11.194900,0
20.060000,0.562930,-0.237381,-1.829372,0.500192,-0.240114,-2.903960,0.062798,10.605400,0
20.080000,0.564596,-0.231870,-1.833428,0.500191,-0.240109,-2.885935,0.064929,11.892600,0
20.100000,0.563558,-0.236198,-1.861931,0.500191,-0.240104,-2.867908,0.063488,12.315000,0
20.120000,0.565804,-0.238167,-1.880879,0.500190,-0.240099,-2.849882,0.065643,12.503000,0
20.140000,0.566326,-0.230917,-1.871579,0.499441,-0.242491,-2.844195,0.067879,12.413300,0
20.160000,0.562898,-0.240687,-1.878459,0.498559,-0.245362,-2.844192,0.064508,12.230900,0
20.180000,0.556199,-0.260008,-1.909512,0.497679,-0.248233,-2.844195,0.059693,12.302400,0
20.200000,0.560445,-0.249204,-1.887154,0.496798,-0.251103,-2.844199,0.063675,12.570000,0
20.220000,0.558098,-0.260769,-1.900373,0.495918,-0.253973,-2.844203,0.062550,12.497000,0
20.240000,0.561697,-0.252139,-1.875200,0.495038,-0.256843,-2.844206,0.066825,12.328400,0
20.260000,0.560911,-0.253744,-1.867474,0.494159,-0.259713,-2.844209,0.067018,12.299700,0
20.280000,0.559960,-0.257000,-1.875854,0.493279,-0.262582,-2.844211,0.066914,12.322900,0
20.300000,0.559808,-0.256639,-1.859315,0.492400,-0.265451,-2.844213,0.067982,12.554700,0
20.320000,0.556947,-0.264807,-1.878197,0.491521,-0.268320,-2.844214,0.065520,12.343700,0
20.340000,0.552674,-0.276042,-1.897871,0.490642,-0.271189,-2.844216,0.062222,12.304300,0
20.360000,0.553146,-0.274089,-1.887683,0.489763,-0.274057,-2.844216,0.063383,12.346100,0
20.380000,0.552878,-0.275491,-1.888605,0.488884,-0.276926,-2.844217,0.064010,12.780700,0
20.400000,0.550492,-0.283181,-1.897057,0.488005,-0.279795,-2.844217,0.062579,12.314100,0
20.420000,0.549947,-0.283010,-1.891929,0.487126,-0.282663,-2.844218,0.062822,12.475600,0
20.440000,0.547545,-0.290276,-1.901894,0.486247,-0.285532,-2.844218,0.061481,12.298700,0
20.460000,0.548604,-0.284119,-1.882107,0.485368,-0.288400,-2.844218,0.063381,12.716700,0
20.480000,0.547393,-0.291122,-1.884558,0.484489,-0.291269,-2.844218,0.062904,12.379600,0
20.500000,0.543994,-0.297742,-1.908111,0.483610,-0.294137,-2.844218,0.060492,12.499400,0
20.520000,0.543350,-0.301563,-1.890812,0.482731,-0.297006,-2.844218,0.060790,12.409100,0
20.540000,0.544314,-0.300824,-1.887806,0.481852,-0.299874,-2.844218,0.062469,12.285400,0
20.560000,0.542264,-0.303702,-1.889405,0.480973,-0.302742,-2.844218,0.061299,12.339800,0
20.580000,0.544532,-0.302491,-1.887301,0.480094,-0.305611,-2.844218,0.064513,12.571900,0
20.600000,0.541170,-0.311995,-1.898044,0.479215,-0.308479,-2.844218,0.062055,12.363200,0
20.620000,0.542792,-0.308105,-1.882116,0.478336,-0.311347,-2.844218,0.064538,12.171900,0
20.640000,0.537648,-0.323083,-1.907137,0.477456,-0.314216,-2.844218,0.060841,12.581700,0
20.660000,0.541354,-0.315031,-1.887222,0.476577,-0.317084,-2.844218,0.064809,12.463900,0
20.680000,0.538949,-0.320633,-1.885333,0.475698,-0.319952,-2.844218,0.063255,12.230300,0
20.700000,0.537624,-0.322133,-1.892198,0.474819,-0.322821,-2.844218,0.062809,12.321400,0
20.720000,0.534156,-0.331037,-1.903118,0.473940,-0.325689,-2.844218,0.060453,12.156700,0
20.740000,0.536463,-0.325826,-1.884283,0.473061,-0.328557,-2.844218,0.063460,12.433100,0
20.760000,0.534222,-0.330528,-1.886438,0.472182,-0.331426,-2.844218,0.062047,12.420600,0
20.780000,0.540301,-0.314779,-1.850960,0.471303,-0.334294,-2.844218,0.071705,12.323300,0
20.800000,0.535105,-0.331158,-1.876330,0.470424,-0.337162,-2.844218,0.064959,12.391900,0
20.820000,0.533040,-0.329852,-1.876689,0.469545,-0.340031,-2.844218,0.064306,12.858700,0
20.840000,0.533585,-0.333882,-1.871527,0.468666,-0.342899,-2.844218,0.065542,14.540300,0
20.860000,0.531444,-0.339503,-1.875459,0.467787,-0.345767,-2.844218,0.063964,12.501200,0
20.880000,0.532983,-0.339457,-1.869426,0.466908,-0.348636,-2.844218,0.066709,12.436800,0
20.900000,0.530989,-0.347558,-1.875665,0.466029,-0.351504,-2.844218,0.065080,12.625300,0
20.920000,0.530521,-0.345333,-1.868197,0.465150,-0.354372,-2.844218,0.065993,12.229200,0
20.940000,0.526606,-0.352015,-1.874212,0.464271,-0.357241,-2.844218,0.062554,12.250900,0
20.960000,0.526168,-0.353934,-1.880306,0.463392,-0.360109,-2.844218,0.063078,12.165700,0
20.980000,0.534930,-0.325323,-1.900220,0.462513,-0.362977,-2.844218,0.081621,12.305400,0
21.000000,0.525564,-0.353858,-1.866950,0.461634,-0.365846,-2.844218,0.065044,12.231000,0
21.020000,0.524682,-0.358597,-1.862060,0.460755,-0.368714,-2.844218,0.064723,12.256200,0
21.040000,0.525367,-0.363961,-1.874198,0.459876,-0.371582,-2.844218,0.065933,12.202500,0
21.060000,0.525006,-0.359246,-1.853581,0.458997,-0.374451,-2.844218,0.067737,12.341600,0
21.080000,0.519871,-0.375535,-1.881309,0.458118,-0.377319,-2.844218,0.061779,12.257300,0
21.100000,0.522972,-0.367225,-1.861246,0.457239,-0.380187,-2.844218,0.066999,12.252600,0
21.120000,0.518119,-0.377902,-1.880504,0.456360,-0.383056,-2.844218,0.061974,12.410300,0
21.140000,0.517994,-0.381071,-1.872529,0.455481,-0.385924,-2.844218,0.062701,12.344800,0
21.160000,0.517165,-0.384132,-1.875130,0.454602,-0.388792,-2.844218,0.062736,12.096200,0
21.180000,0.517500,-0.381862,-1.872997,0.453723,-0.391661,-2.844218,0.064526,10.485200,0
21.200000,0.513985,-0.392638,-1.873561,0.452844,-0.394529,-2.844218,0.061170,11.020000,0
21.220000,0.513553,-0.393916,-1.876972,0.451965,-0.397397,-2.844218,0.061686,10.545200,0
21.240000,0.514232,-0.393846,-1.872226,0.451086,-0.400266,-2.844218,0.063472,10.428600,0
21.260000,0.514775,-0.395890,-1.872598,0.450207,-0.403134,-2.844218,0.064973,10.901900,0
21.280000,0.513927,-0.396450,-1.869514,0.449327,-0.406002,-2.844218,0.065302,10.526000,0
21.300000,0.512558,-0.403811,-1.880020,0.448448,-0.408871,-2.844218,0.064310,10.387600,0
21.320000,0.511460,-0.407139,-1.873022,0.447569,-0.411739,-2.844218,0.064056,10.450500,0
21.340000,0.508797,-0.410559,-1.873510,0.446690,-0.414607,-2.844218,0.062239,10.610700,0
21.360000,0.508729,-0.410216,-1.873274,0.445811,-0.417476,-2.844218,0.063336,10.414400,0
21.380000,0.506639,-0.413475,-1.872160,0.444932,-0.420344,-2.844218,0.062088,10.692100,0
21.400000,0.504425,-0.420675,-1.890573,0.444053,-0.423212,-2.844218,0.060425,11.160900,0
21.420000,0.504038,-0.423600,-1.878279,0.443174,-0.426081,-2.844218,0.060915,10.823600,0
21.440000,0.504009,-0.422328,-1.897905,0.443066,-0.426669,-2.830387,0.061097,10.876900,0
21.460000,0.503808,-0.425452,-1.922085,0.443026,-0.426791,-2.810903,0.060797,10.941700,0
21.480000,0.509649,-0.416343,-1.923365,0.443027,-0.426789,-2.792893,0.067436,10.937900,0
21.500000,0.505684,-0.425968,-1.950679,0.443027,-0.426784,-2.774886,0.062662,10.899700,0
21.520000,0.503963,-0.428986,-1.979607,0.443026,-0.426779,-2.756874,0.060977,10.913900,0
21.540000,0.508248,-0.420420,-1.980938,0.443026,-0.426775,-2.738859,0.065531,11.291600,0
21.560000,0.506795,-0.425055,-2.004609,0.443025,-0.426770,-2.720844,0.063793,10.941400,0
21.580000,0.507371,-0.426197,-2.000182,0.441945,-0.429181,-2.716779,0.065494,10.978100,0
21.600000,0.504529,-0.431510,-2.007017,0.440706,-0.431917,-2.716777,0.063825,11.131400,0
21.620000,0.502735,-0.430930,-2.011555,0.439468,-0.434653,-2.716779,0.063376,11.037600,0
21.640000,0.502738,-0.433832,-2.011402,0.438230,-0.437388,-2.716783,0.064606,11.085100,0
21.660000,0.486522,-0.469009,-1.997158,0.436993,-0.440123,-2.716786,0.057337,11.178600,0
21.680000,0.500219,-0.435828,-1.991068,0.435755,-0.442857,-2.716788,0.064846,11.101600,0
21.700000,0.497848,-0.440610,-2.008775,0.434519,-0.445592,-2.716790,0.063525,11.075300,0
21.720000,0.494494,-0.448080,-2.017771,0.433282,-0.448326,-2.716791,0.061213,11.073200,0
21.740000,0.494407,-0.446947,-2.005876,0.432045,-0.451060,-2.716793,0.062497,11.176900,0
21.760000,0.491811,-0.457494,-2.036754,0.430808,-0.453794,-2.716794,0.061115,11.163900,0
21.780000,0.494704,-0.449521,-2.001191,0.429572,-0.456528,-2.716794,0.065508,11.318100,0
21.800000,0.492262,-0.454908,-2.008554,0.428335,-0.459261,-2.716795,0.064075,11.171200,0
21.820000,0.492368,-0.457479,-2.023001,0.428138,-0.459697,-2.701032,0.064269,11.273600,0
21.840000,0.491241,-0.457591,-2.039973,0.428105,-0.459765,-2.682142,0.063174,11.294500,0
21.860000,0.488478,-0.461734,-2.071287,0.428106,-0.459761,-2.664151,0.060404,11.289100,0
21.880000,0.496109,-0.453078,-2.070843,0.428106,-0.459758,-2.646156,0.068330,11.225100,0
21.900000,0.493261,-0.459132,-2.102512,0.428107,-0.459754,-2.628156,0.065157,11.137300,0
21.920000,0.495397,-0.457363,-2.110652,0.428106,-0.459751,-2.610153,0.067333,11.196300,0
21.940000,0.493870,-0.460519,-2.134284,0.428106,-0.459747,-2.592149,0.065769,11.330400,0
21.960000,0.497855,-0.452644,-2.138609,0.428106,-0.459744,-2.574143,0.070109,11.292400,0
21.980000,0.495045,-0.458288,-2.166663,0.428105,-0.459741,-2.556138,0.066956,11.159300,0
22.000000,0.497127,-0.458272,-2.181210,0.428105,-0.459738,-2.538134,0.069038,11.598800,0
22.020000,0.494324,-0.460899,-2.206837,0.428104,-0.459735,-2.520130,0.066230,11.125000,0
22.040000,0.494512,-0.460275,-2.228556,0.428103,-0.459732,-2.502128,0.066411,11.168500,0
22.060000,0.500595,-0.451421,-2.230884,0.428103,-0.459729,-2.484126,0.072967,11.177900,0
22.080000,0.498640,-0.455961,-2.251592,0.428102,-0.459727,-2.466126,0.070638,11.198100,0
22.100000,0.500049,-0.456121,-2.273890,0.428101,-0.459724,-2.448127,0.072038,11.220400,0
22.120000,0.497459,-0.461770,-2.296629,0.428100,-0.459722,-2.430129,0.069390,11.076100,0
22.140000,0.500601,-0.459677,-2.312467,0.428099,-0.459720,-2.412132,0.072502,11.296600,0
22.160000,0.500466,-0.459596,-2.323461,0.428099,-0.459717,-2.394136,0.072368,11.322700,0
22.180000,0.498986,-0.461756,-2.349884,0.428098,-0.459715,-2.376141,0.070917,11.194900,0
22.200000,0.501209,-0.461487,-2.361106,0.428097,-0.459713,-2.358147,0.073134,11.202200,0
22.220000,0.500024,-0.461960,-2.383156,0.428096,-0.459711,-2.340154,0.071964,11.239300,0
22.240000,0.498252,-0.464715,-2.403983,0.428095,-0.459709,-2.322161,0.070335,11.138600,0
22.260000,0.504118,-0.459860,-2.413758,0.428094,-0.459707,-2.304169,0.076024,11.196400,0
22.280000,0.501768,-0.462214,-2.438149,0.428094,-0.459705,-2.286177,0.073716,11.198700,0
22.300000,0.505731,-0.461122,-2.451617,0.428093,-0.459703,-2.268186,0.077651,11.129200,0
22.320000,0.501538,-0.464277,-2.478442,0.428092,-0.459701,-2.250195,0.073589,11.182400,0
22.340000,0.496396,-0.470417,-2.483626,0.426020,-0.461545,-2.249426,0.070933,11.200600,0
22.360000,0.496332,-0.470420,-2.489685,0.423681,-0.463431,-2.249433,0.072986,11.366900,0
22.380000,0.491216,-0.473414,-2.490255,0.421343,-0.465317,-2.249443,0.070341,11.162900,0
22.400000,0.492586,-0.472827,-2.478826,0.419006,-0.467202,-2.249451,0.073795,11.219900,0
22.420000,0.485355,-0.477557,-2.485427,0.416669,-0.469087,-2.249458,0.069206,11.226800,0
22.440000,0.484409,-0.477708,-2.490005,0.414333,-0.470972,-2.249462,0.070399,11.512400,0
22.460000,0.481810,-0.479771,-2.489356,0.411997,-0.472857,-2.249465,0.070154,11.438700,0
22.480000,0.480964,-0.480140,-2.482796,0.409661,-0.474741,-2.249468,0.071507,11.416000,0
22.500000,0.477589,-0.483848,-2.479912,0.407325,-0.476625,-2.249469,0.070634,11.381900,0
22.520000,0.484437,-0.480168,-2.461093,0.404990,-0.478509,-2.249471,0.079464,11.314400,0
22.540000,0.473855,-0.488002,-2.475299,0.402654,-0.480393,-2.249471,0.071607,11.252000,0
22.560000,0.473606,-0.485375,-2.468931,0.400319,-0.482277,-2.249472,0.073352,11.172600,0
22.580000,0.472370,-0.487559,-2.469797,0.397983,-0.484161,-2.249473,0.074465,11.230100,0
22.600000,0.475180,-0.485881,-2.464864,0.395648,-0.486044,-2.249473,0.079532,11.178700,0
22.620000,0.471608,-0.490802,-2.468526,0.393313,-0.487928,-2.249474,0.078348,11.157900,0
22.640000,0.475089,-0.487039,-2.447727,0.390977,-0.489811,-2.249474,0.084158,11.261200,0
22.660000,0.466912,-0.493484,-2.471293,0.388642,-0.491695,-2.249475,0.078290,11.147000,0
22.680000,0.464695,-0.494498,-2.461147,0.386307,-0.493578,-2.249475,0.078393,11.275600,0
22.700000,0.456537,-0.499483,-2.479211,0.383972,-0.495462,-2.249475,0.072676,11.358700,0
22.720000,0.452047,-0.503198,-2.483138,0.381636,-0.497345,-2.249475,0.070654,11.267500,0
22.740000,0.459766,-0.497496,-2.453756,0.379301,-0.499228,-2.249475,0.080484,11.193400,0
22.760000,0.453623,-0.503946,-2.464390,0.376966,-0.501112,-2.249475,0.076710,11.378600,0
22.780000,0.451578,-0.504565,-2.468546,0.374631,-0.502995,-2.249475,0.076963,11.209700,0
22.800000,0.450307,-0.504751,-2.458585,0.372295,-0.504878,-2.249475,0.078013,11.190800,0
22.820000,0.446862,-0.506140,-2.469696,0.369960,-0.506762,-2.249475,0.076905,11.198500,0
22.840000,0.442799,-0.509933,-2.465030,0.367625,-0.508645,-2.249475,0.075185,11.205700,0
22.860000,0.436927,-0.514691,-2.476585,0.365290,-0.510528,-2.249475,0.071758,11.189500,0
22.880000,0.438481,-0.514533,-2.462016,0.362955,-0.512412,-2.249475,0.075556,11.155900,0
22.900000,0.434750,-0.517422,-2.495961,0.362675,-0.512612,-2.232048,0.072236,11.219000,0
22.920000,0.440043,-0.514674,-2.500157,0.362667,-0.512616,-2.213917,0.077403,11.486900,0
22.940000,0.430096,-0.524270,-2.540235,0.362670,-0.512613,-2.195929,0.068426,11.170400,0
22.960000,0.438446,-0.518184,-2.540317,0.362671,-0.512610,-2.177937,0.075979,11.237600,0
22.980000,0.439878,-0.517332,-2.562098,0.362673,-0.512607,-2.159943,0.077349,11.269900,0
23.000000,0.437790,-0.519543,-2.577848,0.362673,-0.512605,-2.141948,0.075437,11.332900,0
23.020000,0.434620,-0.521828,-2.607231,0.362674,-0.512602,-2.123952,0.072535,11.179400,0
23.040000,0.439904,-0.519976,-2.610835,0.362674,-0.512599,-2.105957,0.077581,11.292200,0
23.060000,0.439436,-0.520673,-2.636231,0.362675,-0.512597,-2.087962,0.077184,11.235300,0
23.080000,0.443768,-0.518804,-2.646523,0.362675,-0.512594,-2.069968,0.081331,11.309200,0
23.100000,0.435835,-0.522392,-2.683133,0.362675,-0.512592,-2.051975,0.073813,11.323300,0
23.120000,0.445118,-0.519174,-2.687046,0.362674,-0.512589,-2.033983,0.082707,11.194100,0
23.140000,0.443508,-0.521692,-2.703372,0.362674,-0.512587,-2.015991,0.081345,11.335900,0
23.160000,0.443421,-0.522600,-2.721024,0.362674,-0.512585,-1.998000,0.081366,11.222700,0
23.180000,0.440703,-0.522868,-2.721341,0.360494,-0.513827,-1.997921,0.080717,11.172400,0
23.200000,0.437246,-0.525606,-2.716313,0.357761,-0.515072,-1.997926,0.080180,11.205800,0
23.220000,0.430610,-0.529121,-2.731366,0.355027,-0.516316,-1.997936,0.076660,11.190600,0
23.240000,0.433190,-0.526781,-2.727485,0.352294,-0.517561,-1.997944,0.081419,11.207500,0
23.260000,0.418384,-0.532758,-2.749357,0.349562,-0.518805,-1.997949,0.070222,11.161400,0
23.280000,0.426623,-0.528891,-2.725001,0.346830,-0.520049,-1.997953,0.080281,11.319600,0
23.300000,0.419402,-0.533224,-2.727788,0.344099,-0.521293,-1.997956,0.076242,11.198900,0
23.320000,0.407205,-0.538818,-2.754756,0.341367,-0.522537,-1.997957,0.067821,11.245600,0
23.340000,0.411463,-0.535170,-2.732969,0.338636,-0.523780,-1.997958,0.073712,11.314500,0
23.360000,0.403914,-0.540408,-2.747063,0.335905,-0.525024,-1.997959,0.069727,11.249000,0
23.380000,0.412158,-0.536881,-2.731767,0.333174,-0.526267,-1.997960,0.079694,11.225000,0
23.400000,0.410090,-0.537129,-2.716854,0.330443,-0.527510,-1.997960,0.080226,11.230400,0
23.420000,0.412543,-0.536197,-2.710499,0.327713,-0.528753,-1.997961,0.085156,11.627800,0
23.440000,0.396500,-0.542439,-2.731616,0.324982,-0.529997,-1.997961,0.072592,11.198300,0
23.460000,0.397993,-0.542372,-2.728943,0.322252,-0.531240,-1.997962,0.076554,11.531000,0
23.480000,0.386010,-0.547216,-2.739237,0.319521,-0.532483,-1.997962,0.068101,11.217500,0
23.500000,0.393131,-0.545921,-2.728940,0.316791,-0.533726,-1.997962,0.077308,11.219900,0
23.520000,0.385636,-0.547231,-2.728622,0.314060,-0.534969,-1.997962,0.072619,11.147700,0
23.540000,0.389473,-0.543845,-2.745945,0.313588,-0.534974,-1.980198,0.076402,11.326900,0
23.560000,0.388795,-0.545967,-2.766015,0.313523,-0.534968,-1.961369,0.076071,11.181900,0
23.580000,0.388827,-0.545489,-2.784111,0.313525,-0.534966,-1.943381,0.076033,11.163300,0
23.600000,0.394529,-0.545354,-2.795275,0.313528,-0.534963,-1.925392,0.081665,11.201600,0
23.620000,0.385630,-0.549010,-2.827454,0.313529,-0.534961,-1.907402,0.073457,11.282700,0
23.640000,0.394825,-0.546514,-2.827787,0.313531,-0.534959,-1.889410,0.082111,11.226000,0
23.660000,0.391837,-0.548799,-2.856499,0.313531,-0.534957,-1.871419,0.079520,11.185400,0
23.680000,0.393247,-0.549830,-2.868304,0.313532,-0.534955,-1.853427,0.081091,11.272300,0
23.700000,0.388906,-0.550898,-2.891653,0.313533,-0.534953,-1.835436,0.077041,11.202700,0
23.720000,0.386943,-0.550597,-2.911062,0.313533,-0.534951,-1.817446,0.075059,10.383500,0
23.740000,0.392480,-0.550146,-2.923799,0.313533,-0.534949,-1.799456,0.080396,11.022600,0
23.760000,0.398576,-0.550337,-2.933726,0.313534,-0.534947,-1.781468,0.086423,10.789100,0
23.780000,0.391029,-0.552234,-2.957384,0.313534,-0.534945,-1.763480,0.079400,10.673800,0
23.800000,0.393165,-0.553184,-2.974538,0.313534,-0.534942,-1.745492,0.081694,11.429800,0
23.820000,0.391951,-0.553444,-2.995613,0.313534,-0.534940,-1.727506,0.080570,11.876700,0
23.840000,0.387767,-0.552836,-3.009884,0.311237,-0.535324,-1.719883,0.078508,11.804300,0
23.860000,0.378178,-0.553119,-3.017036,0.308266,-0.535769,-1.719886,0.072032,11.841900,0
23.880000,0.384585,-0.553279,-3.009918,0.305296,-0.536214,-1.719897,0.081104,11.961500,0
23.900000,0.376827,-0.555018,-3.015451,0.302326,-0.536659,-1.719905,0.076730,12.082700,0
23.920000,0.374888,-0.554203,-3.005172,0.299357,-0.537105,-1.719911,0.077442,12.260900,0
23.940000,0.359136,-0.555305,-3.033504,0.296388,-0.537550,-1.719916,0.065212,12.046400,0
23.960000,0.375831,-0.555381,-3.003640,0.293420,-0.537996,-1.719919,0.084225,12.114500,0
23.980000,0.375192,-0.556978,-2.992542,0.290452,-0.538442,-1.719921,0.086743,12.169100,0
24.000000,0.368821,-0.555899,-2.991405,0.287485,-0.538888,-1.719922,0.083096,12.249700,0
24.020000,0.362527,-0.556808,-2.998978,0.284517,-0.539334,-1.719923,0.079943,12.169700,0
24.040000,0.367062,-0.556043,-2.988454,0.281550,-0.539780,-1.719924,0.087045,12.260300,0
24.060000,0.358330,-0.557804,-2.999159,0.278583,-0.540226,-1.719924,0.081661,12.187100,0
24.080000,0.359844,-0.557387,-2.989934,0.275615,-0.540672,-1.719925,0.085871,12.435500,0
24.100000,0.355013,-0.559025,-2.993202,0.272649,-0.541118,-1.719926,0.084288,12.462100,0
24.120000,0.355144,-0.558874,-2.984827,0.269682,-0.541563,-1.719927,0.087197,12.151600,0
24.140000,0.347942,-0.558951,-3.006465,0.266715,-0.542009,-1.719927,0.082975,12.453400,0
24.160000,0.338903,-0.561293,-3.005983,0.263748,-0.542455,-1.719928,0.077480,12.644400,0
24.180000,0.332763,-0.562648,-3.017445,0.260781,-0.542901,-1.719928,0.074641,12.309700,0
24.200000,0.337070,-0.560553,-3.008216,0.257814,-0.543347,-1.719928,0.081102,12.262600,0
24.220000,0.330867,-0.561511,-3.010329,0.254847,-0.543793,-1.719928,0.078058,12.275300,0
24.240000,0.325203,-0.564130,-3.016040,0.251881,-0.544238,-1.719928,0.075972,12.339600,0
24.260000,0.325161,-0.562609,-3.000122,0.248914,-0.544684,-1.719928,0.078326,12.709500,0
24.280000,0.328845,-0.560482,-2.996910,0.245947,-0.545130,-1.719928,0.084308,12.404100,0
24.300000,0.328388,-0.562177,-2.996000,0.242981,-0.545576,-1.719928,0.087005,12.181000,0
24.320000,0.319244,-0.563192,-3.020285,0.242275,-0.545621,-1.707469,0.078949,12.356200,0
24.340000,0.325856,-0.561243,-3.032091,0.242103,-0.545595,-1.687471,0.085202,12.224900,0
24.360000,0.322669,-0.562282,-3.054701,0.242106,-0.545593,-1.669483,0.082273,12.432600,0
24.380000,0.325861,-0.562239,-3.065026,0.242109,-0.545592,-1.651495,0.085391,11.060800,0
24.400000,0.323148,-0.562992,-3.091937,0.242111,-0.545590,-1.633505,0.082884,10.461800,0
24.420000,0.316681,-0.564160,-3.112659,0.242113,-0.545589,-1.615515,0.076846,10.540300,0
24.440000,0.318501,-0.564694,-3.128368,0.242115,-0.545587,-1.597525,0.078739,10.790400,0
24.460000,0.340995,-0.565010,-3.097384,0.239968,-0.545685,-1.587914,0.102859,10.635400,0
24.480000,0.320914,-0.566523,-3.135932,0.236966,-0.545734,-1.587917,0.086484,10.638100,0
24.500000,0.315192,-0.566313,-3.131921,0.233963,-0.545783,-1.587921,0.083784,10.557500,0
24.520000,0.312791,-0.566545,-3.133539,0.230961,-0.545833,-1.587925,0.084411,10.599200,0
24.540000,0.317249,-0.567394,-3.122743,0.227960,-0.545884,-1.587928,0.091843,10.685700,0
24.560000,0.313188,-0.566464,-3.131610,0.224958,-0.545935,-1.587931,0.090587,11.039700,0
24.580000,0.301026,-0.566548,-3.132780,0.221958,-0.545985,-1.587933,0.081698,10.470500,0
24.600000,0.314000,-0.566597,-3.110846,0.218957,-0.546037,-1.587935,0.097242,10.707000,0
24.620000,0.291569,-0.566845,3.136376,0.215957,-0.546088,-1.587937,0.078409,11.769400,0
24.640000,0.284486,-0.565659,3.126898,0.212957,-0.546139,-1.587938,0.074145,12.071700,0
24.660000,0.285498,-0.565880,3.139814,0.209956,-0.546191,-1.587939,0.078065,11.837700,0
24.680000,0.274347,-0.566010,3.123408,0.206957,-0.546242,-1.587940,0.070230,12.239300,0
24.700000,0.281725,-0.565042,-3.141119,0.203957,-0.546293,-1.587940,0.079996,12.078200,0
24.720000,0.287630,-0.565967,-3.132026,0.200957,-0.546345,-1.587941,0.088867,12.309200,0
24.740000,0.279302,-0.566355,-3.130723,0.197957,-0.546396,-1.587941,0.083758,12.175800,0
24.760000,0.272554,-0.567113,-3.134921,0.194957,-0.546448,-1.587941,0.080302,12.301600,0
24.780000,0.275773,-0.566719,-3.115371,0.191958,-0.546499,-1.587941,0.086219,12.288400,0
24.800000,0.268101,-0.567701,-3.137156,0.188958,-0.546551,-1.587942,0.081920,12.544300,0
24.820000,0.273936,-0.566495,-3.108070,0.185958,-0.546602,-1.587942,0.090199,11.860300,0
24.840000,0.261391,-0.566177,-3.136531,0.182959,-0.546654,-1.587942,0.080826,10.849500,0
24.860000,0.269563,-0.564554,-3.116145,0.179959,-0.546705,-1.587942,0.091364,10.561700,0
24.880000,0.252749,-0.566060,-3.134592,0.176959,-0.546757,-1.587942,0.078209,11.128500,0
24.900000,0.261264,-0.565958,-3.120085,0.173960,-0.546808,-1.587942,0.089380,10.422100,0
24.920000,0.251113,-0.566706,-3.130428,0.170960,-0.546860,-1.587942,0.082574,10.859200,0
24.940000,0.249357,-0.565893,-3.129558,0.167961,-0.546911,-1.587942,0.083580,10.837100,0
24.960000,0.247159,-0.565234,-3.124775,0.164961,-0.546962,-1.587942,0.084204,10.860400,0
24.980000,0.244874,-0.564680,-3.124471,0.161962,-0.547014,-1.587942,0.084773,10.984600,0
25.000000,0.252117,-0.564952,-3.113973,0.158962,-0.547065,-1.587942,0.094856,11.038400,0
25.020000,0.238650,-0.565366,-3.131963,0.155962,-0.547117,-1.587942,0.084678,10.920500,0
25.040000,0.231952,-0.565227,-3.134632,0.152963,-0.547168,-1.587942,0.081028,11.104600,0
25.060000,0.240404,-0.564915,-3.121446,0.149963,-0.547220,-1.587942,0.092155,10.984900,0
25.080000,0.226048,-0.564996,-3.133419,0.146964,-0.547271,-1.587942,0.081046,11.059200,0
25.100000,0.232884,-0.564472,-3.114743,0.143964,-0.547322,-1.587942,0.090558,11.145600,0
25.120000,0.223779,-0.564447,-3.133641,0.140965,-0.547374,-1.587942,0.084556,11.122300,0
25.140000,0.223635,-0.566332,-3.130901,0.137965,-0.547425,-1.587942,0.087731,11.174300,0
25.160000,0.218541,-0.565214,-3.125532,0.134966,-0.547477,-1.587942,0.085436,11.092100,0
25.180000,0.215077,-0.566456,-3.132185,0.131966,-0.547528,-1.587942,0.085239,11.111300,0
25.200000,0.215889,-0.566475,-3.118488,0.128966,-0.547580,-1.587942,0.088953,11.122500,0
25.220000,0.210787,-0.566801,-3.134833,0.125967,-0.547631,-1.587942,0.086960,10.472400,0
25.240000,0.210076,-0.565193,-3.118170,0.122967,-0.547683,-1.587942,0.088851,10.612800,0
25.260000,0.198458,-0.565584,-3.140906,0.119968,-0.547734,-1.587942,0.080494,10.581400,0
25.280000,0.187413,-0.565396,3.132150,0.116968,-0.547785,-1.587942,0.072613,10.802700,0
25.300000,0.194569,-0.565705,3.135842,0.113969,-0.547837,-1.587942,0.082557,10.887800,0
25.320000,0.177808,-0.566110,3.130495,0.110969,-0.547888,-1.587942,0.069278,11.314900,0
25.340000,0.181159,-0.565546,3.140230,0.107969,-0.547940,-1.587942,0.075278,11.195900,0
25.360000,0.178892,-0.565744,3.134939,0.104970,-0.547991,-1.587942,0.076024,10.528300,0
25.380000,0.181232,-0.567047,-3.133434,0.101970,-0.548043,-1.587942,0.081509,10.634400,0
25.400000,0.171077,-0.566523,3.127851,0.098971,-0.548094,-1.587942,0.074424,11.049600,0
25.420000,0.176791,-0.565652,-3.136730,0.095971,-0.548145,-1.587942,0.082694,11.570600,0
25.440000,0.175799,-0.566663,-3.125890,0.092972,-0.548197,-1.587942,0.084860,11.713200,0
25.460000,0.179637,-0.565365,-3.123599,0.089972,-0.548248,-1.587942,0.091285,12.120100,0
25.480000,0.173395,-0.566680,-3.120120,0.086973,-0.548300,-1.587942,0.088355,12.173700,0
25.500000,0.165077,-0.566072,-3.133405,0.083973,-0.548351,-1.587942,0.083018,11.969000,0
25.520000,0.164403,-0.565435,-3.128138,0.080973,-0.548403,-1.587942,0.085151,12.100000,0
25.540000,0.164817,-0.564608,-3.118535,0.077974,-0.548454,-1.587942,0.088333,12.211000,0
25.560000,0.157263,-0.564805,-3.126102,0.074974,-0.548505,-1.587942,0.083888,12.490300,0
25.580000,0.153268,-0.565933,-3.120273,0.071975,-0.548557,-1.587942,0.083130,12.332400,0
25.600000,0.149912,-0.567254,-3.121496,0.068975,-0.548608,-1.587942,0.083057,12.156500,0
25.620000,0.145307,-0.567466,-3.135789,0.065976,-0.548660,-1.587942,0.081530,12.457200,0
25.640000,0.140353,-0.566427,-3.129389,0.062976,-0.548711,-1.587942,0.079379,12.185800,0
25.660000,0.143530,-0.565256,-3.124460,0.059977,-0.548763,-1.587942,0.085165,12.488300,0
25.680000,0.145764,-0.564702,-3.121333,0.056977,-0.548814,-1.587942,0.090197,12.178000,0
25.700000,0.134624,-0.564037,-3.127460,0.053977,-0.548865,-1.587942,0.082062,12.791100,0
25.720000,0.131759,-0.564163,-3.134057,0.050978,-0.548917,-1.587942,0.082207,12.588000,0
25.740000,0.133305,-0.564294,-3.125372,0.047978,-0.548968,-1.587942,0.086692,12.264200,0
25.760000,0.125071,-0.563442,-3.137671,0.044979,-0.549020,-1.587942,0.081380,12.242600,0
25.780000,0.114377,-0.565356,3.127405,0.041979,-0.549071,-1.587942,0.074207,12.203700,0
25.800000,0.108257,-0.564996,3.134878,0.038980,-0.549123,-1.587942,0.071072,12.702800,0
25.820000,0.111858,-0.564114,3.136954,0.035980,-0.549174,-1.587942,0.077335,12.515600,0
25.840000,0.106647,-0.565093,3.140707,0.032980,-0.549226,-1.587942,0.075357,12.464500,0
25.860000,0.098931,-0.563779,3.127408,0.029981,-0.549277,-1.587942,0.070458,12.605900,0
25.880000,0.107787,-0.564955,-3.138550,0.026981,-0.549328,-1.587942,0.082303,12.180300,0
25.900000,0.094124,-0.563529,3.125773,0.023982,-0.549380,-1.587942,0.071554,11.103300,0
25.920000,0.104213,-0.564005,-3.131276,0.020982,-0.549431,-1.587942,0.084497,10.498900,0
25.940000,0.105805,-0.564435,-3.124378,0.017983,-0.549483,-1.587942,0.089086,10.373700,0
25.960000,0.093163,-0.564869,-3.132027,0.014983,-0.549534,-1.587942,0.079670,10.629300,0
25.980000,0.094308,-0.565138,-3.124806,0.011984,-0.549586,-1.587942,0.083780,11.017500,0
26.000000,0.094023,-0.563498,-3.123016,0.008984,-0.549637,-1.587942,0.086161,10.981000,0
26.020000,0.082790,-0.563680,-3.135716,0.005984,-0.549688,-1.587942,0.078070,11.550100,0
26.040000,0.076454,-0.565311,3.137265,0.002985,-0.549740,-1.587942,0.075101,11.157300,0
26.060000,0.091421,-0.564848,-3.120387,-0.000015,-0.549791,-1.587942,0.092668,11.201100,0
26.080000,0.076052,-0.564639,-3.133328,-0.003014,-0.549843,-1.587942,0.080438,11.151000,0
26.100000,0.062805,-0.565987,3.132677,-0.006014,-0.549894,-1.587942,0.070675,11.155700,0
26.120000,0.069589,-0.565726,3.137981,-0.009013,-0.549946,-1.587942,0.080170,11.245800,0
26.140000,0.057655,-0.565338,3.129512,-0.012013,-0.549997,-1.587942,0.071337,11.158100,0
26.160000,0.061788,-0.564560,-3.133988,-0.015012,-0.550048,-1.587942,0.078159,11.225500,0
26.180000,0.070585,-0.565416,-3.115335,-0.018012,-0.550100,-1.587942,0.089911,11.167600,0
26.200000,0.061715,-0.565833,-3.131551,-0.021012,-0.550151,-1.587942,0.084200,10.862900,0
26.220000,0.069335,-0.563743,-3.120553,-0.024011,-0.550203,-1.587942,0.094323,10.677200,0
26.240000,0.053956,-0.564566,-3.130131,-0.027011,-0.550254,-1.587942,0.082222,10.928300,0
26.260000,0.060980,-0.564673,-3.116387,-0.030010,-0.550306,-1.587942,0.092117,10.478900,0
26.280000,0.046653,-0.565524,-3.133238,-0.033010,-0.550357,-1.587942,0.081094,10.392900,0
26.300000,0.050139,-0.565454,-3.116319,-0.036009,-0.550408,-1.587942,0.087452,10.488300,0
26.320000,0.044593,-0.564519,-3.126893,-0.039009,-0.550460,-1.587942,0.084776,10.477700,0
26.340000,0.043488,-0.564353,-3.121837,-0.042008,-0.550511,-1.587942,0.086610,10.370700,0
26.360000,0.037260,-0.564095,-3.131980,-0.045008,-0.550563,-1.587942,0.083374,10.767700,0
26.380000,0.034901,-0.563524,-3.127127,-0.048008,-0.550614,-1.587942,0.083908,10.827700,0
26.400000,0.024155,-0.562901,3.140124,-0.051007,-0.550666,-1.587942,0.076151,10.727700,0
26.420000,0.016854,-0.564095,3.127417,-0.054007,-0.550717,-1.587942,0.072113,10.870000,0
26.440000,0.014202,-0.564423,3.134887,-0.057006,-0.550769,-1.587942,0.072505,10.898800,0
26.460000,0.017630,-0.564878,-3.140938,-0.060006,-0.550820,-1.587942,0.078898,10.938000,0
26.480000,0.032666,-0.564207,-3.114266,-0.063005,-0.550871,-1.587942,0.096596,10.990300,0
26.500000,0.013682,-0.563007,-3.128347,-0.066005,-0.550923,-1.587942,0.080598,11.179300,0
26.520000,0.013975,-0.563580,-3.127473,-0.069005,-0.550974,-1.587942,0.083932,10.572700,0
26.540000,0.005129,-0.564157,-3.140844,-0.072004,-0.551026,-1.587942,0.078243,10.667500,0
26.560000,-0.001349,-0.564193,3.128691,-0.075004,-0.551077,-1.587942,0.074814,11.910400,0
26.580000,0.008162,-0.563986,-3.117217,-0.078003,-0.551129,-1.587942,0.087119,11.851700,0
26.600000,0.000534,-0.564302,3.140485,-0.078928,-0.551116,-1.578443,0.080548,11.923800,0
26.620000,0.001011,-0.565839,3.125978,-0.079101,-0.551114,-1.558446,0.081454,12.309400,0
26.640000,0.005842,-0.565458,3.109566,-0.079117,-0.551113,-1.540232,0.086161,11.998800,0
26.660000,0.001531,-0.566397,3.085974,-0.079114,-0.551112,-1.522244,0.082081,12.090600,0
26.680000,0.001717,-0.567893,3.060521,-0.079112,-0.551111,-1.504254,0.082553,12.186400,0
26.700000,0.004065,-0.568298,3.058211,-0.079110,-0.551110,-1.486265,0.084932,12.240500,0
26.720000,0.002761,-0.568651,3.028201,-0.079108,-0.551109,-1.468275,0.083727,12.013200,0
26.740000,-0.001925,-0.568369,3.007418,-0.079106,-0.551108,-1.450286,0.079088,11.084700,0
26.760000,-0.003930,-0.568560,2.988562,-0.079100,-0.551107,-1.432235,0.077170,10.402000,0
26.780000,-0.001139,-0.570390,2.974517,-0.079093,-0.551106,-1.414178,0.080304,10.528900,0
26.800000,-0.000118,-0.570566,2.973694,-0.081386,-0.550720,-1.406519,0.083656,10.740600,0
26.820000,-0.002101,-0.569626,2.966285,-0.084348,-0.550228,-1.406521,0.084504,10.637400,0
26.840000,-0.023644,-0.566642,2.937005,-0.087311,-0.549735,-1.406523,0.065873,10.899400,0
26.860000,-0.020550,-0.567237,2.952634,-0.090273,-0.549243,-1.406529,0.072007,11.070300,0
26.880000,-0.017147,-0.569003,2.963638,-0.093234,-0.548752,-1.406534,0.078736,11.030200,0
26.900000,-0.016052,-0.568432,2.966835,-0.096196,-0.548260,-1.406537,0.082643,11.231600,0
26.920000,-0.016247,-0.567632,2.971016,-0.099157,-0.547769,-1.406540,0.085256,11.159700,0
26.940000,-0.015563,-0.567931,2.988409,-0.102117,-0.547278,-1.406543,0.088984,11.273900,0
26.960000,-0.025988,-0.566793,2.967033,-0.105078,-0.546788,-1.406545,0.081581,11.182100,0
26.980000,-0.026333,-0.565865,2.974083,-0.108038,-0.546297,-1.406547,0.084015,11.187800,0
27.000000,-0.038480,-0.563109,2.957742,-0.110998,-0.545807,-1.406548,0.074554,11.294300,0
27.020000,-0.032903,-0.563755,2.972451,-0.113958,-0.545316,-1.406549,0.083126,11.340800,0
27.040000,-0.034099,-0.562619,2.972051,-0.116918,-0.544826,-1.406550,0.084709,11.625500,0
27.060000,-0.039267,-0.562641,2.959777,-0.117644,-0.544741,-1.394393,0.080395,11.183300,0
27.080000,-0.037165,-0.563397,2.941818,-0.117815,-0.544710,-1.374393,0.082787,11.325900,0
27.100000,-0.038191,-0.565074,2.925090,-0.117813,-0.544710,-1.356386,0.082185,11.277600,0
27.120000,-0.041961,-0.564959,2.892292,-0.117809,-0.544709,-1.338398,0.078505,11.257200,0
27.140000,-0.042788,-0.566022,2.874366,-0.117806,-0.544709,-1.320396,0.077987,11.729400,0
27.160000,-0.040827,-0.566359,2.859317,-0.117801,-0.544708,-1.302384,0.079961,11.268800,0
27.180000,-0.036347,-0.565934,2.846789,-0.117797,-0.544708,-1.284367,0.084170,11.252000,0
27.200000,-0.043565,-0.565818,2.821284,-0.117793,-0.544707,-1.266348,0.077172,11.337200,0
27.220000,-0.041497,-0.566856,2.805191,-0.117789,-0.544706,-1.248328,0.079442,11.402400,0
27.240000,-0.040127,-0.566778,2.786652,-0.117785,-0.544705,-1.230309,0.080734,11.312400,0
27.260000,-0.042168,-0.567620,2.775373,-0.117781,-0.544704,-1.212291,0.079010,11.431300,0
27.280000,-0.043053,-0.567854,2.743904,-0.117777,-0.544703,-1.194274,0.078228,11.283500,0
27.300000,-0.045943,-0.568570,2.731835,-0.117773,-0.544702,-1.176259,0.075691,11.263000,0
27.320000,-0.041012,-0.571244,2.715936,-0.117770,-0.544701,-1.158247,0.081217,11.408700,0
27.340000,-0.045263,-0.569658,2.702400,-0.117767,-0.544700,-1.140236,0.076679,11.434400,0
27.360000,-0.040343,-0.570361,2.681472,-0.117764,-0.544699,-1.122227,0.081563,11.441800,0
27.380000,-0.035201,-0.573447,2.677301,-0.117761,-0.544698,-1.104220,0.087422,11.262700,0
27.400000,-0.037874,-0.573442,2.650324,-0.117758,-0.544697,-1.086214,0.084899,11.363800,0
27.420000,-0.041198,-0.572655,2.622650,-0.117755,-0.544696,-1.068210,0.081502,11.397500,0
27.440000,-0.041223,-0.573042,2.607365,-0.117753,-0.544695,-1.050207,0.081612,11.290500,0
27.460000,-0.044919,-0.572748,2.584692,-0.117750,-0.544694,-1.032205,0.078047,11.492200,0
27.480000,-0.044338,-0.571575,2.570448,-0.117748,-0.544693,-1.014205,0.078177,11.252800,0
27.500000,-0.043117,-0.574163,2.555872,-0.117745,-0.544692,-0.996205,0.080237,11.355600,0
27.520000,-0.044272,-0.573265,2.533805,-0.117743,-0.544691,-0.978207,0.078832,11.339600,0
27.540000,-0.038031,-0.576262,2.523210,-0.117741,-0.544690,-0.960209,0.085735,11.349600,0
27.560000,-0.044015,-0.573521,2.500138,-0.117739,-0.544689,-0.942212,0.079161,11.327700,0
27.580000,-0.042832,-0.575605,2.486674,-0.117736,-0.544688,-0.924216,0.081033,11.628100,0
27.600000,-0.048020,-0.575316,2.463867,-0.117734,-0.544687,-0.906221,0.076146,11.223800,0
27.620000,-0.043397,-0.578748,2.448080,-0.117732,-0.544686,-0.888226,0.081768,11.290700,0
27.640000,-0.047782,-0.576266,2.434525,-0.117730,-0.544685,-0.870232,0.076747,11.489100,0
27.660000,-0.044100,-0.579059,2.418161,-0.117728,-0.544684,-0.852238,0.081257,11.211600,0
27.680000,-0.043801,-0.578217,2.399465,-0.117726,-0.544683,-0.834245,0.081175,11.491600,0
27.700000,-0.045667,-0.578984,2.382383,-0.117724,-0.544682,-0.816252,0.079805,11.353100,0
27.720000,-0.048857,-0.576780,2.357102,-0.117722,-0.544681,-0.798260,0.075978,11.460000,0
27.740000,-0.048507,-0.578999,2.344467,-0.117720,-0.544680,-0.780268,0.077255,11.310600,0
27.760000,-0.049551,-0.578438,2.317206,-0.117718,-0.544680,-0.762276,0.076068,11.528300,0
27.780000,-0.047456,-0.577663,2.318963,-0.119653,-0.542653,-0.759999,0.080237,11.396700,0
27.800000,-0.055510,-0.571292,2.301628,-0.121722,-0.540475,-0.760006,0.073033,11.416400,0
27.820000,-0.057019,-0.570469,2.316872,-0.123791,-0.538298,-0.760015,0.074118,11.287400,0
27.840000,-0.057434,-0.569983,2.307896,-0.125860,-0.536122,-0.760024,0.076346,11.875400,0
27.860000,-0.059819,-0.568847,2.314534,-0.127929,-0.533946,-0.760030,0.076532,11.381600,0
27.880000,-0.058888,-0.570487,2.330020,-0.129997,-0.531770,-0.760035,0.080966,11.320400,0
27.900000,-0.063742,-0.565651,2.316301,-0.132065,-0.529595,-0.760039,0.077253,11.756700,0
27.920000,-0.065177,-0.563242,2.321693,-0.134133,-0.527420,-0.760041,0.077705,11.399200,0
27.940000,-0.066076,-0.563954,2.328087,-0.136201,-0.525245,-0.760043,0.080099,11.517600,0
27.960000,-0.072177,-0.556871,2.320083,-0.138269,-0.523070,-0.760045,0.074234,11.203700,0
27.980000,-0.072292,-0.555780,2.317442,-0.140336,-0.520896,-0.760046,0.076464,11.371600,0
28.000000,-0.075640,-0.552231,2.317246,-0.142403,-0.518721,-0.760047,0.074701,11.429400,0
28.020000,-0.082326,-0.546507,2.294449,-0.144471,-0.516546,-0.760047,0.068991,11.306200,0
28.040000,-0.078401,-0.549571,2.315688,-0.146538,-0.514372,-0.760048,0.076692,11.744800,0
28.060000,-0.086897,-0.541096,2.290023,-0.148605,-0.512197,-0.760048,0.068139,11.376800,0
28.080000,-0.082359,-0.546567,2.316809,-0.150672,-0.510023,-0.760049,0.077473,11.313900,0
28.100000,-0.077701,-0.550032,2.341943,-0.152739,-0.507849,-0.760049,0.086083,11.466400,0
28.120000,-0.086858,-0.539991,2.325407,-0.154806,-0.505674,-0.760049,0.076122,11.396300,0
28.140000,-0.087422,-0.538654,2.321386,-0.156873,-0.503500,-0.760049,0.077841,11.498100,0
28.160000,-0.090815,-0.535804,2.317891,-0.158940,-0.501325,-0.760049,0.076353,11.324700,0
28.180000,-0.087390,-0.538163,2.306795,-0.159176,-0.501076,-0.742412,0.080800,11.257100,0
28.200000,-0.088144,-0.536878,2.284372,-0.159186,-0.501062,-0.724181,0.079560,11.454400,0
28.220000,-0.088253,-0.538282,2.267182,-0.159183,-0.501064,-0.706193,0.080102,11.336100,0
28.240000,-0.089664,-0.536922,2.246990,-0.159181,-0.501066,-0.688203,0.078220,11.280200,0
28.260000,-0.090679,-0.534663,2.227521,-0.159178,-0.501067,-0.670210,0.076294,10.815800,0
28.280000,-0.089746,-0.537260,2.213948,-0.159175,-0.501067,-0.652215,0.078296,10.682900,0
28.300000,-0.093824,-0.534891,2.189534,-0.159172,-0.501068,-0.634219,0.073582,10.535700,0
28.320000,-0.090293,-0.539369,2.173840,-0.159170,-0.501068,-0.616223,0.078810,10.520200,0
28.340000,-0.092710,-0.540540,2.159907,-0.159167,-0.501068,-0.598228,0.077296,10.691000,0
28.360000,-0.095694,-0.539260,2.137656,-0.159165,-0.501068,-0.580233,0.074076,11.315100,0
28.380000,-0.097258,-0.538271,2.116323,-0.159162,-0.501068,-0.562238,0.072223,10.980200,0
28.400000,-0.094973,-0.539960,2.105791,-0.159160,-0.501067,-0.544245,0.075051,11.266900,0
28.420000,-0.097997,-0.535675,2.079860,-0.159158,-0.501067,-0.526252,0.070274,11.543200,0
28.440000,-0.095526,-0.539688,2.065468,-0.159155,-0.501067,-0.508261,0.074432,11.223900,0
28.460000,-0.096383,-0.542886,2.054300,-0.159153,-0.501066,-0.490270,0.075425,10.815900,0
28.480000,-0.099093,-0.539390,2.046150,-0.160565,-0.498918,-0.490200,0.073599,10.995700,0
28.500000,-0.097719,-0.540747,2.071146,-0.161979,-0.496269,-0.490207,0.078151,10.384200,0
28.520000,-0.102321,-0.532205,2.048816,-0.163394,-0.493619,-0.490217,0.072241,10.518200,0
28.540000,-0.100960,-0.533251,2.073206,-0.164808,-0.490970,-0.490224,0.076578,10.482500,0
28.560000,-0.102926,-0.529663,2.052971,-0.166222,-0.488322,-0.490230,0.075601,10.693700,0
28.580000,-0.106136,-0.524828,2.050572,-0.167636,-0.485674,-0.490234,0.072906,10.885500,0
28.600000,-0.106516,-0.523487,2.056696,-0.169050,-0.483026,-0.490237,0.074482,10.950400,0
28.620000,-0.109392,-0.518544,2.046221,-0.170463,-0.480378,-0.490238,0.072016,11.029400,0
28.640000,-0.107084,-0.519638,2.061290,-0.171876,-0.477731,-0.490239,0.077163,11.014800,0
28.660000,-0.108018,-0.518022,2.032207,-0.171884,-0.477310,-0.472503,0.075738,11.036500,0
28.680000,-0.109586,-0.513445,2.015984,-0.171890,-0.477296,-0.454301,0.072031,11.092100,0
28.700000,-0.111177,-0.512784,1.997393,-0.171887,-0.477299,-0.436314,0.070320,11.101200,0
28.720000,-0.109427,-0.518213,1.979179,-0.171885,-0.477301,-0.418325,0.074664,11.261200,0
28.740000,-0.109365,-0.518148,1.961003,-0.171883,-0.477303,-0.400335,0.074678,11.213400,0
28.760000,-0.109507,-0.522905,1.944364,-0.171881,-0.477304,-0.382343,0.077266,10.424600,0
28.780000,-0.110070,-0.521139,1.929865,-0.171879,-0.477305,-0.364351,0.075775,10.600700,0
28.800000,-0.113635,-0.515172,1.900730,-0.171877,-0.477305,-0.346360,0.069470,10.681500,0
28.820000,-0.116033,-0.516261,1.887266,-0.171875,-0.477306,-0.328368,0.068087,10.405200,0
28.840000,-0.113406,-0.519841,1.865952,-0.171873,-0.477306,-0.310378,0.072302,10.460300,0
28.860000,-0.114311,-0.519073,1.848681,-0.171871,-0.477306,-0.292388,0.071117,10.721600,0
28.880000,-0.115255,-0.517596,1.840258,-0.171869,-0.477306,-0.274399,0.069487,10.715800,0
28.900000,-0.115010,-0.517692,1.814813,-0.171867,-0.477307,-0.256410,0.069740,10.826000,0
28.920000,-0.115894,-0.520561,1.794941,-0.171865,-0.477307,-0.238422,0.070736,11.738800,0
28.940000,-0.116516,-0.517118,1.776098,-0.171863,-0.477306,-0.220435,0.068178,10.895500,0
28.960000,-0.116117,-0.518529,1.763719,-0.171861,-0.477306,-0.202449,0.069331,10.960200,0
28.980000,-0.116905,-0.516313,1.739243,-0.171859,-0.477306,-0.184463,0.067390,11.184900,0
29.000000,-0.117602,-0.517177,1.726481,-0.171857,-0.477306,-0.166477,0.067329,10.985800,0
29.020000,-0.121065,-0.516920,1.718461,-0.172266,-0.475000,-0.158996,0.066173,11.013000,0
29.040000,-0.122079,-0.504975,1.693630,-0.172740,-0.472035,-0.158999,0.060428,11.105200,0
29.060000,-0.119884,-0.507813,1.716531,-0.173215,-0.469068,-0.159011,0.065919,11.170300,0
29.080000,-0.120195,-0.508298,1.709256,-0.173689,-0.466103,-0.159020,0.068133,11.101500,0
29.100000,-0.121109,-0.503314,1.711640,-0.174164,-0.463139,-0.159027,0.066549,11.105200,0
29.120000,-0.122215,-0.501285,1.710305,-0.174640,-0.460175,-0.159031,0.066621,11.234700,0
29.140000,-0.122081,-0.499869,1.714658,-0.175115,-0.457211,-0.159034,0.068061,11.248300,0
29.160000,-0.123644,-0.496623,1.718627,-0.175590,-0.454247,-0.159036,0.067038,11.213500,0
29.180000,-0.122181,-0.493852,1.724893,-0.176066,-0.451284,-0.159037,0.068670,11.261700,0
29.200000,-0.120473,-0.491206,1.719876,-0.176541,-0.448321,-0.159038,0.070588,11.230900,0
29.220000,-0.120811,-0.486528,1.714930,-0.177016,-0.445359,-0.159039,0.069670,11.160000,0
29.240000,-0.121410,-0.483221,1.704868,-0.177492,-0.442396,-0.159040,0.069368,11.193000,0
29.260000,-0.122124,-0.482321,1.714759,-0.177967,-0.439433,-0.159041,0.070412,11.198100,0
29.280000,-0.126482,-0.478689,1.722200,-0.178442,-0.436471,-0.159041,0.066949,11.193600,0
29.300000,-0.124902,-0.476881,1.716547,-0.178917,-0.433509,-0.159042,0.069273,11.142800,0
29.320000,-0.125658,-0.476201,1.717183,-0.179393,-0.430546,-0.159043,0.070512,11.226100,0
29.340000,-0.125532,-0.468855,1.713603,-0.179868,-0.427584,-0.159043,0.068233,11.227400,0
29.360000,-0.126781,-0.467267,1.699313,-0.179938,-0.426889,-0.146440,0.066754,11.221200,0
29.380000,-0.125737,-0.467294,1.684327,-0.179910,-0.426717,-0.126441,0.067684,11.573200,0
29.400000,-0.125286,-0.470654,1.670739,-0.179909,-0.426720,-0.108439,0.070099,11.261200,0
29.420000,-0.126320,-0.468753,1.648964,-0.179907,-0.426722,-0.090450,0.068104,11.187800,0
29.440000,-0.126347,-0.465872,1.635526,-0.179906,-0.426725,-0.072461,0.066341,11.063900,0
29.460000,-0.126209,-0.467150,1.614564,-0.179904,-0.426727,-0.054471,0.067210,11.277600,0
29.480000,-0.128065,-0.466192,1.597065,-0.179903,-0.426728,-0.036482,0.065150,11.172400,0
29.500000,-0.130285,-0.467910,1.581864,-0.179901,-0.426729,-0.018492,0.064480,11.302500,0
29.520000,-0.128883,-0.472512,1.564462,-0.179900,-0.426730,-0.000504,0.068548,11.480300,0
29.540000,-0.131223,-0.463527,1.535539,-0.179899,-0.426731,0.017484,0.061019,11.187200,0
29.560000,-0.133291,-0.467322,1.522958,-0.179898,-0.426732,0.035471,0.061804,11.407600,0
29.580000,-0.131013,-0.466245,1.519094,-0.179813,-0.424575,0.044975,0.064170,11.173600,0
29.600000,-0.132896,-0.465278,1.518707,-0.179676,-0.421575,0.044972,0.064018,11.237100,0
29.620000,-0.130008,-0.463272,1.538335,-0.179539,-0.418575,0.044968,0.066717,11.187200,0
29.640000,-0.129543,-0.460091,1.517088,-0.179403,-0.415575,0.044961,0.066840,11.195400,0
29.660000,-0.130738,-0.454182,1.517246,-0.179267,-0.412576,0.044956,0.063923,11.130300,0
29.680000,-0.130492,-0.455457,1.521312,-0.179132,-0.409578,0.044951,0.066864,12.548600,0
29.700000,-0.128240,-0.450827,1.521870,-0.178996,-0.406579,0.044948,0.067335,11.682700,0
29.720000,-0.127570,-0.445447,1.517536,-0.178861,-0.403581,0.044945,0.066208,11.277800,0
29.740000,-0.127830,-0.440299,1.516727,-0.178726,-0.400583,0.044942,0.064558,11.270900,0
29.760000,-0.129096,-0.437761,1.500316,-0.178592,-0.397586,0.044940,0.063749,11.229100,0
29.780000,-0.127963,-0.435766,1.511000,-0.178457,-0.394588,0.044939,0.065156,11.217300,0
29.800000,-0.127909,-0.431812,1.510342,-0.178322,-0.391591,0.044938,0.064492,11.259200,0
29.820000,-0.128471,-0.426936,1.510277,-0.178187,-0.388593,0.044937,0.062784,11.236900,0
29.840000,-0.127538,-0.426693,1.509469,-0.178052,-0.385596,0.044936,0.065120,11.186200,0
29.860000,-0.128006,-0.424803,1.538020,-0.177917,-0.382599,0.044936,0.065363,11.168500,0
29.880000,-0.128746,-0.423706,1.520333,-0.177783,-0.379602,0.044936,0.065953,11.213100,0
29.900000,-0.127204,-0.421462,1.517833,-0.177648,-0.376605,0.044936,0.067503,11.237500,0
29.920000,-0.128282,-0.413602,1.506800,-0.177513,-0.373608,0.044935,0.063429,11.200300,0
29.940000,-0.128416,-0.413747,1.508980,-0.177379,-0.370610,0.044935,0.065255,11.210400,0
29.960000,-0.129108,-0.407444,1.479452,-0.177244,-0.367613,0.044935,0.062479,11.189400,0
29.980000,-0.129086,-0.405635,1.513418,-0.177109,-0.364616,0.044935,0.063156,11.259500,0
30.000000,-0.127312,-0.400425,1.504824,-0.176974,-0.361619,0.044935,0.063026,11.146600,0
30.020000,-0.127101,-0.402794,1.504158,-0.176840,-0.358622,0.044935,0.066522,11.968200,0
30.040000,-0.127755,-0.399846,1.511726,-0.176705,-0.355625,0.044935,0.065967,11.250700,0
30.060000,-0.125505,-0.392152,1.513205,-0.176570,-0.352628,0.044935,0.064574,11.213500,0
30.080000,-0.126004,-0.392080,1.507711,-0.176435,-0.349631,0.044935,0.065918,11.151800,0
30.100000,-0.126476,-0.386274,1.510188,-0.176301,-0.346634,0.044935,0.063669,11.153600,0
30.120000,-0.127171,-0.381206,1.502515,-0.176166,-0.343637,0.044935,0.061741,10.802700,0
30.140000,-0.126019,-0.379369,1.497387,-0.176031,-0.340640,0.044935,0.063255,10.593000,0
30.160000,-0.125726,-0.374278,1.510717,-0.175896,-0.337643,0.044935,0.062122,11.071900,0
30.180000,-0.125867,-0.379159,1.516164,-0.175762,-0.334646,0.044935,0.066865,11.428700,0
30.200000,-0.127883,-0.379438,1.520909,-0.175627,-0.331649,0.044935,0.067552,11.725900,0
30.220000,-0.127250,-0.372879,1.525425,-0.175492,-0.328652,0.044935,0.065447,11.826400,0
30.240000,-0.126616,-0.371831,1.513956,-0.175357,-0.325656,0.044935,0.067140,11.967700,0
30.260000,-0.125825,-0.361811,1.514260,-0.175223,-0.322659,0.044935,0.063032,12.038900,0
30.280000,-0.125623,-0.361176,1.509015,-0.175088,-0.319662,0.044935,0.064577,12.157100,0
30.300000,-0.124550,-0.357396,1.512993,-0.174953,-0.316665,0.044935,0.064804,11.889400,0
30.320000,-0.123265,-0.353354,1.518127,-0.174818,-0.313668,0.044935,0.065059,12.153400,0
30.340000,-0.123437,-0.353391,1.514101,-0.174684,-0.310671,0.044935,0.066717,12.346100,0
30.360000,-0.122114,-0.347317,1.514254,-0.174549,-0.307674,0.044935,0.065734,12.030200,0
30.380000,-0.123162,-0.348451,1.512502,-0.174414,-0.304677,0.044935,0.067401,12.182300,0
30.400000,-0.122757,-0.345704,1.519192,-0.174279,-0.301680,0.044935,0.067769,12.191700,0
30.420000,-0.121430,-0.342278,1.518882,-0.174145,-0.298683,0.044935,0.068406,12.384800,0
30.440000,-0.120523,-0.338360,1.520634,-0.174010,-0.295686,0.044935,0.068424,12.287900,0
30.460000,-0.120681,-0.326264,1.471000,-0.173875,-0.292689,0.044935,0.062904,12.695600,0
30.480000,-0.121948,-0.332079,1.522404,-0.173740,-0.289692,0.044935,0.066926,10.464800,0
30.500000,-0.122907,-0.331052,1.518084,-0.173606,-0.286695,0.044935,0.067364,10.587000,0
30.520000,-0.123068,-0.328144,1.512112,-0.173471,-0.283698,0.044935,0.067201,10.542600,0
30.540000,-0.122948,-0.322921,1.532955,-0.173336,-0.280701,0.044935,0.065738,10.403400,0
30.560000,-0.123454,-0.319579,1.517610,-0.173201,-0.277704,0.044935,0.065026,10.603000,0
30.580000,-0.122257,-0.319512,1.522161,-0.173067,-0.274707,0.044935,0.067743,10.779200,0
30.600000,-0.122391,-0.313185,1.521874,-0.172932,-0.271710,0.044935,0.065380,10.813100,0
30.620000,-0.121614,-0.310781,1.521035,-0.172797,-0.268713,0.044935,0.066253,11.113500,0
30.640000,-0.121695,-0.309394,1.520438,-0.172662,-0.265716,0.044935,0.067122,11.066800,0
30.660000,-0.122435,-0.308096,1.515057,-0.172527,-0.262719,0.044935,0.067589,11.058200,0
30.680000,-0.121287,-0.302285,1.522005,-0.172393,-0.259722,0.044935,0.066509,11.335000,0
30.700000,-0.121013,-0.297629,1.520636,-0.172258,-0.256725,0.044935,0.065568,11.149500,0
30.720000,-0.119520,-0.295247,1.522800,-0.172123,-0.253728,0.044935,0.067014,11.331500,0
30.740000,-0.119740,-0.291583,1.523979,-0.171988,-0.250731,0.044935,0.066323,11.094000,0
30.760000,-0.120490,-0.286538,1.520318,-0.171854,-0.247734,0.044935,0.064374,11.220100,0
30.780000,-0.121017,-0.285949,1.513815,-0.171719,-0.244737,0.044935,0.065339,11.198800,0
30.800000,-0.121320,-0.283287,1.518640,-0.171584,-0.241740,0.044935,0.065212,11.235400,0
30.820000,-0.119515,-0.278076,1.518147,-0.171449,-0.238743,0.044935,0.065148,11.242900,0
30.840000,-0.118864,-0.274907,1.514384,-0.171315,-0.235746,0.044935,0.065457,11.307500,0
30.860000,-0.117684,-0.277186,1.531410,-0.171180,-0.232749,0.044935,0.069545,11.288300,0
30.880000,-0.118117,-0.269992,1.515807,-0.171045,-0.229752,0.044935,0.066488,11.257700,0
30.900000,-0.119051,-0.274031,1.538860,-0.170910,-0.226755,0.044935,0.070173,11.390100,0
30.920000,-0.119581,-0.260183,1.500598,-0.170776,-0.223758,0.044935,0.062831,11.476600,0
30.940000,-0.119224,-0.260057,1.495716,-0.170641,-0.220761,0.044935,0.064714,11.294100,0
30.960000,-0.117184,-0.257314,1.516139,-0.170506,-0.217765,0.044935,0.066388,11.352700,0
30.980000,-0.117177,-0.255406,1.504473,-0.170371,-0.214768,0.044935,0.066941,11.278300,0
31.000000,-0.117041,-0.259540,1.512984,-0.170237,-0.211771,0.044935,0.071496,11.447000,0
31.020000,-0.116303,-0.251548,1.531095,-0.170102,-0.208774,0.044935,0.068731,11.342900,0
31.040000,-0.116293,-0.247669,1.517409,-0.169967,-0.205777,0.044935,0.068087,11.123100,0
31.060000,-0.117704,-0.246976,1.534784,-0.169832,-0.202780,0.044935,0.068342,10.896600,0
31.080000,-0.116279,-0.240459,1.509987,-0.169698,-0.199783,0.044935,0.067143,10.693400,0
31.100000,-0.117140,-0.237325,1.487892,-0.169563,-0.196786,0.044935,0.066269,11.859200,0
31.120000,-0.117047,-0.229595,1.506277,-0.169428,-0.193789,0.044935,0.063450,11.841800,0
31.140000,-0.117314,-0.228116,1.501918,-0.169293,-0.190792,0.044935,0.063991,12.418200,0
31.160000,-0.118384,-0.231721,1.513861,-0.169158,-0.187795,0.044935,0.067138,11.856300,0
31.180000,-0.116592,-0.225514,1.530115,-0.169024,-0.184798,0.044935,0.066385,12.053200,0
31.200000,-0.116612,-0.225250,1.529279,-0.168889,-0.181801,0.044935,0.067976,12.085200,0
31.220000,-0.116859,-0.218652,1.513918,-0.168754,-0.178804,0.044935,0.065429,12.157200,0
31.240000,-0.115944,-0.219482,1.532102,-0.168619,-0.175807,0.044935,0.068426,12.093300,0
31.260000,-0.115758,-0.213240,1.511295,-0.168485,-0.172810,0.044935,0.066444,12.229400,0
31.280000,-0.115748,-0.213467,1.529540,-0.168350,-0.169813,0.044935,0.068357,12.251600,0
31.300000,-0.116368,-0.207489,1.506492,-0.168215,-0.166816,0.044935,0.065897,12.252600,0
31.320000,-0.115720,-0.204545,1.531726,-0.168080,-0.163819,0.044935,0.066334,12.432600,0
31.340000,-0.116008,-0.203572,1.513369,-0.167946,-0.160822,0.044935,0.067269,12.114200,0
31.360000,-0.114757,-0.204933,1.540919,-0.167811,-0.157825,0.044935,0.070950,12.247300,0
31.380000,-0.112402,-0.194509,1.510252,-0.167676,-0.154828,0.044935,0.068042,12.519300,0
31.400000,-0.112653,-0.184258,1.475721,-0.167541,-0.151831,0.044935,0.063751,12.337000,0
31.420000,-0.113399,-0.188554,1.511699,-0.167407,-0.148834,0.044935,0.067041,12.364800,0
31.440000,-0.112660,-0.185613,1.503955,-0.167272,-0.145837,0.044935,0.067562,12.700200,0
31.460000,-0.112859,-0.186230,1.511442,-0.167137,-0.142840,0.044935,0.069490,12.312500,0
31.480000,-0.112490,-0.178946,1.498710,-0.167002,-0.139843,0.044935,0.067086,11.680800,0
31.500000,-0.113535,-0.180117,1.505789,-0.166868,-0.136846,0.044935,0.068679,10.636400,0
31.520000,-0.112478,-0.170167,1.503479,-0.166733,-0.133849,0.044935,0.065288,10.435200,0
31.540000,-0.111902,-0.175851,1.510529,-0.166598,-0.130852,0.044935,0.070828,10.688200,0
31.560000,-0.111290,-0.168892,1.510505,-0.166463,-0.127855,0.044935,0.068761,10.479900,0
31.580000,-0.111068,-0.162624,1.492473,-0.166329,-0.124858,0.044935,0.066933,10.370900,0
31.600000,-0.111093,-0.161584,1.498097,-0.166194,-0.121861,0.044935,0.067927,10.509500,0
31.620000,-0.111179,-0.158854,1.514276,-0.166059,-0.118864,0.044935,0.067904,10.592800,0
31.640000,-0.111641,-0.158201,1.517162,-0.165924,-0.115867,0.044935,0.068839,10.356900,0
31.660000,-0.109223,-0.155371,1.514443,-0.165789,-0.112871,0.044935,0.070753,10.495600,0
31.680000,-0.110156,-0.150234,1.511353,-0.165655,-0.109874,0.044935,0.068623,10.713500,0
31.700000,-0.110307,-0.146868,1.518076,-0.165520,-0.106877,0.044935,0.068174,10.722700,0
31.720000,-0.110228,-0.146109,1.518864,-0.165385,-0.103880,0.044935,0.069466,11.244900,0
31.740000,-0.109039,-0.142688,1.513036,-0.165250,-0.100883,0.044935,0.070052,11.257300,0
31.760000,-0.109382,-0.139764,1.511371,-0.165116,-0.097886,0.044935,0.069714,11.023100,0
31.780000,-0.108902,-0.140061,1.542757,-0.164981,-0.094889,0.044935,0.072009,10.997400,0
31.800000,-0.108831,-0.135846,1.509901,-0.164846,-0.091892,0.044935,0.071201,11.040600,0
31.820000,-0.107631,-0.133416,1.495598,-0.164814,-0.091006,0.054966,0.071194,11.054100,0
31.840000,-0.109147,-0.134294,1.479995,-0.164804,-0.090833,0.074963,0.070616,10.977900,0
31.860000,-0.109821,-0.127837,1.458569,-0.164804,-0.090824,0.093088,0.066281,11.080300,0
31.880000,-0.110981,-0.129202,1.442542,-0.164803,-0.090828,0.111077,0.066101,11.164600,0
31.900000,-0.111720,-0.131297,1.429128,-0.164802,-0.090832,0.129084,0.066747,11.039600,0
31.920000,-0.111656,-0.129823,1.412539,-0.164801,-0.090838,0.147117,0.065911,11.096800,0
31.940000,-0.112685,-0.129495,1.404240,-0.164800,-0.090845,0.165160,0.064883,11.221100,0
31.960000,-0.112925,-0.131120,1.382285,-0.164799,-0.090851,0.183207,0.065670,11.063100,0
31.980000,-0.113127,-0.134056,1.355625,-0.164798,-0.090858,0.201254,0.067349,11.046200,0
32.000000,-0.113096,-0.132256,1.335593,-0.164797,-0.090864,0.219298,0.066229,11.205200,0
32.020000,-0.113980,-0.129901,1.368009,-0.164246,-0.088516,0.226016,0.065111,11.455600,0
32.040000,-0.112915,-0.127389,1.336600,-0.163571,-0.085589,0.226016,0.065676,11.219000,0
32.060000,-0.112578,-0.125978,1.331808,-0.162897,-0.082663,0.226013,0.066394,11.227500,0
32.080000,-0.111904,-0.121236,1.338686,-0.162223,-0.079737,0.226008,0.065224,11.318600,0
32.100000,-0.110911,-0.114270,1.333278,-0.161550,-0.076811,0.226004,0.062988,11.145000,0
32.120000,-0.110272,-0.114320,1.327182,-0.160877,-0.073886,0.226001,0.064774,11.195500,0
32.140000,-0.110396,-0.116292,1.325391,-0.160204,-0.070961,0.225998,0.067347,11.133200,0
32.160000,-0.109837,-0.108580,1.322615,-0.159532,-0.068036,0.225995,0.064136,11.652800,0
32.180000,-0.109270,-0.104018,1.302740,-0.158860,-0.065112,0.225993,0.063031,11.050500,0
32.200000,-0.108518,-0.102402,1.321066,-0.158187,-0.062187,0.225991,0.063908,11.301900,0
32.220000,-0.106607,-0.095974,1.330184,-0.157515,-0.059263,0.225990,0.062764,11.155000,0
32.240000,-0.107178,-0.096163,1.321096,-0.156843,-0.056339,0.225989,0.063660,11.168500,0
32.260000,-0.105156,-0.091078,1.320964,-0.156171,-0.053415,0.225988,0.063412,11.543400,0
32.280000,-0.104445,-0.093481,1.327275,-0.155498,-0.050491,0.225988,0.066742,11.217100,0
32.300000,-0.103635,-0.089645,1.338523,-0.154826,-0.047567,0.225988,0.066265,11.228700,0
32.320000,-0.102173,-0.084305,1.356420,-0.154154,-0.044643,0.225987,0.065384,11.144400,0
32.340000,-0.102197,-0.081807,1.334807,-0.153482,-0.041719,0.225987,0.065094,11.334400,0
32.360000,-0.101367,-0.078591,1.324039,-0.152810,-0.038795,0.225987,0.065039,11.492700,0
32.380000,-0.101458,-0.076090,1.323550,-0.152138,-0.035872,0.225987,0.064699,11.244700,0
32.400000,-0.100507,-0.074442,1.345091,-0.151465,-0.032948,0.225987,0.065715,11.279500,0
32.420000,-0.101306,-0.076284,1.320692,-0.151367,-0.032292,0.239012,0.066644,11.287100,0
32.440000,-0.100627,-0.075301,1.301687,-0.151329,-0.032139,0.258823,0.066586,11.249300,0
32.460000,-0.099407,-0.070686,1.276133,-0.151329,-0.032142,0.276825,0.064665,11.221600,0
32.480000,-0.100565,-0.073593,1.265155,-0.151329,-0.032146,0.294821,0.065535,13.807300,0
32.500000,-0.090422,-0.036270,1.252062,-0.151328,-0.032150,0.312827,0.061046,11.190300,0
32.520000,-0.103251,-0.074210,1.242313,-0.151328,-0.032154,0.330838,0.063875,11.548300,0
32.540000,-0.103593,-0.073427,1.202785,-0.151327,-0.032158,0.348853,0.063100,11.249000,0
32.560000,-0.103386,-0.074309,1.195514,-0.151326,-0.032162,0.366869,0.063833,11.255400,0
32.580000,-0.101816,-0.071014,1.171207,-0.151326,-0.032166,0.384885,0.062932,11.196000,0
32.600000,-0.104165,-0.075395,1.161216,-0.151325,-0.032170,0.402901,0.063973,11.169300,0
32.620000,-0.103677,-0.072047,1.138452,-0.151324,-0.032174,0.420915,0.062129,11.247500,0
32.640000,-0.104126,-0.071009,1.110836,-0.151323,-0.032177,0.438927,0.061119,11.222700,0
32.660000,-0.105863,-0.073609,1.104674,-0.151322,-0.032180,0.456938,0.061505,11.358100,0
32.680000,-0.107081,-0.073664,1.082346,-0.151321,-0.032184,0.474947,0.060645,11.221500,0
32.700000,-0.102922,-0.064572,1.055087,-0.150091,-0.029795,0.478516,0.058604,11.250400,0
32.720000,-0.103428,-0.063850,1.081923,-0.148707,-0.027129,0.478514,0.058298,11.205400,0
32.740000,-0.104480,-0.063525,1.075820,-0.147324,-0.024463,0.478510,0.057978,11.148700,0
32.760000,-0.100693,-0.056945,1.065342,-0.145941,-0.021798,0.478504,0.057295,11.231800,0
32.780000,-0.100743,-0.057561,1.067964,-0.144559,-0.019133,0.478499,0.058280,11.396500,0
32.800000,-0.097404,-0.055972,1.077912,-0.143177,-0.016468,0.478495,0.060463,11.239500,0
32.820000,-0.097433,-0.053323,1.071735,-0.141795,-0.013803,0.478491,0.059412,11.146700,0
32.840000,-0.094174,-0.048722,1.056287,-0.140413,-0.011139,0.478488,0.059586,11.187100,0
32.860000,-0.092111,-0.044479,1.071491,-0.139032,-0.008475,0.478486,0.059143,11.105200,0
32.880000,-0.092827,-0.043923,1.066733,-0.137650,-0.005812,0.478484,0.058835,11.204400,0
32.900000,-0.090085,-0.039385,1.066967,-0.136269,-0.003148,0.478483,0.058703,11.210700,0
32.920000,-0.090942,-0.041857,1.076201,-0.134888,-0.000484,0.478482,0.060357,11.589700,0
32.940000,-0.089298,-0.036262,1.086316,-0.133506,0.002179,0.478481,0.058584,11.240500,0
32.960000,-0.085454,-0.030547,1.055449,-0.132125,0.004842,0.478481,0.058571,11.176400,0
32.980000,-0.083325,-0.027911,1.065337,-0.130744,0.007506,0.478480,0.059186,11.216600,0
33.000000,-0.084360,-0.029022,1.077545,-0.129362,0.010169,0.478480,0.059675,11.208600,0
33.020000,-0.081242,-0.024730,1.063726,-0.127981,0.012832,0.478480,0.059962,11.173100,0
33.040000,-0.078703,-0.020081,1.071418,-0.126600,0.015496,0.478480,0.059664,11.222700,0
33.060000,-0.081950,-0.025435,1.076229,-0.125219,0.018159,0.478479,0.061422,11.224100,0
33.080000,-0.077160,-0.015355,1.076646,-0.123837,0.020822,0.478479,0.059055,11.156200,0
33.100000,-0.078213,-0.016488,1.109550,-0.122456,0.023485,0.478479,0.059626,11.199000,0
33.120000,-0.074623,-0.010664,1.083496,-0.121075,0.026148,0.478479,0.059269,11.234000,0
33.140000,-0.072668,-0.009212,1.079555,-0.119693,0.028811,0.478479,0.060474,11.220100,0
33.160000,-0.073261,-0.009098,1.087628,-0.118312,0.031475,0.478479,0.060628,11.164400,0
33.180000,-0.068502,-0.002623,1.074100,-0.116931,0.034138,0.478479,0.060801,11.485900,0
33.200000,-0.066436,0.000534,1.048935,-0.115550,0.036801,0.478479,0.061053,11.288100,0
33.220000,-0.068571,-0.002485,1.075477,-0.114168,0.039464,0.478479,0.061958,11.186900,0
33.240000,-0.064515,0.007050,1.072071,-0.112787,0.042127,0.478479,0.059671,11.157700,0
33.260000,-0.065457,0.006064,1.078936,-0.111406,0.044790,0.478479,0.060092,11.169800,0
33.280000,-0.065110,0.008887,1.090906,-0.110024,0.047453,0.478479,0.059200,11.210800,0
33.300000,-0.059863,0.017067,1.073208,-0.108643,0.050116,0.478479,0.058922,10.524600,0
33.320000,-0.063501,0.010938,1.082154,-0.107262,0.052779,0.478479,0.060545,11.032700,0
33.340000,-0.059961,0.015315,1.089197,-0.105881,0.055442,0.478479,0.060982,10.974700,0
33.360000,-0.056027,0.022789,1.079839,-0.104499,0.058106,0.478479,0.059974,10.853100,0
33.380000,-0.057292,0.021393,1.091262,-0.103118,0.060769,0.478479,0.060419,11.003300,0
33.400000,-0.057602,0.021906,1.084353,-0.101737,0.063432,0.478479,0.060600,10.897600,0
33.420000,-0.054868,0.028630,1.081756,-0.100355,0.066095,0.478479,0.058930,10.935000,0
33.440000,-0.051619,0.031047,1.054634,-0.098974,0.068758,0.478479,0.060537,11.365500,0
33.460000,-0.049928,0.033985,1.073194,-0.097593,0.071421,0.478479,0.060609,11.568300,0
33.480000,-0.051514,0.034046,1.072366,-0.096212,0.074084,0.478479,0.060008,11.684600,0
33.500000,-0.048014,0.039214,1.088624,-0.094830,0.076747,0.478479,0.060003,10.475200,0
33.520000,-0.048634,0.037285,1.082167,-0.093449,0.079410,0.478479,0.061505,10.743000,0
33.540000,-0.047708,0.038807,1.107923,-0.092068,0.082073,0.478479,0.061966,10.761200,0
33.560000,-0.042157,0.047006,1.077761,-0.090686,0.084736,0.478479,0.061470,10.573400,0
33.580000,-0.041595,0.047840,1.079912,-0.089305,0.087400,0.478479,0.061978,11.315500,0
33.600000,-0.038048,0.055584,1.067979,-0.087924,0.090063,0.478479,0.060633,10.989100,0
33.620000,-0.039132,0.053747,1.071065,-0.086543,0.092726,0.478479,0.061377,10.463300,0
33.640000,-0.035111,0.059554,1.065917,-0.085161,0.095389,0.478479,0.061556,10.596500,0
33.660000,-0.036656,0.060258,1.061037,-0.083780,0.098052,0.478479,0.060407,10.855100,0
33.680000,-0.035035,0.062302,1.078522,-0.082399,0.100715,0.478479,0.060983,11.256000,0
33.700000,-0.036689,0.060880,1.077389,-0.081017,0.103378,0.478479,0.061409,10.734400,0
33.720000,-0.032571,0.066876,1.077090,-0.079636,0.106041,0.478479,0.061230,10.950300,0
33.740000,-0.030369,0.069561,1.089643,-0.079619,0.106463,0.461008,0.061541,11.046900,0
33.760000,-0.031186,0.066099,1.115730,-0.079616,0.106472,0.442873,0.063051,11.045800,0
33.780000,-0.028366,0.069767,1.125598,-0.079618,0.106469,0.424884,0.063039,11.391900,0
33.800000,-0.028863,0.068801,1.153923,-0.079620,0.106467,0.406893,0.063205,11.188100,0
33.820000,-0.030895,0.065161,1.171742,-0.079623,0.106465,0.388900,0.063878,11.138200,0
33.840000,-0.028877,0.063812,1.185683,-0.079626,0.106464,0.370906,0.066292,11.122900,0
33.860000,-0.030669,0.061895,1.199683,-0.079628,0.106463,0.352913,0.066206,11.339700,0
33.880000,-0.029454,0.070309,1.172572,-0.078615,0.108694,0.351931,0.062372,11.198800,0
33.900000,-0.027672,0.072406,1.205810,-0.077580,0.111513,0.351932,0.063405,11.131900,0
33.920000,-0.026602,0.073714,1.205839,-0.076545,0.114332,0.351938,0.064375,11.205400,0
33.940000,-0.023846,0.080674,1.183177,-0.075509,0.117150,0.351942,0.063242,11.229600,0
33.960000,-0.023459,0.078774,1.206622,-0.074474,0.119968,0.351945,0.065571,11.310800,0
33.980000,-0.021163,0.082841,1.203140,-0.073440,0.122785,0.351947,0.065791,11.436000,0
34.000000,-0.021630,0.083027,1.215463,-0.072405,0.125602,0.351949,0.066263,11.254000,0
34.020000,-0.021481,0.085613,1.203348,-0.071370,0.128419,0.351950,0.065736,11.313700,0
34.040000,-0.020141,0.089924,1.194669,-0.070336,0.131236,0.351951,0.065010,11.237200,0
34.060000,-0.017758,0.094801,1.198065,-0.069301,0.134052,0.351952,0.064786,11.563200,0
34.080000,-0.013879,0.100562,1.194268,-0.068267,0.136869,0.351953,0.065393,11.367800,0
34.100000,-0.016366,0.097361,1.196488,-0.067232,0.139685,0.351953,0.066172,11.268300,0
34.120000,-0.014376,0.102139,1.193548,-0.066198,0.142502,0.351953,0.065686,11.391900,0
34.140000,-0.015119,0.101606,1.201381,-0.065163,0.145318,0.351954,0.066447,11.349300,0
34.160000,-0.010835,0.110764,1.173351,-0.064129,0.148134,0.351954,0.065090,11.260600,0
34.180000,-0.010219,0.113742,1.198584,-0.063095,0.150950,0.351954,0.064655,11.349900,0
34.200000,-0.008987,0.113557,1.206963,-0.062060,0.153767,0.351954,0.066585,11.450200,0
34.220000,-0.007862,0.116813,1.207581,-0.061026,0.156583,0.351954,0.066394,11.305700,0
34.240000,-0.005947,0.120744,1.203302,-0.059992,0.159399,0.351954,0.066446,11.309600,0
34.260000,-0.006423,0.121465,1.215158,-0.059940,0.159896,0.335759,0.065886,11.427800,0
34.280000,-0.007913,0.115484,1.231974,-0.059959,0.159984,0.316677,0.068477,11.404600,0
34.300000,-0.006845,0.113917,1.257221,-0.059961,0.159981,0.298690,0.070308,11.391200,0
34.320000,-0.005433,0.119662,1.277354,-0.059963,0.159979,0.280700,0.067816,11.235100,0
34.340000,-0.005841,0.119009,1.290010,-0.059965,0.159977,0.262709,0.067880,11.621700,0
34.360000,-0.005477,0.117819,1.307522,-0.059967,0.159976,0.244718,0.068894,11.359900,0
34.380000,-0.005175,0.118409,1.327174,-0.059969,0.159974,0.226727,0.068775,11.369300,0
34.400000,-0.007244,0.113094,1.346064,-0.059971,0.159974,0.208736,0.070554,11.284400,0
34.420000,-0.003941,0.119903,1.370827,-0.059974,0.159973,0.190745,0.068886,13.219000,0
34.440000,-0.002384,0.117475,1.384812,-0.059976,0.159972,0.172755,0.071574,11.407700,0
34.460000,-0.003607,0.116685,1.403207,-0.059978,0.159972,0.154766,0.071074,11.244500,0
34.480000,-0.005120,0.115437,1.434308,-0.059600,0.162263,0.147071,0.071838,11.346000,0
34.500000,-0.003455,0.118214,1.416843,-0.059161,0.165234,0.147074,0.072898,11.330400,0
34.520000,-0.001537,0.128038,1.420195,-0.058723,0.168206,0.147083,0.069883,11.803700,0
34.540000,-0.000581,0.126613,1.414807,-0.058283,0.171176,0.147090,0.072907,11.222100,0
34.560000,-0.000055,0.133144,1.414495,-0.057844,0.174146,0.147095,0.070858,10.937900,0
34.580000,0.001670,0.134842,1.416405,-0.057404,0.177116,0.147099,0.072642,10.945400,0
34.600000,0.001966,0.137042,1.401983,-0.056965,0.180085,0.147102,0.072976,11.551400,0
34.620000,0.003036,0.139083,1.412668,-0.056906,0.180801,0.134775,0.073030,11.853400,0
34.640000,0.003175,0.137792,1.432331,-0.056932,0.180975,0.114772,0.074011,12.140100,0
34.660000,0.002027,0.134484,1.454152,-0.056933,0.180972,0.096779,0.075082,11.803000,0
34.680000,0.003082,0.138970,1.478385,-0.056934,0.180970,0.078792,0.073252,10.450000,0
34.700000,0.003516,0.131005,1.488616,-0.056936,0.180967,0.060804,0.078426,10.549700,0
34.720000,0.005453,0.138754,1.514124,-0.056936,0.180966,0.042815,0.075328,10.550000,0
34.740000,0.005300,0.136833,1.526393,-0.056937,0.180964,0.024827,0.076295,10.395500,0
34.760000,0.005388,0.141131,1.551405,-0.056938,0.180963,0.006839,0.073967,10.670600,0
34.780000,0.005170,0.138389,1.558974,-0.056913,0.183076,-0.003168,0.076494,10.557900,0
34.800000,0.007908,0.141950,1.587071,-0.056925,0.186079,-0.003166,0.078427,10.640800,0
34.820000,0.007204,0.147813,1.559281,-0.056936,0.189082,-0.003162,0.076270,10.955600,0
34.840000,0.007317,0.149522,1.546499,-0.056947,0.192085,-0.003156,0.077081,10.911100,0
34.860000,0.007660,0.154141,1.557731,-0.056958,0.195087,-0.003152,0.076498,11.024100,0
34.880000,0.007592,0.154842,1.546315,-0.056968,0.198088,-0.003148,0.077706,10.911400,0
34.900000,0.007213,0.156008,1.562388,-0.056978,0.201090,-0.003145,0.078440,11.030100,0
34.920000,0.005770,0.164895,1.533905,-0.056987,0.204091,-0.003142,0.073992,11.265500,0
34.940000,0.006715,0.164071,1.560891,-0.056997,0.207091,-0.003140,0.076876,11.068200,0
34.960000,0.006516,0.168282,1.538463,-0.057006,0.210092,-0.003139,0.076047,11.495600,0
34.980000,0.008488,0.171981,1.555350,-0.057015,0.213093,-0.003137,0.077336,11.177000,0
35.000000,0.007176,0.174471,1.535744,-0.057025,0.216093,-0.003136,0.076512,11.288600,0
35.020000,0.006230,0.170946,1.560701,-0.057034,0.219093,-0.003136,0.079502,11.322100,0
35.040000,0.006394,0.177156,1.572874,-0.057043,0.222094,-0.003135,0.077741,11.455300,0
35.060000,0.005946,0.186124,1.561595,-0.057052,0.225094,-0.003135,0.074077,11.197600,0
35.080000,0.006636,0.183741,1.555889,-0.057062,0.228094,-0.003134,0.077618,11.214400,0
35.100000,0.007722,0.188857,1.570013,-0.057071,0.231094,-0.003134,0.077344,11.207900,0
35.120000,0.006733,0.191133,1.578500,-0.057080,0.234094,-0.003134,0.076927,11.299400,0
35.140000,0.006204,0.200752,1.560747,-0.057090,0.237094,-0.003134,0.072985,11.313200,0
35.160000,0.006595,0.197048,1.539390,-0.057099,0.240094,-0.003134,0.076875,11.318800,0
35.180000,0.008147,0.201056,1.553754,-0.057108,0.243094,-0.003134,0.077624,11.310200,0
35.200000,0.008949,0.205950,1.564595,-0.057110,0.244048,-0.012225,0.076258,11.350700,0
35.220000,0.008481,0.197909,1.598345,-0.057113,0.244222,-0.032222,0.080296,11.199900,0
35.240000,0.008878,0.201067,1.602634,-0.057114,0.244231,-0.050359,0.078855,11.300500,0
35.260000,0.008937,0.201286,1.628287,-0.057115,0.244228,-0.068348,0.078784,11.273400,0
35.280000,0.009575,0.199565,1.642026,-0.057116,0.244225,-0.086337,0.080263,11.231800,0
35.300000,0.009579,0.204808,1.659994,-0.057117,0.244223,-0.104327,0.077472,11.240300,0
35.320000,0.009283,0.204173,1.665611,-0.057369,0.246462,-0.112775,0.078936,11.598900,0
35.340000,0.010005,0.209975,1.660874,-0.057709,0.249445,-0.112773,0.078378,11.348700,0
35.360000,0.009459,0.207835,1.665796,-0.058049,0.252428,-0.112770,0.080907,11.368200,0
35.380000,0.008767,0.211538,1.685762,-0.058388,0.255411,-0.112767,0.080216,11.297800,0
35.400000,0.008104,0.215894,1.678452,-0.058727,0.258394,-0.112765,0.079200,11.311500,0
35.420000,0.008423,0.218120,1.666542,-0.059065,0.261376,-0.112762,0.080160,11.878900,0
35.440000,0.010137,0.218454,1.659324,-0.059403,0.264358,-0.112761,0.083324,11.182100,0
35.460000,0.009275,0.220409,1.667401,-0.059741,0.267340,-0.112759,0.083461,12.047600,0
35.480000,0.008367,0.228612,1.656676,-0.060079,0.270322,-0.112758,0.080154,11.314800,0
35.500000,0.007884,0.229909,1.664757,-0.060417,0.273303,-0.112757,0.080921,11.448100,0
35.520000,0.007148,0.229501,1.660932,-0.060754,0.276284,-0.112756,0.082459,11.179300,0
35.540000,0.006828,0.233274,1.660144,-0.061092,0.279266,-0.112756,0.082027,11.372900,0
35.560000,0.008057,0.237980,1.660501,-0.061430,0.282247,-0.112755,0.082390,11.328000,0
35.580000,0.007107,0.242296,1.660542,-0.061767,0.285228,-0.112755,0.081159,11.257900,0
35.600000,0.006791,0.244742,1.679369,-0.062105,0.288209,-0.112755,0.081461,10.953500,0
35.620000,0.004520,0.250070,1.677918,-0.062442,0.291190,-0.112755,0.078579,10.700700,0
35.640000,0.006221,0.248665,1.653943,-0.062780,0.294171,-0.112754,0.082656,10.642300,0
35.660000,0.006374,0.252882,1.679966,-0.062847,0.294966,-0.124009,0.081010,11.309700,0
35.680000,0.006556,0.254357,1.705217,-0.062869,0.295138,-0.144007,0.080517,11.566600,0
35.700000,0.006048,0.253650,1.718653,-0.062869,0.295138,-0.162030,0.080441,12.158100,0
35.720000,0.006131,0.255941,1.743277,-0.062870,0.295134,-0.180018,0.079355,10.461900,0
35.740000,0.008347,0.250833,1.755131,-0.062870,0.295130,-0.198022,0.083870,10.945800,0
35.760000,0.007763,0.251490,1.761927,-0.062871,0.295126,-0.216038,0.083026,10.516500,0
35.780000,0.007839,0.256224,1.776258,-0.063413,0.297469,-0.222826,0.082329,10.408400,0
35.800000,0.006192,0.258968,1.782570,-0.064078,0.300397,-0.222825,0.081573,10.431000,0
35.820000,0.004769,0.262164,1.817537,-0.064743,0.303325,-0.222823,0.080785,10.781600,0
35.840000,0.005509,0.262120,1.779561,-0.065407,0.306253,-0.222820,0.083527,10.473700,0
35.860000,0.005930,0.267077,1.782184,-0.066071,0.309180,-0.222817,0.083408,10.887700,0
35.880000,0.005417,0.269821,1.765467,-0.066735,0.312107,-0.222815,0.083630,11.116400,0
35.900000,0.003808,0.273110,1.781138,-0.067399,0.315034,-0.222813,0.082632,11.000600,0
35.920000,0.004620,0.271733,1.793994,-0.068062,0.317960,-0.222812,0.086137,11.069700,0
35.940000,0.003426,0.278750,1.791963,-0.068725,0.320887,-0.222810,0.083554,10.567100,0
35.960000,0.002129,0.283464,1.787255,-0.069388,0.323813,-0.222809,0.082115,10.476400,0
35.980000,0.003296,0.285214,1.801919,-0.070051,0.326740,-0.222809,0.084286,10.390100,0
36.000000,0.002284,0.286839,1.786255,-0.070714,0.329666,-0.222808,0.084633,10.527200,0
36.020000,0.001502,0.292854,1.784068,-0.071377,0.332592,-0.222808,0.083008,10.402800,0
36.040000,0.002184,0.293572,1.789531,-0.072040,0.335518,-0.222808,0.085256,10.600600,0
36.060000,-0.003728,0.314900,1.788008,-0.072703,0.338444,-0.222807,0.072883,10.775800,0
36.080000,-0.000842,0.299124,1.788509,-0.073366,0.341370,-0.222807,0.083931,10.808100,0
36.100000,-0.001815,0.305393,1.790994,-0.074029,0.344296,-0.222807,0.082026,10.839900,0
36.120000,-0.000509,0.302998,1.789809,-0.074692,0.347222,-0.222807,0.086365,11.025600,0
36.140000,-0.002351,0.310882,1.799635,-0.075355,0.350148,-0.222807,0.082894,10.985000,0
36.160000,-0.002214,0.312963,1.778879,-0.076018,0.353074,-0.222807,0.083999,10.901100,0
36.180000,-0.003058,0.319904,1.807734,-0.076680,0.356000,-0.222807,0.081995,11.043900,0
36.200000,-0.004341,0.319328,1.782291,-0.077343,0.358926,-0.222807,0.083050,11.088100,0
36.220000,-0.002861,0.318796,1.794730,-0.077442,0.359589,-0.235729,0.085008,10.935400,0
36.240000,-0.003578,0.316900,1.811868,-0.077480,0.359743,-0.255555,0.085423,11.134700,0
36.260000,-0.003871,0.318407,1.833639,-0.077480,0.359741,-0.273562,0.084420,11.053700,0
36.280000,-0.003778,0.319256,1.852306,-0.077480,0.359737,-0.291561,0.084087,11.188600,0
36.300000,-0.005120,0.323245,1.863591,-0.077481,0.359732,-0.309569,0.081040,11.089400,0
36.320000,-0.004476,0.320623,1.890578,-0.077481,0.359728,-0.327582,0.082818,11.215300,0
36.340000,-0.002693,0.318786,1.899681,-0.077482,0.359724,-0.345598,0.085260,11.231100,0
36.360000,-0.002063,0.319876,1.928841,-0.077483,0.359720,-0.363616,0.085298,11.252300,0
36.380000,-0.001731,0.323647,1.904633,-0.078404,0.362136,-0.368309,0.085791,11.358600,0
36.400000,-0.003405,0.327977,1.934299,-0.079487,0.364938,-0.368311,0.084585,11.190400,0
36.420000,-0.005674,0.330645,1.950234,-0.080569,0.367739,-0.368309,0.083577,11.126300,0
36.440000,-0.011943,0.347471,1.926621,-0.081650,0.370540,-0.368305,0.073426,11.235800,0
36.460000,-0.006237,0.332304,1.958719,-0.082731,0.373340,-0.368301,0.086806,11.197100,0
36.480000,-0.007488,0.339689,1.933735,-0.083812,0.376140,-0.368299,0.084582,11.136100,0
36.500000,-0.005661,0.336222,1.928147,-0.084892,0.378940,-0.368296,0.090013,11.156900,0
36.520000,-0.006346,0.340599,1.934470,-0.085973,0.381740,-0.368294,0.089627,10.998400,0
36.540000,-0.008335,0.346077,1.925060,-0.087053,0.384539,-0.368293,0.087612,10.617100,0
36.560000,-0.008880,0.348517,1.921846,-0.088133,0.387339,-0.368291,0.088250,10.511300,0
36.580000,-0.009505,0.348152,1.908359,-0.089214,0.390138,-0.368290,0.090091,11.132400,0
36.600000,-0.011159,0.352338,1.924087,-0.090294,0.392937,-0.368290,0.088942,11.281200,0
36.620000,-0.014169,0.359007,1.913576,-0.091374,0.395737,-0.368289,0.085497,11.485600,0
36.640000,-0.014487,0.360002,1.923609,-0.092454,0.398536,-0.368289,0.086970,11.684400,0
36.660000,-0.015328,0.361457,1.928181,-0.093534,0.401335,-0.368289,0.087786,11.615500,0
36.680000,-0.016382,0.364568,1.942663,-0.094614,0.404134,-0.368288,0.087668,11.874600,0
36.700000,-0.017082,0.370429,1.930894,-0.095694,0.406933,-0.368288,0.086673,11.529400,0
36.720000,-0.016520,0.368188,1.929192,-0.096774,0.409732,-0.368288,0.090369,11.545100,0
36.740000,-0.018237,0.371519,1.918720,-0.097854,0.412531,-0.368288,0.089559,12.039800,0
36.760000,-0.020025,0.372336,1.926407,-0.098934,0.415329,-0.368288,0.089861,11.690900,0
36.780000,-0.021249,0.376378,1.926510,-0.100014,0.418128,-0.368288,0.089146,11.662400,0
36.800000,-0.022983,0.382612,1.937202,-0.100204,0.418620,-0.383358,0.085204,11.788200,0
36.820000,-0.022078,0.380268,1.962821,-0.100239,0.418704,-0.402419,0.087100,11.779500,0
36.840000,-0.021967,0.379612,1.981250,-0.100238,0.418701,-0.420412,0.087488,11.872700,0
36.860000,-0.020924,0.381099,1.999340,-0.100238,0.418697,-0.438410,0.087774,11.756700,0
36.880000,-0.017718,0.377716,2.019430,-0.100238,0.418693,-0.456413,0.092134,11.877200,0
36.900000,-0.016722,0.375699,2.028739,-0.100238,0.418689,-0.474419,0.093932,11.831300,0
36.920000,-0.019549,0.380542,2.060827,-0.100239,0.418685,-0.492427,0.089251,11.701800,0
36.940000,-0.018565,0.379484,2.066151,-0.100239,0.418682,-0.510436,0.090593,11.650000,0
36.960000,-0.017764,0.380012,2.079681,-0.100240,0.418678,-0.528444,0.091090,11.792700,0
36.980000,-0.016441,0.380091,2.096377,-0.101611,0.421025,-0.531664,0.094496,12.138600,0
37.000000,-0.020895,0.386697,2.092138,-0.103134,0.423613,-0.531663,0.090145,11.738900,0
37.020000,-0.021121,0.388489,2.109168,-0.104657,0.426201,-0.531659,0.091654,11.700900,0
37.040000,-0.022827,0.392346,2.086397,-0.106180,0.428789,-0.531655,0.090972,11.763800,0
37.060000,-0.021880,0.389647,2.064317,-0.107702,0.431377,-0.531651,0.095430,11.726600,0
37.080000,-0.024965,0.395382,2.092442,-0.109223,0.433964,-0.531648,0.092671,11.898700,0
37.100000,-0.024878,0.397934,2.103322,-0.110745,0.436551,-0.531646,0.094151,11.701600,0
37.120000,-0.028604,0.402929,2.096117,-0.112266,0.439138,-0.531644,0.091162,11.817300,0
37.140000,-0.030632,0.405527,2.102676,-0.113787,0.441725,-0.531642,0.090692,11.931800,0
37.160000,-0.031103,0.407040,2.092476,-0.115308,0.444311,-0.531641,0.092085,11.892400,0
37.180000,-0.031084,0.408069,2.101189,-0.116829,0.446898,-0.531640,0.094127,11.632200,0
37.200000,-0.033931,0.412845,2.091012,-0.118350,0.449484,-0.531639,0.092027,11.714600,0
37.220000,-0.036661,0.418241,2.091537,-0.119871,0.452070,-0.531639,0.089824,11.911800,0
37.240000,-0.034864,0.413999,2.081287,-0.121392,0.454656,-0.531638,0.095603,11.828500,0
37.260000,-0.036295,0.417360,2.107239,-0.121602,0.455014,-0.548277,0.093248,11.733600,0
37.280000,-0.037110,0.417505,2.120143,-0.121628,0.455053,-0.566841,0.092483,11.728900,0
37.300000,-0.037317,0.419890,2.148845,-0.121627,0.455050,-0.584828,0.091347,11.784400,0
37.320000,-0.035443,0.416441,2.153821,-0.121626,0.455047,-0.602821,0.094435,11.756700,0
37.340000,-0.036000,0.416372,2.181590,-0.121625,0.455043,-0.620818,0.093952,11.815600,0
37.360000,-0.036809,0.422229,2.197348,-0.121625,0.455040,-0.638818,0.090942,12.068800,0
37.380000,-0.033705,0.419794,2.217012,-0.121625,0.455037,-0.656819,0.094720,15.207200,0
37.400000,-0.034311,0.420661,2.227186,-0.121626,0.455034,-0.674820,0.093837,10.744700,0
37.420000,-0.034810,0.418934,2.255516,-0.121626,0.455031,-0.692822,0.094021,10.590800,0
37.440000,-0.035248,0.419884,2.266687,-0.121626,0.455028,-0.710823,0.093254,10.794300,0
37.460000,-0.031207,0.417367,2.289048,-0.121627,0.455026,-0.728823,0.097949,11.322300,0
37.480000,-0.033699,0.421743,2.300805,-0.121627,0.455023,-0.746822,0.094016,11.469800,0
37.500000,-0.034445,0.422204,2.320854,-0.121628,0.455020,-0.764820,0.093154,11.693100,0
37.520000,-0.031119,0.419693,2.340650,-0.121629,0.455018,-0.782817,0.097159,11.880600,0
37.540000,-0.030675,0.419705,2.356487,-0.121630,0.455016,-0.800813,0.097569,12.254500,0
37.560000,-0.031043,0.422816,2.377622,-0.121630,0.455013,-0.818809,0.096139,11.827100,0
37.580000,-0.029705,0.423445,2.391311,-0.121631,0.455011,-0.836803,0.097194,11.963300,0
37.600000,-0.027418,0.422218,2.410418,-0.121632,0.455009,-0.854796,0.099757,12.056100,0
37.620000,-0.030984,0.425037,2.431554,-0.121632,0.455007,-0.872789,0.095474,12.021300,0
37.640000,-0.029922,0.425180,2.440717,-0.121633,0.455005,-0.890781,0.096439,11.105100,0
37.660000,-0.027716,0.424388,2.456002,-0.121634,0.455003,-0.908772,0.098782,11.070400,0
37.680000,-0.024919,0.421901,2.452542,-0.123713,0.456821,-0.909301,0.104784,10.566300,0
37.700000,-0.030048,0.425449,2.460159,-0.126084,0.458666,-0.909293,0.101618,10.504500,0
37.720000,-0.034945,0.429738,2.458113,-0.128454,0.460512,-0.909283,0.098443,10.689800,0
37.740000,-0.035829,0.429888,2.460559,-0.130823,0.462357,-0.909275,0.100390,10.506100,0
37.760000,-0.042666,0.434247,2.462442,-0.133191,0.464201,-0.909269,0.095352,10.449700,0
37.780000,-0.045666,0.436922,2.460958,-0.135560,0.466046,-0.909265,0.094494,10.791100,0
37.800000,-0.046112,0.436895,2.464772,-0.137928,0.467890,-0.909262,0.096906,10.923000,0
37.820000,-0.044135,0.437379,2.447025,-0.140296,0.469734,-0.909260,0.101458,11.232800,0
37.840000,-0.049447,0.442158,2.474430,-0.142663,0.471578,-0.909258,0.097749,10.814000,0
37.860000,-0.051308,0.444732,2.468694,-0.145031,0.473422,-0.909257,0.098016,10.812900,0
37.880000,-0.054338,0.447149,2.481529,-0.147398,0.475265,-0.909256,0.097214,10.533600,0
37.900000,-0.055864,0.449131,2.465176,-0.149766,0.477109,-0.909255,0.097981,10.446100,0
37.920000,-0.057776,0.451226,2.473194,-0.152133,0.478952,-0.909255,0.098346,10.452700,0
37.940000,-0.057275,0.450689,2.465605,-0.154500,0.480795,-0.909254,0.101780,10.809000,0
37.960000,-0.053722,0.446060,2.431939,-0.156867,0.482639,-0.909254,0.109440,10.876700,0
37.980000,-0.061458,0.451914,2.472443,-0.159235,0.484482,-0.909253,0.103058,11.124400,0
38.000000,-0.075104,0.460146,2.496564,-0.161602,0.486325,-0.909253,0.090373,11.497200,0
38.020000,-0.066886,0.456002,2.470668,-0.163969,0.488168,-0.909253,0.102272,11.067200,0
38.040000,-0.069802,0.459661,2.454679,-0.166336,0.490011,-0.909253,0.101192,11.229700,0
38.060000,-0.073444,0.461995,2.462230,-0.168703,0.491855,-0.909253,0.099829,11.599800,0
38.080000,-0.074559,0.465198,2.459269,-0.171071,0.493698,-0.909253,0.100632,11.139300,0
38.100000,-0.082311,0.470816,2.493333,-0.173438,0.495541,-0.909252,0.094422,11.172100,0
38.120000,-0.080300,0.470661,2.471795,-0.175805,0.497384,-0.909252,0.099173,11.162900,0
38.140000,-0.085876,0.473635,2.468081,-0.178172,0.499227,-0.909252,0.095779,11.381700,0
38.160000,-0.081848,0.470652,2.470033,-0.180539,0.501070,-0.909252,0.103272,10.534200,0
38.180000,-0.087887,0.475120,2.473551,-0.182906,0.502913,-0.909252,0.099001,11.063100,0
38.200000,-0.089933,0.476486,2.472015,-0.185273,0.504756,-0.909252,0.099443,11.756000,0
38.220000,-0.095395,0.480860,2.474215,-0.187641,0.506599,-0.909252,0.095770,12.067100,0
38.240000,-0.094321,0.481853,2.466902,-0.190008,0.508442,-0.909252,0.099312,12.120500,0
38.260000,-0.094986,0.483474,2.467560,-0.192375,0.510285,-0.909252,0.101012,12.292400,0
38.280000,-0.102024,0.488652,2.476962,-0.194742,0.512128,-0.909252,0.095644,12.404600,0
38.300000,-0.104055,0.488017,2.466934,-0.197109,0.513971,-0.909252,0.096606,12.361200,0
38.320000,-0.101010,0.486425,2.454752,-0.199476,0.515814,-0.909252,0.102758,12.258300,0
38.340000,-0.105068,0.489633,2.484430,-0.199772,0.515977,-0.926467,0.098300,12.192800,0
38.360000,-0.102976,0.487543,2.498814,-0.199769,0.515974,-0.944452,0.100883,12.327400,0
38.380000,-0.105786,0.488462,2.517514,-0.199767,0.515971,-0.962441,0.097924,12.347700,0
38.400000,-0.103516,0.487490,2.530097,-0.199765,0.515968,-0.980433,0.100373,12.351500,0
38.420000,-0.105659,0.489968,2.561445,-0.199763,0.515965,-0.998427,0.097629,12.288800,0
38.440000,-0.101770,0.488747,2.570432,-0.199763,0.515962,-1.016423,0.101702,12.261200,0
38.460000,-0.101809,0.488955,2.591534,-0.199762,0.515959,-1.034418,0.101607,12.485300,0
38.480000,-0.103549,0.490848,2.607440,-0.199762,0.515956,-1.052414,0.099435,12.260100,0
38.500000,-0.104957,0.492605,2.608725,-0.201899,0.517440,-1.052511,0.100072,12.410300,0
38.520000,-0.106110,0.494689,2.608604,-0.204508,0.518928,-1.052504,0.101339,12.454100,0
38.540000,-0.109065,0.495927,2.603713,-0.207117,0.520416,-1.052498,0.101063,12.737000,0
38.560000,-0.109528,0.493793,2.607070,-0.209724,0.521904,-1.052493,0.104064,12.324200,0
38.580000,-0.116374,0.497932,2.618756,-0.212332,0.523391,-1.052490,0.099278,12.766200,0
38.600000,-0.121427,0.502424,2.627764,-0.214939,0.524879,-1.052487,0.096170,12.226000,0
38.620000,-0.123248,0.502799,2.607662,-0.217546,0.526366,-1.052485,0.097198,12.352500,0
38.640000,-0.120643,0.501733,2.600718,-0.220153,0.527853,-1.052484,0.102881,12.295500,0
38.660000,-0.126908,0.504657,2.627144,-0.220533,0.527887,-1.069616,0.096464,12.393600,0
38.680000,-0.120163,0.501724,2.643382,-0.220531,0.527885,-1.087605,0.103721,12.364400,0
38.700000,-0.118079,0.503663,2.658602,-0.220528,0.527882,-1.105593,0.105273,12.291300,0
38.720000,-0.120437,0.505112,2.671504,-0.220526,0.527880,-1.123583,0.102646,12.472500,0
38.740000,-0.122134,0.506329,2.698057,-0.220524,0.527878,-1.141575,0.100722,12.261300,0
38.760000,-0.125384,0.506731,2.713028,-0.220523,0.527875,-1.159568,0.097460,12.339000,0
38.780000,-0.120095,0.505109,2.733582,-0.220522,0.527873,-1.177561,0.102975,12.337600,0
38.800000,-0.123140,0.508138,2.747122,-0.220522,0.527871,-1.195553,0.099362,12.366900,0
38.820000,-0.121525,0.508806,2.761204,-0.220521,0.527868,-1.213545,0.100814,12.234300,0
38.840000,-0.119000,0.508403,2.783417,-0.220521,0.527866,-1.231537,0.103370,12.368300,0
38.860000,-0.125441,0.512203,2.811629,-0.220521,0.527864,-1.249527,0.096361,12.243400,0
38.880000,-0.114427,0.507922,2.820095,-0.220521,0.527862,-1.267517,0.107951,12.405900,0
38.900000,-0.116771,0.510268,2.834622,-0.220521,0.527860,-1.285506,0.105230,13.483400,0
38.920000,-0.118988,0.510801,2.854323,-0.220521,0.527858,-1.303495,0.102956,12.088900,0
38.940000,-0.123060,0.511992,2.876788,-0.220521,0.527856,-1.321482,0.098744,11.252700,0
38.960000,-0.121581,0.511968,2.901521,-0.220521,0.527854,-1.339469,0.100207,10.441400,0
38.980000,-0.118121,0.511786,2.911549,-0.220521,0.527852,-1.357456,0.103652,10.992300,0
39.000000,-0.121904,0.512175,2.920005,-0.222859,0.528384,-1.364329,0.102248,10.503700,0
39.020000,-0.118161,0.512348,2.914370,-0.225799,0.528998,-1.364326,0.108918,10.364900,0
39.040000,-0.126549,0.515773,2.918361,-0.228739,0.529613,-1.364314,0.103123,10.555100,0
39.060000,-0.132173,0.516955,2.923538,-0.231679,0.530228,-1.364305,0.100388,10.482300,0
39.080000,-0.140469,0.518950,2.928984,-0.234617,0.530843,-1.364299,0.094896,10.765300,0
39.100000,-0.134601,0.518929,2.916441,-0.237555,0.531459,-1.364294,0.103714,10.611600,0
39.120000,-0.136957,0.519645,2.916312,-0.240493,0.532074,-1.364292,0.104280,10.562200,0
39.140000,-0.141607,0.519901,2.911266,-0.243431,0.532690,-1.364290,0.102624,10.592300,0
39.160000,-0.140244,0.519550,2.911293,-0.246368,0.533305,-1.364289,0.107012,10.838600,0
39.180000,-0.145084,0.519662,2.909519,-0.249305,0.533920,-1.364288,0.105191,10.842400,0
39.200000,-0.150476,0.519959,2.917441,-0.252242,0.534536,-1.364287,0.102805,10.722600,0
39.220000,-0.152901,0.520623,2.925192,-0.255179,0.535151,-1.364286,0.103305,10.927700,0
39.240000,-0.153017,0.521408,2.919751,-0.258115,0.535767,-1.364285,0.106075,10.960400,0
39.260000,-0.154518,0.520882,2.912824,-0.261052,0.536382,-1.364285,0.107656,10.872800,0
39.280000,-0.161386,0.522141,2.909206,-0.263988,0.536997,-1.364284,0.103672,11.089000,0
39.300000,-0.165916,0.523234,2.914824,-0.266925,0.537613,-1.364284,0.102027,11.049600,0
39.320000,-0.161135,0.521318,2.914986,-0.269861,0.538228,-1.364283,0.110033,11.412200,0
39.340000,-0.170935,0.524891,2.919043,-0.272797,0.538843,-1.364283,0.102813,10.964100,0
39.360000,-0.182250,0.526382,2.930327,-0.275734,0.539458,-1.364283,0.094394,10.950500,0
39.380000,-0.177519,0.526670,2.927508,-0.278670,0.540074,-1.364283,0.102036,10.970300,0
39.400000,-0.186452,0.529396,2.934531,-0.281606,0.540689,-1.364283,0.095822,10.672900,0
39.420000,-0.185166,0.528904,2.921774,-0.284543,0.541304,-1.364283,0.100148,11.332600,0
39.440000,-0.183155,0.526910,2.908755,-0.287479,0.541919,-1.364283,0.105398,11.732900,0
39.460000,-0.185431,0.528020,2.914454,-0.290415,0.542534,-1.364283,0.105983,11.889500,0
39.480000,-0.192868,0.530654,2.918614,-0.293351,0.543150,-1.364283,0.101257,11.982600,0
39.500000,-0.191257,0.529549,2.908827,-0.296288,0.543765,-1.364283,0.105989,12.257300,0
39.520000,-0.197664,0.531842,2.912446,-0.299224,0.544380,-1.364283,0.102331,12.084100,0
39.540000,-0.191758,0.530437,2.902188,-0.302160,0.544995,-1.364282,0.111358,12.201500,0
39.560000,-0.207582,0.533918,2.923306,-0.305097,0.545610,-1.364282,0.098213,12.087300,0
39.580000,-0.206737,0.533676,2.917116,-0.308033,0.546225,-1.364282,0.102070,12.132800,0
39.600000,-0.203274,0.533032,2.914950,-0.310969,0.546840,-1.364282,0.108576,12.361700,0
39.620000,-0.211463,0.535411,2.920735,-0.313905,0.547456,-1.364282,0.103147,12.681800,0
39.640000,-0.202867,0.533271,2.900514,-0.316842,0.548071,-1.364282,0.114932,12.142200,0
39.660000,-0.216844,0.537735,2.912570,-0.319778,0.548686,-1.364282,0.103515,12.447400,0
39.680000,-0.221321,0.538002,2.912530,-0.322714,0.549301,-1.364282,0.102021,12.446000,0
39.700000,-0.221948,0.537123,2.916594,-0.325650,0.549916,-1.364282,0.104488,12.204500,0
39.720000,-0.220148,0.536554,2.907831,-0.328587,0.550531,-1.364282,0.109336,12.133500,0
39.740000,-0.225001,0.538097,2.911045,-0.331523,0.551147,-1.364282,0.107319,12.217600,0
39.760000,-0.235723,0.539372,2.918991,-0.334459,0.551762,-1.364282,0.099511,12.466300,0
39.780000,-0.234851,0.539032,2.913619,-0.337395,0.552377,-1.364282,0.103409,12.198800,0
39.800000,-0.238440,0.538662,2.922987,-0.340332,0.552992,-1.364282,0.102895,12.539800,0
39.820000,-0.241364,0.539832,2.914415,-0.343268,0.553607,-1.364282,0.102831,12.187400,0
39.840000,-0.242621,0.538829,2.916657,-0.346204,0.554222,-1.364282,0.104721,12.219900,0
39.860000,-0.248423,0.540792,2.922914,-0.349140,0.554837,-1.364282,0.101691,12.429300,0
39.880000,-0.249301,0.542497,2.934181,-0.349773,0.554919,-1.377692,0.101237,12.321600,0
39.900000,-0.249190,0.544012,2.941612,-0.349941,0.554882,-1.397663,0.101336,12.373000,0
39.920000,-0.248525,0.544873,2.970355,-0.349937,0.554881,-1.415651,0.101905,12.228400,0
39.940000,-0.242779,0.544101,2.977130,-0.349935,0.554879,-1.433640,0.107697,12.289100,0
39.960000,-0.246077,0.545375,3.006099,-0.349932,0.554877,-1.451631,0.104288,12.437300,0
39.980000,-0.244730,0.544452,3.019742,-0.349931,0.554875,-1.469621,0.105716,12.243400,0
40.000000,-0.249266,0.545723,3.028173,-0.352175,0.555167,-1.478018,0.103341,10.582500,0
40.020000,-0.239804,0.545878,3.005746,-0.355165,0.555443,-1.478016,0.115757,10.526900,0
40.040000,-0.253452,0.546252,3.033453,-0.358155,0.555720,-1.478010,0.105131,10.514100,0
40.060000,-0.254969,0.546378,3.026032,-0.361144,0.555996,-1.478007,0.106610,10.399400,0
40.080000,-0.261657,0.546934,3.034907,-0.364133,0.556274,-1.478004,0.102901,10.501500,0
40.100000,-0.264937,0.548068,3.045700,-0.367122,0.556551,-1.478002,0.102536,11.226200,0
40.120000,-0.263631,0.548336,3.019042,-0.370110,0.556829,-1.478000,0.106818,10.640500,0
40.140000,-0.269420,0.549410,3.031742,-0.373098,0.557106,-1.477999,0.103963,11.028100,0
40.160000,-0.265275,0.548207,3.020701,-0.376086,0.557384,-1.477997,0.111191,11.062100,0
40.180000,-0.275925,0.547934,3.038217,-0.379074,0.557662,-1.477996,0.103607,10.971300,0
40.200000,-0.277337,0.548775,3.024698,-0.382061,0.557940,-1.477996,0.105125,11.689500,0
40.220000,-0.278599,0.548248,3.041501,-0.382845,0.557885,-1.489429,0.104690,11.199200,0
40.240000,-0.283166,0.550122,3.069666,-0.383019,0.557869,-1.509429,0.100153,11.489300,0
40.260000,-0.281371,0.549844,3.084427,-0.383017,0.557868,-1.527441,0.101963,10.632600,0
40.280000,-0.275522,0.550228,3.098947,-0.383014,0.557867,-1.545429,0.107763,10.690900,0
40.300000,-0.287132,0.549641,3.136682,-0.383012,0.557866,-1.563417,0.096232,11.498200,0
40.320000,-0.277456,0.550311,3.139084,-0.383010,0.557864,-1.581407,0.105824,11.788500,0
40.340000,-0.281438,0.551009,-3.122349,-0.383008,0.557863,-1.599396,0.101801,12.346000,0
40.360000,-0.274309,0.552429,-3.114938,-0.383007,0.557862,-1.617384,0.108834,12.116800,0
40.380000,-0.277797,0.554169,-3.093357,-0.383006,0.557860,-1.635373,0.105274,12.165200,0
40.400000,-0.277666,0.553582,-3.079251,-0.383005,0.557859,-1.653360,0.105426,12.045900,0
40.420000,-0.280969,0.553416,-3.053393,-0.383004,0.557857,-1.671347,0.102132,12.151100,0
40.440000,-0.278130,0.554537,-3.045867,-0.383004,0.557856,-1.689334,0.104927,12.447500,0
40.460000,-0.282009,0.553761,-3.018472,-0.382998,0.557855,-1.707377,0.101072,12.417600,0
40.480000,-0.276181,0.554619,-3.006135,-0.382992,0.557853,-1.725426,0.106860,12.280700,0
40.500000,-0.284023,0.555706,-2.980055,-0.382986,0.557852,-1.743473,0.098986,12.226700,0
40.520000,-0.283471,0.557105,-2.956702,-0.382980,0.557851,-1.761516,0.099512,12.478300,0
40.540000,-0.276977,0.558716,-2.949102,-0.382975,0.557850,-1.779554,0.106001,12.399500,0
40.560000,-0.280687,0.557677,-2.936963,-0.382970,0.557849,-1.797588,0.102283,12.344200,0
40.580000,-0.281083,0.558982,-2.913668,-0.382965,0.557847,-1.815618,0.101889,12.362700,0
40.600000,-0.274862,0.561621,-2.899039,-0.382961,0.557846,-1.833644,0.108164,12.291000,0
40.620000,-0.280264,0.560767,-2.877830,-0.382957,0.557845,-1.851667,0.102734,12.404400,0
40.640000,-0.282936,0.560491,-2.858711,-0.382953,0.557844,-1.869687,0.100052,13.015400,0
40.660000,-0.282987,0.559868,-2.839954,-0.382950,0.557843,-1.887704,0.099983,13.185700,0
40.680000,-0.287233,0.558955,-2.810180,-0.382946,0.557841,-1.905718,0.095719,12.487000,0
40.700000,-0.283741,0.560349,-2.799336,-0.382943,0.557840,-1.923731,0.099234,12.235600,0
40.720000,-0.276194,0.562999,-2.793979,-0.382940,0.557839,-1.941741,0.106871,12.510000,0
40.740000,-0.285571,0.562041,-2.760530,-0.382937,0.557838,-1.959750,0.097457,12.373300,0
40.760000,-0.280632,0.563912,-2.750911,-0.382934,0.557837,-1.977757,0.102482,12.353500,0
40.780000,-0.281433,0.565388,-2.727009,-0.382932,0.557836,-1.995763,0.101780,12.235500,0
40.800000,-0.282269,0.566381,-2.715257,-0.382929,0.557835,-2.013767,0.101022,12.457900,0
40.820000,-0.281265,0.567214,-2.692760,-0.382926,0.557833,-2.031771,0.102093,12.286700,0
40.840000,-0.278999,0.567589,-2.682108,-0.382924,0.557832,-2.049773,0.104382,12.549000,0
40.860000,-0.285212,0.565596,-2.655106,-0.382921,0.557831,-2.067774,0.098017,12.216700,0
40.880000,-0.292828,0.562083,-2.624834,-0.385294,0.556543,-2.071205,0.092632,12.202300,0
40.900000,-0.296308,0.561398,-2.645399,-0.387929,0.555102,-2.071202,0.091837,12.290500,0
40.920000,-0.297830,0.559099,-2.630438,-0.390564,0.553660,-2.071195,0.092893,12.431900,0
40.940000,-0.292532,0.562890,-2.654294,-0.393199,0.552220,-2.071186,0.101231,12.480900,0
40.960000,-0.291212,0.562048,-2.664761,-0.395833,0.550779,-2.071180,0.105226,12.237800,0
40.980000,-0.289981,0.563312,-2.673759,-0.398467,0.549339,-2.071174,0.109382,12.237300,0
41.000000,-0.295891,0.560133,-2.660179,-0.401100,0.547900,-2.071170,0.105918,12.337900,0
41.020000,-0.298649,0.559605,-2.665148,-0.403734,0.546460,-2.071166,0.105904,12.349000,0
41.040000,-0.302748,0.555558,-2.662863,-0.406367,0.545021,-2.071164,0.104153,12.287200,0
41.060000,-0.308553,0.553746,-2.638395,-0.406747,0.544813,-2.087558,0.098600,12.140300,0
41.080000,-0.305447,0.556108,-2.627544,-0.406799,0.544782,-2.106274,0.101982,11.560600,0
41.100000,-0.308314,0.555144,-2.602689,-0.406796,0.544783,-2.124261,0.099025,10.561200,0
41.120000,-0.310922,0.555004,-2.582810,-0.406793,0.544784,-2.142252,0.096414,10.439500,0
41.140000,-0.312192,0.553767,-2.554494,-0.406790,0.544784,-2.160248,0.095024,10.613300,0
41.160000,-0.306816,0.557083,-2.547264,-0.406787,0.544785,-2.178247,0.100725,11.026800,0
41.180000,-0.307513,0.557852,-2.531569,-0.406784,0.544784,-2.196248,0.100127,10.973400,0
41.200000,-0.309020,0.557668,-2.511778,-0.406781,0.544784,-2.214249,0.098606,11.113400,0
41.220000,-0.309804,0.558115,-2.491422,-0.406778,0.544784,-2.232250,0.097886,11.063300,0
41.240000,-0.311028,0.558314,-2.476993,-0.406775,0.544783,-2.250251,0.096698,11.202100,0
41.260000,-0.312388,0.558493,-2.458059,-0.406772,0.544783,-2.268251,0.095374,11.261700,0
41.280000,-0.312213,0.557964,-2.439525,-0.406770,0.544782,-2.286250,0.095472,11.030600,0
41.300000,-0.312523,0.558985,-2.418034,-0.406767,0.544782,-2.304248,0.095308,10.763500,0
41.320000,-0.308648,0.565312,-2.413366,-0.406765,0.544781,-2.322246,0.100242,11.658900,0
41.340000,-0.312363,0.561269,-2.383631,-0.406763,0.544780,-2.340242,0.095829,12.160700,0
41.360000,-0.308251,0.564652,-2.378670,-0.406760,0.544780,-2.358237,0.100493,12.304700,0
41.380000,-0.313666,0.563097,-2.353582,-0.406758,0.544779,-2.376232,0.094877,12.270000,0
41.400000,-0.317532,0.560154,-2.327648,-0.406756,0.544778,-2.394226,0.090540,12.238700,0
41.420000,-0.315907,0.561790,-2.316808,-0.406754,0.544777,-2.412219,0.092426,12.350400,0
41.440000,-0.315660,0.563564,-2.297847,-0.406752,0.544777,-2.430211,0.093010,12.357800,0
41.460000,-0.320648,0.558978,-2.266378,-0.406750,0.544776,-2.448203,0.087265,12.599000,0
41.480000,-0.322492,0.555847,-2.267657,-0.408590,0.542693,-2.449613,0.087097,13.002600,0
41.500000,-0.321432,0.558327,-2.266854,-0.410507,0.540379,-2.449606,0.090865,10.518000,0
41.520000,-0.321720,0.556784,-2.268904,-0.412423,0.538067,-2.449596,0.092614,10.504400,0
41.540000,-0.326007,0.550505,-2.267599,-0.414339,0.535755,-2.449588,0.089555,10.527500,0
41.560000,-0.323163,0.551408,-2.271903,-0.416255,0.533443,-2.449582,0.094809,10.874100,0
41.580000,-0.329597,0.546609,-2.271888,-0.418171,0.531132,-2.449578,0.089916,11.096400,0
41.600000,-0.325391,0.549725,-2.278781,-0.420087,0.528822,-2.449574,0.096975,11.329900,0
41.620000,-0.324478,0.551986,-2.300813,-0.422002,0.526511,-2.449572,0.100796,11.109600,0
41.640000,-0.334838,0.541723,-2.272631,-0.423917,0.524201,-2.449570,0.090786,10.768700,0
41.660000,-0.339476,0.534673,-2.264181,-0.425832,0.521891,-2.449569,0.087297,11.707700,0
41.680000,-0.339141,0.535913,-2.275956,-0.427747,0.519580,-2.449568,0.090098,13.376700,0
41.700000,-0.336263,0.539575,-2.293613,-0.429662,0.517270,-2.449568,0.096026,12.317300,0
41.720000,-0.339245,0.535959,-2.283218,-0.431576,0.514960,-2.449567,0.094689,12.488300,0
41.740000,-0.342699,0.532717,-2.284193,-0.433491,0.512650,-2.449566,0.092983,12.519900,0
41.760000,-0.345678,0.527930,-2.274437,-0.435406,0.510340,-2.449566,0.091436,12.391700,0
41.780000,-0.347825,0.524926,-2.266225,-0.437320,0.508030,-2.449566,0.091076,12.684500,0
41.800000,-0.349305,0.520560,-2.267469,-0.439235,0.505720,-2.449565,0.091146,10.593500,0
41.820000,-0.353887,0.517573,-2.262601,-0.441149,0.503410,-2.449565,0.088404,10.573900,0
41.840000,-0.351670,0.519583,-2.279961,-0.443063,0.501101,-2.449565,0.093243,10.597800,0
41.860000,-0.359587,0.509617,-2.257865,-0.444978,0.498791,-2.449565,0.086075,10.937300,0
41.880000,-0.354332,0.518259,-2.281348,-0.446892,0.496481,-2.449565,0.095087,11.447100,0
41.900000,-0.354905,0.515853,-2.283375,-0.448807,0.494171,-2.449565,0.096373,11.351900,0
41.920000,-0.358995,0.512623,-2.280148,-0.450721,0.491861,-2.449565,0.094046,10.932900,0
41.940000,-0.361433,0.510211,-2.282296,-0.452635,0.489551,-2.449565,0.093513,11.884700,0
41.960000,-0.366990,0.505353,-2.271334,-0.454550,0.487241,-2.449565,0.089414,12.294800,0
41.980000,-0.369711,0.500255,-2.255436,-0.456464,0.484931,-2.449565,0.088096,12.483300,0
42.000000,-0.366537,0.502117,-2.275815,-0.458378,0.482622,-2.449565,0.093887,12.410000,0
42.020000,-0.364544,0.506148,-2.303217,-0.460292,0.480312,-2.449565,0.099173,12.394400,0
42.040000,-0.368073,0.500744,-2.292328,-0.462207,0.478002,-2.449564,0.096842,12.317800,0
42.060000,-0.366445,0.504381,-2.307847,-0.464121,0.475692,-2.449564,0.101802,12.384600,0
42.080000,-0.371051,0.497320,-2.285814,-0.466035,0.473382,-2.449564,0.097954,12.377600,0
42.100000,-0.375937,0.491631,-2.280664,-0.467950,0.471072,-2.449564,0.094282,12.235200,0
42.120000,-0.380139,0.487987,-2.288445,-0.469864,0.468762,-2.449564,0.091762,10.938900,0
42.140000,-0.379623,0.488100,-2.285083,-0.471778,0.466452,-2.449564,0.094663,10.487000,0
42.160000,-0.383559,0.485654,-2.283154,-0.473693,0.464143,-2.449564,0.092666,10.726500,0
42.180000,-0.391412,0.476854,-2.254834,-0.475607,0.461833,-2.449564,0.085524,10.682400,0
42.200000,-0.390540,0.479891,-2.281398,-0.477521,0.459523,-2.449564,0.089334,11.111000,0
42.220000,-0.388989,0.479455,-2.282553,-0.479436,0.457213,-2.449564,0.093142,11.179300,0
42.240000,-0.391342,0.475785,-2.283187,-0.481350,0.454903,-2.449564,0.092399,11.152200,0
42.260000,-0.392176,0.475459,-2.282248,-0.483264,0.452593,-2.449564,0.093915,11.230300,0
42.280000,-0.387085,0.477431,-2.297362,-0.485178,0.450283,-2.449564,0.101780,11.272500,0
42.300000,-0.396452,0.466872,-2.276762,-0.487093,0.447974,-2.449564,0.092590,11.143900,0
42.320000,-0.407073,0.456312,-2.256145,-0.489007,0.445664,-2.449564,0.082623,11.290600,0
42.340000,-0.402359,0.463935,-2.270581,-0.490921,0.443354,-2.449564,0.090922,11.219800,0
42.360000,-0.405459,0.459091,-2.259390,-0.492836,0.441044,-2.449564,0.089221,11.245000,0
42.380000,-0.406294,0.461087,-2.273827,-0.494750,0.438734,-2.449564,0.091237,11.186700,0
42.400000,-0.407538,0.457571,-2.268136,-0.496664,0.436424,-2.449564,0.091601,11.272400,0
42.420000,-0.412287,0.453128,-2.267845,-0.498579,0.434114,-2.449564,0.088362,11.293900,0
42.440000,-0.406985,0.458395,-2.302380,-0.500493,0.431805,-2.449564,0.097215,11.466700,0
42.460000,-0.412580,0.449026,-2.274378,-0.502407,0.429495,-2.449564,0.091926,11.305300,0
42.480000,-0.415977,0.445217,-2.276613,-0.504321,0.427185,-2.449564,0.090166,11.315400,0
42.500000,-0.414071,0.448840,-2.294495,-0.506236,0.424875,-2.449564,0.095230,11.299500,0
42.520000,-0.417057,0.444272,-2.284314,-0.508150,0.422565,-2.449564,0.093644,11.287600,0
42.540000,-0.415849,0.446580,-2.295701,-0.510064,0.420255,-2.449564,0.097824,11.320100,0
42.560000,-0.422980,0.437228,-2.281729,-0.511979,0.417945,-2.449564,0.091064,11.573900,0
42.580000,-0.423273,0.437622,-2.281000,-0.513893,0.415636,-2.449564,0.093249,11.348000,0
42.600000,-0.425046,0.435677,-2.283229,-0.515807,0.413326,-2.449564,0.093472,11.320000,0
42.620000,-0.423773,0.438277,-2.291545,-0.517722,0.411016,-2.449564,0.097824,11.384400,0
42.640000,-0.430261,0.431147,-2.282241,-0.519636,0.408706,-2.449564,0.092150,11.418000,0
42.660000,-0.433638,0.424333,-2.275309,-0.521550,0.406396,-2.449564,0.089723,11.405400,0
42.680000,-0.437040,0.419665,-2.262378,-0.523464,0.404086,-2.449564,0.087817,11.286900,0
42.700000,-0.431607,0.427242,-2.285344,-0.525379,0.401776,-2.449564,0.097168,11.419400,0
42.720000,-0.440225,0.417517,-2.288536,-0.527293,0.399467,-2.449564,0.088919,11.338600,0
42.740000,-0.437886,0.421637,-2.262288,-0.527519,0.399191,-2.467016,0.092401,11.206100,0
42.760000,-0.439792,0.420948,-2.239689,-0.527532,0.399174,-2.485294,0.090401,11.410800,0
42.780000,-0.442647,0.416508,-2.217948,-0.527529,0.399176,-2.503285,0.086633,11.371400,0
42.800000,-0.436621,0.425383,-2.211074,-0.527526,0.399178,-2.521278,0.094606,11.615200,0
42.820000,-0.441482,0.419422,-2.181502,-0.527523,0.399179,-2.539274,0.088391,11.314200,0
42.840000,-0.446281,0.416006,-2.168405,-0.527520,0.399180,-2.557270,0.082964,11.399400,0
42.860000,-0.443078,0.421969,-2.167347,-0.529171,0.397075,-2.557388,0.089620,11.469200,0
42.880000,-0.440375,0.428032,-2.192202,-0.530827,0.394570,-2.557382,0.096443,11.406000,0
42.900000,-0.445634,0.416953,-2.174984,-0.532484,0.392065,-2.557378,0.090346,11.330800,0
42.920000,-0.447560,0.416654,-2.177903,-0.534140,0.389561,-2.557374,0.090720,11.314000,0
42.940000,-0.447981,0.416362,-2.181295,-0.535795,0.387057,-2.557372,0.092574,11.404100,0
42.960000,-0.449303,0.412334,-2.182455,-0.537451,0.384554,-2.557370,0.092422,11.394200,0
42.980000,-0.450962,0.408090,-2.181142,-0.539106,0.382050,-2.557369,0.091910,11.294700,0
43.000000,-0.453015,0.404478,-2.177666,-0.540762,0.379547,-2.557368,0.091220,11.444100,0
43.020000,-0.456847,0.400367,-2.175409,-0.542417,0.377045,-2.557367,0.088691,11.589100,0
43.040000,-0.456965,0.401766,-2.190512,-0.544072,0.374542,-2.557366,0.091262,11.171200,0
43.060000,-0.462066,0.394312,-2.169172,-0.545727,0.372039,-2.557366,0.086575,11.374500,0
43.080000,-0.465368,0.388681,-2.152972,-0.547382,0.369536,-2.557365,0.084218,11.288600,0
43.100000,-0.461629,0.394699,-2.176068,-0.549037,0.367034,-2.557365,0.091682,11.447600,0
43.120000,-0.467714,0.388515,-2.165769,-0.550692,0.364531,-2.557365,0.086375,11.383600,0
43.140000,-0.470425,0.383730,-2.163274,-0.552347,0.362029,-2.557365,0.084747,11.626700,0
43.160000,-0.470804,0.380603,-2.165039,-0.554001,0.359526,-2.557365,0.085825,11.696400,0
43.180000,-0.477244,0.371674,-2.135320,-0.555656,0.357024,-2.557365,0.079769,11.292900,0
43.200000,-0.475202,0.375891,-2.165477,-0.557311,0.354521,-2.557364,0.084844,11.248800,0
43.220000,-0.473554,0.377974,-2.160296,-0.558966,0.352019,-2.557364,0.089268,11.422000,0
43.240000,-0.479237,0.367733,-2.157477,-0.560620,0.349516,-2.557364,0.083397,11.203300,0
43.260000,-0.481562,0.363502,-2.150881,-0.562275,0.347014,-2.557364,0.082380,11.342100,0
43.280000,-0.483162,0.363034,-2.160947,-0.563930,0.344511,-2.557364,0.082864,11.261000,0
43.300000,-0.485215,0.360488,-2.159182,-0.565584,0.342009,-2.557364,0.082466,11.323800,0
43.320000,-0.483112,0.362853,-2.159825,-0.567239,0.339507,-2.557364,0.087307,11.262600,0
43.340000,-0.486609,0.357131,-2.158878,-0.568894,0.337004,-2.557364,0.084710,11.442800,0
43.360000,-0.486988,0.357799,-2.165695,-0.570548,0.334502,-2.557364,0.086747,11.887500,0
43.380000,-0.493714,0.348004,-2.143596,-0.572203,0.331999,-2.557364,0.080104,11.327500,0
43.400000,-0.489988,0.354649,-2.169037,-0.573858,0.329497,-2.557364,0.087560,11.278200,0
43.420000,-0.485971,0.362026,-2.197554,-0.575512,0.326994,-2.557364,0.096150,11.309900,0
43.440000,-0.495275,0.350223,-2.171383,-0.577167,0.324492,-2.557364,0.085839,11.423800,0
43.460000,-0.499120,0.341820,-2.157386,-0.578822,0.321990,-2.557364,0.082131,11.369600,0
43.480000,-0.495834,0.347690,-2.171301,-0.580476,0.319487,-2.557364,0.089217,11.169900,0
43.500000,-0.493362,0.349044,-2.189159,-0.582131,0.316985,-2.557364,0.094381,11.313400,0
43.520000,-0.498139,0.340727,-2.178584,-0.583786,0.314482,-2.557364,0.089578,11.245500,0
43.540000,-0.499694,0.335360,-2.177896,-0.585440,0.311980,-2.557364,0.088876,11.275900,0
43.560000,-0.499773,0.335036,-2.169450,-0.587095,0.309478,-2.557364,0.090986,11.664700,0
43.580000,-0.502757,0.336686,-2.179581,-0.588750,0.306975,-2.557364,0.090981,11.291800,0
43.600000,-0.505440,0.329986,-2.156395,-0.588802,0.306641,-2.574216,0.086570,11.206700,0
43.620000,-0.505200,0.328517,-2.136972,-0.588799,0.306644,-2.592201,0.086413,11.269600,0
43.640000,-0.508627,0.325933,-2.110614,-0.588796,0.306647,-2.610190,0.082456,11.322300,0
43.660000,-0.504548,0.333923,-2.104396,-0.588793,0.306649,-2.628183,0.088550,11.399200,0
43.680000,-0.506745,0.331087,-2.073133,-0.588790,0.306650,-2.646177,0.085607,11.186600,0
43.700000,-0.506656,0.334624,-2.062130,-0.588787,0.306651,-2.664172,0.086764,11.329400,0
43.720000,-0.505690,0.338618,-2.089938,-0.590163,0.304495,-2.664261,0.091105,11.251600,0
43.740000,-0.509356,0.330562,-2.069832,-0.591543,0.301828,-2.664256,0.087066,11.427300,0
43.760000,-0.509206,0.331938,-2.073808,-0.592923,0.299161,-2.664252,0.089905,10.596200,0
43.780000,-0.513006,0.326400,-2.077637,-0.594302,0.296494,-2.664248,0.086623,11.128100,0
43.800000,-0.513781,0.323100,-2.060550,-0.595681,0.293828,-2.664246,0.086974,12.108500,0
43.820000,-0.515229,0.321086,-2.064767,-0.597060,0.291162,-2.664244,0.087131,12.054300,0
43.840000,-0.519424,0.316930,-2.067353,-0.598439,0.288497,-2.664243,0.083975,12.234900,0
43.860000,-0.518518,0.317639,-2.073136,-0.599818,0.285832,-2.664241,0.087301,12.272700,0
43.880000,-0.521086,0.312640,-2.068174,-0.601197,0.283166,-2.664241,0.085361,12.196600,0
43.900000,-0.520177,0.316266,-2.086867,-0.602576,0.280501,-2.664240,0.089826,12.213700,0
43.920000,-0.523427,0.307094,-2.065816,-0.603954,0.277836,-2.664240,0.085677,12.128100,0
43.940000,-0.520566,0.309788,-2.075654,-0.605333,0.275172,-2.664239,0.091563,12.210900,0
43.960000,-0.525609,0.300273,-2.064962,-0.606711,0.272507,-2.664239,0.085723,12.148100,0
43.980000,-0.526379,0.298837,-2.047003,-0.606729,0.272083,-2.681710,0.084687,12.218200,0
44.000000,-0.525631,0.300913,-2.030801,-0.606734,0.272071,-2.699893,0.086079,12.123600,0
44.020000,-0.523879,0.305509,-2.011052,-0.606731,0.272074,-2.717881,0.089344,12.374800,0
44.040000,-0.529365,0.298994,-1.990711,-0.606729,0.272076,-2.735871,0.081913,12.180000,0
44.060000,-0.527365,0.300516,-1.970799,-0.606727,0.272077,-2.753862,0.084304,12.440500,0
44.080000,-0.525808,0.307449,-1.967547,-0.606724,0.272079,-2.771855,0.088309,12.094000,0
44.100000,-0.528816,0.301175,-1.935055,-0.606722,0.272080,-2.789847,0.083162,12.459200,0
44.120000,-0.531086,0.295344,-1.909279,-0.606720,0.272080,-2.807840,0.079131,12.463100,0
44.140000,-0.527474,0.306352,-1.912550,-0.606718,0.272081,-2.825832,0.086337,12.594700,0
44.160000,-0.532586,0.296387,-1.876114,-0.606715,0.272081,-2.843823,0.078012,12.307800,0
44.180000,-0.531765,0.302596,-1.862479,-0.606713,0.272081,-2.861813,0.080922,12.222100,0
44.200000,-0.534763,0.296886,-1.845289,-0.606711,0.272082,-2.879803,0.076104,12.604200,0
44.220000,-0.533500,0.305656,-1.834371,-0.606709,0.272082,-2.897791,0.080541,12.387200,0
44.240000,-0.534088,0.301263,-1.806385,-0.606707,0.272082,-2.915780,0.078263,12.681300,0
44.260000,-0.532173,0.308844,-1.802156,-0.606705,0.272082,-2.933767,0.083105,12.296900,0
44.280000,-0.534962,0.306449,-1.783408,-0.606703,0.272082,-2.951753,0.079548,12.226100,0
44.300000,-0.537279,0.302186,-1.755133,-0.606701,0.272082,-2.969740,0.075668,11.450000,0
44.320000,-0.534882,0.311970,-1.774266,-0.607123,0.269775,-2.977185,0.083661,10.674100,0
44.340000,-0.538693,0.294481,-1.749284,-0.607614,0.266811,-2.977182,0.074268,10.655300,0
44.360000,-0.537523,0.305845,-1.770298,-0.608104,0.263848,-2.977170,0.082130,10.576700,0
44.380000,-0.539890,0.287445,-1.753054,-0.608595,0.260885,-2.977162,0.073660,10.634500,0
44.400000,-0.539447,0.297549,-1.768770,-0.609086,0.257923,-2.977155,0.080124,10.573900,0
44.420000,-0.540052,0.286021,-1.748951,-0.609577,0.254962,-2.977151,0.076147,10.936500,0
44.440000,-0.541304,0.286258,-1.758120,-0.610068,0.252001,-2.977148,0.076825,11.035300,0
44.460000,-0.541015,0.281534,-1.747870,-0.610560,0.249040,-2.977146,0.076762,11.046400,0
44.480000,-0.540072,0.291677,-1.776839,-0.611051,0.246079,-2.977145,0.084364,11.170800,0
44.500000,-0.541687,0.272601,-1.748788,-0.611543,0.243119,-2.977144,0.075823,11.372800,0
44.520000,-0.540959,0.270655,-1.756427,-0.612034,0.240159,-2.977143,0.077341,11.305900,0
44.540000,-0.541432,0.277944,-1.768687,-0.612525,0.237199,-2.977143,0.081942,11.280000,0
44.560000,-0.543410,0.263007,-1.750374,-0.613017,0.234239,-2.977142,0.075318,11.355900,0
44.580000,-0.545752,0.254635,-1.731710,-0.613508,0.231279,-2.977141,0.071668,11.191300,0
44.600000,-0.544425,0.261100,-1.755486,-0.613999,0.228320,-2.977140,0.076910,10.398300,0
44.620000,-0.545178,0.257201,-1.753831,-0.614491,0.225360,-2.977140,0.076277,10.555200,0
44.640000,-0.544893,0.258605,-1.741202,-0.614567,0.224668,-2.989778,0.077499,10.667700,0
44.660000,-0.546453,0.256344,-1.718928,-0.614538,0.224496,-3.009778,0.075165,10.674500,0
44.680000,-0.545326,0.256762,-1.706092,-0.614537,0.224498,-3.027780,0.076362,10.620200,0
44.700000,-0.545109,0.256439,-1.689745,-0.614536,0.224501,-3.045769,0.076421,11.044400,0
44.720000,-0.545673,0.259028,-1.664992,-0.614534,0.224504,-3.063758,0.077031,11.039400,0
44.740000,-0.548063,0.258896,-1.652642,-0.614533,0.224505,-3.081748,0.074840,10.955400,0
44.760000,-0.548125,0.260752,-1.648908,-0.614749,0.222308,-3.090756,0.076920,11.025300,0
44.780000,-0.549124,0.253086,-1.638960,-0.614900,0.219309,-3.090754,0.073942,11.174800,0
44.800000,-0.549671,0.248245,-1.633239,-0.615051,0.216310,-3.090750,0.072763,11.097600,0
44.820000,-0.548811,0.249059,-1.632873,-0.615202,0.213312,-3.090747,0.075403,11.202600,0
44.840000,-0.548117,0.249838,-1.652825,-0.615353,0.210314,-3.090744,0.077993,11.347700,0
44.860000,-0.548320,0.246052,-1.641329,-0.615505,0.207316,-3.090741,0.077552,11.131600,0
44.880000,-0.549572,0.240228,-1.649070,-0.615657,0.204319,-3.090739,0.075211,11.218600,0
44.900000,-0.550954,0.243775,-1.651390,-0.615809,0.201322,-3.090738,0.077514,11.131200,0
44.920000,-0.550570,0.230773,-1.641012,-0.615962,0.198325,-3.090736,0.073000,10.667300,0
44.940000,-0.551752,0.223744,-1.635528,-0.616114,0.195328,-3.090735,0.070355,11.087600,0
44.960000,-0.551539,0.223389,-1.640227,-0.616267,0.192332,-3.090735,0.071793,11.812100,0
44.980000,-0.550993,0.228472,-1.656316,-0.616419,0.189335,-3.090734,0.076238,12.022000,0
45.000000,-0.552630,0.219071,-1.640350,-0.616572,0.186339,-3.090734,0.071833,12.140400,0
45.020000,-0.552237,0.218405,-1.641605,-0.616724,0.183343,-3.090733,0.073403,12.046700,0
45.040000,-0.551572,0.238095,-1.672467,-0.616877,0.180346,-3.090733,0.087177,12.098600,0
45.060000,-0.553457,0.205686,-1.630080,-0.617029,0.177350,-3.090733,0.069601,12.583300,0
45.080000,-0.551900,0.198716,-1.623255,-0.617182,0.174354,-3.090733,0.069679,12.448700,0
45.100000,-0.554463,0.190369,-1.616836,-0.617334,0.171358,-3.090733,0.065683,12.208400,0
45.120000,-0.553466,0.180768,-1.599416,-0.617487,0.168361,-3.090733,0.065212,12.350800,0
45.140000,-0.554202,0.191491,-1.604317,-0.617452,0.167496,-3.101051,0.067649,12.280200,0
45.160000,-0.553806,0.198063,-1.604360,-0.617443,0.167323,-3.121049,0.070672,12.358300,0
45.180000,-0.553963,0.195941,-1.584459,-0.617442,0.167321,-3.139098,0.069632,12.280900,0
45.200000,-0.555533,0.200201,-1.581673,-0.617441,0.167324,3.126099,0.070096,12.306700,0
45.220000,-0.555527,0.198382,-1.553831,-0.617440,0.167326,3.108110,0.069266,12.254400,0
45.240000,-0.556277,0.198303,-1.538366,-0.617439,0.167329,3.090121,0.068558,12.477800,0
45.260000,-0.556670,0.199924,-1.533949,-0.617316,0.165156,3.080828,0.069905,12.822200,0
45.280000,-0.555289,0.192933,-1.523774,-0.617131,0.162159,3.080830,0.069076,12.296800,0
45.300000,-0.554282,0.202353,-1.548250,-0.616947,0.159162,3.080836,0.076108,12.599100,0
45.320000,-0.555632,0.185661,-1.518949,-0.616763,0.156165,3.080839,0.067875,12.945900,0
45.340000,-0.555043,0.170021,-1.500652,-0.616580,0.153169,3.080842,0.063803,12.768300,0
45.360000,-0.555839,0.186020,-1.524306,-0.616397,0.150173,3.080844,0.070372,12.662300,0
45.380000,-0.555574,0.190316,-1.544378,-0.616214,0.147178,3.080846,0.074419,12.408800,0
45.400000,-0.555366,0.170902,-1.518625,-0.616032,0.144182,3.080848,0.066290,12.794300,0
45.420000,-0.555058,0.173092,-1.522186,-0.615849,0.141187,3.080849,0.068655,12.411500,0
45.440000,-0.552940,0.173640,-1.533925,-0.615667,0.138192,3.080850,0.072050,12.406900,0
45.460000,-0.553889,0.162919,-1.521287,-0.615485,0.135197,3.080851,0.067547,12.582400,0
45.480000,-0.552102,0.152836,-1.507824,-0.615303,0.132202,3.080851,0.066484,10.742500,0
45.500000,-0.553534,0.154398,-1.508565,-0.615121,0.129208,3.080852,0.066539,10.518700,0
45.520000,-0.555382,0.153334,-1.512858,-0.614938,0.126213,3.080852,0.065440,10.572000,0
45.540000,-0.555540,0.153705,-1.519778,-0.614756,0.123218,3.080852,0.066603,10.396400,0
45.560000,-0.554068,0.150545,-1.524514,-0.614574,0.120224,3.080853,0.067678,10.596900,0
45.580000,-0.554567,0.153111,-1.526992,-0.614392,0.117229,3.080853,0.069761,10.795100,0
45.600000,-0.554181,0.157539,-1.547722,-0.614210,0.114234,3.080853,0.074019,10.629200,0
45.620000,-0.553976,0.144474,-1.529267,-0.614028,0.111240,3.080853,0.068635,10.879300,0
45.640000,-0.555672,0.143876,-1.530640,-0.613846,0.108245,3.080853,0.068219,11.720800,0
45.660000,-0.556962,0.146245,-1.538490,-0.613664,0.105251,3.080853,0.069969,12.074200,0
45.680000,-0.556479,0.113257,-1.491142,-0.613482,0.102256,3.080853,0.058055,12.295000,0
45.700000,-0.555084,0.133585,-1.532818,-0.613522,0.101412,3.091463,0.066709,12.252500,0
45.720000,-0.553819,0.125406,-1.549375,-0.613533,0.101239,3.111461,0.064419,12.227700,0
45.740000,-0.552940,0.129132,-1.562925,-0.613534,0.101240,3.129475,0.066705,12.317000,0
45.760000,-0.551033,0.128188,-1.583552,-0.613535,0.101243,-3.135722,0.068063,12.313600,0
45.780000,-0.550910,0.132909,-1.603463,-0.613536,0.101246,-3.117733,0.070176,12.261800,0
45.800000,-0.549817,0.129213,-1.624687,-0.613537,0.101248,-3.099743,0.069587,12.329500,0
45.820000,-0.550289,0.133355,-1.640774,-0.613637,0.099085,-3.090332,0.072024,12.306100,0
45.840000,-0.551055,0.118923,-1.617797,-0.613793,0.096086,-3.090334,0.066766,12.225400,0
45.860000,-0.551485,0.121785,-1.628588,-0.613949,0.093088,-3.090338,0.068740,13.032700,0
45.880000,-0.551769,0.118482,-1.633543,-0.614105,0.090089,-3.090341,0.068498,12.318300,0
45.900000,-0.550961,0.107607,-1.615701,-0.614259,0.087092,-3.090344,0.066540,12.322900,0
45.920000,-0.549152,0.118265,-1.634262,-0.614414,0.084094,-3.090346,0.073666,12.389500,0
45.940000,-0.551245,0.112125,-1.639516,-0.614568,0.081097,-3.090348,0.070516,12.154900,0
45.960000,-0.551318,0.116602,-1.657346,-0.614722,0.078100,-3.090350,0.074178,12.334600,0
45.980000,-0.551918,0.107196,-1.631122,-0.614876,0.075103,-3.090351,0.070666,10.559700,0
46.000000,-0.551670,0.097157,-1.634677,-0.615030,0.072107,-3.090352,0.068132,10.433300,0
46.020000,-0.551363,0.107876,-1.646662,-0.615184,0.069110,-3.090353,0.074672,10.918100,0
46.040000,-0.553271,0.099505,-1.644858,-0.615337,0.066114,-3.090354,0.070478,10.537000,0
46.060000,-0.551538,0.105274,-1.653609,-0.615491,0.063117,-3.090354,0.076598,10.450700,0
46.080000,-0.552584,0.092222,-1.639502,-0.615645,0.060121,-3.090354,0.070762,10.562400,0
46.100000,-0.552827,0.094080,-1.645604,-0.615798,0.057125,-3.090355,0.073014,10.815200,0
46.120000,-0.552338,0.078398,-1.630018,-0.615952,0.054129,-3.090355,0.068086,10.961900,0
46.140000,-0.552996,0.080525,-1.631340,-0.616106,0.051132,-3.090355,0.069619,11.203100,0
46.160000,-0.554637,0.068339,-1.615611,-0.616259,0.048136,-3.090355,0.064850,11.273800,0
46.180000,-0.554564,0.072510,-1.627246,-0.616413,0.045140,-3.090355,0.067635,11.052200,0
46.200000,-0.555926,0.057084,-1.611192,-0.616566,0.042144,-3.090355,0.062453,11.148100,0
46.220000,-0.557359,0.061609,-1.626570,-0.616720,0.039148,-3.090355,0.063468,10.926000,0
46.240000,-0.555273,0.063728,-1.623720,-0.616874,0.036152,-3.090355,0.067491,10.784200,0
46.260000,-0.556319,0.060331,-1.629931,-0.617027,0.033156,-3.090355,0.066512,11.735600,0
46.280000,-0.555769,0.059725,-1.631573,-0.617181,0.030160,-3.090355,0.068158,12.200600,0
46.300000,-0.556185,0.046530,-1.614392,-0.617335,0.027164,-3.090355,0.064143,12.581900,0
46.320000,-0.555460,0.049192,-1.630602,-0.617488,0.024167,-3.090355,0.066886,12.450900,0
46.340000,-0.556580,0.050281,-1.628233,-0.617642,0.021171,-3.090355,0.067645,12.230100,0
46.360000,-0.556916,0.033084,-1.613555,-0.617795,0.018175,-3.090355,0.062678,12.314100,0
46.380000,-0.557008,0.044505,-1.627388,-0.617949,0.015179,-3.090355,0.067630,12.400900,0
46.400000,-0.558129,0.026297,-1.608845,-0.618103,0.012183,-3.090355,0.061612,12.547300,0
46.420000,-0.558313,0.041542,-1.639657,-0.618256,0.009187,-3.090355,0.068118,12.528200,0
46.440000,-0.557702,0.045422,-1.644635,-0.618410,0.006191,-3.090355,0.072281,12.231400,0
46.460000,-0.557626,0.046406,-1.654857,-0.618564,0.003195,-3.090355,0.074703,12.398800,0
46.480000,-0.559004,0.037011,-1.642415,-0.618717,0.000199,-3.090355,0.070148,12.271600,0
46.500000,-0.558301,0.030311,-1.640167,-0.618871,-0.002797,-3.090355,0.069028,12.426700,0
46.520000,-0.558056,0.030662,-1.645246,-0.619025,-0.005793,-3.090355,0.071036,12.171700,0
46.540000,-0.557371,0.024814,-1.637225,-0.619178,-0.008789,-3.090355,0.070351,12.268200,0
46.560000,-0.557045,0.026322,-1.652458,-0.619332,-0.011785,-3.090355,0.073019,12.285500,0
46.580000,-0.558036,0.016534,-1.638139,-0.619486,-0.014781,-3.090355,0.068969,12.535800,0
46.600000,-0.558476,0.011817,-1.624194,-0.619639,-0.017778,-3.090355,0.067947,12.274000,0
46.620000,-0.558716,0.019486,-1.648705,-0.619793,-0.020774,-3.090355,0.073152,12.202500,0
46.640000,-0.560726,0.008324,-1.639071,-0.619946,-0.023770,-3.090355,0.067357,12.418300,0
46.660000,-0.560342,-0.001423,-1.620012,-0.620100,-0.026766,-3.090355,0.064910,12.626000,0
46.680000,-0.560112,0.000226,-1.633305,-0.620254,-0.029762,-3.090355,0.067203,12.431800,0
46.700000,-0.559856,-0.008970,-1.624567,-0.620407,-0.032758,-3.090355,0.065056,12.212000,0
46.720000,-0.559957,-0.010909,-1.621432,-0.620561,-0.035754,-3.090355,0.065499,12.269500,0
46.740000,-0.560295,-0.002977,-1.638353,-0.620715,-0.038750,-3.090355,0.070216,12.264300,0
46.760000,-0.561331,-0.014490,-1.633773,-0.620868,-0.041746,-3.090355,0.065479,12.345700,0
46.780000,-0.560738,-0.015287,-1.632872,-0.621022,-0.044742,-3.090355,0.067095,12.237500,0
46.800000,-0.562596,-0.016116,-1.640279,-0.621176,-0.047738,-3.090355,0.066570,12.182300,0
46.820000,-0.563311,-0.021829,-1.631548,-0.621329,-0.050734,-3.090355,0.064820,12.266300,0
46.840000,-0.564038,-0.023326,-1.633435,-0.621483,-0.053730,-3.090355,0.064995,12.481800,0
46.860000,-0.562149,-0.013492,-1.656871,-0.621637,-0.056726,-3.090355,0.073539,12.713100,0
46.880000,-0.562974,-0.028809,-1.631941,-0.621790,-0.059722,-3.090355,0.066445,12.165100,0
46.900000,-0.563186,-0.022990,-1.647715,-0.621944,-0.062718,-3.090355,0.070928,12.198300,0
46.920000,-0.562869,-0.032329,-1.644254,-0.622098,-0.065715,-3.090355,0.067991,12.309700,0
46.940000,-0.561954,-0.032610,-1.645791,-0.622251,-0.068711,-3.090355,0.070278,12.502600,0
46.960000,-0.561168,-0.044098,-1.638940,-0.622405,-0.071707,-3.090355,0.067173,12.253900,0
46.980000,-0.562397,-0.036240,-1.653769,-0.622558,-0.074703,-3.090355,0.071406,12.199900,0
47.000000,-0.562896,-0.043188,-1.644047,-0.622712,-0.077699,-3.090355,0.069058,12.586000,0
47.020000,-0.561913,-0.037347,-1.658705,-0.622866,-0.080695,-3.090355,0.074795,12.426200,0
47.040000,-0.562400,-0.052792,-1.630125,-0.623019,-0.083691,-3.090355,0.068040,12.516400,0
47.060000,-0.563071,-0.062232,-1.627271,-0.623173,-0.086687,-3.090355,0.064887,12.398500,0
47.080000,-0.562872,-0.067126,-1.628920,-0.623327,-0.089683,-3.090355,0.064526,12.196700,0
47.100000,-0.563740,-0.063558,-1.627419,-0.623480,-0.092679,-3.090355,0.066459,12.269400,0
47.120000,-0.565570,-0.067370,-1.634591,-0.623634,-0.095675,-3.090355,0.064595,12.260200,0
47.140000,-0.565190,-0.061401,-1.642776,-0.623788,-0.098671,-3.090355,0.069446,12.276800,0
47.160000,-0.564655,-0.063655,-1.649762,-0.623941,-0.101667,-3.090355,0.070425,12.328000,0
47.180000,-0.564443,-0.068646,-1.647336,-0.624095,-0.104663,-3.090355,0.069682,12.737000,0
47.200000,-0.563725,-0.068830,-1.646555,-0.624249,-0.107659,-3.090355,0.071909,12.337900,0
47.220000,-0.564379,-0.069309,-1.645823,-0.624402,-0.110655,-3.090355,0.072886,12.260900,0
47.240000,-0.563075,-0.072647,-1.647095,-0.624556,-0.113652,-3.090355,0.073901,12.538400,0
47.260000,-0.565611,-0.083235,-1.645083,-0.624709,-0.116648,-3.090355,0.067889,12.321000,0
47.280000,-0.563883,-0.077576,-1.649555,-0.624863,-0.119644,-3.090355,0.074083,12.203600,0
47.300000,-0.565967,-0.093800,-1.633845,-0.625017,-0.122640,-3.090355,0.065716,12.445300,0
47.320000,-0.566350,-0.098260,-1.624052,-0.625170,-0.125636,-3.090355,0.064878,12.167900,0
47.340000,-0.567620,-0.115809,-1.612799,-0.625324,-0.128632,-3.090355,0.059111,12.298600,0
47.360000,-0.566820,-0.099252,-1.634528,-0.625478,-0.131628,-3.090355,0.067000,12.250800,0
47.380000,-0.565914,-0.106143,-1.628298,-0.625631,-0.134624,-3.090355,0.066161,12.230900,0
47.400000,-0.567726,-0.110076,-1.626573,-0.625785,-0.137620,-3.090355,0.064261,12.435800,0
47.420000,-0.566346,-0.116107,-1.623294,-0.625939,-0.140616,-3.090355,0.064437,12.147000,0
47.440000,-0.567094,-0.115216,-1.630033,-0.626092,-0.143612,-3.090355,0.065476,12.120700,0
47.460000,-0.567299,-0.111991,-1.650619,-0.626246,-0.146608,-3.090355,0.068360,11.989300,0
47.480000,-0.567531,-0.109734,-1.646402,-0.626400,-0.149604,-3.090355,0.071100,11.998100,0
47.500000,-0.567532,-0.116142,-1.636469,-0.626553,-0.152600,-3.090355,0.069373,12.224100,0
47.520000,-0.569694,-0.135549,-1.612786,-0.626707,-0.155596,-3.090355,0.060435,12.001900,0
47.540000,-0.568712,-0.130228,-1.633103,-0.626861,-0.158592,-3.090355,0.064698,11.863300,0
47.560000,-0.569179,-0.132823,-1.631755,-0.627014,-0.161589,-3.090355,0.064594,12.075500,0
47.580000,-0.569613,-0.126620,-1.646031,-0.627168,-0.164585,-3.090355,0.068949,12.358400,0
47.600000,-0.569083,-0.134893,-1.646130,-0.627321,-0.167581,-3.090355,0.066785,11.956000,0
47.620000,-0.569185,-0.133630,-1.645627,-0.627475,-0.170577,-3.090355,0.069013,11.265200,0
47.640000,-0.569639,-0.148297,-1.626266,-0.627629,-0.173573,-3.090355,0.063259,10.167200,0
47.660000,-0.569844,-0.147970,-1.636448,-0.627782,-0.176569,-3.090355,0.064612,10.056300,0
47.680000,-0.570442,-0.163881,-1.613531,-0.627936,-0.179565,-3.090355,0.059595,10.198000,0
47.700000,-0.568404,-0.145210,-1.641471,-0.628090,-0.182561,-3.090355,0.070409,10.501000,0
47.720000,-0.568749,-0.147117,-1.648502,-0.628243,-0.185557,-3.090355,0.070832,11.332100,0
47.740000,-0.568563,-0.156821,-1.642089,-0.628397,-0.188553,-3.090355,0.067727,11.766600,0
47.760000,-0.569532,-0.159484,-1.640399,-0.628551,-0.191549,-3.090355,0.067167,11.513200,0
47.780000,-0.569141,-0.160758,-1.650109,-0.628704,-0.194545,-3.090355,0.068478,11.719400,0
47.800000,-0.569751,-0.159557,-1.649705,-0.628858,-0.197541,-3.090355,0.070260,11.544300,0
47.820000,-0.569873,-0.163783,-1.645854,-0.629012,-0.200537,-3.090355,0.069630,11.601000,0
47.840000,-0.570630,-0.169554,-1.648281,-0.629165,-0.203533,-3.090355,0.067683,11.506400,0
47.860000,-0.573618,-0.179065,-1.633629,-0.629319,-0.206529,-3.090355,0.062104,11.824500,0
47.880000,-0.572218,-0.191739,-1.616934,-0.629472,-0.209526,-3.090355,0.059954,11.221400,0
47.900000,-0.571970,-0.171901,-1.656787,-0.629626,-0.212522,-3.090355,0.070529,11.557500,0
47.920000,-0.572583,-0.182437,-1.625747,-0.629591,-0.213386,-3.100681,0.064867,11.619000,0
47.940000,-0.571648,-0.176055,-1.617083,-0.629583,-0.213560,-3.120678,0.069015,11.400900,0
47.960000,-0.573762,-0.182164,-1.586698,-0.629582,-0.213559,-3.138698,0.064043,12.052400,0
47.980000,-0.573931,-0.182359,-1.567217,-0.629581,-0.213556,3.126499,0.063798,10.795400,0
48.000000,-0.573185,-0.170246,-1.564522,-0.629580,-0.213553,3.108509,0.071105,11.039000,0
48.020000,-0.573275,-0.186608,-1.535037,-0.629501,-0.215700,3.098912,0.063306,10.648000,0
48.040000,-0.576106,-0.169108,-1.558771,-0.629498,-0.215712,3.098826,0.070870,11.046100,0
48.060000,-0.576141,-0.178920,-1.553521,-0.629368,-0.218245,3.098808,0.066178,10.697900,0
48.080000,-0.575926,-0.193451,-1.542864,-0.629238,-0.221244,3.098810,0.060122,10.779300,0
48.100000,-0.576485,-0.203302,-1.524533,-0.629108,-0.224243,3.098812,0.056637,10.362800,0
48.120000,-0.575726,-0.213531,-1.518259,-0.628979,-0.227241,3.098814,0.054990,9.518500,0
48.140000,-0.575638,-0.201155,-1.543635,-0.628850,-0.230240,3.098815,0.060642,9.164900,0
48.160000,-0.576511,-0.208872,-1.536909,-0.628721,-0.233238,3.098817,0.057616,9.248200,0
48.180000,-0.576291,-0.204145,-1.543520,-0.628592,-0.236236,3.098818,0.061362,9.207500,0
48.200000,-0.574289,-0.208587,-1.535123,-0.628464,-0.239233,3.098818,0.062242,9.553900,0
48.220000,-0.572659,-0.220584,-1.523778,-0.628335,-0.242231,3.098819,0.059736,9.289900,0
48.240000,-0.573772,-0.224662,-1.537090,-0.628207,-0.245229,3.098820,0.058191,9.349100,0
48.260000,-0.574762,-0.216431,-1.545741,-0.628079,-0.248226,3.098820,0.062078,9.437700,0
48.280000,-0.573732,-0.217362,-1.546763,-0.627950,-0.251224,3.098820,0.063924,9.443700,0
48.300000,-0.574373,-0.217119,-1.550339,-0.627822,-0.254221,3.098820,0.065064,9.926900,0
48.320000,-0.573299,-0.231953,-1.532715,-0.627694,-0.257219,3.098821,0.059977,9.539500,0
48.340000,-0.573070,-0.233437,-1.533545,-0.627565,-0.260216,3.098821,0.060719,9.971200,0
48.360000,-0.573055,-0.234246,-1.537881,-0.627437,-0.263213,3.098821,0.061615,10.265700,0
48.380000,-0.572802,-0.257308,-1.505098,-0.627309,-0.266211,3.098821,0.055229,10.937800,0
48.400000,-0.573520,-0.239614,-1.537296,-0.627181,-0.269208,3.098821,0.061281,10.951500,0
48.420000,-0.575130,-0.231850,-1.557033,-0.627052,-0.272205,3.098821,0.065760,11.347600,0
48.440000,-0.573490,-0.243519,-1.540473,-0.626924,-0.275203,3.098821,0.062121,11.214800,0
48.460000,-0.574065,-0.260030,-1.519603,-0.626796,-0.278200,3.098821,0.055774,11.205800,0
48.480000,-0.575856,-0.248400,-1.542772,-0.626668,-0.281197,3.098821,0.060477,11.323400,0
48.500000,-0.575299,-0.259351,-1.523708,-0.626539,-0.284194,3.098821,0.056944,11.622800,0
48.520000,-0.574350,-0.251882,-1.545925,-0.626411,-0.287192,3.098821,0.062906,11.392700,0
48.540000,-0.573437,-0.257776,-1.548145,-0.626283,-0.290189,3.098821,0.061994,11.539900,0
48.560000,-0.573879,-0.248307,-1.565888,-0.626155,-0.293186,3.098821,0.068898,11.600200,0
48.580000,-0.573641,-0.265503,-1.536637,-0.626026,-0.296183,3.098821,0.060708,11.618300,0
48.600000,-0.573719,-0.265978,-1.543625,-0.625898,-0.299181,3.098821,0.061847,11.821000,0
48.620000,-0.573017,-0.266601,-1.551029,-0.625770,-0.302178,3.098821,0.063629,11.648600,0
48.640000,-0.573842,-0.271011,-1.547812,-0.625642,-0.305175,3.098821,0.062052,11.932100,0
48.660000,-0.573981,-0.281324,-1.540571,-0.625513,-0.308173,3.098821,0.058107,11.910300,0
48.680000,-0.573916,-0.292009,-1.520739,-0.625385,-0.311170,3.098821,0.054920,11.580100,0
48.700000,-0.573882,-0.284453,-1.544191,-0.625257,-0.314167,3.098821,0.059349,12.076800,0
48.720000,-0.572950,-0.299963,-1.518680,-0.625128,-0.317164,3.098821,0.054940,12.048200,0
48.740000,-0.574470,-0.291201,-1.537294,-0.625000,-0.320162,3.098821,0.058241,11.893200,0
48.760000,-0.574501,-0.299228,-1.529571,-0.624872,-0.323159,3.098821,0.055767,11.859600,0
48.780000,-0.572610,-0.296176,-1.534097,-0.624744,-0.326156,3.098821,0.060140,11.766300,0
48.800000,-0.574039,-0.286882,-1.564952,-0.624615,-0.329153,3.098821,0.065915,12.137900,0
48.820000,-0.572620,-0.295044,-1.548619,-0.624487,-0.332151,3.098821,0.063774,12.074600,0
48.840000,-0.572499,-0.303246,-1.546763,-0.624359,-0.335148,3.098821,0.060887,12.073600,0
48.860000,-0.573800,-0.291903,-1.568831,-0.624231,-0.338145,3.098821,0.068422,12.340100,0
48.880000,-0.573114,-0.305396,-1.546158,-0.624102,-0.341142,3.098821,0.062270,12.336800,0
48.900000,-0.572845,-0.312041,-1.550197,-0.623974,-0.344140,3.098821,0.060369,12.014200,0
48.920000,-0.573455,-0.300986,-1.560551,-0.623846,-0.347137,3.098821,0.068332,12.247800,0
48.940000,-0.573449,-0.312536,-1.553808,-0.623717,-0.350134,3.098821,0.062774,12.120400,0
48.960000,-0.572950,-0.322107,-1.541496,-0.623589,-0.353131,3.098821,0.059387,12.558100,0
48.980000,-0.575052,-0.306911,-1.565799,-0.623461,-0.356129,3.098821,0.069035,12.307700,0
49.000000,-0.574055,-0.329286,-1.536348,-0.623333,-0.359126,3.098821,0.057609,12.269500,0
49.020000,-0.573302,-0.333744,-1.529065,-0.623302,-0.360019,3.088889,0.056483,10.245800,0
49.040000,-0.571486,-0.331813,-1.512190,-0.623293,-0.360192,3.068892,0.059071,10.068700,0
49.060000,-0.573205,-0.327222,-1.500165,-0.623292,-0.360200,3.050769,0.059969,10.038400,0
49.080000,-0.573520,-0.323927,-1.479633,-0.623291,-0.360197,3.032781,0.061585,10.335900,0
49.100000,-0.575479,-0.321464,-1.465840,-0.623290,-0.360193,3.014777,0.061529,9.804300,0
49.120000,-0.573695,-0.329881,-1.439700,-0.623289,-0.360187,2.996747,0.058121,9.536400,0
49.140000,-0.576870,-0.324587,-1.431063,-0.623288,-0.360181,2.978704,0.058494,9.463800,0
49.160000,-0.575859,-0.330409,-1.419629,-0.622887,-0.362477,2.971108,0.056921,9.595800,0
49.180000,-0.576940,-0.328370,-1.424828,-0.622375,-0.365436,2.971109,0.058636,9.470200,0
49.200000,-0.577135,-0.330554,-1.424046,-0.621864,-0.368395,2.971111,0.058589,10.079200,0
49.220000,-0.576285,-0.331189,-1.430459,-0.621354,-0.371353,2.971114,0.060368,9.731600,0
49.240000,-0.573308,-0.343919,-1.406733,-0.620844,-0.374311,2.971118,0.056421,9.561100,0
49.260000,-0.572750,-0.352020,-1.402934,-0.620334,-0.377269,2.971120,0.053868,9.951100,0
49.280000,-0.570699,-0.369144,-1.375861,-0.619825,-0.380227,2.971122,0.050361,10.064900,0
49.300000,-0.572408,-0.357585,-1.406835,-0.619315,-0.383184,2.971124,0.053438,10.170300,0
49.320000,-0.570443,-0.356608,-1.411780,-0.618806,-0.386142,2.971125,0.056668,9.810300,0
49.340000,-0.568726,-0.367368,-1.398958,-0.618297,-0.389099,2.971126,0.054125,10.024900,0
49.360000,-0.569574,-0.364101,-1.411448,-0.617788,-0.392056,2.971127,0.055732,10.310300,0
49.380000,-0.567414,-0.378961,-1.409716,-0.617279,-0.395013,2.971128,0.052385,10.101600,0
49.400000,-0.568522,-0.372127,-1.405131,-0.616770,-0.397969,2.971128,0.054733,10.547200,0
49.420000,-0.567547,-0.381545,-1.394656,-0.616261,-0.400926,2.971129,0.052428,10.410900,0
49.440000,-0.569375,-0.374991,-1.408114,-0.615752,-0.403883,2.971129,0.054640,10.021600,0
49.460000,-0.571399,-0.365079,-1.437685,-0.615243,-0.406840,2.971129,0.060550,10.327300,0
49.480000,-0.569846,-0.374263,-1.417353,-0.614734,-0.409796,2.971129,0.057249,10.689400,0
49.500000,-0.566611,-0.384090,-1.414485,-0.614226,-0.412753,2.971129,0.055576,10.233600,0
49.520000,-0.567736,-0.385603,-1.416172,-0.613717,-0.415710,2.971129,0.054960,10.330400,0
49.540000,-0.567291,-0.381777,-1.431827,-0.613208,-0.418666,2.971129,0.058900,10.287200,0
49.560000,-0.567332,-0.388650,-1.421366,-0.612699,-0.421623,2.971129,0.056083,10.628800,0
49.580000,-0.566173,-0.393386,-1.416568,-0.612190,-0.424579,2.971129,0.055593,11.149000,0
49.600000,-0.565952,-0.391487,-1.425457,-0.611681,-0.427536,2.971129,0.058230,11.584800,0
49.620000,-0.567169,-0.385761,-1.435243,-0.611172,-0.430492,2.971129,0.062747,11.739900,0
49.640000,-0.566292,-0.405785,-1.410668,-0.610663,-0.433449,2.971129,0.052289,11.738300,0
49.660000,-0.567543,-0.401881,-1.402724,-0.610576,-0.434171,2.958936,0.053800,11.693600,0
49.680000,-0.568061,-0.404353,-1.377354,-0.610544,-0.434341,2.938938,0.052001,11.911600,0
49.700000,-0.566995,-0.403649,-1.368647,-0.610544,-0.434340,2.920919,0.053278,11.678000,0
49.720000,-0.568021,-0.401618,-1.350118,-0.610544,-0.434336,2.902921,0.053653,11.481700,0
49.740000,-0.570152,-0.399847,-1.331138,-0.610543,-0.434331,2.884910,0.053109,11.725900,0
49.760000,-0.568715,-0.406246,-1.303285,-0.610542,-0.434327,2.866892,0.050379,11.796700,0
49.780000,-0.568696,-0.404410,-1.310751,-0.609841,-0.436706,2.860932,0.052306,11.599000,0
49.800000,-0.572831,-0.394802,-1.338235,-0.609008,-0.439591,2.860930,0.057575,11.542600,0
49.820000,-0.567624,-0.413678,-1.302979,-0.608175,-0.442476,2.860931,0.049736,11.687300,0
49.840000,-0.567156,-0.410765,-1.318881,-0.607343,-0.445361,2.860935,0.053027,11.870000,0
49.860000,-0.564305,-0.414453,-1.310875,-0.606511,-0.448245,2.860937,0.054067,11.786600,0
49.880000,-0.566766,-0.408298,-1.329005,-0.605679,-0.451129,2.860939,0.057868,11.854800,0
49.900000,-0.562696,-0.420765,-1.300960,-0.604848,-0.454012,2.860941,0.053686,11.886500,0
49.920000,-0.560439,-0.426572,-1.301523,-0.604016,-0.456896,2.860942,0.053089,13.510700,0
49.940000,-0.559797,-0.430847,-1.294409,-0.603185,-0.459779,2.860943,0.052150,12.023000,0
49.960000,-0.558730,-0.437025,-1.291296,-0.602354,-0.462662,2.860944,0.050599,10.112200,0
49.980000,-0.557907,-0.442996,-1.284948,-0.601523,-0.465545,2.860945,0.049100,10.404600,0
50.000000,-0.558198,-0.438619,-1.296186,-0.600692,-0.468428,2.860945,0.051906,11.276900,0
50.020000,-0.556321,-0.443751,-1.296163,-0.599861,-0.471311,2.860946,0.051530,11.875200,0
50.040000,-0.557399,-0.440707,-1.306552,-0.599030,-0.474194,2.860946,0.053428,12.066600,0
50.060000,-0.553991,-0.457914,-1.272764,-0.598199,-0.477077,2.860946,0.048183,12.562100,0
50.080000,-0.556671,-0.447456,-1.305924,-0.597368,-0.479959,2.860946,0.052084,12.114900,0
50.100000,-0.558377,-0.447534,-1.314072,-0.596537,-0.482842,2.860946,0.051989,12.200500,0
50.120000,-0.562655,-0.439190,-1.336464,-0.595706,-0.485725,2.860947,0.057078,12.149300,0
50.140000,-0.556444,-0.461129,-1.296205,-0.594875,-0.488608,2.860947,0.047244,12.373900,0
50.160000,-0.555752,-0.463537,-1.301512,-0.594044,-0.491490,2.860947,0.047409,12.155800,0
50.180000,-0.552251,-0.468595,-1.297829,-0.593214,-0.494373,2.860947,0.048399,12.410900,0
50.200000,-0.552588,-0.464645,-1.301204,-0.592383,-0.497256,2.860947,0.051450,12.221000,0
50.220000,-0.551296,-0.466244,-1.311523,-0.591552,-0.500138,2.860947,0.052624,12.168400,0
50.240000,-0.550780,-0.467923,-1.311350,-0.590721,-0.503021,2.860947,0.053171,12.196100,0
50.260000,-0.552596,-0.471516,-1.311352,-0.589890,-0.505904,2.860947,0.050728,12.276600,0
50.280000,-0.552199,-0.468522,-1.318314,-0.589059,-0.508786,2.860947,0.054588,12.564600,0
50.300000,-0.546740,-0.481812,-1.306976,-0.588228,-0.511669,2.860947,0.051114,12.291000,0
50.320000,-0.547766,-0.485045,-1.307489,-0.587397,-0.514552,2.860947,0.049409,12.428200,0
50.340000,-0.548328,-0.483337,-1.299207,-0.587289,-0.515159,2.847351,0.050305,12.497100,0
50.360000,-0.548799,-0.484724,-1.271890,-0.587250,-0.515288,2.827789,0.049118,12.244100,0
50.380000,-0.548390,-0.483573,-1.255043,-0.587250,-0.515286,2.809784,0.050158,12.217500,0
50.400000,-0.550088,-0.484349,-1.240337,-0.587250,-0.515281,2.791782,0.048351,12.441700,0
50.420000,-0.547840,-0.490922,-1.211665,-0.587249,-0.515277,2.773773,0.046328,12.071700,0
50.440000,-0.546346,-0.490532,-1.199031,-0.587249,-0.515272,2.755761,0.047803,12.359600,0
50.460000,-0.548791,-0.484259,-1.185231,-0.587248,-0.515268,2.737746,0.049402,12.158300,0
50.480000,-0.551219,-0.482693,-1.167666,-0.587248,-0.515264,2.719732,0.048569,12.217000,0
50.500000,-0.549863,-0.487729,-1.143766,-0.587247,-0.515260,2.701718,0.046427,12.057200,0
50.520000,-0.552556,-0.485021,-1.135766,-0.587246,-0.515257,2.683705,0.046017,12.147800,0
50.540000,-0.551503,-0.488429,-1.110621,-0.587245,-0.515253,2.665694,0.044688,12.229400,0
50.560000,-0.551784,-0.485981,-1.088173,-0.587244,-0.515250,2.647684,0.045979,11.936800,0
50.580000,-0.551241,-0.490721,-1.074345,-0.587244,-0.515247,2.629676,0.043563,12.477600,0
50.600000,-0.554072,-0.484423,-1.059395,-0.587243,-0.515244,2.611669,0.045280,11.971600,0
50.620000,-0.552307,-0.489539,-1.033756,-0.587242,-0.515241,2.593664,0.043371,11.871400,0
50.640000,-0.556825,-0.483276,-1.026328,-0.587241,-0.515238,2.575661,0.044122,11.862500,0
50.660000,-0.555305,-0.485846,-1.001441,-0.587240,-0.515236,2.557659,0.043400,11.819700,0
50.680000,-0.558238,-0.484408,-0.994636,-0.587239,-0.515233,2.539658,0.042323,11.903100,0
50.700000,-0.556096,-0.488486,-0.964003,-0.587238,-0.515231,2.521659,0.041050,11.826000,0
50.720000,-0.555017,-0.488511,-0.942307,-0.587237,-0.515228,2.503660,0.041856,11.738100,0
50.740000,-0.555249,-0.488524,-0.923843,-0.587236,-0.515226,2.485663,0.041667,11.934300,0
50.760000,-0.557524,-0.486931,-0.912135,-0.587235,-0.515224,2.467666,0.041027,11.795600,0
50.780000,-0.558778,-0.488502,-0.893795,-0.587234,-0.515222,2.449671,0.039035,11.696700,0
50.800000,-0.557197,-0.490511,-0.880395,-0.587233,-0.515219,2.431676,0.038893,11.679300,0
50.820000,-0.561017,-0.488868,-0.869370,-0.587232,-0.515217,2.413682,0.037169,11.746600,0
50.840000,-0.560503,-0.491451,-0.834623,-0.587231,-0.515215,2.395688,0.035764,11.792500,0
50.860000,-0.558995,-0.494184,-0.821801,-0.587230,-0.515213,2.377695,0.035206,11.689900,0
50.880000,-0.559081,-0.492785,-0.803983,-0.587230,-0.515211,2.359702,0.035991,11.612000,0
50.900000,-0.562210,-0.488865,-0.795491,-0.587229,-0.515209,2.341710,0.036331,11.751900,0
50.920000,-0.559083,-0.494774,-0.761782,-0.587228,-0.515207,2.323719,0.034780,11.438600,0
50.940000,-0.561904,-0.495220,-0.750209,-0.587227,-0.515205,2.305727,0.032259,9.950300,0
50.960000,-0.560318,-0.495886,-0.731869,-0.587226,-0.515203,2.287737,0.033124,9.909700,0
50.980000,-0.562474,-0.491758,-0.717413,-0.587225,-0.515201,2.269746,0.034091,9.880900,0
51.000000,-0.558354,-0.496101,-0.691029,-0.587225,-0.515199,2.251756,0.034616,9.851700,0
51.020000,-0.564278,-0.492256,-0.682970,-0.587224,-0.515197,2.233766,0.032447,9.927700,0
51.040000,-0.567192,-0.491026,-0.666984,-0.587223,-0.515195,2.215777,0.031391,9.833300,0
51.060000,-0.563858,-0.493541,-0.649114,-0.587223,-0.515193,2.197788,0.031855,9.838700,0
51.080000,-0.562227,-0.497965,-0.623007,-0.587222,-0.515192,2.179799,0.030356,10.280700,0
51.100000,-0.561882,-0.496506,-0.606476,-0.587221,-0.515190,2.161811,0.031483,9.859600,0
51.120000,-0.565049,-0.494673,-0.592492,-0.587221,-0.515188,2.143822,0.030207,10.007200,0
51.140000,-0.565408,-0.495862,-0.573088,-0.587220,-0.515186,2.125834,0.029141,10.269900,0
51.160000,-0.566807,-0.494917,-0.561327,-0.587219,-0.515184,2.107847,0.028764,10.074000,0
51.180000,-0.568709,-0.496691,-0.543139,-0.587219,-0.515182,2.089859,0.026164,10.236800,0
51.200000,-0.564027,-0.500630,-0.516960,-0.587218,-0.515180,2.071872,0.027378,10.449200,0
51.220000,-0.566512,-0.498974,-0.499055,-0.587218,-0.515178,2.053885,0.026293,10.153600,0
51.240000,-0.564583,-0.502784,-0.477424,-0.587217,-0.515176,2.035898,0.025805,10.349900,0
51.260000,-0.570889,-0.502045,-0.464659,-0.587216,-0.515175,2.017912,0.020952,10.383100,0
51.280000,-0.569461,-0.501384,-0.445114,-0.587216,-0.515173,1.999925,0.022480,10.338000,0
51.300000,-0.565956,-0.503312,-0.421610,-0.587216,-0.515171,1.981939,0.024344,10.391200,0
51.320000,-0.565703,-0.504890,-0.402627,-0.587215,-0.515169,1.963953,0.023841,10.381600,0
51.340000,-0.572879,-0.500113,-0.396529,-0.587215,-0.515167,1.945967,0.020788,10.325400,0
51.360000,-0.569571,-0.503372,-0.373051,-0.587214,-0.515165,1.927982,0.021222,10.888600,0
51.380000,-0.566767,-0.506245,-0.346668,-0.587214,-0.515163,1.909997,0.022307,10.389400,0
51.400000,-0.565376,-0.505728,-0.340876,-0.584968,-0.516128,1.908522,0.022181,10.447000,0
51.420000,-0.562097,-0.506923,-0.341821,-0.582134,-0.517123,1.908524,0.022483,10.752400,0
51.440000,-0.564540,-0.505168,-0.359412,-0.579300,-0.518119,1.908537,0.019636,10.830400,0
51.460000,-0.556127,-0.510855,-0.348259,-0.576467,-0.519114,1.908546,0.021953,10.699200,0
51.480000,-0.542603,-0.517280,-0.320643,-0.573635,-0.520110,1.908553,0.031161,10.973200,0
51.500000,-0.548941,-0.515069,-0.341844,-0.570802,-0.521105,1.908558,0.022679,11.097100,0
51.520000,-0.558022,-0.510595,-0.372145,-0.567971,-0.522100,1.908561,0.015210,11.124600,0
51.540000,-0.548601,-0.511452,-0.364288,-0.565139,-0.523095,1.908563,0.020225,11.191700,0
51.560000,-0.543730,-0.512955,-0.352086,-0.562308,-0.524090,1.908564,0.021660,13.233200,0
51.580000,-0.530291,-0.518257,-0.327605,-0.559477,-0.525084,1.908565,0.029974,11.225400,0
51.600000,-0.540078,-0.514419,-0.355402,-0.556646,-0.526079,1.908566,0.020260,11.073500,0
51.620000,-0.542560,-0.515313,-0.368508,-0.553815,-0.527073,1.908567,0.016278,11.231100,0
51.640000,-0.530788,-0.520245,-0.352502,-0.550984,-0.528068,1.908567,0.021659,11.184000,0
51.660000,-0.533547,-0.519394,-0.368540,-0.548153,-0.529062,1.908568,0.017516,11.132100,0
51.680000,-0.529230,-0.521712,-0.361247,-0.545323,-0.530057,1.908569,0.018128,11.150200,0
51.700000,-0.526565,-0.522477,-0.358240,-0.542492,-0.531051,1.908569,0.018088,11.160500,0
51.720000,-0.526933,-0.520406,-0.362815,-0.539662,-0.532045,1.908569,0.017248,11.225500,0
51.740000,-0.525238,-0.521714,-0.363624,-0.536831,-0.533040,1.908569,0.016207,11.120200,0
51.760000,-0.519784,-0.524116,-0.364907,-0.534000,-0.534034,1.908570,0.017334,11.232000,0
51.780000,-0.518071,-0.521582,-0.368817,-0.531170,-0.535028,1.908570,0.018772,11.223400,0
51.800000,-0.514761,-0.522953,-0.364051,-0.528339,-0.536022,1.908570,0.018846,11.095000,0
51.820000,-0.509579,-0.525936,-0.357284,-0.525509,-0.537017,1.908570,0.019405,11.202700,0
51.840000,-0.501380,-0.531244,-0.347239,-0.522678,-0.538011,1.908570,0.022347,11.184000,0
51.860000,-0.498560,-0.533046,-0.340893,-0.519848,-0.539005,1.908570,0.022106,11.229600,0
51.880000,-0.484736,-0.535821,-0.322830,-0.517017,-0.539999,1.908570,0.032550,11.204700,0
51.900000,-0.491047,-0.533070,-0.340797,-0.514187,-0.540993,1.908570,0.024459,11.197800,0
51.920000,-0.489671,-0.535680,-0.328891,-0.513685,-0.541055,1.892752,0.024608,11.155300,0
51.940000,-0.496151,-0.533265,-0.317975,-0.513597,-0.541031,1.873670,0.019096,11.129600,0
51.960000,-0.499306,-0.532729,-0.307670,-0.513600,-0.541029,1.855682,0.016529,11.015700,0
51.980000,-0.495566,-0.534474,-0.284641,-0.513603,-0.541027,1.837693,0.019190,11.108900,0
52.000000,-0.499506,-0.536097,-0.264381,-0.513605,-0.541025,1.819702,0.014935,10.575500,0
52.020000,-0.490320,-0.540170,-0.232633,-0.513606,-0.541023,1.801710,0.023302,10.478200,0
52.040000,-0.497279,-0.537635,-0.230929,-0.513607,-0.541021,1.783719,0.016675,10.884300,0
52.060000,-0.495745,-0.535829,-0.215924,-0.513608,-0.541018,1.765728,0.018602,11.011300,0
52.080000,-0.504851,-0.533611,-0.237007,-0.511284,-0.541501,1.758592,0.010180,11.075400,0
52.100000,-0.494907,-0.538764,-0.211611,-0.508334,-0.542060,1.758595,0.013826,11.124400,0
52.120000,-0.492610,-0.539817,-0.209165,-0.505383,-0.542620,1.758602,0.013077,11.379000,0
52.140000,-0.483648,-0.542052,-0.200566,-0.502433,-0.543179,1.758607,0.018819,11.067300,0
52.160000,-0.475889,-0.543327,-0.185417,-0.499484,-0.543739,1.758611,0.023598,11.220200,0
52.180000,-0.476414,-0.543741,-0.201296,-0.496535,-0.544299,1.758614,0.020129,11.300900,0
52.200000,-0.479617,-0.541745,-0.209140,-0.493587,-0.544859,1.758616,0.014313,11.233500,0
52.220000,-0.470027,-0.543512,-0.201533,-0.490638,-0.545420,1.758618,0.020699,11.224000,0
52.240000,-0.482406,-0.538790,-0.234913,-0.487690,-0.545980,1.758619,0.008923,11.050600,0
52.260000,-0.466127,-0.542882,-0.203987,-0.484742,-0.546540,1.758620,0.018971,10.767500,0
52.280000,-0.468295,-0.545198,-0.216389,-0.481795,-0.547100,1.758620,0.013633,10.549700,0
52.300000,-0.463876,-0.543946,-0.206469,-0.478847,-0.547661,1.758621,0.015425,11.100900,0
52.320000,-0.463348,-0.544749,-0.193184,-0.478188,-0.547741,1.745548,0.015138,11.665900,0
52.340000,-0.462657,-0.546339,-0.170350,-0.478017,-0.547708,1.725547,0.015421,11.683300,0
52.360000,-0.460065,-0.546004,-0.156326,-0.478019,-0.547706,1.707550,0.018035,12.029300,0
52.380000,-0.461904,-0.546112,-0.133922,-0.478022,-0.547705,1.689562,0.016197,11.981300,0
52.400000,-0.457751,-0.548941,-0.111933,-0.478024,-0.547703,1.671573,0.020311,12.010700,0
52.420000,-0.463552,-0.548699,-0.103466,-0.478026,-0.547702,1.653583,0.014508,12.068900,0
52.440000,-0.464509,-0.548475,-0.083618,-0.478028,-0.547700,1.635593,0.013541,11.954700,0
52.460000,-0.459043,-0.550706,-0.059944,-0.478029,-0.547698,1.617604,0.019222,12.168400,0
52.480000,-0.461457,-0.550185,-0.054764,-0.478030,-0.547696,1.599616,0.016759,12.214100,0
52.500000,-0.463231,-0.549568,-0.039091,-0.475881,-0.547802,1.590020,0.012773,12.486300,0
52.520000,-0.458643,-0.550551,-0.039684,-0.472879,-0.547857,1.590022,0.014489,12.241700,0
52.540000,-0.451552,-0.551551,-0.034772,-0.469876,-0.547913,1.590026,0.018682,12.250400,0
52.560000,-0.446990,-0.551420,-0.023975,-0.466874,-0.547969,1.590032,0.020181,12.407900,0
52.580000,-0.442295,-0.552356,-0.021165,-0.463872,-0.548026,1.590036,0.022008,12.249900,0
52.600000,-0.441160,-0.551291,-0.030035,-0.460871,-0.548083,1.590040,0.019970,12.184900,0
52.620000,-0.440635,-0.550581,-0.024981,-0.457870,-0.548141,1.590043,0.017407,12.276700,0
52.640000,-0.434264,-0.552019,-0.021845,-0.454870,-0.548198,1.590046,0.020957,12.455400,0
52.660000,-0.432429,-0.552709,-0.028771,-0.451869,-0.548256,1.590048,0.019944,12.110300,0
52.680000,-0.435378,-0.549563,-0.037737,-0.448869,-0.548314,1.590050,0.013548,12.199900,0
52.700000,-0.436784,-0.550726,-0.051285,-0.445869,-0.548372,1.590051,0.009385,12.130900,0
52.720000,-0.428737,-0.550885,-0.043068,-0.442869,-0.548429,1.590052,0.014344,12.410900,0
52.740000,-0.422590,-0.554295,-0.035635,-0.439870,-0.548487,1.590052,0.018230,12.312800,0
52.760000,-0.409083,-0.553837,-0.015708,-0.436870,-0.548545,1.590053,0.028287,12.205000,0
52.780000,-0.416926,-0.551483,-0.024783,-0.433870,-0.548603,1.590053,0.017187,12.267200,0
52.800000,-0.408609,-0.551809,-0.022526,-0.430871,-0.548661,1.590054,0.022483,12.169700,0
52.820000,-0.412972,-0.553664,-0.033770,-0.427871,-0.548719,1.590054,0.015698,12.229500,0
52.840000,-0.394560,-0.553328,-0.000901,-0.424872,-0.548777,1.590054,0.030652,12.253900,0
52.860000,-0.401352,-0.552960,-0.033855,-0.421872,-0.548835,1.590054,0.020931,12.165400,0
52.880000,-0.411318,-0.552602,-0.052839,-0.418872,-0.548892,1.590054,0.008416,12.190500,0
52.900000,-0.398118,-0.552115,-0.036897,-0.415873,-0.548950,1.590054,0.018035,12.426300,0
52.920000,-0.392434,-0.554150,-0.031655,-0.412873,-0.549008,1.590054,0.021076,12.544300,0
52.940000,-0.384644,-0.554928,-0.015369,-0.409874,-0.549066,1.590054,0.025902,12.277200,0
52.960000,-0.390982,-0.555768,-0.035397,-0.406874,-0.549124,1.590054,0.017225,12.345600,0
52.980000,-0.372521,-0.555135,-0.001040,-0.403875,-0.549181,1.590054,0.031914,10.968400,0
53.000000,-0.378751,-0.555921,-0.033262,-0.400876,-0.549239,1.590054,0.023112,10.575000,0
53.020000,-0.378167,-0.554789,-0.026194,-0.397876,-0.549297,1.590054,0.020460,10.545400,0
53.040000,-0.371591,-0.555286,-0.016331,-0.394877,-0.549355,1.590054,0.024030,10.546200,0
53.060000,-0.375597,-0.554890,-0.030213,-0.391877,-0.549413,1.590054,0.017177,11.030300,0
53.080000,-0.367140,-0.555432,-0.024458,-0.388878,-0.549470,1.590054,0.022541,10.714300,0
53.100000,-0.371955,-0.554316,-0.028619,-0.385878,-0.549528,1.590054,0.014723,10.471200,0
53.120000,-0.361366,-0.556156,-0.019993,-0.382879,-0.549586,1.590054,0.022494,11.015900,0
53.140000,-0.367239,-0.554005,-0.030751,-0.379879,-0.549644,1.590054,0.013371,12.002500,0
53.160000,-0.362610,-0.554258,-0.034851,-0.376880,-0.549701,1.590054,0.014980,12.012000,0
53.180000,-0.361511,-0.554318,-0.044506,-0.373881,-0.549759,1.590054,0.013183,12.448900,0
53.200000,-0.353704,-0.555629,-0.036351,-0.370881,-0.549817,1.590054,0.018134,12.663400,0
53.220000,-0.355642,-0.554784,-0.041212,-0.367882,-0.549875,1.590054,0.013188,12.538500,0
53.240000,-0.348355,-0.556149,-0.041573,-0.364882,-0.549933,1.590054,0.017657,12.629500,0
53.260000,-0.348910,-0.555582,-0.040650,-0.361883,-0.549990,1.590054,0.014127,12.203600,0
53.280000,-0.346505,-0.556523,-0.047338,-0.358883,-0.550048,1.590054,0.013969,12.549900,0
53.300000,-0.344345,-0.555873,-0.032875,-0.355884,-0.550106,1.590054,0.012900,12.392300,0
53.320000,-0.331956,-0.556495,-0.034243,-0.352884,-0.550164,1.590054,0.021864,12.759200,0
53.340000,-0.339376,-0.556066,-0.050818,-0.349885,-0.550221,1.590054,0.012026,12.561000,0
53.360000,-0.333327,-0.556343,-0.036511,-0.346886,-0.550279,1.590054,0.014853,10.604800,0
53.380000,-0.325913,-0.556112,-0.036421,-0.343886,-0.550337,1.590054,0.018878,10.564200,0
53.400000,-0.327168,-0.557714,-0.027182,-0.340887,-0.550395,1.590054,0.015549,10.822200,0
53.420000,-0.328700,-0.558221,-0.046969,-0.337887,-0.550452,1.590054,0.012031,10.487800,0
53.440000,-0.320993,-0.558619,-0.036647,-0.334888,-0.550510,1.590054,0.016088,10.610500,0
53.460000,-0.313327,-0.558280,-0.038163,-0.331888,-0.550568,1.590054,0.020100,10.580700,0
53.480000,-0.314691,-0.558807,-0.017897,-0.330964,-0.550553,1.580549,0.018246,10.378300,0
53.500000,-0.315758,-0.559118,-0.006055,-0.330791,-0.550551,1.560552,0.017303,10.544800,0
53.520000,-0.310946,-0.558356,0.016518,-0.330777,-0.550550,1.542365,0.021312,10.764600,0
53.540000,-0.315845,-0.559644,0.027783,-0.330780,-0.550549,1.524376,0.017487,10.748500,0
53.560000,-0.316976,-0.558272,0.047045,-0.330783,-0.550548,1.506387,0.015821,10.909200,0
53.580000,-0.307481,-0.558743,0.055856,-0.328594,-0.550394,1.497300,0.022704,10.893300,0
53.600000,-0.294015,-0.558466,0.092325,-0.325600,-0.550171,1.497302,0.032656,10.967500,0
53.620000,-0.302748,-0.558958,0.063291,-0.322605,-0.549949,1.497306,0.021805,10.962700,0
53.640000,-0.307203,-0.558240,0.052351,-0.319612,-0.549727,1.497308,0.015049,10.968300,0
53.660000,-0.303586,-0.558196,0.062449,-0.316618,-0.549505,1.497310,0.015664,10.901500,0
53.680000,-0.290903,-0.558404,0.068086,-0.313625,-0.549284,1.497312,0.024484,11.018700,0
53.700000,-0.286774,-0.557367,0.077880,-0.310632,-0.549063,1.497313,0.025262,10.996200,0
53.720000,-0.293015,-0.558042,0.061274,-0.307640,-0.548842,1.497315,0.017278,11.028500,0
53.740000,-0.291990,-0.558718,0.049113,-0.304647,-0.548622,1.497316,0.016191,10.943200,0
53.760000,-0.285421,-0.558752,0.062663,-0.301655,-0.548401,1.497316,0.019253,11.188200,0
53.780000,-0.275107,-0.557986,0.085332,-0.298662,-0.548181,1.497317,0.025514,11.001400,0
53.800000,-0.280145,-0.558612,0.054124,-0.295670,-0.547961,1.497317,0.018828,11.120000,0
53.820000,-0.278500,-0.557951,0.055205,-0.292678,-0.547740,1.497318,0.017473,11.056800,0
53.840000,-0.273014,-0.558665,0.062272,-0.289686,-0.547520,1.497318,0.020054,11.169600,0
53.860000,-0.264441,-0.558136,0.071058,-0.286694,-0.547300,1.497318,0.024752,11.055700,0
53.880000,-0.263989,-0.559307,0.071394,-0.283702,-0.547080,1.497318,0.023196,11.171500,0
53.900000,-0.251493,-0.557350,0.082810,-0.280710,-0.546860,1.497318,0.031043,11.117900,0
53.920000,-0.253138,-0.557770,0.086482,-0.277718,-0.546639,1.497319,0.026982,11.230300,0
53.940000,-0.249805,-0.558266,0.092799,-0.276869,-0.546591,1.486783,0.029475,11.064400,0
53.960000,-0.257038,-0.559000,0.088456,-0.276696,-0.546576,1.466785,0.023255,11.181000,0
53.980000,-0.260715,-0.559316,0.103016,-0.276695,-0.546575,1.448740,0.020437,11.207000,0
54.000000,-0.259337,-0.560051,0.125788,-0.276698,-0.546575,1.430751,0.021978,11.087000,0
54.020000,-0.259521,-0.558947,0.145701,-0.276701,-0.546574,1.412754,0.021172,11.179000,0
54.040000,-0.258164,-0.559906,0.163152,-0.276706,-0.546573,1.394737,0.022837,11.320200,0
54.060000,-0.259490,-0.561601,0.187071,-0.276711,-0.546572,1.376709,0.022857,11.113400,0
54.080000,-0.256926,-0.561472,0.196391,-0.276717,-0.546571,1.358676,0.024773,11.130600,0
54.100000,-0.257063,-0.563303,0.217046,-0.276722,-0.546570,1.340642,0.025816,11.220800,0
54.120000,-0.258010,-0.563570,0.241244,-0.276727,-0.546569,1.322609,0.025286,11.171000,0
54.140000,-0.260909,-0.563333,0.229027,-0.274363,-0.545940,1.316272,0.021989,11.122700,0
54.160000,-0.252869,-0.561223,0.251575,-0.271456,-0.545183,1.316272,0.024551,11.126500,0
54.180000,-0.247296,-0.559552,0.252212,-0.268550,-0.544426,1.316275,0.026087,11.207400,0
54.200000,-0.250465,-0.560240,0.240462,-0.265645,-0.543669,1.316281,0.022473,11.247600,0
54.220000,-0.247715,-0.559131,0.237757,-0.262739,-0.542913,1.316285,0.022107,11.225000,0
54.240000,-0.246087,-0.561525,0.227403,-0.259835,-0.542157,1.316289,0.023751,11.122500,0
54.260000,-0.240339,-0.559031,0.238858,-0.256930,-0.541401,1.316292,0.024209,11.172800,0
54.280000,-0.234422,-0.557108,0.242539,-0.254026,-0.540645,1.316294,0.025600,11.183500,0
54.300000,-0.232283,-0.557018,0.251975,-0.251121,-0.539890,1.316296,0.025461,11.132600,0
54.320000,-0.227643,-0.555069,0.250957,-0.248217,-0.539134,1.316298,0.026023,11.052600,0
54.340000,-0.225498,-0.556242,0.245311,-0.245314,-0.538379,1.316299,0.026678,11.218600,0
54.360000,-0.224076,-0.555304,0.238138,-0.242410,-0.537624,1.316300,0.025470,11.157100,0
54.380000,-0.214082,-0.551118,0.262026,-0.239506,-0.536868,1.316301,0.029145,11.257200,0
54.400000,-0.216843,-0.552605,0.247591,-0.236602,-0.536113,1.316301,0.025738,11.100500,0
54.420000,-0.212356,-0.552728,0.250188,-0.233699,-0.535358,1.316302,0.027518,11.184100,0
54.440000,-0.209711,-0.552018,0.247716,-0.230795,-0.534603,1.316302,0.027346,11.158700,0
54.460000,-0.210653,-0.551451,0.247817,-0.227892,-0.533847,1.316302,0.024639,11.119800,0
54.480000,-0.194557,-0.546393,0.265736,-0.224988,-0.533092,1.316302,0.033211,11.130600,0
54.500000,-0.199645,-0.548301,0.253743,-0.222085,-0.532337,1.316302,0.027539,11.139400,0
54.520000,-0.202043,-0.551019,0.246464,-0.219181,-0.531582,1.316302,0.025914,11.266500,0
54.540000,-0.204407,-0.551040,0.227940,-0.216278,-0.530827,1.316302,0.023441,11.177600,0
54.560000,-0.202555,-0.549632,0.230404,-0.213374,-0.530071,1.316302,0.022353,11.156600,0
54.580000,-0.199637,-0.548139,0.258506,-0.212743,-0.529967,1.302994,0.022405,11.688500,0
54.600000,-0.191803,-0.548002,0.274744,-0.212603,-0.529928,1.283325,0.027556,11.170300,0
54.620000,-0.191149,-0.548153,0.300736,-0.212606,-0.529928,1.265323,0.028152,11.179000,0
54.640000,-0.194472,-0.549658,0.310670,-0.212610,-0.529928,1.247326,0.026800,11.177000,0
54.660000,-0.195294,-0.551000,0.328903,-0.212614,-0.529928,1.229319,0.027276,11.146000,0
54.680000,-0.193145,-0.549532,0.342586,-0.212618,-0.529927,1.211308,0.027633,10.769300,0
54.700000,-0.190239,-0.548793,0.364670,-0.212622,-0.529927,1.193294,0.029274,10.565500,0
54.720000,-0.198424,-0.553261,0.377829,-0.212626,-0.529926,1.175280,0.027317,11.054500,0
54.740000,-0.194569,-0.552152,0.399431,-0.212630,-0.529925,1.157265,0.028640,11.528200,0
54.760000,-0.198136,-0.553126,0.412365,-0.212634,-0.529924,1.139252,0.027359,10.458500,0
54.780000,-0.195512,-0.552537,0.414432,-0.210229,-0.528815,1.135251,0.027916,10.555300,0
54.800000,-0.190174,-0.549563,0.414498,-0.207506,-0.527547,1.135251,0.028020,10.554700,0
54.820000,-0.191505,-0.551668,0.408863,-0.204784,-0.526279,1.135254,0.028652,10.438400,0
54.840000,-0.187551,-0.549716,0.419993,-0.202062,-0.525012,1.135258,0.028650,11.868800,0
54.860000,-0.177836,-0.546681,0.427673,-0.199340,-0.523746,1.135262,0.031439,10.986700,0
54.880000,-0.174966,-0.544956,0.431968,-0.196619,-0.522479,1.135266,0.031210,11.164800,0
54.900000,-0.174825,-0.545021,0.430314,-0.193898,-0.521213,1.135269,0.030506,11.104500,0
54.920000,-0.167917,-0.540758,0.429733,-0.191177,-0.519947,1.135271,0.031211,11.207800,0
54.940000,-0.171303,-0.542695,0.422248,-0.188456,-0.518681,1.135273,0.029511,11.255000,0
54.960000,-0.167153,-0.539686,0.420293,-0.185735,-0.517415,1.135274,0.029006,11.225300,0
54.980000,-0.167081,-0.540542,0.436692,-0.185305,-0.517215,1.119470,0.029602,11.269400,0
55.000000,-0.167662,-0.540929,0.452914,-0.185238,-0.517182,1.100590,0.029544,11.260000,0
55.020000,-0.165243,-0.540713,0.469935,-0.185241,-0.517182,1.082601,0.030881,11.165400,0
55.040000,-0.161441,-0.539545,0.499939,-0.185244,-0.517183,1.064608,0.032659,11.291700,0
55.060000,-0.163354,-0.542035,0.511348,-0.185248,-0.517183,1.046609,0.033120,11.236500,0
55.080000,-0.161843,-0.541940,0.523904,-0.185251,-0.517183,1.028607,0.034071,11.225700,0
55.100000,-0.165875,-0.545507,0.540915,-0.185255,-0.517183,1.010603,0.034319,11.219600,0
55.120000,-0.160039,-0.544932,0.569007,-0.185258,-0.517182,0.992599,0.037498,11.315400,0
55.140000,-0.159526,-0.544064,0.579569,-0.185261,-0.517182,0.974595,0.037215,11.505300,0
55.160000,-0.162119,-0.546873,0.597172,-0.185264,-0.517181,0.956592,0.037648,11.220900,0
55.180000,-0.162264,-0.546516,0.619172,-0.185266,-0.517181,0.938589,0.037277,11.281000,0
55.200000,-0.161311,-0.545265,0.638476,-0.185269,-0.517180,0.920587,0.036916,11.332600,0
55.220000,-0.161120,-0.545023,0.651739,-0.185272,-0.517179,0.902586,0.036859,11.611200,0
55.240000,-0.162817,-0.545290,0.675965,-0.185274,-0.517179,0.884587,0.035980,11.289300,0
55.260000,-0.163022,-0.544977,0.680463,-0.185277,-0.517178,0.866588,0.035610,11.364100,0
55.280000,-0.159150,-0.544804,0.707970,-0.185279,-0.517177,0.848591,0.038026,11.377600,0
55.300000,-0.162635,-0.549016,0.732336,-0.185281,-0.517176,0.830595,0.039072,11.271700,0
55.320000,-0.161175,-0.548474,0.744006,-0.185284,-0.517175,0.812599,0.039508,11.266300,0
55.340000,-0.160569,-0.549310,0.756659,-0.185286,-0.517175,0.794604,0.040541,11.381700,0
55.360000,-0.157121,-0.548919,0.778412,-0.185288,-0.517174,0.776610,0.042440,11.441000,0
55.380000,-0.157122,-0.550080,0.794474,-0.185290,-0.517173,0.758617,0.043316,11.354800,0
55.400000,-0.154588,-0.547667,0.823031,-0.185292,-0.517172,0.740625,0.043275,11.267500,0
55.420000,-0.154307,-0.548347,0.811615,-0.183406,-0.515109,0.738279,0.044176,11.421500,0
55.440000,-0.151037,-0.546658,0.813287,-0.181384,-0.512886,0.738286,0.045404,11.471200,0
55.460000,-0.152041,-0.544905,0.817604,-0.179363,-0.510665,0.738295,0.043805,11.270300,0
55.480000,-0.145915,-0.538663,0.853289,-0.177342,-0.508444,0.738304,0.043599,11.477900,0
55.500000,-0.149318,-0.541108,0.827923,-0.175321,-0.506224,0.738310,0.043509,11.196500,0
55.520000,-0.147414,-0.537103,0.817189,-0.173300,-0.504004,0.738315,0.042019,11.351600,0
55.540000,-0.144756,-0.535180,0.802347,-0.171280,-0.501784,0.738318,0.042648,11.372000,0
55.560000,-0.143385,-0.534533,0.813543,-0.169260,-0.499565,0.738320,0.043500,11.469400,0
55.580000,-0.142215,-0.533736,0.813325,-0.167240,-0.497345,0.738322,0.044165,11.335400,0
55.600000,-0.141596,-0.533789,0.784173,-0.165220,-0.495126,0.738324,0.045309,11.412600,0
55.620000,-0.135645,-0.528810,0.817294,-0.163201,-0.492907,0.738325,0.045259,11.215000,0
55.640000,-0.131124,-0.522582,0.829265,-0.161181,-0.490688,0.738325,0.043825,11.565200,0
55.660000,-0.129766,-0.523786,0.818848,-0.159161,-0.488469,0.738326,0.045949,11.411300,0
55.680000,-0.124727,-0.518213,0.827150,-0.157142,-0.486250,0.738326,0.045523,11.283600,0
55.700000,-0.124454,-0.517499,0.830892,-0.155122,-0.484031,0.738327,0.045394,11.416200,0
55.720000,-0.122218,-0.514227,0.823020,-0.153103,-0.481812,0.738327,0.044773,11.355000,0
55.740000,-0.122060,-0.514052,0.826287,-0.151084,-0.479593,0.738328,0.045054,11.415800,0
55.760000,-0.120240,-0.512959,0.820349,-0.149064,-0.477375,0.738328,0.045793,11.398700,0
55.780000,-0.116132,-0.507265,0.813526,-0.147045,-0.475156,0.738328,0.044571,11.395600,0
55.800000,-0.116761,-0.507218,0.817187,-0.145026,-0.472937,0.738328,0.044431,11.431600,0
55.820000,-0.116129,-0.506632,0.809868,-0.143007,-0.470718,0.738328,0.044858,11.263400,0
55.840000,-0.111391,-0.501991,0.813289,-0.140988,-0.468499,0.738328,0.044696,11.383300,0
55.860000,-0.110049,-0.503518,0.813113,-0.138968,-0.466281,0.738328,0.047148,11.409200,0
55.880000,-0.105540,-0.498879,0.816287,-0.136949,-0.464062,0.738328,0.046890,11.275800,0
55.900000,-0.105291,-0.497080,0.815642,-0.134930,-0.461843,0.738328,0.046044,12.750900,0
55.920000,-0.103448,-0.496144,0.813758,-0.132911,-0.459624,0.738329,0.046923,11.556100,0
55.940000,-0.103058,-0.492486,0.824618,-0.130892,-0.457405,0.738329,0.044782,11.500700,0
55.960000,-0.099453,-0.487810,0.817333,-0.128872,-0.455187,0.738329,0.043929,11.272300,0
55.980000,-0.100055,-0.489791,0.808739,-0.126853,-0.452968,0.738329,0.045542,11.251900,0
56.000000,-0.095667,-0.485280,0.820365,-0.124834,-0.450749,0.738329,0.045201,11.467500,0
56.020000,-0.091661,-0.481150,0.813993,-0.122815,-0.448530,0.738329,0.045107,11.349400,0
56.040000,-0.093673,-0.483479,0.836495,-0.122581,-0.448271,0.720784,0.045556,11.239600,0
56.060000,-0.091630,-0.480924,0.860237,-0.122569,-0.448256,0.702545,0.044994,11.385300,0
56.080000,-0.091165,-0.483295,0.868020,-0.122572,-0.448259,0.684556,0.047052,11.471000,0
56.100000,-0.091987,-0.484674,0.882523,-0.122575,-0.448260,0.666564,0.047556,11.269800,0
56.120000,-0.092393,-0.485227,0.911377,-0.122578,-0.448261,0.648569,0.047724,11.308500,0
56.140000,-0.090979,-0.485531,0.924666,-0.122581,-0.448262,0.630573,0.048864,11.385000,0
56.160000,-0.090431,-0.485178,0.941754,-0.122584,-0.448262,0.612576,0.048955,11.420200,0
56.180000,-0.088140,-0.484933,0.966610,-0.122587,-0.448263,0.594580,0.050312,11.333900,0
56.200000,-0.087817,-0.484330,0.985138,-0.122589,-0.448263,0.576584,0.050099,11.216800,0
56.220000,-0.092092,-0.488548,0.996706,-0.122592,-0.448263,0.558589,0.050528,11.504400,0
56.240000,-0.089197,-0.483818,1.018131,-0.122594,-0.448262,0.540595,0.048781,11.251800,0
56.260000,-0.088259,-0.484334,1.034740,-0.122597,-0.448262,0.522601,0.049802,10.887900,0
56.280000,-0.088280,-0.486244,1.051320,-0.122599,-0.448262,0.504609,0.051191,11.158300,0
56.300000,-0.091722,-0.491371,1.066014,-0.122601,-0.448262,0.486617,0.053028,10.510900,0
56.320000,-0.088213,-0.486251,1.090596,-0.122604,-0.448261,0.468626,0.051244,10.421200,0
56.340000,-0.087468,-0.487036,1.103227,-0.122606,-0.448261,0.450636,0.052328,10.511400,0
56.360000,-0.088705,-0.487335,1.126038,-0.122608,-0.448261,0.432647,0.051732,11.136500,0
56.380000,-0.090280,-0.494550,1.133753,-0.122610,-0.448260,0.414658,0.056462,16.711700,0
56.400000,-0.086067,-0.488381,1.155124,-0.122612,-0.448260,0.396670,0.054270,15.150600,0
56.420000,-0.083703,-0.486147,1.176808,-0.122614,-0.448259,0.378683,0.054310,13.053100,0
56.440000,-0.084479,-0.490459,1.196619,-0.122616,-0.448259,0.360696,0.056879,11.439000,0
56.460000,-0.084376,-0.489891,1.211782,-0.122618,-0.448259,0.342709,0.056530,11.589900,0
56.480000,-0.083340,-0.489199,1.230364,-0.122620,-0.448258,0.324723,0.056737,11.327000,0
56.500000,-0.081964,-0.488982,1.251536,-0.122622,-0.448258,0.306737,0.057546,11.173000,0
56.520000,-0.084915,-0.490772,1.265371,-0.122624,-0.448258,0.288752,0.056828,11.469300,0
56.540000,-0.084861,-0.491473,1.255566,-0.121839,-0.445969,0.285271,0.058634,11.464000,0
56.560000,-0.083017,-0.484788,1.271630,-0.120994,-0.443087,0.285273,0.056402,11.456300,0
56.580000,-0.082567,-0.484291,1.279710,-0.120149,-0.440205,0.285286,0.057931,11.395400,0
56.600000,-0.080359,-0.476808,1.271410,-0.119304,-0.437323,0.285295,0.055459,11.854600,0
56.620000,-0.080955,-0.478227,1.273804,-0.118459,-0.434442,0.285302,0.057651,11.242500,0
56.640000,-0.078515,-0.472650,1.272101,-0.117613,-0.431562,0.285307,0.056718,11.205000,0
56.660000,-0.076741,-0.470677,1.275247,-0.116768,-0.428682,0.285310,0.058015,10.978800,0
56.680000,-0.075954,-0.466167,1.266179,-0.115923,-0.425802,0.285312,0.056805,10.732500,0
56.700000,-0.074711,-0.461060,1.256705,-0.115078,-0.422922,0.285313,0.055534,10.836200,0
56.720000,-0.072472,-0.458290,1.271671,-0.114234,-0.420043,0.285314,0.056629,10.986100,0
56.740000,-0.072911,-0.457456,1.262084,-0.113389,-0.417163,0.285315,0.057113,11.534600,0
56.760000,-0.071332,-0.456596,1.262562,-0.112544,-0.414284,0.285316,0.059065,11.288600,0
56.780000,-0.071521,-0.454626,1.270944,-0.111699,-0.411405,0.285317,0.059011,11.336100,0
56.800000,-0.070131,-0.455689,1.258034,-0.110855,-0.408526,0.285317,0.062312,11.382400,0
56.820000,-0.066893,-0.447901,1.272048,-0.110010,-0.405647,0.285318,0.060369,11.437400,0
56.840000,-0.066386,-0.442459,1.238111,-0.109166,-0.402769,0.285318,0.058356,11.601500,0
56.860000,-0.065092,-0.438559,1.272317,-0.108321,-0.399890,0.285319,0.058000,11.434800,0
56.880000,-0.066315,-0.439617,1.275572,-0.107477,-0.397011,0.285319,0.059242,11.603700,0
56.900000,-0.065320,-0.436114,1.280403,-0.106632,-0.394132,0.285319,0.058899,11.583400,0
56.920000,-0.064365,-0.430104,1.265610,-0.105788,-0.391253,0.285319,0.056792,11.640100,0
56.940000,-0.065112,-0.433195,1.285609,-0.105706,-0.390718,0.270671,0.058756,14.527700,0
56.960000,-0.064846,-0.434078,1.304434,-0.105740,-0.390608,0.251344,0.059683,13.576200,0
56.980000,-0.065751,-0.436815,1.316451,-0.105742,-0.390611,0.233357,0.061107,13.066100,0
57.000000,-0.063410,-0.432281,1.340167,-0.105744,-0.390614,0.215368,0.059399,11.378300,0
57.020000,-0.062472,-0.431526,1.356001,-0.105746,-0.390616,0.197378,0.059550,11.346300,0
57.040000,-0.062431,-0.434220,1.375758,-0.105748,-0.390617,0.179387,0.061462,11.279500,0
57.060000,-0.062731,-0.433549,1.392397,-0.105750,-0.390619,0.161396,0.060775,11.746600,0
57.080000,-0.061107,-0.435625,1.409968,-0.105752,-0.390620,0.143406,0.063393,11.495500,0
57.100000,-0.060978,-0.435428,1.436229,-0.105754,-0.390620,0.125416,0.063345,11.455100,0
57.120000,-0.058968,-0.432439,1.448386,-0.105756,-0.390621,0.107427,0.062752,11.816100,0
57.140000,-0.057885,-0.434101,1.473100,-0.105758,-0.390622,0.089439,0.064670,11.981700,0
57.160000,-0.056578,-0.435156,1.492919,-0.105760,-0.390622,0.071451,0.066348,11.807500,0
57.180000,-0.055503,-0.434527,1.498290,-0.105762,-0.390622,0.053464,0.066735,11.421100,0
57.200000,-0.054623,-0.435430,1.526930,-0.105764,-0.390623,0.035478,0.067994,12.162600,0
57.220000,-0.054795,-0.428578,1.532385,-0.105634,-0.388462,0.026017,0.064760,11.807100,0
57.240000,-0.055212,-0.428262,1.525653,-0.105558,-0.385460,0.026019,0.066082,12.151100,0
57.260000,-0.053876,-0.424460,1.530170,-0.105482,-0.382458,0.026024,0.066538,11.394300,0
57.280000,-0.054253,-0.421884,1.528071,-0.105405,-0.379456,0.026032,0.066458,11.838800,0
57.300000,-0.055844,-0.418197,1.529680,-0.105328,-0.376454,0.026038,0.064739,11.472600,0
57.320000,-0.055372,-0.421614,1.538190,-0.105250,-0.373453,0.026043,0.069334,12.100000,0
57.340000,-0.054013,-0.414181,1.537902,-0.105172,-0.370453,0.026047,0.067301,12.422000,0
57.360000,-0.053724,-0.413546,1.528853,-0.105094,-0.367453,0.026050,0.069018,12.551600,0
57.380000,-0.053658,-0.407891,1.522057,-0.105016,-0.364453,0.026053,0.067265,12.392000,0
57.400000,-0.053629,-0.404079,1.535651,-0.104937,-0.361453,0.026055,0.066705,12.469900,0
57.420000,-0.055232,-0.400760,1.539269,-0.104859,-0.358454,0.026057,0.065212,12.509400,0
57.440000,-0.054397,-0.396212,1.542126,-0.104781,-0.355454,0.026058,0.064805,12.497700,0
57.460000,-0.054508,-0.398019,1.538660,-0.104702,-0.352455,0.026059,0.067790,12.574800,0
57.480000,-0.052934,-0.393861,1.530382,-0.104624,-0.349456,0.026060,0.068145,11.578700,0
57.500000,-0.052497,-0.393233,1.556770,-0.104545,-0.346456,0.026061,0.069979,11.767700,0
57.520000,-0.051416,-0.386942,1.544295,-0.104467,-0.343457,0.026061,0.068595,11.285400,0
57.540000,-0.051967,-0.385356,1.536603,-0.104389,-0.340458,0.026061,0.069021,11.640500,0
57.560000,-0.051725,-0.378479,1.551610,-0.104310,-0.337459,0.026062,0.066692,11.351400,0
57.580000,-0.053629,-0.379749,1.529761,-0.104232,-0.334460,0.026062,0.067910,11.531800,0
57.600000,-0.052900,-0.374823,1.536037,-0.104154,-0.331461,0.026062,0.067136,12.119100,0
57.620000,-0.053402,-0.375004,1.536210,-0.104076,-0.328462,0.026062,0.068805,12.456300,0
57.640000,-0.053119,-0.370957,1.531326,-0.103998,-0.325463,0.026062,0.068252,12.605000,0
57.660000,-0.052988,-0.367199,1.539399,-0.103998,-0.324954,0.025798,0.066232,12.984400,0
57.680000,-0.053908,-0.368127,1.541631,-0.103997,-0.324953,0.025798,0.066128,13.043200,0
57.700000,-0.053975,-0.370710,1.537300,-0.103997,-0.324954,0.025798,0.067792,10.948300,0
57.720000,-0.054502,-0.372905,1.528075,-0.103997,-0.324954,0.025798,0.068914,11.017800,0
57.740000,-0.055891,-0.366177,1.522791,-0.103997,-0.324954,0.025798,0.063352,11.044100,0
57.760000,-0.054105,-0.368893,1.524499,-0.103997,-0.324954,0.025798,0.066482,10.919800,0
57.780000,-0.053706,-0.369271,1.559339,-0.103997,-0.324954,0.025798,0.067032,10.977600,0
57.800000,-0.053594,-0.364890,1.539574,-0.103997,-0.324954,0.025798,0.064306,11.130600,0
57.820000,-0.052652,-0.367742,1.541260,-0.103997,-0.324954,0.025798,0.066836,10.956200,0
57.840000,-0.055327,-0.372966,1.533245,-0.103997,-0.324954,0.025798,0.068366,11.220800,0
57.860000,-0.055068,-0.364712,1.522900,-0.103997,-0.324954,0.025798,0.063045,11.204500,0
57.880000,-0.054206,-0.366771,1.529211,-0.103997,-0.324954,0.025798,0.065021,11.730900,0
57.900000,-0.054400,-0.364059,1.538948,-0.103997,-0.324954,0.025798,0.063159,15.307000,0
57.920000,-0.054461,-0.366684,1.528528,-0.103997,-0.324954,0.025798,0.064770,14.206100,0
57.940000,-0.053397,-0.368753,1.532821,-0.103997,-0.324954,0.025798,0.066923,14.375500,0
57.960000,-0.052508,-0.370299,1.503592,-0.103997,-0.324954,0.025798,0.068609,13.958300,0
57.980000,-0.051412,-0.368190,1.528180,-0.103997,-0.324954,0.025798,0.068077,13.835700,0
58.000000,-0.052934,-0.367263,1.533837,-0.103997,-0.324954,0.025798,0.066313,12.190300,0
58.020000,-0.052382,-0.369857,1.541701,-0.103997,-0.324954,0.025798,0.068413,11.644200,0
58.040000,-0.052418,-0.369365,1.540116,-0.103997,-0.324954,0.025798,0.068064,11.267000,0
58.060000,-0.053654,-0.366739,1.542738,-0.103997,-0.324954,0.025798,0.065424,11.720900,0
58.080000,-0.052952,-0.370639,1.537280,-0.103997,-0.324954,0.025798,0.068504,12.375900,0
58.100000,-0.053506,-0.368609,1.543511,-0.103997,-0.324954,0.025798,0.066746,11.822300,0
58.120000,-0.053407,-0.364033,1.527507,-0.103997,-0.324954,0.025798,0.063926,11.801200,0
58.140000,-0.052165,-0.364627,1.521165,-0.103997,-0.324954,0.025798,0.065273,11.728600,0
58.160000,-0.051835,-0.366881,1.529592,-0.103997,-0.324954,0.025798,0.066923,11.607100,0
58.180000,-0.051886,-0.369119,1.538437,-0.103997,-0.324954,0.025798,0.068309,11.576600,0
58.200000,-0.052810,-0.370592,1.533019,-0.103997,-0.324954,0.025798,0.068578,11.505700,0
58.220000,-0.052424,-0.368820,1.532507,-0.103997,-0.324954,0.025798,0.067705,11.601400,0
58.240000,-0.053088,-0.365518,1.544933,-0.103997,-0.324954,0.025798,0.065094,12.092800,0
58.260000,-0.052798,-0.366340,1.533378,-0.103997,-0.324954,0.025798,0.065834,12.778800,0
58.280000,-0.053173,-0.365024,1.541654,-0.103997,-0.324954,0.025798,0.064720,12.857400,0
58.300000,-0.052796,-0.371650,1.535067,-0.103997,-0.324954,0.025798,0.069296,12.527400,0
58.320000,-0.053568,-0.367800,1.535402,-0.103997,-0.324954,0.025798,0.066173,12.165000,0
58.340000,-0.053563,-0.368140,1.521761,-0.103997,-0.324954,0.025798,0.066398,13.075400,0
58.360000,-0.052557,-0.369907,1.532138,-0.103997,-0.324954,0.025798,0.068314,12.166300,0
58.380000,-0.052560,-0.370197,1.543134,-0.103997,-0.324954,0.025798,0.068503,12.390700,0
58.400000,-0.052355,-0.371670,1.531804,-0.103997,-0.324954,0.025798,0.069637,12.750600,0
58.420000,-0.052038,-0.369141,1.561325,-0.103997,-0.324954,0.025798,0.068207,13.417900,0
58.440000,-0.052337,-0.370558,1.525576,-0.103997,-0.324954,0.025798,0.068909,17.132000,0
58.460000,-0.051874,-0.366953,1.528097,-0.103997,-0.324954,0.025798,0.066938,12.856800,0
58.480000,-0.052109,-0.369926,1.541674,-0.103997,-0.324954,0.025798,0.068665,13.038900,0
58.500000,-0.052365,-0.368819,1.532020,-0.103997,-0.324954,0.025798,0.067749,12.474600,0
58.520000,-0.052390,-0.366245,1.531248,-0.103997,-0.324954,0.025798,0.066092,12.366100,0
58.540000,-0.052907,-0.370038,1.543853,-0.103997,-0.324954,0.025798,0.068138,12.568800,0
58.560000,-0.053571,-0.371841,1.545832,-0.103997,-0.324954,0.025798,0.068856,12.832900,0
58.580000,-0.051829,-0.365756,1.546967,-0.103997,-0.324954,0.025798,0.066229,12.584700,0
58.600000,-0.052045,-0.371194,1.536917,-0.103997,-0.324954,0.025798,0.069550,12.696500,0
58.620000,-0.052441,-0.368479,1.544333,-0.103997,-0.324954,0.025798,0.067472,12.735200,0
58.640000,-0.052114,-0.365389,1.535762,-0.103997,-0.324954,0.025798,0.065778,13.042000,0
58.660000,-0.051998,-0.368526,1.558688,-0.103997,-0.324954,0.025798,0.067841,12.523800,0
58.680000,-0.053414,-0.371900,1.534231,-0.103997,-0.324954,0.025798,0.069011,15.591500,0
58.700000,-0.053443,-0.368673,1.540234,-0.103997,-0.324954,0.025798,0.066836,12.492400,0
58.720000,-0.053468,-0.371776,1.542535,-0.103997,-0.324954,0.025798,0.068887,12.815700,0
58.740000,-0.052597,-0.370254,1.545490,-0.103997,-0.324954,0.025798,0.068513,12.515800,0
58.760000,-0.052748,-0.370116,1.542919,-0.103997,-0.324954,0.025798,0.068308,12.601500,0
58.780000,-0.052571,-0.369575,1.536682,-0.103997,-0.324954,0.025798,0.068086,12.706500,0
58.800000,-0.052236,-0.367463,1.562913,-0.103997,-0.324954,0.025798,0.066979,12.328700,0
58.820000,-0.053201,-0.370593,1.531561,-0.103997,-0.324954,0.025798,0.068287,13.081300,0
58.840000,-0.052339,-0.365616,1.529867,-0.103997,-0.324954,0.025798,0.065741,12.282600,0
58.860000,-0.052535,-0.368448,1.530775,-0.103997,-0.324954,0.025798,0.067380,12.516000,0
58.880000,-0.051844,-0.368907,1.532849,-0.103997,-0.324954,0.025798,0.068204,12.120800,0
58.900000,-0.052673,-0.371233,1.521208,-0.103997,-0.324954,0.025798,0.069108,12.045800,0
58.920000,-0.054004,-0.369116,1.530991,-0.103997,-0.324954,0.025798,0.066705,12.155500,0
58.940000,-0.054244,-0.369072,1.544821,-0.103997,-0.324954,0.025798,0.066497,11.814300,0
58.960000,-0.053806,-0.368024,1.530857,-0.103997,-0.324954,0.025798,0.066138,11.830600,0
58.980000,-0.052988,-0.370375,1.509526,-0.103997,-0.324954,0.025798,0.068301,11.754900,0
59.000000,-0.052640,-0.370284,1.529495,-0.103997,-0.324954,0.025798,0.068500,11.735400,0
59.020000,-0.052334,-0.367846,1.532794,-0.103997,-0.324954,0.025798,0.067148,11.092600,0
59.040000,-0.052012,-0.371509,1.516970,-0.103997,-0.324954,0.025798,0.069784,11.722000,0
59.060000,-0.053129,-0.367340,1.530672,-0.103997,-0.324954,0.025798,0.066212,11.026700,0
59.080000,-0.053026,-0.371506,1.537088,-0.103997,-0.324954,0.025798,0.069030,11.142400,0
59.100000,-0.052027,-0.367924,1.539231,-0.103997,-0.324954,0.025798,0.067434,11.574500,0
59.120000,-0.049719,-0.330475,1.544665,-0.103997,-0.324954,0.025798,0.054558,11.421400,0
59.140000,-0.053575,-0.367758,1.540029,-0.103997,-0.324954,0.025798,0.066141,11.727700,0
59.160000,-0.053954,-0.368084,1.536811,-0.103997,-0.324954,0.025798,0.066064,11.819200,0
59.180000,-0.053801,-0.369960,1.541993,-0.103997,-0.324954,0.025798,0.067418,12.044000,0
59.200000,-0.054752,-0.366394,1.534009,-0.103997,-0.324954,0.025798,0.064361,14.076600,0
59.220000,-0.053060,-0.370657,1.540184,-0.103997,-0.324954,0.025798,0.068435,14.658100,0
59.240000,-0.052674,-0.367568,1.559644,-0.103997,-0.324954,0.025798,0.066709,14.003700,0
59.260000,-0.051642,-0.367045,1.541093,-0.103997,-0.324954,0.025798,0.067176,11.431100,0
59.280000,-0.052104,-0.367072,1.540468,-0.103997,-0.324954,0.025798,0.066834,11.603600,0
59.300000,-0.052079,-0.369038,1.544815,-0.103997,-0.324954,0.025798,0.068110,11.827200,0
59.320000,-0.052283,-0.372130,1.529608,-0.103997,-0.324954,0.025798,0.069999,12.017800,0
59.340000,-0.051656,-0.367106,1.525525,-0.103997,-0.324954,0.025798,0.067204,11.719100,0
59.360000,-0.051425,-0.370355,1.526287,-0.103997,-0.324954,0.025798,0.069463,11.800400,0
59.380000,-0.050463,-0.365383,1.521202,-0.103997,-0.324954,0.025798,0.067084,11.654900,0
59.400000,-0.052324,-0.370423,1.524519,-0.103997,-0.324954,0.025798,0.068830,11.681100,0
59.420000,-0.053172,-0.366539,1.528624,-0.103997,-0.324954,0.025798,0.065670,11.671200,0
59.440000,-0.052710,-0.368030,1.522106,-0.103997,-0.324954,0.025798,0.066977,11.725500,0
59.460000,-0.052784,-0.365761,1.523871,-0.103997,-0.324954,0.025798,0.065483,11.624700,0
59.480000,-0.052511,-0.366149,1.524929,-0.103997,-0.324954,0.025798,0.065938,11.640500,0
59.500000,-0.052947,-0.365060,1.532441,-0.103997,-0.324954,0.025798,0.064920,11.476700,0
59.520000,-0.052573,-0.366181,1.565166,-0.103997,-0.324954,0.025798,0.065910,11.755200,0
59.540000,-0.051676,-0.369050,1.529983,-0.103997,-0.324954,0.025798,0.068424,11.503400,0
59.560000,-0.051053,-0.370928,1.534186,-0.103997,-0.324954,0.025798,0.070119,11.511700,0
59.580000,-0.051287,-0.368563,1.506400,-0.103997,-0.324954,0.025798,0.068411,11.525500,0
59.600000,-0.050614,-0.366612,1.540097,-0.103997,-0.324954,0.025798,0.067714,13.372300,0
59.620000,-0.051513,-0.369189,1.530973,-0.103997,-0.324954,0.025798,0.068639,10.662200,0
59.640000,-0.053249,-0.366341,1.520913,-0.103997,-0.324954,0.025798,0.065485,11.023000,0
59.660000,-0.052250,-0.368686,1.530056,-0.103997,-0.324954,0.025798,0.067751,10.857800,0
59.680000,-0.052410,-0.368558,1.552537,-0.103997,-0.324954,0.025798,0.067546,11.125200,0
59.700000,-0.051997,-0.369698,1.530311,-0.103997,-0.324954,0.025798,0.068601,11.278400,0
59.720000,-0.052644,-0.367784,1.511742,-0.103997,-0.324954,0.025798,0.066870,11.131800,0
59.740000,-0.053147,-0.371203,1.525417,-0.103997,-0.324954,0.025798,0.068736,11.191300,0
