timestamp,est_x,est_y,est_theta,gt_x,gt_y,gt_theta,error_m,update_time_ms,kidnapped
0.020000,-0.222786,1.987736,-0.244706,-0.550000,-0.458800,0.000000,2.468321,2.718600,0
0.040000,-0.131560,1.969300,-0.278271,-0.550000,-0.458800,0.000000,2.463891,1.711600,0
0.060000,0.098402,1.930601,-0.528787,-0.550000,-0.458800,0.000000,2.475815,1.536700,0
0.080000,0.189372,1.736649,-0.607210,-0.550000,-0.458800,0.000000,2.316607,1.583800,0
0.100000,0.221882,1.662472,-0.649280,-0.550000,-0.458800,0.000000,2.257343,1.684700,0
0.120000,0.367978,1.504862,-1.095930,-0.550000,-0.458800,0.000000,2.167638,1.690700,0
0.140000,0.589293,0.891471,-1.304840,-0.550000,-0.458800,0.000000,1.766698,2.005000,0
0.160000,0.594548,0.543887,-1.376577,-0.550000,-0.458800,0.000000,1.521635,2.860100,0
0.180000,0.615075,0.485540,-1.508519,-0.550000,-0.458800,0.000000,1.499725,2.542900,0
0.200000,0.622453,0.461572,-1.585028,-0.550000,-0.458800,0.000000,1.490547,2.575900,0
0.220000,0.620692,0.453680,-1.586997,-0.550000,-0.458800,0.000000,1.484298,2.517900,0
0.240000,0.620061,0.467305,-1.597372,-0.550000,-0.458800,0.000000,1.492217,2.580700,0
0.260000,0.617217,0.457197,-1.584152,-0.550000,-0.458800,0.000000,1.483727,2.681100,0
0.280000,0.619609,0.454839,-1.586293,-0.550000,-0.458800,0.000000,1.484157,4.444800,0
0.300000,0.624860,0.447474,-1.599060,-0.550000,-0.458800,0.000000,1.483788,2.563600,0
0.320000,0.622105,0.465577,-1.580772,-0.550000,-0.458800,0.000000,1.492750,2.730600,0
0.340000,0.628817,0.454928,-1.576993,-0.550000,-0.458800,0.000000,1.491478,2.562400,0
0.360000,0.619767,0.459593,-1.604907,-0.550000,-0.458800,0.000000,1.487212,2.643700,0
0.380000,0.620898,0.470617,-1.583339,-0.550000,-0.458800,0.000000,1.494931,4.161000,0
0.400000,0.621753,0.456151,-1.581931,-0.550000,-0.458800,0.000000,1.486654,5.257200,0
0.420000,0.622290,0.462708,-1.590129,-0.550000,-0.458800,0.000000,1.491121,5.064300,0
0.440000,0.620892,0.468418,-1.582332,-0.550000,-0.458800,0.000000,1.493560,5.299500,0
0.460000,0.619134,0.454872,-1.587599,-0.550000,-0.458800,0.000000,1.483803,3.188300,0
0.480000,0.623180,0.474513,-1.583433,-0.550000,-0.458800,0.000000,1.499141,2.667100,0
0.500000,0.618203,0.463658,-1.567547,-0.550000,-0.458800,0.000000,1.488499,2.770000,0
0.520000,0.619509,0.461628,-1.593799,-0.550000,-0.458800,0.000000,1.488268,2.639700,0
0.540000,0.624204,0.468028,-1.592555,-0.550000,-0.458800,0.000000,1.495916,3.594100,0
0.560000,0.617793,0.466070,-1.577294,-0.550000,-0.458800,0.000000,1.489672,2.762200,0
0.580000,0.611029,0.467376,-1.584042,-0.550000,-0.458800,0.000000,1.485190,2.821800,0
0.600000,0.619738,0.460645,-1.578639,-0.550000,-0.458800,0.000000,1.487840,2.725600,0
0.620000,0.627537,0.461819,-1.591687,-0.550000,-0.458800,0.000000,1.494702,2.784600,0
0.640000,0.624785,0.470044,-1.585131,-0.550000,-0.458800,0.000000,1.497622,3.075400,0
0.660000,0.620670,0.455464,-1.588676,-0.550000,-0.458800,0.000000,1.485377,2.761100,0
0.680000,0.623123,0.469208,-1.590714,-0.550000,-0.458800,0.000000,1.495800,2.804300,0
0.700000,0.622797,0.468282,-1.581512,-0.550000,-0.458800,0.000000,1.494969,2.676500,0
0.720000,0.618024,0.455775,-1.588771,-0.550000,-0.458800,0.000000,1.483485,2.941600,0
0.740000,0.625063,0.457711,-1.595068,-0.550000,-0.458800,0.000000,1.490223,2.641600,0
0.760000,0.622008,0.459377,-1.604589,-0.550000,-0.458800,0.000000,1.488843,4.328300,0
0.780000,0.621711,0.464708,-1.583029,-0.550000,-0.458800,0.000000,1.491903,4.369500,0
0.800000,0.625586,0.452716,-1.584874,-0.550000,-0.458800,0.000000,1.487570,4.347700,0
0.820000,0.621149,0.465866,-1.577861,-0.550000,-0.458800,0.000000,1.492179,4.356600,0
0.840000,0.621946,0.453571,-1.582680,-0.550000,-0.458800,0.000000,1.485219,3.131300,0
0.860000,0.622863,0.451825,-1.582193,-0.550000,-0.458800,0.000000,1.484872,2.397700,0
0.880000,0.622212,0.457536,-1.609468,-0.550000,-0.458800,0.000000,1.487869,2.364300,0
0.900000,0.623678,0.465204,-1.586416,-0.550000,-0.458800,0.000000,1.493755,2.460200,0
0.920000,0.618412,0.459057,-1.586884,-0.550000,-0.458800,0.000000,1.485815,2.313800,0
0.940000,0.620146,0.467104,-1.562362,-0.550000,-0.458800,0.000000,1.492159,2.544900,0
0.960000,0.626834,0.469830,-1.584858,-0.550000,-0.458800,0.000000,1.499097,2.983700,0
0.980000,0.620501,0.456465,-1.589845,-0.550000,-0.458800,0.000000,1.485861,2.554900,0
1.000000,0.612390,0.465208,-1.560067,-0.550000,-0.458800,0.000000,1.484905,2.563500,0
1.020000,0.617017,0.448866,-1.607555,-0.550000,-0.458800,0.000000,1.478441,2.666200,0
1.040000,0.621166,0.457948,-1.600065,-0.550000,-0.458800,0.000000,1.487299,2.619300,0
1.060000,0.625452,0.462458,-1.591103,-0.550000,-0.458800,0.000000,1.493454,2.753600,0
1.080000,0.628351,0.453960,-1.586910,-0.550000,-0.458800,0.000000,1.490518,3.036100,0
1.100000,0.622638,0.470647,-1.586051,-0.550000,-0.458800,0.000000,1.496313,2.780100,0
1.120000,0.621109,0.456985,-1.577255,-0.550000,-0.458800,0.000000,1.486661,2.686700,0
1.140000,0.620840,0.469087,-1.584140,-0.550000,-0.458800,0.000000,1.493935,2.705800,0
1.160000,0.620961,0.461038,-1.574026,-0.550000,-0.458800,0.000000,1.489044,2.759900,0
1.180000,0.620526,0.462474,-1.588948,-0.550000,-0.458800,0.000000,1.489589,3.720800,0
1.200000,0.618066,0.463658,-1.567755,-0.550000,-0.458800,0.000000,1.488391,3.474500,0
1.220000,0.620264,0.455255,-1.565564,-0.550000,-0.458800,0.000000,1.484929,3.042900,0
1.240000,0.619101,0.451236,-1.580633,-0.550000,-0.458800,0.000000,1.481540,2.950700,0
1.260000,0.620821,0.456799,-1.583451,-0.550000,-0.458800,0.000000,1.486318,2.782900,0
1.280000,0.618437,0.447177,-1.585182,-0.550000,-0.458800,0.000000,1.478526,2.802600,0
1.300000,0.616211,0.453170,-1.590076,-0.550000,-0.458800,0.000000,1.480451,2.801500,0
1.320000,0.619948,0.468585,-1.588458,-0.550000,-0.458800,0.000000,1.492924,2.615000,0
1.340000,0.619390,0.454145,-1.588660,-0.550000,-0.458800,0.000000,1.483557,2.699200,0
1.360000,0.619521,0.461099,-1.592982,-0.550000,-0.458800,0.000000,1.487950,2.618000,0
1.380000,0.621257,0.448839,-1.596008,-0.550000,-0.458800,0.000000,1.481773,2.818100,0
1.400000,0.628212,0.453185,-1.581673,-0.550000,-0.458800,0.000000,1.489933,3.467800,0
1.420000,0.622296,0.459533,-1.580881,-0.550000,-0.458800,0.000000,1.489166,2.632300,0
1.440000,0.621716,0.442766,-1.590746,-0.550000,-0.458800,0.000000,1.478425,2.655700,0
1.460000,0.623822,0.458322,-1.575722,-0.550000,-0.458800,0.000000,1.489620,2.750400,0
1.480000,0.625015,0.458560,-1.588384,-0.550000,-0.458800,0.000000,1.490708,2.698900,0
1.500000,0.622422,0.463660,-1.604598,-0.550000,-0.458800,0.000000,1.491813,2.772100,0
1.520000,0.621686,0.471335,-1.569358,-0.550000,-0.458800,0.000000,1.495994,5.096800,0
1.540000,0.621240,0.465572,-1.576817,-0.550000,-0.458800,0.000000,1.492068,4.812000,0
1.560000,0.622449,0.471322,-1.587777,-0.550000,-0.458800,0.000000,1.496584,4.682600,0
1.580000,0.619541,0.465213,-1.573986,-0.550000,-0.458800,0.000000,1.490512,3.384500,0
1.600000,0.621728,0.461110,-1.579833,-0.550000,-0.458800,0.000000,1.489691,2.464000,0
1.620000,0.624655,0.463588,-1.596809,-0.550000,-0.458800,0.000000,1.493524,2.409600,0
1.640000,0.624073,0.452582,-1.584799,-0.550000,-0.458800,0.000000,1.486292,2.546400,0
1.660000,0.625529,0.460568,-1.591280,-0.550000,-0.458800,0.000000,1.492349,2.750100,0
1.680000,0.625163,0.455558,-1.595273,-0.550000,-0.458800,0.000000,1.488979,2.517500,0
1.700000,0.625594,0.477663,-1.590318,-0.550000,-0.458800,0.000000,1.502992,4.159100,0
1.720000,0.626935,0.459296,-1.590862,-0.550000,-0.458800,0.000000,1.492674,3.288400,0
1.740000,0.625117,0.460757,-1.595624,-0.550000,-0.458800,0.000000,1.492142,2.429800,0
1.760000,0.624566,0.466478,-1.572787,-0.550000,-0.458800,0.000000,1.495240,2.601300,0
1.780000,0.624653,0.463098,-1.574164,-0.550000,-0.458800,0.000000,1.493220,2.513900,0
1.800000,0.622325,0.456086,-1.600348,-0.550000,-0.458800,0.000000,1.487065,3.220300,0
1.820000,0.622572,0.456074,-1.574297,-0.550000,-0.458800,0.000000,1.487252,4.708500,0
1.840000,0.620749,0.463322,-1.586349,-0.550000,-0.458800,0.000000,1.490289,4.480300,0
1.860000,0.621429,0.460077,-1.591601,-0.550000,-0.458800,0.000000,1.488819,4.721200,0
1.880000,0.622808,0.452283,-1.593725,-0.550000,-0.458800,0.000000,1.485110,4.691900,0
1.900000,0.623541,0.449958,-1.580729,-0.550000,-0.458800,0.000000,1.484264,4.524300,0
1.920000,0.623496,0.456647,-1.590366,-0.550000,-0.458800,0.000000,1.488333,4.668700,0
1.940000,0.624302,0.465234,-1.578449,-0.550000,-0.458800,0.000000,1.494263,3.777500,0
1.960000,0.625014,0.468269,-1.577416,-0.550000,-0.458800,0.000000,1.496701,2.369800,0
1.980000,0.625927,0.456550,-1.587423,-0.550000,-0.458800,0.000000,1.490191,2.384400,0
2.000000,0.625369,0.461803,-1.576812,-0.550000,-0.458800,0.000000,1.492984,2.403500,0
2.020000,0.623895,0.464660,-1.582658,-0.550000,-0.458800,0.000000,1.493589,2.354300,0
2.040000,0.623694,0.457966,-1.581963,-0.550000,-0.458800,0.000000,1.489301,2.335000,0
2.060000,0.624201,0.451310,-1.591870,-0.550000,-0.458800,0.000000,1.485614,2.244600,0
2.080000,0.622897,0.465602,-1.566703,-0.550000,-0.458800,0.000000,1.493387,2.334000,0
2.100000,0.624059,0.453571,-1.589937,-0.550000,-0.458800,0.000000,1.486888,2.329000,0
2.120000,0.622089,0.456624,-1.611239,-0.550000,-0.458800,0.000000,1.487210,2.305700,0
2.140000,0.621654,0.465704,-1.596578,-0.550000,-0.458800,0.000000,1.492475,2.383500,0
2.160000,0.623342,0.460862,-1.586759,-0.550000,-0.458800,0.000000,1.490808,2.394700,0
2.180000,0.622733,0.456607,-1.593680,-0.550000,-0.458800,0.000000,1.487707,2.313400,0
2.200000,0.621781,0.450091,-1.576098,-0.550000,-0.458800,0.000000,1.482954,2.304300,0
2.220000,0.624001,0.459857,-1.580348,-0.550000,-0.458800,0.000000,1.490707,2.553000,0
2.240000,0.623007,0.465693,-1.583247,-0.550000,-0.458800,0.000000,1.493530,2.332800,0
2.260000,0.623617,0.456157,-1.589272,-0.550000,-0.458800,0.000000,1.488127,2.281700,0
2.280000,0.622885,0.457459,-1.576306,-0.550000,-0.458800,0.000000,1.488352,2.254700,0
2.300000,0.623551,0.462786,-1.570420,-0.550000,-0.458800,0.000000,1.492161,2.248600,0
2.320000,0.622351,0.467075,-1.602328,-0.550000,-0.458800,0.000000,1.493871,2.294100,0
2.340000,0.621933,0.461739,-1.584658,-0.550000,-0.458800,0.000000,1.490241,2.815900,0
2.360000,0.624523,0.454465,-1.605521,-0.550000,-0.458800,0.000000,1.487803,2.265000,0
2.380000,0.622137,0.451360,-1.588435,-0.550000,-0.458800,0.000000,1.484014,2.400700,0
2.400000,0.620168,0.457731,-1.589527,-0.550000,-0.458800,0.000000,1.486379,2.287000,0
2.420000,0.618958,0.456762,-1.578717,-0.550000,-0.458800,0.000000,1.484829,2.361400,0
2.440000,0.618404,0.464732,-1.580248,-0.550000,-0.458800,0.000000,1.489322,2.255600,0
2.460000,0.618594,0.453001,-1.573666,-0.550000,-0.458800,0.000000,1.482226,2.415800,0
2.480000,0.618616,0.460526,-1.584647,-0.550000,-0.458800,0.000000,1.486884,2.435000,0
2.500000,0.618949,0.455777,-1.576895,-0.550000,-0.458800,0.000000,1.484215,2.520200,0
2.520000,0.621235,0.458440,-1.584992,-0.550000,-0.458800,0.000000,1.487656,2.461000,0
2.540000,0.621340,0.454619,-1.579142,-0.550000,-0.458800,0.000000,1.485386,2.560500,0
2.560000,0.622234,0.463244,-1.581459,-0.550000,-0.458800,0.000000,1.491408,2.496000,0
2.580000,0.621966,0.468323,-1.583346,-0.550000,-0.458800,0.000000,1.494343,2.544500,0
2.600000,0.623393,0.462135,-1.596010,-0.550000,-0.458800,0.000000,1.491635,2.604400,0
2.620000,0.620827,0.460822,-1.594082,-0.550000,-0.458800,0.000000,1.488805,2.552800,0
2.640000,0.621113,0.458684,-1.582180,-0.550000,-0.458800,0.000000,1.487710,2.539800,0
2.660000,0.619316,0.467638,-1.580774,-0.550000,-0.458800,0.000000,1.491840,2.529700,0
2.680000,0.618388,0.462493,-1.587460,-0.550000,-0.458800,0.000000,1.487922,2.545600,0
2.700000,0.620795,0.471820,-1.586660,-0.550000,-0.458800,0.000000,1.495598,2.616000,0
2.720000,0.622290,0.464116,-1.578976,-0.550000,-0.458800,0.000000,1.491991,2.598100,0
2.740000,0.624269,0.467149,-1.564280,-0.550000,-0.458800,0.000000,1.495422,2.563600,0
2.760000,0.623596,0.454726,-1.588743,-0.550000,-0.458800,0.000000,1.487232,2.578700,0
2.780000,0.622759,0.468880,-1.596831,-0.550000,-0.458800,0.000000,1.495311,2.525600,0
2.800000,0.621904,0.458286,-1.591728,-0.550000,-0.458800,0.000000,1.488088,2.524100,0
2.820000,0.621563,0.455887,-1.591992,-0.550000,-0.458800,0.000000,1.486342,2.542000,0
2.840000,0.622458,0.465004,-1.593421,-0.550000,-0.458800,0.000000,1.492673,2.626800,0
2.860000,0.621570,0.458104,-1.583336,-0.550000,-0.458800,0.000000,1.487713,2.546200,0
2.880000,0.622290,0.452262,-1.583686,-0.550000,-0.458800,0.000000,1.484688,2.516400,0
2.900000,0.622966,0.446749,-1.581399,-0.550000,-0.458800,0.000000,1.481847,2.444900,0
2.920000,0.622927,0.466922,-1.577241,-0.550000,-0.458800,0.000000,1.494228,2.449300,0
2.940000,0.623599,0.463676,-1.580159,-0.550000,-0.458800,0.000000,1.492748,2.465200,0
2.960000,0.624100,0.458847,-1.591103,-0.550000,-0.458800,0.000000,1.490163,2.591400,0
2.980000,0.623425,0.451782,-1.584640,-0.550000,-0.458800,0.000000,1.485290,3.812200,0
3.000000,0.622694,0.456755,-1.590411,-0.550000,-0.458800,0.000000,1.487767,2.535000,0
3.020000,0.622851,0.454637,-1.585254,-0.550000,-0.458800,0.000000,1.486589,2.442400,0
3.040000,0.623836,0.460092,-1.592506,-0.550000,-0.458800,0.000000,1.490722,2.573700,0
3.060000,0.623360,0.451592,-1.585088,-0.550000,-0.458800,0.000000,1.485121,2.505800,0
3.080000,0.624213,0.456751,-1.599117,-0.550000,-0.458800,0.000000,1.488962,2.554900,0
3.100000,0.623284,0.464196,-1.584080,-0.550000,-0.458800,0.000000,1.492822,2.413100,0
3.120000,0.623086,0.456832,-1.585711,-0.550000,-0.458800,0.000000,1.488124,2.520400,0
3.140000,0.622085,0.458976,-1.580670,-0.550000,-0.458800,0.000000,1.488656,2.464500,0
3.160000,0.621573,0.460004,-1.577815,-0.550000,-0.458800,0.000000,1.488887,2.465600,0
3.180000,0.623276,0.462968,-1.588576,-0.550000,-0.458800,0.000000,1.492057,2.542100,0
3.200000,0.623199,0.455699,-1.577223,-0.550000,-0.458800,0.000000,1.487516,2.561700,0
3.220000,0.621721,0.469351,-1.589643,-0.550000,-0.458800,0.000000,1.494790,2.614800,0
3.240000,0.620310,0.479990,-1.581660,-0.550000,-0.458800,0.000000,1.500317,2.476700,0
3.260000,0.619050,0.460963,-1.582714,-0.550000,-0.458800,0.000000,1.487495,2.453500,0
3.280000,0.619983,0.457143,-1.587728,-0.550000,-0.458800,0.000000,1.485871,2.448000,0
3.300000,0.619766,0.451022,-1.586334,-0.550000,-0.458800,0.000000,1.481934,2.460400,0
3.320000,0.619881,0.463562,-1.576732,-0.550000,-0.458800,0.000000,1.489756,2.469100,0
3.340000,0.619173,0.464101,-1.584543,-0.550000,-0.456378,-0.000076,1.488035,2.479000,0
3.360000,0.620519,0.460566,-1.592033,-0.550000,-0.453378,-0.000076,1.485061,2.464600,0
3.380000,0.619782,0.441197,-1.600379,-0.550000,-0.450378,-0.000076,1.470815,2.462800,0
3.400000,0.620526,0.449354,-1.560533,-0.550001,-0.447378,-0.000076,1.474538,2.475100,0
3.420000,0.618891,0.450113,-1.561299,-0.550001,-0.444378,-0.000076,1.471877,2.459800,0
3.440000,0.619748,0.432506,-1.580547,-0.550001,-0.441377,-0.000076,1.460131,2.540800,0
3.460000,0.620454,0.442842,-1.594873,-0.550001,-0.438377,-0.000076,1.465097,2.543600,0
3.480000,0.620220,0.438518,-1.591129,-0.550002,-0.435377,-0.000076,1.460518,2.497400,0
3.500000,0.621394,0.439340,-1.590571,-0.550002,-0.432377,-0.000076,1.460157,2.456900,0
3.520000,0.620518,0.433396,-1.584447,-0.550002,-0.429377,-0.000076,1.454130,2.472200,0
3.540000,0.620550,0.443223,-1.584716,-0.550002,-0.426377,-0.000076,1.458216,2.425700,0
3.560000,0.621101,0.423771,-1.597627,-0.550003,-0.423377,-0.000076,1.445387,2.851300,0
3.580000,0.620077,0.425373,-1.585543,-0.550003,-0.420377,-0.000076,1.443739,2.958500,0
3.600000,0.619127,0.430530,-1.575571,-0.550003,-0.417377,-0.000076,1.444233,2.880600,0
3.620000,0.619396,0.416704,-1.570194,-0.550003,-0.414377,-0.000076,1.434639,2.892300,0
3.640000,0.618891,0.411407,-1.581968,-0.550004,-0.411377,-0.000076,1.429437,2.899300,0
3.660000,0.618649,0.414897,-1.578409,-0.550004,-0.408377,-0.000076,1.429521,2.747400,0
3.680000,0.619379,0.404699,-1.591910,-0.550004,-0.405377,-0.000076,1.422561,2.905400,0
3.700000,0.618697,0.400725,-1.590822,-0.550004,-0.402377,-0.000076,1.418038,2.891100,0
3.720000,0.617951,0.415890,-1.589648,-0.550004,-0.399377,-0.000076,1.424352,2.201500,0
3.740000,0.618237,0.394822,-1.574948,-0.550005,-0.396377,-0.000076,1.410952,2.093600,0
3.760000,0.618452,0.399737,-1.595116,-0.550005,-0.393377,-0.000076,1.412205,1.969000,0
3.780000,0.617476,0.380958,-1.581643,-0.550005,-0.390377,-0.000076,1.399275,2.010100,0
3.800000,0.618665,0.400462,-1.564954,-0.550005,-0.389867,-0.000003,1.410819,2.020700,0
3.820000,0.619199,0.382816,-1.592805,-0.550005,-0.389867,-0.000003,1.401455,2.002800,0
3.840000,0.618254,0.392272,-1.596805,-0.550005,-0.389867,-0.000003,1.405906,2.017200,0
3.860000,0.616582,0.402121,-1.570824,-0.550005,-0.389867,-0.000003,1.410025,2.664600,0
3.880000,0.618963,0.395300,-1.561528,-0.550005,-0.389867,-0.000003,1.408181,2.015100,0
3.900000,0.617983,0.405061,-1.576253,-0.550005,-0.389867,-0.000003,1.412836,2.116600,0
3.920000,0.618243,0.393846,-1.570392,-0.550005,-0.389868,-0.000003,1.406774,2.039200,0
3.940000,0.618823,0.390937,-1.567798,-0.550005,-0.389868,-0.000003,1.405637,2.034200,0
3.960000,0.618879,0.393833,-1.589116,-0.550005,-0.389868,-0.000003,1.407294,2.045900,0
3.980000,0.618716,0.382956,-1.582556,-0.550005,-0.389868,-0.000003,1.401130,2.069200,0
4.000000,0.619200,0.376874,-1.591344,-0.550005,-0.389868,-0.000003,1.398190,2.129000,0
4.020000,0.620273,0.398849,-1.581986,-0.550005,-0.389868,-0.000003,1.411249,2.059400,0
4.040000,0.620463,0.376532,-1.583943,-0.550005,-0.389868,-0.000003,1.399058,2.062600,0
4.060000,0.620089,0.391257,-1.598144,-0.550005,-0.389868,-0.000003,1.406867,2.140900,0
4.080000,0.620534,0.397918,-1.574709,-0.550005,-0.389868,-0.000003,1.410946,2.120300,0
4.100000,0.620908,0.393670,-1.573674,-0.550005,-0.389868,-0.000003,1.408889,2.121600,0
4.120000,0.621234,0.396551,-1.575868,-0.550005,-0.389868,-0.000003,1.410764,2.121500,0
4.140000,0.620704,0.390043,-1.598353,-0.550005,-0.389868,-0.000003,1.406705,2.211100,0
4.160000,0.620749,0.393409,-1.575148,-0.550005,-0.389868,-0.000003,1.408612,2.217100,0
4.180000,0.619629,0.393090,-1.587615,-0.550005,-0.389868,-0.000003,1.407504,2.201400,0
4.200000,0.619335,0.378625,-1.599585,-0.550005,-0.387445,-0.000078,1.397934,2.122600,0
4.220000,0.619624,0.380431,-1.599972,-0.550005,-0.384446,-0.000078,1.397522,2.142400,0
4.240000,0.619582,0.391820,-1.571901,-0.550006,-0.381445,-0.000078,1.402097,2.154300,0
4.260000,0.619841,0.370060,-1.588194,-0.550006,-0.378445,-0.000078,1.388813,2.128600,0
4.280000,0.620395,0.388210,-1.565818,-0.550006,-0.375445,-0.000078,1.397501,2.123100,0
4.300000,0.620415,0.389331,-1.569871,-0.550006,-0.372445,-0.000078,1.396491,2.341400,0
4.320000,0.619695,0.360181,-1.588788,-0.550007,-0.369445,-0.000078,1.378607,2.157800,0
4.340000,0.618929,0.367158,-1.582553,-0.550007,-0.366445,-0.000078,1.380067,2.148200,0
4.360000,0.618535,0.364379,-1.590484,-0.550007,-0.363445,-0.000078,1.376669,2.147100,0
4.380000,0.618012,0.367855,-1.584992,-0.550007,-0.360445,-0.000078,1.376477,2.143300,0
4.400000,0.617742,0.369911,-1.585392,-0.550008,-0.357445,-0.000078,1.375750,2.128400,0
4.420000,0.617647,0.366319,-1.588219,-0.550008,-0.354445,-0.000078,1.372195,2.146900,0
4.440000,0.617070,0.354773,-1.591909,-0.550008,-0.351445,-0.000078,1.364117,2.261800,0
4.460000,0.617544,0.356732,-1.571376,-0.550008,-0.348445,-0.000078,1.363984,2.157800,0
4.480000,0.617882,0.341571,-1.577572,-0.550009,-0.345445,-0.000078,1.354977,2.136800,0
4.500000,0.618920,0.345125,-1.574660,-0.550009,-0.342445,-0.000078,1.356151,2.175800,0
4.520000,0.618294,0.359205,-1.577859,-0.550009,-0.339445,-0.000078,1.361266,2.161400,0
4.540000,0.616906,0.324867,-1.608046,-0.550009,-0.336445,-0.000078,1.341276,2.179900,0
4.560000,0.617111,0.340643,-1.576921,-0.550009,-0.333445,-0.000078,1.347799,2.176700,0
4.580000,0.617545,0.332896,-1.577788,-0.550010,-0.330445,-0.000078,1.342835,2.317500,0
4.600000,0.617460,0.335597,-1.582842,-0.550010,-0.327445,-0.000078,1.342613,2.187600,0
4.620000,0.618293,0.328059,-1.587699,-0.550010,-0.324445,-0.000078,1.338168,2.186600,0
4.640000,0.617360,0.327618,-1.596726,-0.550010,-0.321445,-0.000078,1.335678,2.208500,0
4.660000,0.618525,0.318994,-1.572852,-0.550011,-0.318445,-0.000078,1.331091,2.247300,0
4.680000,0.618243,0.326623,-1.582797,-0.550011,-0.315445,-0.000078,1.333067,2.200300,0
4.700000,0.617326,0.311491,-1.582332,-0.550011,-0.312445,-0.000078,1.323620,2.186400,0
4.720000,0.616372,0.312130,-1.578142,-0.550011,-0.309445,-0.000078,1.321668,2.289300,0
4.740000,0.616058,0.315726,-1.578893,-0.550012,-0.306445,-0.000078,1.321672,2.150600,0
4.760000,0.616351,0.291494,-1.599724,-0.550012,-0.303445,-0.000078,1.309334,2.257500,0
4.780000,0.617739,0.284175,-1.593757,-0.550012,-0.300445,-0.000078,1.305919,2.176000,0
4.800000,0.618467,0.306259,-1.575428,-0.550012,-0.297445,-0.000078,1.315219,2.179200,0
4.820000,0.617711,0.309276,-1.572507,-0.550013,-0.294445,-0.000078,1.314557,2.183400,0
4.840000,0.617532,0.286068,-1.590688,-0.550013,-0.291445,-0.000078,1.302568,2.177700,0
4.860000,0.618057,0.271187,-1.588191,-0.550013,-0.288445,-0.000078,1.295212,2.204800,0
4.880000,0.618778,0.276420,-1.588504,-0.550013,-0.285445,-0.000078,1.296828,2.175700,0
4.900000,0.617825,0.277733,-1.592223,-0.550013,-0.282445,-0.000078,1.295239,2.175000,0
4.920000,0.617692,0.276467,-1.607769,-0.550014,-0.279445,-0.000078,1.293281,2.177600,0
4.940000,0.617774,0.265353,-1.603201,-0.550014,-0.276445,-0.000078,1.287351,2.175600,0
4.960000,0.617403,0.269221,-1.594307,-0.550014,-0.273445,-0.000078,1.287381,2.203700,0
4.980000,0.616193,0.258301,-1.571608,-0.550014,-0.270445,-0.000078,1.280472,2.187900,0
5.000000,0.615880,0.273095,-1.584608,-0.550015,-0.267445,-0.000078,1.285105,2.176500,0
5.020000,0.615714,0.257612,-1.579812,-0.550015,-0.264445,-0.000078,1.277290,2.236500,0
5.040000,0.615921,0.262676,-1.574154,-0.550015,-0.261445,-0.000078,1.278323,2.176100,0
5.060000,0.616166,0.256121,-1.584834,-0.550015,-0.258445,-0.000078,1.274660,2.203400,0
5.080000,0.617356,0.255591,-1.608053,-0.550016,-0.255445,-0.000078,1.274330,2.182400,0
5.100000,0.617726,0.243156,-1.577439,-0.550016,-0.252445,-0.000078,1.268559,2.180900,0
5.120000,0.617495,0.254762,-1.591813,-0.550016,-0.249445,-0.000078,1.271733,2.179400,0
5.140000,0.617393,0.254749,-1.570839,-0.550016,-0.246445,-0.000078,1.270449,2.184800,0
5.160000,0.616747,0.256465,-1.569603,-0.550016,-0.243445,-0.000078,1.269349,2.293900,0
5.180000,0.617281,0.251006,-1.581860,-0.550017,-0.240445,-0.000078,1.266534,2.173000,0
5.200000,0.616209,0.233730,-1.591539,-0.550017,-0.237445,-0.000078,1.257812,2.179800,0
5.220000,0.617681,0.239824,-1.584122,-0.550017,-0.234445,-0.000078,1.260337,2.196400,0
5.240000,0.616427,0.231720,-1.583739,-0.550017,-0.231445,-0.000078,1.255035,2.199900,0
5.260000,0.617233,0.222812,-1.590056,-0.550018,-0.228445,-0.000078,1.251442,2.240900,0
5.280000,0.617634,0.236533,-1.579201,-0.550018,-0.225445,-0.000078,1.255721,2.176300,0
5.300000,0.617419,0.235092,-1.560135,-0.550018,-0.222445,-0.000078,1.253893,2.330400,0
5.320000,0.615660,0.231832,-1.585486,-0.550018,-0.219445,-0.000078,1.249983,2.188600,0
5.340000,0.616333,0.222901,-1.586339,-0.550019,-0.216445,-0.000078,1.246355,2.268600,0
5.360000,0.617064,0.211573,-1.572475,-0.550019,-0.213445,-0.000078,1.242064,2.183600,0
5.380000,0.615907,0.213160,-1.575980,-0.550019,-0.210445,-0.000078,1.240494,2.186100,0
5.400000,0.616399,0.215568,-1.582414,-0.550019,-0.207445,-0.000078,1.240754,2.174100,0
5.420000,0.614833,0.186780,-1.602242,-0.550020,-0.204445,-0.000078,1.228796,2.207500,0
5.440000,0.613138,0.203278,-1.600257,-0.550020,-0.201445,-0.000078,1.231559,2.307900,0
5.460000,0.612814,0.190954,-1.592836,-0.550020,-0.198445,-0.000078,1.226301,2.194900,0
5.480000,0.614444,0.201173,-1.592876,-0.550020,-0.195445,-0.000078,1.230156,2.174200,0
5.500000,0.614416,0.206070,-1.585874,-0.550020,-0.192445,-0.000078,1.230742,2.184600,0
5.520000,0.614485,0.204188,-1.571193,-0.550021,-0.189445,-0.000078,1.229236,2.202200,0
5.540000,0.614495,0.177024,-1.590236,-0.550021,-0.186445,-0.000078,1.219921,2.178400,0
5.560000,0.614088,0.179032,-1.591538,-0.550021,-0.183445,-0.000078,1.219237,2.241700,0
5.580000,0.614663,0.176153,-1.590131,-0.550021,-0.180445,-0.000078,1.218053,2.214900,0
5.600000,0.614568,0.170433,-1.596134,-0.550022,-0.177445,-0.000078,1.215437,2.425900,0
5.620000,0.614273,0.176715,-1.591604,-0.550022,-0.174445,-0.000078,1.216099,2.228500,0
5.640000,0.614788,0.166148,-1.591071,-0.550022,-0.171445,-0.000078,1.212746,2.200900,0
5.660000,0.615688,0.169546,-1.555937,-0.550022,-0.168445,-0.000078,1.213720,2.180500,0
5.680000,0.614813,0.158609,-1.595903,-0.550023,-0.165445,-0.000078,1.209071,2.263300,0
5.700000,0.614019,0.167816,-1.574165,-0.550023,-0.162445,-0.000078,1.209986,2.245500,0
5.720000,0.614335,0.154799,-1.597710,-0.550023,-0.159445,-0.000078,1.206018,2.307700,0
5.740000,0.614423,0.156099,-1.577985,-0.550023,-0.156445,-0.000078,1.205661,2.263200,0
5.760000,0.614904,0.136108,-1.591055,-0.550024,-0.153445,-0.000078,1.200374,2.262000,0
5.780000,0.615758,0.164611,-1.587388,-0.550024,-0.150445,-0.000078,1.207604,2.164800,0
5.800000,0.614950,0.143734,-1.597505,-0.550024,-0.147445,-0.000078,1.200812,2.187600,0
5.820000,0.615786,0.147132,-1.571074,-0.550024,-0.144445,-0.000078,1.201720,2.179100,0
5.840000,0.615285,0.146081,-1.597480,-0.550025,-0.141445,-0.000078,1.200257,2.191900,0
5.860000,0.615245,0.133504,-1.586895,-0.550025,-0.138445,-0.000078,1.196583,2.210400,0
5.880000,0.614747,0.135273,-1.591007,-0.550025,-0.135445,-0.000078,1.195818,2.255100,0
5.900000,0.614780,0.144879,-1.592882,-0.550025,-0.132445,-0.000078,1.197363,3.140900,0
5.920000,0.615707,0.146994,-1.578409,-0.550025,-0.129445,-0.000078,1.198060,4.542100,0
5.940000,0.615762,0.120522,-1.595000,-0.550026,-0.126445,-0.000078,1.191661,4.373800,0
5.960000,0.615885,0.117365,-1.579755,-0.550026,-0.123445,-0.000078,1.190520,4.534000,0
5.980000,0.615513,0.130021,-1.577605,-0.550026,-0.120445,-0.000078,1.192146,2.845000,0
6.000000,0.614796,0.117227,-1.584522,-0.550026,-0.117445,-0.000078,1.188227,2.246500,0
6.020000,0.615325,0.113325,-1.588737,-0.550027,-0.114445,-0.000078,1.187402,2.252000,0
6.040000,0.615171,0.116425,-1.581723,-0.550027,-0.111445,-0.000078,1.187270,2.268100,0
6.060000,0.615188,0.121952,-1.576400,-0.550027,-0.108445,-0.000078,1.187774,2.248600,0
6.080000,0.615924,0.104508,-1.596292,-0.550027,-0.105445,-0.000078,1.184703,2.697000,0
6.100000,0.616604,0.111216,-1.583178,-0.550028,-0.102445,-0.000078,1.186036,2.247000,0
6.120000,0.616474,0.103908,-1.580008,-0.550028,-0.099445,-0.000078,1.184094,2.267300,0
6.140000,0.617431,0.108032,-1.593759,-0.550028,-0.096445,-0.000078,1.185231,2.234300,0
6.160000,0.616603,0.090076,-1.600389,-0.550028,-0.093445,-0.000078,1.180978,2.209100,0
6.180000,0.617114,0.105254,-1.575019,-0.550029,-0.090445,-0.000078,1.183436,2.177900,0
6.200000,0.615867,0.104095,-1.563884,-0.550029,-0.087445,-0.000078,1.181524,2.232200,0
6.220000,0.614558,0.079104,-1.604102,-0.550029,-0.084445,-0.000078,1.176015,2.186300,0
6.240000,0.615197,0.097003,-1.580411,-0.550029,-0.081445,-0.000078,1.178811,2.241600,0
6.260000,0.613796,0.069034,-1.597241,-0.550029,-0.078445,-0.000078,1.173132,2.261500,0
6.280000,0.612317,0.070357,-1.593513,-0.550030,-0.075445,-0.000078,1.171456,2.232000,0
6.300000,0.611660,0.072803,-1.600975,-0.550030,-0.072445,-0.000078,1.170735,2.257000,0
6.320000,0.611177,0.065077,-1.576104,-0.550030,-0.069445,-0.000078,1.168973,2.148800,0
6.340000,0.612526,0.089045,-1.556921,-0.550030,-0.066445,-0.000078,1.172908,2.204100,0
6.360000,0.613089,0.068310,-1.588952,-0.550031,-0.063445,-0.000078,1.170558,2.174900,0
6.380000,0.613371,0.056961,-1.603435,-0.550031,-0.060445,-0.000078,1.169311,2.184300,0
6.400000,0.614909,0.081747,-1.561087,-0.550031,-0.057445,-0.000078,1.173226,2.212700,0
6.420000,0.615130,0.043058,-1.582548,-0.550031,-0.054445,-0.000078,1.169233,2.182700,0
6.440000,0.614228,0.065167,-1.559388,-0.550032,-0.051445,-0.000078,1.170085,2.187300,0
6.460000,0.614141,0.062088,-1.572584,-0.550032,-0.048445,-0.000078,1.169408,2.167200,0
6.480000,0.612585,0.052468,-1.582350,-0.550032,-0.045445,-0.000078,1.166733,2.226800,0
6.500000,0.612947,0.044530,-1.583997,-0.550032,-0.042445,-0.000078,1.166227,2.223200,0
6.520000,0.612333,0.036885,-1.588299,-0.550032,-0.039445,-0.000078,1.164868,2.174300,0
6.540000,0.613323,0.052418,-1.576078,-0.550033,-0.036445,-0.000078,1.166745,2.185700,0
6.560000,0.613503,0.046349,-1.569130,-0.550033,-0.033445,-0.000078,1.166269,2.187200,0
6.580000,0.612118,0.014579,-1.587097,-0.550033,-0.030445,-0.000078,1.163023,2.171200,0
6.600000,0.613025,0.038344,-1.586614,-0.550033,-0.027445,-0.000078,1.164917,2.207900,0
6.620000,0.613052,0.048878,-1.575256,-0.550034,-0.024445,-0.000078,1.165395,2.256000,0
6.640000,0.612769,0.027285,-1.568284,-0.550034,-0.021445,-0.000078,1.163824,2.185400,0
6.660000,0.612489,0.015224,-1.582957,-0.550034,-0.018445,-0.000078,1.163010,2.183500,0
6.680000,0.612572,0.031914,-1.568638,-0.550034,-0.015445,-0.000078,1.163570,2.209300,0
6.700000,0.612839,0.021897,-1.559809,-0.550035,-0.012445,-0.000078,1.163381,2.181200,0
6.720000,0.612590,0.014225,-1.578401,-0.550035,-0.009445,-0.000078,1.162866,2.115300,0
6.740000,0.612354,0.004426,-1.577441,-0.550035,-0.006445,-0.000078,1.162440,2.128800,0
6.760000,0.611248,0.024091,-1.573923,-0.550035,-0.003445,-0.000078,1.161609,2.135900,0
6.780000,0.610115,-0.007229,-1.598756,-0.550035,-0.002491,0.009002,1.160160,2.253200,0
6.800000,0.610165,-0.002108,-1.643143,-0.550033,-0.002317,0.029000,1.160198,2.188900,0
6.820000,0.610898,0.002972,-1.641735,-0.550032,-0.002300,0.047227,1.160942,2.186800,0
6.840000,0.612397,0.001213,-1.661578,-0.550031,-0.002303,0.065216,1.162434,2.224000,0
6.860000,0.612380,-0.000077,-1.670749,-0.550030,-0.002306,0.083205,1.162412,2.183300,0
6.880000,0.612759,0.009790,-1.680010,-0.550029,-0.002308,0.101195,1.162851,2.173800,0
6.900000,0.613427,-0.003953,-1.703215,-0.550028,-0.002309,0.119185,1.163456,2.208300,0
6.920000,0.613026,-0.014276,-1.722012,-0.550027,-0.002316,0.137231,1.163114,2.304600,0
6.940000,0.618755,0.014225,-1.745029,-0.550026,-0.002323,0.155285,1.168898,2.192100,0
6.960000,0.620180,0.015679,-1.754322,-0.550025,-0.002330,0.173339,1.170343,2.139100,0
6.980000,0.617359,-0.009725,-1.776060,-0.550024,-0.002337,0.191390,1.167406,2.138800,0
7.000000,0.619030,0.012846,-1.771583,-0.550023,-0.002343,0.209436,1.169152,2.141200,0
7.020000,0.618406,0.005178,-1.789606,-0.550023,-0.002338,0.209435,1.168454,2.124700,0
7.040000,0.619742,0.014904,-1.773937,-0.550022,-0.002334,0.209429,1.169891,2.181400,0
7.060000,0.613041,-0.015096,-1.815605,-0.550022,-0.002331,0.209423,1.163133,2.456700,0
7.080000,0.617768,0.008031,-1.793120,-0.550021,-0.002328,0.209418,1.167835,2.177800,0
7.100000,0.619171,0.017767,-1.788244,-0.550021,-0.002326,0.209414,1.169365,2.126700,0
7.120000,0.617573,0.016596,-1.768436,-0.550021,-0.002325,0.209411,1.167748,2.135900,0
7.140000,0.618507,0.019343,-1.784539,-0.549397,0.000099,0.209456,1.168062,2.196100,0
7.160000,0.612956,-0.005377,-1.777882,-0.548773,0.003035,0.209456,1.161759,2.187100,0
7.180000,0.614881,0.000249,-1.797696,-0.548150,0.005970,0.209454,1.163045,2.181600,0
7.200000,0.611063,-0.005986,-1.807564,-0.547526,0.008905,0.209453,1.158685,2.315300,0
7.220000,0.607972,-0.018030,-1.802013,-0.546902,0.011840,0.209452,1.155260,2.040900,0
7.240000,0.608626,-0.019469,-1.803758,-0.546278,0.014775,0.209451,1.155412,2.033400,0
7.260000,0.610616,-0.015128,-1.781576,-0.545655,0.017710,0.209451,1.156737,2.037700,0
7.280000,0.612247,-0.011503,-1.788945,-0.545031,0.020645,0.209450,1.157724,1.999500,0
7.300000,0.610550,-0.023942,-1.779610,-0.544407,0.023579,0.209450,1.155934,1.988800,0
7.320000,0.609278,-0.029133,-1.810847,-0.543783,0.026514,0.209450,1.154403,1.993000,0
7.340000,0.607520,-0.033525,-1.798178,-0.543160,0.029449,0.209450,1.152401,2.301500,0
7.360000,0.607377,-0.033508,-1.812345,-0.542536,0.032383,0.209450,1.151800,1.992700,0
7.380000,0.602890,-0.053777,-1.790474,-0.541912,0.035318,0.209449,1.148264,2.038300,0
7.400000,0.605074,-0.039340,-1.797507,-0.541288,0.038252,0.209449,1.148985,2.217400,0
7.420000,0.605561,-0.038308,-1.802547,-0.540665,0.041187,0.209449,1.148980,2.175300,0
7.440000,0.604606,-0.046083,-1.805471,-0.540041,0.044121,0.209449,1.148196,2.222500,0
7.460000,0.606169,-0.041334,-1.770322,-0.539417,0.047056,0.209449,1.148991,2.219000,0
7.480000,0.603965,-0.055006,-1.803605,-0.539321,0.047729,0.222260,1.147892,2.538900,0
7.500000,0.611604,-0.026915,-1.807721,-0.539285,0.047888,0.242145,1.153317,2.316100,0
7.520000,0.606982,-0.048840,-1.832876,-0.539285,0.047888,0.260167,1.150341,2.354300,0
7.540000,0.606318,-0.056549,-1.864217,-0.539285,0.047883,0.278176,1.150353,2.300600,0
7.560000,0.610625,-0.041925,-1.879474,-0.539284,0.047878,0.296192,1.153411,2.345800,0
7.580000,0.607890,-0.051717,-1.888357,-0.539283,0.047873,0.314212,1.151487,2.457300,0
7.600000,0.608321,-0.053170,-1.910237,-0.539283,0.047868,0.332233,1.152044,2.424700,0
7.620000,0.611211,-0.048268,-1.919164,-0.539282,0.047863,0.350255,1.154503,2.533200,0
7.640000,0.614671,-0.032791,-1.937989,-0.539281,0.047859,0.368275,1.156767,2.382300,0
7.660000,0.606442,-0.052391,-1.978038,-0.539280,0.047855,0.386294,1.150099,2.495100,0
7.680000,0.613743,-0.033118,-1.970170,-0.539279,0.047851,0.404311,1.155862,2.399500,0
7.700000,0.606080,-0.049559,-2.010692,-0.539278,0.047847,0.422326,1.149492,2.418500,0
7.720000,0.616941,-0.023391,-1.984015,-0.539277,0.047844,0.440339,1.158410,2.428500,0
7.740000,0.610622,-0.044822,-2.046790,-0.539276,0.047841,0.458350,1.153625,2.505100,0
7.760000,0.613337,-0.040798,-2.053544,-0.539275,0.047838,0.476359,1.156015,2.430800,0
7.780000,0.619574,-0.032841,-2.065379,-0.539274,0.047835,0.494366,1.161652,2.406500,0
7.800000,0.616239,-0.038838,-2.089975,-0.539273,0.047832,0.512372,1.158757,2.460000,0
7.820000,0.609907,-0.052306,-2.095348,-0.539272,0.047829,0.530376,1.153534,2.440000,0
7.840000,0.618953,-0.037376,-2.122617,-0.539271,0.047827,0.548378,1.161354,2.421600,0
7.860000,0.614305,-0.048326,-2.158188,-0.539270,0.047824,0.566379,1.157576,2.398300,0
7.880000,0.613625,-0.050672,-2.162601,-0.539269,0.047822,0.584379,1.157093,2.748900,0
7.900000,0.624008,-0.036279,-2.161328,-0.539268,0.047819,0.602378,1.166311,2.507400,0
7.920000,0.623009,-0.037300,-2.178944,-0.539267,0.047817,0.620376,1.165389,2.435300,0
7.940000,0.609599,-0.055565,-2.229855,-0.539266,0.047815,0.638373,1.153507,2.469200,0
7.960000,0.606236,-0.060427,-2.240527,-0.539265,0.047812,0.656369,1.150604,2.427600,0
7.980000,0.617686,-0.046764,-2.257747,-0.539264,0.047810,0.674365,1.160809,2.460900,0
8.000000,0.618235,-0.048303,-2.272667,-0.539263,0.047808,0.692360,1.161481,2.606000,0
8.020000,0.619023,-0.052981,-2.284560,-0.539261,0.047813,0.692353,1.162661,2.476500,0
8.040000,0.609936,-0.053907,-2.282535,-0.537345,0.050123,0.692363,1.151988,2.424600,0
8.060000,0.619358,-0.048702,-2.257323,-0.535427,0.052434,0.692357,1.159206,2.467700,0
8.080000,0.608846,-0.061834,-2.283615,-0.533511,0.054746,0.692351,1.148290,2.490300,0
8.100000,0.608196,-0.060783,-2.273014,-0.531595,0.057057,0.692345,1.145867,2.494900,0
8.120000,0.601871,-0.066734,-2.289566,-0.529679,0.059368,0.692340,1.138555,2.534200,0
8.140000,0.609814,-0.055835,-2.265822,-0.527763,0.061679,0.692336,1.143630,2.697500,0
8.160000,0.596338,-0.075424,-2.275440,-0.525848,0.063990,0.692333,1.130813,2.428200,0
8.180000,0.586046,-0.087275,-2.278337,-0.523933,0.066300,0.692331,1.120553,2.562300,0
8.200000,0.598645,-0.071056,-2.276534,-0.522017,0.068610,0.692329,1.129331,2.428200,0
8.220000,0.597060,-0.072055,-2.284053,-0.520102,0.070920,0.692328,1.126274,2.488800,0
8.240000,0.594716,-0.074710,-2.281231,-0.518187,0.073230,0.692327,1.122693,2.429700,0
8.260000,0.592896,-0.081557,-2.275162,-0.516272,0.075539,0.692326,1.120238,2.735700,0
8.280000,0.587318,-0.088992,-2.290894,-0.514357,0.077849,0.692326,1.114237,2.477600,0
8.300000,0.597968,-0.078783,-2.285311,-0.514132,0.078119,0.709845,1.123114,2.504900,0
8.320000,0.589102,-0.088019,-2.323640,-0.514116,0.078136,0.728137,1.115660,2.473500,0
8.340000,0.585544,-0.090413,-2.342471,-0.514118,0.078133,0.746124,1.112504,2.506500,0
8.360000,0.589515,-0.087347,-2.351689,-0.514119,0.078130,0.764116,1.115971,2.440700,0
8.380000,0.591711,-0.082890,-2.377794,-0.514120,0.078127,0.782110,1.117493,2.648700,0
8.400000,0.583417,-0.095344,-2.382668,-0.514120,0.078124,0.800107,1.111161,2.498600,0
8.420000,0.595891,-0.082205,-2.399786,-0.514121,0.078121,0.818104,1.121530,2.487200,0
8.440000,0.600507,-0.077150,-2.410461,-0.514121,0.078118,0.836102,1.125391,2.463400,0
8.460000,0.585290,-0.090945,-2.419923,-0.512044,0.079994,0.838423,1.110568,2.446600,0
8.480000,0.598971,-0.079133,-2.416542,-0.509811,0.082002,0.838417,1.120430,2.465400,0
8.500000,0.591353,-0.086111,-2.406591,-0.507577,0.084009,0.838412,1.112020,2.583000,0
8.520000,0.592408,-0.083528,-2.412542,-0.505345,0.086017,0.838407,1.110769,2.542300,0
8.540000,0.583360,-0.092701,-2.399371,-0.503113,0.088024,0.838404,1.101401,2.501900,0
8.560000,0.574353,-0.102600,-2.440796,-0.500881,0.090031,0.838401,1.092353,2.567100,0
8.580000,0.594733,-0.084790,-2.431365,-0.500622,0.090262,0.856005,1.109255,2.456000,0
8.600000,0.584222,-0.094923,-2.473052,-0.500599,0.090281,0.874365,1.100516,2.457200,0
8.620000,0.578505,-0.098115,-2.474378,-0.500601,0.090278,0.892354,1.095428,2.493700,0
8.640000,0.589169,-0.085819,-2.492101,-0.500602,0.090275,0.910345,1.103906,2.720200,0
8.660000,0.579200,-0.094376,-2.498465,-0.500603,0.090273,0.928339,1.095477,2.472500,0
8.680000,0.590188,-0.087488,-2.513617,-0.500604,0.090270,0.946333,1.105181,2.493600,0
8.700000,0.593305,-0.085491,-2.531775,-0.500604,0.090268,0.964328,1.107938,2.466500,0
8.720000,0.579674,-0.093432,-2.541341,-0.498513,0.091975,0.964436,1.094012,2.460200,0
8.740000,0.575157,-0.102415,-2.561006,-0.496045,0.093686,0.964429,1.089004,2.423000,0
8.760000,0.574253,-0.104433,-2.538424,-0.493578,0.095398,0.964423,1.086368,2.520100,0
8.780000,0.570784,-0.108480,-2.558486,-0.491111,0.097109,0.964418,1.081613,2.413800,0
8.800000,0.579426,-0.106015,-2.558137,-0.488644,0.098821,0.964415,1.087535,2.431800,0
8.820000,0.572393,-0.109360,-2.554218,-0.486178,0.100531,0.964412,1.079179,2.386000,0
8.840000,0.576867,-0.106309,-2.581383,-0.485852,0.100583,0.981334,1.082671,2.466300,0
8.860000,0.569730,-0.112373,-2.598213,-0.485855,0.100580,0.999319,1.076851,2.449300,0
8.880000,0.576299,-0.110913,-2.598240,-0.485857,0.100577,1.017308,1.083006,2.517000,0
8.900000,0.578017,-0.108276,-2.629472,-0.485859,0.100575,1.035299,1.084182,2.425900,0
8.920000,0.574329,-0.109651,-2.597500,-0.485860,0.100572,1.053292,1.080831,2.478800,0
8.940000,0.570142,-0.113740,-2.664184,-0.485861,0.100570,1.071285,1.077530,2.446000,0
8.960000,0.556754,-0.122473,-2.662358,-0.485862,0.100568,1.089279,1.066206,2.400300,0
8.980000,0.573251,-0.111133,-2.690446,-0.485862,0.100565,1.107272,1.080063,2.459800,0
9.000000,0.576453,-0.110742,-2.691466,-0.485863,0.100563,1.125265,1.083127,2.460100,0
9.020000,0.566830,-0.118100,-2.737554,-0.485863,0.100561,1.143257,1.075163,2.718400,0
9.040000,0.572037,-0.114844,-2.761906,-0.485863,0.100559,1.161249,1.079607,2.392500,0
9.060000,0.574295,-0.118938,-2.774259,-0.485863,0.100556,1.179239,1.082641,2.430600,0
9.080000,0.585741,-0.114941,-2.792348,-0.485863,0.100554,1.197229,1.093056,2.378800,0
9.100000,0.568650,-0.121002,-2.788211,-0.485862,0.100552,1.215218,1.077535,2.492300,0
9.120000,0.571658,-0.119566,-2.822082,-0.485862,0.100550,1.233207,1.080185,2.386100,0
9.140000,0.579760,-0.115536,-2.818252,-0.485862,0.100548,1.251195,1.087309,2.616100,0
9.160000,0.587570,-0.113523,-2.842482,-0.485862,0.100546,1.269182,1.094570,2.465300,0
9.180000,0.581973,-0.114860,-2.869324,-0.485862,0.100544,1.287168,1.089344,2.511500,0
9.200000,0.583063,-0.113327,-2.876769,-0.485861,0.100542,1.305155,1.090110,2.524000,0
9.220000,0.575083,-0.118328,-2.901836,-0.485861,0.100540,1.323140,1.083284,2.443900,0
9.240000,0.567697,-0.120390,-2.913611,-0.485861,0.100538,1.341126,1.076473,2.381900,0
9.260000,0.583727,-0.116621,-2.943233,-0.485861,0.100537,1.359111,1.091410,2.449100,0
9.280000,0.564254,-0.120903,-2.955115,-0.485861,0.100535,1.377095,1.073208,2.599900,0
9.300000,0.567211,-0.122191,-2.985272,-0.483533,0.101015,1.384194,1.074190,2.440100,0
9.320000,0.575672,-0.121529,-2.962238,-0.480581,0.101571,1.384191,1.079557,2.407500,0
9.340000,0.577191,-0.121954,-2.986451,-0.477629,0.102128,1.384178,1.078359,2.530900,0
9.360000,0.554633,-0.126704,-2.956567,-0.474678,0.102684,1.384169,1.054561,2.461800,0
9.380000,0.568130,-0.125023,-2.977260,-0.471728,0.103241,1.384162,1.064617,2.502200,0
9.400000,0.560823,-0.126770,-2.990663,-0.468778,0.103798,1.384157,1.055102,2.680600,0
9.420000,0.546316,-0.128746,-2.971753,-0.465829,0.104355,1.384154,1.038640,2.290000,0
9.440000,0.548079,-0.127599,-2.951118,-0.462879,0.104912,1.384152,1.037352,2.081000,0
9.460000,0.557499,-0.126700,-2.963890,-0.459931,0.105469,1.384151,1.043583,1.946700,0
9.480000,0.543381,-0.129204,-2.951786,-0.456982,0.106026,1.384150,1.027647,1.957800,0
9.500000,0.561049,-0.126860,-2.955232,-0.454033,0.106583,1.384149,1.041579,1.951000,0
9.520000,0.539023,-0.129774,-2.965601,-0.451085,0.107140,1.384148,1.018058,1.893500,0
9.540000,0.530875,-0.133493,-2.965422,-0.448137,0.107697,1.384147,1.008285,1.958300,0
9.560000,0.534749,-0.133129,-2.964144,-0.445188,0.108253,1.384146,1.009228,2.065000,0
9.580000,0.526326,-0.133736,-2.959486,-0.442240,0.108810,1.384146,0.998473,2.007400,0
9.600000,0.527114,-0.130980,-2.966152,-0.439292,0.109367,1.384145,0.995845,2.017200,0
9.620000,0.535106,-0.128892,-2.980167,-0.436344,0.109924,1.384145,1.000374,2.081500,0
9.640000,0.524517,-0.132764,-2.956710,-0.433396,0.110481,1.384145,0.988314,2.008600,0
9.660000,0.516066,-0.132931,-2.971655,-0.432741,0.110560,1.397258,0.979552,2.048200,0
9.680000,0.522370,-0.130447,-3.006602,-0.432570,0.110527,1.417257,0.984875,2.036000,0
9.700000,0.522142,-0.129961,-3.032006,-0.432572,0.110525,1.435255,0.984537,2.017800,0
9.720000,0.520165,-0.131868,-3.027971,-0.432575,0.110524,1.453244,0.983091,2.075500,0
9.740000,0.518304,-0.130658,-3.059225,-0.432577,0.110522,1.471233,0.980990,1.973700,0
9.760000,0.529109,-0.128708,-3.075604,-0.432579,0.110521,1.489223,0.990997,1.967800,0
9.780000,0.542163,-0.128233,-3.076251,-0.432580,0.110519,1.507213,1.003556,1.966200,0
9.800000,0.518204,-0.129682,-3.099777,-0.432581,0.110518,1.525203,0.980657,1.965700,0
9.820000,0.529924,-0.129981,-3.124988,-0.432582,0.110517,1.543191,0.992098,2.073100,0
9.840000,0.517532,-0.131928,-3.139575,-0.432583,0.110517,1.561179,0.980560,2.024500,0
9.860000,0.522201,-0.132367,3.114097,-0.432584,0.110516,1.579167,0.985194,2.020300,0
9.880000,0.515996,-0.132171,3.128490,-0.432584,0.110515,1.597153,0.979132,2.237900,0
9.900000,0.524455,-0.133374,3.094741,-0.432585,0.110514,1.615139,0.987627,2.104600,0
9.920000,0.515234,-0.134265,3.088617,-0.430416,0.110408,1.624495,0.976790,2.040400,0
9.940000,0.522194,-0.136840,3.099471,-0.427417,0.110244,1.624492,0.981229,2.040900,0
9.960000,0.510097,-0.137160,3.052714,-0.424418,0.110082,1.624487,0.966668,2.004400,0
9.980000,0.510817,-0.135623,3.085514,-0.421420,0.109919,1.624479,0.964032,2.021200,0
10.000000,0.511527,-0.135943,3.083904,-0.418422,0.109757,1.624474,0.961859,2.008800,0
10.020000,0.505219,-0.136299,3.086273,-0.415424,0.109596,1.624469,0.952915,2.508400,0
10.040000,0.493232,-0.134266,3.084170,-0.412427,0.109435,1.624465,0.937875,2.005500,0
10.060000,0.493355,-0.133776,3.080965,-0.409430,0.109274,1.624461,0.934930,1.972600,0
10.080000,0.489717,-0.135023,3.070463,-0.406434,0.109112,1.624458,0.928810,2.021200,0
10.100000,0.500894,-0.133855,3.072735,-0.403437,0.108951,1.624456,0.936360,2.037000,0
10.120000,0.490176,-0.135186,3.101152,-0.400441,0.108790,1.624455,0.923430,2.092700,0
10.140000,0.484157,-0.135199,3.075923,-0.397445,0.108630,1.624454,0.914699,2.110400,0
10.160000,0.491278,-0.134689,3.082173,-0.394449,0.108469,1.624453,0.918497,2.135300,0
10.180000,0.480701,-0.134571,3.071835,-0.391453,0.108308,1.624452,0.905341,2.016300,0
10.200000,0.474446,-0.135558,3.063887,-0.388457,0.108147,1.624452,0.896657,2.078500,0
10.220000,0.480664,-0.136611,3.070717,-0.385461,0.107986,1.624451,0.900000,2.045800,0
10.240000,0.461782,-0.135083,3.070471,-0.382465,0.107825,1.624451,0.878497,2.066900,0
10.260000,0.466430,-0.134879,3.077790,-0.379469,0.107664,1.624451,0.879985,2.007600,0
10.280000,0.459986,-0.135157,3.089111,-0.376474,0.107503,1.624451,0.870947,2.065700,0
10.300000,0.465479,-0.133826,3.060525,-0.373478,0.107343,1.624451,0.872933,2.063000,0
10.320000,0.465545,-0.133924,3.078426,-0.370482,0.107182,1.624451,0.870099,2.134200,0
10.340000,0.457459,-0.133742,3.082158,-0.367486,0.107021,1.624451,0.859361,2.042900,0
10.360000,0.448882,-0.134330,3.091500,-0.364491,0.106860,1.624451,0.848380,2.033600,0
10.380000,0.440306,-0.133702,3.069051,-0.361495,0.106699,1.624451,0.837065,2.016300,0
10.400000,0.447371,-0.134599,3.078073,-0.358499,0.106538,1.624451,0.841174,2.008600,0
10.420000,0.439809,-0.133381,3.078911,-0.355504,0.106377,1.624451,0.830666,2.081700,0
10.440000,0.439601,-0.133772,3.092711,-0.352508,0.106217,1.624451,0.827666,2.057400,0
10.460000,0.442963,-0.131169,3.080644,-0.349512,0.106056,1.624451,0.827220,2.067800,0
10.480000,0.428784,-0.130468,3.079744,-0.346516,0.105895,1.624451,0.810529,2.321900,0
10.500000,0.432066,-0.129031,3.080126,-0.343521,0.105734,1.624451,0.810340,2.041500,0
10.520000,0.432584,-0.130625,3.067953,-0.340525,0.105573,1.624451,0.808386,2.008900,0
10.540000,0.430114,-0.129952,3.080002,-0.337529,0.105412,1.624451,0.802915,2.042800,0
10.560000,0.433105,-0.131895,3.084088,-0.334534,0.105251,1.624451,0.803435,2.055000,0
10.580000,0.420770,-0.130465,3.098616,-0.331538,0.105090,1.624451,0.788323,2.078400,0
10.600000,0.419910,-0.131065,3.084502,-0.328542,0.104930,1.624451,0.784776,2.056300,0
10.620000,0.420250,-0.131371,3.095345,-0.325547,0.104769,1.624451,0.782288,2.088000,0
10.640000,0.403918,-0.130367,3.066547,-0.322551,0.104608,1.624451,0.763525,2.068100,0
10.660000,0.399005,-0.129063,3.064927,-0.319555,0.104447,1.624451,0.755550,2.065800,0
10.680000,0.394685,-0.128887,3.071361,-0.316560,0.104286,1.624451,0.748491,2.054600,0
10.700000,0.401404,-0.129294,3.078364,-0.313564,0.104125,1.624451,0.752106,2.059300,0
10.720000,0.412114,-0.131796,3.104278,-0.310568,0.103964,1.624451,0.760166,2.036700,0
10.740000,0.399738,-0.131409,3.071203,-0.307573,0.103803,1.624451,0.745395,2.007600,0
10.760000,0.386101,-0.131182,3.069167,-0.304577,0.103642,1.624451,0.729505,2.051200,0
10.780000,0.390797,-0.130773,3.072031,-0.301581,0.103482,1.624451,0.730933,2.110500,0
10.800000,0.387638,-0.129316,3.085334,-0.298585,0.103321,1.624451,0.724584,2.062100,0
10.820000,0.379990,-0.129024,3.082383,-0.295590,0.103160,1.624451,0.714365,2.059600,0
10.840000,0.385903,-0.127766,3.070106,-0.292594,0.102999,1.624451,0.716667,2.056600,0
10.860000,0.379987,-0.126704,3.069069,-0.289598,0.102838,1.624451,0.707837,2.054200,0
10.880000,0.368487,-0.126793,3.086987,-0.286603,0.102677,1.624451,0.694118,2.078200,0
10.900000,0.374396,-0.128418,3.092279,-0.283607,0.102516,1.624451,0.697351,2.058400,0
10.920000,0.372013,-0.127171,3.101975,-0.280611,0.102355,1.624451,0.691810,2.059500,0
10.940000,0.365663,-0.128140,3.083129,-0.277616,0.102194,1.624451,0.683273,3.777100,0
10.960000,0.369962,-0.127161,3.081910,-0.274620,0.102034,1.624451,0.684117,4.329700,0
10.980000,0.371869,-0.126680,3.080398,-0.271624,0.101873,1.624451,0.682876,3.512300,0
11.000000,0.373453,-0.127152,3.080815,-0.268629,0.101712,1.624451,0.681651,2.169800,0
11.020000,0.353302,-0.124720,3.072358,-0.265633,0.101551,1.624451,0.658998,2.103800,0
11.040000,0.347059,-0.122685,3.100895,-0.262637,0.101390,1.624451,0.649568,2.155000,0
11.060000,0.358554,-0.123194,3.072819,-0.259642,0.101229,1.624451,0.657671,2.121800,0
11.080000,0.336974,-0.123145,3.061797,-0.256646,0.101068,1.624451,0.634552,2.062900,0
11.100000,0.328319,-0.123875,3.060520,-0.253650,0.100907,1.624451,0.623871,2.069400,0
11.120000,0.345790,-0.126710,3.101231,-0.250655,0.100746,1.624451,0.638344,2.061800,0
11.140000,0.326034,-0.124038,3.061959,-0.247659,0.100586,1.624451,0.616100,2.067900,0
11.160000,0.326812,-0.124682,3.051048,-0.244663,0.100425,1.624451,0.614212,2.070800,0
11.180000,0.332106,-0.125905,3.102826,-0.241668,0.100264,1.624451,0.616741,2.858900,0
11.200000,0.332272,-0.125282,3.044018,-0.238672,0.100103,1.624451,0.613821,2.620800,0
11.220000,0.321222,-0.124477,3.057003,-0.235676,0.099942,1.624451,0.600416,2.140000,0
11.240000,0.317324,-0.122671,3.072794,-0.232680,0.099781,1.624451,0.593287,2.128400,0
11.260000,0.329928,-0.124438,3.107347,-0.229685,0.099620,1.624451,0.602801,2.081800,0
11.280000,0.302570,-0.123582,3.076659,-0.226689,0.099459,1.624451,0.574337,2.076000,0
11.300000,0.317276,-0.123661,3.078315,-0.223693,0.099299,1.624451,0.585114,2.017500,0
11.320000,0.303125,-0.121820,3.076784,-0.220698,0.099138,1.624451,0.568518,2.273800,0
11.340000,0.307343,-0.122245,3.065741,-0.217702,0.098977,1.624451,0.569746,2.015000,0
11.360000,0.300049,-0.121484,3.078614,-0.214706,0.098816,1.624451,0.559914,2.102400,0
11.380000,0.299299,-0.122505,3.079557,-0.211711,0.098655,1.624451,0.556815,2.075600,0
11.400000,0.290259,-0.122150,3.075939,-0.208715,0.098494,1.624451,0.545581,2.073900,0
11.420000,0.300000,-0.123913,3.089873,-0.205719,0.098333,1.624451,0.552399,2.095400,0
11.440000,0.279354,-0.122536,3.078555,-0.202724,0.098172,1.624451,0.530199,2.062500,0
11.460000,0.286872,-0.121821,3.071774,-0.199728,0.098011,1.624451,0.533953,2.072500,0
11.480000,0.287742,-0.120832,3.080897,-0.196732,0.097851,1.624451,0.531543,2.131800,0
11.500000,0.283895,-0.120091,3.079211,-0.193737,0.097690,1.624451,0.524938,2.072500,0
11.520000,0.291729,-0.121381,3.101342,-0.192877,0.097726,1.614062,0.531837,2.064200,0
11.540000,0.272331,-0.121462,3.086712,-0.192703,0.097734,1.594064,0.514105,2.071600,0
11.560000,0.270010,-0.120698,3.129767,-0.192704,0.097735,1.576047,0.511681,2.091600,0
11.580000,0.277477,-0.119947,-3.127355,-0.192707,0.097736,1.558059,0.518130,2.078400,0
11.600000,0.287491,-0.119290,-3.120176,-0.190590,0.097767,1.548127,0.525048,2.065000,0
11.620000,0.277052,-0.119092,-3.121488,-0.187589,0.097838,1.548129,0.512787,2.168400,0
11.640000,0.281455,-0.118417,-3.119966,-0.184587,0.097908,1.548132,0.513801,2.050800,0
11.660000,0.267512,-0.118603,-3.127507,-0.181586,0.097978,1.548134,0.498594,2.049900,0
11.680000,0.275268,-0.117539,-3.128119,-0.178586,0.098047,1.548135,0.502455,2.100100,0
11.700000,0.266409,-0.118559,-3.132207,-0.175585,0.098116,1.548137,0.492247,2.070600,0
11.720000,0.253663,-0.117721,-3.140673,-0.172585,0.098185,1.548138,0.477810,2.063100,0
11.740000,0.256919,-0.117878,-3.118460,-0.169585,0.098254,1.548139,0.478140,2.072000,0
11.760000,0.264735,-0.118698,-3.130350,-0.166585,0.098322,1.548140,0.482840,2.066900,0
11.780000,0.247137,-0.118900,-3.131228,-0.163586,0.098390,1.548141,0.464659,2.162700,0
11.800000,0.251777,-0.117705,-3.124173,-0.160586,0.098458,1.548141,0.465585,2.022600,0
11.820000,0.242181,-0.115990,-3.120469,-0.157587,0.098526,1.548141,0.453686,2.016400,0
11.840000,0.234700,-0.116693,-3.117679,-0.154587,0.098594,1.548142,0.444851,2.128500,0
11.860000,0.246833,-0.116195,-3.122175,-0.151588,0.098662,1.548142,0.452662,2.086800,0
11.880000,0.241389,-0.114331,-3.118626,-0.148588,0.098730,1.548142,0.444384,2.072100,0
11.900000,0.235160,-0.115457,-3.130890,-0.145589,0.098798,1.548142,0.436893,2.097200,0
11.920000,0.232254,-0.115407,-3.128470,-0.142590,0.098866,1.548142,0.431765,2.196000,0
11.940000,0.239597,-0.114899,-3.122112,-0.139590,0.098934,1.548142,0.435324,2.074700,0
11.960000,0.233350,-0.115025,-3.115955,-0.136591,0.099002,1.548143,0.427392,2.123200,0
11.980000,0.216334,-0.116829,-3.128012,-0.133592,0.099070,1.548143,0.411169,2.067400,0
12.000000,0.206784,-0.114758,-3.118477,-0.130593,0.099138,1.548143,0.399468,2.059600,0
12.020000,0.213395,-0.115835,-3.129830,-0.127593,0.099206,1.548143,0.403132,2.039000,0
12.040000,0.204953,-0.114706,3.135038,-0.124594,0.099274,1.548142,0.392923,2.018000,0
12.060000,0.211867,-0.113825,-3.129082,-0.121595,0.099342,1.548142,0.395774,2.017800,0
12.080000,0.194568,-0.114030,-3.120139,-0.118596,0.099410,1.548142,0.378984,2.076500,0
12.100000,0.199648,-0.113266,-3.135531,-0.115596,0.099478,1.548142,0.380314,2.158200,0
12.120000,0.208501,-0.114016,-3.128016,-0.112597,0.099545,1.548142,0.385632,2.065000,0
12.140000,0.200612,-0.114360,-3.121036,-0.109598,0.099613,1.548142,0.376848,2.070100,0
12.160000,0.205380,-0.114453,-3.135590,-0.106599,0.099681,1.548142,0.378397,2.083200,0
12.180000,0.192402,-0.114860,-3.133316,-0.103599,0.099749,1.548142,0.365614,2.065800,0
12.200000,0.194894,-0.115225,-3.115564,-0.100600,0.099817,1.548142,0.365458,2.068600,0
12.220000,0.180154,-0.116784,-3.121303,-0.097601,0.099885,1.548142,0.352269,2.114500,0
12.240000,0.180561,-0.116553,-3.121313,-0.094602,0.099953,1.548142,0.350128,2.069000,0
12.260000,0.186497,-0.117310,-3.127253,-0.091602,0.100021,1.548142,0.352947,2.068800,0
12.280000,0.174561,-0.118248,-3.120600,-0.088603,0.100089,1.548142,0.341945,2.069500,0
12.300000,0.164527,-0.119081,-3.116785,-0.085604,0.100157,1.548142,0.332612,2.057600,0
12.320000,0.173074,-0.117716,-3.119680,-0.082605,0.100225,1.548142,0.335962,2.084600,0
12.340000,0.177121,-0.117121,3.139300,-0.079605,0.100293,1.548142,0.336418,2.132600,0
12.360000,0.167722,-0.116407,-3.130167,-0.076606,0.100361,1.548142,0.326626,2.060900,0
12.380000,0.152311,-0.114008,-3.136896,-0.073607,0.100429,1.548142,0.311484,2.150800,0
12.400000,0.159242,-0.113871,3.136915,-0.070608,0.100497,1.548142,0.314301,2.067700,0
12.420000,0.148866,-0.115057,-3.138868,-0.067609,0.100565,1.548142,0.305540,2.068600,0
12.440000,0.140666,-0.115471,-3.138026,-0.064609,0.100633,1.548142,0.298058,2.084000,0
12.460000,0.144447,-0.114967,3.125254,-0.061610,0.100701,1.548142,0.298282,2.109300,0
12.480000,0.157583,-0.115913,-3.133153,-0.058611,0.100769,1.548142,0.306090,2.094000,0
12.500000,0.140570,-0.115676,-3.134392,-0.055612,0.100837,1.548142,0.292173,2.108700,0
12.520000,0.132383,-0.115145,3.138384,-0.052612,0.100905,1.548142,0.284431,2.165100,0
12.540000,0.127551,-0.114850,-3.139363,-0.049613,0.100973,1.548142,0.279225,2.080100,0
12.560000,0.125224,-0.116020,-3.134259,-0.046614,0.101040,1.548142,0.276845,2.077600,0
12.580000,0.137174,-0.115299,-3.128861,-0.043615,0.101108,1.548142,0.281987,2.126400,0
12.600000,0.125063,-0.116180,-3.132270,-0.040615,0.101176,1.548142,0.273300,2.095900,0
12.620000,0.125229,-0.117278,3.140771,-0.037616,0.101244,1.548142,0.272526,2.099100,0
12.640000,0.114271,-0.117725,3.138682,-0.034617,0.101312,1.548142,0.264849,2.071100,0
12.660000,0.121806,-0.116847,3.130180,-0.031618,0.101380,1.548142,0.266762,2.120700,0
12.680000,0.107433,-0.117001,-3.125431,-0.028619,0.101448,1.548142,0.257352,2.381900,0
12.700000,0.125557,-0.117521,-3.127451,-0.025619,0.101516,1.548142,0.266142,2.002000,0
12.720000,0.123512,-0.116282,-3.121824,-0.022620,0.101584,1.548142,0.262335,2.112500,0
12.740000,0.090303,-0.116978,-3.127366,-0.019621,0.101652,1.548142,0.244709,2.027000,0
12.760000,0.107467,-0.117194,-3.130815,-0.016622,0.101720,1.548142,0.251637,2.063200,0
12.780000,0.113854,-0.118228,-3.128841,-0.013622,0.101788,1.548142,0.254277,2.059700,0
12.800000,0.093897,-0.118620,-3.114305,-0.010623,0.101856,1.548142,0.243996,2.246500,0
12.820000,0.093967,-0.118787,-3.137218,-0.007624,0.101924,1.548142,0.242969,2.573200,0
12.840000,0.098394,-0.119003,3.141576,-0.004625,0.101992,1.548142,0.243827,3.141300,0
12.860000,0.093592,-0.119201,-3.127063,-0.001625,0.102060,1.548142,0.240879,2.045400,0
12.880000,0.078109,-0.121364,-3.118299,0.001374,0.102128,1.548142,0.236299,2.032100,0
12.900000,0.086793,-0.119737,3.128747,0.004373,0.102196,1.548142,0.236743,2.038900,0
12.920000,0.083612,-0.119124,-3.120772,0.007372,0.102264,1.548142,0.234148,2.056900,0
12.940000,0.077341,-0.119394,-3.124169,0.010371,0.102332,1.548142,0.231619,2.072900,0
12.960000,0.083997,-0.119184,3.140044,0.013371,0.102400,1.548142,0.232568,2.157600,0
12.980000,0.065574,-0.120039,-3.102353,0.016370,0.102468,1.548142,0.227882,2.043300,0
13.000000,0.082890,-0.118708,-3.135030,0.019369,0.102536,1.548142,0.230182,2.097100,0
13.020000,0.069081,-0.117530,-3.140620,0.022368,0.102603,1.548142,0.225035,2.076800,0
13.040000,0.059438,-0.118045,-3.121615,0.025368,0.102671,1.548142,0.223330,2.066100,0
13.060000,0.049726,-0.118089,3.140505,0.028367,0.102739,1.548142,0.221858,2.068300,0
13.080000,0.062089,-0.118913,-3.123965,0.031366,0.102807,1.548142,0.223838,2.068900,0
13.100000,0.051108,-0.118513,-3.113291,0.034365,0.102875,1.548142,0.222020,2.072400,0
13.120000,0.053101,-0.118459,-3.135912,0.037364,0.102943,1.548142,0.221961,2.161400,0
13.140000,0.039529,-0.118348,-3.121612,0.040364,0.103011,1.548142,0.221361,2.078000,0
13.160000,0.043999,-0.117890,3.137883,0.043363,0.103079,1.548142,0.220969,2.065600,0
13.180000,0.037656,-0.117126,3.135873,0.046362,0.103147,1.548142,0.220445,2.068500,0
13.200000,0.038561,-0.117906,3.140634,0.049361,0.103215,1.548142,0.221385,2.129400,0
13.220000,0.035221,-0.116459,-3.115736,0.052361,0.103283,1.548142,0.220410,2.094100,0
13.240000,0.025216,-0.116392,-3.117013,0.055360,0.103351,1.548142,0.221801,2.100200,0
13.260000,0.029958,-0.116481,-3.129144,0.058359,0.103419,1.548142,0.221726,2.149400,0
13.280000,0.013525,-0.118782,-3.127950,0.061358,0.103487,1.548142,0.227358,2.145200,0
13.300000,0.026295,-0.119010,-3.128490,0.064358,0.103555,1.548142,0.225796,2.090000,0
13.320000,0.026969,-0.118247,-3.116428,0.067357,0.103623,1.548142,0.225516,2.068300,0
13.340000,0.006103,-0.118183,3.134620,0.070356,0.103691,1.548142,0.230991,2.133900,0
13.360000,0.005597,-0.117732,-3.129526,0.073355,0.103759,1.548142,0.231624,2.063200,0
13.380000,0.012083,-0.117707,-3.134691,0.076354,0.103827,1.548142,0.230669,2.108700,0
13.400000,0.006534,-0.117604,-3.134568,0.079354,0.103895,1.548142,0.233162,2.106500,0
13.420000,0.001855,-0.116918,-3.122360,0.082353,0.103963,1.548142,0.235092,2.147500,0
13.440000,0.009501,-0.117327,-3.131411,0.085352,0.104031,1.548142,0.233993,2.140600,0
13.460000,0.004980,-0.116666,-3.136850,0.088351,0.104099,1.548142,0.235983,2.092100,0
13.480000,-0.012199,-0.114984,3.129835,0.091351,0.104166,1.548142,0.242383,2.123100,0
13.500000,-0.022313,-0.116330,3.133392,0.094350,0.104234,1.548142,0.249517,2.115200,0
13.520000,-0.014576,-0.117042,-3.111650,0.097349,0.104302,1.548142,0.248033,2.120800,0
13.540000,0.004541,-0.117833,-3.126357,0.100348,0.104370,1.548142,0.241978,2.127900,0
13.560000,-0.017826,-0.118386,-3.116082,0.103348,0.104438,1.548142,0.253641,2.210400,0
13.580000,-0.010163,-0.117766,-3.099281,0.106347,0.104506,1.548142,0.250956,2.152800,0
13.600000,-0.026187,-0.118448,-3.134749,0.109346,0.104574,1.548142,0.260975,2.121200,0
13.620000,-0.021861,-0.117920,-3.137493,0.112345,0.104642,1.548142,0.259895,2.128000,0
13.640000,-0.033862,-0.117487,-3.138663,0.115344,0.104710,1.548142,0.267645,2.116900,0
13.660000,-0.027276,-0.116129,-3.133071,0.118344,0.104778,1.548142,0.264584,2.081500,0
13.680000,-0.038725,-0.116849,-3.134814,0.121343,0.104846,1.548142,0.273442,2.081200,0
13.700000,-0.037970,-0.117302,-3.116821,0.124342,0.104914,1.548142,0.275182,2.095200,0
13.720000,-0.029457,-0.116206,-3.123312,0.127341,0.104982,1.548142,0.271127,2.188600,0
13.740000,-0.038783,-0.117612,-3.130945,0.130341,0.105050,1.548142,0.279609,2.147400,0
13.760000,-0.042791,-0.118442,-3.122537,0.133340,0.105118,1.548142,0.284607,2.122100,0
13.780000,-0.056700,-0.119500,-3.125508,0.136339,0.105186,1.548142,0.296223,2.128700,0
13.800000,-0.038763,-0.117944,-3.123415,0.139338,0.105254,1.548142,0.285548,2.126300,0
13.820000,-0.044800,-0.119987,-3.129955,0.142338,0.105322,1.548142,0.292891,2.117700,0
13.840000,-0.068552,-0.119784,-3.113041,0.145337,0.105390,1.548142,0.310566,2.135200,0
13.860000,-0.056634,-0.118286,-3.140619,0.148336,0.105458,1.548142,0.303437,2.158200,0
13.880000,-0.053570,-0.119548,-3.109301,0.151335,0.105526,1.548142,0.304375,2.142800,0
13.900000,-0.075749,-0.119029,-3.126442,0.154334,0.105594,1.548142,0.321549,2.098600,0
13.920000,-0.081056,-0.118118,-3.119036,0.157334,0.105662,1.548142,0.326967,2.119300,0
13.940000,-0.076947,-0.117850,-3.113737,0.160333,0.105729,1.548142,0.326020,2.143000,0
13.960000,-0.070408,-0.117523,-3.133923,0.163332,0.105797,1.548142,0.323274,2.119900,0
13.980000,-0.091140,-0.117067,-3.116964,0.166331,0.105865,1.548142,0.340573,2.125000,0
14.000000,-0.087285,-0.115821,3.141040,0.169331,0.105933,1.548142,0.339155,2.336200,0
14.020000,-0.071738,-0.116527,-3.126823,0.172330,0.106001,1.548142,0.330284,2.290700,0
14.040000,-0.089096,-0.116693,-3.125839,0.175329,0.106069,1.548142,0.345751,2.117700,0
14.060000,-0.081528,-0.114938,-3.129648,0.178328,0.106137,1.548142,0.341173,2.129500,0
14.080000,-0.076412,-0.116007,-3.123999,0.181328,0.106205,1.548142,0.340306,2.122200,0
14.100000,-0.089384,-0.116232,3.135026,0.184327,0.106273,1.548142,0.352741,2.121600,0
14.120000,-0.105356,-0.117959,-3.126902,0.187326,0.106341,1.548142,0.368745,2.142700,0
14.140000,-0.112405,-0.118707,-3.114477,0.190325,0.106409,1.548142,0.377257,2.151300,0
14.160000,-0.096942,-0.118799,-3.127013,0.193324,0.106477,1.548142,0.367428,2.232800,0
14.180000,-0.112308,-0.118262,-3.123198,0.196324,0.106545,1.548142,0.381827,2.128900,0
14.200000,-0.108443,-0.118137,-3.124720,0.199323,0.106613,1.548142,0.381094,2.120700,0
14.220000,-0.109382,-0.116881,-3.135617,0.202322,0.106681,1.548142,0.383588,2.112300,0
14.240000,-0.111471,-0.116316,-3.127942,0.205321,0.106749,1.548142,0.387447,2.120400,0
14.260000,-0.120653,-0.116262,-3.127935,0.208321,0.106817,1.548142,0.397477,2.145200,0
14.280000,-0.129377,-0.117544,-3.126380,0.211320,0.106885,1.548142,0.407974,2.121000,0
14.300000,-0.118334,-0.117205,-3.137969,0.214319,0.106953,1.548142,0.401129,2.145800,0
14.320000,-0.132448,-0.116515,-3.138111,0.217318,0.107021,1.548142,0.415096,2.083300,0
14.340000,-0.142205,-0.115045,3.141457,0.220318,0.107089,1.548142,0.425167,2.079200,0
14.360000,-0.142211,-0.113771,-3.122078,0.223317,0.107157,1.548142,0.427107,2.137200,0
14.380000,-0.142443,-0.115007,-3.136751,0.226316,0.107225,1.548142,0.430546,2.121800,0
14.400000,-0.144865,-0.114198,-3.125005,0.229315,0.107292,1.548142,0.434820,2.132700,0
14.420000,-0.154460,-0.114614,-3.126384,0.232314,0.107360,1.548142,0.445944,2.138400,0
14.440000,-0.150722,-0.114583,3.129615,0.235314,0.107428,1.548142,0.445323,2.173100,0
14.460000,-0.139191,-0.114883,-3.130818,0.238313,0.107496,1.548142,0.438135,2.130700,0
14.480000,-0.156133,-0.114402,3.135099,0.241312,0.107564,1.548142,0.455227,2.122400,0
14.500000,-0.163070,-0.114084,-3.122788,0.244311,0.107632,1.548142,0.463807,2.126100,0
14.520000,-0.147349,-0.113814,-3.132494,0.247311,0.107700,1.548142,0.452576,2.114100,0
14.540000,-0.157087,-0.114232,-3.136974,0.250310,0.107768,1.548142,0.463957,2.118300,0
14.560000,-0.166571,-0.114723,-3.126522,0.253309,0.107836,1.548142,0.475218,2.116100,0
14.580000,-0.167897,-0.114215,-3.139602,0.256308,0.107904,1.548142,0.478839,2.111000,0
14.600000,-0.180121,-0.114095,-3.134112,0.259308,0.107972,1.548142,0.492353,2.170600,0
14.620000,-0.184306,-0.114207,-3.141392,0.262307,0.108040,1.548142,0.498856,2.147900,0
14.640000,-0.168671,-0.114298,3.141218,0.265306,0.108108,1.548142,0.487648,2.178300,0
14.660000,-0.177775,-0.115149,-3.125764,0.268305,0.108176,1.548142,0.498860,2.125100,0
14.680000,-0.186775,-0.116637,-3.125773,0.271304,0.108244,1.548142,0.510301,2.126300,0
14.700000,-0.184630,-0.115798,-3.131023,0.274304,0.108312,1.548142,0.510731,2.146900,0
14.720000,-0.184097,-0.115495,-3.124083,0.277303,0.108380,1.548142,0.512845,2.115600,0
14.740000,-0.197734,-0.115352,-3.137814,0.280302,0.108448,1.548142,0.527830,2.123500,0
14.760000,-0.195913,-0.114511,-3.128602,0.283301,0.108516,1.548142,0.528570,2.172400,0
14.780000,-0.211172,-0.115110,-3.126875,0.286301,0.108584,1.548142,0.545452,2.118200,0
14.800000,-0.198475,-0.114802,-3.118102,0.289300,0.108652,1.548142,0.536523,2.120300,0
14.820000,-0.194917,-0.114280,-3.133456,0.292299,0.108720,1.548142,0.535825,2.117900,0
14.840000,-0.211305,-0.113937,-3.140485,0.295298,0.108788,1.548142,0.553402,2.114400,0
14.860000,-0.210028,-0.115263,3.136768,0.298298,0.108855,1.548142,0.555540,2.123800,0
14.880000,-0.215601,-0.115310,-3.125069,0.301297,0.108923,1.548142,0.563440,2.396500,0
14.900000,-0.214365,-0.115906,-3.113511,0.304296,0.108991,1.548142,0.565321,2.128800,0
14.920000,-0.217238,-0.116485,-3.115346,0.307295,0.109059,1.548142,0.570968,2.109500,0
14.940000,-0.216623,-0.115690,3.131568,0.308210,0.109042,1.557778,0.570924,2.187800,0
14.960000,-0.225163,-0.115852,3.129106,0.308383,0.109040,1.577775,0.579006,2.164000,0
14.980000,-0.222306,-0.115773,3.103510,0.308396,0.109039,1.595953,0.576355,2.139000,0
15.000000,-0.224565,-0.116453,3.092697,0.308393,0.109038,1.613942,0.578697,2.131100,0
15.020000,-0.225181,-0.117221,3.085078,0.308391,0.109037,1.631931,0.579562,2.125200,0
15.040000,-0.223592,-0.118297,3.050408,0.308389,0.109036,1.649921,0.578519,2.206000,0
15.060000,-0.214860,-0.118164,3.038117,0.308387,0.109035,1.667911,0.570444,2.083400,0
15.080000,-0.228187,-0.115656,3.029889,0.308385,0.109034,1.685900,0.581718,2.195300,0
15.100000,-0.216608,-0.116650,2.989226,0.308379,0.109033,1.703950,0.571441,2.149700,0
15.120000,-0.212333,-0.117947,2.971968,0.308372,0.109032,1.722008,0.568025,2.127900,0
15.140000,-0.224181,-0.116787,2.976454,0.310660,0.108660,1.729750,0.580415,2.127900,0
15.160000,-0.243890,-0.113916,2.966741,0.313625,0.108183,1.729749,0.600126,2.127300,0
15.180000,-0.232365,-0.118301,2.958411,0.316589,0.107706,1.729746,0.593658,2.560800,0
15.200000,-0.246806,-0.115742,2.958535,0.319554,0.107230,1.729740,0.608671,2.139200,0
15.220000,-0.239286,-0.117439,2.957057,0.322518,0.106754,1.729736,0.604886,2.148800,0
15.240000,-0.219887,-0.120566,2.971345,0.325482,0.106279,1.729732,0.590666,2.146600,0
15.260000,-0.251299,-0.114996,2.958329,0.328446,0.105804,1.729729,0.620368,2.129100,0
15.280000,-0.244955,-0.115274,2.963021,0.331409,0.105329,1.729726,0.617140,2.127100,0
15.300000,-0.263854,-0.110675,2.954832,0.334372,0.104854,1.729724,0.635867,2.148800,0
15.320000,-0.254335,-0.113980,2.966106,0.337335,0.104379,1.729722,0.630678,2.198100,0
15.340000,-0.247854,-0.116012,2.956405,0.340297,0.103904,1.729721,0.627921,2.105100,0
15.360000,-0.248475,-0.115450,2.972783,0.343260,0.103429,1.729720,0.630919,2.073300,0
15.380000,-0.260608,-0.113916,2.969163,0.346223,0.102955,1.729719,0.644420,2.090500,0
15.400000,-0.260528,-0.114783,2.982135,0.349185,0.102480,1.729719,0.647266,2.205200,0
15.420000,-0.267359,-0.112382,2.967608,0.352147,0.102005,1.729719,0.655552,2.122200,0
15.440000,-0.262186,-0.114399,2.976407,0.355110,0.101530,1.729718,0.653972,2.146500,0
15.460000,-0.266930,-0.114286,2.973918,0.358072,0.101056,1.729718,0.661059,2.124300,0
15.480000,-0.264016,-0.114003,2.970289,0.361035,0.100581,1.729718,0.660859,2.172500,0
15.500000,-0.287346,-0.110984,2.991136,0.363997,0.100106,1.729718,0.684694,2.126200,0
15.520000,-0.270424,-0.113448,2.973953,0.366959,0.099632,1.729718,0.672057,2.146000,0
15.540000,-0.291199,-0.110776,2.983835,0.369921,0.099157,1.729718,0.693651,2.120400,0
15.560000,-0.278458,-0.112270,2.988405,0.372884,0.098682,1.729718,0.684651,2.122900,0
15.580000,-0.286658,-0.110262,2.961417,0.373615,0.098599,1.741794,0.692519,2.151300,0
15.600000,-0.289491,-0.109665,2.929358,0.373786,0.098569,1.761792,0.695196,2.127500,0
15.620000,-0.290029,-0.109915,2.925642,0.373785,0.098569,1.779808,0.695783,2.413800,0
15.640000,-0.281149,-0.111223,2.908702,0.373781,0.098568,1.797801,0.687710,2.086000,0
15.660000,-0.269365,-0.115279,2.892918,0.373777,0.098568,1.815809,0.677762,2.093700,0
15.680000,-0.301724,-0.107911,2.867550,0.373772,0.098567,1.833825,0.706348,2.129600,0
15.700000,-0.289683,-0.111207,2.852200,0.373768,0.098566,1.851846,0.695825,2.156600,0
15.720000,-0.276618,-0.115426,2.828505,0.373763,0.098565,1.869868,0.684681,2.115200,0
15.740000,-0.286717,-0.113220,2.823341,0.373758,0.098564,1.887891,0.693599,2.129100,0
15.760000,-0.276321,-0.118347,2.821490,0.373754,0.098564,1.905912,0.685309,2.197700,0
15.780000,-0.290106,-0.113024,2.783279,0.373750,0.098563,1.923932,0.696759,2.116800,0
15.800000,-0.294356,-0.112155,2.742566,0.373746,0.098561,1.941950,0.700544,2.091900,0
15.820000,-0.302367,-0.109546,2.742786,0.373743,0.098560,1.959966,0.707413,2.126900,0
15.840000,-0.283196,-0.116544,2.733861,0.373739,0.098559,1.977980,0.691254,2.151100,0
15.860000,-0.280413,-0.119342,2.701037,0.373736,0.098558,1.995992,0.689486,2.129700,0
15.880000,-0.285457,-0.116614,2.686896,0.373733,0.098557,2.014002,0.693419,2.126700,0
15.900000,-0.289681,-0.114318,2.654247,0.373730,0.098556,2.032010,0.696727,2.137200,0
15.920000,-0.293134,-0.112500,2.642971,0.373727,0.098555,2.050016,0.699462,2.172100,0
15.940000,-0.287450,-0.115659,2.608640,0.373724,0.098554,2.068021,0.695009,2.134900,0
15.960000,-0.278409,-0.122073,2.638706,0.376099,0.097264,2.071408,0.690282,2.147900,0
15.980000,-0.296466,-0.112897,2.623516,0.378734,0.095821,2.071405,0.706724,2.149200,0
16.000000,-0.292377,-0.114835,2.645529,0.381369,0.094379,2.071400,0.705481,2.118600,0
16.020000,-0.319323,-0.101114,2.607826,0.384003,0.092938,2.071392,0.729605,2.121200,0
16.040000,-0.304988,-0.109654,2.629644,0.386637,0.091498,2.071386,0.720283,2.129200,0
16.060000,-0.302663,-0.110529,2.637282,0.389271,0.090057,2.071381,0.720422,2.136400,0
16.080000,-0.291642,-0.115333,2.639065,0.391904,0.088617,2.071377,0.713323,2.119900,0
16.100000,-0.306279,-0.108795,2.641473,0.394537,0.087177,2.071374,0.727701,2.123900,0
16.120000,-0.320238,-0.101889,2.615756,0.397170,0.085737,2.071371,0.741537,2.143600,0
16.140000,-0.316525,-0.106559,2.617959,0.399803,0.084297,2.071369,0.741318,2.129700,0
16.160000,-0.323797,-0.101844,2.612210,0.402435,0.082857,2.071368,0.749351,2.122900,0
16.180000,-0.316517,-0.104356,2.622028,0.405068,0.081417,2.071367,0.745115,2.122000,0
16.200000,-0.321314,-0.101891,2.626543,0.407700,0.079977,2.071366,0.751357,2.160700,0
16.220000,-0.327287,-0.097601,2.634531,0.410332,0.078537,2.071365,0.758358,2.120200,0
16.240000,-0.328171,-0.097293,2.615801,0.412964,0.077098,2.071365,0.761376,2.155800,0
16.260000,-0.324660,-0.098857,2.620387,0.415596,0.075658,2.071365,0.760548,2.146300,0
16.280000,-0.320520,-0.102557,2.643268,0.418229,0.074218,2.071364,0.759605,2.116800,0
16.300000,-0.343017,-0.090746,2.642709,0.420861,0.072778,2.071364,0.781185,2.125000,0
16.320000,-0.333927,-0.095712,2.639313,0.423493,0.071339,2.071364,0.775623,2.120400,0
16.340000,-0.331684,-0.094305,2.627006,0.426125,0.069899,2.071364,0.775395,2.149000,0
16.360000,-0.339347,-0.090755,2.633491,0.428757,0.068459,2.071364,0.784431,2.317200,0
16.380000,-0.357677,-0.080361,2.635391,0.431389,0.067019,2.071364,0.802711,2.172800,0
16.400000,-0.346453,-0.086155,2.626630,0.434021,0.065580,2.071364,0.795087,2.137900,0
16.420000,-0.357156,-0.081025,2.602258,0.434395,0.065374,2.087830,0.804976,2.127900,0
16.440000,-0.350192,-0.085211,2.604634,0.434439,0.065348,2.106444,0.798945,2.125300,0
16.460000,-0.347290,-0.088306,2.570719,0.434436,0.065349,2.124433,0.796684,2.105800,0
16.480000,-0.360353,-0.081133,2.569703,0.434432,0.065350,2.142428,0.808171,2.110900,0
16.500000,-0.352361,-0.085882,2.538231,0.434429,0.065350,2.160427,0.801193,2.435400,0
16.520000,-0.346085,-0.091121,2.526264,0.434425,0.065350,2.178429,0.796040,2.147300,0
16.540000,-0.345527,-0.092838,2.512642,0.434422,0.065350,2.196432,0.795829,2.131700,0
16.560000,-0.344033,-0.092706,2.504109,0.434419,0.065350,2.214435,0.794336,2.139900,0
16.580000,-0.356299,-0.084236,2.462093,0.434416,0.065349,2.232438,0.804740,2.132100,0
16.600000,-0.347836,-0.092002,2.449325,0.434413,0.065349,2.250440,0.797918,2.137600,0
16.620000,-0.345520,-0.095206,2.443148,0.434410,0.065348,2.268442,0.796284,2.177000,0
16.640000,-0.365876,-0.080395,2.411336,0.436549,0.063554,2.270830,0.815235,2.302400,0
16.660000,-0.364321,-0.083519,2.439058,0.438846,0.061618,2.270825,0.816175,2.136900,0
16.680000,-0.356332,-0.091651,2.437863,0.441143,0.059683,2.270820,0.811707,2.128200,0
16.700000,-0.362806,-0.086208,2.434715,0.443439,0.057749,2.270815,0.818996,2.120800,0
16.720000,-0.367255,-0.080614,2.404633,0.445735,0.055815,2.270810,0.824358,2.116100,0
16.740000,-0.352409,-0.093190,2.445393,0.448031,0.053881,2.270806,0.813839,2.150000,0
16.760000,-0.368413,-0.077366,2.433152,0.450327,0.051948,2.270804,0.828889,2.121700,0
16.780000,-0.370797,-0.075470,2.418856,0.452622,0.050015,2.270801,0.832926,2.121500,0
16.800000,-0.386208,-0.061995,2.404260,0.454918,0.048082,2.270800,0.848298,2.215500,0
16.820000,-0.381881,-0.064868,2.419191,0.457213,0.046149,2.270799,0.846407,2.137900,0
16.840000,-0.376900,-0.068470,2.437066,0.459508,0.044216,2.270798,0.843965,2.131100,0
16.860000,-0.394834,-0.052017,2.423448,0.461803,0.042283,2.270797,0.861812,2.140200,0
16.880000,-0.389733,-0.055817,2.438783,0.464098,0.040350,2.270797,0.859229,2.133700,0
16.900000,-0.387452,-0.059229,2.409085,0.466393,0.038418,2.270796,0.859411,2.166100,0
16.920000,-0.392132,-0.055370,2.414489,0.468687,0.036485,2.270796,0.865706,2.128500,0
16.940000,-0.392445,-0.054795,2.439498,0.470982,0.034552,2.270796,0.868037,2.298000,0
16.960000,-0.387962,-0.058407,2.421966,0.473277,0.032619,2.270795,0.866036,1.988100,0
16.980000,-0.384226,-0.062608,2.445344,0.475571,0.030687,2.270795,0.864844,2.004200,0
17.000000,-0.395662,-0.050995,2.414366,0.475839,0.030461,2.288335,0.875300,1.948900,0
17.020000,-0.391281,-0.055748,2.403441,0.475853,0.030446,2.306599,0.871408,1.971300,0
17.040000,-0.396038,-0.052744,2.370608,0.475850,0.030448,2.324587,0.875848,2.100000,0
17.060000,-0.399613,-0.052587,2.356310,0.475847,0.030449,2.342578,0.879389,2.017800,0
17.080000,-0.391239,-0.058191,2.328547,0.475844,0.030450,2.360572,0.871602,2.134600,0
17.100000,-0.386721,-0.065461,2.329472,0.475841,0.030450,2.378569,0.867878,2.200400,0
17.120000,-0.393969,-0.057360,2.309678,0.475838,0.030451,2.396566,0.874228,2.155500,0
17.140000,-0.410108,-0.041127,2.276716,0.475835,0.030451,2.414564,0.888830,2.263300,0
17.160000,-0.401469,-0.053257,2.255409,0.475833,0.030450,2.432562,0.881287,2.261000,0
17.180000,-0.404425,-0.050601,2.248497,0.475830,0.030450,2.450559,0.883979,2.351000,0
17.200000,-0.400132,-0.060874,2.226892,0.475828,0.030450,2.468555,0.880708,2.352200,0
17.220000,-0.394615,-0.068662,2.231070,0.475825,0.030449,2.486550,0.876065,2.333100,0
17.240000,-0.399336,-0.059667,2.177976,0.475823,0.030449,2.504545,0.879786,2.631300,0
17.260000,-0.398606,-0.063014,2.176069,0.475820,0.030449,2.522538,0.879407,2.381300,0
17.280000,-0.408461,-0.045854,2.163947,0.477558,0.028362,2.522659,0.889122,2.385600,0
17.300000,-0.401354,-0.055930,2.157450,0.479301,0.025915,2.522651,0.884451,2.351100,0
17.320000,-0.408318,-0.044116,2.162159,0.481043,0.023469,2.522643,0.891925,2.427000,0
17.340000,-0.403626,-0.052873,2.155590,0.482786,0.021023,2.522636,0.889487,2.383500,0
17.360000,-0.411562,-0.041833,2.170919,0.484528,0.018579,2.522630,0.898124,2.661600,0
17.380000,-0.403329,-0.052906,2.175170,0.486270,0.016134,2.522626,0.892274,2.391900,0
17.400000,-0.405564,-0.049562,2.188344,0.488012,0.013690,2.522624,0.895812,2.459500,0
17.420000,-0.413174,-0.036678,2.160359,0.489754,0.011246,2.522622,0.904199,2.450200,0
17.440000,-0.405790,-0.048550,2.189159,0.491495,0.008802,2.522620,0.899116,2.445700,0
17.460000,-0.416545,-0.032442,2.154841,0.491552,0.008480,2.539562,0.909018,2.433800,0
17.480000,-0.409667,-0.043136,2.135416,0.491549,0.008483,2.557551,0.902693,2.444400,0
17.500000,-0.411337,-0.043302,2.146336,0.491547,0.008485,2.575538,0.904368,2.760900,0
17.520000,-0.416891,-0.035135,2.098192,0.491544,0.008487,2.593528,0.909482,2.257000,0
17.540000,-0.413916,-0.041884,2.079592,0.491542,0.008488,2.611520,0.906858,1.992500,0
17.560000,-0.413999,-0.044949,2.085985,0.491539,0.008489,2.629513,0.907113,1.960500,0
17.580000,-0.418126,-0.038924,2.038944,0.491537,0.008490,2.647507,0.910898,2.018200,0
17.600000,-0.423075,-0.034491,2.045207,0.491535,0.008491,2.665500,0.915620,1.975900,0
17.620000,-0.416811,-0.044249,2.024010,0.491532,0.008491,2.683493,0.909873,2.014800,0
17.640000,-0.414768,-0.045096,2.011695,0.491530,0.008491,2.701486,0.907880,2.106700,0
17.660000,-0.429477,-0.020229,1.975853,0.491528,0.008491,2.719478,0.921453,1.977800,0
17.680000,-0.421175,-0.034959,1.946759,0.491526,0.008491,2.737469,0.913735,2.013600,0
17.700000,-0.419578,-0.043947,1.961310,0.491523,0.008491,2.755459,0.912608,2.062100,0
17.720000,-0.418812,-0.046228,1.934333,0.491521,0.008491,2.773449,0.911976,2.028200,0
17.740000,-0.426072,-0.032580,1.922322,0.491519,0.008491,2.791437,0.918510,2.116600,0
17.760000,-0.423462,-0.041721,1.891057,0.491517,0.008491,2.809425,0.916355,2.011600,0
17.780000,-0.427603,-0.027746,1.870858,0.492464,0.006247,2.810826,0.920694,2.022800,0
17.800000,-0.428533,-0.027333,1.883308,0.493440,0.003407,2.810825,0.922485,2.108000,0
17.820000,-0.424370,-0.038343,1.884696,0.494415,0.000566,2.810814,0.919609,2.010900,0
17.840000,-0.430554,-0.015777,1.888638,0.495391,-0.002274,2.810805,0.926043,2.009100,0
17.860000,-0.430319,-0.018742,1.885191,0.496367,-0.005114,2.810799,0.926786,2.006800,0
17.880000,-0.426827,-0.027674,1.899527,0.497342,-0.007952,2.810795,0.924380,2.056500,0
17.900000,-0.431636,-0.019267,1.901545,0.498317,-0.010791,2.810792,0.929991,2.013100,0
17.920000,-0.431722,-0.018546,1.891629,0.499292,-0.013629,2.810790,0.931027,2.009100,0
17.940000,-0.432511,-0.018381,1.906696,0.500268,-0.016468,2.810789,0.932781,2.055800,0
17.960000,-0.428810,-0.027234,1.898596,0.501242,-0.019306,2.810788,0.930085,2.137100,0
17.980000,-0.434228,-0.019329,1.899882,0.502217,-0.022143,2.810788,0.936449,2.055100,0
18.000000,-0.436406,-0.004220,1.896620,0.503192,-0.024981,2.810787,0.939827,2.095100,0
18.020000,-0.433835,-0.011835,1.924087,0.504167,-0.027819,2.810786,0.938138,2.051600,0
18.040000,-0.438089,0.001179,1.909959,0.505141,-0.030656,2.810786,0.943767,2.057800,0
18.060000,-0.437260,-0.003507,1.908785,0.506116,-0.033494,2.810785,0.943853,2.063000,0
18.080000,-0.442289,0.009915,1.881339,0.507091,-0.036331,2.810785,0.950506,2.059500,0
18.100000,-0.444498,0.016995,1.887047,0.508065,-0.039169,2.810785,0.954218,2.465000,0
18.120000,-0.445165,0.017111,1.896449,0.509040,-0.042006,2.810785,0.956034,2.058800,0
18.140000,-0.441834,0.005476,1.889289,0.510014,-0.044844,2.810785,0.953177,2.103900,0
18.160000,-0.442538,0.014865,1.865827,0.510070,-0.045354,2.826752,0.954509,2.039600,0
18.180000,-0.443666,0.021149,1.853912,0.510043,-0.045457,2.845994,0.956032,2.048600,0
18.200000,-0.441239,0.008881,1.835871,0.510041,-0.045453,2.863981,0.952830,2.031400,0
18.220000,-0.444714,0.021997,1.806806,0.510039,-0.045451,2.881970,0.957132,2.078600,0
18.240000,-0.440443,0.009127,1.794026,0.510037,-0.045449,2.899960,0.952045,2.114900,0
18.260000,-0.441716,0.003834,1.795759,0.510035,-0.045448,2.917951,0.953026,2.240700,0
18.280000,-0.440913,0.002451,1.767781,0.510033,-0.045446,2.935942,0.952152,2.072500,0
18.300000,-0.443301,0.007589,1.765933,0.510031,-0.045445,2.953933,0.954806,2.029200,0
18.320000,-0.443859,0.004954,1.723407,0.510029,-0.045445,2.971923,0.955219,2.052500,0
18.340000,-0.450261,0.027465,1.699789,0.510027,-0.045444,2.989913,0.963052,2.060800,0
18.360000,-0.446548,0.008210,1.686495,0.510397,-0.047736,2.997614,0.958579,2.109700,0
18.380000,-0.446700,0.017620,1.704331,0.510827,-0.050708,2.997612,0.959962,2.080300,0
18.400000,-0.449237,0.043357,1.698460,0.511256,-0.053681,2.997603,0.965382,2.059600,0
18.420000,-0.444236,0.012745,1.696348,0.511686,-0.056653,2.997596,0.958438,2.059500,0
18.440000,-0.446323,0.033027,1.705878,0.512116,-0.059624,2.997592,0.962906,2.054000,0
18.460000,-0.445964,0.019446,1.700067,0.512547,-0.062595,2.997588,0.962015,2.058200,0
18.480000,-0.450872,0.045328,1.700219,0.512977,-0.065565,2.997585,0.970207,2.099300,0
18.500000,-0.448184,0.025414,1.712447,0.513408,-0.068535,2.997584,0.966171,2.124700,0
18.520000,-0.448635,0.038326,1.718601,0.513839,-0.071505,2.997583,0.968720,2.104600,0
18.540000,-0.447565,0.027706,1.707166,0.513872,-0.072218,3.009962,0.966616,2.061300,0
18.560000,-0.448457,0.036295,1.675299,0.513846,-0.072391,3.029964,0.968421,2.308600,0
18.580000,-0.449725,0.042113,1.634797,0.513845,-0.072389,3.047967,0.970350,2.064000,0
18.600000,-0.450922,0.044509,1.635452,0.513844,-0.072386,3.065954,0.971822,2.061800,0
18.620000,-0.451133,0.038000,1.602741,0.513842,-0.072384,3.083943,0.971268,2.062600,0
18.640000,-0.454930,0.037056,1.600507,0.513841,-0.072382,3.101931,0.974933,2.059000,0
18.660000,-0.455632,0.013029,1.613773,0.513841,-0.072381,3.119920,0.973228,2.117900,0
18.680000,-0.456429,0.048714,1.559571,0.513840,-0.072379,3.137909,0.977797,2.057200,0
18.700000,-0.454782,0.033065,1.555588,0.513839,-0.072378,-3.127289,0.974344,2.122000,0
18.720000,-0.455366,0.045113,1.520433,0.513838,-0.072378,-3.109302,0.976300,2.064800,0
18.740000,-0.454687,0.033404,1.511276,0.513761,-0.074529,-3.099745,0.974444,2.077800,0
18.760000,-0.455281,0.052702,1.518372,0.513633,-0.077530,-3.099748,0.977627,2.077000,0
18.780000,-0.455177,0.035569,1.524385,0.513505,-0.080531,-3.099758,0.975615,2.120900,0
18.800000,-0.454437,0.055909,1.515733,0.513379,-0.083531,-3.099764,0.977809,2.063300,0
18.820000,-0.454551,0.060153,1.524103,0.513252,-0.086530,-3.099769,0.978856,2.117300,0
18.840000,-0.452771,0.056887,1.510822,0.513126,-0.089530,-3.099773,0.976932,2.088700,0
18.860000,-0.454080,0.053500,1.512634,0.513000,-0.092528,-3.099777,0.978043,2.174500,0
18.880000,-0.453259,0.054956,1.524947,0.512875,-0.095527,-3.099780,0.977784,2.102300,0
18.900000,-0.454042,0.063811,1.530142,0.512749,-0.098525,-3.099782,0.980326,2.107100,0
18.920000,-0.451234,0.070425,1.510938,0.512623,-0.101523,-3.099784,0.979075,2.114600,0
18.940000,-0.449276,0.083189,1.514318,0.512498,-0.104521,-3.099785,0.979920,2.110200,0
18.960000,-0.449870,0.072391,1.522646,0.512372,-0.107519,-3.099786,0.978916,2.141100,0
18.980000,-0.449241,0.075211,1.515231,0.512247,-0.110516,-3.099787,0.979262,2.109900,0
19.000000,-0.448458,0.092594,1.523281,0.512121,-0.113514,-3.099788,0.982442,2.164800,0
19.020000,-0.452065,0.074352,1.518553,0.511996,-0.116512,-3.099788,0.982773,2.060000,0
19.040000,-0.451128,0.086802,1.529372,0.511871,-0.119509,-3.099788,0.984851,2.049100,0
19.060000,-0.450039,0.093585,1.531646,0.511745,-0.122507,-3.099789,0.985761,2.120500,0
19.080000,-0.452237,0.085234,1.513218,0.511620,-0.125504,-3.099789,0.986626,2.061800,0
19.100000,-0.451857,0.101085,1.514581,0.511495,-0.128502,-3.099789,0.990332,2.059400,0
19.120000,-0.451627,0.101656,1.513350,0.511369,-0.131499,-3.099789,0.990820,2.084700,0
19.140000,-0.453599,0.100951,1.526628,0.511244,-0.134497,-3.099789,0.993155,2.172400,0
19.160000,-0.449924,0.111666,1.504426,0.511119,-0.137494,-3.099789,0.992817,2.210600,0
19.180000,-0.448246,0.110500,1.516514,0.510993,-0.140492,-3.099789,0.991532,2.053300,0
19.200000,-0.447748,0.112199,1.532421,0.510868,-0.143489,-3.099789,0.992130,2.071000,0
19.220000,-0.446498,0.110058,1.518765,0.510743,-0.146486,-3.099789,0.991023,2.105100,0
19.240000,-0.445069,0.120056,1.512085,0.510617,-0.149484,-3.099789,0.992969,2.095400,0
19.260000,-0.446510,0.122236,1.515126,0.510492,-0.152481,-3.099789,0.995652,2.119100,0
19.280000,-0.446738,0.132152,1.511156,0.510367,-0.155479,-3.099789,0.999390,2.081400,0
19.300000,-0.445877,0.132885,1.518632,0.510241,-0.158476,-3.099789,0.999526,2.238800,0
19.320000,-0.445785,0.114329,1.531792,0.510116,-0.161473,-3.099789,0.994894,2.128100,0
19.340000,-0.444232,0.135684,1.513915,0.509991,-0.164471,-3.099789,1.000317,2.211800,0
19.360000,-0.444505,0.140875,1.519789,0.509865,-0.167468,-3.099789,1.002944,2.272300,0
19.380000,-0.443271,0.138770,1.524983,0.509836,-0.168359,-3.089823,1.001369,2.262000,0
19.400000,-0.444878,0.129094,1.492469,0.509826,-0.168532,-3.069826,1.000020,2.295500,0
19.420000,-0.444362,0.137400,1.459079,0.509825,-0.168538,-3.051727,1.002034,2.397000,0
19.440000,-0.448808,0.123724,1.470772,0.509825,-0.168535,-3.033739,1.002194,2.555600,0
19.460000,-0.446991,0.143837,1.418591,0.509824,-0.168532,-3.015749,1.006513,2.143200,0
19.480000,-0.448664,0.136415,1.446100,0.509517,-0.170798,-3.007673,1.006226,2.002700,0
19.500000,-0.448118,0.159009,1.419176,0.509114,-0.173773,-3.007674,1.013428,2.011400,0
19.520000,-0.448462,0.154072,1.403656,0.508711,-0.176748,-3.007676,1.012730,2.083500,0
19.540000,-0.450395,0.148589,1.415666,0.508309,-0.179723,-3.007678,1.013362,2.093500,0
19.560000,-0.449488,0.154238,1.421740,0.507907,-0.182697,-3.007680,1.014953,2.042000,0
19.580000,-0.449267,0.159483,1.402847,0.507506,-0.185672,-3.007682,1.017126,2.111400,0
19.600000,-0.450221,0.158898,1.438946,0.507105,-0.188646,-3.007684,1.018460,2.076300,0
19.620000,-0.454560,0.147514,1.439542,0.506704,-0.191620,-3.007685,1.019334,2.075300,0
19.640000,-0.453475,0.149478,1.425032,0.506303,-0.194594,-3.007686,1.019588,2.107900,0
19.660000,-0.448422,0.163796,1.432630,0.505902,-0.197567,-3.007686,1.020449,2.092300,0
19.680000,-0.447104,0.165526,1.428047,0.505502,-0.200541,-3.007687,1.020521,2.063900,0
19.700000,-0.446548,0.170736,1.407526,0.505101,-0.203514,-3.007687,1.022594,2.122600,0
19.720000,-0.445968,0.175496,1.422996,0.504701,-0.206488,-3.007688,1.024541,2.141500,0
19.740000,-0.445374,0.184023,1.425222,0.504300,-0.209461,-3.007688,1.027964,2.215100,0
19.760000,-0.446526,0.168807,1.432371,0.503900,-0.212434,-3.007688,1.024038,2.071000,0
19.780000,-0.444795,0.176266,1.407170,0.503499,-0.215408,-3.007688,1.025997,2.074400,0
19.800000,-0.440562,0.197299,1.407709,0.503099,-0.218381,-3.007688,1.031158,2.070400,0
19.820000,-0.441342,0.194533,1.405786,0.502698,-0.221354,-3.007689,1.031588,2.066300,0
19.840000,-0.443216,0.191831,1.433847,0.502298,-0.224327,-3.007689,1.033046,2.060300,0
19.860000,-0.447756,0.180367,1.446174,0.501897,-0.227300,-3.007689,1.033457,2.060300,0
19.880000,-0.445646,0.196304,1.425235,0.501497,-0.230274,-3.007689,1.038773,2.234000,0
19.900000,-0.443261,0.199377,1.427166,0.501096,-0.233247,-3.007689,1.038736,2.086400,0
19.920000,-0.443362,0.195818,1.437696,0.500696,-0.236220,-3.007689,1.038221,2.074100,0
19.940000,-0.440365,0.205816,1.406820,0.500295,-0.239193,-3.007689,1.040613,2.072000,0
19.960000,-0.440994,0.206555,1.404142,0.500220,-0.239956,-2.996014,1.041756,2.073400,0
19.980000,-0.440520,0.209733,1.391377,0.500195,-0.240127,-2.976016,1.042745,2.087000,0
20.000000,-0.443699,0.193878,1.379776,0.500194,-0.240127,-2.957988,1.038891,2.075600,0
20.020000,-0.442067,0.209607,1.340073,0.500194,-0.240123,-2.939993,1.044085,2.055900,0
20.040000,-0.442688,0.212300,1.331477,0.500193,-0.240119,-2.921981,1.045805,2.142800,0
20.060000,-0.442193,0.216498,1.315135,0.500192,-0.240114,-2.903960,1.047179,2.088100,0
20.080000,-0.441140,0.216769,1.297167,0.500191,-0.240109,-2.885935,1.046347,2.070600,0
20.100000,-0.440590,0.227130,1.271358,0.500191,-0.240104,-2.867908,1.050417,2.100900,0
20.120000,-0.444664,0.212787,1.264324,0.500190,-0.240099,-2.849882,1.047785,2.133800,0
20.140000,-0.449144,0.202361,1.270575,0.499441,-0.242491,-2.844195,1.047715,2.070300,0
20.160000,-0.446003,0.211013,1.273264,0.498559,-0.245362,-2.844192,1.049036,2.067200,0
20.180000,-0.445293,0.211095,1.278514,0.497679,-0.248233,-2.844195,1.048894,2.067900,0
20.200000,-0.446274,0.210285,1.273096,0.496798,-0.251103,-2.844199,1.049888,2.197700,0
20.220000,-0.442469,0.225272,1.274713,0.495918,-0.253973,-2.844203,1.053682,2.076100,0
20.240000,-0.442729,0.223121,1.270649,0.495038,-0.256843,-2.844206,1.053458,2.076300,0
20.260000,-0.438692,0.230190,1.274020,0.494159,-0.259713,-2.844209,1.053668,2.087100,0
20.280000,-0.444919,0.211412,1.285308,0.493279,-0.262582,-2.844211,1.051136,2.064200,0
20.300000,-0.431710,0.254760,1.238757,0.492400,-0.265451,-2.844213,1.060471,2.072200,0
20.320000,-0.436779,0.240775,1.255106,0.491521,-0.268320,-2.844214,1.058735,2.084700,0
20.340000,-0.435725,0.242689,1.273361,0.490642,-0.271189,-2.844216,1.059352,2.161000,0
20.360000,-0.442250,0.227696,1.270621,0.489763,-0.274057,-2.844216,1.058492,2.070000,0
20.380000,-0.440467,0.233749,1.254104,0.488884,-0.276926,-2.844217,1.060416,2.077500,0
20.400000,-0.436190,0.249970,1.270583,0.488005,-0.279795,-2.844217,1.065264,2.066800,0
20.420000,-0.436624,0.246989,1.277095,0.487126,-0.282663,-2.844218,1.064821,2.074000,0
20.440000,-0.434320,0.252243,1.264686,0.486247,-0.285532,-2.844218,1.066136,2.070600,0
20.460000,-0.431205,0.261346,1.275761,0.485368,-0.288400,-2.844218,1.068797,2.070200,0
20.480000,-0.428019,0.262670,1.266683,0.484489,-0.291269,-2.844218,1.067483,2.122700,0
20.500000,-0.432992,0.249386,1.272326,0.483610,-0.294137,-2.844218,1.065635,2.116400,0
20.520000,-0.432160,0.251758,1.284148,0.482731,-0.297006,-2.844218,1.066849,2.067200,0
20.540000,-0.427833,0.268545,1.270687,0.481852,-0.299874,-2.844218,1.072673,2.143200,0
20.560000,-0.427247,0.272845,1.262218,0.480973,-0.302742,-2.844218,1.075251,2.075200,0
20.580000,-0.422716,0.284574,1.262731,0.480094,-0.305611,-2.844218,1.078603,2.078000,0
20.600000,-0.424029,0.282162,1.260760,0.479215,-0.308479,-2.844218,1.079216,2.065300,0
20.620000,-0.422711,0.282723,1.263705,0.478336,-0.311347,-2.844218,1.079261,2.131800,0
20.640000,-0.424371,0.282308,1.252829,0.477456,-0.314216,-2.844218,1.081265,2.282800,0
20.660000,-0.420993,0.293762,1.249052,0.476577,-0.317084,-2.844218,1.085709,2.115600,0
20.680000,-0.423852,0.282936,1.257223,0.475698,-0.319952,-2.844218,1.082896,2.068600,0
20.700000,-0.421541,0.288825,1.254585,0.474819,-0.322821,-2.844218,1.085160,2.148100,0
20.720000,-0.418689,0.295878,1.263771,0.473940,-0.325689,-2.844218,1.087719,2.101900,0
20.740000,-0.419697,0.289554,1.280212,0.473061,-0.328557,-2.844218,1.085853,2.074500,0
20.760000,-0.420043,0.287907,1.271405,0.472182,-0.331426,-2.844218,1.086112,2.071500,0
20.780000,-0.420054,0.287507,1.290293,0.471303,-0.334294,-2.844218,1.086809,2.191000,0
20.800000,-0.410304,0.319320,1.262008,0.470424,-0.337162,-2.844218,1.098477,2.141200,0
20.820000,-0.417945,0.293612,1.282346,0.469545,-0.340031,-2.844218,1.090477,2.169400,0
20.840000,-0.417115,0.298546,1.267734,0.468666,-0.342899,-2.844218,1.093645,2.123400,0
20.860000,-0.416133,0.299358,1.262463,0.467787,-0.345767,-2.844218,1.094304,2.125800,0
20.880000,-0.403884,0.333815,1.240587,0.466908,-0.348636,-2.844218,1.106353,2.126300,0
20.900000,-0.411017,0.312858,1.269848,0.466029,-0.351504,-2.844218,1.100267,2.128900,0
20.920000,-0.410346,0.318149,1.256153,0.465150,-0.354372,-2.844218,1.103983,2.096000,0
20.940000,-0.409438,0.315125,1.271642,0.464271,-0.357241,-2.844218,1.102471,2.097200,0
20.960000,-0.406977,0.321739,1.259722,0.463392,-0.360109,-2.844218,1.105649,2.067800,0
20.980000,-0.399358,0.342354,1.261729,0.462513,-0.362977,-2.844218,1.113694,2.158500,0
21.000000,-0.397557,0.347601,1.247789,0.461634,-0.365846,-2.844218,1.116788,2.190100,0
21.020000,-0.404632,0.327153,1.269085,0.460755,-0.368714,-2.844218,1.110462,2.132200,0
21.040000,-0.396237,0.345067,1.259672,0.459876,-0.371582,-2.844218,1.116475,2.120000,0
21.060000,-0.399195,0.335485,1.255467,0.458997,-0.374451,-2.844218,1.113778,2.128800,0
21.080000,-0.394031,0.350867,1.255651,0.458118,-0.377319,-2.844218,1.120898,2.097900,0
21.100000,-0.393809,0.351622,1.251423,0.457239,-0.380187,-2.844218,1.122420,2.100700,0
21.120000,-0.394057,0.357782,1.263446,0.456360,-0.383056,-2.844218,1.127851,2.138100,0
21.140000,-0.398357,0.348787,1.260912,0.455481,-0.385924,-2.844218,1.126427,2.174800,0
21.160000,-0.398699,0.355418,1.267353,0.454602,-0.388792,-2.844218,1.132241,2.115800,0
21.180000,-0.392505,0.371148,1.250267,0.453723,-0.391661,-2.844218,1.139290,2.070200,0
21.200000,-0.392732,0.368878,1.272781,0.452844,-0.394529,-2.844218,1.139205,2.106700,0
21.220000,-0.392834,0.369341,1.251755,0.451965,-0.397397,-2.844218,1.140865,2.159300,0
21.240000,-0.394420,0.365744,1.254494,0.451086,-0.400266,-2.844218,1.140899,2.466400,0
21.260000,-0.394677,0.363437,1.255461,0.450207,-0.403134,-2.844218,1.140815,2.077500,0
21.280000,-0.392417,0.367981,1.269258,0.449327,-0.406002,-2.844218,1.143496,2.090300,0
21.300000,-0.391753,0.370603,1.254286,0.448448,-0.408871,-2.844218,1.146088,2.170100,0
21.320000,-0.386650,0.385919,1.251903,0.447569,-0.411739,-2.844218,1.154201,2.125500,0
21.340000,-0.389475,0.379600,1.270235,0.446690,-0.414607,-2.844218,1.153229,2.124900,0
21.360000,-0.385546,0.387624,1.259175,0.445811,-0.417476,-2.844218,1.157299,2.125000,0
21.380000,-0.385057,0.390596,1.269198,0.444932,-0.420344,-2.844218,1.160390,2.165100,0
21.400000,-0.382236,0.397050,1.261069,0.444053,-0.423212,-2.844218,1.164295,2.118600,0
21.420000,-0.385948,0.384408,1.285484,0.443174,-0.426081,-2.844218,1.159455,3.375400,0
21.440000,-0.387268,0.382604,1.251158,0.443066,-0.426669,-2.830387,1.159473,4.473800,0
21.460000,-0.386963,0.387309,1.240604,0.443026,-0.426791,-2.810903,1.162601,4.275800,0
21.480000,-0.388927,0.386274,1.229837,0.443027,-0.426789,-2.792893,1.163279,4.491800,0
21.500000,-0.386319,0.394014,1.186626,0.443027,-0.426784,-2.774886,1.166843,2.700400,0
21.520000,-0.391628,0.382080,1.189367,0.443026,-0.426779,-2.756874,1.162282,2.066200,0
21.540000,-0.384398,0.405939,1.137992,0.443026,-0.426775,-2.738859,1.173901,2.199000,0
21.560000,-0.393258,0.383468,1.151059,0.443025,-0.426770,-2.720844,1.164411,2.187100,0
21.580000,-0.388211,0.392919,1.145886,0.441945,-0.429181,-2.716779,1.168335,2.112600,0
21.600000,-0.383364,0.403346,1.140022,0.440706,-0.431917,-2.716777,1.173352,2.315900,0
21.620000,-0.388909,0.393524,1.146457,0.439468,-0.434653,-2.716779,1.171361,2.114000,0
21.640000,-0.381459,0.410651,1.134556,0.438230,-0.437388,-2.716783,1.179433,2.158700,0
21.660000,-0.381046,0.413274,1.143913,0.436993,-0.440123,-2.716786,1.182148,2.228300,0
21.680000,-0.381037,0.415090,1.129283,0.435755,-0.442857,-2.716788,1.184577,2.228300,0
21.700000,-0.388862,0.400955,1.153948,0.434519,-0.445592,-2.716790,1.180931,2.293900,0
21.720000,-0.379962,0.420647,1.140457,0.433282,-0.448326,-2.716791,1.190160,2.268500,0
21.740000,-0.380869,0.418434,1.142664,0.432045,-0.451060,-2.716793,1.190315,2.466200,0
21.760000,-0.377008,0.426101,1.138470,0.430808,-0.453794,-2.716794,1.194479,2.339800,0
21.780000,-0.372538,0.432971,1.137966,0.429572,-0.456528,-2.716794,1.197743,2.380000,0
21.800000,-0.375066,0.428767,1.133936,0.428335,-0.459261,-2.716795,1.197517,2.377400,0
21.820000,-0.369782,0.439570,1.116251,0.428138,-0.459697,-2.701032,1.202230,2.478100,0
21.840000,-0.376320,0.425370,1.107551,0.428105,-0.459765,-2.682142,1.196062,2.417600,0
21.860000,-0.375072,0.425691,1.080688,0.428106,-0.459761,-2.664151,1.195458,2.643800,0
21.880000,-0.375745,0.427521,1.059999,0.428106,-0.459758,-2.646156,1.197264,2.470500,0
21.900000,-0.366373,0.446393,1.033816,0.428107,-0.459754,-2.628156,1.205115,2.460800,0
21.920000,-0.373718,0.432982,1.028072,0.428106,-0.459751,-2.610153,1.199956,2.459700,0
21.940000,-0.376261,0.430208,1.004791,0.428106,-0.459747,-2.592149,1.199595,2.481800,0
21.960000,-0.379443,0.424456,0.985574,0.428106,-0.459744,-2.574143,1.197475,2.446300,0
21.980000,-0.381295,0.424169,0.959693,0.428105,-0.459741,-2.556138,1.198510,2.702000,0
22.000000,-0.369783,0.444676,0.936623,0.428105,-0.459738,-2.538134,1.206064,2.685500,0
22.020000,-0.380659,0.432735,0.920676,0.428104,-0.459735,-2.520130,1.204408,2.710400,0
22.040000,-0.374917,0.440068,0.904875,0.428103,-0.459732,-2.502128,1.206019,2.752000,0
22.060000,-0.384385,0.423123,0.907488,0.428103,-0.459729,-2.484126,1.199818,2.571500,0
22.080000,-0.377036,0.434289,0.862142,0.428102,-0.459727,-2.466126,1.203126,2.518900,0
22.100000,-0.373030,0.441312,0.870872,0.428101,-0.459724,-2.448127,1.205685,3.261400,0
22.120000,-0.388729,0.422948,0.858008,0.428100,-0.459722,-2.430129,1.202629,2.881300,0
22.140000,-0.381465,0.433506,0.831640,0.428099,-0.459720,-2.412132,1.205507,2.501600,0
22.160000,-0.376679,0.437739,0.813892,0.428099,-0.459717,-2.394136,1.205443,2.459600,0
22.180000,-0.381107,0.432516,0.812353,0.428098,-0.459715,-2.376141,1.204528,2.487600,0
22.200000,-0.378776,0.434535,0.767423,0.428097,-0.459713,-2.358147,1.204460,2.548000,0
22.220000,-0.375199,0.439515,0.766297,0.428096,-0.459711,-2.340154,1.205773,3.474500,0
22.240000,-0.395828,0.421910,0.772542,0.428095,-0.459709,-2.322161,1.206690,2.560500,0
22.260000,-0.388310,0.428524,0.730638,0.428094,-0.459707,-2.304169,1.206429,2.683700,0
22.280000,-0.375595,0.442126,0.706894,0.428094,-0.459705,-2.286177,1.207979,2.566200,0
22.300000,-0.382709,0.436700,0.684608,0.428093,-0.459703,-2.268186,1.208693,2.543600,0
22.320000,-0.382917,0.436417,0.664247,0.428092,-0.459701,-2.250195,1.208620,2.474900,0
22.340000,-0.387447,0.431291,0.671027,0.426020,-0.461545,-2.249426,1.207843,2.549900,0
22.360000,-0.384496,0.433208,0.691615,0.423681,-0.463431,-2.249433,1.207109,2.492600,0
22.380000,-0.393404,0.429036,0.698857,0.421343,-0.465317,-2.249443,1.209826,2.503600,0
22.400000,-0.375552,0.444568,0.646328,0.419006,-0.467202,-2.249451,1.209399,2.599800,0
22.420000,-0.376028,0.446376,0.675724,0.416669,-0.469087,-2.249458,1.210967,2.486500,0
22.440000,-0.379312,0.443241,0.673060,0.414333,-0.470972,-2.249462,1.210644,2.473300,0
22.460000,-0.377501,0.441954,0.684535,0.411997,-0.472857,-2.249465,1.208382,2.625500,0
22.480000,-0.360415,0.456232,0.658998,0.409661,-0.474741,-2.249468,1.208192,2.551200,0
22.500000,-0.343992,0.466018,0.645306,0.407325,-0.476625,-2.249469,1.205426,2.524400,0
22.520000,-0.367059,0.450424,0.681184,0.404990,-0.478509,-2.249471,1.207881,2.571700,0
22.540000,-0.347422,0.464192,0.666088,0.402654,-0.480393,-2.249471,1.206174,2.577500,0
22.560000,-0.347445,0.465760,0.658783,0.400319,-0.482277,-2.249472,1.207446,2.536300,0
22.580000,-0.349395,0.461418,0.658260,0.397983,-0.484161,-2.249473,1.205277,2.948900,0
22.600000,-0.340928,0.468434,0.658317,0.395648,-0.486044,-2.249473,1.205642,4.711100,0
22.620000,-0.340389,0.467626,0.649983,0.393313,-0.487928,-2.249474,1.204742,4.574100,0
22.640000,-0.348605,0.464219,0.684204,0.390977,-0.489811,-2.249474,1.207127,4.492400,0
22.660000,-0.339500,0.469111,0.680647,0.388642,-0.491695,-2.249475,1.205546,3.814500,0
22.680000,-0.343332,0.466056,0.666116,0.386307,-0.493578,-2.249475,1.205516,2.535400,0
22.700000,-0.333822,0.472375,0.673974,0.383972,-0.495462,-2.249475,1.204963,2.500200,0
22.720000,-0.332176,0.473444,0.657308,0.381636,-0.497345,-2.249475,1.204972,2.436300,0
22.740000,-0.322379,0.482736,0.670852,0.379301,-0.499228,-2.249475,1.206900,2.507600,0
22.760000,-0.330127,0.477358,0.674482,0.376966,-0.501112,-2.249475,1.207221,2.523800,0
22.780000,-0.330414,0.477212,0.695722,0.374631,-0.502995,-2.249475,1.207433,2.734700,0
22.800000,-0.326300,0.479627,0.676406,0.372295,-0.504878,-2.249475,1.207181,2.452800,0
22.820000,-0.321375,0.483329,0.680823,0.369960,-0.506762,-2.249475,1.207569,2.448700,0
22.840000,-0.323137,0.485099,0.666285,0.367625,-0.508645,-2.249475,1.210240,2.436000,0
22.860000,-0.310630,0.494554,0.655505,0.365290,-0.510528,-2.249475,1.211221,2.486100,0
22.880000,-0.324767,0.486328,0.688786,0.362955,-0.512412,-2.249475,1.212618,2.443000,0
22.900000,-0.313098,0.495746,0.647672,0.362675,-0.512612,-2.232048,1.213859,2.819600,0
22.920000,-0.311529,0.496571,0.630760,0.362667,-0.512616,-2.213917,1.213671,2.520300,0
22.940000,-0.314651,0.495081,0.608908,0.362670,-0.512613,-2.195929,1.214171,2.539600,0
22.960000,-0.324871,0.486909,0.596360,0.362671,-0.512610,-2.177937,1.213158,2.560200,0
22.980000,-0.318873,0.490536,0.578329,0.362673,-0.512607,-2.159943,1.212766,2.460300,0
23.000000,-0.315630,0.494011,0.547832,0.362673,-0.512605,-2.141948,1.213825,2.571600,0
23.020000,-0.315779,0.496382,0.530489,0.362674,-0.512602,-2.123952,1.215873,2.538400,0
23.040000,-0.315431,0.498470,0.514252,0.362674,-0.512599,-2.105957,1.217410,2.614100,0
23.060000,-0.330411,0.489268,0.530744,0.362675,-0.512597,-2.087962,1.218237,2.512400,0
23.080000,-0.311376,0.499745,0.484340,0.362675,-0.512594,-2.069968,1.216214,2.566700,0
23.100000,-0.311080,0.500240,0.467595,0.362675,-0.512592,-2.051975,1.216460,2.544900,0
23.120000,-0.318308,0.494533,0.471257,0.362674,-0.512589,-2.033983,1.215743,2.427000,0
23.140000,-0.327449,0.490644,0.445403,0.362674,-0.512587,-2.015991,1.217679,2.467100,0
23.160000,-0.313931,0.497607,0.412996,0.362674,-0.512585,-1.998000,1.215846,2.604400,0
23.180000,-0.322039,0.494656,0.416265,0.360494,-0.513827,-1.997921,1.217740,2.636000,0
23.200000,-0.326663,0.492517,0.431227,0.357761,-0.515072,-1.997926,1.218061,2.510300,0
23.220000,-0.316456,0.494466,0.412810,0.355027,-0.516316,-1.997936,1.213495,2.536000,0
23.240000,-0.316338,0.496713,0.423130,0.352294,-0.517561,-1.997944,1.214833,2.440100,0
23.260000,-0.309828,0.500556,0.425049,0.349562,-0.518805,-1.997949,1.214039,2.469300,0
23.280000,-0.290477,0.508251,0.394620,0.346830,-0.520049,-1.997953,1.209777,3.944700,0
23.300000,-0.301322,0.505294,0.421834,0.344099,-0.521293,-1.997956,1.212620,4.652700,0
23.320000,-0.304931,0.501281,0.418727,0.341367,-0.522537,-1.997957,1.210745,4.501200,0
23.340000,-0.283685,0.509975,0.402126,0.338636,-0.523780,-1.997958,1.206621,4.672600,0
23.360000,-0.289714,0.506407,0.405032,0.335905,-0.525024,-1.997959,1.206337,3.528300,0
23.380000,-0.276309,0.511847,0.407626,0.333174,-0.526267,-1.997960,1.203807,2.541900,0
23.400000,-0.293542,0.506802,0.414779,0.330443,-0.527510,-1.997960,1.207957,2.546800,0
23.420000,-0.269852,0.515654,0.400813,0.327713,-0.528753,-1.997961,1.203275,2.586300,0
23.440000,-0.281679,0.506815,0.417697,0.324982,-0.529997,-1.997961,1.201257,2.762500,0
23.460000,-0.266401,0.516460,0.411087,0.322252,-0.531240,-1.997962,1.201743,2.762800,0
23.480000,-0.286796,0.507719,0.444746,0.319521,-0.532483,-1.997962,1.204010,2.511900,0
23.500000,-0.269146,0.515573,0.423001,0.316791,-0.533726,-1.997962,1.201811,2.452400,0
23.520000,-0.272402,0.514893,0.407306,0.314060,-0.534969,-1.997962,1.202559,2.482700,0
23.540000,-0.263026,0.520915,0.387824,0.313588,-0.534974,-1.980198,1.203073,2.454200,0
23.560000,-0.272761,0.517019,0.392364,0.313523,-0.534968,-1.961369,1.204328,2.543300,0
23.580000,-0.257522,0.523835,0.356978,0.313525,-0.534966,-1.943381,1.202978,2.558500,0
23.600000,-0.271550,0.518360,0.355928,0.313528,-0.534963,-1.925392,1.204909,2.496800,0
23.620000,-0.264452,0.520452,0.322576,0.313529,-0.534961,-1.907402,1.203311,2.533400,0
23.640000,-0.273825,0.515922,0.307667,0.313531,-0.534959,-1.889410,1.203885,2.632000,0
23.660000,-0.277098,0.513577,0.290157,0.313531,-0.534957,-1.871419,1.203439,2.544800,0
23.680000,-0.275589,0.516091,0.266819,0.313532,-0.534955,-1.853427,1.204891,2.564200,0
23.700000,-0.279619,0.516954,0.258085,0.313533,-0.534953,-1.835436,1.207616,3.010300,0
23.720000,-0.280424,0.516762,0.240126,0.313533,-0.534951,-1.817446,1.207843,2.592200,0
23.740000,-0.272669,0.520394,0.205209,0.313533,-0.534949,-1.799456,1.207221,2.530400,0
23.760000,-0.266779,0.521082,0.196904,0.313534,-0.534947,-1.781468,1.204973,2.535900,0
23.780000,-0.284496,0.516882,0.196737,0.313534,-0.534945,-1.763480,1.209950,2.475300,0
23.800000,-0.279605,0.517715,0.185505,0.313534,-0.534942,-1.745492,1.208264,2.479800,0
23.820000,-0.269164,0.521722,0.133983,0.313534,-0.534940,-1.727506,1.206678,2.642800,0
23.840000,-0.270402,0.523193,0.126752,0.311237,-0.535324,-1.719883,1.207792,2.449500,0
23.860000,-0.271641,0.522783,0.126018,0.308266,-0.535769,-1.719886,1.206990,2.479400,0
23.880000,-0.265953,0.523754,0.138307,0.305296,-0.536214,-1.719897,1.204100,2.550900,0
23.900000,-0.273511,0.520163,0.137410,0.302326,-0.536659,-1.719905,1.203520,2.559400,0
23.920000,-0.255653,0.525262,0.142280,0.299357,-0.537105,-1.719911,1.198607,2.525300,0
23.940000,-0.253061,0.524267,0.142717,0.296388,-0.537550,-1.719916,1.195554,2.717800,0
23.960000,-0.263255,0.524633,0.152614,0.293420,-0.537996,-1.719919,1.199612,2.563900,0
23.980000,-0.245368,0.528923,0.128230,0.290452,-0.538442,-1.719921,1.194308,2.578100,0
24.000000,-0.231895,0.531040,0.127701,0.287485,-0.538888,-1.719922,1.189328,2.553900,0
24.020000,-0.245852,0.528638,0.139845,0.284517,-0.539334,-1.719923,1.192416,2.536900,0
24.040000,-0.255457,0.528801,0.150381,0.281550,-0.539780,-1.719924,1.195927,2.625800,0
24.060000,-0.236907,0.531179,0.140558,0.278583,-0.540226,-1.719924,1.188966,2.578300,0
24.080000,-0.237255,0.530075,0.158737,0.275615,-0.540672,-1.719925,1.187238,2.656500,0
24.100000,-0.240545,0.530870,0.137531,0.272649,-0.541118,-1.719926,1.188498,2.484000,0
24.120000,-0.230969,0.530538,0.153703,0.269682,-0.541563,-1.719927,1.183238,2.473500,0
24.140000,-0.226794,0.531445,0.138191,0.266715,-0.542009,-1.719927,1.181463,2.568400,0
24.160000,-0.210229,0.531275,0.149749,0.263748,-0.542455,-1.719928,1.173691,2.611200,0
24.180000,-0.217839,0.532138,0.141700,0.260781,-0.542901,-1.719928,1.176770,2.544000,0
24.200000,-0.215754,0.530654,0.121183,0.257814,-0.543347,-1.719928,1.173774,2.691100,0
24.220000,-0.213148,0.530926,0.134639,0.254847,-0.543793,-1.719928,1.172194,2.459200,0
24.240000,-0.219680,0.532054,0.145448,0.251881,-0.544238,-1.719928,1.175064,2.445400,0
24.260000,-0.198156,0.536557,0.124985,0.248914,-0.544684,-1.719928,1.170023,2.510100,0
24.280000,-0.202751,0.536715,0.136824,0.245947,-0.545130,-1.719928,1.171204,2.527200,0
24.300000,-0.209567,0.535971,0.154217,0.242981,-0.545576,-1.719928,1.172409,2.465600,0
24.320000,-0.197547,0.534149,0.101691,0.242275,-0.545621,-1.707469,1.165910,2.547800,0
24.340000,-0.211883,0.532757,0.106110,0.242103,-0.545595,-1.687471,1.170020,2.466300,0
24.360000,-0.211866,0.533950,0.095723,0.242106,-0.545593,-1.669483,1.171112,2.447000,0
24.380000,-0.214237,0.533187,0.085376,0.242109,-0.545592,-1.651495,1.171331,2.527400,0
24.400000,-0.188323,0.535810,0.048049,0.242111,-0.545590,-1.633505,1.163916,2.551800,0
24.420000,-0.201428,0.534399,0.026507,0.242113,-0.545589,-1.615515,1.167520,2.539300,0
24.440000,-0.202155,0.535293,0.001947,0.242115,-0.545587,-1.597525,1.168622,3.875700,0
24.460000,-0.196209,0.532356,0.006762,0.239968,-0.545685,-1.587914,1.162937,4.852100,0
24.480000,-0.196838,0.533540,0.003640,0.236966,-0.545734,-1.587917,1.163193,4.902200,0
24.500000,-0.201621,0.532402,0.006889,0.233963,-0.545783,-1.587921,1.162849,4.950900,0
24.520000,-0.196109,0.533491,0.017535,0.230961,-0.545833,-1.587925,1.160745,4.870900,0
24.540000,-0.164338,0.533622,-0.012250,0.227960,-0.545884,-1.587928,1.148578,4.592900,0
24.560000,-0.184785,0.535470,0.006659,0.224958,-0.545935,-1.587931,1.156428,2.616500,0
24.580000,-0.177909,0.535798,0.001745,0.221958,-0.545985,-1.587933,1.153320,2.692300,0
24.600000,-0.165672,0.536724,0.000017,0.218957,-0.546037,-1.587935,1.149047,2.575000,0
24.620000,-0.159405,0.535446,0.000988,0.215957,-0.546088,-1.587937,1.144820,2.515300,0
24.640000,-0.167509,0.535568,-0.004002,0.212957,-0.546139,-1.587938,1.146666,2.574800,0
24.660000,-0.160646,0.537275,-0.004450,0.209956,-0.546191,-1.587939,1.145096,2.548000,0
24.680000,-0.171086,0.538323,0.011385,0.206957,-0.546242,-1.587940,1.148563,2.522000,0
24.700000,-0.174274,0.539188,0.015147,0.203957,-0.546293,-1.587940,1.149490,2.582400,0
24.720000,-0.164779,0.540447,-0.004539,0.200957,-0.546345,-1.587941,1.146682,2.491600,0
24.740000,-0.164751,0.540239,0.010085,0.197957,-0.546396,-1.587941,1.145571,2.578600,0
24.760000,-0.157365,0.542663,0.011394,0.194957,-0.546448,-1.587941,1.144681,2.448100,0
24.780000,-0.148523,0.541619,0.003730,0.191958,-0.546499,-1.587941,1.140144,2.438300,0
24.800000,-0.142355,0.539490,0.003070,0.188958,-0.546551,-1.587942,1.135452,2.547900,0
24.820000,-0.158137,0.539375,0.002329,0.185958,-0.546602,-1.587942,1.139187,2.572500,0
24.840000,-0.142856,0.538743,0.011408,0.182959,-0.546654,-1.587942,1.133244,4.257200,0
24.860000,-0.146950,0.539129,0.004110,0.179959,-0.546705,-1.587942,1.133978,4.698300,0
24.880000,-0.143279,0.538086,0.017259,0.176959,-0.546757,-1.587942,1.131122,4.790000,0
24.900000,-0.131672,0.537840,0.013580,0.173960,-0.546808,-1.587942,1.126886,4.753900,0
24.920000,-0.124052,0.537117,0.015205,0.170960,-0.546860,-1.587942,1.123405,4.629700,0
24.940000,-0.125884,0.537174,0.011621,0.167961,-0.546911,-1.587942,1.123204,4.579300,0
24.960000,-0.113224,0.538620,-0.007633,0.164961,-0.546962,-1.587942,1.120658,2.981700,0
24.980000,-0.113213,0.538308,0.006036,0.161962,-0.547014,-1.587942,1.119663,2.614200,0
25.000000,-0.115500,0.537974,-0.001609,0.158962,-0.547065,-1.587942,1.119214,2.527600,0
25.020000,-0.101940,0.538178,-0.005664,0.155962,-0.547117,-1.587942,1.115517,2.594300,0
25.040000,-0.116423,0.539660,0.003704,0.152963,-0.547168,-1.587942,1.119716,2.542200,0
25.060000,-0.108163,0.539335,-0.002450,0.149963,-0.547220,-1.587942,1.116795,2.514100,0
25.080000,-0.105396,0.539254,0.019460,0.146964,-0.547271,-1.587942,1.115447,2.539100,0
25.100000,-0.092408,0.539349,0.013485,0.143964,-0.547322,-1.587942,1.112081,2.507000,0
25.120000,-0.097417,0.538517,0.002086,0.140965,-0.547374,-1.587942,1.111749,4.703400,0
25.140000,-0.096907,0.538530,-0.004815,0.137965,-0.547425,-1.587942,1.111064,4.626100,0
25.160000,-0.114015,0.538614,0.017130,0.134966,-0.547477,-1.587942,1.114265,4.469600,0
25.180000,-0.088500,0.536637,0.009544,0.131966,-0.547528,-1.587942,1.106354,3.535400,0
25.200000,-0.090222,0.538019,0.007784,0.128966,-0.547580,-1.587942,1.107506,4.117800,0
25.220000,-0.089960,0.536719,0.006240,0.125967,-0.547631,-1.587942,1.105640,2.533200,0
25.240000,-0.092301,0.536963,0.016411,0.122967,-0.547683,-1.587942,1.105802,2.535400,0
25.260000,-0.090009,0.537242,0.008417,0.119968,-0.547734,-1.587942,1.105108,2.588500,0
25.280000,-0.054714,0.537023,-0.006425,0.116968,-0.547785,-1.587942,1.098310,2.606000,0
25.300000,-0.064007,0.537229,-0.012105,0.113969,-0.547837,-1.587942,1.099566,2.668400,0
25.320000,-0.056100,0.536903,-0.008434,0.110969,-0.547888,-1.587942,1.097581,2.559700,0
25.340000,-0.083001,0.537243,0.010120,0.107969,-0.547940,-1.587942,1.101858,2.474600,0
25.360000,-0.073537,0.536746,0.003185,0.104970,-0.547991,-1.587942,1.099326,2.498400,0
25.380000,-0.046586,0.538503,0.002688,0.101970,-0.548043,-1.587942,1.096655,2.491800,0
25.400000,-0.064382,0.539052,0.002152,0.098971,-0.548094,-1.587942,1.099351,2.496500,0
25.420000,-0.031621,0.540006,-0.010775,0.095971,-0.548145,-1.587942,1.095605,2.925900,0
25.440000,-0.047964,0.539347,0.022714,0.092972,-0.548197,-1.587942,1.096638,2.511900,0
25.460000,-0.046430,0.538520,-0.001639,0.089972,-0.548248,-1.587942,1.095295,2.548500,0
25.480000,-0.038167,0.539416,0.006366,0.086973,-0.548300,-1.587942,1.094891,2.592600,0
25.500000,-0.062729,0.539065,0.003055,0.083973,-0.548351,-1.587942,1.097267,2.551000,0
25.520000,-0.028593,0.536829,-0.001565,0.080973,-0.548403,-1.587942,1.090749,2.538800,0
25.540000,-0.034471,0.537497,0.003228,0.077974,-0.548454,-1.587942,1.091757,2.682700,0
25.560000,-0.018956,0.537496,-0.011870,0.074974,-0.548505,-1.587942,1.090056,2.645800,0
25.580000,-0.033311,0.536918,0.018619,0.071975,-0.548557,-1.587942,1.090569,2.523200,0
25.600000,-0.033870,0.536381,0.005022,0.068975,-0.548608,-1.587942,1.089852,2.467000,0
25.620000,-0.025645,0.535082,-0.016691,0.065976,-0.548660,-1.587942,1.087608,2.513500,0
25.640000,-0.011248,0.535503,-0.010040,0.062976,-0.548711,-1.587942,1.086751,2.517200,0
25.660000,-0.020412,0.535217,0.005956,0.059977,-0.548763,-1.587942,1.086957,3.490700,0
25.680000,-0.028391,0.534390,-0.002979,0.056977,-0.548814,-1.587942,1.086563,2.343100,0
25.700000,-0.020358,0.534490,0.015294,0.053977,-0.548865,-1.587942,1.085902,2.880100,0
25.720000,0.009522,0.535561,-0.021121,0.050978,-0.548917,-1.587942,1.085270,4.398100,0
25.740000,-0.012962,0.535893,0.018157,0.047978,-0.548968,-1.587942,1.086571,4.771000,0
25.760000,-0.018323,0.536764,0.034665,0.044979,-0.549020,-1.587942,1.087628,4.476400,0
25.780000,-0.009068,0.537139,0.018463,0.041979,-0.549071,-1.587942,1.087409,2.706500,0
25.800000,-0.016276,0.538445,0.031026,0.038980,-0.549123,-1.587942,1.088971,2.283000,0
25.820000,0.018156,0.537775,0.005163,0.035980,-0.549174,-1.587942,1.087095,2.323400,0
25.840000,0.006287,0.537363,-0.006627,0.032980,-0.549226,-1.587942,1.086917,2.406700,0
25.860000,0.011565,0.537726,0.006532,0.029981,-0.549277,-1.587942,1.087159,4.824900,0
25.880000,0.001469,0.538436,0.014829,0.026981,-0.549328,-1.587942,1.088063,4.941300,0
25.900000,0.013625,0.537039,-0.009869,0.023982,-0.549380,-1.587942,1.086468,5.148700,0
25.920000,0.010432,0.538590,0.000088,0.020982,-0.549431,-1.587942,1.088072,6.240800,0
25.940000,0.027575,0.538247,0.004805,0.017983,-0.549483,-1.587942,1.087773,2.937500,0
25.960000,0.021311,0.537267,-0.005232,0.014983,-0.549534,-1.587942,1.086819,2.699000,0
25.980000,0.031569,0.538108,-0.005988,0.011984,-0.549586,-1.587942,1.087870,2.687200,0
26.000000,0.032183,0.536682,0.013189,0.008984,-0.549637,-1.587942,1.086566,2.874900,0
26.020000,0.019215,0.537356,0.024646,0.005984,-0.549688,-1.587942,1.087124,2.810500,0
26.040000,0.019183,0.538276,-0.000695,0.002985,-0.549740,-1.587942,1.088137,2.647700,0
26.060000,0.028922,0.537689,0.005775,-0.000015,-0.549791,-1.587942,1.087865,2.663100,0
26.080000,0.047231,0.538097,0.002771,-0.003014,-0.549843,-1.587942,1.089099,2.622200,0
26.100000,0.055943,0.538257,-0.001090,-0.006014,-0.549894,-1.587942,1.089913,2.646500,0
26.120000,0.045224,0.537853,0.003421,-0.009013,-0.549946,-1.587942,1.089150,2.658600,0
26.140000,0.055282,0.536353,-0.002115,-0.012013,-0.549997,-1.587942,1.088432,2.555800,0
26.160000,0.034109,0.535938,0.026044,-0.015012,-0.550048,-1.587942,1.087096,2.584200,0
26.180000,0.064238,0.535870,0.008593,-0.018012,-0.550100,-1.587942,1.089080,2.512700,0
26.200000,0.059198,0.535198,0.006258,-0.021012,-0.550151,-1.587942,1.088309,2.611100,0
26.220000,0.071411,0.534835,-0.031532,-0.024011,-0.550203,-1.587942,1.089226,2.538000,0
26.240000,0.062840,0.535271,0.003840,-0.027011,-0.550254,-1.587942,1.089237,3.091600,0
26.260000,0.077729,0.534834,-0.000773,-0.030010,-0.550306,-1.587942,1.090475,2.774800,0
26.280000,0.084426,0.534978,-0.001678,-0.033010,-0.550357,-1.587942,1.091670,2.615800,0
26.300000,0.080795,0.534879,0.001887,-0.036009,-0.550408,-1.587942,1.091555,2.627900,0
26.320000,0.073562,0.533384,0.024904,-0.039009,-0.550460,-1.587942,1.089674,2.660100,0
26.340000,0.090711,0.534695,0.000301,-0.042008,-0.550511,-1.587942,1.093291,2.664300,0
26.360000,0.093326,0.533863,0.014325,-0.045008,-0.550563,-1.587942,1.093214,3.124400,0
26.380000,0.100876,0.535355,-0.006059,-0.048008,-0.550614,-1.587942,1.096128,2.509900,0
26.400000,0.095864,0.535829,-0.000064,-0.051007,-0.550666,-1.587942,1.096377,2.577400,0
26.420000,0.084952,0.537478,-0.003766,-0.054007,-0.550717,-1.587942,1.097031,2.568000,0
26.440000,0.087528,0.536755,0.028626,-0.057006,-0.550769,-1.587942,1.097086,2.678700,0
26.460000,0.091678,0.536908,0.029112,-0.060006,-0.550820,-1.587942,1.098253,2.659900,0
26.480000,0.087980,0.538261,0.027329,-0.063005,-0.550871,-1.587942,1.099547,3.412300,0
26.500000,0.114251,0.537423,0.009959,-0.066005,-0.550923,-1.587942,1.103172,2.895400,0
26.520000,0.118551,0.535378,-0.017632,-0.069005,-0.550974,-1.587942,1.102423,2.646100,0
26.540000,0.133666,0.536117,-0.024889,-0.072004,-0.551026,-1.587942,1.106427,2.601000,0
26.560000,0.105971,0.537175,0.006225,-0.075004,-0.551077,-1.587942,1.103198,2.628200,0
26.580000,0.111238,0.537554,0.029972,-0.078003,-0.551129,-1.587942,1.105008,2.811100,0
26.600000,0.110217,0.538624,0.007988,-0.078928,-0.551116,-1.578443,1.106033,4.765500,0
26.620000,0.114679,0.538580,-0.017596,-0.079101,-0.551114,-1.558446,1.106790,4.857400,0
26.640000,0.123302,0.537210,-0.031256,-0.079117,-0.551113,-1.540232,1.106987,4.846800,0
26.660000,0.125148,0.536780,-0.067579,-0.079114,-0.551112,-1.522244,1.106902,2.901100,0
26.680000,0.115828,0.537492,-0.068882,-0.079112,-0.551111,-1.504254,1.105920,2.877400,0
26.700000,0.128441,0.536388,-0.119869,-0.079110,-0.551110,-1.486265,1.107127,2.885400,0
26.720000,0.135072,0.535879,-0.105469,-0.079108,-0.551109,-1.468275,1.107888,2.614600,0
26.740000,0.126369,0.537492,-0.143746,-0.079106,-0.551108,-1.450286,1.107822,2.821000,0
26.760000,0.123429,0.540132,-0.152857,-0.079100,-0.551107,-1.432235,1.109874,2.590100,0
26.780000,0.137255,0.536390,-0.177484,-0.079093,-0.551106,-1.414178,1.108807,2.771500,0
26.800000,0.139928,0.536252,-0.204929,-0.081386,-0.550720,-1.406519,1.109273,2.708000,0
26.820000,0.121682,0.541315,-0.188122,-0.084348,-0.550228,-1.406521,1.110817,2.882400,0
26.840000,0.152886,0.535757,-0.179267,-0.087311,-0.549735,-1.406523,1.111749,2.558100,0
26.860000,0.129941,0.541606,-0.179482,-0.090273,-0.549243,-1.406529,1.112855,2.714900,0
26.880000,0.136149,0.539281,-0.169095,-0.093234,-0.548752,-1.406534,1.111950,2.571100,0
26.900000,0.129304,0.540399,-0.171415,-0.096196,-0.548260,-1.406537,1.111769,4.940700,0
26.920000,0.149123,0.536825,-0.173734,-0.099157,-0.547769,-1.406540,1.112649,2.609600,0
26.940000,0.143541,0.538997,-0.182904,-0.102117,-0.547278,-1.406543,1.113706,2.642600,0
26.960000,0.147919,0.538684,-0.164066,-0.105078,-0.546788,-1.406545,1.114566,2.589400,0
26.980000,0.152220,0.536604,-0.179783,-0.108038,-0.546297,-1.406547,1.113736,2.560800,0
27.000000,0.153595,0.536096,-0.168006,-0.110998,-0.545807,-1.406548,1.113788,2.686500,0
27.020000,0.144145,0.538003,-0.167492,-0.113958,-0.545316,-1.406549,1.113641,2.637400,0
27.040000,0.153434,0.536251,-0.174249,-0.116918,-0.544826,-1.406550,1.114368,2.607200,0
27.060000,0.156735,0.533870,-0.183981,-0.117644,-0.544741,-1.394393,1.112962,2.576000,0
27.080000,0.155618,0.534049,-0.203394,-0.117815,-0.544710,-1.374393,1.112874,2.597900,0
27.100000,0.170574,0.532028,-0.244523,-0.117813,-0.544710,-1.356386,1.114689,3.535400,0
27.120000,0.155777,0.536618,-0.234103,-0.117809,-0.544709,-1.338398,1.115400,4.200000,0
27.140000,0.146537,0.539863,-0.231791,-0.117806,-0.544709,-1.320396,1.116322,4.894300,0
27.160000,0.165930,0.536049,-0.284583,-0.117801,-0.544708,-1.302384,1.117380,3.683200,0
27.180000,0.161632,0.538441,-0.319611,-0.117797,-0.544708,-1.284367,1.118612,2.704900,0
27.200000,0.173938,0.532424,-0.324600,-0.117793,-0.544707,-1.266348,1.115938,2.425400,0
27.220000,0.152928,0.538648,-0.327868,-0.117789,-0.544706,-1.248328,1.116666,2.198100,0
27.240000,0.169272,0.536555,-0.352757,-0.117785,-0.544705,-1.230309,1.118716,2.165300,0
27.260000,0.167895,0.537375,-0.374361,-0.117781,-0.544704,-1.212291,1.119154,2.130400,0
27.280000,0.155069,0.541448,-0.392253,-0.117777,-0.544703,-1.194274,1.119896,2.100900,0
27.300000,0.162940,0.541765,-0.402268,-0.117773,-0.544702,-1.176259,1.122145,2.117800,0
27.320000,0.160984,0.542137,-0.411046,-0.117770,-0.544701,-1.158247,1.122016,2.532900,0
27.340000,0.168807,0.540247,-0.440396,-0.117767,-0.544700,-1.140236,1.122157,2.208200,0
27.360000,0.159957,0.543541,-0.442024,-0.117764,-0.544699,-1.122227,1.123119,2.164000,0
27.380000,0.159921,0.543988,-0.474811,-0.117761,-0.544698,-1.104220,1.123541,2.113800,0
27.400000,0.165591,0.541540,-0.505107,-0.117758,-0.544697,-1.086214,1.122586,2.126600,0
27.420000,0.149772,0.551755,-0.498161,-0.117755,-0.544696,-1.068210,1.128617,2.167600,0
27.440000,0.148867,0.552841,-0.518471,-0.117753,-0.544695,-1.050207,1.129456,2.186600,0
27.460000,0.173847,0.541637,-0.561068,-0.117750,-0.544694,-1.032205,1.124786,2.301100,0
27.480000,0.156773,0.549221,-0.561799,-0.117748,-0.544693,-1.014205,1.127835,2.362100,0
27.500000,0.164031,0.542792,-0.594685,-0.117745,-0.544692,-0.996205,1.123396,2.275300,0
27.520000,0.166376,0.545748,-0.624773,-0.117743,-0.544691,-0.978207,1.126845,2.370400,0
27.540000,0.164482,0.544658,-0.615190,-0.117741,-0.544690,-0.960209,1.125312,2.335000,0
27.560000,0.156386,0.550436,-0.634225,-0.117739,-0.544689,-0.942212,1.128913,2.391200,0
27.580000,0.153901,0.553347,-0.647229,-0.117736,-0.544688,-0.924216,1.131135,2.374900,0
27.600000,0.164100,0.546108,-0.680954,-0.117734,-0.544687,-0.906221,1.126617,2.401400,0
27.620000,0.157898,0.552390,-0.683227,-0.117732,-0.544686,-0.888226,1.131171,2.346700,0
27.640000,0.167503,0.545163,-0.712007,-0.117730,-0.544685,-0.870232,1.126555,2.423100,0
27.660000,0.162386,0.550853,-0.729619,-0.117728,-0.544684,-0.852238,1.130781,2.411900,0
27.680000,0.167576,0.546808,-0.757006,-0.117726,-0.544683,-0.834245,1.128162,2.467200,0
27.700000,0.159681,0.550901,-0.766940,-0.117724,-0.544682,-0.816252,1.130157,2.352600,0
27.720000,0.162430,0.554908,-0.783011,-0.117722,-0.544681,-0.798260,1.134716,2.562700,0
27.740000,0.159542,0.553616,-0.782705,-0.117720,-0.544680,-0.780268,1.132753,2.420300,0
27.760000,0.168119,0.546431,-0.818514,-0.117718,-0.544680,-0.762276,1.127930,2.405600,0
27.780000,0.163609,0.550596,-0.822311,-0.119653,-0.542653,-0.759999,1.129350,2.386700,0
27.800000,0.155858,0.559251,-0.786722,-0.121722,-0.540475,-0.760006,1.134217,2.426400,0
27.820000,0.168402,0.547921,-0.805816,-0.123791,-0.538298,-0.760015,1.124832,2.426400,0
27.840000,0.183705,0.537898,-0.835121,-0.125860,-0.536122,-0.760024,1.117743,2.346900,0
27.860000,0.170689,0.551887,-0.804119,-0.127929,-0.533946,-0.760030,1.126146,2.668300,0
27.880000,0.178895,0.542130,-0.821050,-0.129997,-0.531770,-0.760035,1.117441,2.414900,0
27.900000,0.181853,0.539190,-0.802401,-0.132065,-0.529595,-0.760039,1.113933,2.439700,0
27.920000,0.187384,0.531921,-0.845057,-0.134133,-0.527420,-0.760041,1.107057,2.355800,0
27.940000,0.194719,0.525299,-0.862557,-0.136201,-0.525245,-0.760043,1.101431,2.407700,0
27.960000,0.195360,0.524863,-0.825448,-0.138269,-0.523070,-0.760045,1.099760,2.439000,0
27.980000,0.185419,0.536465,-0.812493,-0.140336,-0.520896,-0.760046,1.106404,2.549000,0
28.000000,0.186609,0.530022,-0.816189,-0.142403,-0.518721,-0.760047,1.099141,2.406200,0
28.020000,0.198601,0.521531,-0.817583,-0.144471,-0.516546,-0.760047,1.093299,2.360400,0
28.040000,0.209844,0.511572,-0.830199,-0.146538,-0.514372,-0.760048,1.086080,2.418700,0
28.060000,0.207029,0.515807,-0.816490,-0.148605,-0.512197,-0.760048,1.087781,2.635300,0
28.080000,0.212530,0.507826,-0.832167,-0.150672,-0.510023,-0.760049,1.080709,2.409200,0
28.100000,0.198795,0.522400,-0.797201,-0.152739,-0.507849,-0.760049,1.088572,2.460100,0
28.120000,0.208722,0.513677,-0.824722,-0.154806,-0.505674,-0.760049,1.082233,2.484700,0
28.140000,0.204223,0.518202,-0.831091,-0.156873,-0.503500,-0.760049,1.083635,2.413500,0
28.160000,0.214206,0.508942,-0.827542,-0.158940,-0.501325,-0.760049,1.076976,2.415800,0
28.180000,0.212628,0.509142,-0.832984,-0.159176,-0.501076,-0.742412,1.076466,2.455400,0
28.200000,0.216545,0.504199,-0.877856,-0.159186,-0.501062,-0.724181,1.073184,2.432700,0
28.220000,0.215286,0.507235,-0.878861,-0.159183,-0.501064,-0.706193,1.075590,2.446600,0
28.240000,0.213357,0.509297,-0.897951,-0.159181,-0.501066,-0.688203,1.076855,2.814300,0
28.260000,0.210270,0.514493,-0.911314,-0.159178,-0.501067,-0.670210,1.080672,2.338500,0
28.280000,0.207328,0.516865,-0.930102,-0.159175,-0.501067,-0.652215,1.081901,2.354700,0
28.300000,0.209777,0.514904,-0.956190,-0.159172,-0.501068,-0.634219,1.080889,2.435100,0
28.320000,0.215209,0.507830,-0.967620,-0.159170,-0.501068,-0.616223,1.076120,2.353400,0
28.340000,0.215368,0.507406,-0.976877,-0.159167,-0.501068,-0.598228,1.075777,2.390300,0
28.360000,0.211257,0.513798,-1.007656,-0.159165,-0.501068,-0.580233,1.080355,2.429500,0
28.380000,0.212775,0.511027,-1.018789,-0.159162,-0.501068,-0.562238,1.078273,2.582200,0
28.400000,0.206503,0.519367,-1.026602,-0.159160,-0.501067,-0.544245,1.083972,2.366800,0
28.420000,0.215627,0.503820,-1.053257,-0.159158,-0.501067,-0.526252,1.072502,2.390200,0
28.440000,0.214745,0.507006,-1.081622,-0.159155,-0.501067,-0.508261,1.075180,2.427600,0
28.460000,0.212132,0.513946,-1.096431,-0.159153,-0.501066,-0.490270,1.080788,2.430100,0
28.480000,0.212394,0.512271,-1.080905,-0.160565,-0.498918,-0.490200,1.077776,2.367600,0
28.500000,0.222336,0.496892,-1.098448,-0.161979,-0.496269,-0.490207,1.064926,2.516700,0
28.520000,0.217891,0.503975,-1.093456,-0.163394,-0.493619,-0.490217,1.067976,2.407200,0
28.540000,0.224583,0.492463,-1.091433,-0.164808,-0.490970,-0.490224,1.057717,2.351100,0
28.560000,0.229223,0.484994,-1.103183,-0.166222,-0.488322,-0.490230,1.050581,2.357700,0
28.580000,0.222615,0.494089,-1.124089,-0.167636,-0.485674,-0.490234,1.054624,2.514300,0
28.600000,0.222933,0.496943,-1.095438,-0.169050,-0.483026,-0.490237,1.055457,2.403900,0
28.620000,0.228392,0.485493,-1.073047,-0.170463,-0.480378,-0.490238,1.044984,2.540700,0
28.640000,0.223658,0.491949,-1.080581,-0.171876,-0.477731,-0.490239,1.047247,2.410200,0
28.660000,0.224683,0.490538,-1.114101,-0.171884,-0.477310,-0.472503,1.045942,2.395800,0
28.680000,0.219732,0.500858,-1.117243,-0.171890,-0.477296,-0.454301,1.053638,2.354300,0
28.700000,0.226582,0.487444,-1.149359,-0.171887,-0.477299,-0.436314,1.043794,2.446600,0
28.720000,0.228278,0.487813,-1.145955,-0.171885,-0.477301,-0.418325,1.044785,2.375100,0
28.740000,0.230321,0.489183,-1.167779,-0.171883,-0.477303,-0.400335,1.046835,2.434000,0
28.760000,0.231017,0.491622,-1.198310,-0.171881,-0.477304,-0.382343,1.049355,2.562000,0
28.780000,0.228732,0.490242,-1.219979,-0.171879,-0.477305,-0.364351,1.047204,2.206900,0
28.800000,0.238970,0.470990,-1.233271,-0.171877,-0.477305,-0.346360,1.033469,2.167900,0
28.820000,0.236384,0.482158,-1.240513,-0.171875,-0.477306,-0.328368,1.042711,2.148900,0
28.840000,0.232576,0.495381,-1.253445,-0.171873,-0.477306,-0.310378,1.053423,2.178100,0
28.860000,0.237944,0.479503,-1.271949,-0.171871,-0.477306,-0.292388,1.040880,2.159200,0
28.880000,0.229554,0.499905,-1.303475,-0.171869,-0.477306,-0.274399,1.056448,2.214400,0
28.900000,0.234776,0.480817,-1.321229,-0.171867,-0.477307,-0.256410,1.040846,3.167200,0
28.920000,0.230161,0.496750,-1.342719,-0.171865,-0.477307,-0.238422,1.053761,2.166400,0
28.940000,0.233918,0.480266,-1.352478,-0.171863,-0.477306,-0.220435,1.040001,2.108100,0
28.960000,0.234295,0.491533,-1.372037,-0.171861,-0.477306,-0.202449,1.050529,2.126900,0
28.980000,0.234653,0.494457,-1.385441,-0.171859,-0.477306,-0.184463,1.053364,2.123800,0
29.000000,0.234998,0.501919,-1.409320,-0.171857,-0.477306,-0.166477,1.060383,2.126400,0
29.020000,0.238233,0.485918,-1.430305,-0.172266,-0.475000,-0.158996,1.044927,2.088300,0
29.040000,0.236601,0.491237,-1.419776,-0.172740,-0.472035,-0.158999,1.046639,2.133300,0
29.060000,0.240575,0.479962,-1.421064,-0.173215,-0.469068,-0.159011,1.035316,2.091700,0
29.080000,0.238765,0.479015,-1.428939,-0.173689,-0.466103,-0.159020,1.031196,2.238600,0
29.100000,0.238253,0.485753,-1.422499,-0.174164,-0.463139,-0.159027,1.034642,2.206500,0
29.120000,0.241045,0.472680,-1.427907,-0.174640,-0.460175,-0.159031,1.021280,2.142700,0
29.140000,0.241289,0.478667,-1.432967,-0.175115,-0.457211,-0.159034,1.024334,2.150100,0
29.160000,0.246129,0.454928,-1.436191,-0.175590,-0.454247,-0.159036,1.002220,2.193500,0
29.180000,0.247427,0.466721,-1.428211,-0.176066,-0.451284,-0.159037,1.010980,2.417500,0
29.200000,0.250160,0.456053,-1.426274,-0.176541,-0.448321,-0.159038,0.999983,2.265800,0
29.220000,0.251787,0.444826,-1.436667,-0.177016,-0.445359,-0.159039,0.988079,2.183700,0
29.240000,0.251625,0.452491,-1.434698,-0.177492,-0.442396,-0.159040,0.992454,2.172200,0
29.260000,0.251038,0.443579,-1.437034,-0.177967,-0.439433,-0.159041,0.981711,2.196500,0
29.280000,0.246633,0.464302,-1.424625,-0.178442,-0.436471,-0.159041,0.996032,2.191000,0
29.300000,0.250638,0.436376,-1.427501,-0.178917,-0.433509,-0.159042,0.970163,2.226500,0
29.320000,0.248930,0.448928,-1.432581,-0.179393,-0.430546,-0.159043,0.978230,3.395500,0
29.340000,0.252174,0.439040,-1.428452,-0.179868,-0.427584,-0.159043,0.968348,2.343700,0
29.360000,0.249889,0.446369,-1.443149,-0.179938,-0.426889,-0.146440,0.973309,2.233400,0
29.380000,0.247978,0.439139,-1.452174,-0.179910,-0.426717,-0.126441,0.965813,2.226100,0
29.400000,0.247661,0.444953,-1.465799,-0.179909,-0.426720,-0.108439,0.970891,2.206800,0
29.420000,0.247786,0.444815,-1.497370,-0.179907,-0.426722,-0.090450,0.970823,2.256100,0
29.440000,0.248039,0.434335,-1.508916,-0.179906,-0.426725,-0.072461,0.961541,2.218600,0
29.460000,0.246658,0.440919,-1.531172,-0.179904,-0.426727,-0.054471,0.966832,2.817500,0
29.480000,0.247111,0.433035,-1.530473,-0.179903,-0.426728,-0.036482,0.959965,2.294300,0
29.500000,0.249502,0.438569,-1.538631,-0.179901,-0.426729,-0.018492,0.965986,2.246000,0
29.520000,0.249248,0.438276,-1.596677,-0.179900,-0.426730,-0.000504,0.965611,2.294700,0
29.540000,0.250381,0.443704,-1.602998,-0.179899,-0.426731,0.017484,0.970978,2.227800,0
29.560000,0.252021,0.438992,-1.621998,-0.179898,-0.426732,0.035471,0.967487,2.215900,0
29.580000,0.250792,0.439661,-1.627069,-0.179813,-0.424575,0.044975,0.965569,2.205400,0
29.600000,0.249634,0.433146,-1.625289,-0.179676,-0.421575,0.044972,0.956481,2.502700,0
29.620000,0.250150,0.431157,-1.610992,-0.179539,-0.418575,0.044968,0.952196,2.274800,0
29.640000,0.249990,0.419627,-1.627215,-0.179403,-0.415575,0.044961,0.939117,2.287200,0
29.660000,0.248023,0.426637,-1.616236,-0.179267,-0.412576,0.044956,0.941730,2.232600,0
29.680000,0.248695,0.422200,-1.630906,-0.179132,-0.409578,0.044951,0.935356,2.221300,0
29.700000,0.247816,0.410408,-1.629329,-0.178996,-0.406579,0.044948,0.921757,2.222900,0
29.720000,0.247562,0.422352,-1.627568,-0.178861,-0.403581,0.044945,0.929517,2.328300,0
29.740000,0.247335,0.415121,-1.617297,-0.178726,-0.400583,0.044942,0.920273,2.202200,0
29.760000,0.248541,0.412698,-1.627389,-0.178592,-0.397586,0.044940,0.915971,2.260200,0
29.780000,0.249566,0.401439,-1.641004,-0.178457,-0.394588,0.044939,0.903805,2.371400,0
29.800000,0.249240,0.407513,-1.625144,-0.178322,-0.391591,0.044938,0.906298,2.233500,0
29.820000,0.245741,0.407919,-1.644342,-0.178187,-0.388593,0.044937,0.902301,2.264000,0
29.840000,0.247646,0.397441,-1.635195,-0.178052,-0.385596,0.044936,0.891271,2.321400,0
29.860000,0.249345,0.394072,-1.620682,-0.177917,-0.382599,0.044936,0.886437,2.473700,0
29.880000,0.248734,0.377942,-1.627032,-0.177783,-0.379602,0.044936,0.869361,2.415700,0
29.900000,0.248587,0.394987,-1.629440,-0.177648,-0.376605,0.044936,0.881493,2.335700,0
29.920000,0.247985,0.380077,-1.654226,-0.177513,-0.373608,0.044935,0.865500,2.524000,0
29.940000,0.248568,0.382299,-1.639849,-0.177379,-0.370610,0.044935,0.865045,2.426500,0
29.960000,0.248789,0.384263,-1.641835,-0.177244,-0.367613,0.044935,0.864189,2.316100,0
29.980000,0.247804,0.372595,-1.654415,-0.177109,-0.364616,0.044935,0.850900,2.367700,0
30.000000,0.246500,0.368221,-1.639382,-0.176974,-0.361619,0.044935,0.843799,2.956400,0
30.020000,0.247167,0.368668,-1.634698,-0.176840,-0.358622,0.044935,0.841862,2.390900,0
30.040000,0.247582,0.351372,-1.628244,-0.176705,-0.355625,0.044935,0.824539,2.465900,0
30.060000,0.246933,0.367419,-1.618612,-0.176570,-0.352628,0.044935,0.835357,2.359300,0
30.080000,0.247804,0.371393,-1.627187,-0.176435,-0.349631,0.044935,0.836573,2.327400,0
30.100000,0.246960,0.361842,-1.620678,-0.176301,-0.346634,0.044935,0.825280,2.357000,0
30.120000,0.245584,0.353262,-1.622446,-0.176166,-0.343637,0.044935,0.814580,2.474800,0
30.140000,0.246316,0.357303,-1.628610,-0.176031,-0.340640,0.044935,0.815782,2.796000,0
30.160000,0.247074,0.346210,-1.602787,-0.175896,-0.337643,0.044935,0.804088,2.264500,0
30.180000,0.246540,0.337440,-1.642652,-0.175762,-0.334646,0.044935,0.793750,2.421800,0
30.200000,0.246655,0.339193,-1.650952,-0.175627,-0.331649,0.044935,0.792686,2.338700,0
30.220000,0.246313,0.342413,-1.638426,-0.175492,-0.328652,0.044935,0.792621,2.319200,0
30.240000,0.244555,0.333903,-1.635465,-0.175357,-0.325656,0.044935,0.781885,2.480100,0
30.260000,0.242963,0.321852,-1.640021,-0.175223,-0.322659,0.044935,0.768293,2.468400,0
30.280000,0.245316,0.329329,-1.621029,-0.175088,-0.319662,0.044935,0.773258,2.469500,0
30.300000,0.244929,0.333088,-1.638221,-0.174953,-0.316665,0.044935,0.773615,2.339100,0
30.320000,0.244894,0.322517,-1.618932,-0.174818,-0.313668,0.044935,0.762161,2.314300,0
30.340000,0.246999,0.324256,-1.610894,-0.174684,-0.310671,0.044935,0.762200,2.365700,0
30.360000,0.245629,0.311511,-1.636826,-0.174549,-0.307674,0.044935,0.748291,2.315900,0
30.380000,0.244608,0.305084,-1.629518,-0.174414,-0.304677,0.044935,0.739857,2.601300,0
30.400000,0.244831,0.301460,-1.629616,-0.174279,-0.301680,0.044935,0.734460,2.324500,0
30.420000,0.245271,0.320816,-1.644983,-0.174145,-0.298683,0.044935,0.748124,2.320800,0
30.440000,0.245453,0.313182,-1.612038,-0.174010,-0.295686,0.044935,0.739371,2.361100,0
30.460000,0.245241,0.313164,-1.608250,-0.173875,-0.292689,0.044935,0.736693,2.322000,0
30.480000,0.245569,0.300343,-1.614839,-0.173740,-0.289692,0.044935,0.723852,2.398700,0
30.500000,0.244711,0.295579,-1.625676,-0.173606,-0.286695,0.044935,0.716960,2.383600,0
30.520000,0.246690,0.285342,-1.637008,-0.173471,-0.283698,0.044935,0.707348,2.496300,0
30.540000,0.246657,0.301565,-1.616076,-0.173336,-0.280701,0.044935,0.717933,2.357700,0
30.560000,0.246185,0.283161,-1.642937,-0.173201,-0.277704,0.044935,0.700325,2.322600,0
30.580000,0.247588,0.291262,-1.645820,-0.173067,-0.274707,0.044935,0.705175,2.344700,0
30.600000,0.245447,0.282974,-1.636519,-0.172932,-0.271710,0.044935,0.694778,2.339800,0
30.620000,0.245783,0.274169,-1.618394,-0.172797,-0.268713,0.044935,0.685515,2.339700,0
30.640000,0.245157,0.289377,-1.607615,-0.172662,-0.265716,0.044935,0.694767,2.499900,0
30.660000,0.246266,0.275530,-1.664698,-0.172527,-0.262719,0.044935,0.681983,2.349100,0
30.680000,0.245470,0.266271,-1.625250,-0.172393,-0.259722,0.044935,0.671773,2.386900,0
30.700000,0.244293,0.254550,-1.650828,-0.172258,-0.256725,0.044935,0.659482,2.365200,0
30.720000,0.244033,0.273269,-1.619865,-0.172123,-0.253728,0.044935,0.671499,2.322100,0
30.740000,0.240737,0.258780,-1.618017,-0.171988,-0.250731,0.044935,0.655700,2.337400,0
30.760000,0.241415,0.262844,-1.618484,-0.171854,-0.247734,0.044935,0.656872,2.477600,0
30.780000,0.241456,0.258524,-1.625230,-0.171719,-0.244737,0.044935,0.651141,2.899900,0
30.800000,0.238763,0.252444,-1.617507,-0.171584,-0.241740,0.044935,0.642341,2.404900,0
30.820000,0.237637,0.242017,-1.637596,-0.171449,-0.238743,0.044935,0.631254,2.425600,0
30.840000,0.237540,0.246151,-1.605941,-0.171315,-0.235746,0.044935,0.631971,2.372700,0
30.860000,0.235114,0.230459,-1.617699,-0.171180,-0.232749,0.044935,0.616146,2.381200,0
30.880000,0.234626,0.240701,-1.634584,-0.171045,-0.229752,0.044935,0.621204,2.400400,0
30.900000,0.234926,0.226655,-1.619269,-0.170910,-0.226755,0.044935,0.608509,2.486100,0
30.920000,0.236147,0.235825,-1.646233,-0.170776,-0.223758,0.044935,0.613843,2.420000,0
30.940000,0.236142,0.230764,-1.637142,-0.170641,-0.220761,0.044935,0.607739,2.353000,0
30.960000,0.236942,0.242188,-1.646835,-0.170506,-0.217765,0.044935,0.614468,2.353800,0
30.980000,0.232808,0.223431,-1.628137,-0.170371,-0.214768,0.044935,0.595460,2.365000,0
31.000000,0.235519,0.225482,-1.638303,-0.170237,-0.211771,0.044935,0.596513,2.395000,0
31.020000,0.237047,0.229426,-1.621875,-0.170102,-0.208774,0.044935,0.598155,2.518400,0
31.040000,0.237056,0.218351,-1.625894,-0.169967,-0.205777,0.044935,0.587837,3.157100,0
31.060000,0.236199,0.217493,-1.615730,-0.169832,-0.202780,0.044935,0.584372,2.662600,0
31.080000,0.235347,0.214104,-1.629706,-0.169698,-0.199783,0.044935,0.579106,2.347800,0
31.100000,0.235014,0.206395,-1.631113,-0.169563,-0.196786,0.044935,0.571172,2.386500,0
31.120000,0.234233,0.190929,-1.608954,-0.169428,-0.193789,0.044935,0.557630,2.368900,0
31.140000,0.235275,0.195885,-1.633939,-0.169293,-0.190792,0.044935,0.559637,2.393900,0
31.160000,0.235962,0.204038,-1.629402,-0.169158,-0.187795,0.044935,0.563609,2.683500,0
31.180000,0.236889,0.207440,-1.609687,-0.169024,-0.184798,0.044935,0.564461,2.613400,0
31.200000,0.235857,0.190258,-1.638636,-0.168889,-0.181801,0.044935,0.549770,2.401400,0
31.220000,0.238680,0.186572,-1.634735,-0.168754,-0.178804,0.044935,0.547268,2.366200,0
31.240000,0.238248,0.191828,-1.631536,-0.168619,-0.175807,0.044935,0.548358,2.570600,0
31.260000,0.237620,0.181526,-1.633181,-0.168485,-0.172810,0.044935,0.538957,2.428400,0
31.280000,0.236426,0.163229,-1.615728,-0.168350,-0.169813,0.044935,0.524176,2.833800,0
31.300000,0.236852,0.176949,-1.632588,-0.168215,-0.166816,0.044935,0.531275,2.387300,0
31.320000,0.236442,0.161956,-1.614909,-0.168080,-0.163819,0.044935,0.519391,2.441200,0
31.340000,0.238140,0.173584,-1.638172,-0.167946,-0.160822,0.044935,0.526054,2.447800,0
31.360000,0.240134,0.172623,-1.614053,-0.167811,-0.157825,0.044935,0.524991,2.481700,0
31.380000,0.238716,0.152992,-1.654066,-0.167676,-0.154828,0.044935,0.509811,2.436200,0
31.400000,0.237190,0.147131,-1.635629,-0.167541,-0.151831,0.044935,0.503176,2.540600,0
31.420000,0.236526,0.160473,-1.616073,-0.167407,-0.148834,0.044935,0.508757,2.530200,0
31.440000,0.234639,0.152554,-1.632076,-0.167272,-0.145837,0.044935,0.500569,2.403800,0
31.460000,0.234799,0.153212,-1.641877,-0.167137,-0.142840,0.044935,0.499199,2.352700,0
31.480000,0.234890,0.144804,-1.626656,-0.167002,-0.139843,0.044935,0.492485,2.436100,0
31.500000,0.235795,0.159884,-1.624717,-0.166868,-0.136846,0.044935,0.500186,2.485200,0
31.520000,0.233862,0.141804,-1.650698,-0.166733,-0.133849,0.044935,0.486272,2.411900,0
31.540000,0.233076,0.142038,-1.617204,-0.166598,-0.130852,0.044935,0.483950,2.531100,0
31.560000,0.232089,0.140461,-1.656377,-0.166463,-0.127855,0.044935,0.480455,2.174200,0
31.580000,0.232067,0.128450,-1.646210,-0.166329,-0.124858,0.044935,0.472107,2.082100,0
31.600000,0.231673,0.132585,-1.650737,-0.166194,-0.121861,0.044935,0.472272,1.989100,0
31.620000,0.232398,0.123411,-1.637122,-0.166059,-0.118864,0.044935,0.466332,1.984300,0
31.640000,0.233217,0.132818,-1.627264,-0.165924,-0.115867,0.044935,0.470274,1.975800,0
31.660000,0.233605,0.125587,-1.642448,-0.165789,-0.112871,0.044935,0.465164,1.978900,0
31.680000,0.232782,0.106024,-1.646929,-0.165655,-0.109874,0.044935,0.453171,1.970600,0
31.700000,0.232082,0.110776,-1.635636,-0.165520,-0.106877,0.044935,0.453278,2.113000,0
31.720000,0.233725,0.120298,-1.638500,-0.165385,-0.103880,0.044935,0.457760,1.986600,0
31.740000,0.232959,0.106207,-1.654251,-0.165250,-0.100883,0.044935,0.448839,2.012500,0
31.760000,0.231903,0.093283,-1.634942,-0.165116,-0.097886,0.044935,0.440647,2.057900,0
31.780000,0.234865,0.113897,-1.609074,-0.164981,-0.094889,0.044935,0.451075,2.080300,0
31.800000,0.233561,0.101211,-1.640954,-0.164846,-0.091892,0.044935,0.442738,2.074500,0
31.820000,0.233262,0.086788,-1.637113,-0.164814,-0.091006,0.054966,0.435976,2.080800,0
31.840000,0.233677,0.098113,-1.655120,-0.164804,-0.090833,0.074963,0.441008,2.159800,0
31.860000,0.233592,0.097093,-1.686854,-0.164804,-0.090824,0.093088,0.440491,2.077600,0
31.880000,0.233791,0.102857,-1.676729,-0.164803,-0.090828,0.111077,0.443160,2.092000,0
31.900000,0.234445,0.113622,-1.675584,-0.164802,-0.090832,0.129084,0.448553,2.143300,0
31.920000,0.232226,0.102610,-1.723168,-0.164801,-0.090838,0.147117,0.441647,2.143600,0
31.940000,0.231590,0.100235,-1.736385,-0.164800,-0.090845,0.165160,0.440042,2.099000,0
31.960000,0.233284,0.114293,-1.749677,-0.164799,-0.090851,0.183207,0.447833,2.079700,0
31.980000,0.232098,0.104584,-1.776300,-0.164798,-0.090858,0.201254,0.442407,2.074100,0
32.000000,0.234147,0.115352,-1.817708,-0.164797,-0.090864,0.219298,0.449089,2.211400,0
32.020000,0.231880,0.097409,-1.805969,-0.164246,-0.088516,0.226016,0.437588,2.141400,0
32.040000,0.236385,0.112616,-1.806596,-0.163571,-0.085589,0.226016,0.446374,2.150200,0
32.060000,0.230870,0.091322,-1.813057,-0.162897,-0.082663,0.226013,0.430492,2.131700,0
32.080000,0.226104,0.077697,-1.820277,-0.162223,-0.079737,0.226008,0.419026,2.127800,0
32.100000,0.229712,0.091582,-1.804262,-0.161550,-0.076811,0.226004,0.425961,2.146400,0
32.120000,0.227970,0.079679,-1.794532,-0.160877,-0.073886,0.226001,0.418072,2.128600,0
32.140000,0.230494,0.090542,-1.804253,-0.160204,-0.070961,0.225998,0.422763,2.274800,0
32.160000,0.230073,0.090027,-1.819737,-0.159532,-0.068036,0.225995,0.420448,2.212900,0
32.180000,0.226338,0.078794,-1.820382,-0.158860,-0.065112,0.225993,0.411201,2.137900,0
32.200000,0.227036,0.085619,-1.779881,-0.158187,-0.062187,0.225991,0.412606,2.153800,0
32.220000,0.226017,0.079649,-1.811014,-0.157515,-0.059263,0.225990,0.407913,2.189900,0
32.240000,0.221085,0.065602,-1.821085,-0.156843,-0.056339,0.225989,0.397113,2.128500,0
32.260000,0.220831,0.065859,-1.810994,-0.156171,-0.053415,0.225988,0.395420,2.124800,0
32.280000,0.219721,0.058557,-1.817859,-0.155498,-0.050491,0.225988,0.390744,2.155000,0
32.300000,0.220856,0.062209,-1.834249,-0.154826,-0.047567,0.225988,0.391392,2.178400,0
32.320000,0.220577,0.060555,-1.792227,-0.154154,-0.044643,0.225987,0.389217,2.157800,0
32.340000,0.220926,0.060348,-1.802410,-0.153482,-0.041719,0.225987,0.388071,2.167500,0
32.360000,0.217453,0.051492,-1.800178,-0.152810,-0.038795,0.225987,0.381112,2.185200,0
32.380000,0.215272,0.040775,-1.796913,-0.152138,-0.035872,0.225987,0.375319,2.150300,0
32.400000,0.221224,0.056406,-1.803849,-0.151465,-0.032948,0.225987,0.383251,2.186000,0
32.420000,0.218384,0.042369,-1.845744,-0.151367,-0.032292,0.239012,0.377213,2.144600,0
32.440000,0.217966,0.040329,-1.847228,-0.151329,-0.032139,0.258823,0.376338,2.243400,0
32.460000,0.218424,0.044793,-1.876687,-0.151329,-0.032142,0.276825,0.377673,2.162400,0
32.480000,0.221227,0.052752,-1.901108,-0.151329,-0.032146,0.294821,0.382107,2.199700,0
32.500000,0.217073,0.033849,-1.871803,-0.151328,-0.032150,0.312827,0.374266,2.176100,0
32.520000,0.219109,0.044082,-1.912779,-0.151328,-0.032154,0.330838,0.378200,2.196100,0
32.540000,0.218855,0.044847,-1.934614,-0.151327,-0.032158,0.348853,0.378106,2.218400,0
32.560000,0.218760,0.038234,-1.935509,-0.151326,-0.032162,0.366869,0.376722,2.193000,0
32.580000,0.223765,0.048300,-1.965430,-0.151326,-0.032166,0.384885,0.383625,2.277100,0
32.600000,0.222571,0.041392,-1.981309,-0.151325,-0.032170,0.402901,0.381064,2.211000,0
32.620000,0.226438,0.045477,-1.998423,-0.151324,-0.032174,0.420915,0.385660,2.248100,0
32.640000,0.221703,0.037497,-2.012077,-0.151323,-0.032177,0.438927,0.379477,2.181800,0
32.660000,0.226634,0.048022,-2.051595,-0.151322,-0.032180,0.456938,0.386371,2.184900,0
32.680000,0.225318,0.049081,-2.057380,-0.151321,-0.032184,0.474947,0.385306,2.188400,0
32.700000,0.220204,0.039569,-2.059128,-0.150091,-0.029795,0.478516,0.376736,2.182600,0
32.720000,0.217075,0.031583,-2.050624,-0.148707,-0.027129,0.478514,0.370464,2.464200,0
32.740000,0.219441,0.037495,-2.046661,-0.147324,-0.024463,0.478510,0.371961,2.142900,0
32.760000,0.218501,0.032121,-2.066998,-0.145941,-0.021798,0.478504,0.368409,2.147500,0
32.780000,0.211447,0.022049,-2.078790,-0.144559,-0.019133,0.478499,0.358380,2.211500,0
32.800000,0.216012,0.030421,-2.070413,-0.143177,-0.016468,0.478495,0.362237,2.240700,0
32.820000,0.210853,0.018865,-2.093756,-0.141795,-0.013803,0.478491,0.354158,2.157200,0
32.840000,0.213495,0.024193,-2.042421,-0.140413,-0.011139,0.478488,0.355668,2.206700,0
32.860000,0.212638,0.022289,-2.072313,-0.139032,-0.008475,0.478486,0.353013,2.367300,0
32.880000,0.202699,0.001850,-2.062663,-0.137650,-0.005812,0.478484,0.340436,2.178900,0
32.900000,0.207379,0.014139,-2.060437,-0.136269,-0.003148,0.478483,0.344082,2.163200,0
32.920000,0.203003,0.005700,-2.067822,-0.134888,-0.000484,0.478482,0.337948,2.156600,0
32.940000,0.202292,0.005629,-2.051004,-0.133506,0.002179,0.478481,0.335815,2.137600,0
32.960000,0.205409,0.008070,-2.055727,-0.132125,0.004842,0.478481,0.337550,2.208600,0
32.980000,0.202045,-0.000980,-2.058708,-0.130744,0.007506,0.478480,0.332897,2.157700,0
33.000000,0.203075,0.000685,-2.055960,-0.129362,0.010169,0.478480,0.332572,2.297800,0
33.020000,0.198697,-0.011857,-2.070929,-0.127981,0.012832,0.478480,0.327610,2.164100,0
33.040000,0.203464,-0.004000,-2.052096,-0.126600,0.015496,0.478480,0.330639,2.182300,0
33.060000,0.195364,-0.018868,-2.045751,-0.125219,0.018159,0.478479,0.322714,2.145100,0
33.080000,0.199555,-0.011459,-2.053295,-0.123837,0.020822,0.478479,0.324999,2.160200,0
33.100000,0.200247,-0.009061,-2.069865,-0.122456,0.023485,0.478479,0.324340,2.227500,0
33.120000,0.199901,-0.008035,-2.062207,-0.121075,0.026148,0.478479,0.322791,2.250300,0
33.140000,0.197362,-0.015392,-2.034256,-0.119693,0.028811,0.478479,0.320121,2.613000,0
33.160000,0.193260,-0.023413,-2.051278,-0.118312,0.031475,0.478479,0.316370,2.233400,0
33.180000,0.192902,-0.023461,-2.067842,-0.116931,0.034138,0.478479,0.315141,2.215000,0
33.200000,0.185932,-0.038307,-2.090421,-0.115550,0.036801,0.478479,0.310697,2.286900,0
33.220000,0.194786,-0.026050,-2.053158,-0.114168,0.039464,0.478479,0.315824,2.267100,0
33.240000,0.192546,-0.028446,-2.035212,-0.112787,0.042127,0.478479,0.313383,2.198900,0
33.260000,0.179824,-0.049763,-2.052285,-0.111406,0.044790,0.478479,0.306195,2.279100,0
33.280000,0.183775,-0.044208,-2.066277,-0.110024,0.047453,0.478479,0.307765,2.355300,0
33.300000,0.187348,-0.034491,-2.072572,-0.108643,0.050116,0.478479,0.307846,2.284900,0
33.320000,0.184288,-0.038513,-2.060406,-0.107262,0.052779,0.478479,0.305508,2.241300,0
33.340000,0.179900,-0.048739,-2.058450,-0.105881,0.055442,0.478479,0.304178,2.287100,0
33.360000,0.180603,-0.045649,-2.058337,-0.104499,0.058106,0.478479,0.303395,2.350400,0
33.380000,0.181041,-0.045068,-2.073631,-0.103118,0.060769,0.478479,0.303229,2.292800,0
33.400000,0.174225,-0.058444,-2.069659,-0.101737,0.063432,0.478479,0.301676,2.282700,0
33.420000,0.170251,-0.067684,-2.072526,-0.100355,0.066095,0.478479,0.301868,2.502700,0
33.440000,0.173554,-0.062143,-2.071043,-0.098974,0.068758,0.478479,0.302336,2.297200,0
33.460000,0.170008,-0.063165,-2.074991,-0.097593,0.071421,0.478479,0.299540,2.259400,0
33.480000,0.171077,-0.061539,-2.067862,-0.096212,0.074084,0.478479,0.299728,2.326700,0
33.500000,0.167053,-0.067497,-2.066085,-0.094830,0.076747,0.478479,0.298980,2.341100,0
33.520000,0.169918,-0.062363,-2.042896,-0.093449,0.079410,0.478479,0.299102,2.312300,0
33.540000,0.160610,-0.078102,-2.058371,-0.092068,0.082073,0.478479,0.299169,2.376100,0
33.560000,0.159858,-0.081831,-2.064538,-0.090686,0.084736,0.478479,0.300860,2.436800,0
33.580000,0.161942,-0.077126,-2.064843,-0.089305,0.087400,0.478479,0.300323,2.351900,0
33.600000,0.166236,-0.071301,-2.050834,-0.087924,0.090063,0.478479,0.301057,2.373700,0
33.620000,0.159768,-0.088343,-2.054713,-0.086543,0.092726,0.478479,0.305704,2.374000,0
33.640000,0.159811,-0.085322,-2.065243,-0.085161,0.095389,0.478479,0.304414,2.377400,0
33.660000,0.165737,-0.076069,-2.063677,-0.083780,0.098052,0.478479,0.304265,2.330700,0
33.680000,0.156592,-0.091367,-2.048403,-0.082399,0.100715,0.478479,0.306614,2.553500,0
33.700000,0.157528,-0.089415,-2.062376,-0.081017,0.103378,0.478479,0.306714,2.345800,0
33.720000,0.156090,-0.091495,-2.048535,-0.079636,0.106041,0.478479,0.307550,2.333200,0
33.740000,0.155799,-0.093231,-2.049080,-0.079619,0.106463,0.461008,0.308706,2.357900,0
33.760000,0.149311,-0.107451,-2.035314,-0.079616,0.106472,0.442873,0.313322,2.334800,0
33.780000,0.153263,-0.097931,-1.994220,-0.079618,0.106469,0.424884,0.309859,2.330600,0
33.800000,0.154782,-0.096153,-1.986858,-0.079620,0.106467,0.406893,0.309837,2.439600,0
33.820000,0.151615,-0.105186,-1.978714,-0.079623,0.106465,0.388900,0.313476,2.617600,0
33.840000,0.152784,-0.098530,-1.958841,-0.079626,0.106464,0.370906,0.309898,2.203400,0
33.860000,0.145718,-0.109541,-1.948690,-0.079628,0.106463,0.352913,0.312151,2.047000,0
33.880000,0.152716,-0.090817,-1.939616,-0.078615,0.108694,0.351931,0.305482,1.970900,0
33.900000,0.151457,-0.091807,-1.944487,-0.077580,0.111513,0.351932,0.306263,1.985300,0
33.920000,0.149461,-0.097662,-1.911203,-0.076545,0.114332,0.351938,0.309871,1.974200,0
33.940000,0.144928,-0.110358,-1.929204,-0.075509,0.117150,0.351942,0.316785,2.028400,0
33.960000,0.144070,-0.108495,-1.938551,-0.074474,0.119968,0.351945,0.316159,2.112800,0
33.980000,0.138323,-0.121725,-1.947347,-0.073440,0.122785,0.351947,0.323464,2.316800,0
34.000000,0.145026,-0.106819,-1.922524,-0.072405,0.125602,0.351949,0.318270,2.013000,0
34.020000,0.142366,-0.110571,-1.964707,-0.071370,0.128419,0.351950,0.320623,2.015300,0
34.040000,0.144355,-0.109914,-1.937074,-0.070336,0.131236,0.351951,0.322871,2.074100,0
34.060000,0.139528,-0.119545,-1.899611,-0.069301,0.134052,0.351952,0.328513,2.020200,0
34.080000,0.137731,-0.120375,-1.933909,-0.068267,0.136869,0.351953,0.329560,2.070400,0
34.100000,0.135535,-0.130845,-1.938815,-0.067232,0.139685,0.351953,0.338084,2.120400,0
34.120000,0.134571,-0.132545,-1.927371,-0.066198,0.142502,0.351953,0.340528,2.068700,0
34.140000,0.135633,-0.127029,-1.943470,-0.065163,0.145318,0.351954,0.338367,2.127500,0
34.160000,0.133853,-0.132323,-1.932458,-0.064129,0.148134,0.351954,0.343297,2.103500,0
34.180000,0.125410,-0.155287,-1.943692,-0.063095,0.150950,0.351954,0.359604,2.180100,0
34.200000,0.131536,-0.136964,-1.943835,-0.062060,0.153767,0.351954,0.349290,2.122000,0
34.220000,0.126571,-0.152218,-1.956241,-0.061026,0.156583,0.351954,0.361318,2.088300,0
34.240000,0.131393,-0.138674,-1.939903,-0.059992,0.159399,0.351954,0.354226,2.088800,0
34.260000,0.128996,-0.141684,-1.923168,-0.059940,0.159896,0.335759,0.355876,2.099900,0
34.280000,0.123742,-0.155290,-1.902009,-0.059959,0.159984,0.316677,0.364889,2.884500,0
34.300000,0.130746,-0.134068,-1.884377,-0.059961,0.159981,0.298690,0.350477,2.268800,0
34.320000,0.123375,-0.152187,-1.864804,-0.059963,0.159979,0.280700,0.362023,2.220100,0
34.340000,0.121281,-0.154410,-1.847617,-0.059965,0.159977,0.262709,0.362890,2.176600,0
34.360000,0.125605,-0.142672,-1.831248,-0.059967,0.159976,0.244718,0.355011,2.174000,0
34.380000,0.124546,-0.149774,-1.810335,-0.059969,0.159974,0.226727,0.360541,2.192100,0
34.400000,0.123167,-0.151185,-1.789161,-0.059971,0.159974,0.208736,0.361053,2.327600,0
34.420000,0.121307,-0.153981,-1.780014,-0.059974,0.159973,0.190745,0.362533,2.367300,0
34.440000,0.119584,-0.162457,-1.765426,-0.059976,0.159972,0.172755,0.369056,2.166600,0
34.460000,0.122801,-0.147563,-1.736417,-0.059978,0.159972,0.154766,0.357751,2.240000,0
34.480000,0.124046,-0.145296,-1.707354,-0.059600,0.162263,0.147071,0.358216,2.143700,0
34.500000,0.121399,-0.148465,-1.720809,-0.059161,0.165234,0.147074,0.361952,2.120500,0
34.520000,0.119321,-0.160680,-1.733142,-0.058723,0.168206,0.147083,0.373986,2.234000,0
34.540000,0.120161,-0.151603,-1.711703,-0.058283,0.171176,0.147090,0.368821,2.237000,0
34.560000,0.118525,-0.149780,-1.728695,-0.057844,0.174146,0.147095,0.368828,2.480000,0
34.580000,0.116807,-0.158837,-1.752989,-0.057404,0.177116,0.147099,0.378436,2.314500,0
34.600000,0.117724,-0.163623,-1.755254,-0.056965,0.180085,0.147102,0.385553,2.222200,0
34.620000,0.119622,-0.152619,-1.714317,-0.056906,0.180801,0.134775,0.377268,2.309600,0
34.640000,0.117125,-0.162029,-1.692256,-0.056932,0.180975,0.114772,0.384639,2.296300,0
34.660000,0.118125,-0.162383,-1.679672,-0.056933,0.180972,0.096779,0.385406,2.298000,0
34.680000,0.118252,-0.167089,-1.674400,-0.056934,0.180970,0.078792,0.389661,2.313700,0
34.700000,0.118525,-0.159933,-1.633147,-0.056936,0.180967,0.060804,0.383405,2.400700,0
34.720000,0.118214,-0.167783,-1.618812,-0.056936,0.180966,0.042815,0.390260,2.376300,0
34.740000,0.116816,-0.176866,-1.589197,-0.056937,0.180964,0.024827,0.397784,2.426500,0
34.760000,0.115652,-0.170768,-1.601343,-0.056938,0.180963,0.006839,0.391793,2.375900,0
34.780000,0.115761,-0.172811,-1.582566,-0.056913,0.183076,-0.003168,0.395565,2.309300,0
34.800000,0.115966,-0.170589,-1.582075,-0.056925,0.186079,-0.003166,0.396362,2.387200,0
34.820000,0.115361,-0.168679,-1.561055,-0.056936,0.189082,-0.003162,0.397088,2.494300,0
34.840000,0.114952,-0.161955,-1.595353,-0.056947,0.192085,-0.003156,0.393566,2.339800,0
34.860000,0.118097,-0.168161,-1.570734,-0.056958,0.195087,-0.003152,0.403229,2.307800,0
34.880000,0.119041,-0.174772,-1.577138,-0.056968,0.198088,-0.003148,0.412315,2.373100,0
34.900000,0.115940,-0.186511,-1.580377,-0.056978,0.201090,-0.003145,0.424423,2.385300,0
34.920000,0.115367,-0.191592,-1.591339,-0.056987,0.204091,-0.003142,0.431591,2.390300,0
34.940000,0.116129,-0.191798,-1.572887,-0.056997,0.207091,-0.003140,0.434839,2.418900,0
34.960000,0.117478,-0.188278,-1.565556,-0.057006,0.210092,-0.003139,0.434906,2.465000,0
34.980000,0.115419,-0.209648,-1.588653,-0.057015,0.213093,-0.003137,0.456556,2.386300,0
35.000000,0.115562,-0.206685,-1.593924,-0.057025,0.216093,-0.003136,0.456648,2.394700,0
35.020000,0.112998,-0.219511,-1.596362,-0.057034,0.219093,-0.003136,0.470408,2.385300,0
35.040000,0.115876,-0.211648,-1.591025,-0.057043,0.222094,-0.003135,0.466940,2.391300,0
35.060000,0.115363,-0.211881,-1.561170,-0.057052,0.225094,-0.003135,0.469760,2.377600,0
35.080000,0.114790,-0.205455,-1.582674,-0.057062,0.228094,-0.003134,0.466367,2.509900,0
35.100000,0.115972,-0.215189,-1.579438,-0.057071,0.231094,-0.003134,0.478657,2.186700,0
35.120000,0.116754,-0.225432,-1.586227,-0.057080,0.234094,-0.003134,0.491307,2.006300,0
35.140000,0.115075,-0.229953,-1.607681,-0.057090,0.237094,-0.003134,0.497769,1.964700,0
35.160000,0.114282,-0.222286,-1.597544,-0.057099,0.240094,-0.003134,0.493119,1.969100,0
35.180000,0.112656,-0.221100,-1.587494,-0.057108,0.243094,-0.003134,0.494263,1.978500,0
35.200000,0.111842,-0.235200,-1.570571,-0.057110,0.244048,-0.012225,0.508156,2.003300,0
35.220000,0.110747,-0.231505,-1.567280,-0.057113,0.244222,-0.032222,0.504473,2.003700,0
35.240000,0.110785,-0.233548,-1.548936,-0.057114,0.244231,-0.050359,0.506421,2.182800,0
35.260000,0.110657,-0.240324,-1.532403,-0.057115,0.244228,-0.068348,0.512775,2.017200,0
35.280000,0.108521,-0.229293,-1.495959,-0.057116,0.244225,-0.086337,0.501652,2.070100,0
35.300000,0.108780,-0.236809,-1.493451,-0.057117,0.244223,-0.104327,0.508835,2.040400,0
35.320000,0.106520,-0.224554,-1.469186,-0.057369,0.246462,-0.112775,0.498714,2.014500,0
35.340000,0.108291,-0.236048,-1.476604,-0.057709,0.249445,-0.112773,0.513088,2.025600,0
35.360000,0.110579,-0.244403,-1.475598,-0.058049,0.252428,-0.112770,0.524668,2.064300,0
35.380000,0.110334,-0.234583,-1.473688,-0.058388,0.255411,-0.112767,0.518229,2.206700,0
35.400000,0.112238,-0.238503,-1.449246,-0.058727,0.258394,-0.112765,0.525486,2.102700,0
35.420000,0.113147,-0.241133,-1.477052,-0.059065,0.261376,-0.112762,0.531199,2.097700,0
35.440000,0.113048,-0.238754,-1.473252,-0.059403,0.264358,-0.112761,0.531847,2.072000,0
35.460000,0.114856,-0.253465,-1.455620,-0.059741,0.267340,-0.112759,0.549292,2.070400,0
35.480000,0.112403,-0.246472,-1.482025,-0.060079,0.270322,-0.112758,0.544818,2.063800,0
35.500000,0.114090,-0.253935,-1.481627,-0.060417,0.273303,-0.112757,0.555367,2.132500,0
35.520000,0.114885,-0.271802,-1.478710,-0.060754,0.276284,-0.112756,0.575541,2.170800,0
35.540000,0.113585,-0.259091,-1.479533,-0.061092,0.279266,-0.112756,0.565986,2.351200,0
35.560000,0.114458,-0.272418,-1.479363,-0.061430,0.282247,-0.112755,0.581885,2.099000,0
35.580000,0.112311,-0.269020,-1.494897,-0.061767,0.285228,-0.112755,0.580942,2.077800,0
35.600000,0.112253,-0.273425,-1.486192,-0.062105,0.288209,-0.112755,0.588076,2.107100,0
35.620000,0.111815,-0.268063,-1.450117,-0.062442,0.291190,-0.112755,0.585773,2.122900,0
35.640000,0.111168,-0.273961,-1.467295,-0.062780,0.294171,-0.112754,0.594165,2.125000,0
35.660000,0.112261,-0.266960,-1.441004,-0.062847,0.294966,-0.124009,0.588578,2.128500,0
35.680000,0.115636,-0.279592,-1.454678,-0.062869,0.295138,-0.144007,0.601813,2.496500,0
35.700000,0.117016,-0.293779,-1.417229,-0.062869,0.295138,-0.162030,0.615777,2.143200,0
35.720000,0.113291,-0.279770,-1.402975,-0.062870,0.295134,-0.180018,0.601288,2.131900,0
35.740000,0.112238,-0.277222,-1.374372,-0.062870,0.295130,-0.198022,0.598540,2.153600,0
35.760000,0.110654,-0.287151,-1.369456,-0.062871,0.295126,-0.216038,0.607583,2.164900,0
35.780000,0.109663,-0.276320,-1.351584,-0.063413,0.297469,-0.222826,0.599324,2.132600,0
35.800000,0.112264,-0.289988,-1.370450,-0.064078,0.300397,-0.222825,0.616158,2.151800,0
35.820000,0.111689,-0.291357,-1.343853,-0.064743,0.303325,-0.222823,0.620302,2.210500,0
35.840000,0.115392,-0.300898,-1.354408,-0.065407,0.306253,-0.222820,0.633499,2.133300,0
35.860000,0.110875,-0.287148,-1.364956,-0.066071,0.309180,-0.222817,0.622026,2.154300,0
35.880000,0.114575,-0.299926,-1.357919,-0.066735,0.312107,-0.222815,0.638324,2.182600,0
35.900000,0.118693,-0.316585,-1.348509,-0.067399,0.315034,-0.222813,0.658463,2.122600,0
35.920000,0.114461,-0.306384,-1.360765,-0.068062,0.317960,-0.222812,0.650477,2.176600,0
35.940000,0.111332,-0.292154,-1.338532,-0.068725,0.320887,-0.222810,0.638936,2.184800,0
35.960000,0.114921,-0.308690,-1.357362,-0.069388,0.323813,-0.222809,0.658810,2.239100,0
35.980000,0.116058,-0.319192,-1.375201,-0.070051,0.326740,-0.222809,0.672209,2.137600,0
36.000000,0.118440,-0.327857,-1.358316,-0.070714,0.329666,-0.222808,0.684189,2.174300,0
36.020000,0.115563,-0.317505,-1.360694,-0.071377,0.332592,-0.222808,0.676441,2.190500,0
36.040000,0.114563,-0.315175,-1.363537,-0.072040,0.335518,-0.222808,0.676921,2.151800,0
36.060000,0.116473,-0.325050,-1.360369,-0.072703,0.338444,-0.222807,0.689936,2.182900,0
36.080000,0.116125,-0.323886,-1.361031,-0.073366,0.341370,-0.222807,0.691717,2.185400,0
36.100000,0.120410,-0.337784,-1.350110,-0.074029,0.344296,-0.222807,0.709253,2.210500,0
36.120000,0.117200,-0.329624,-1.364161,-0.074692,0.347222,-0.222807,0.703522,2.644400,0
36.140000,0.119466,-0.340566,-1.355318,-0.075355,0.350148,-0.222807,0.717664,2.163100,0
36.160000,0.120823,-0.339756,-1.340285,-0.076018,0.353074,-0.222807,0.720250,2.205400,0
36.180000,0.121364,-0.337511,-1.356552,-0.076680,0.356000,-0.222807,0.721234,2.184800,0
36.200000,0.122179,-0.343095,-1.359774,-0.077343,0.358926,-0.222807,0.729824,2.182700,0
36.220000,0.121820,-0.341433,-1.332179,-0.077442,0.359589,-0.235729,0.728792,2.178200,0
36.240000,0.125713,-0.353393,-1.313447,-0.077480,0.359743,-0.255555,0.741519,2.189000,0
36.260000,0.123551,-0.343284,-1.314803,-0.077480,0.359741,-0.273562,0.731203,2.213700,0
36.280000,0.123542,-0.349974,-1.288053,-0.077480,0.359737,-0.291561,0.737631,2.181300,0
36.300000,0.120249,-0.342907,-1.274973,-0.077481,0.359732,-0.309569,0.729930,2.188100,0
36.320000,0.118740,-0.338625,-1.288842,-0.077481,0.359728,-0.327582,0.725396,2.174800,0
36.340000,0.122101,-0.349780,-1.230879,-0.077482,0.359724,-0.345598,0.737041,2.219100,0
36.360000,0.117830,-0.337586,-1.228587,-0.077483,0.359720,-0.363616,0.724143,2.213200,0
36.380000,0.121756,-0.353193,-1.227187,-0.078404,0.362136,-0.368309,0.742805,2.186700,0
36.400000,0.124417,-0.354876,-1.209785,-0.079487,0.364938,-0.368311,0.748137,2.256000,0
36.420000,0.121331,-0.346098,-1.214883,-0.080569,0.367739,-0.368309,0.741840,2.174500,0
36.440000,0.123122,-0.353184,-1.220269,-0.081650,0.370540,-0.368305,0.752136,2.178300,0
36.460000,0.128092,-0.361546,-1.196816,-0.082731,0.373340,-0.368301,0.764528,2.247300,0
36.480000,0.133555,-0.379448,-1.207673,-0.083812,0.376140,-0.368299,0.786232,2.203900,0
36.500000,0.131554,-0.372176,-1.202995,-0.084892,0.378940,-0.368296,0.781680,2.195700,0
36.520000,0.133230,-0.373593,-1.216179,-0.085973,0.381740,-0.368294,0.786497,2.238000,0
36.540000,0.134639,-0.380767,-1.206938,-0.087053,0.384539,-0.368293,0.796769,2.545000,0
36.560000,0.132566,-0.376627,-1.201298,-0.088133,0.387339,-0.368291,0.795206,2.150800,0
36.580000,0.137788,-0.387231,-1.215936,-0.089214,0.390138,-0.368290,0.809835,2.218300,0
36.600000,0.136917,-0.381399,-1.215587,-0.090294,0.392937,-0.368290,0.806983,2.212100,0
36.620000,0.137407,-0.387425,-1.216458,-0.091374,0.395737,-0.368289,0.815894,2.194200,0
36.640000,0.133248,-0.377273,-1.223050,-0.092454,0.398536,-0.368289,0.807973,2.177100,0
36.660000,0.137381,-0.388004,-1.208076,-0.093534,0.401335,-0.368289,0.822422,2.177300,0
36.680000,0.135407,-0.384386,-1.200925,-0.094614,0.404134,-0.368288,0.821385,2.273000,0
36.700000,0.136394,-0.392519,-1.197486,-0.095694,0.406933,-0.368288,0.832459,2.220400,0
36.720000,0.140448,-0.404138,-1.232170,-0.096774,0.409732,-0.368288,0.847737,2.181300,0
36.740000,0.141875,-0.404831,-1.222201,-0.097854,0.412531,-0.368288,0.851793,2.194100,0
36.760000,0.138379,-0.397578,-1.202931,-0.098934,0.415329,-0.368288,0.846838,2.175300,0
36.780000,0.144651,-0.412792,-1.221524,-0.100014,0.418128,-0.368288,0.866192,2.174700,0
36.800000,0.137608,-0.397157,-1.193654,-0.100204,0.418620,-0.383358,0.849733,2.221100,0
36.820000,0.147715,-0.421870,-1.178873,-0.100239,0.418704,-0.402419,0.876382,2.495100,0
36.840000,0.140804,-0.402430,-1.141448,-0.100238,0.418701,-0.420412,0.855778,2.192200,0
36.860000,0.143424,-0.411027,-1.148679,-0.100238,0.418697,-0.438410,0.864762,2.196700,0
36.880000,0.139342,-0.403799,-1.125705,-0.100238,0.418693,-0.456413,0.856674,2.228900,0
36.900000,0.136421,-0.403616,-1.096507,-0.100238,0.418689,-0.474419,0.855683,2.182200,0
36.920000,0.137145,-0.409455,-1.099595,-0.100239,0.418685,-0.492427,0.861491,2.182000,0
36.940000,0.137743,-0.411877,-1.062846,-0.100239,0.418682,-0.510436,0.863981,2.183700,0
36.960000,0.136839,-0.411211,-1.049865,-0.100240,0.418678,-0.528444,0.863089,2.354400,0
36.980000,0.142252,-0.419469,-1.016127,-0.101611,0.421025,-0.531664,0.875157,2.196400,0
37.000000,0.135660,-0.406945,-1.043279,-0.103134,0.423613,-0.531663,0.864204,2.177300,0
37.020000,0.132416,-0.400914,-1.044561,-0.104657,0.426201,-0.531659,0.860420,2.182700,0
37.040000,0.146694,-0.422591,-1.051088,-0.106180,0.428789,-0.531655,0.888141,2.177100,0
37.060000,0.143169,-0.420656,-1.046504,-0.107702,0.431377,-0.531651,0.888198,2.208500,0
37.080000,0.145840,-0.425406,-1.025389,-0.109223,0.433964,-0.531648,0.896423,2.165400,0
37.100000,0.145149,-0.423790,-1.036482,-0.110745,0.436551,-0.531646,0.897590,2.255700,0
37.120000,0.154156,-0.437515,-1.034732,-0.112266,0.439138,-0.531644,0.916243,2.179000,0
37.140000,0.154840,-0.437236,-1.049630,-0.113787,0.441725,-0.531642,0.919094,2.179500,0
37.160000,0.155757,-0.438529,-1.041194,-0.115308,0.444311,-0.531641,0.923516,2.226500,0
37.180000,0.158285,-0.441250,-1.033638,-0.116829,0.446898,-0.531640,0.929782,2.175900,0
37.200000,0.151227,-0.430033,-1.049698,-0.118350,0.449484,-0.531639,0.919903,2.180500,0
37.220000,0.161745,-0.448728,-1.046015,-0.119871,0.452070,-0.531639,0.943792,2.234900,0
37.240000,0.155270,-0.437981,-1.042843,-0.121392,0.454656,-0.531638,0.934528,2.177700,0
37.260000,0.157993,-0.444617,-1.025748,-0.121602,0.455014,-0.548277,0.942077,2.205300,0
37.280000,0.160738,-0.449518,-1.026615,-0.121628,0.455053,-0.566841,0.947618,2.173600,0
37.300000,0.159206,-0.446360,-0.993038,-0.121627,0.455050,-0.584828,0.944144,2.189000,0
37.320000,0.164007,-0.455431,-0.970654,-0.121626,0.455047,-0.602821,0.954231,2.177100,0
37.340000,0.157367,-0.447040,-0.982195,-0.121625,0.455043,-0.620818,0.944240,2.176600,0
37.360000,0.157166,-0.446225,-0.944093,-0.121625,0.455040,-0.638818,0.943400,2.202200,0
37.380000,0.162978,-0.457583,-0.913055,-0.121625,0.455037,-0.656819,0.955968,2.242500,0
37.400000,0.151086,-0.441098,-0.902138,-0.121626,0.455034,-0.674820,0.936710,2.178400,0
37.420000,0.153659,-0.447703,-0.900241,-0.121626,0.455031,-0.692822,0.943775,2.214300,0
37.440000,0.159763,-0.456258,-0.861352,-0.121626,0.455028,-0.710823,0.953741,2.252900,0
37.460000,0.155436,-0.448798,-0.857308,-0.121627,0.455026,-0.728823,0.945337,2.180000,0
37.480000,0.153530,-0.451253,-0.802286,-0.121627,0.455023,-0.746822,0.947126,2.173200,0
37.500000,0.146685,-0.444616,-0.825742,-0.121628,0.455020,-0.764820,0.938796,2.171200,0
37.520000,0.154525,-0.453617,-0.792723,-0.121629,0.455018,-0.782817,0.949673,2.242700,0
37.540000,0.154086,-0.452342,-0.767295,-0.121630,0.455016,-0.800813,0.948324,2.220200,0
37.560000,0.153735,-0.454001,-0.767122,-0.121630,0.455013,-0.818809,0.949807,2.177800,0
37.580000,0.150328,-0.451699,-0.750434,-0.121631,0.455011,-0.836803,0.946618,2.246500,0
37.600000,0.152469,-0.455803,-0.727673,-0.121632,0.455009,-0.854796,0.951162,2.184000,0
37.620000,0.147224,-0.451344,-0.714199,-0.121632,0.455007,-0.872789,0.945386,2.184000,0
37.640000,0.138099,-0.442642,-0.701326,-0.121633,0.455005,-0.890781,0.934469,2.218200,0
37.660000,0.143317,-0.448177,-0.671566,-0.121634,0.455003,-0.908772,0.941240,2.399600,0
37.680000,0.145471,-0.449784,-0.686244,-0.123713,0.456821,-0.909301,0.945723,2.235600,0
37.700000,0.158177,-0.460733,-0.671772,-0.126084,0.458666,-0.909293,0.962340,2.296700,0
37.720000,0.164880,-0.467082,-0.675369,-0.128454,0.460512,-0.909283,0.972870,2.168500,0
37.740000,0.158330,-0.458839,-0.678884,-0.130823,0.462357,-0.909275,0.965511,2.028700,0
37.760000,0.158869,-0.459102,-0.673459,-0.133191,0.464201,-0.909269,0.968394,2.021300,0
37.780000,0.165537,-0.464744,-0.680182,-0.135560,0.466046,-0.909265,0.978279,2.021700,0
37.800000,0.165653,-0.464702,-0.676151,-0.137928,0.467890,-0.909262,0.980759,2.027100,0
37.820000,0.167339,-0.467278,-0.666835,-0.140296,0.469734,-0.909260,0.986221,2.462900,0
37.840000,0.164575,-0.465422,-0.651773,-0.142663,0.471578,-0.909258,0.986085,2.032700,0
37.860000,0.176405,-0.475955,-0.678021,-0.145031,0.473422,-0.909257,1.002316,2.213800,0
37.880000,0.175040,-0.475463,-0.675710,-0.147398,0.475265,-0.909256,1.003917,2.021400,0
37.900000,0.191270,-0.488034,-0.656073,-0.149766,0.477109,-0.909255,1.023625,2.028400,0
37.920000,0.184390,-0.483672,-0.679565,-0.152133,0.478952,-0.909255,1.019751,2.030300,0
37.940000,0.193879,-0.489855,-0.675572,-0.154500,0.480795,-0.909254,1.031275,2.054300,0
37.960000,0.184934,-0.480674,-0.674091,-0.156867,0.482639,-0.909254,1.022154,2.335300,0
37.980000,0.192345,-0.484905,-0.666286,-0.159235,0.484482,-0.909253,1.031174,2.086700,0
38.000000,0.190893,-0.484699,-0.680339,-0.161602,0.486325,-0.909253,1.033025,2.194400,0
38.020000,0.189905,-0.484848,-0.671562,-0.163969,0.488168,-0.909253,1.035369,2.889700,0
38.040000,0.194848,-0.487509,-0.654131,-0.166336,0.490011,-0.909253,1.042113,2.016900,0
38.060000,0.199447,-0.491864,-0.681226,-0.168703,0.491855,-0.909253,1.050351,2.693700,0
38.080000,0.201799,-0.495449,-0.665889,-0.171071,0.493698,-0.909253,1.057092,2.058600,0
38.100000,0.204085,-0.498162,-0.673921,-0.173438,0.495541,-0.909252,1.063000,2.445300,0
38.120000,0.206404,-0.498535,-0.664195,-0.175805,0.497384,-0.909252,1.066742,1.973900,0
38.140000,0.202446,-0.495552,-0.671897,-0.178172,0.499227,-0.909252,1.065108,2.123100,0
38.160000,0.206592,-0.498187,-0.679674,-0.180539,0.501070,-0.909252,1.071627,3.742200,0
38.180000,0.211609,-0.505869,-0.690005,-0.182906,0.502913,-0.909252,1.083182,4.362600,0
38.200000,0.208569,-0.505224,-0.665226,-0.185273,0.504756,-0.909252,1.084053,4.277500,0
38.220000,0.206686,-0.502918,-0.668057,-0.187641,0.506599,-0.909252,1.083798,2.726200,0
38.240000,0.219799,-0.513464,-0.673513,-0.190008,0.508442,-0.909252,1.101015,2.247600,0
38.260000,0.217371,-0.509977,-0.664437,-0.192375,0.510285,-0.909252,1.099467,2.057800,0
38.280000,0.212678,-0.508881,-0.683407,-0.194742,0.512128,-0.909252,1.099295,2.080600,0
38.300000,0.225069,-0.517636,-0.667248,-0.197109,0.513971,-0.909252,1.114652,2.026000,0
38.320000,0.231525,-0.522686,-0.668115,-0.199476,0.515814,-0.909252,1.124387,2.411900,0
38.340000,0.219954,-0.512347,-0.647344,-0.199772,0.515977,-0.926467,1.110685,2.051700,0
38.360000,0.222139,-0.515208,-0.645516,-0.199769,0.515974,-0.944452,1.114156,2.058000,0
38.380000,0.220704,-0.517855,-0.625914,-0.199767,0.515971,-0.962441,1.116061,2.076100,0
38.400000,0.219770,-0.517579,-0.626997,-0.199765,0.515968,-0.980433,1.115450,2.075600,0
38.420000,0.214049,-0.514156,-0.599595,-0.199763,0.515965,-0.998427,1.110131,2.139500,0
38.440000,0.226984,-0.523111,-0.556441,-0.199763,0.515962,-1.016423,1.123292,2.228800,0
38.460000,0.219459,-0.516953,-0.557084,-0.199762,0.515959,-1.034418,1.114743,2.507900,0
38.480000,0.220483,-0.517112,-0.528018,-0.199762,0.515956,-1.052414,1.115274,2.708800,0
38.500000,0.224652,-0.518373,-0.533844,-0.201899,0.517440,-1.052511,1.120203,2.136900,0
38.520000,0.220194,-0.516580,-0.529463,-0.204508,0.518928,-1.052504,1.119218,2.167400,0
38.540000,0.220709,-0.517672,-0.532596,-0.207117,0.520416,-1.052498,1.122792,2.183400,0
38.560000,0.231633,-0.525719,-0.534251,-0.209724,0.521904,-1.052493,1.136798,2.205200,0
38.580000,0.225100,-0.524527,-0.528145,-0.212332,0.523391,-1.052490,1.135552,2.193000,0
38.600000,0.243139,-0.533423,-0.517390,-0.214939,0.524879,-1.052487,1.153186,2.290600,0
38.620000,0.247202,-0.533359,-0.516142,-0.217546,0.526366,-1.052485,1.157155,2.159800,0
38.640000,0.246392,-0.532506,-0.541326,-0.220153,0.527853,-1.052484,1.158458,2.213100,0
38.660000,0.237115,-0.527062,-0.521780,-0.220533,0.527887,-1.069616,1.149939,2.193600,0
38.680000,0.237163,-0.526955,-0.497589,-0.220531,0.527885,-1.087605,1.149856,2.186600,0
38.700000,0.242745,-0.532157,-0.492429,-0.220528,0.527882,-1.105593,1.156851,2.187300,0
38.720000,0.234703,-0.530121,-0.464303,-0.220526,0.527880,-1.123583,1.151781,2.185900,0
38.740000,0.243790,-0.535550,-0.441531,-0.220524,0.527878,-1.141575,1.160373,2.291500,0
38.760000,0.242057,-0.533815,-0.424195,-0.220523,0.527875,-1.159568,1.158087,2.209900,0
38.780000,0.233794,-0.531048,-0.409083,-0.220522,0.527873,-1.177561,1.152266,2.174600,0
38.800000,0.229072,-0.529794,-0.383462,-0.220522,0.527871,-1.195553,1.149256,2.114200,0
38.820000,0.239353,-0.534726,-0.365517,-0.220521,0.527868,-1.213545,1.157838,2.125000,0
38.840000,0.238960,-0.535438,-0.344835,-0.220521,0.527866,-1.231537,1.158334,2.209400,0
38.860000,0.239648,-0.536569,-0.319786,-0.220521,0.527864,-1.249527,1.159644,2.201200,0
38.880000,0.236165,-0.534630,-0.321480,-0.220521,0.527862,-1.267517,1.156483,2.185100,0
38.900000,0.234786,-0.534565,-0.318805,-0.220521,0.527860,-1.285506,1.155877,2.247000,0
38.920000,0.248303,-0.540349,-0.284863,-0.220521,0.527858,-1.303495,1.166560,2.182900,0
38.940000,0.230050,-0.536511,-0.268050,-0.220521,0.527856,-1.321482,1.155808,2.211200,0
38.960000,0.242355,-0.541130,-0.237827,-0.220521,0.527854,-1.339469,1.164895,2.158000,0
38.980000,0.229892,-0.536959,-0.235041,-0.220521,0.527852,-1.357456,1.156155,2.131200,0
39.000000,0.242763,-0.539750,-0.212691,-0.222859,0.528384,-1.364329,1.165209,2.155300,0
39.020000,0.248999,-0.539113,-0.224651,-0.225799,0.528998,-1.364326,1.168886,2.124500,0
39.040000,0.257699,-0.541343,-0.228767,-0.228739,0.529613,-1.364314,1.176252,2.125900,0
39.060000,0.252717,-0.540144,-0.225025,-0.231679,0.530228,-1.364305,1.174877,2.166500,0
39.080000,0.231917,-0.537029,-0.222532,-0.234617,0.530843,-1.364299,1.165335,2.206900,0
39.100000,0.270187,-0.544891,-0.203501,-0.237555,0.531459,-1.364294,1.190097,2.176400,0
39.120000,0.258695,-0.544520,-0.219968,-0.240493,0.532074,-1.364292,1.186694,2.174000,0
39.140000,0.276893,-0.547644,-0.208455,-0.243431,0.532690,-1.364290,1.199107,2.168900,0
39.160000,0.255983,-0.545197,-0.216998,-0.246368,0.533305,-1.364289,1.189758,2.128500,0
39.180000,0.263094,-0.545886,-0.206629,-0.249305,0.533920,-1.364288,1.195213,2.530900,0
39.200000,0.266573,-0.547051,-0.238417,-0.252242,0.534536,-1.364287,1.199583,2.129700,0
39.220000,0.270451,-0.547962,-0.215808,-0.255179,0.535151,-1.364286,1.203919,2.119300,0
39.240000,0.282515,-0.552123,-0.222591,-0.258115,0.535767,-1.364285,1.214819,2.122700,0
39.260000,0.283782,-0.551229,-0.218461,-0.261052,0.536382,-1.364285,1.216446,2.218800,0
39.280000,0.274800,-0.549633,-0.215089,-0.263988,0.536997,-1.364284,1.212871,2.217200,0
39.300000,0.270091,-0.547645,-0.239881,-0.266925,0.537613,-1.364284,1.210855,2.182900,0
39.320000,0.286339,-0.552329,-0.224275,-0.269861,0.538228,-1.364283,1.224203,2.215500,0
39.340000,0.292435,-0.554639,-0.210753,-0.272797,0.538843,-1.364283,1.230930,2.106500,0
39.360000,0.287557,-0.552443,-0.212661,-0.275734,0.539458,-1.364283,1.228635,2.121800,0
39.380000,0.301291,-0.554946,-0.213935,-0.278670,0.540074,-1.364283,1.239122,2.154700,0
39.400000,0.312397,-0.556082,-0.220057,-0.281606,0.540689,-1.364283,1.247295,2.120300,0
39.420000,0.313707,-0.556614,-0.214738,-0.284543,0.541304,-1.364283,1.250331,2.121700,0
39.440000,0.308249,-0.556061,-0.211786,-0.287479,0.541919,-1.364283,1.249181,2.118900,0
39.460000,0.313351,-0.557178,-0.223783,-0.290415,0.542534,-1.364283,1.254552,2.337100,0
39.480000,0.317019,-0.555337,-0.240912,-0.293351,0.543150,-1.364283,1.256672,2.123600,0
39.500000,0.301389,-0.551987,-0.229878,-0.296288,0.543765,-1.364283,1.248155,2.190700,0
39.520000,0.318393,-0.557578,-0.228413,-0.299224,0.544380,-1.364283,1.263235,2.174200,0
39.540000,0.335866,-0.560363,-0.208319,-0.302160,0.544995,-1.364282,1.276281,2.187500,0
39.560000,0.316032,-0.554891,-0.225054,-0.305097,0.545610,-1.364282,1.263686,2.191000,0
39.580000,0.322964,-0.556477,-0.234049,-0.308033,0.546225,-1.364282,1.270476,2.104900,0
39.600000,0.326902,-0.557695,-0.223408,-0.310969,0.546840,-1.364282,1.275491,2.202400,0
39.620000,0.332471,-0.559059,-0.242138,-0.313905,0.547456,-1.364282,1.281475,2.139000,0
39.640000,0.337073,-0.559840,-0.200152,-0.316842,0.548071,-1.364282,1.286496,2.117700,0
39.660000,0.347015,-0.561642,-0.213395,-0.319778,0.548686,-1.364282,1.295161,2.124800,0
39.680000,0.347435,-0.562616,-0.228017,-0.322714,0.549301,-1.364282,1.298252,2.134500,0
39.700000,0.349594,-0.566110,-0.215064,-0.325650,0.549916,-1.364282,1.304403,2.119200,0
39.720000,0.348679,-0.567091,-0.216647,-0.328587,0.550531,-1.364282,1.306816,2.117500,0
39.740000,0.350803,-0.566612,-0.222321,-0.331523,0.551147,-1.364282,1.309563,2.121200,0
39.760000,0.357359,-0.566645,-0.213664,-0.334459,0.551762,-1.364282,1.315085,2.332700,0
39.780000,0.351486,-0.567934,-0.223802,-0.337395,0.552377,-1.364282,1.315163,2.128300,0
39.800000,0.368066,-0.571517,-0.222096,-0.340332,0.552992,-1.364282,1.329040,2.113900,0
39.820000,0.372307,-0.569932,-0.215250,-0.343268,0.553607,-1.364282,1.332061,2.119000,0
39.840000,0.370859,-0.569831,-0.209481,-0.346204,0.554222,-1.364282,1.333294,2.153500,0
39.860000,0.389388,-0.574735,-0.215061,-0.349140,0.554837,-1.364282,1.349576,2.124600,0
39.880000,0.367783,-0.572428,-0.196914,-0.349773,0.554919,-1.377692,1.336337,2.118500,0
39.900000,0.360938,-0.571306,-0.208560,-0.349941,0.554882,-1.397663,1.331784,2.142800,0
39.920000,0.357050,-0.570696,-0.187806,-0.349937,0.554881,-1.415651,1.329193,2.139500,0
39.940000,0.370295,-0.572589,-0.146916,-0.349935,0.554879,-1.433640,1.337877,2.135500,0
39.960000,0.367525,-0.571960,-0.130433,-0.349932,0.554877,-1.451631,1.335854,2.130500,0
39.980000,0.361857,-0.574117,-0.123052,-0.349931,0.554875,-1.469621,1.334641,2.127800,0
40.000000,0.371517,-0.576621,-0.114585,-0.352175,0.555167,-1.478018,1.343381,2.122000,0
40.020000,0.360249,-0.576410,-0.115025,-0.355165,0.555443,-1.478016,1.338996,2.141400,0
40.040000,0.373733,-0.577192,-0.116604,-0.358155,0.555720,-1.478010,1.348758,2.114800,0
40.060000,0.370371,-0.577976,-0.109179,-0.361144,0.555996,-1.478007,1.349447,2.300400,0
40.080000,0.378912,-0.577819,-0.114512,-0.364133,0.556274,-1.478004,1.355833,2.121000,0
40.100000,0.374962,-0.575762,-0.107621,-0.367122,0.556551,-1.478002,1.353818,2.117500,0
40.120000,0.383575,-0.576983,-0.107246,-0.370110,0.556829,-1.478000,1.361459,2.151500,0
40.140000,0.380690,-0.578339,-0.124505,-0.373098,0.557106,-1.477999,1.362876,2.149400,0
40.160000,0.373378,-0.578580,-0.110741,-0.376086,0.557384,-1.477997,1.360923,2.117000,0
40.180000,0.398869,-0.581631,-0.123888,-0.379074,0.557662,-1.477996,1.379559,2.112700,0
40.200000,0.395198,-0.578981,-0.116343,-0.382061,0.557940,-1.477996,1.377215,2.154600,0
40.220000,0.391178,-0.578438,-0.100750,-0.382845,0.557885,-1.489429,1.374897,2.133700,0
40.240000,0.408630,-0.579989,-0.065569,-0.383019,0.557869,-1.509429,1.386156,2.119300,0
40.260000,0.387416,-0.577720,-0.065165,-0.383017,0.557868,-1.527441,1.372270,2.123000,0
40.280000,0.392861,-0.577976,-0.059358,-0.383014,0.557867,-1.545429,1.375544,2.137600,0
40.300000,0.407361,-0.582956,-0.019245,-0.383012,0.557866,-1.563417,1.387863,2.119100,0
40.320000,0.411101,-0.583436,0.009434,-0.383010,0.557864,-1.581407,1.390387,2.127600,0
40.340000,0.406947,-0.584316,0.033453,-0.383008,0.557863,-1.599396,1.388741,2.118100,0
40.360000,0.394219,-0.583894,0.037273,-0.383007,0.557862,-1.617384,1.381190,2.199700,0
40.380000,0.402047,-0.585497,0.025159,-0.383006,0.557860,-1.635373,1.386930,2.161600,0
40.400000,0.396265,-0.584760,0.063896,-0.383005,0.557859,-1.653360,1.383055,2.121600,0
40.420000,0.401380,-0.586355,0.088611,-0.383004,0.557857,-1.671347,1.387256,2.144300,0
40.440000,0.392576,-0.585984,0.096683,-0.383004,0.557856,-1.689334,1.381990,2.141500,0
40.460000,0.398794,-0.585161,0.113950,-0.382998,0.557855,-1.707377,1.384805,2.122500,0
40.480000,0.407333,-0.585391,0.154437,-0.382992,0.557853,-1.725426,1.389828,2.119000,0
40.500000,0.395905,-0.587645,0.152587,-0.382986,0.557852,-1.743473,1.385220,2.149100,0
40.520000,0.396188,-0.590319,0.174555,-0.382980,0.557851,-1.761516,1.387587,2.127800,0
40.540000,0.395035,-0.590317,0.188334,-0.382975,0.557850,-1.779554,1.386934,2.121800,0
40.560000,0.384063,-0.593015,0.197302,-0.382970,0.557849,-1.797588,1.383050,2.142900,0
40.580000,0.390871,-0.589986,0.230106,-0.382965,0.557847,-1.815618,1.384320,2.129500,0
40.600000,0.395807,-0.591815,0.260999,-0.382961,0.557846,-1.833644,1.388597,2.121200,0
40.620000,0.388554,-0.592576,0.249682,-0.382957,0.557845,-1.851667,1.385171,2.121400,0
40.640000,0.407356,-0.590308,0.286179,-0.382953,0.557844,-1.869687,1.393859,2.124500,0
40.660000,0.406363,-0.591262,0.311150,-0.382950,0.557843,-1.887704,1.394079,2.317500,0
40.680000,0.402483,-0.591912,0.319488,-0.382946,0.557841,-1.905718,1.392419,1.938400,0
40.700000,0.399488,-0.598169,0.334303,-0.382943,0.557840,-1.923731,1.395906,1.945900,0
40.720000,0.425654,-0.588105,0.372734,-0.382940,0.557839,-1.941741,1.402502,1.940100,0
40.740000,0.401493,-0.594727,0.349663,-0.382937,0.557838,-1.959750,1.394179,1.938700,0
40.760000,0.403512,-0.593860,0.399618,-0.382934,0.557837,-1.977757,1.394598,1.930700,0
40.780000,0.407684,-0.592876,0.430438,-0.382932,0.557836,-1.995763,1.396142,1.933700,0
40.800000,0.401350,-0.597446,0.439781,-0.382929,0.557835,-2.013767,1.396341,2.170700,0
40.820000,0.405517,-0.598962,0.441799,-0.382926,0.557833,-2.031771,1.399935,1.960200,0
40.840000,0.405965,-0.597429,0.473983,-0.382924,0.557832,-2.049773,1.398919,1.935200,0
40.860000,0.394680,-0.600728,0.469340,-0.382921,0.557831,-2.067774,1.395322,1.983900,0
40.880000,0.392891,-0.599407,0.481899,-0.385294,0.556543,-2.071205,1.393482,1.927300,0
40.900000,0.414024,-0.591105,0.498713,-0.387929,0.555102,-2.071202,1.398899,1.933200,0
40.920000,0.407056,-0.593027,0.481693,-0.390564,0.553660,-2.071195,1.396813,1.926500,0
40.940000,0.394588,-0.599695,0.465650,-0.393199,0.552220,-2.071186,1.395534,1.923000,0
40.960000,0.410833,-0.592398,0.456995,-0.395833,0.550779,-2.071180,1.399130,2.110200,0
40.980000,0.422322,-0.585780,0.489089,-0.398467,0.549339,-2.071174,1.400781,1.968900,0
41.000000,0.407425,-0.594025,0.482369,-0.401100,0.547900,-2.071170,1.399180,1.922000,0
41.020000,0.418264,-0.588124,0.485817,-0.403734,0.546460,-2.071166,1.401057,1.930500,0
41.040000,0.417323,-0.587128,0.486558,-0.406367,0.545021,-2.071164,1.400081,1.930800,0
41.060000,0.425855,-0.586454,0.501519,-0.406747,0.544813,-2.087558,1.404632,1.935000,0
41.080000,0.443976,-0.577907,0.519051,-0.406799,0.544782,-2.106274,1.408634,1.941800,0
41.100000,0.422938,-0.588101,0.522598,-0.406796,0.544783,-2.124261,1.404238,2.000700,0
41.120000,0.445027,-0.575485,0.581001,-0.406793,0.544784,-2.142252,1.407338,2.489000,0
41.140000,0.417976,-0.590858,0.566609,-0.406790,0.544784,-2.160248,1.403539,1.939300,0
41.160000,0.421371,-0.587781,0.597482,-0.406787,0.544785,-2.178247,1.403051,1.955100,0
41.180000,0.429232,-0.582838,0.609300,-0.406784,0.544784,-2.196248,1.403728,2.011800,0
41.200000,0.430719,-0.581444,0.616337,-0.406781,0.544784,-2.214249,1.403494,2.028300,0
41.220000,0.425032,-0.589121,0.645002,-0.406778,0.544784,-2.232250,1.406289,2.003500,0
41.240000,0.440515,-0.577914,0.670582,-0.406775,0.544783,-2.250251,1.406538,2.082500,0
41.260000,0.427278,-0.587746,0.685473,-0.406772,0.544783,-2.268251,1.406506,2.091300,0
41.280000,0.425080,-0.590345,0.704799,-0.406770,0.544782,-2.286250,1.407297,2.173200,0
41.300000,0.424994,-0.589133,0.705947,-0.406767,0.544782,-2.304248,1.406268,2.028100,0
41.320000,0.438507,-0.582841,0.741181,-0.406765,0.544781,-2.322246,1.409261,2.025700,0
41.340000,0.434730,-0.586296,0.760648,-0.406763,0.544780,-2.340242,1.409767,2.054300,0
41.360000,0.424733,-0.595716,0.760828,-0.406760,0.544780,-2.358237,1.411422,2.106900,0
41.380000,0.429067,-0.591993,0.787238,-0.406758,0.544779,-2.376232,1.410976,2.095200,0
41.400000,0.428511,-0.595343,0.808079,-0.406756,0.544778,-2.394226,1.413346,2.093200,0
41.420000,0.433675,-0.586803,0.823501,-0.406754,0.544777,-2.412219,1.409537,2.207400,0
41.440000,0.431114,-0.590178,0.860073,-0.406752,0.544777,-2.430211,1.410724,2.037200,0
41.460000,0.444198,-0.576242,0.883413,-0.406750,0.544776,-2.448203,1.407407,2.090600,0
41.480000,0.431582,-0.587421,0.845487,-0.408590,0.542693,-2.449613,1.408207,2.086400,0
41.500000,0.432998,-0.586316,0.877074,-0.410507,0.540379,-2.449606,1.407460,2.096100,0
41.520000,0.431985,-0.586724,0.842960,-0.412423,0.538067,-2.449596,1.406478,2.070100,0
41.540000,0.444020,-0.573165,0.873220,-0.414339,0.535755,-2.449588,1.402314,2.071100,0
41.560000,0.446038,-0.572321,0.857336,-0.416255,0.533443,-2.449582,1.402235,2.111100,0
41.580000,0.443681,-0.575783,0.876293,-0.418171,0.531132,-2.449578,1.402872,2.270700,0
41.600000,0.442580,-0.578114,0.864720,-0.420087,0.528822,-2.449574,1.403390,2.083800,0
41.620000,0.452664,-0.571199,0.864450,-0.422002,0.526511,-2.449572,1.403570,2.075500,0
41.640000,0.446632,-0.573419,0.867328,-0.423917,0.524201,-2.449570,1.400938,2.072700,0
41.660000,0.451790,-0.570409,0.855234,-0.425832,0.521891,-2.449569,1.401192,2.116200,0
41.680000,0.456122,-0.561837,0.856368,-0.427747,0.519580,-2.449568,1.396670,2.095600,0
41.700000,0.451988,-0.563163,0.879711,-0.429662,0.517270,-2.449568,1.394505,2.094800,0
41.720000,0.458916,-0.556330,0.873010,-0.431576,0.514960,-2.449567,1.393068,2.273500,0
41.740000,0.459806,-0.551492,0.869203,-0.433491,0.512650,-2.449566,1.389380,2.089700,0
41.760000,0.464230,-0.546989,0.861107,-0.435406,0.510340,-2.449566,1.388269,2.074200,0
41.780000,0.469946,-0.543532,0.878910,-0.437320,0.508030,-2.449566,1.388853,2.077700,0
41.800000,0.458673,-0.558144,0.865401,-0.439235,0.505720,-2.449565,1.392137,2.112500,0
41.820000,0.472376,-0.543132,0.877990,-0.441149,0.503410,-2.449565,1.389164,2.098300,0
41.840000,0.463820,-0.555406,0.850729,-0.443063,0.501101,-2.449565,1.392352,2.196700,0
41.860000,0.478440,-0.538751,0.860117,-0.444978,0.498791,-2.449565,1.388954,2.180000,0
41.880000,0.481128,-0.537789,0.876708,-0.446892,0.496481,-2.449565,1.389581,2.275800,0
41.900000,0.478425,-0.543274,0.876000,-0.448807,0.494171,-2.449565,1.391420,2.130800,0
41.920000,0.484279,-0.538734,0.871622,-0.450721,0.491861,-2.449565,1.391528,2.139800,0
41.940000,0.484647,-0.536351,0.855801,-0.452635,0.489551,-2.449565,1.389595,2.090500,0
41.960000,0.490077,-0.529746,0.885552,-0.454550,0.487241,-2.449565,1.388014,2.154100,0
41.980000,0.487914,-0.532950,0.877657,-0.456464,0.484931,-2.449565,1.388500,2.166200,0
42.000000,0.492923,-0.526373,0.870588,-0.458378,0.482622,-2.449565,1.386738,2.104900,0
42.020000,0.489346,-0.529395,0.872325,-0.460292,0.480312,-2.449565,1.386117,2.168500,0
42.040000,0.492848,-0.527968,0.867728,-0.462207,0.478002,-2.449564,1.387121,2.127800,0
42.060000,0.499167,-0.520676,0.858828,-0.464121,0.475692,-2.449564,1.385883,2.121200,0
42.080000,0.494118,-0.525540,0.852779,-0.466035,0.473382,-2.449564,1.385546,2.133100,0
42.100000,0.500071,-0.519094,0.859095,-0.467950,0.471072,-2.449564,1.384736,2.137700,0
42.120000,0.506829,-0.509881,0.870090,-0.469864,0.468762,-2.449564,1.382632,2.205600,0
42.140000,0.493778,-0.527688,0.835706,-0.471778,0.466452,-2.449564,1.385862,2.082000,0
42.160000,0.514274,-0.502748,0.863831,-0.473693,0.464143,-2.449564,1.382374,2.149000,0
42.180000,0.501897,-0.515696,0.850900,-0.475607,0.461833,-2.449564,1.382417,2.197100,0
42.200000,0.507491,-0.508538,0.872432,-0.477521,0.459523,-2.449564,1.381083,2.130900,0
42.220000,0.514318,-0.503553,0.882661,-0.479436,0.457213,-2.449564,1.382251,2.126500,0
42.240000,0.514887,-0.502726,0.856323,-0.481350,0.454903,-2.449564,1.381862,2.157200,0
42.260000,0.506780,-0.510156,0.863014,-0.483264,0.452593,-2.449564,1.380968,2.135500,0
42.280000,0.522551,-0.492129,0.885911,-0.485178,0.450283,-2.449564,1.379731,2.130000,0
42.300000,0.519888,-0.497589,0.876594,-0.487093,0.447974,-2.449564,1.381340,2.080000,0
42.320000,0.520024,-0.497701,0.843148,-0.489007,0.445664,-2.449564,1.381333,2.187000,0
42.340000,0.518391,-0.500165,0.862987,-0.490921,0.443354,-2.449564,1.381644,2.124500,0
42.360000,0.526334,-0.490494,0.855878,-0.492836,0.441044,-2.449564,1.380750,2.128500,0
42.380000,0.528615,-0.485687,0.884405,-0.494750,0.438734,-2.449564,1.379068,2.185100,0
42.400000,0.521699,-0.489117,0.859266,-0.496664,0.436424,-2.449564,1.376114,2.135200,0
42.420000,0.539632,-0.465406,0.899749,-0.498579,0.434114,-2.449564,1.373688,2.139400,0
42.440000,0.532418,-0.476038,0.894173,-0.500493,0.431805,-2.449564,1.375167,2.138200,0
42.460000,0.540762,-0.464465,0.885303,-0.502407,0.429495,-2.449564,1.373815,2.340800,0
42.480000,0.529707,-0.475523,0.872384,-0.504321,0.427185,-2.449564,1.372624,2.016000,0
42.500000,0.534039,-0.474747,0.856104,-0.506236,0.424875,-2.449564,1.375315,1.938200,0
42.520000,0.546781,-0.455503,0.887427,-0.508150,0.422565,-2.449564,1.372546,1.933300,0
42.540000,0.536055,-0.469964,0.864062,-0.510064,0.420255,-2.449564,1.373628,1.997100,0
42.560000,0.542979,-0.463381,0.883200,-0.511979,0.417945,-2.449564,1.374653,1.935400,0
42.580000,0.551622,-0.455805,0.879661,-0.513893,0.415636,-2.449564,1.376492,1.944400,0
42.600000,0.536453,-0.473744,0.847106,-0.515807,0.413326,-2.449564,1.376279,1.950300,0
42.620000,0.553899,-0.452123,0.876542,-0.517722,0.411016,-2.449564,1.376002,2.156900,0
42.640000,0.547333,-0.462733,0.841153,-0.519636,0.408706,-2.449564,1.377617,1.953300,0
42.660000,0.553951,-0.455199,0.838499,-0.521550,0.406396,-2.449564,1.378060,1.947500,0
42.680000,0.553063,-0.460830,0.841608,-0.523464,0.404086,-2.449564,1.380938,1.933400,0
42.700000,0.553734,-0.460475,0.867235,-0.525379,0.401776,-2.449564,1.381290,2.023300,0
42.720000,0.544713,-0.468775,0.839765,-0.527293,0.399467,-2.449564,1.379508,1.953100,0
42.740000,0.556799,-0.453058,0.881214,-0.527519,0.399191,-2.467016,1.379157,1.950600,0
42.760000,0.553724,-0.459900,0.890466,-0.527532,0.399174,-2.485294,1.380986,1.939300,0
42.780000,0.569325,-0.441889,0.930483,-0.527529,0.399176,-2.503285,1.382201,2.286400,0
42.800000,0.563131,-0.449952,0.926150,-0.527526,0.399178,-2.521278,1.382228,3.596700,0
42.820000,0.562567,-0.448071,0.951091,-0.527523,0.399179,-2.539274,1.380626,3.310300,0
42.840000,0.554486,-0.459471,0.951939,-0.527520,0.399180,-2.557270,1.381310,2.258800,0
42.860000,0.561440,-0.451966,0.970493,-0.529171,0.397075,-2.557388,1.382137,2.343000,0
42.880000,0.572749,-0.434893,0.978086,-0.530827,0.394570,-2.557382,1.380540,1.923200,0
42.900000,0.571412,-0.435509,0.980742,-0.532484,0.392065,-2.557378,1.379661,2.293200,0
42.920000,0.573290,-0.434108,0.995230,-0.534140,0.389561,-2.557374,1.380156,1.980600,0
42.940000,0.579770,-0.427009,0.970882,-0.535795,0.387057,-2.557372,1.381010,1.968500,0
42.960000,0.576017,-0.427838,0.982390,-0.537451,0.384554,-2.557370,1.378330,1.933100,0
42.980000,0.574872,-0.431491,0.959905,-0.539106,0.382050,-2.557369,1.379419,1.923000,0
43.000000,0.576521,-0.429533,0.974670,-0.540762,0.379547,-2.557368,1.379468,1.923200,0
43.020000,0.582633,-0.423241,0.981348,-0.542417,0.377045,-2.557367,1.380651,1.915000,0
43.040000,0.575145,-0.435162,0.968199,-0.544072,0.374542,-2.557366,1.381400,1.925500,0
43.060000,0.580871,-0.424606,0.979794,-0.545727,0.372039,-2.557366,1.379806,2.520200,0
43.080000,0.586905,-0.417735,0.975833,-0.547382,0.369536,-2.557365,1.380726,1.939200,0
43.100000,0.583374,-0.419946,0.969836,-0.549037,0.367034,-2.557365,1.379019,1.933700,0
43.120000,0.581529,-0.423128,0.964244,-0.550692,0.364531,-2.557365,1.379250,1.923500,0
43.140000,0.583137,-0.418747,0.963908,-0.552347,0.362029,-2.557365,1.378018,2.066600,0
43.160000,0.595270,-0.398712,0.981186,-0.554001,0.359526,-2.557365,1.376862,1.909500,0
43.180000,0.583384,-0.419684,0.970801,-0.555656,0.357024,-2.557365,1.378654,1.908700,0
43.200000,0.598621,-0.398853,0.986468,-0.557311,0.354521,-2.557364,1.379764,2.010600,0
43.220000,0.589929,-0.409367,0.959849,-0.558966,0.352019,-2.557364,1.378285,1.915400,0
43.240000,0.601917,-0.388929,0.985708,-0.560620,0.349516,-2.557364,1.377241,1.932300,0
43.260000,0.604031,-0.384737,0.983713,-0.562275,0.347014,-2.557364,1.376855,1.888200,0
43.280000,0.601369,-0.387647,0.988207,-0.563930,0.344511,-2.557364,1.376218,1.981200,0
43.300000,0.597809,-0.393948,0.972681,-0.565584,0.342009,-2.557364,1.376632,1.911600,0
43.320000,0.603196,-0.389031,0.973609,-0.567239,0.339507,-2.557364,1.378654,1.904900,0
43.340000,0.604012,-0.388065,0.986734,-0.568894,0.337004,-2.557364,1.378925,1.909000,0
43.360000,0.612595,-0.377117,0.972364,-0.570548,0.334502,-2.557364,1.380663,1.913200,0
43.380000,0.605256,-0.387909,0.975141,-0.572203,0.331999,-2.557364,1.380100,2.081600,0
43.400000,0.610575,-0.378087,0.974119,-0.573858,0.329497,-2.557364,1.379695,2.037800,0
43.420000,0.608021,-0.379224,0.979021,-0.575512,0.326994,-2.557364,1.378222,1.924800,0
43.440000,0.610060,-0.376480,0.978624,-0.577167,0.324492,-2.557364,1.378721,1.940000,0
43.460000,0.611682,-0.377356,0.972463,-0.578822,0.321990,-2.557364,1.380719,1.980100,0
43.480000,0.622038,-0.360081,0.982346,-0.580476,0.319487,-2.557364,1.381251,1.959700,0
43.500000,0.606981,-0.380258,0.956587,-0.582131,0.316985,-2.557364,1.378454,1.959200,0
43.520000,0.624148,-0.356335,0.979979,-0.583786,0.314482,-2.557364,1.381702,2.140400,0
43.540000,0.617011,-0.369565,0.972957,-0.585440,0.311980,-2.557364,1.382170,2.114800,0
43.560000,0.624526,-0.354577,0.986240,-0.587095,0.309478,-2.557364,1.381664,1.992500,0
43.580000,0.618410,-0.363924,0.983858,-0.588750,0.306975,-2.557364,1.381065,1.981400,0
43.600000,0.618502,-0.362873,0.990013,-0.588802,0.306641,-2.574216,1.380519,2.013100,0
43.620000,0.622538,-0.356020,1.015730,-0.588799,0.306644,-2.592201,1.380746,2.008500,0
43.640000,0.625112,-0.351407,1.040982,-0.588796,0.306647,-2.610190,1.380800,2.004100,0
43.660000,0.621880,-0.360352,1.031140,-0.588793,0.306649,-2.628183,1.382252,2.005000,0
43.680000,0.627742,-0.352115,1.078039,-0.588790,0.306650,-2.646177,1.383445,2.102100,0
43.700000,0.625324,-0.361300,1.103625,-0.588787,0.306651,-2.664172,1.385721,2.015200,0
43.720000,0.627898,-0.352884,1.082434,-0.590163,0.304495,-2.664261,1.384131,2.038200,0
43.740000,0.633447,-0.344858,1.094731,-0.591543,0.301828,-2.664256,1.385209,2.055100,0
43.760000,0.633197,-0.346283,1.076445,-0.592923,0.299161,-2.664252,1.385629,2.055400,0
43.780000,0.633001,-0.345500,1.077710,-0.594302,0.296494,-2.664248,1.385074,2.059300,0
43.800000,0.635421,-0.347161,1.084905,-0.595681,0.293828,-2.664246,1.387976,1.998600,0
43.820000,0.640096,-0.339257,1.086163,-0.597060,0.291162,-2.664244,1.388518,2.045500,0
43.840000,0.640145,-0.338673,1.070917,-0.598439,0.288497,-2.664243,1.388320,2.122300,0
43.860000,0.637868,-0.344170,1.074474,-0.599818,0.285832,-2.664241,1.388802,2.058900,0
43.880000,0.641292,-0.338683,1.068602,-0.601197,0.283166,-2.664241,1.389416,2.021200,0
43.900000,0.640067,-0.341061,1.080551,-0.602576,0.280501,-2.664240,1.389424,2.067300,0
43.920000,0.650825,-0.321604,1.079850,-0.603954,0.277836,-2.664240,1.390611,2.058100,0
43.940000,0.651051,-0.321668,1.089601,-0.605333,0.275172,-2.664239,1.390942,2.002900,0
43.960000,0.642887,-0.338977,1.071455,-0.606711,0.272507,-2.664239,1.391189,2.008900,0
43.980000,0.648755,-0.327623,1.091316,-0.606729,0.272083,-2.681710,1.391362,2.051000,0
44.000000,0.654581,-0.319405,1.123756,-0.606734,0.272071,-2.699893,1.393111,2.177600,0
44.020000,0.641846,-0.347451,1.112489,-0.606731,0.272074,-2.717881,1.393828,2.061600,0
44.040000,0.646324,-0.335847,1.138939,-0.606729,0.272076,-2.735871,1.392735,2.055200,0
44.060000,0.647911,-0.332403,1.167962,-0.606727,0.272077,-2.753862,1.392664,2.056400,0
44.080000,0.650904,-0.328963,1.194236,-0.606724,0.272079,-2.771855,1.393872,2.049500,0
44.100000,0.646382,-0.343108,1.206563,-0.606722,0.272080,-2.789847,1.395968,2.006100,0
44.120000,0.654710,-0.327506,1.203906,-0.606720,0.272080,-2.807840,1.396678,2.040500,0
44.140000,0.653245,-0.330807,1.223811,-0.606718,0.272081,-2.825832,1.396776,2.106600,0
44.160000,0.652708,-0.333442,1.263432,-0.606715,0.272081,-2.843823,1.397427,2.073200,0
44.180000,0.657148,-0.323857,1.276108,-0.606713,0.272081,-2.861813,1.397314,2.063200,0
44.200000,0.652802,-0.337774,1.291583,-0.606711,0.272082,-2.879803,1.399392,2.059200,0
44.220000,0.653263,-0.330495,1.309410,-0.606709,0.272082,-2.897791,1.396649,2.060200,0
44.240000,0.655537,-0.322577,1.332702,-0.606707,0.272082,-2.915780,1.395307,2.062600,0
44.260000,0.655750,-0.322832,1.359545,-0.606705,0.272082,-2.933767,1.395606,2.049000,0
44.280000,0.653484,-0.330811,1.356592,-0.606703,0.272082,-2.951753,1.396979,2.011100,0
44.300000,0.657594,-0.318120,1.390587,-0.606701,0.272082,-2.969740,1.395271,2.164700,0
44.320000,0.657760,-0.320582,1.393337,-0.607123,0.269775,-2.977185,1.395869,2.024600,0
44.340000,0.654889,-0.334684,1.390879,-0.607614,0.266811,-2.977182,1.398467,2.050400,0
44.360000,0.657139,-0.321456,1.372764,-0.608104,0.263848,-2.977170,1.394066,2.045000,0
44.380000,0.657046,-0.330086,1.383718,-0.608595,0.260885,-2.977162,1.396816,2.068800,0
44.400000,0.654049,-0.334870,1.369333,-0.609086,0.257923,-2.977155,1.395319,2.058300,0
44.420000,0.656552,-0.318598,1.388983,-0.609577,0.254962,-2.977151,1.389984,2.100200,0
44.440000,0.657277,-0.320638,1.392181,-0.610068,0.252001,-2.977148,1.390711,2.056800,0
44.460000,0.658693,-0.315093,1.378673,-0.610560,0.249040,-2.977146,1.388974,2.146700,0
44.480000,0.661965,-0.308618,1.388894,-0.611051,0.246079,-2.977145,1.388618,2.061500,0
44.500000,0.659618,-0.323257,1.365746,-0.611543,0.243119,-2.977144,1.391630,2.057000,0
44.520000,0.664615,-0.295904,1.392870,-0.612034,0.240159,-2.977143,1.384629,2.043500,0
44.540000,0.662622,-0.303829,1.368327,-0.612525,0.237199,-2.977143,1.385175,2.009700,0
44.560000,0.663444,-0.290214,1.370872,-0.613017,0.234239,-2.977142,1.380002,2.024500,0
44.580000,0.661735,-0.301659,1.365627,-0.613508,0.231279,-2.977141,1.382124,2.053200,0
44.600000,0.666732,-0.275856,1.396086,-0.613999,0.228320,-2.977140,1.376396,2.054000,0
44.620000,0.665319,-0.286953,1.387701,-0.614491,0.225360,-2.977140,1.378542,2.063300,0
44.640000,0.663587,-0.303598,1.371201,-0.614567,0.224668,-2.989778,1.383020,2.049800,0
44.660000,0.663892,-0.300197,1.404121,-0.614538,0.224496,-3.009778,1.381914,2.062500,0
44.680000,0.671575,-0.262235,1.441643,-0.614537,0.224498,-3.027780,1.375133,2.087100,0
44.700000,0.666565,-0.283206,1.456294,-0.614536,0.224501,-3.045769,1.378038,2.056700,0
44.720000,0.665492,-0.288088,1.467346,-0.614534,0.224504,-3.063758,1.378847,2.095000,0
44.740000,0.665833,-0.289411,1.508865,-0.614533,0.224505,-3.081748,1.379654,2.059700,0
44.760000,0.669726,-0.269414,1.529299,-0.614749,0.222308,-3.090756,1.375378,2.096600,0
44.780000,0.669586,-0.275093,1.522489,-0.614900,0.219309,-3.090754,1.376349,2.062000,0
44.800000,0.672757,-0.256987,1.517054,-0.615051,0.216310,-3.090750,1.372028,2.046900,0
44.820000,0.671675,-0.272310,1.517941,-0.615202,0.213312,-3.090747,1.375457,2.054600,0
44.840000,0.671866,-0.261568,1.511901,-0.615353,0.210314,-3.090744,1.370987,2.056200,0
44.860000,0.670885,-0.269461,1.514253,-0.615505,0.207316,-3.090741,1.371902,2.052400,0
44.880000,0.672689,-0.247291,1.525466,-0.615657,0.204319,-3.090739,1.365205,2.052000,0
44.900000,0.671612,-0.254714,1.518442,-0.615809,0.201322,-3.090738,1.365804,2.099800,0
44.920000,0.673019,-0.250076,1.514390,-0.615962,0.198325,-3.090736,1.364747,2.068600,0
44.940000,0.670792,-0.261323,1.484165,-0.616114,0.195328,-3.090735,1.365525,2.081200,0
44.960000,0.670136,-0.263545,1.493639,-0.616267,0.192332,-3.090735,1.364792,2.056700,0
44.980000,0.671516,-0.250377,1.519814,-0.616419,0.189335,-3.090734,1.360927,2.056700,0
45.000000,0.671585,-0.240579,1.517579,-0.616572,0.186339,-3.090734,1.357058,2.102600,0
45.020000,0.672130,-0.242536,1.510955,-0.616724,0.183343,-3.090733,1.357394,2.062600,0
45.040000,0.670480,-0.249804,1.519023,-0.616877,0.180346,-3.090733,1.357320,2.054000,0
45.060000,0.671158,-0.239577,1.504024,-0.617029,0.177350,-3.090733,1.353977,2.193500,0
45.080000,0.670831,-0.246857,1.514858,-0.617182,0.174354,-3.090733,1.355137,2.017800,0
45.100000,0.669272,-0.237909,1.511408,-0.617334,0.171358,-3.090733,1.350131,2.039900,0
45.120000,0.669883,-0.226549,1.493495,-0.617487,0.168361,-3.090733,1.346579,2.057000,0
45.140000,0.670723,-0.231861,1.510289,-0.617452,0.167496,-3.101051,1.348659,2.056400,0
45.160000,0.672702,-0.209989,1.547247,-0.617443,0.167323,-3.121049,1.344187,2.065000,0
45.180000,0.671734,-0.230092,1.559636,-0.617442,0.167321,-3.139098,1.349041,2.063700,0
45.200000,0.671354,-0.225623,1.572850,-0.617441,0.167324,3.126099,1.347368,2.088500,0
45.220000,0.669719,-0.248275,1.587934,-0.617440,0.167326,3.108110,1.352591,2.136400,0
45.240000,0.671167,-0.227836,1.599789,-0.617439,0.167329,3.090121,1.347835,2.060500,0
45.260000,0.672544,-0.214752,1.612237,-0.617316,0.165156,3.080828,1.344644,2.057600,0
45.280000,0.675111,-0.209681,1.609389,-0.617131,0.162159,3.080830,1.344676,2.052600,0
45.300000,0.675504,-0.222616,1.620218,-0.616947,0.159162,3.080836,1.347659,2.096400,0
45.320000,0.676215,-0.222257,1.629915,-0.616763,0.156165,3.080839,1.347218,2.054200,0
45.340000,0.676133,-0.214876,1.618357,-0.616580,0.153169,3.080842,1.344085,2.067700,0
45.360000,0.677236,-0.198530,1.642872,-0.616397,0.150173,3.080844,1.339806,2.092600,0
45.380000,0.676586,-0.191296,1.631831,-0.616214,0.147178,3.080846,1.336374,2.067800,0
45.400000,0.675707,-0.189638,1.649526,-0.616032,0.144182,3.080848,1.334176,2.060000,0
45.420000,0.674891,-0.188665,1.646887,-0.615849,0.141187,3.080849,1.332220,2.060500,0
45.440000,0.677702,-0.190931,1.644435,-0.615667,0.138192,3.080850,1.334588,2.055900,0
45.460000,0.675000,-0.181140,1.649573,-0.615485,0.135197,3.080851,1.328691,2.079200,0
45.480000,0.675577,-0.204151,1.612728,-0.615303,0.132202,3.080851,1.333981,2.062400,0
45.500000,0.676060,-0.204005,1.589548,-0.615121,0.129208,3.080852,1.333484,2.062400,0
45.520000,0.673470,-0.192780,1.643927,-0.614938,0.126213,3.080852,1.327310,2.422200,0
45.540000,0.672120,-0.183069,1.601416,-0.614756,0.123218,3.080852,1.322824,2.086100,0
45.560000,0.671200,-0.163624,1.640382,-0.614574,0.120224,3.080853,1.316733,2.059100,0
45.580000,0.673361,-0.191547,1.609995,-0.614392,0.117229,3.080853,1.324254,2.093800,0
45.600000,0.674220,-0.188058,1.622685,-0.614210,0.114234,3.080853,1.323417,2.059700,0
45.620000,0.672721,-0.161051,1.640270,-0.614028,0.111240,3.080853,1.315243,2.083200,0
45.640000,0.672313,-0.167959,1.623118,-0.613846,0.108245,3.080853,1.315482,2.055600,0
45.660000,0.672859,-0.157801,1.633222,-0.613664,0.105251,3.080853,1.313140,2.145500,0
45.680000,0.673547,-0.164939,1.593018,-0.613482,0.102256,3.080853,1.314472,2.065000,0
45.700000,0.674756,-0.168002,1.599394,-0.613522,0.101412,3.091463,1.316147,1.955000,0
45.720000,0.673263,-0.165589,1.590414,-0.613533,0.101239,3.111461,1.314169,1.931000,0
45.740000,0.671259,-0.142985,1.584519,-0.613534,0.101240,3.129475,1.307799,1.952700,0
45.760000,0.669974,-0.139597,1.577413,-0.613535,0.101243,-3.135722,1.305910,1.938000,0
45.780000,0.671877,-0.161228,1.532768,-0.613536,0.101246,-3.117733,1.311937,1.961600,0
45.800000,0.671286,-0.173641,1.518320,-0.613537,0.101248,-3.099743,1.313900,1.950800,0
45.820000,0.671394,-0.158593,1.501964,-0.613637,0.099085,-3.090332,1.310612,2.056300,0
45.840000,0.671397,-0.148890,1.504861,-0.613793,0.096086,-3.090334,1.308330,1.945800,0
45.860000,0.672233,-0.141828,1.514446,-0.613949,0.093088,-3.090338,1.307459,1.938300,0
45.880000,0.670301,-0.142295,1.528309,-0.614105,0.090089,-3.090341,1.305259,1.980300,0
45.900000,0.669796,-0.159035,1.492671,-0.614259,0.087092,-3.090344,1.307431,1.951600,0
45.920000,0.670473,-0.143931,1.509460,-0.614414,0.084094,-3.090346,1.304963,1.933700,0
45.940000,0.671211,-0.144453,1.510526,-0.614568,0.081097,-3.090348,1.305412,1.935200,0
45.960000,0.669767,-0.153094,1.488564,-0.614722,0.078100,-3.090350,1.305130,1.939200,0
45.980000,0.670128,-0.145932,1.481157,-0.614876,0.075103,-3.090351,1.303875,2.243800,0
46.000000,0.668578,-0.137402,1.500414,-0.615030,0.072107,-3.090352,1.300593,2.004800,0
46.020000,0.671720,-0.125734,1.495536,-0.615184,0.069110,-3.090353,1.301570,2.042900,0
46.040000,0.672114,-0.120647,1.494806,-0.615337,0.066114,-3.090354,1.300926,2.028500,0
46.060000,0.672403,-0.110066,1.538481,-0.615491,0.063117,-3.090354,1.299485,2.157300,0
46.080000,0.672822,-0.091184,1.531851,-0.615645,0.060121,-3.090354,1.297320,2.082300,0
46.100000,0.672253,-0.118278,1.489132,-0.615798,0.057125,-3.090355,1.299939,2.110700,0
46.120000,0.672411,-0.105348,1.518826,-0.615952,0.054129,-3.090355,1.298196,2.113900,0
46.140000,0.669659,-0.128844,1.489883,-0.616106,0.051132,-3.090355,1.298300,3.038900,0
46.160000,0.670125,-0.101329,1.515869,-0.616259,0.048136,-3.090355,1.295038,1.961300,0
46.180000,0.671694,-0.106090,1.510135,-0.616413,0.045140,-3.090355,1.296954,1.924500,0
46.200000,0.673420,-0.103261,1.495113,-0.616566,0.042144,-3.090355,1.298155,1.907100,0
46.220000,0.675158,-0.096831,1.508110,-0.616720,0.039148,-3.090355,1.299014,1.914800,0
46.240000,0.675427,-0.068272,1.525178,-0.616874,0.036152,-3.090355,1.296513,1.902500,0
46.260000,0.674179,-0.079891,1.512832,-0.617027,0.033156,-3.090355,1.296145,1.905700,0
46.280000,0.674814,-0.079766,1.506661,-0.617181,0.030160,-3.090355,1.296663,2.156000,0
46.300000,0.674191,-0.092302,1.506217,-0.617335,0.027164,-3.090355,1.297040,1.909700,0
46.320000,0.674367,-0.079781,1.495505,-0.617488,0.024167,-3.090355,1.296030,1.913800,0
46.340000,0.675189,-0.074150,1.504674,-0.617642,0.021171,-3.090355,1.296340,1.896800,0
46.360000,0.675458,-0.068137,1.515664,-0.617795,0.018175,-3.090355,1.296130,1.912700,0
46.380000,0.676665,-0.061666,1.503949,-0.617949,0.015179,-3.090355,1.296893,1.921000,0
46.400000,0.677460,-0.075388,1.495866,-0.618103,0.012183,-3.090355,1.298520,1.909200,0
46.420000,0.676886,-0.079058,1.503613,-0.618256,0.009187,-3.090355,1.298145,1.914600,0
46.440000,0.677775,-0.063242,1.516701,-0.618410,0.006191,-3.090355,1.298043,1.968000,0
46.460000,0.677061,-0.064855,1.500747,-0.618564,0.003195,-3.090355,1.297411,2.111300,0
46.480000,0.676745,-0.046873,1.522400,-0.618717,0.000199,-3.090355,1.296317,1.957600,0
46.500000,0.676014,-0.066581,1.495433,-0.618871,-0.002797,-3.090355,1.296455,1.992900,0
46.520000,0.677603,-0.040002,1.514624,-0.619025,-0.005793,-3.090355,1.297079,1.988600,0
46.540000,0.676840,-0.043447,1.501329,-0.619178,-0.008789,-3.090355,1.296482,1.956700,0
46.560000,0.677110,-0.060314,1.492173,-0.619332,-0.011785,-3.090355,1.297350,1.961900,0
46.580000,0.679000,-0.043809,1.510030,-0.619486,-0.014781,-3.090355,1.298811,2.002000,0
46.600000,0.681188,-0.045089,1.497374,-0.619639,-0.017778,-3.090355,1.301113,2.104200,0
46.620000,0.680775,-0.052087,1.495141,-0.619793,-0.020774,-3.090355,1.300945,2.013200,0
46.640000,0.680923,-0.030071,1.506291,-0.619946,-0.023770,-3.090355,1.300884,2.000900,0
46.660000,0.680269,-0.038123,1.504412,-0.620100,-0.026766,-3.090355,1.300419,2.005300,0
46.680000,0.681513,-0.027731,1.499318,-0.620254,-0.029762,-3.090355,1.301768,2.027100,0
46.700000,0.681383,-0.015920,1.524985,-0.620407,-0.032758,-3.090355,1.301899,2.054100,0
46.720000,0.682424,-0.029379,1.496528,-0.620561,-0.035754,-3.090355,1.303000,2.058200,0
46.740000,0.681660,-0.024741,1.512630,-0.620715,-0.038750,-3.090355,1.302450,2.063800,0
46.760000,0.684046,-0.005877,1.516235,-0.620868,-0.041746,-3.090355,1.305407,2.156200,0
46.780000,0.681984,-0.018489,1.511059,-0.621022,-0.044742,-3.090355,1.303271,2.090400,0
46.800000,0.683484,-0.014201,1.505453,-0.621176,-0.047738,-3.090355,1.305091,2.024100,0
46.820000,0.681928,-0.016123,1.495330,-0.621329,-0.050734,-3.090355,1.303716,2.071300,0
46.840000,0.682633,-0.014020,1.483248,-0.621483,-0.053730,-3.090355,1.304720,2.006600,0
46.860000,0.682161,-0.008630,1.500703,-0.621637,-0.056726,-3.090355,1.304684,2.019900,0
46.880000,0.681455,-0.019218,1.503534,-0.621790,-0.059722,-3.090355,1.303874,2.046200,0
46.900000,0.684278,0.000562,1.496351,-0.621944,-0.062718,-3.090355,1.307754,2.059400,0
46.920000,0.682616,-0.000486,1.493795,-0.622098,-0.065715,-3.090355,1.306343,2.103800,0
46.940000,0.683323,0.001064,1.496777,-0.622251,-0.068711,-3.090355,1.307437,2.065100,0
46.960000,0.682479,0.022338,1.509312,-0.622405,-0.071707,-3.090355,1.308268,2.062400,0
46.980000,0.681786,0.015228,1.505216,-0.622558,-0.074703,-3.090355,1.307440,2.051300,0
47.000000,0.681094,0.016961,1.514667,-0.622712,-0.077699,-3.090355,1.307238,2.039700,0
47.020000,0.685103,0.038193,1.529329,-0.622866,-0.080695,-3.090355,1.313361,2.017200,0
47.040000,0.684642,0.025086,1.514156,-0.623019,-0.083691,-3.090355,1.312177,2.040900,0
47.060000,0.683851,0.039688,1.511647,-0.623173,-0.086687,-3.090355,1.313119,2.205100,0
47.080000,0.684514,0.030562,1.517539,-0.623327,-0.089683,-3.090355,1.313357,2.014900,0
47.100000,0.683629,0.028741,1.489945,-0.623480,-0.092679,-3.090355,1.312737,2.054700,0
47.120000,0.683500,0.023626,1.485029,-0.623634,-0.095675,-3.090355,1.312567,2.052100,0
47.140000,0.682026,0.036956,1.500277,-0.623788,-0.098671,-3.090355,1.312839,2.059000,0
47.160000,0.683019,0.062358,1.517553,-0.623941,-0.101667,-3.090355,1.317213,2.051800,0
47.180000,0.681159,0.043341,1.520236,-0.624095,-0.104663,-3.090355,1.313618,2.059800,0
47.200000,0.685838,0.054202,1.502042,-0.624249,-0.107659,-3.090355,1.320048,2.056100,0
47.220000,0.683928,0.043231,1.498587,-0.624402,-0.110655,-3.090355,1.317349,2.125900,0
47.240000,0.681118,0.042890,1.507146,-0.624556,-0.113652,-3.090355,1.315024,2.056100,0
47.260000,0.681160,0.044581,1.499803,-0.624709,-0.116648,-3.090355,1.315784,2.063500,0
47.280000,0.683748,0.077085,1.517701,-0.624863,-0.119644,-3.090355,1.323316,2.061800,0
47.300000,0.683294,0.070501,1.524883,-0.625017,-0.122640,-3.090355,1.322490,2.030400,0
47.320000,0.684368,0.067486,1.488943,-0.625170,-0.125636,-3.090355,1.323701,2.021300,0
47.340000,0.683632,0.047002,1.474960,-0.625324,-0.128632,-3.090355,1.320687,2.055500,0
47.360000,0.686805,0.064915,1.471168,-0.625478,-0.131628,-3.090355,1.326920,2.072000,0
47.380000,0.687153,0.078297,1.509472,-0.625631,-0.134624,-3.090355,1.329939,2.159500,0
47.400000,0.686108,0.078166,1.514300,-0.625785,-0.137620,-3.090355,1.329521,2.060600,0
47.420000,0.687628,0.081702,1.509445,-0.625939,-0.140616,-3.090355,1.332247,2.026400,0
47.440000,0.685541,0.068673,1.503989,-0.626092,-0.143612,-3.090355,1.328701,2.063100,0
47.460000,0.686659,0.078905,1.482624,-0.626246,-0.146608,-3.090355,1.332132,2.057200,0
47.480000,0.687404,0.092176,1.498636,-0.626400,-0.149604,-3.090355,1.335866,2.032100,0
47.500000,0.686349,0.087938,1.508701,-0.626553,-0.152600,-3.090355,1.334755,2.010600,0
47.520000,0.687395,0.097069,1.481789,-0.626707,-0.155596,-3.090355,1.338172,2.170800,0
47.540000,0.688655,0.097019,1.484169,-0.626861,-0.158592,-3.090355,1.340119,2.019800,0
47.560000,0.688525,0.094188,1.491815,-0.627014,-0.161589,-3.090355,1.340173,2.026600,0
47.580000,0.687685,0.091547,1.498205,-0.627168,-0.164585,-3.090355,1.339568,2.027600,0
47.600000,0.688507,0.118200,1.502717,-0.627321,-0.167581,-3.090355,1.346504,2.021600,0
47.620000,0.688300,0.098805,1.510867,-0.627475,-0.170577,-3.090355,1.343068,1.982500,0
47.640000,0.688784,0.119374,1.495576,-0.627629,-0.173573,-3.090355,1.348614,2.053900,0
47.660000,0.688322,0.108011,1.487718,-0.627782,-0.176569,-3.090355,1.346520,2.029300,0
47.680000,0.689682,0.108816,1.477343,-0.627936,-0.179565,-3.090355,1.348808,2.087000,0
47.700000,0.689978,0.117123,1.488757,-0.628090,-0.182561,-3.090355,1.351708,2.028800,0
47.720000,0.691121,0.130330,1.506783,-0.628243,-0.185557,-3.090355,1.356652,2.070300,0
47.740000,0.690714,0.118832,1.498521,-0.628397,-0.188553,-3.090355,1.354451,2.018300,0
47.760000,0.690771,0.134540,1.500767,-0.628551,-0.191549,-3.090355,1.359023,1.974100,0
47.780000,0.690065,0.126828,1.508674,-0.628704,-0.194545,-3.090355,1.357362,2.021400,0
47.800000,0.689246,0.127504,1.511347,-0.628858,-0.197541,-3.090355,1.357590,2.016700,0
47.820000,0.690274,0.147699,1.518371,-0.629012,-0.200537,-3.090355,1.364472,2.022100,0
47.840000,0.689413,0.133279,1.490753,-0.629165,-0.203533,-3.090355,1.360915,2.108700,0
47.860000,0.691474,0.152158,1.494941,-0.629319,-0.206529,-3.090355,1.368630,1.919700,0
47.880000,0.690384,0.147127,1.503231,-0.629472,-0.209526,-3.090355,1.367194,1.976900,0
47.900000,0.691774,0.146978,1.495086,-0.629626,-0.212522,-3.090355,1.369430,1.981900,0
47.920000,0.691708,0.131353,1.494586,-0.629591,-0.213386,-3.100681,1.365532,1.972800,0
47.940000,0.691276,0.146473,1.520802,-0.629583,-0.213560,-3.120678,1.369048,2.007500,0
47.960000,0.692172,0.149330,1.552130,-0.629582,-0.213559,-3.138698,1.370665,2.020800,0
47.980000,0.691297,0.153140,1.598732,-0.629581,-0.213556,3.126499,1.370833,1.880900,0
48.000000,0.692171,0.149648,1.582121,-0.629580,-0.213553,3.108509,1.370745,2.048100,0
48.020000,0.693430,0.154407,1.612769,-0.629501,-0.215700,3.098912,1.373727,1.830700,0
48.040000,0.693956,0.158486,1.588594,-0.629498,-0.215712,3.098826,1.375338,1.870600,0
48.060000,0.693330,0.142177,1.579784,-0.629368,-0.218245,3.098808,1.370925,1.818800,0
48.080000,0.693372,0.146546,1.590547,-0.629238,-0.221244,3.098810,1.372795,1.881300,0
48.100000,0.692448,0.164840,1.591318,-0.629108,-0.224243,3.098812,1.377642,1.896300,0
48.120000,0.692718,0.183657,1.603858,-0.628979,-0.227241,3.098814,1.384095,1.863300,0
48.140000,0.693321,0.181937,1.603080,-0.628850,-0.230240,3.098815,1.384928,1.864800,0
48.160000,0.695512,0.173184,1.600068,-0.628721,-0.233238,3.098817,1.385198,2.010100,0
48.180000,0.694531,0.189184,1.617769,-0.628592,-0.236236,3.098818,1.389834,1.870100,0
48.200000,0.694471,0.172858,1.582630,-0.628464,-0.239233,3.098818,1.385632,1.900800,0
48.220000,0.693844,0.189804,1.612850,-0.628335,-0.242231,3.098819,1.390975,1.867700,0
48.240000,0.692412,0.187217,1.595318,-0.628207,-0.245229,3.098820,1.389620,1.943600,0
48.260000,0.691744,0.214599,1.626320,-0.628079,-0.248226,3.098820,1.398621,1.913200,0
48.280000,0.693387,0.183868,1.605621,-0.627950,-0.251224,3.098820,1.391128,1.909200,0
48.300000,0.691968,0.196291,1.597473,-0.627822,-0.254221,3.098820,1.394563,1.908900,0
48.320000,0.690959,0.214271,1.609109,-0.627694,-0.257219,3.098821,1.400410,1.840900,0
48.340000,0.692141,0.210153,1.605624,-0.627565,-0.260216,3.098821,1.401025,1.891100,0
48.360000,0.690443,0.211288,1.616544,-0.627437,-0.263213,3.098821,1.400700,1.865000,0
48.380000,0.692654,0.195144,1.604066,-0.627309,-0.266211,3.098821,1.398267,1.942700,0
48.400000,0.693140,0.207544,1.584040,-0.627181,-0.269208,3.098821,1.403759,2.013400,0
48.420000,0.691630,0.217990,1.593723,-0.627052,-0.272205,3.098821,1.406845,1.976000,0
48.440000,0.692202,0.221527,1.623231,-0.626924,-0.275203,3.098821,1.409551,1.969600,0
48.460000,0.692403,0.228628,1.601165,-0.626796,-0.278200,3.098821,1.413209,1.918600,0
48.480000,0.692461,0.229385,1.610255,-0.626668,-0.281197,3.098821,1.414494,1.909400,0
48.500000,0.693851,0.220286,1.591583,-0.626539,-0.284194,3.098821,1.413481,2.068900,0
48.520000,0.691986,0.224610,1.611794,-0.626411,-0.287192,3.098821,1.414253,1.972700,0
48.540000,0.691782,0.231862,1.604831,-0.626283,-0.290189,3.098821,1.417686,1.975700,0
48.560000,0.691311,0.238447,1.625123,-0.626155,-0.293186,3.098821,1.420687,2.002200,0
48.580000,0.693350,0.227168,1.580746,-0.626026,-0.296183,3.098821,1.419384,2.026600,0
48.600000,0.691950,0.248356,1.596526,-0.625898,-0.299181,3.098821,1.427067,2.034300,0
48.620000,0.693376,0.233284,1.602337,-0.625770,-0.302178,3.098821,1.423681,2.023300,0
48.640000,0.692795,0.262589,1.608153,-0.625642,-0.305175,3.098821,1.435490,2.003500,0
48.660000,0.693019,0.247096,1.598854,-0.625513,-0.308173,3.098821,1.430682,2.002600,0
48.680000,0.690900,0.266963,1.605728,-0.625385,-0.311170,3.098821,1.437652,2.058500,0
48.700000,0.691193,0.255145,1.597464,-0.625257,-0.314167,3.098821,1.434279,2.024500,0
48.720000,0.691636,0.245652,1.597166,-0.625128,-0.317164,3.098821,1.432002,1.970300,0
48.740000,0.691896,0.253555,1.577282,-0.625000,-0.320162,3.098821,1.436442,2.029600,0
48.760000,0.692346,0.253402,1.597783,-0.624872,-0.323159,3.098821,1.437875,2.014200,0
48.780000,0.691792,0.259310,1.593899,-0.624744,-0.326156,3.098821,1.440846,1.954700,0
48.800000,0.691136,0.273707,1.588650,-0.624615,-0.329153,3.098821,1.447288,2.060100,0
48.820000,0.691684,0.282279,1.594761,-0.624487,-0.332151,3.098821,1.452525,1.963900,0
48.840000,0.691619,0.267367,1.587936,-0.624359,-0.335148,3.098821,1.447350,2.093700,0
48.860000,0.691967,0.279633,1.600059,-0.624231,-0.338145,3.098821,1.453969,2.072700,0
48.880000,0.691469,0.294052,1.598119,-0.624102,-0.341142,3.098821,1.460890,2.087600,0
48.900000,0.693069,0.286305,1.581412,-0.623974,-0.344140,3.098821,1.460158,2.032900,0
48.920000,0.693804,0.282947,1.602755,-0.623846,-0.347137,3.098821,1.460550,2.056000,0
48.940000,0.693140,0.302405,1.605896,-0.623717,-0.350134,3.098821,1.469667,2.056800,0
48.960000,0.692795,0.282382,1.584504,-0.623589,-0.353131,3.098821,1.461760,2.108200,0
48.980000,0.693280,0.286908,1.574700,-0.623461,-0.356129,3.098821,1.465368,2.065300,0
49.000000,0.692725,0.303453,1.596223,-0.623333,-0.359126,3.098821,1.473438,2.061300,0
49.020000,0.693501,0.305773,1.614486,-0.623302,-0.360019,3.088889,1.475550,2.029300,0
49.040000,0.694351,0.291821,1.613025,-0.623293,-0.360192,3.068892,1.470139,2.014900,0
49.060000,0.693344,0.308755,1.676917,-0.623292,-0.360200,3.050769,1.476831,1.973600,0
49.080000,0.694937,0.293340,1.674006,-0.623291,-0.360197,3.032781,1.471338,1.889300,0
49.100000,0.694290,0.301513,1.682091,-0.623290,-0.360193,3.014777,1.474405,1.995200,0
49.120000,0.693401,0.303558,1.699674,-0.623289,-0.360187,2.996747,1.474528,1.899700,0
49.140000,0.696665,0.286570,1.702828,-0.623288,-0.360181,2.978704,1.469885,1.928600,0
49.160000,0.698669,0.280247,1.707655,-0.622887,-0.362477,2.971108,1.469559,2.037700,0
49.180000,0.695298,0.300224,1.708546,-0.622375,-0.365436,2.971109,1.476267,1.973400,0
49.200000,0.691351,0.325513,1.717038,-0.621864,-0.368395,2.971111,1.485275,1.918300,0
49.220000,0.693297,0.313096,1.722630,-0.621354,-0.371353,2.971114,1.482153,1.972500,0
49.240000,0.695949,0.303203,1.708761,-0.620844,-0.374311,2.971118,1.480868,1.912100,0
49.260000,0.696307,0.311298,1.719689,-0.620334,-0.377269,2.971120,1.485822,1.911000,0
49.280000,0.693680,0.324146,1.720545,-0.619825,-0.380227,2.971122,1.490449,2.050700,0
49.300000,0.697244,0.315817,1.724866,-0.619315,-0.383184,2.971124,1.490614,1.871900,0
49.320000,0.691491,0.356603,1.750779,-0.618806,-0.386142,2.971125,1.506170,1.869800,0
49.340000,0.692403,0.344839,1.748864,-0.618297,-0.389099,2.971126,1.502199,1.862700,0
49.360000,0.692738,0.335773,1.728862,-0.617788,-0.392056,2.971127,1.499071,1.831800,0
49.380000,0.693030,0.341127,1.732360,-0.617279,-0.395013,2.971128,1.502934,1.867800,0
49.400000,0.692392,0.342237,1.722402,-0.616770,-0.397969,2.971128,1.503932,1.894300,0
49.420000,0.693371,0.335156,1.725337,-0.616261,-0.400926,2.971129,1.502315,1.893600,0
49.440000,0.693316,0.346361,1.725221,-0.615752,-0.403883,2.971129,1.508816,2.202800,0
49.460000,0.690135,0.355616,1.737394,-0.615243,-0.406840,2.971129,1.511738,1.938000,0
49.480000,0.690452,0.361918,1.734316,-0.614734,-0.409796,2.971129,1.516263,1.910500,0
49.500000,0.692412,0.355799,1.739479,-0.614226,-0.412753,2.971129,1.515907,1.895700,0
49.520000,0.688881,0.371287,1.738420,-0.613717,-0.415710,2.971129,1.521882,1.892700,0
49.540000,0.690632,0.354474,1.715851,-0.613208,-0.418666,2.971129,1.515831,1.975300,0
49.560000,0.689767,0.352392,1.732160,-0.612699,-0.421623,2.971129,1.515097,1.901300,0
49.580000,0.687887,0.361930,1.708339,-0.612190,-0.424579,2.971129,1.519472,1.902200,0
49.600000,0.687128,0.367005,1.719320,-0.611681,-0.427536,2.971129,1.522563,2.239700,0
49.620000,0.685763,0.380858,1.736098,-0.611172,-0.430492,2.971129,1.529813,1.955500,0
49.640000,0.688150,0.366392,1.722410,-0.610663,-0.433449,2.971129,1.525340,1.954200,0
49.660000,0.686100,0.378022,1.747837,-0.610576,-0.434171,2.958936,1.530041,2.009600,0
49.680000,0.687422,0.382109,1.769241,-0.610544,-0.434341,2.938938,1.533397,2.029300,0
49.700000,0.685771,0.382163,1.790989,-0.610544,-0.434340,2.920919,1.532028,2.052600,0
49.720000,0.684628,0.384751,1.802792,-0.610544,-0.434336,2.902921,1.532441,2.039200,0
49.740000,0.689089,0.366773,1.797376,-0.610543,-0.434331,2.884910,1.526699,2.146600,0
49.760000,0.686785,0.378868,1.845868,-0.610542,-0.434327,2.866892,1.531125,2.127400,0
49.780000,0.686050,0.385091,1.841900,-0.609841,-0.436706,2.860932,1.534498,2.051900,0
49.800000,0.690897,0.367221,1.816278,-0.609008,-0.439591,2.860930,1.529934,2.092900,0
49.820000,0.687864,0.376698,1.840967,-0.608175,-0.442476,2.860931,1.533220,2.126800,0
49.840000,0.685083,0.388490,1.834076,-0.607343,-0.445361,2.860935,1.538074,2.116900,0
49.860000,0.685321,0.385875,1.842528,-0.606511,-0.448245,2.860937,1.537721,2.104400,0
49.880000,0.685350,0.382011,1.847100,-0.605679,-0.451129,2.860939,1.536515,2.126700,0
49.900000,0.681004,0.401766,1.853957,-0.604848,-0.454012,2.860941,1.544595,2.333500,0
49.920000,0.679932,0.408765,1.842338,-0.604016,-0.456896,2.860942,1.548513,2.144400,0
49.940000,0.681823,0.405171,1.844264,-0.603185,-0.459779,2.860943,1.548995,2.145700,0
49.960000,0.682268,0.402213,1.833231,-0.602354,-0.462662,2.860944,1.548632,2.181800,0
49.980000,0.680009,0.416091,1.862334,-0.601523,-0.465545,2.860945,1.555508,2.174900,0
50.000000,0.682844,0.408348,1.838683,-0.600692,-0.468428,2.860945,1.554413,2.171800,0
50.020000,0.680098,0.414372,1.843661,-0.599861,-0.471311,2.860946,1.556511,2.148700,0
50.040000,0.675084,0.429745,1.854399,-0.599030,-0.474194,2.860946,1.562200,2.346100,0
50.060000,0.679806,0.412703,1.852229,-0.598199,-0.477077,2.860946,1.557242,2.167400,0
50.080000,0.678076,0.418865,1.829222,-0.597368,-0.479959,2.860946,1.560334,2.166300,0
50.100000,0.678911,0.414231,1.814274,-0.596537,-0.482842,2.860946,1.559330,2.214700,0
50.120000,0.678385,0.424417,1.824767,-0.595706,-0.485725,2.860947,1.565780,2.271500,0
50.140000,0.670400,0.451719,1.859901,-0.594875,-0.488608,2.860947,1.576431,2.271400,0
50.160000,0.678374,0.426527,1.833785,-0.594044,-0.491490,2.860947,1.569014,2.223000,0
50.180000,0.671021,0.454648,1.836067,-0.593214,-0.494373,2.860947,1.580801,2.679300,0
50.200000,0.677214,0.434038,1.834511,-0.592383,-0.497256,2.860947,1.574543,2.208100,0
50.220000,0.672948,0.451576,1.847800,-0.591552,-0.500138,2.860947,1.582631,2.235400,0
50.240000,0.668210,0.460279,1.843490,-0.590721,-0.503021,2.860947,1.585198,2.220300,0
50.260000,0.672952,0.446301,1.832746,-0.589890,-0.505904,2.860947,1.581602,2.321500,0
50.280000,0.670140,0.454196,1.829541,-0.589059,-0.508786,2.860947,1.585218,2.263600,0
50.300000,0.667312,0.464497,1.834438,-0.588228,-0.511669,2.860947,1.590372,2.280400,0
50.320000,0.669720,0.448167,1.832160,-0.587397,-0.514552,2.860947,1.583404,2.387600,0
50.340000,0.671293,0.450995,1.839306,-0.587289,-0.515159,2.847351,1.586657,2.247900,0
50.360000,0.668511,0.457105,1.863922,-0.587250,-0.515288,2.827789,1.588233,2.229200,0
50.380000,0.668106,0.458651,1.901523,-0.587250,-0.515286,2.809784,1.588859,2.239400,0
50.400000,0.671523,0.450814,1.896235,-0.587250,-0.515281,2.791782,1.586773,2.264200,0
50.420000,0.671670,0.447424,1.925947,-0.587249,-0.515277,2.773773,1.584825,2.253200,0
50.440000,0.670786,0.449372,1.939459,-0.587249,-0.515272,2.755761,1.585305,2.250000,0
50.460000,0.673368,0.445353,1.952571,-0.587248,-0.515268,2.737746,1.584912,2.292800,0
50.480000,0.674614,0.443973,1.970359,-0.587248,-0.515264,2.719732,1.585066,2.220500,0
50.500000,0.665886,0.469466,1.995298,-0.587247,-0.515260,2.701718,1.593746,2.207600,0
50.520000,0.667915,0.469622,2.021790,-0.587246,-0.515257,2.683705,1.595437,2.216900,0
50.540000,0.670665,0.460578,2.028413,-0.587245,-0.515253,2.665694,1.592037,2.227800,0
50.560000,0.660608,0.479178,2.085396,-0.587244,-0.515250,2.647684,1.595626,2.204700,0
50.580000,0.670524,0.461597,2.066862,-0.587244,-0.515247,2.629676,1.592546,2.289400,0
50.600000,0.668364,0.468791,2.097774,-0.587243,-0.515244,2.611669,1.595266,2.245600,0
50.620000,0.671683,0.460135,2.114184,-0.587242,-0.515241,2.593664,1.592561,2.266100,0
50.640000,0.677804,0.453256,2.123403,-0.587241,-0.515238,2.575661,1.593211,2.219200,0
50.660000,0.677020,0.457554,2.145726,-0.587240,-0.515236,2.557659,1.595203,2.232300,0
50.680000,0.676607,0.461440,2.177637,-0.587239,-0.515233,2.539658,1.597247,2.192900,0
50.700000,0.680914,0.455231,2.176037,-0.587238,-0.515231,2.521659,1.596874,2.248600,0
50.720000,0.682522,0.455191,2.216473,-0.587237,-0.515228,2.503660,1.598124,2.230100,0
50.740000,0.671899,0.465891,2.208913,-0.587236,-0.515226,2.485663,1.596249,2.439800,0
50.760000,0.666420,0.478467,2.240144,-0.587235,-0.515224,2.467666,1.599710,2.218000,0
50.780000,0.676229,0.463348,2.232960,-0.587234,-0.515222,2.449671,1.598104,2.256100,0
50.800000,0.680628,0.455980,2.258489,-0.587233,-0.515219,2.431676,1.597091,2.316900,0
50.820000,0.687261,0.440640,2.224074,-0.587232,-0.515217,2.413682,1.593109,2.247300,0
50.840000,0.672459,0.463394,2.316929,-0.587231,-0.515215,2.395688,1.595147,2.274100,0
50.860000,0.674068,0.462663,2.336981,-0.587230,-0.515213,2.377695,1.595968,2.269100,0
50.880000,0.667452,0.474976,2.356992,-0.587230,-0.515211,2.359702,1.598342,2.367100,0
50.900000,0.676970,0.462616,2.363179,-0.587229,-0.515209,2.341710,1.598230,2.263500,0
50.920000,0.679517,0.464128,2.367207,-0.587228,-0.515207,2.323719,1.601168,2.242800,0
50.940000,0.688353,0.453056,2.391522,-0.587227,-0.515205,2.305727,1.601447,2.223000,0
50.960000,0.678785,0.462989,2.415083,-0.587226,-0.515203,2.287737,1.599889,2.198900,0
50.980000,0.675512,0.469175,2.430436,-0.587225,-0.515201,2.269746,1.601093,2.230400,0
51.000000,0.685973,0.458069,2.441215,-0.587225,-0.515199,2.251756,1.602587,2.212400,0
51.020000,0.682939,0.463128,2.459800,-0.587224,-0.515197,2.233766,1.603257,2.372000,0
51.040000,0.680569,0.467373,2.495814,-0.587223,-0.515195,2.215777,1.603976,1.913700,0
51.060000,0.692959,0.458227,2.482349,-0.587223,-0.515193,2.197788,1.608232,1.850300,0
51.080000,0.686338,0.460736,2.505424,-0.587222,-0.515192,2.179799,1.604491,1.816700,0
51.100000,0.691703,0.454689,2.497917,-0.587221,-0.515190,2.161811,1.605089,1.881700,0
51.120000,0.693368,0.454010,2.524962,-0.587221,-0.515188,2.143822,1.606006,1.852300,0
51.140000,0.688749,0.458687,2.527462,-0.587220,-0.515186,2.125834,1.605156,1.850500,0
51.160000,0.692583,0.456768,2.580487,-0.587219,-0.515184,2.107847,1.607042,1.844500,0
51.180000,0.675006,0.467546,2.608578,-0.587219,-0.515182,2.089859,1.599677,2.067200,0
51.200000,0.669371,0.475335,2.626438,-0.587218,-0.515180,2.071872,1.600042,1.856200,0
51.220000,0.691462,0.462363,2.641136,-0.587218,-0.515178,2.053885,1.609537,1.856900,0
51.240000,0.686660,0.465568,2.651601,-0.587217,-0.515176,2.035898,1.607676,1.845500,0
51.260000,0.693379,0.462890,2.669329,-0.587216,-0.515175,2.017912,1.611376,1.833000,0
51.280000,0.681821,0.469592,2.693595,-0.587216,-0.515173,1.999925,1.606305,1.851000,0
51.300000,0.678703,0.471843,2.710984,-0.587216,-0.515171,1.981939,1.605225,1.833700,0
51.320000,0.684799,0.471318,2.732873,-0.587215,-0.515169,1.963953,1.609713,1.846600,0
51.340000,0.675368,0.477499,2.751481,-0.587215,-0.515167,1.945967,1.606083,1.848500,0
51.360000,0.690801,0.470297,2.771730,-0.587214,-0.515165,1.927982,1.613834,1.995700,0
51.380000,0.691897,0.470612,2.763737,-0.587214,-0.515163,1.909997,1.614892,1.848900,0
51.400000,0.691227,0.470903,2.795203,-0.584968,-0.516128,1.908522,1.613351,1.821100,0
51.420000,0.681800,0.474709,2.779244,-0.582134,-0.517123,1.908524,1.606630,1.922900,0
51.440000,0.683404,0.475291,2.779803,-0.579300,-0.518119,1.908537,1.606638,1.921800,0
51.460000,0.673131,0.480974,2.780289,-0.576467,-0.519114,1.908546,1.600522,1.924200,0
51.480000,0.667544,0.482838,2.803725,-0.573635,-0.520110,1.908553,1.595754,1.917100,0
51.500000,0.668874,0.484930,2.794032,-0.570802,-0.521105,1.908558,1.596528,1.924500,0
51.520000,0.668479,0.485074,2.784463,-0.567971,-0.522100,1.908561,1.594744,2.474000,0
51.540000,0.670056,0.486896,2.775631,-0.565139,-0.523095,1.908563,1.595552,1.940800,0
51.560000,0.665285,0.491534,2.795268,-0.562308,-0.524090,1.908564,1.593260,1.944800,0
51.580000,0.658222,0.492332,2.781078,-0.559477,-0.525084,1.908565,1.586797,1.964200,0
51.600000,0.660458,0.489489,2.796326,-0.556646,-0.526079,1.908566,1.585156,1.983800,0
51.620000,0.652084,0.493131,2.785087,-0.553815,-0.527073,1.908567,1.579560,1.926300,0
51.640000,0.655235,0.492540,2.799795,-0.550984,-0.528068,1.908567,1.580065,1.999400,0
51.660000,0.646384,0.494034,2.793685,-0.548153,-0.529062,1.908568,1.572782,2.078300,0
51.680000,0.650239,0.493178,2.795874,-0.545323,-0.530057,1.908569,1.573652,2.055600,0
51.700000,0.645659,0.495304,2.785954,-0.542492,-0.531051,1.908569,1.570066,1.964600,0
51.720000,0.647952,0.491877,2.783619,-0.539662,-0.532045,1.908569,1.568070,1.994200,0
51.740000,0.631171,0.496425,2.789958,-0.536831,-0.533040,1.908569,1.556928,2.016800,0
51.760000,0.635005,0.493970,2.751930,-0.534000,-0.534034,1.908570,1.556716,2.013700,0
51.780000,0.635021,0.493336,2.773300,-0.531170,-0.535028,1.908570,1.554843,2.025200,0
51.800000,0.625631,0.493979,2.777550,-0.528339,-0.536022,1.908570,1.546787,1.987000,0
51.820000,0.632546,0.491135,2.797967,-0.525509,-0.537017,1.908570,1.548608,2.176700,0
51.840000,0.622814,0.493341,2.784415,-0.522678,-0.538011,1.908570,1.541376,1.998000,0
51.860000,0.615230,0.499583,2.787329,-0.519848,-0.539005,1.908570,1.538527,2.010700,0
51.880000,0.618732,0.498502,2.787059,-0.517017,-0.539999,1.908570,1.538965,2.084400,0
51.900000,0.628554,0.495874,2.786973,-0.514187,-0.540993,1.908570,1.543032,2.017000,0
51.920000,0.615555,0.502272,2.806384,-0.513685,-0.541055,1.892752,1.537437,2.026500,0
51.940000,0.615249,0.502268,2.809925,-0.513597,-0.541031,1.873670,1.537129,2.017100,0
51.960000,0.631034,0.497771,2.812438,-0.513600,-0.541029,1.855682,1.545734,2.018800,0
51.980000,0.632195,0.495717,2.839708,-0.513603,-0.541027,1.837693,1.545216,2.102300,0
52.000000,0.622915,0.498190,2.859364,-0.513605,-0.541025,1.819702,1.540014,2.019200,0
52.020000,0.617683,0.501348,2.886711,-0.513606,-0.541023,1.801710,1.538295,2.074000,0
52.040000,0.615900,0.501264,2.911000,-0.513607,-0.541021,1.783719,1.536927,2.080500,0
52.060000,0.625143,0.500381,2.913044,-0.513608,-0.541018,1.765728,1.543135,2.016400,0
52.080000,0.619535,0.504015,2.919441,-0.511284,-0.541501,1.758592,1.540083,2.013200,0
52.100000,0.619600,0.504479,2.922904,-0.508334,-0.542060,1.758595,1.538661,2.079300,0
52.120000,0.622700,0.505389,2.916998,-0.505383,-0.542620,1.758602,1.539771,2.133200,0
52.140000,0.608956,0.511142,2.930652,-0.502433,-0.543179,1.758607,1.531920,2.020100,0
52.160000,0.599797,0.512207,2.929721,-0.499484,-0.543739,1.758611,1.524283,2.035500,0
52.180000,0.607647,0.512052,2.949294,-0.496535,-0.544299,1.758614,1.528102,2.080900,0
52.200000,0.599236,0.512908,2.932227,-0.493587,-0.544859,1.758616,1.520899,2.035600,0
52.220000,0.582120,0.514190,2.948687,-0.490638,-0.545420,1.758618,1.507840,2.049200,0
52.240000,0.595817,0.509633,2.921409,-0.487690,-0.545980,1.758619,1.512715,2.073200,0
52.260000,0.583597,0.510951,2.936466,-0.484742,-0.546540,1.758620,1.503208,2.014700,0
52.280000,0.589622,0.510942,2.941316,-0.481795,-0.547100,1.758620,1.505784,2.158500,0
52.300000,0.585487,0.511115,2.944384,-0.478847,-0.547661,1.758621,1.501271,2.102300,0
52.320000,0.589229,0.512930,2.958671,-0.478188,-0.547741,1.745548,1.504793,2.041000,0
52.340000,0.595379,0.512549,2.954872,-0.478017,-0.547708,1.725547,1.508750,2.070500,0
52.360000,0.582940,0.513735,2.975461,-0.478019,-0.547706,1.707550,1.500763,2.059800,0
52.380000,0.576317,0.514150,3.007204,-0.478022,-0.547705,1.689562,1.496385,2.068900,0
52.400000,0.590982,0.511499,3.020286,-0.478024,-0.547703,1.671573,1.504887,2.070800,0
52.420000,0.584327,0.513517,3.054365,-0.478026,-0.547702,1.653583,1.501593,2.205300,0
52.440000,0.586454,0.513944,3.057064,-0.478028,-0.547700,1.635593,1.503400,2.032100,0
52.460000,0.576817,0.517960,3.088463,-0.478029,-0.547698,1.617604,1.499442,2.023600,0
52.480000,0.574754,0.519493,3.097795,-0.478030,-0.547696,1.599616,1.499082,2.052600,0
52.500000,0.583564,0.517557,3.116143,-0.475881,-0.547802,1.590020,1.502470,2.069900,0
52.520000,0.571457,0.519354,3.115870,-0.472879,-0.547857,1.590022,1.493177,2.067500,0
52.540000,0.577672,0.520066,3.111645,-0.469876,-0.547913,1.590026,1.495973,2.066500,0
52.560000,0.572848,0.518045,3.104042,-0.466874,-0.547969,1.590032,1.489096,2.059200,0
52.580000,0.561723,0.518338,3.123236,-0.463872,-0.548026,1.590036,1.479520,2.096700,0
52.600000,0.558862,0.518861,3.086202,-0.460871,-0.548083,1.590040,1.475881,2.112600,0
52.620000,0.564635,0.518457,3.101033,-0.457870,-0.548141,1.590043,1.477548,2.065600,0
52.640000,0.568010,0.518376,3.105765,-0.454870,-0.548198,1.590046,1.477790,2.059400,0
52.660000,0.562825,0.520777,3.092023,-0.451869,-0.548256,1.590048,1.473918,2.068100,0
52.680000,0.555852,0.518654,3.107219,-0.448869,-0.548314,1.590050,1.465566,2.083500,0
52.700000,0.554841,0.518880,3.115369,-0.445869,-0.548372,1.590051,1.463027,2.062500,0
52.720000,0.539543,0.520034,3.100653,-0.442869,-0.548429,1.590052,1.451463,2.068600,0
52.740000,0.535165,0.519233,3.094568,-0.439870,-0.548487,1.590052,1.445932,2.123600,0
52.760000,0.538437,0.518526,3.113932,-0.436870,-0.548545,1.590053,1.445636,2.033700,0
52.780000,0.548505,0.516684,3.091503,-0.433870,-0.548603,1.590053,1.449102,2.054500,0
52.800000,0.530527,0.518925,3.095707,-0.430871,-0.548661,1.590054,1.436672,2.066200,0
52.820000,0.542252,0.517483,3.097638,-0.427871,-0.548719,1.590054,1.441501,2.067700,0
52.840000,0.526154,0.519356,3.117699,-0.424872,-0.548777,1.590054,1.430160,2.072000,0
52.860000,0.533408,0.521440,3.092751,-0.421872,-0.548835,1.590054,1.434590,2.061800,0
52.880000,0.524262,0.522176,3.108505,-0.418872,-0.548892,1.590054,1.427126,2.391600,0
52.900000,0.528478,0.521129,3.106348,-0.415873,-0.548950,1.590054,1.427189,2.198400,0
52.920000,0.529179,0.520650,3.083742,-0.412873,-0.549008,1.590054,1.425352,1.920000,0
52.940000,0.498261,0.521081,3.127317,-0.409874,-0.549066,1.590054,1.403540,1.919700,0
52.960000,0.512253,0.519584,3.117816,-0.406874,-0.549124,1.590054,1.409585,1.911800,0
52.980000,0.500990,0.519434,3.110573,-0.403875,-0.549181,1.590054,1.400257,1.913800,0
53.000000,0.510937,0.520017,3.103421,-0.400876,-0.549239,1.590054,1.405244,1.909800,0
53.020000,0.493011,0.518477,3.111649,-0.397876,-0.549297,1.590054,1.390619,2.066600,0
53.040000,0.498879,0.519550,3.101729,-0.394877,-0.549355,1.590054,1.393326,2.392800,0
53.060000,0.500145,0.520670,3.084713,-0.391877,-0.549413,1.590054,1.393120,1.968500,0
53.080000,0.482758,0.522330,3.119100,-0.388878,-0.549470,1.590054,1.381486,1.919500,0
53.100000,0.488385,0.521233,3.104809,-0.385878,-0.549528,1.590054,1.382341,1.916500,0
53.120000,0.491396,0.522175,3.101469,-0.382879,-0.549586,1.590054,1.383123,1.904300,0
53.140000,0.480881,0.522997,3.140473,-0.379879,-0.549644,1.590054,1.375306,1.908300,0
53.160000,0.479420,0.523507,3.109387,-0.376880,-0.549701,1.590054,1.372962,1.911600,0
53.180000,0.468848,0.525641,3.114178,-0.373881,-0.549759,1.590054,1.366264,1.944800,0
53.200000,0.472191,0.523749,3.117222,-0.370881,-0.549817,1.590054,1.365033,1.957800,0
53.220000,0.449043,0.523188,3.138096,-0.367882,-0.549875,1.590054,1.348640,1.919800,0
53.240000,0.470882,0.523227,3.112298,-0.364882,-0.549933,1.590054,1.360211,1.949800,0
53.260000,0.481181,0.524271,3.097708,-0.361883,-0.549990,1.590054,1.365575,1.906200,0
53.280000,0.470658,0.524601,3.101103,-0.358883,-0.550048,1.590054,1.357575,1.905200,0
53.300000,0.465352,0.526078,3.091853,-0.355884,-0.550106,1.590054,1.353736,1.913700,0
53.320000,0.474813,0.525561,3.092028,-0.352884,-0.550164,1.590054,1.357301,1.963600,0
53.340000,0.450147,0.525487,3.101205,-0.349885,-0.550221,1.590054,1.340597,1.914500,0
53.360000,0.454258,0.525500,3.109871,-0.346886,-0.550279,1.590054,1.341317,2.062700,0
53.380000,0.433740,0.527457,3.128741,-0.343886,-0.550337,1.590054,1.329038,1.916500,0
53.400000,0.430683,0.525634,3.108767,-0.340887,-0.550395,1.590054,1.324069,1.910800,0
53.420000,0.435741,0.526312,3.129866,-0.337887,-0.550452,1.590054,1.325866,1.917700,0
53.440000,0.451247,0.526674,3.089822,-0.334888,-0.550510,1.590054,1.333542,1.914400,0
53.460000,0.431553,0.527618,3.129729,-0.331888,-0.550568,1.590054,1.321108,1.921400,0
53.480000,0.444632,0.529339,3.117706,-0.330964,-0.550553,1.580549,1.329555,1.994000,0
53.500000,0.433788,0.529102,-3.139662,-0.330791,-0.550551,1.560552,1.322963,1.952000,0
53.520000,0.429591,0.528432,-3.124643,-0.330777,-0.550550,1.542365,1.319985,2.111800,0
53.540000,0.432853,0.527551,-3.100834,-0.330780,-0.550549,1.524376,1.321149,1.988800,0
53.560000,0.430996,0.528992,-3.087562,-0.330783,-0.550548,1.506387,1.321255,1.963100,0
53.580000,0.428375,0.530536,-3.066342,-0.328594,-0.550394,1.497300,1.319626,1.964100,0
53.600000,0.409655,0.530855,-3.065497,-0.325600,-0.550171,1.497302,1.307371,1.950400,0
53.620000,0.439291,0.532123,-3.081486,-0.322605,-0.549949,1.497306,1.323392,1.968800,0
53.640000,0.415502,0.532227,-3.069354,-0.319612,-0.549727,1.497308,1.308059,1.957900,0
53.660000,0.419955,0.533070,-3.065989,-0.316618,-0.549505,1.497310,1.309393,1.981800,0
53.680000,0.411658,0.531960,-3.082133,-0.313625,-0.549284,1.497312,1.301970,2.284300,0
53.700000,0.394973,0.530795,-3.063605,-0.310632,-0.549063,1.497313,1.289950,1.968800,0
53.720000,0.404176,0.531106,-3.093261,-0.307640,-0.548842,1.497315,1.293434,2.008500,0
53.740000,0.407895,0.531005,-3.068910,-0.304647,-0.548622,1.497316,1.293565,1.987800,0
53.760000,0.398840,0.529393,-3.071605,-0.301655,-0.548401,1.497316,1.285431,2.008800,0
53.780000,0.409569,0.529151,-3.077232,-0.298662,-0.548181,1.497317,1.289277,1.985800,0
53.800000,0.402835,0.527628,-3.086168,-0.295670,-0.547961,1.497317,1.282498,2.013500,0
53.820000,0.375125,0.526423,-3.066604,-0.292678,-0.547740,1.497318,1.264827,2.082900,0
53.840000,0.381120,0.527048,-3.066522,-0.289686,-0.547520,1.497318,1.266759,2.012300,0
53.860000,0.382354,0.526503,-3.076578,-0.286694,-0.547300,1.497318,1.265179,2.006800,0
53.880000,0.383781,0.526378,-3.077826,-0.283702,-0.547080,1.497318,1.264059,2.008300,0
53.900000,0.399496,0.528490,-3.095912,-0.280710,-0.546860,1.497318,1.272422,2.012600,0
53.920000,0.375816,0.526891,-3.077051,-0.277718,-0.546639,1.497319,1.256811,2.007200,0
53.940000,0.383347,0.527201,-3.081521,-0.276869,-0.546591,1.486783,1.260522,2.012300,0
53.960000,0.374405,0.524939,-3.053043,-0.276696,-0.546576,1.466785,1.253824,2.011400,0
53.980000,0.386116,0.526261,-3.041864,-0.276695,-0.546575,1.448740,1.261070,2.102600,0
54.000000,0.380772,0.526531,-3.026024,-0.276698,-0.546575,1.430751,1.258500,2.010700,0
54.020000,0.376416,0.526179,-3.000109,-0.276701,-0.546574,1.412754,1.255930,2.014700,0
54.040000,0.388096,0.529398,-2.993912,-0.276706,-0.546573,1.394737,1.264783,2.012000,0
54.060000,0.388751,0.528559,-2.974245,-0.276711,-0.546572,1.376709,1.264415,2.010700,0
54.080000,0.367092,0.527804,-2.936700,-0.276717,-0.546571,1.358676,1.252506,2.050300,0
54.100000,0.375784,0.530710,-2.919501,-0.276722,-0.546570,1.340642,1.259482,2.016400,0
54.120000,0.376641,0.533164,-2.902457,-0.276727,-0.546569,1.322609,1.262027,2.005000,0
54.140000,0.390040,0.536777,-2.906229,-0.274363,-0.545940,1.316272,1.270318,2.057100,0
54.160000,0.371298,0.531603,-2.915244,-0.271456,-0.545183,1.316272,1.254034,2.010000,0
54.180000,0.362224,0.530221,-2.880536,-0.268550,-0.544426,1.316275,1.246091,2.010700,0
54.200000,0.353631,0.528298,-2.889205,-0.265645,-0.543669,1.316281,1.237988,2.060800,0
54.220000,0.361134,0.530634,-2.906788,-0.262739,-0.542913,1.316285,1.241660,2.007000,0
54.240000,0.361009,0.530181,-2.891688,-0.259835,-0.542157,1.316289,1.239095,2.004800,0
54.260000,0.370020,0.532093,-2.918889,-0.256930,-0.541401,1.316292,1.243164,2.062000,0
54.280000,0.341176,0.525210,-2.880830,-0.254026,-0.540645,1.316294,1.220783,2.010400,0
54.300000,0.360394,0.529399,-2.903220,-0.251121,-0.539890,1.316296,1.231799,2.123600,0
54.320000,0.351958,0.526705,-2.906913,-0.248217,-0.539134,1.316298,1.223202,2.059600,0
54.340000,0.344743,0.526486,-2.892214,-0.245314,-0.538379,1.316299,1.217417,2.034000,0
54.360000,0.324883,0.521867,-2.894799,-0.242410,-0.537624,1.316300,1.201809,2.069200,0
54.380000,0.330756,0.524412,-2.894551,-0.239506,-0.536868,1.316301,1.204788,2.078300,0
54.400000,0.337758,0.526372,-2.893329,-0.236602,-0.536113,1.316301,1.207792,2.026400,0
54.420000,0.337650,0.526604,-2.890281,-0.233699,-0.535358,1.316302,1.205903,2.062800,0
54.440000,0.329174,0.523666,-2.897539,-0.230795,-0.534603,1.316302,1.197288,2.099000,0
54.460000,0.331203,0.523917,-2.914197,-0.227892,-0.533847,1.316302,1.196433,2.050100,0
54.480000,0.324255,0.522376,-2.902336,-0.224988,-0.533092,1.316302,1.189823,2.068700,0
54.500000,0.327899,0.523153,-2.890236,-0.222085,-0.532337,1.316302,1.190185,2.028200,0
54.520000,0.320531,0.519964,-2.897648,-0.219181,-0.531582,1.316302,1.181964,2.056800,0
54.540000,0.313045,0.519783,-2.908474,-0.216278,-0.530827,1.316302,1.176420,2.055600,0
54.560000,0.321913,0.519681,-2.907610,-0.213374,-0.530071,1.316302,1.178352,2.056900,0
54.580000,0.309499,0.514953,-2.900681,-0.212743,-0.529967,1.302994,1.168159,2.054300,0
54.600000,0.309750,0.515050,-2.883559,-0.212603,-0.529928,1.283325,1.168260,2.262200,0
54.620000,0.311735,0.514895,-2.841486,-0.212606,-0.529928,1.265323,1.169012,2.015200,0
54.640000,0.310017,0.515952,-2.828890,-0.212610,-0.529928,1.247326,1.169189,2.002200,0
54.660000,0.318263,0.518645,-2.821816,-0.212614,-0.529928,1.229319,1.175303,2.091300,0
54.680000,0.321712,0.520548,-2.799362,-0.212618,-0.529927,1.211308,1.178561,2.065700,0
54.700000,0.304366,0.516953,-2.775436,-0.212622,-0.529927,1.193294,1.167577,2.079100,0
54.720000,0.317103,0.520328,-2.762171,-0.212626,-0.529926,1.175280,1.176285,2.068800,0
54.740000,0.324697,0.523841,-2.743567,-0.212630,-0.529925,1.157265,1.182854,2.045100,0
54.760000,0.307942,0.516834,-2.715926,-0.212634,-0.529924,1.139252,1.169060,2.496900,0
54.780000,0.313751,0.520688,-2.731396,-0.210229,-0.528815,1.135251,1.173036,1.980300,0
54.800000,0.322561,0.521456,-2.732955,-0.207506,-0.527547,1.135251,1.175320,1.966600,0
54.820000,0.312792,0.520152,-2.730479,-0.204784,-0.526279,1.135254,1.167434,1.973800,0
54.840000,0.298562,0.512729,-2.701677,-0.202062,-0.525012,1.135258,1.152185,1.952100,0
54.860000,0.322016,0.523201,-2.737925,-0.199340,-0.523746,1.135262,1.169577,1.968800,0
54.880000,0.294836,0.513175,-2.711804,-0.196619,-0.522479,1.135266,1.146345,1.967800,0
54.900000,0.299810,0.515675,-2.720549,-0.193898,-0.521213,1.135269,1.148427,2.056000,0
54.920000,0.301224,0.515651,-2.761482,-0.191177,-0.519947,1.135271,1.146700,2.016000,0
54.940000,0.292539,0.512213,-2.725367,-0.188456,-0.518681,1.135273,1.137584,2.072600,0
54.960000,0.296434,0.513529,-2.736507,-0.185735,-0.517415,1.135274,1.138127,2.139800,0
54.980000,0.286479,0.508893,-2.700645,-0.185305,-0.517215,1.119470,1.129370,2.134200,0
55.000000,0.285405,0.507733,-2.674350,-0.185238,-0.517182,1.100590,1.127810,2.166700,0
55.020000,0.299849,0.514352,-2.688421,-0.185241,-0.517182,1.082601,1.139901,2.167600,0
55.040000,0.298724,0.514973,-2.657561,-0.185244,-0.517183,1.064608,1.139987,2.217800,0
55.060000,0.282418,0.507460,-2.620006,-0.185248,-0.517183,1.046609,1.126323,2.185400,0
55.080000,0.287811,0.513754,-2.608786,-0.185251,-0.517183,1.028607,1.134292,2.245400,0
55.100000,0.290102,0.516502,-2.593500,-0.185255,-0.517183,1.010603,1.137747,2.276100,0
55.120000,0.289172,0.516220,-2.576935,-0.185258,-0.517182,0.992599,1.137103,2.267400,0
55.140000,0.281526,0.512520,-2.575255,-0.185261,-0.517182,0.974595,1.130565,2.263000,0
55.160000,0.287880,0.518498,-2.538883,-0.185264,-0.517181,0.956592,1.138638,2.284400,0
55.180000,0.269512,0.508032,-2.522514,-0.185266,-0.517181,0.938589,1.121554,2.289200,0
55.200000,0.279781,0.515320,-2.484429,-0.185269,-0.517180,0.920587,1.132399,2.327600,0
55.220000,0.285770,0.520767,-2.497162,-0.185272,-0.517179,0.902586,1.139830,2.338600,0
55.240000,0.288893,0.519099,-2.481512,-0.185274,-0.517179,0.884587,1.139608,2.299900,0
55.260000,0.272036,0.506053,-2.462837,-0.185277,-0.517178,0.866588,1.120775,2.308400,0
55.280000,0.294841,0.524014,-2.467974,-0.185279,-0.517177,0.848591,1.146557,2.312300,0
55.300000,0.284227,0.514204,-2.426667,-0.185281,-0.517176,0.830595,1.133218,2.312700,0
55.320000,0.289230,0.519674,-2.420328,-0.185284,-0.517175,0.812599,1.140272,2.373000,0
55.340000,0.290423,0.522680,-2.400105,-0.185286,-0.517175,0.794604,1.143502,2.303700,0
55.360000,0.287338,0.523932,-2.368703,-0.185288,-0.517174,0.776610,1.143362,2.335900,0
55.380000,0.281078,0.519553,-2.345235,-0.185290,-0.517173,0.758617,1.136794,2.307500,0
55.400000,0.284319,0.523000,-2.323531,-0.185292,-0.517172,0.740625,1.141267,2.292700,0
55.420000,0.288530,0.523929,-2.332473,-0.183406,-0.515109,0.738279,1.141194,2.350900,0
55.440000,0.280462,0.516054,-2.326178,-0.181384,-0.512886,0.738286,1.127839,2.300300,0
55.460000,0.278621,0.516769,-2.336420,-0.179363,-0.510665,0.738295,1.124886,2.368800,0
55.480000,0.274261,0.511922,-2.327514,-0.177342,-0.508444,0.738304,1.115836,2.341400,0
55.500000,0.266565,0.505640,-2.354910,-0.175321,-0.506224,0.738310,1.104142,2.265900,0
55.520000,0.269801,0.504069,-2.327180,-0.173300,-0.504004,0.738315,1.101158,2.255700,0
55.540000,0.264630,0.503677,-2.324349,-0.171280,-0.501784,0.738318,1.095888,2.297500,0
55.560000,0.257667,0.498368,-2.307812,-0.169260,-0.499565,0.738320,1.085420,2.332800,0
55.580000,0.262738,0.505700,-2.338919,-0.167240,-0.497345,0.738322,1.091320,2.297300,0
55.600000,0.247199,0.490266,-2.304995,-0.165220,-0.495126,0.738324,1.068217,2.445400,0
55.620000,0.255382,0.496335,-2.325676,-0.163201,-0.492907,0.738325,1.074156,2.275800,0
55.640000,0.251151,0.490924,-2.354711,-0.161181,-0.490688,0.738325,1.064697,2.280700,0
55.660000,0.259838,0.498536,-2.319516,-0.159161,-0.488469,0.738326,1.072259,2.320600,0
55.680000,0.249743,0.485086,-2.317710,-0.157142,-0.486250,0.738326,1.053114,2.335500,0
55.700000,0.256116,0.491789,-2.336518,-0.155122,-0.484031,0.738327,1.058934,2.289600,0
55.720000,0.254017,0.488968,-2.324344,-0.153103,-0.481812,0.738327,1.052692,2.304000,0
55.740000,0.236802,0.470505,-2.318097,-0.151084,-0.479593,0.738328,1.026227,2.740000,0
55.760000,0.242954,0.479205,-2.329018,-0.149064,-0.477375,0.738328,1.033791,2.289500,0
55.780000,0.238381,0.476622,-2.333987,-0.147045,-0.475156,0.738328,1.026857,2.313100,0
55.800000,0.244476,0.480412,-2.333654,-0.145026,-0.472937,0.738328,1.029848,2.229700,0
55.820000,0.240416,0.476677,-2.319831,-0.143007,-0.470718,0.738328,1.022042,2.307700,0
55.840000,0.229496,0.464920,-2.327840,-0.140988,-0.468499,0.738328,1.004256,2.323600,0
55.860000,0.234123,0.469633,-2.323875,-0.138968,-0.466281,0.738328,1.007538,2.466200,0
55.880000,0.234134,0.469284,-2.327542,-0.136949,-0.464062,0.738328,1.004409,2.299600,0
55.900000,0.237089,0.470822,-2.322009,-0.134930,-0.461843,0.738328,1.004122,2.335700,0
55.920000,0.227132,0.459287,-2.328226,-0.132911,-0.459624,0.738329,0.986929,2.303800,0
55.940000,0.226448,0.460443,-2.325285,-0.130892,-0.457405,0.738329,0.984955,2.293300,0
55.960000,0.225141,0.459451,-2.310997,-0.128872,-0.455187,0.738329,0.980759,2.333400,0
55.980000,0.218723,0.450927,-2.316436,-0.126853,-0.452968,0.738329,0.967703,2.301800,0
56.000000,0.216419,0.446215,-2.324518,-0.124834,-0.450749,0.738329,0.959687,2.477100,0
56.020000,0.230622,0.461418,-2.327474,-0.122815,-0.448530,0.738329,0.976178,2.293700,0
56.040000,0.221399,0.450247,-2.320988,-0.122581,-0.448271,0.720784,0.962111,2.234200,0
56.060000,0.223562,0.450078,-2.314600,-0.122569,-0.448256,0.702545,0.962710,2.315200,0
56.080000,0.224918,0.451935,-2.293812,-0.122572,-0.448259,0.684556,0.964935,2.459300,0
56.100000,0.219571,0.445171,-2.273276,-0.122575,-0.448260,0.666564,0.956704,2.301600,0
56.120000,0.228970,0.456585,-2.249075,-0.122578,-0.448261,0.648569,0.970738,2.338600,0
56.140000,0.223531,0.452860,-2.220242,-0.122581,-0.448262,0.630573,0.965306,2.316300,0
56.160000,0.224727,0.459195,-2.208597,-0.122584,-0.448262,0.612576,0.971650,2.297600,0
56.180000,0.221621,0.458518,-2.182094,-0.122587,-0.448263,0.594580,0.969913,2.377800,0
56.200000,0.204483,0.437421,-2.162153,-0.122589,-0.448263,0.576584,0.944146,2.307900,0
56.220000,0.215259,0.456584,-2.147963,-0.122592,-0.448263,0.558589,0.965863,2.291000,0
56.240000,0.211838,0.450410,-2.138601,-0.122594,-0.448262,0.540595,0.958882,2.395500,0
56.260000,0.212212,0.452821,-2.125518,-0.122597,-0.448262,0.522601,0.961274,2.254400,0
56.280000,0.212323,0.450609,-2.097331,-0.122599,-0.448262,0.504609,0.959240,2.342100,0
56.300000,0.220415,0.465719,-2.090953,-0.122601,-0.448262,0.486617,0.976228,2.355900,0
56.320000,0.215591,0.457047,-2.059011,-0.122604,-0.448261,0.468626,0.966416,2.322400,0
56.340000,0.217092,0.456843,-2.042878,-0.122606,-0.448261,0.450636,0.966751,2.315900,0
56.360000,0.219003,0.465063,-2.020186,-0.122608,-0.448261,0.432647,0.975119,2.318600,0
56.380000,0.212519,0.458084,-2.020162,-0.122610,-0.448260,0.414658,0.966318,2.415400,0
56.400000,0.216201,0.464338,-1.988222,-0.122612,-0.448260,0.396670,0.973462,2.614000,0
56.420000,0.215891,0.468285,-1.991071,-0.122614,-0.448259,0.378683,0.977056,2.497400,0
56.440000,0.213178,0.464866,-1.974804,-0.122616,-0.448259,0.360696,0.972911,2.377100,0
56.460000,0.210029,0.459517,-1.932707,-0.122618,-0.448259,0.342709,0.966805,2.352700,0
56.480000,0.212608,0.465956,-1.914420,-0.122620,-0.448258,0.324723,0.973738,2.269000,0
56.500000,0.207953,0.458927,-1.901163,-0.122622,-0.448258,0.306737,0.965538,2.361400,0
56.520000,0.207164,0.456967,-1.870376,-0.122624,-0.448258,0.288752,0.963428,2.351700,0
56.540000,0.202264,0.447338,-1.868720,-0.121839,-0.445969,0.285271,0.950285,2.503200,0
56.560000,0.202156,0.451713,-1.872542,-0.120994,-0.443087,0.285273,0.951364,2.193700,0
56.580000,0.202861,0.451852,-1.879420,-0.120149,-0.440205,0.285286,0.948736,2.199000,0
56.600000,0.201445,0.452233,-1.882210,-0.119304,-0.437323,0.285295,0.945616,2.285500,0
56.620000,0.199774,0.446249,-1.865530,-0.118459,-0.434442,0.285302,0.936423,2.339200,0
56.640000,0.193913,0.433057,-1.871068,-0.117613,-0.431562,0.285307,0.919029,2.245200,0
56.660000,0.198015,0.443415,-1.872791,-0.116768,-0.428682,0.285310,0.927168,2.296700,0
56.680000,0.198377,0.445906,-1.869540,-0.115923,-0.425802,0.285312,0.926639,2.334200,0
56.700000,0.196962,0.438859,-1.871918,-0.115078,-0.422922,0.285313,0.916535,2.278700,0
56.720000,0.193085,0.428475,-1.852012,-0.114234,-0.420043,0.285314,0.902457,2.282600,0
56.740000,0.192254,0.427765,-1.875867,-0.113389,-0.417163,0.285315,0.898510,2.251700,0
56.760000,0.190595,0.421794,-1.886185,-0.112544,-0.414284,0.285316,0.889336,2.333000,0
56.780000,0.192642,0.429511,-1.876116,-0.111699,-0.411405,0.285317,0.894294,2.271800,0
56.800000,0.189644,0.418298,-1.864406,-0.110855,-0.408526,0.285317,0.879737,2.233600,0
56.820000,0.191525,0.419400,-1.876626,-0.110010,-0.405647,0.285318,0.878422,2.230800,0
56.840000,0.190369,0.419778,-1.871283,-0.109166,-0.402769,0.285318,0.875389,2.197300,0
56.860000,0.192611,0.426675,-1.865439,-0.108321,-0.399890,0.285319,0.879642,2.232000,0
56.880000,0.186571,0.408664,-1.883662,-0.107477,-0.397011,0.285319,0.857658,2.306800,0
56.900000,0.187203,0.410320,-1.875092,-0.106632,-0.394132,0.285319,0.856436,2.264200,0
56.920000,0.184461,0.404772,-1.891934,-0.105788,-0.391253,0.285319,0.847290,2.258000,0
56.940000,0.184256,0.404951,-1.861112,-0.105706,-0.390718,0.270671,0.846858,2.247900,0
56.960000,0.186831,0.413969,-1.830743,-0.105740,-0.390608,0.251344,0.856120,2.441000,0
56.980000,0.183033,0.402238,-1.812838,-0.105742,-0.390611,0.233357,0.843802,2.307600,0
57.000000,0.180481,0.390490,-1.806394,-0.105744,-0.390614,0.215368,0.831894,2.265200,0
57.020000,0.184238,0.411695,-1.789405,-0.105746,-0.390616,0.197378,0.853108,2.308700,0
57.040000,0.182548,0.406290,-1.779411,-0.105748,-0.390617,0.179387,0.847452,2.282500,0
57.060000,0.181902,0.401235,-1.740355,-0.105750,-0.390619,0.161396,0.842483,2.236900,0
57.080000,0.182812,0.410132,-1.749837,-0.105752,-0.390620,0.143406,0.851160,2.272300,0
57.100000,0.187523,0.421426,-1.720175,-0.105754,-0.390620,0.125416,0.863383,2.193700,0
57.120000,0.182849,0.401937,-1.704753,-0.105756,-0.390621,0.107427,0.843469,2.303800,0
57.140000,0.182950,0.404442,-1.667384,-0.105758,-0.390622,0.089439,0.845860,2.279900,0
57.160000,0.185646,0.417135,-1.641205,-0.105760,-0.390622,0.071451,0.858714,2.296200,0
57.180000,0.182523,0.405873,-1.637036,-0.105762,-0.390622,0.053464,0.847061,2.285000,0
57.200000,0.180270,0.402860,-1.626462,-0.105764,-0.390623,0.035478,0.843463,2.261800,0
57.220000,0.179946,0.406887,-1.612204,-0.105634,-0.388462,0.026017,0.845066,2.442500,0
57.240000,0.179374,0.406912,-1.592320,-0.105558,-0.385460,0.026019,0.842045,2.265200,0
57.260000,0.178946,0.398962,-1.588468,-0.105482,-0.382458,0.026024,0.831574,2.266900,0
57.280000,0.179140,0.410193,-1.596498,-0.105405,-0.379456,0.026032,0.839351,2.705700,0
57.300000,0.176403,0.395065,-1.601119,-0.105328,-0.376454,0.026038,0.821349,2.209900,0
57.320000,0.176705,0.385243,-1.596910,-0.105250,-0.373453,0.026043,0.809394,2.208700,0
57.340000,0.176945,0.384297,-1.604277,-0.105172,-0.370453,0.026047,0.805752,2.259200,0
57.360000,0.177885,0.380156,-1.610976,-0.105094,-0.367453,0.026050,0.799372,2.532100,0
57.380000,0.178408,0.388340,-1.613821,-0.105016,-0.364453,0.026053,0.804380,2.262000,0
57.400000,0.175919,0.375197,-1.598416,-0.104937,-0.361453,0.026055,0.788374,2.192100,0
57.420000,0.176322,0.375594,-1.605596,-0.104859,-0.358454,0.026057,0.786060,2.291200,0
57.440000,0.176394,0.367200,-1.590690,-0.104781,-0.355454,0.026058,0.775428,2.246500,0
57.460000,0.176230,0.378414,-1.629380,-0.104702,-0.352455,0.026059,0.783002,2.288100,0
57.480000,0.177900,0.367138,-1.620933,-0.104624,-0.349456,0.026060,0.770277,2.314500,0
57.500000,0.176585,0.365342,-1.610313,-0.104545,-0.346456,0.026061,0.765304,2.501900,0
57.520000,0.176410,0.354196,-1.603950,-0.104467,-0.343457,0.026061,0.752072,2.263500,0
57.540000,0.176014,0.355627,-1.598409,-0.104389,-0.340458,0.026061,0.750440,2.241000,0
57.560000,0.174030,0.358372,-1.606727,-0.104310,-0.337459,0.026062,0.749436,2.299900,0
57.580000,0.173273,0.347698,-1.622098,-0.104232,-0.334460,0.026062,0.736443,2.283600,0
57.600000,0.173300,0.355420,-1.614000,-0.104154,-0.331461,0.026062,0.740801,2.253000,0
57.620000,0.170894,0.335305,-1.631246,-0.104076,-0.328462,0.026062,0.718467,2.237200,0
57.640000,0.170865,0.334838,-1.622435,-0.103998,-0.325463,0.026062,0.715226,2.256000,0
57.660000,0.170688,0.341763,-1.627596,-0.103998,-0.324954,0.025798,0.721085,2.241500,0
57.680000,0.170769,0.335018,-1.628689,-0.103997,-0.324953,0.025798,0.714883,2.252900,0
57.700000,0.172351,0.343624,-1.618554,-0.103997,-0.324954,0.025798,0.723439,2.380000,0
57.720000,0.171934,0.338204,-1.629355,-0.103997,-0.324954,0.025798,0.718273,2.301300,0
57.740000,0.170614,0.335077,-1.607104,-0.103997,-0.324954,0.025798,0.714879,2.239500,0
57.760000,0.171021,0.342299,-1.597832,-0.103997,-0.324954,0.025798,0.721707,2.200100,0
57.780000,0.170806,0.350140,-1.621854,-0.103997,-0.324954,0.025798,0.728882,2.642300,0
57.800000,0.169913,0.337908,-1.602982,-0.103997,-0.324954,0.025798,0.717226,2.068300,0
57.820000,0.169383,0.322359,-1.629653,-0.103997,-0.324954,0.025798,0.702674,1.929600,0
57.840000,0.170475,0.336999,-1.637062,-0.103997,-0.324954,0.025798,0.716601,1.922100,0
57.860000,0.171762,0.342559,-1.605041,-0.103997,-0.324954,0.025798,0.722230,1.931200,0
57.880000,0.172017,0.337686,-1.614828,-0.103997,-0.324954,0.025798,0.717827,1.923900,0
57.900000,0.171317,0.341581,-1.616403,-0.103997,-0.324954,0.025798,0.721157,1.925900,0
57.920000,0.171782,0.333933,-1.606447,-0.103997,-0.324954,0.025798,0.714274,2.055900,0
57.940000,0.173558,0.337233,-1.607339,-0.103997,-0.324954,0.025798,0.718003,1.933600,0
57.960000,0.174745,0.338005,-1.620000,-0.103997,-0.324954,0.025798,0.719174,1.918700,0
57.980000,0.174083,0.339641,-1.607297,-0.103997,-0.324954,0.025798,0.720426,1.895800,0
58.000000,0.175118,0.343542,-1.615540,-0.103997,-0.324954,0.025798,0.724426,1.917800,0
58.020000,0.174618,0.339704,-1.610436,-0.103997,-0.324954,0.025798,0.720692,1.910200,0
58.040000,0.174711,0.328917,-1.605826,-0.103997,-0.324954,0.025798,0.710792,1.924500,0
58.060000,0.174705,0.341090,-1.600762,-0.103997,-0.324954,0.025798,0.722004,1.915600,0
58.080000,0.174568,0.328972,-1.606297,-0.103997,-0.324954,0.025798,0.710787,1.999800,0
58.100000,0.173760,0.348812,-1.619178,-0.103997,-0.324954,0.025798,0.728773,1.926100,0
58.120000,0.175212,0.343959,-1.616079,-0.103997,-0.324954,0.025798,0.724846,1.959300,0
58.140000,0.174102,0.336354,-1.605360,-0.103997,-0.324954,0.025798,0.717403,1.919000,0
58.160000,0.174438,0.341216,-1.614152,-0.103997,-0.324954,0.025798,0.722017,1.918700,0
58.180000,0.173637,0.347577,-1.615442,-0.103997,-0.324954,0.025798,0.727584,1.920800,0
58.200000,0.173670,0.336909,-1.611415,-0.103997,-0.324954,0.025798,0.717747,1.914200,0
58.220000,0.174504,0.344352,-1.624814,-0.103997,-0.324954,0.025798,0.724937,1.917300,0
58.240000,0.172442,0.333401,-1.601143,-0.103997,-0.324954,0.025798,0.714037,1.917300,0
58.260000,0.173150,0.343330,-1.609147,-0.103997,-0.324954,0.025798,0.723474,2.130100,0
58.280000,0.171709,0.339339,-1.634797,-0.103997,-0.324954,0.025798,0.719235,1.920800,0
58.300000,0.171022,0.343350,-1.596704,-0.103997,-0.324954,0.025798,0.722680,1.913300,0
58.320000,0.169324,0.337055,-1.603023,-0.103997,-0.324954,0.025798,0.716212,1.910500,0
58.340000,0.169423,0.342218,-1.631784,-0.103997,-0.324954,0.025798,0.721025,1.900400,0
58.360000,0.169489,0.338996,-1.618835,-0.103997,-0.324954,0.025798,0.718070,1.918300,0
58.380000,0.168331,0.334235,-1.613169,-0.103997,-0.324954,0.025798,0.713227,1.917400,0
58.400000,0.169463,0.337910,-1.622391,-0.103997,-0.324954,0.025798,0.717056,1.910400,0
58.420000,0.170493,0.338806,-1.611141,-0.103997,-0.324954,0.025798,0.718277,2.132000,0
58.440000,0.170086,0.341836,-1.610251,-0.103997,-0.324954,0.025798,0.720923,2.005700,0
58.460000,0.169966,0.337755,-1.584536,-0.103997,-0.324954,0.025798,0.717105,1.971700,0
58.480000,0.169201,0.330253,-1.587639,-0.103997,-0.324954,0.025798,0.709883,1.957300,0
58.500000,0.169726,0.346010,-1.610454,-0.103997,-0.324954,0.025798,0.724649,1.965900,0
58.520000,0.170636,0.346723,-1.590937,-0.103997,-0.324954,0.025798,0.725653,1.965400,0
58.540000,0.170609,0.343359,-1.612299,-0.103997,-0.324954,0.025798,0.722531,1.967500,0
58.560000,0.171150,0.332747,-1.622069,-0.103997,-0.324954,0.025798,0.712936,2.009400,0
58.580000,0.170706,0.339527,-1.604611,-0.103997,-0.324954,0.025798,0.719025,2.095500,0
58.600000,0.172417,0.350028,-1.604127,-0.103997,-0.324954,0.025798,0.729387,1.978800,0
58.620000,0.171664,0.345211,-1.607626,-0.103997,-0.324954,0.025798,0.724645,2.000700,0
58.640000,0.172379,0.334011,-1.607420,-0.103997,-0.324954,0.025798,0.714576,2.023200,0
58.660000,0.173448,0.327831,-1.603217,-0.103997,-0.324954,0.025798,0.709299,2.029900,0
58.680000,0.173797,0.337589,-1.593960,-0.103997,-0.324954,0.025798,0.718424,2.025000,0
58.700000,0.174469,0.348735,-1.610963,-0.103997,-0.324954,0.025798,0.728972,1.962100,0
58.720000,0.173664,0.335698,-1.601844,-0.103997,-0.324954,0.025798,0.716628,2.033200,0
58.740000,0.173008,0.330677,-1.591474,-0.103997,-0.324954,0.025798,0.711747,2.646400,0
58.760000,0.172619,0.341327,-1.620119,-0.103997,-0.324954,0.025798,0.721420,1.983400,0
58.780000,0.171626,0.335893,-1.602873,-0.103997,-0.324954,0.025798,0.716021,1.970000,0
58.800000,0.172550,0.349479,-1.611800,-0.103997,-0.324954,0.025798,0.728929,2.036500,0
58.820000,0.171884,0.339499,-1.615789,-0.103997,-0.324954,0.025798,0.719450,2.025200,0
58.840000,0.169912,0.328466,-1.605621,-0.103997,-0.324954,0.025798,0.708508,2.054800,0
58.860000,0.170986,0.334633,-1.616676,-0.103997,-0.324954,0.025798,0.714613,2.031100,0
58.880000,0.173714,0.342164,-1.577489,-0.103997,-0.324954,0.025798,0.722613,2.304800,0
58.900000,0.174313,0.347974,-1.614893,-0.103997,-0.324954,0.025798,0.728209,2.036400,0
58.920000,0.173759,0.333627,-1.611603,-0.103997,-0.324954,0.025798,0.714757,2.018800,0
58.940000,0.174720,0.344779,-1.610801,-0.103997,-0.324954,0.025798,0.725414,2.015900,0
58.960000,0.173932,0.336972,-1.594116,-0.103997,-0.324954,0.025798,0.717907,2.006500,0
58.980000,0.173905,0.342585,-1.615120,-0.103997,-0.324954,0.025798,0.723075,2.007300,0
59.000000,0.175028,0.345163,-1.619799,-0.103997,-0.324954,0.025798,0.725887,2.008900,0
59.020000,0.175379,0.336692,-1.618173,-0.103997,-0.324954,0.025798,0.718211,2.040900,0
59.040000,0.174558,0.346542,-1.612702,-0.103997,-0.324954,0.025798,0.726980,2.176800,0
59.060000,0.175023,0.340051,-1.613739,-0.103997,-0.324954,0.025798,0.721168,2.058000,0
59.080000,0.174268,0.333165,-1.618626,-0.103997,-0.324954,0.025798,0.714529,2.035400,0
59.100000,0.174797,0.340539,-1.617539,-0.103997,-0.324954,0.025798,0.721531,2.019000,0
59.120000,0.176555,0.349585,-1.605267,-0.103997,-0.324954,0.025798,0.730556,2.021700,0
59.140000,0.175756,0.340478,-1.612182,-0.103997,-0.324954,0.025798,0.721846,2.024100,0
59.160000,0.173675,0.335923,-1.632260,-0.103997,-0.324954,0.025798,0.716840,2.015400,0
59.180000,0.174640,0.341482,-1.600060,-0.103997,-0.324954,0.025798,0.722340,2.080100,0
59.200000,0.174682,0.341232,-1.617861,-0.103997,-0.324954,0.025798,0.722126,2.086500,0
59.220000,0.174302,0.346750,-1.607925,-0.103997,-0.324954,0.025798,0.727074,2.074500,0
59.240000,0.173447,0.338852,-1.621465,-0.103997,-0.324954,0.025798,0.719454,2.054700,0
59.260000,0.171655,0.335721,-1.602954,-0.103997,-0.324954,0.025798,0.715874,2.043000,0
59.280000,0.170939,0.333443,-1.609936,-0.103997,-0.324954,0.025798,0.713495,2.045400,0
59.300000,0.170155,0.341759,-1.616688,-0.103997,-0.324954,0.025798,0.720878,2.052100,0
59.320000,0.170482,0.336862,-1.618135,-0.103997,-0.324954,0.025798,0.716477,2.044100,0
59.340000,0.171944,0.340746,-1.618708,-0.103997,-0.324954,0.025798,0.720624,2.128300,0
59.360000,0.170779,0.333023,-1.601338,-0.103997,-0.324954,0.025798,0.713047,2.090300,0
59.380000,0.170769,0.335935,-1.604632,-0.103997,-0.324954,0.025798,0.715731,2.071100,0
59.400000,0.171200,0.339805,-1.603116,-0.103997,-0.324954,0.025798,0.719471,2.071300,0
59.420000,0.172191,0.338550,-1.618715,-0.103997,-0.324954,0.025798,0.718692,2.072600,0
59.440000,0.172914,0.342590,-1.611887,-0.103997,-0.324954,0.025798,0.722700,2.064800,0
59.460000,0.174710,0.346809,-1.593303,-0.103997,-0.324954,0.025798,0.727285,2.062000,0
59.480000,0.174156,0.333590,-1.617565,-0.103997,-0.324954,0.025798,0.714877,2.065300,0
59.500000,0.174306,0.342572,-1.618040,-0.103997,-0.324954,0.025798,0.723218,2.124500,0
59.520000,0.174193,0.341413,-1.592968,-0.103997,-0.324954,0.025798,0.722104,1.981400,0
59.540000,0.173197,0.332397,-1.617836,-0.103997,-0.324954,0.025798,0.713405,2.028200,0
59.560000,0.173127,0.334491,-1.585781,-0.103997,-0.324954,0.025798,0.715308,2.044000,0
59.580000,0.174830,0.335788,-1.612008,-0.103997,-0.324954,0.025798,0.717164,2.031200,0
59.600000,0.174510,0.344595,-1.591499,-0.103997,-0.324954,0.025798,0.725164,2.093800,0
59.620000,0.173983,0.344546,-1.626296,-0.103997,-0.324954,0.025798,0.724916,2.074200,0
59.640000,0.173579,0.341639,-1.615692,-0.103997,-0.324954,0.025798,0.722077,2.086200,0
59.660000,0.173797,0.342216,-1.622730,-0.103997,-0.324954,0.025798,0.722693,2.094800,0
59.680000,0.174671,0.343064,-1.603047,-0.103997,-0.324954,0.025798,0.723812,2.059200,0
59.700000,0.172104,0.330917,-1.602871,-0.103997,-0.324954,0.025798,0.711616,2.062600,0
59.720000,0.172614,0.328878,-1.624859,-0.103997,-0.324954,0.025798,0.709936,2.054900,0
59.740000,0.172546,0.342096,-1.590802,-0.103997,-0.324954,0.025798,0.722102,2.064900,0
