timestamp,est_x,est_y,est_theta,gt_x,gt_y,gt_theta,error_m,update_time_ms,kidnapped
0.020000,-0.151124,0.829592,-2.682254,-0.550000,-0.458800,0.000000,1.348724,4.436200,0
0.040000,0.071053,0.842840,3.140579,-0.550000,-0.458800,0.000000,1.442211,3.312300,0
0.060000,0.223971,0.849665,3.125812,-0.550000,-0.458800,0.000000,1.520234,3.320500,0
0.080000,0.212990,0.869991,2.915535,-0.550000,-0.458800,0.000000,1.532266,5.355800,0
0.100000,0.163392,0.857077,2.894717,-0.550000,-0.458800,0.000000,1.496817,3.544000,0
0.120000,0.104472,0.865662,2.844539,-0.550000,-0.458800,0.000000,1.477340,3.180400,0
0.140000,0.169783,0.858034,2.844529,-0.550000,-0.458800,0.000000,1.500713,3.337500,0
0.160000,0.141577,0.855836,2.882142,-0.550000,-0.458800,0.000000,1.485444,3.176700,0
0.180000,0.088319,0.850085,2.897878,-0.550000,-0.458800,0.000000,1.456238,3.187900,0
0.200000,0.185139,0.848677,2.860824,-0.550000,-0.458800,0.000000,1.499975,3.602600,0
0.220000,0.128627,0.860161,2.858699,-0.550000,-0.458800,0.000000,1.483305,3.165500,0
0.240000,0.192908,0.849555,2.823092,-0.550000,-0.458800,0.000000,1.504562,3.244900,0
0.260000,0.215766,0.842479,2.939362,-0.550000,-0.458800,0.000000,1.509876,3.154600,0
0.280000,0.151287,0.857840,2.837881,-0.550000,-0.458800,0.000000,1.491759,5.400800,0
0.300000,0.236997,0.857261,2.875819,-0.550000,-0.458800,0.000000,1.533422,3.122700,0
0.320000,0.137303,0.875559,2.834430,-0.550000,-0.458800,0.000000,1.500966,3.094200,0
0.340000,0.293933,0.838999,2.773718,-0.550000,-0.458800,0.000000,1.548065,3.345800,0
0.360000,0.142368,0.863172,2.868207,-0.550000,-0.458800,0.000000,1.492309,3.195800,0
0.380000,0.114305,0.860095,2.879163,-0.550000,-0.458800,0.000000,1.476748,3.440200,0
0.400000,0.135539,0.867056,2.842245,-0.550000,-0.458800,0.000000,1.492600,3.331600,0
0.420000,0.150066,0.865474,2.871345,-0.550000,-0.458800,0.000000,1.497930,3.212500,0
0.440000,0.254503,0.849201,2.878545,-0.550000,-0.458800,0.000000,1.535608,3.256700,0
0.460000,0.145920,0.875481,2.863740,-0.550000,-0.458800,0.000000,1.504862,3.146500,0
0.480000,0.264424,0.843889,3.004042,-0.550000,-0.458800,0.000000,1.536322,3.297700,0
0.500000,0.299702,0.853311,2.869352,-0.550000,-0.458800,0.000000,1.563211,5.478400,0
0.520000,0.308593,0.868739,2.802418,-0.550000,-0.458800,0.000000,1.580994,3.159700,0
0.540000,0.322346,0.855145,2.934782,-0.550000,-0.458800,0.000000,1.577162,3.138300,0
0.560000,0.400819,0.831209,2.906103,-0.550000,-0.458800,0.000000,1.602554,3.107500,0
0.580000,0.346190,0.865753,3.017949,-0.550000,-0.458800,0.000000,1.599249,3.078400,0
0.600000,0.259725,0.867500,2.961956,-0.550000,-0.458800,0.000000,1.553939,3.182100,0
0.620000,0.299324,0.852489,3.032440,-0.550000,-0.458800,0.000000,1.562315,3.242700,0
0.640000,0.186514,0.869104,2.912677,-0.550000,-0.458800,0.000000,1.518480,3.190800,0
0.660000,0.145959,0.868024,2.860207,-0.550000,-0.458800,0.000000,1.498273,3.767200,0
0.680000,0.363058,0.834905,2.909035,-0.550000,-0.458800,0.000000,1.583461,3.179100,0
0.700000,0.344440,0.838378,2.896025,-0.550000,-0.458800,0.000000,1.575657,5.386700,0
0.720000,0.384180,0.836193,2.870317,-0.550000,-0.458800,0.000000,1.596777,3.233300,0
0.740000,0.366940,0.847099,2.833440,-0.550000,-0.458800,0.000000,1.595666,3.335000,0
0.760000,0.141301,0.882353,2.874181,-0.550000,-0.458800,0.000000,1.508837,3.221900,0
0.780000,0.271192,0.846807,2.962498,-0.550000,-0.458800,0.000000,1.542389,3.093000,0
0.800000,0.211248,0.857408,2.905891,-0.550000,-0.458800,0.000000,1.520494,3.102200,0
0.820000,0.215814,0.856718,2.937000,-0.550000,-0.458800,0.000000,1.522189,3.135800,0
0.840000,0.299953,0.846599,3.001468,-0.550000,-0.458800,0.000000,1.557719,3.099700,0
0.860000,0.303350,0.850251,2.839212,-0.550000,-0.458800,0.000000,1.562633,3.376100,0
0.880000,0.301178,0.856423,2.912995,-0.550000,-0.458800,0.000000,1.566625,3.129300,0
0.900000,0.158480,0.893654,3.023066,-0.550000,-0.458800,0.000000,1.526786,5.506100,0
0.920000,0.258263,0.865644,2.938403,-0.550000,-0.458800,0.000000,1.551593,3.247100,0
0.940000,0.190062,0.861031,2.940291,-0.550000,-0.458800,0.000000,1.513158,3.461300,0
0.960000,0.173111,0.862567,2.887295,-0.550000,-0.458800,0.000000,1.506288,3.144700,0
0.980000,0.352377,0.827632,2.787629,-0.550000,-0.458800,0.000000,1.571367,3.192500,0
1.000000,0.422266,0.836869,2.910293,-0.550000,-0.458800,0.000000,1.619895,3.140200,0
1.020000,0.445021,0.850416,3.002105,-0.550000,-0.458800,0.000000,1.644419,3.276900,0
1.040000,0.437630,0.856022,3.049882,-0.550000,-0.458800,0.000000,1.644436,3.460000,0
1.060000,0.494117,0.847863,2.855882,-0.550000,-0.458800,0.000000,1.672588,3.181400,0
1.080000,0.501228,0.839570,2.936800,-0.550000,-0.458800,0.000000,1.670582,3.185600,0
1.100000,0.559761,0.809686,2.999589,-0.550000,-0.458800,0.000000,1.685416,3.203000,0
1.120000,0.565315,0.803378,2.981400,-0.550000,-0.458800,0.000000,1.684345,5.735700,0
1.140000,0.611084,0.796042,2.834488,-0.550000,-0.458800,0.000000,1.709604,3.241200,0
1.160000,0.566231,0.807990,2.957271,-0.550000,-0.458800,0.000000,1.688410,3.147800,0
1.180000,0.603624,0.802065,2.949382,-0.550000,-0.458800,0.000000,1.708984,3.488700,0
1.200000,0.597736,0.797840,2.962482,-0.550000,-0.458800,0.000000,1.701893,3.088100,0
1.220000,0.608805,0.796930,2.971264,-0.550000,-0.458800,0.000000,1.708710,3.258300,0
1.240000,0.583632,0.794328,2.946484,-0.550000,-0.458800,0.000000,1.689808,2.959700,0
1.260000,0.575147,0.810084,2.929953,-0.550000,-0.458800,0.000000,1.695884,3.058400,0
1.280000,0.575168,0.801744,2.972144,-0.550000,-0.458800,0.000000,1.689667,2.891800,0
1.300000,0.593884,0.792874,2.831105,-0.550000,-0.458800,0.000000,1.695630,2.851100,0
1.320000,0.569600,0.803751,2.993289,-0.550000,-0.458800,0.000000,1.687465,3.484800,0
1.340000,0.553093,0.803479,2.966413,-0.550000,-0.458800,0.000000,1.676354,3.005100,0
1.360000,0.598041,0.791880,2.973652,-0.550000,-0.458800,0.000000,1.697704,3.349000,0
1.380000,0.581911,0.803274,2.973703,-0.550000,-0.458800,0.000000,1.695303,3.773500,0
1.400000,0.596735,0.801194,2.946161,-0.550000,-0.458800,0.000000,1.703698,3.210500,0
1.420000,0.549894,0.806948,2.972790,-0.550000,-0.458800,0.000000,1.676868,2.938000,0
1.440000,0.568511,0.799282,2.957605,-0.550000,-0.458800,0.000000,1.683401,2.884600,0
1.460000,0.543212,0.806609,2.975711,-0.550000,-0.458800,0.000000,1.672236,2.888000,0
1.480000,0.544167,0.817932,2.957287,-0.550000,-0.458800,0.000000,1.681442,2.754100,0
1.500000,0.600133,0.792442,2.965824,-0.550000,-0.458800,0.000000,1.699533,2.867300,0
1.520000,0.606182,0.797197,2.971352,-0.550000,-0.458800,0.000000,1.707128,2.963500,0
1.540000,0.571102,0.797644,2.919544,-0.550000,-0.458800,0.000000,1.683901,2.893500,0
1.560000,0.569249,0.806277,2.948796,-0.550000,-0.458800,0.000000,1.689123,2.828700,0
1.580000,0.600888,0.796182,2.876276,-0.550000,-0.458800,0.000000,1.702799,2.852300,0
1.600000,0.570906,0.795746,2.943790,-0.550000,-0.458800,0.000000,1.682355,2.835900,0
1.620000,0.573639,0.803513,2.966747,-0.550000,-0.458800,0.000000,1.689970,3.175800,0
1.640000,0.567581,0.805975,2.956497,-0.550000,-0.458800,0.000000,1.687793,2.816700,0
1.660000,0.552919,0.799294,2.990058,-0.550000,-0.458800,0.000000,1.673090,2.849500,0
1.680000,0.568710,0.802496,2.977463,-0.550000,-0.458800,0.000000,1.685936,2.809100,0
1.700000,0.573997,0.804050,2.976645,-0.550000,-0.458800,0.000000,1.690609,2.986400,0
1.720000,0.576057,0.799755,2.965760,-0.550000,-0.458800,0.000000,1.688776,3.154200,0
1.740000,0.604585,0.796561,2.873095,-0.550000,-0.458800,0.000000,1.705579,2.809400,0
1.760000,0.579580,0.801890,2.901822,-0.550000,-0.458800,0.000000,1.692717,9.462900,0
1.780000,0.534630,0.821366,2.922834,-0.550000,-0.458800,0.000000,1.677870,5.572100,0
1.800000,0.563205,0.800076,2.963573,-0.550000,-0.458800,0.000000,1.680475,13.701300,0
1.820000,0.604107,0.796768,2.954286,-0.550000,-0.458800,0.000000,1.705407,1.928300,0
1.840000,0.607607,0.791875,2.956238,-0.550000,-0.458800,0.000000,1.704184,3.547100,0
1.860000,0.613333,0.791520,2.968944,-0.550000,-0.458800,0.000000,1.707819,3.892100,0
1.880000,0.506126,0.809369,2.862431,-0.550000,-0.458800,0.000000,1.650350,3.023400,0
1.900000,0.600487,0.795277,2.964069,-0.550000,-0.458800,0.000000,1.701861,2.127600,0
1.920000,0.607010,0.795036,2.991349,-0.550000,-0.458800,0.000000,1.706100,1.607300,0
1.940000,0.559933,0.806977,3.001084,-0.550000,-0.458800,0.000000,1.683491,2.665400,0
1.960000,0.535465,0.813302,3.007745,-0.550000,-0.458800,0.000000,1.672267,2.849300,0
1.980000,0.595671,0.804223,2.948992,-0.550000,-0.458800,0.000000,1.705225,1.513100,0
2.000000,0.559860,0.810837,2.956941,-0.550000,-0.458800,0.000000,1.686347,1.545400,0
2.020000,0.593737,0.793409,2.956017,-0.550000,-0.458800,0.000000,1.695925,2.715500,0
2.040000,0.570660,0.806552,2.985003,-0.550000,-0.458800,0.000000,1.690265,3.262300,0
2.060000,0.566665,0.809699,2.937973,-0.550000,-0.458800,0.000000,1.689979,3.084600,0
2.080000,0.502196,0.825087,2.989678,-0.550000,-0.458800,0.000000,1.659964,3.212000,0
2.100000,0.556532,0.810420,2.900348,-0.550000,-0.458800,0.000000,1.683844,3.193600,0
2.120000,0.548157,0.815276,2.960407,-0.550000,-0.458800,0.000000,1.682028,3.249700,0
2.140000,0.610454,0.784586,2.954186,-0.550000,-0.458800,0.000000,1.700783,3.313000,0
2.160000,0.598483,0.797041,2.950322,-0.550000,-0.458800,0.000000,1.701807,3.205500,0
2.180000,0.568334,0.803337,2.998746,-0.550000,-0.458800,0.000000,1.686315,3.239900,0
2.200000,0.546781,0.813904,2.891400,-0.550000,-0.458800,0.000000,1.680090,3.244500,0
2.220000,0.581280,0.800943,2.961806,-0.550000,-0.458800,0.000000,1.693147,3.207800,0
2.240000,0.617005,0.793803,2.974619,-0.550000,-0.458800,0.000000,1.711992,3.354000,0
2.260000,0.509085,0.817926,3.002763,-0.550000,-0.458800,0.000000,1.658822,3.198800,0
2.280000,0.581115,0.794800,2.970111,-0.550000,-0.458800,0.000000,1.688471,3.161800,0
2.300000,0.578322,0.804076,2.964155,-0.550000,-0.458800,0.000000,1.693507,3.261600,0
2.320000,0.559229,0.802711,2.995908,-0.550000,-0.458800,0.000000,1.679821,3.102700,0
2.340000,0.555968,0.806609,2.992591,-0.550000,-0.458800,0.000000,1.680603,3.180900,0
2.360000,0.557345,0.804963,2.974787,-0.550000,-0.458800,0.000000,1.680270,3.222500,0
2.380000,0.595897,0.796838,2.961903,-0.550000,-0.458800,0.000000,1.699914,3.235900,0
2.400000,0.524929,0.805763,2.961901,-0.550000,-0.458800,0.000000,1.659696,3.146300,0
2.420000,0.575208,0.795561,2.968903,-0.550000,-0.458800,0.000000,1.685086,3.128600,0
2.440000,0.510754,0.804107,2.934645,-0.550000,-0.458800,0.000000,1.649283,3.334800,0
2.460000,0.536032,0.800718,2.979487,-0.550000,-0.458800,0.000000,1.663085,3.110400,0
2.480000,0.612581,0.779568,2.946072,-0.550000,-0.458800,0.000000,1.698573,3.290900,0
2.500000,0.570821,0.803643,2.990721,-0.550000,-0.458800,0.000000,1.688195,3.217300,0
2.520000,0.589165,0.801830,2.953308,-0.550000,-0.458800,0.000000,1.699084,3.214000,0
2.540000,0.579888,0.802191,2.935488,-0.550000,-0.458800,0.000000,1.693147,3.476800,0
2.560000,0.625450,0.788092,2.975694,-0.550000,-0.458800,0.000000,1.713599,3.222000,0
2.580000,0.570380,0.800503,2.972162,-0.550000,-0.458800,0.000000,1.685555,3.111100,0
2.600000,0.598523,0.790645,2.934973,-0.550000,-0.458800,0.000000,1.697120,3.059300,0
2.620000,0.627769,0.788929,2.943428,-0.550000,-0.458800,0.000000,1.715799,3.085900,0
2.640000,0.627641,0.791429,2.922562,-0.550000,-0.458800,0.000000,1.717531,3.386600,0
2.660000,0.529059,0.809200,2.958237,-0.550000,-0.458800,0.000000,1.664990,3.142300,0
2.680000,0.574777,0.799835,2.971703,-0.550000,-0.458800,0.000000,1.687982,3.179500,0
2.700000,0.619490,0.789373,2.965874,-0.550000,-0.458800,0.000000,1.710451,3.149100,0
2.720000,0.566988,0.805314,2.922160,-0.550000,-0.458800,0.000000,1.686904,3.130300,0
2.740000,0.558779,0.797001,2.976833,-0.550000,-0.458800,0.000000,1.675239,3.287300,0
2.760000,0.559008,0.806266,2.905098,-0.550000,-0.458800,0.000000,1.682347,3.051700,0
2.780000,0.595574,0.797532,2.939920,-0.550000,-0.458800,0.000000,1.700209,3.097600,0
2.800000,0.575744,0.801218,2.981215,-0.550000,-0.458800,0.000000,1.689658,3.100000,0
2.820000,0.601542,0.796704,2.894865,-0.550000,-0.458800,0.000000,1.703625,3.097900,0
2.840000,0.601542,0.797642,2.978112,-0.550000,-0.458800,0.000000,1.704316,3.456000,0
2.860000,0.571141,0.793729,2.870052,-0.550000,-0.458800,0.000000,1.681007,3.245700,0
2.880000,0.570221,0.803041,2.950278,-0.550000,-0.458800,0.000000,1.687346,3.251900,0
2.900000,0.569623,0.804480,2.884747,-0.550000,-0.458800,0.000000,1.688026,3.253800,0
2.920000,0.578750,0.800042,2.968849,-0.550000,-0.458800,0.000000,1.690786,3.297100,0
2.940000,0.548612,0.806749,2.967980,-0.550000,-0.458800,0.000000,1.675876,3.102700,0
2.960000,0.573531,0.806803,2.956737,-0.550000,-0.458800,0.000000,1.692357,3.099700,0
2.980000,0.592924,0.798953,2.896541,-0.550000,-0.458800,0.000000,1.699476,3.118200,0
3.000000,0.583217,0.796787,2.975508,-0.550000,-0.458800,0.000000,1.691354,3.072200,0
3.020000,0.568003,0.804485,2.927897,-0.550000,-0.458800,0.000000,1.686956,3.235600,0
3.040000,0.567223,0.800702,2.925940,-0.550000,-0.458800,0.000000,1.683607,3.117200,0
3.060000,0.539658,0.809252,2.942394,-0.550000,-0.458800,0.000000,1.671918,3.086400,0
3.080000,0.601929,0.792753,2.974995,-0.550000,-0.458800,0.000000,1.700978,3.076100,0
3.100000,0.624222,0.791313,2.972324,-0.550000,-0.458800,0.000000,1.715103,3.064200,0
3.120000,0.575173,0.804736,2.965038,-0.550000,-0.458800,0.000000,1.691903,3.294300,0
3.140000,0.605057,0.795714,2.972764,-0.550000,-0.458800,0.000000,1.705275,3.046000,0
3.160000,0.527042,0.810334,2.970104,-0.550000,-0.458800,0.000000,1.664548,3.077000,0
3.180000,0.557955,0.799667,2.974289,-0.550000,-0.458800,0.000000,1.676694,3.105700,0
3.200000,0.580591,0.793156,2.843706,-0.550000,-0.458800,0.000000,1.686899,3.107200,0
3.220000,0.611469,0.793345,2.898672,-0.550000,-0.458800,0.000000,1.707887,3.150400,0
3.240000,0.575351,0.800770,2.964116,-0.550000,-0.458800,0.000000,1.689063,3.148100,0
3.260000,0.620613,0.791935,2.970966,-0.550000,-0.458800,0.000000,1.713089,3.139300,0
3.280000,0.560013,0.805197,2.981278,-0.550000,-0.458800,0.000000,1.682206,3.121300,0
3.300000,0.620331,0.790248,2.963367,-0.550000,-0.458800,0.000000,1.711665,3.148800,0
3.320000,0.625091,0.789419,2.933371,-0.550000,-0.458800,0.000000,1.714319,3.085600,0
3.340000,0.579386,0.806853,2.953770,-0.550000,-0.456378,-0.000076,1.694481,3.246300,0
3.360000,0.563863,0.799956,2.910984,-0.550000,-0.453378,-0.000076,1.676764,3.129200,0
3.380000,0.588808,0.796656,2.980302,-0.550000,-0.450378,-0.000076,1.688780,3.114500,0
3.400000,0.622837,0.792161,2.960799,-0.550001,-0.447378,-0.000076,1.706460,3.116100,0
3.420000,0.546924,0.803085,2.983989,-0.550001,-0.444378,-0.000076,1.661147,3.107400,0
3.440000,0.536927,0.825959,2.935863,-0.550001,-0.441377,-0.000076,1.669597,3.471100,0
3.460000,0.585522,0.803613,3.000763,-0.550001,-0.438377,-0.000076,1.682840,3.132100,0
3.480000,0.539962,0.818558,2.933852,-0.550002,-0.435377,-0.000076,1.661437,3.036300,0
3.500000,0.561262,0.804561,2.979191,-0.550002,-0.432377,-0.000076,1.662806,3.085600,0
3.520000,0.540967,0.811188,2.929152,-0.550002,-0.429377,-0.000076,1.652034,3.189200,0
3.540000,0.558025,0.808361,2.901061,-0.550002,-0.426377,-0.000076,1.659006,3.067200,0
3.560000,0.580696,0.808033,2.890369,-0.550003,-0.423377,-0.000076,1.671780,3.182300,0
3.580000,0.541037,0.815097,2.999101,-0.550003,-0.420377,-0.000076,1.648261,3.183700,0
3.600000,0.587601,0.801866,2.979833,-0.550003,-0.417377,-0.000076,1.667542,3.142600,0
3.620000,0.544797,0.813293,2.950968,-0.550003,-0.414377,-0.000076,1.644920,3.249600,0
3.640000,0.569295,0.805360,2.990146,-0.550004,-0.411377,-0.000076,1.653263,3.190600,0
3.660000,0.534104,0.811423,2.987064,-0.550004,-0.408377,-0.000076,1.631932,3.156900,0
3.680000,0.539698,0.811716,2.973633,-0.550004,-0.405377,-0.000076,1.633636,3.213700,0
3.700000,0.517687,0.814171,2.946997,-0.550004,-0.402377,-0.000076,1.618627,3.184600,0
3.720000,0.537291,0.814117,2.869381,-0.550004,-0.399377,-0.000076,1.629349,3.258200,0
3.740000,0.503803,0.819156,2.990916,-0.550005,-0.396377,-0.000076,1.608736,3.188300,0
3.760000,0.434821,0.838279,2.948060,-0.550005,-0.393377,-0.000076,1.576978,3.211900,0
3.780000,0.441005,0.840431,2.883375,-0.550005,-0.390377,-0.000076,1.580186,3.129700,0
3.800000,0.337236,0.857231,2.841414,-0.550005,-0.389867,-0.000003,1.530507,3.090200,0
3.820000,0.420801,0.837752,2.872794,-0.550005,-0.389867,-0.000003,1.565092,3.206500,0
3.840000,0.421228,0.850361,2.817194,-0.550005,-0.389867,-0.000003,1.575264,1.632800,0
3.860000,0.404293,0.854427,2.940344,-0.550005,-0.389867,-0.000003,1.568105,1.998700,0
3.880000,0.332083,0.868438,2.903366,-0.550005,-0.389867,-0.000003,1.536689,1.615500,0
3.900000,0.484022,0.840279,2.932710,-0.550005,-0.389867,-0.000003,1.607007,1.704500,0
3.920000,0.377331,0.850285,2.912529,-0.550005,-0.389868,-0.000003,1.548525,1.574900,0
3.940000,0.219462,0.877675,2.834525,-0.550005,-0.389868,-0.000003,1.482817,1.580400,0
3.960000,0.279165,0.861651,2.914638,-0.550005,-0.389868,-0.000003,1.501274,1.511400,0
3.980000,0.257641,0.865441,2.795874,-0.550005,-0.389868,-0.000003,1.492680,2.703900,0
4.000000,0.263082,0.868429,2.838340,-0.550005,-0.389868,-0.000003,1.498140,3.427400,0
4.020000,0.213558,0.865561,2.828201,-0.550005,-0.389868,-0.000003,1.469398,2.978000,0
4.040000,0.372789,0.823907,2.943403,-0.550005,-0.389868,-0.000003,1.524729,3.013800,0
4.060000,0.381527,0.830840,2.909858,-0.550005,-0.389868,-0.000003,1.535539,3.125300,0
4.080000,0.446297,0.839044,2.923113,-0.550005,-0.389868,-0.000003,1.582037,3.095600,0
4.100000,0.401777,0.854660,2.884561,-0.550005,-0.389868,-0.000003,1.566760,3.356800,0
4.120000,0.499040,0.839119,2.927304,-0.550005,-0.389868,-0.000003,1.615829,1.683500,0
4.140000,0.292495,0.889071,2.860928,-0.550005,-0.389868,-0.000003,1.531500,1.629000,0
4.160000,0.328381,0.870346,2.847334,-0.550005,-0.389868,-0.000003,1.536132,1.587500,0
4.180000,0.296665,0.879691,2.846423,-0.550005,-0.389868,-0.000003,1.525985,2.408100,0
4.200000,0.475571,0.834881,2.953166,-0.550005,-0.387445,-0.000078,1.595584,2.662700,0
4.220000,0.445772,0.843990,2.918990,-0.550005,-0.384446,-0.000078,1.581337,2.675800,0
4.240000,0.404372,0.853724,2.877033,-0.550006,-0.381445,-0.000078,1.560923,2.969900,0
4.260000,0.338442,0.879015,2.859616,-0.550006,-0.378445,-0.000078,1.539658,2.768900,0
4.280000,0.408199,0.848769,2.952129,-0.550006,-0.375445,-0.000078,1.554624,2.644600,0
4.300000,0.286416,0.876124,2.913379,-0.550006,-0.372445,-0.000078,1.502839,2.687000,0
4.320000,0.268267,0.868239,2.854331,-0.550007,-0.369445,-0.000078,1.483723,2.238700,0
4.340000,0.319910,0.867517,2.892000,-0.550007,-0.366445,-0.000078,1.509774,1.663700,0
4.360000,0.376927,0.856600,2.878516,-0.550007,-0.363445,-0.000078,1.532226,1.540000,0
4.380000,0.272132,0.877798,2.815867,-0.550007,-0.360445,-0.000078,1.486324,1.481700,0
4.400000,0.276215,0.876103,2.885872,-0.550008,-0.357445,-0.000078,1.484683,1.512300,0
4.420000,0.267301,0.886135,2.844578,-0.550008,-0.354445,-0.000078,1.485609,1.492100,0
4.440000,0.299329,0.867077,2.905510,-0.550008,-0.351445,-0.000078,1.485318,1.450400,0
4.460000,0.359557,0.860334,2.911689,-0.550008,-0.348445,-0.000078,1.512764,1.527900,0
4.480000,0.347615,0.864067,2.885498,-0.550009,-0.345445,-0.000078,1.506203,1.510000,0
4.500000,0.332023,0.853442,2.918607,-0.550009,-0.342445,-0.000078,1.485976,1.534300,0
4.520000,0.399637,0.845001,2.921089,-0.550009,-0.339445,-0.000078,1.518137,1.493900,0
4.540000,0.366422,0.869351,2.811691,-0.550009,-0.336445,-0.000078,1.514527,1.610300,0
4.560000,0.440485,0.847174,2.958239,-0.550009,-0.333445,-0.000078,1.541084,3.204900,0
4.580000,0.330346,0.882151,2.919916,-0.550010,-0.330445,-0.000078,1.498471,1.623400,0
4.600000,0.347074,0.887969,2.910585,-0.550010,-0.327445,-0.000078,1.510626,1.523500,0
4.620000,0.460655,0.859846,2.890307,-0.550010,-0.324445,-0.000078,1.556916,1.471900,0
4.640000,0.354580,0.882946,2.917198,-0.550010,-0.321445,-0.000078,1.506267,1.470200,0
4.660000,0.385265,0.878565,2.869625,-0.550011,-0.318445,-0.000078,1.519070,1.563400,0
4.680000,0.235651,0.883385,2.912574,-0.550011,-0.315445,-0.000078,1.433338,1.515200,0
4.700000,0.278291,0.859103,2.914528,-0.550011,-0.312445,-0.000078,1.434785,1.474500,0
4.720000,0.237968,0.885122,2.918570,-0.550011,-0.309445,-0.000078,1.431049,1.467600,0
4.740000,0.226496,0.887714,2.881029,-0.550012,-0.306445,-0.000078,1.424423,1.608700,0
4.760000,0.293773,0.866598,2.943556,-0.550012,-0.303445,-0.000078,1.442558,1.801900,0
4.780000,0.365923,0.857420,2.899484,-0.550012,-0.300445,-0.000078,1.476343,1.822500,0
4.800000,0.307992,0.871378,2.911349,-0.550012,-0.297445,-0.000078,1.449937,1.725200,0
4.820000,0.285201,0.877645,2.910900,-0.550013,-0.294445,-0.000078,1.439228,1.486300,0
4.840000,0.278247,0.885292,2.926303,-0.550013,-0.291445,-0.000078,1.439001,1.447700,0
4.860000,0.325808,0.870024,2.953871,-0.550013,-0.288445,-0.000078,1.452278,1.512100,0
4.880000,0.293513,0.883713,2.904112,-0.550013,-0.285445,-0.000078,1.441689,1.575300,0
4.900000,0.278155,0.878042,2.852536,-0.550013,-0.282445,-0.000078,1.425690,1.452900,0
4.920000,0.243702,0.884647,2.946157,-0.550014,-0.279445,-0.000078,1.408934,1.475300,0
4.940000,0.247781,0.889792,2.873970,-0.550014,-0.276445,-0.000078,1.413006,1.470600,0
4.960000,0.351176,0.865660,2.911717,-0.550014,-0.273445,-0.000078,1.452481,1.936600,0
4.980000,0.365736,0.871558,2.940861,-0.550014,-0.270445,-0.000078,1.463820,1.550600,0
5.000000,0.383277,0.873111,2.935590,-0.550015,-0.267445,-0.000078,1.473738,1.516000,0
5.020000,0.346139,0.874309,2.941415,-0.550015,-0.264445,-0.000078,1.449087,1.519700,0
5.040000,0.330271,0.870018,2.957575,-0.550015,-0.261445,-0.000078,1.433566,1.588800,0
5.060000,0.271016,0.895420,2.873714,-0.550015,-0.258445,-0.000078,1.416156,1.546200,0
5.080000,0.329247,0.869261,2.935408,-0.550016,-0.255445,-0.000078,1.427608,1.554700,0
5.100000,0.253436,0.888389,2.954324,-0.550016,-0.252445,-0.000078,1.395362,1.602400,0
5.120000,0.296162,0.875149,2.907353,-0.550016,-0.249445,-0.000078,1.407383,1.557600,0
5.140000,0.240253,0.880848,2.909213,-0.550016,-0.246445,-0.000078,1.376705,1.529700,0
5.160000,0.255442,0.883894,2.948084,-0.550016,-0.243445,-0.000078,1.385516,1.848100,0
5.180000,0.303994,0.879242,2.935461,-0.550017,-0.240445,-0.000078,1.408202,1.566900,0
5.200000,0.319761,0.874918,2.973553,-0.550017,-0.237445,-0.000078,1.412043,1.547500,0
5.220000,0.323800,0.880757,2.982108,-0.550017,-0.234445,-0.000078,1.416768,1.576500,0
5.240000,0.305146,0.876711,2.977722,-0.550017,-0.231445,-0.000078,1.399755,1.546500,0
5.260000,0.296125,0.892148,2.890686,-0.550018,-0.228445,-0.000078,1.404168,1.533300,0
5.280000,0.261527,0.890370,2.928783,-0.550018,-0.225445,-0.000078,1.379727,1.570700,0
5.300000,0.261779,0.884001,2.911053,-0.550018,-0.222445,-0.000078,1.372311,1.535500,0
5.320000,0.260207,0.875804,2.940522,-0.550018,-0.219445,-0.000078,1.362364,1.554600,0
5.340000,0.264981,0.876708,2.967552,-0.550019,-0.216445,-0.000078,1.363528,1.533300,0
5.360000,0.200870,0.909536,2.907967,-0.550019,-0.213445,-0.000078,1.350896,3.149700,0
5.380000,0.236724,0.885540,3.000968,-0.550019,-0.210445,-0.000078,1.349129,3.101000,0
5.400000,0.272592,0.880412,2.895612,-0.550019,-0.207445,-0.000078,1.363863,3.057800,0
5.420000,0.322868,0.879672,2.935151,-0.550020,-0.204445,-0.000078,1.391849,3.137400,0
5.440000,0.232489,0.886946,2.962125,-0.550020,-0.201445,-0.000078,1.340490,2.077300,0
5.460000,0.265853,0.890811,2.879315,-0.550020,-0.198445,-0.000078,1.360929,2.439900,0
5.480000,0.193812,0.891551,2.944766,-0.550020,-0.195445,-0.000078,1.317135,3.150200,0
5.500000,0.237283,0.885084,2.967468,-0.550020,-0.192445,-0.000078,1.334510,3.130500,0
5.520000,0.286949,0.878600,2.911707,-0.550021,-0.189445,-0.000078,1.356923,3.076500,0
5.540000,0.203520,0.894331,2.953150,-0.550021,-0.186445,-0.000078,1.317536,3.059100,0
5.560000,0.210371,0.882801,2.996826,-0.550021,-0.183445,-0.000078,1.309609,3.791600,0
5.580000,0.285594,0.889071,2.907028,-0.550021,-0.180445,-0.000078,1.357247,2.955000,0
5.600000,0.210678,0.897935,2.971340,-0.550022,-0.177445,-0.000078,1.317235,2.891100,0
5.620000,0.230223,0.901539,2.920826,-0.550022,-0.174445,-0.000078,1.329106,2.849600,0
5.640000,0.250625,0.885936,2.991885,-0.550022,-0.171445,-0.000078,1.326307,2.811400,0
5.660000,0.271131,0.890801,2.985504,-0.550022,-0.168445,-0.000078,1.340259,1.741500,0
5.680000,0.334707,0.869081,2.936240,-0.550023,-0.165445,-0.000078,1.361246,1.706600,0
5.700000,0.192487,0.902193,2.962834,-0.550023,-0.162445,-0.000078,1.297989,1.567400,0
5.720000,0.298289,0.890889,2.933795,-0.550023,-0.159445,-0.000078,1.350124,1.494400,0
5.740000,0.294969,0.899342,2.967799,-0.550023,-0.156445,-0.000078,1.352293,1.529200,0
5.760000,0.221006,0.903111,2.857865,-0.550024,-0.153445,-0.000078,1.307974,1.519000,0
5.780000,0.221130,0.894043,2.939955,-0.550024,-0.150445,-0.000078,1.298319,1.463700,0
5.800000,0.299697,0.872517,2.929291,-0.550024,-0.147445,-0.000078,1.327535,1.518400,0
5.820000,0.184296,0.894292,2.985439,-0.550024,-0.144445,-0.000078,1.272085,1.479300,0
5.840000,0.212649,0.898783,2.982392,-0.550025,-0.141445,-0.000078,1.289863,1.528200,0
5.860000,0.181384,0.906082,2.869220,-0.550025,-0.138445,-0.000078,1.275145,1.557500,0
5.880000,0.208425,0.892534,2.960769,-0.550025,-0.135445,-0.000078,1.277493,1.653400,0
5.900000,0.239164,0.887556,2.961399,-0.550025,-0.132445,-0.000078,1.289659,1.614800,0
5.920000,0.206908,0.888820,3.010548,-0.550025,-0.129445,-0.000078,1.268783,1.594000,0
5.940000,0.193767,0.898844,2.937340,-0.550026,-0.126445,-0.000078,1.266667,1.633000,0
5.960000,0.185185,0.896216,3.021892,-0.550026,-0.123445,-0.000078,1.257077,1.594500,0
5.980000,0.224925,0.899456,2.956956,-0.550026,-0.120445,-0.000078,1.280916,1.640500,0
6.000000,0.277800,0.879734,2.934502,-0.550026,-0.117445,-0.000078,1.296018,1.599600,0
6.020000,0.293099,0.881133,2.894201,-0.550027,-0.114445,-0.000078,1.304622,1.606000,0
6.040000,0.255480,0.884997,2.949057,-0.550027,-0.111445,-0.000078,1.281303,1.646300,0
6.060000,0.199837,0.905773,2.935226,-0.550027,-0.108445,-0.000078,1.261323,1.595200,0
6.080000,0.189697,0.901160,2.880499,-0.550027,-0.105445,-0.000078,1.249178,1.759300,0
6.100000,0.196136,0.900749,2.972050,-0.550028,-0.102445,-0.000078,1.250263,1.646800,0
6.120000,0.283755,0.880837,2.945532,-0.550028,-0.099445,-0.000078,1.286914,1.591000,0
6.140000,0.247890,0.881798,2.944640,-0.550028,-0.096445,-0.000078,1.262391,1.604300,0
6.160000,0.239247,0.887514,2.927841,-0.550028,-0.093445,-0.000078,1.259062,1.613200,0
6.180000,0.217705,0.888933,2.981628,-0.550029,-0.090445,-0.000078,1.244427,1.585100,0
6.200000,0.187633,0.909754,2.854315,-0.550029,-0.087445,-0.000078,1.240383,1.628100,0
6.220000,0.187282,0.889861,2.959970,-0.550029,-0.084445,-0.000078,1.221843,1.624500,0
6.240000,0.163755,0.906628,2.996384,-0.550029,-0.081445,-0.000078,1.218924,1.588900,0
6.260000,0.189041,0.893157,2.938663,-0.550029,-0.078445,-0.000078,1.220751,1.565700,0
6.280000,0.222310,0.898012,2.934013,-0.550030,-0.075445,-0.000078,1.242630,1.833000,0
6.300000,0.097214,0.910556,2.962715,-0.550030,-0.072445,-0.000078,1.176951,1.563500,0
6.320000,0.125326,0.913889,2.959991,-0.550030,-0.069445,-0.000078,1.192917,1.581500,0
6.340000,0.130585,0.913558,2.940398,-0.550030,-0.066445,-0.000078,1.193165,1.564800,0
6.360000,0.190941,0.907980,2.995315,-0.550031,-0.063445,-0.000078,1.221764,1.506900,0
6.380000,0.198011,0.907206,2.987252,-0.550031,-0.060445,-0.000078,1.223076,1.484000,0
6.400000,0.123823,0.907661,3.028125,-0.550031,-0.057445,-0.000078,1.177077,1.514700,0
6.420000,0.107718,0.902599,3.093648,-0.550031,-0.054445,-0.000078,1.161278,1.487600,0
6.440000,0.154277,0.905958,2.957356,-0.550032,-0.051445,-0.000078,1.188558,1.462700,0
6.460000,0.179669,0.899579,3.005293,-0.550032,-0.048445,-0.000078,1.196334,1.435700,0
6.480000,0.132087,0.904359,3.029790,-0.550032,-0.045445,-0.000078,1.169365,1.687200,0
6.500000,0.164507,0.903626,2.972807,-0.550032,-0.042445,-0.000078,1.185587,1.468800,0
6.520000,0.131038,0.908543,2.991249,-0.550032,-0.039445,-0.000078,1.167278,1.412900,0
6.540000,0.174339,0.904960,3.005757,-0.550033,-0.036445,-0.000078,1.187838,1.420000,0
6.560000,0.156844,0.895513,3.033086,-0.550033,-0.033445,-0.000078,1.167321,1.376000,0
6.580000,0.111541,0.897162,3.120561,-0.550033,-0.030445,-0.000078,1.139357,1.398700,0
6.600000,0.140984,0.903763,3.005956,-0.550033,-0.027445,-0.000078,1.159592,1.471200,0
6.620000,0.141879,0.901112,3.031775,-0.550034,-0.024445,-0.000078,1.155595,1.465500,0
6.640000,0.132930,0.911587,2.979257,-0.550034,-0.021445,-0.000078,1.156282,1.464900,0
6.660000,0.153340,0.905595,3.013670,-0.550034,-0.018445,-0.000078,1.161286,1.424100,0
6.680000,0.085931,0.917727,2.977718,-0.550034,-0.015445,-0.000078,1.129275,1.631800,0
6.700000,0.148869,0.897922,3.034968,-0.550035,-0.012445,-0.000078,1.147709,1.962700,0
6.720000,0.131415,0.906484,3.008314,-0.550035,-0.009445,-0.000078,1.141622,1.442200,0
6.740000,0.171174,0.909934,2.990595,-0.550035,-0.006445,-0.000078,1.166145,1.457100,0
6.760000,0.141255,0.911851,3.028027,-0.550035,-0.003445,-0.000078,1.147017,1.919700,0
6.780000,0.129755,0.913224,3.108001,-0.550035,-0.002491,0.009002,1.140460,2.619300,0
6.800000,0.169631,0.906964,3.009452,-0.550033,-0.002317,0.029000,1.159615,2.318500,0
6.820000,0.074557,0.917957,3.000561,-0.550032,-0.002300,0.047227,1.112198,1.467600,0
6.840000,0.070255,0.913636,3.018973,-0.550031,-0.002303,0.065216,1.106209,1.510300,0
6.860000,0.121249,0.912921,3.014651,-0.550030,-0.002306,0.083205,1.135013,2.008800,0
6.880000,0.053500,0.919138,3.008054,-0.550029,-0.002308,0.101195,1.101503,2.836000,0
6.900000,0.098759,0.913027,3.019322,-0.550028,-0.002309,0.119185,1.121946,2.806800,0
6.920000,0.135584,0.916520,3.004944,-0.550027,-0.002316,0.137231,1.146439,2.870600,0
6.940000,0.084421,0.931853,2.938466,-0.550026,-0.002323,0.155285,1.129251,2.944100,0
6.960000,0.036913,0.916377,2.878254,-0.550025,-0.002330,0.173339,1.090192,2.974900,0
6.980000,0.172648,0.903625,2.899904,-0.550024,-0.002337,0.191390,1.158888,3.103100,0
7.000000,0.124005,0.915890,2.935250,-0.550023,-0.002343,0.209436,1.139064,3.135300,0
7.020000,0.055133,0.921289,2.912924,-0.550023,-0.002338,0.209435,1.104219,2.984400,0
7.040000,0.044105,0.926383,2.836563,-0.550022,-0.002334,0.209429,1.102498,3.070700,0
7.060000,0.188470,0.891697,2.889374,-0.550022,-0.002331,0.209423,1.159593,2.970100,0
7.080000,0.111429,0.920122,2.889048,-0.550021,-0.002328,0.209418,1.135091,3.009700,0
7.100000,0.138394,0.891632,2.916448,-0.550021,-0.002326,0.209414,1.128307,3.010000,0
7.120000,0.064156,0.921630,2.867225,-0.550021,-0.002325,0.209411,1.109463,3.016800,0
7.140000,0.094548,0.922440,2.851128,-0.549397,0.000099,0.209456,1.124890,2.997900,0
7.160000,0.058427,0.912283,2.915336,-0.548773,0.003035,0.209456,1.093354,3.013500,0
7.180000,0.016851,0.924173,2.929511,-0.548150,0.005970,0.209454,1.078111,2.946000,0
7.200000,-0.001318,0.922201,2.880898,-0.547526,0.008905,0.209453,1.064167,2.880400,0
7.220000,0.055222,0.920964,2.846134,-0.546902,0.011840,0.209452,1.090441,2.914300,0
7.240000,0.050065,0.929574,2.856121,-0.546278,0.014775,0.209451,1.092008,3.009300,0
7.260000,-0.012354,0.952726,2.875872,-0.545655,0.017710,0.209451,1.076413,3.123000,0
7.280000,0.090876,0.903038,2.886430,-0.545031,0.020645,0.209450,1.087656,3.167700,0
7.300000,0.065494,0.920786,2.882842,-0.544407,0.023579,0.209450,1.084877,2.954600,0
7.320000,0.008417,0.927632,2.893481,-0.543783,0.026514,0.209450,1.056853,2.875500,0
7.340000,0.036563,0.914933,2.851782,-0.543160,0.029449,0.209450,1.058376,2.812200,0
7.360000,0.070856,0.918176,2.920706,-0.542536,0.032383,0.209450,1.077441,2.815300,0
7.380000,0.035468,0.919653,2.922620,-0.541912,0.035318,0.209449,1.056133,3.195300,0
7.400000,0.030244,0.916470,2.835001,-0.541288,0.038252,0.209449,1.047815,2.960600,0
7.420000,0.091473,0.911752,2.857177,-0.540665,0.041187,0.209449,1.075863,2.506500,0
7.440000,0.064381,0.923718,2.866964,-0.540041,0.044121,0.209449,1.067247,1.454700,0
7.460000,0.107860,0.919123,2.859349,-0.539417,0.047056,0.209449,1.086033,1.475000,0
7.480000,0.085361,0.917125,2.938431,-0.539321,0.047729,0.222260,1.070550,1.384900,0
7.500000,0.024973,0.923902,2.783593,-0.539285,0.047888,0.242145,1.042011,1.624400,0
7.520000,0.054951,0.911679,2.831084,-0.539285,0.047888,0.260167,1.048452,1.425500,0
7.540000,0.040256,0.934748,2.839970,-0.539285,0.047883,0.278176,1.059432,1.355300,0
7.560000,-0.016381,0.958089,2.748436,-0.539284,0.047878,0.296192,1.049719,1.934400,0
7.580000,0.028848,0.921256,2.797396,-0.539283,0.047873,0.314212,1.041907,1.810800,0
7.600000,0.019861,0.927884,2.794575,-0.539283,0.047868,0.332233,1.042627,1.346400,0
7.620000,-0.010766,0.920954,2.788051,-0.539282,0.047863,0.350255,1.020597,1.304100,0
7.640000,-0.008579,0.930223,2.707931,-0.539281,0.047859,0.368275,1.029666,1.296500,0
7.660000,0.022065,0.917694,2.752520,-0.539280,0.047855,0.386294,1.035243,1.296300,0
7.680000,-0.002685,0.923061,2.761510,-0.539279,0.047851,0.404311,1.026609,1.330300,0
7.700000,0.053733,0.895127,2.721725,-0.539278,0.047847,0.422326,1.034188,1.274800,0
7.720000,0.028281,0.929549,2.713195,-0.539277,0.047844,0.440339,1.048583,1.318200,0
7.740000,0.074253,0.913794,2.696697,-0.539276,0.047841,0.458350,1.061269,1.340300,0
7.760000,0.041360,0.906393,2.645646,-0.539275,0.047838,0.476359,1.036462,1.392000,0
7.780000,0.069178,0.920865,2.645342,-0.539274,0.047835,0.494366,1.064141,1.498400,0
7.800000,0.122436,0.891910,2.585001,-0.539273,0.047832,0.512372,1.072533,1.401600,0
7.820000,0.071936,0.913008,2.659372,-0.539272,0.047829,0.530376,1.059297,1.436500,0
7.840000,0.056182,0.928644,2.592830,-0.539271,0.047827,0.548378,1.063204,1.479600,0
7.860000,0.100310,0.918868,2.582127,-0.539270,0.047824,0.566379,1.080639,1.465200,0
7.880000,0.102109,0.901047,2.541823,-0.539269,0.047822,0.584379,1.067408,1.468200,0
7.900000,0.077147,0.913077,2.497354,-0.539268,0.047819,0.602378,1.062375,1.406900,0
7.920000,0.066001,0.907383,2.625489,-0.539267,0.047817,0.620376,1.051287,1.543800,0
7.940000,0.078872,0.884337,2.549114,-0.539266,0.047815,0.638373,1.040127,1.451900,0
7.960000,0.041886,0.919611,2.616086,-0.539265,0.047812,0.656369,1.047746,1.467700,0
7.980000,0.086097,0.905382,2.519496,-0.539264,0.047810,0.674365,1.061370,1.445300,0
8.000000,0.090701,0.899672,2.591657,-0.539263,0.047808,0.692360,1.059493,1.538900,0
8.020000,0.058087,0.915185,2.416873,-0.539261,0.047813,0.692353,1.053166,1.437800,0
8.040000,0.051955,0.921110,2.425270,-0.537345,0.050123,0.692363,1.051615,1.452200,0
8.060000,0.039720,0.931219,2.438933,-0.535427,0.052434,0.692357,1.050265,1.430400,0
8.080000,0.021274,0.944262,2.439032,-0.533511,0.054746,0.692351,1.048344,1.484800,0
8.100000,0.034767,0.928537,2.510325,-0.531595,0.057057,0.692345,1.039348,1.505900,0
8.120000,0.029414,0.935483,2.532288,-0.529679,0.059368,0.692340,1.039309,1.523900,0
8.140000,0.026834,0.939210,2.481441,-0.527763,0.061679,0.692336,1.038093,1.443500,0
8.160000,0.027019,0.936544,2.472771,-0.525848,0.063990,0.692333,1.032963,1.499900,0
8.180000,0.036461,0.936355,2.452692,-0.523933,0.066300,0.692331,1.034910,1.484500,0
8.200000,0.036256,0.939544,2.414947,-0.522017,0.068610,0.692329,1.034502,2.480800,0
8.220000,0.042577,0.930568,2.619543,-0.520102,0.070920,0.692328,1.027425,2.769600,0
8.240000,0.054863,0.922173,2.588281,-0.518187,0.073230,0.692327,1.024251,2.879600,0
8.260000,0.061433,0.903904,2.578604,-0.516272,0.075539,0.692326,1.009916,2.064900,0
8.280000,0.035387,0.921165,2.625796,-0.514357,0.077849,0.692326,1.006678,1.525900,0
8.300000,0.039536,0.907396,2.625926,-0.514132,0.078119,0.709845,0.997120,1.456100,0
8.320000,-0.012326,0.945127,2.425001,-0.514116,0.078136,0.728137,1.001732,1.456000,0
8.340000,0.036344,0.913804,2.245236,-0.514118,0.078133,0.746124,1.000677,1.451800,0
8.360000,0.023623,0.933920,2.257230,-0.514119,0.078130,0.764116,1.010714,1.655900,0
8.380000,0.018020,0.939489,2.269462,-0.514120,0.078127,0.782110,1.012481,1.462700,0
8.400000,0.027540,0.946886,2.182932,-0.514120,0.078124,0.800107,1.023789,1.471600,0
8.420000,0.052710,0.931497,2.283453,-0.514121,0.078121,0.818104,1.024475,1.439800,0
8.440000,0.044655,0.917413,2.365794,-0.514121,0.078118,0.836102,1.008289,1.494000,0
8.460000,0.039729,0.933409,2.283224,-0.512044,0.079994,0.838423,1.016253,1.492800,0
8.480000,0.063664,0.914452,2.264873,-0.509811,0.082002,0.838417,1.010865,1.513000,0
8.500000,0.026602,0.951655,2.270666,-0.507577,0.084009,0.838412,1.018900,1.468100,0
8.520000,0.019410,0.945229,2.355989,-0.505345,0.086017,0.838407,1.006784,1.510900,0
8.540000,0.027491,0.926130,2.190938,-0.503113,0.088024,0.838404,0.991949,1.452000,0
8.560000,-0.006429,0.963720,2.261648,-0.500881,0.090031,0.838401,1.003900,1.660800,0
8.580000,0.019796,0.957699,2.294742,-0.500622,0.090262,0.856005,1.011574,1.456000,0
8.600000,0.101698,0.876213,2.258820,-0.500599,0.090281,0.874365,0.990177,1.455200,0
8.620000,0.024968,0.970767,2.212286,-0.500601,0.090278,0.892354,1.025419,1.428200,0
8.640000,0.024806,0.971574,2.139175,-0.500602,0.090275,0.910345,1.026032,2.247500,0
8.660000,0.034572,0.964753,2.178262,-0.500603,0.090273,0.928339,1.025245,2.555800,0
8.680000,0.057085,0.943003,2.205198,-0.500604,0.090270,0.946333,1.018906,2.552400,0
8.700000,0.046886,0.922024,2.123699,-0.500604,0.090268,0.964328,0.995772,2.479000,0
8.720000,0.008977,0.959119,2.213780,-0.498513,0.091975,0.964436,1.004731,2.778800,0
8.740000,0.007193,0.962496,2.124562,-0.496045,0.093686,0.964429,1.004032,2.650400,0
8.760000,0.037457,0.930586,2.112166,-0.493578,0.095398,0.964423,0.989716,2.754400,0
8.780000,-0.010213,0.967251,2.104798,-0.491111,0.097109,0.964418,0.994188,2.295200,0
8.800000,-0.008214,0.925736,2.176720,-0.488644,0.098821,0.964415,0.956348,1.573000,0
8.820000,-0.071429,0.979303,2.121957,-0.486178,0.100531,0.964412,0.971729,1.545200,0
8.840000,-0.026598,0.979321,2.102151,-0.485852,0.100583,0.981334,0.991511,1.496200,0
8.860000,0.015828,0.909959,2.192159,-0.485855,0.100580,0.999319,0.952250,1.775400,0
8.880000,-0.002249,0.916997,2.107972,-0.485857,0.100577,1.017308,0.948903,1.786800,0
8.900000,-0.027082,0.968449,2.088949,-0.485859,0.100575,1.035299,0.981673,1.508300,0
8.920000,-0.021559,0.950056,2.081323,-0.485860,0.100572,1.053292,0.968090,1.520500,0
8.940000,-0.021664,0.947662,2.133776,-0.485861,0.100570,1.071285,0.965942,1.519600,0
8.960000,-0.007228,0.978971,2.107890,-0.485862,0.100568,1.089279,1.000341,1.515900,0
8.980000,0.004022,0.947470,2.119380,-0.485862,0.100565,1.107272,0.978383,1.531000,0
9.000000,-0.028210,0.981300,2.052942,-0.485863,0.100563,1.125265,0.992544,1.477900,0
9.020000,-0.000974,0.938345,2.068049,-0.485863,0.100561,1.143257,0.967987,1.558400,0
9.040000,-0.025222,0.949857,2.106389,-0.485863,0.100559,1.161249,0.966176,1.516700,0
9.060000,-0.043856,0.953146,2.107989,-0.485863,0.100556,1.179239,0.960355,1.686700,0
9.080000,-0.003235,0.909231,2.039917,-0.485863,0.100554,1.197229,0.941748,1.539400,0
9.100000,-0.029707,0.936475,2.080981,-0.485862,0.100552,1.215218,0.952284,1.571700,0
9.120000,-0.035119,0.943316,2.078481,-0.485862,0.100550,1.233207,0.955732,1.506900,0
9.140000,-0.025851,0.939659,2.054753,-0.485862,0.100548,1.251195,0.956931,1.400100,0
9.160000,-0.035744,0.966991,1.838672,-0.485862,0.100546,1.269182,0.976388,1.433500,0
9.180000,-0.026263,0.953524,1.817395,-0.485862,0.100544,1.287168,0.968921,1.477200,0
9.200000,-0.017446,0.951850,1.826160,-0.485861,0.100542,1.305155,0.971667,1.466000,0
9.220000,-0.001416,0.930819,1.654792,-0.485861,0.100540,1.323140,0.961275,1.433800,0
9.240000,0.000183,0.943148,1.629328,-0.485861,0.100538,1.341126,0.972744,1.467500,0
9.260000,0.001824,0.970140,1.583091,-0.485861,0.100537,1.359111,0.997018,1.516800,0
9.280000,0.015416,0.906033,1.683842,-0.485861,0.100535,1.377095,0.948739,2.486700,0
9.300000,-0.021520,0.960139,1.655031,-0.483533,0.101015,1.384194,0.975474,2.778800,0
9.320000,-0.009308,0.970169,1.738658,-0.480581,0.101571,1.384191,0.988211,2.776600,0
9.340000,-0.007702,0.987522,1.756949,-0.477629,0.102128,1.384178,1.002374,2.764000,0
9.360000,-0.004655,0.952769,1.665402,-0.474678,0.102684,1.384169,0.971374,2.325500,0
9.380000,0.000980,0.974422,1.773870,-0.471728,0.103241,1.384162,0.991166,1.579500,0
9.400000,0.008071,0.937932,1.624086,-0.468778,0.103798,1.384157,0.960814,1.492400,0
9.420000,0.025602,0.933461,1.504636,-0.465829,0.104355,1.384154,0.963806,1.658100,0
9.440000,0.023890,0.997991,1.639811,-0.462879,0.104912,1.384152,1.017120,1.515400,0
9.460000,0.015447,0.979696,1.740077,-0.459931,0.105469,1.384151,0.995116,1.522200,0
9.480000,0.019935,1.008448,1.724737,-0.456982,0.106026,1.384150,1.020693,1.455600,0
9.500000,0.031599,0.994208,1.630137,-0.454033,0.106583,1.384149,1.011789,1.445000,0
9.520000,0.023266,1.006259,1.665176,-0.451085,0.107140,1.384148,1.016574,1.470500,0
9.540000,0.011250,1.002626,1.661779,-0.448137,0.107697,1.384147,1.005950,1.534100,0
9.560000,-0.008718,1.009633,1.756772,-0.445188,0.108253,1.384146,1.001495,1.443700,0
9.580000,-0.011856,1.017148,1.736939,-0.442240,0.108810,1.384146,1.005141,1.405700,0
9.600000,-0.018216,1.011637,1.788121,-0.439292,0.109367,1.384145,0.995689,1.456200,0
9.620000,-0.019735,1.017521,1.730654,-0.436344,0.109924,1.384145,0.998646,1.603000,0
9.640000,-0.024937,0.978597,1.660530,-0.433396,0.110481,1.384145,0.959408,1.418200,0
9.660000,-0.040162,1.014841,1.722485,-0.432741,0.110560,1.397258,0.985821,1.460700,0
9.680000,-0.031303,1.019239,1.672699,-0.432570,0.110527,1.417257,0.993364,1.412500,0
9.700000,-0.028437,0.969337,1.597815,-0.432572,0.110525,1.435255,0.949149,1.526200,0
9.720000,-0.032289,1.028190,1.632221,-0.432575,0.110524,1.453244,1.001170,1.384300,0
9.740000,0.001121,1.024093,1.739664,-0.432577,0.110522,1.471233,1.011289,1.395400,0
9.760000,0.023976,1.007742,1.669315,-0.432579,0.110521,1.489223,1.006702,1.441600,0
9.780000,0.031073,1.037562,1.698934,-0.432580,0.110519,1.507213,1.036524,1.447000,0
9.800000,0.050325,1.009393,1.541671,-0.432581,0.110518,1.525203,1.020380,1.464500,0
9.820000,0.047293,1.007530,1.624953,-0.432582,0.110517,1.543191,1.017306,1.376100,0
9.840000,0.051763,0.994746,1.588236,-0.432583,0.110517,1.561179,1.008193,1.484400,0
9.860000,0.061401,1.004769,1.647276,-0.432584,0.110516,1.579167,1.021621,1.427800,0
9.880000,0.062530,0.977474,1.617567,-0.432584,0.110515,1.597153,0.998377,1.408900,0
9.900000,0.063835,0.965613,1.516572,-0.432585,0.110514,1.615139,0.988750,1.377500,0
9.920000,0.060264,0.993058,1.545031,-0.430416,0.110408,1.624495,1.009870,1.347600,0
9.940000,0.057528,0.965658,1.566374,-0.427417,0.110244,1.624492,0.983313,1.477000,0
9.960000,0.056014,1.006532,1.621482,-0.424418,0.110082,1.624487,1.017073,1.451500,0
9.980000,0.064805,1.008282,1.540145,-0.421420,0.109919,1.624479,1.021504,1.456400,0
10.000000,0.066716,1.019852,1.596004,-0.418422,0.109757,1.624474,1.031325,1.384100,0
10.020000,0.071337,1.001700,1.674727,-0.415424,0.109596,1.624469,1.016261,1.420000,0
10.040000,0.061656,1.022640,1.525259,-0.412427,0.109435,1.624465,1.028930,1.461800,0
10.060000,0.058508,1.011324,1.588960,-0.409430,0.109274,1.624461,1.016199,2.064000,0
10.080000,0.067054,0.978772,1.555030,-0.406434,0.109112,1.624458,0.990202,1.482500,0
10.100000,0.068125,1.039469,1.638923,-0.403437,0.108951,1.624456,1.043185,1.527800,0
10.120000,0.053817,1.005298,1.638101,-0.400441,0.108790,1.624455,1.005026,1.403300,0
10.140000,0.045201,1.017774,1.600269,-0.397445,0.108630,1.624454,1.011177,1.429300,0
10.160000,0.058341,1.007581,1.676076,-0.394449,0.108469,1.624453,1.006688,1.394800,0
10.180000,0.050512,1.080807,1.490520,-0.391453,0.108308,1.624452,1.068217,1.498100,0
10.200000,0.049806,1.034764,1.543675,-0.388457,0.108147,1.624452,1.025033,1.398400,0
10.220000,0.037109,1.048467,1.553353,-0.385461,0.107986,1.624451,1.031053,1.393200,0
10.240000,0.023944,1.038460,1.642866,-0.382465,0.107825,1.624451,1.015505,1.438900,0
10.260000,0.029114,1.059767,1.676914,-0.379469,0.107664,1.624451,1.036070,2.200100,0
10.280000,0.025313,1.036151,1.539369,-0.376474,0.107503,1.624451,1.011840,2.841600,0
10.300000,0.025704,1.021256,1.620547,-0.373478,0.107343,1.624451,0.997288,2.947500,0
10.320000,0.035474,1.060464,1.691689,-0.370482,0.107182,1.624451,1.036121,3.011300,0
10.340000,0.035781,1.094375,1.656053,-0.367486,0.107021,1.624451,1.066533,2.516700,0
10.360000,0.044556,1.033109,1.480141,-0.364491,0.106860,1.624451,1.012549,1.598600,0
10.380000,0.036332,1.071844,1.471902,-0.361495,0.106699,1.624451,1.043921,1.865500,0
10.400000,0.037185,1.051321,1.703931,-0.358499,0.106538,1.624451,1.024295,1.562700,0
10.420000,0.038801,1.080346,1.715359,-0.355504,0.106377,1.624451,1.050758,1.520900,0
10.440000,0.045558,1.057895,1.713210,-0.352508,0.106217,1.624451,1.031575,1.450800,0
10.460000,0.043589,1.045722,1.584260,-0.349512,0.106056,1.624451,1.018577,1.517200,0
10.480000,0.026980,1.105877,1.651108,-0.346516,0.105895,1.624451,1.067456,1.456800,0
10.500000,0.034087,1.052101,1.750869,-0.343521,0.105734,1.624451,1.018920,1.472600,0
10.520000,0.040012,1.080579,1.738376,-0.340525,0.105573,1.624451,1.046635,1.453700,0
10.540000,0.048952,1.063222,1.707200,-0.337529,0.105412,1.624451,1.032844,1.472900,0
10.560000,0.039514,1.076618,1.701412,-0.334534,0.105251,1.624451,1.040897,1.505700,0
10.580000,0.048955,1.043802,1.729565,-0.331538,0.105090,1.624451,1.012894,1.492400,0
10.600000,0.040552,1.084643,1.791793,-0.328542,0.104930,1.624451,1.046932,1.507200,0
10.620000,0.031112,1.096519,1.801642,-0.325547,0.104769,1.624451,1.053933,1.561500,0
10.640000,0.012544,1.127090,1.678153,-0.322551,0.104608,1.624451,1.075992,1.444200,0
10.660000,0.019165,1.092356,1.692886,-0.319555,0.104447,1.624451,1.044364,1.476600,0
10.680000,0.009727,1.072248,1.787910,-0.316560,0.104286,1.624451,1.021476,1.572900,0
10.700000,0.011397,1.120208,1.677426,-0.313564,0.104125,1.624451,1.066783,1.480300,0
10.720000,0.020658,1.082084,1.697240,-0.310568,0.103964,1.624451,1.032681,1.448000,0
10.740000,0.011211,1.099857,1.746031,-0.307573,0.103803,1.624451,1.045823,1.478700,0
10.760000,-0.000276,1.129068,1.772590,-0.304577,0.103642,1.624451,1.069625,1.489300,0
10.780000,-0.004504,1.112099,1.745721,-0.301581,0.103482,1.624451,1.051458,1.470100,0
10.800000,-0.006021,1.087458,1.612215,-0.298585,0.103321,1.624451,1.026703,1.551300,0
10.820000,-0.032005,1.151515,1.694988,-0.295590,0.103160,1.624451,1.080983,1.565200,0
10.840000,-0.025230,1.139649,1.539086,-0.292594,0.102999,1.624451,1.070573,1.457200,0
10.860000,-0.023452,1.121499,1.459359,-0.289598,0.102838,1.624451,1.052855,1.486300,0
10.880000,-0.039873,1.123462,1.553401,-0.286603,0.102677,1.624451,1.050180,1.428600,0
10.900000,-0.028844,1.133845,1.663682,-0.283607,0.102516,1.624451,1.062329,1.537100,0
10.920000,-0.041217,1.125889,1.606049,-0.280611,0.102355,1.624451,1.051157,1.466300,0
10.940000,-0.032256,1.138242,1.537103,-0.277616,0.102194,1.624451,1.064705,1.458400,0
10.960000,-0.025774,1.176260,1.547147,-0.274620,0.102034,1.624451,1.102672,1.464600,0
10.980000,-0.014546,1.186441,1.499575,-0.271624,0.101873,1.624451,1.114619,1.501300,0
11.000000,-0.020700,1.181048,1.555999,-0.268629,0.101712,1.624451,1.107446,1.505100,0
11.020000,-0.057224,1.144082,1.624616,-0.265633,0.101551,1.624451,1.063158,1.537100,0
11.040000,-0.043651,1.199254,1.532969,-0.262637,0.101390,1.624451,1.119491,1.498300,0
11.060000,-0.019733,1.152664,1.409339,-0.259642,0.101229,1.624451,1.078458,1.600900,0
11.080000,-0.013562,1.181029,1.544814,-0.256646,0.101068,1.624451,1.106980,1.411700,0
11.100000,-0.006583,1.179111,1.572104,-0.253650,0.100907,1.624451,1.106149,1.528700,0
11.120000,-0.003797,1.157199,1.498144,-0.250655,0.100746,1.624451,1.084911,1.463600,0
11.140000,-0.003028,1.183699,1.383378,-0.247659,0.100586,1.624451,1.110395,1.443400,0
11.160000,-0.003140,1.221265,1.522695,-0.244663,0.100425,1.624451,1.146567,1.455200,0
11.180000,-0.013954,1.151375,1.473098,-0.241668,0.100264,1.624451,1.075495,1.579800,0
11.200000,-0.024107,1.222032,1.615733,-0.238672,0.100103,1.624451,1.142262,2.813000,0
11.220000,-0.012500,1.208845,1.518466,-0.235676,0.099942,1.624451,1.131138,2.474700,0
11.240000,0.000921,1.198132,1.506945,-0.232680,0.099781,1.624451,1.122918,2.403500,0
11.260000,0.001464,1.227416,1.513628,-0.229685,0.099620,1.624451,1.151240,2.426900,0
11.280000,-0.013011,1.219194,1.517141,-0.226689,0.099459,1.624451,1.139941,2.470500,0
11.300000,-0.014393,1.216836,1.506192,-0.223693,0.099299,1.624451,1.136968,2.405500,0
11.320000,-0.003976,1.184431,1.395844,-0.220698,0.099138,1.624451,1.106720,2.475500,0
11.340000,0.004143,1.219426,1.471811,-0.217702,0.098977,1.624451,1.142200,2.517300,0
11.360000,-0.011642,1.238748,1.425962,-0.214706,0.098816,1.624451,1.157877,1.305600,0
11.380000,-0.023237,1.249363,1.558249,-0.211711,0.098655,1.624451,1.166041,1.358000,0
11.400000,-0.029986,1.243366,1.516763,-0.208715,0.098494,1.624451,1.158739,1.337600,0
11.420000,-0.029719,1.254904,1.475320,-0.205719,0.098333,1.624451,1.169885,1.237300,0
11.440000,-0.032092,1.263961,1.463160,-0.202724,0.098172,1.624451,1.178210,1.284200,0
11.460000,-0.036006,1.230040,1.492737,-0.199728,0.098011,1.624451,1.143807,1.332100,0
11.480000,-0.030413,1.210718,1.483524,-0.196732,0.097851,1.624451,1.125226,1.342300,0
11.500000,-0.032210,1.258686,1.476324,-0.193737,0.097690,1.624451,1.172179,1.264700,0
11.520000,-0.031436,1.244597,1.491129,-0.192877,0.097726,1.614062,1.158178,1.262000,0
11.540000,-0.026056,1.201583,1.432881,-0.192703,0.097734,1.594064,1.116358,1.291900,0
11.560000,-0.021556,1.268174,1.588119,-0.192704,0.097735,1.576047,1.182886,1.671700,0
11.580000,-0.026916,1.245457,1.482080,-0.192707,0.097736,1.558059,1.159634,1.325900,0
11.600000,-0.034571,1.227373,1.483112,-0.190590,0.097767,1.548127,1.140329,1.306400,0
11.620000,-0.035315,1.247645,1.522244,-0.187589,0.097838,1.548129,1.159846,1.306800,0
11.640000,-0.034308,1.246488,1.437428,-0.184587,0.097908,1.548132,1.158370,1.400200,0
11.660000,-0.032362,1.226957,1.477296,-0.181586,0.097978,1.548134,1.138798,1.325600,0
11.680000,-0.040393,1.220390,1.531412,-0.178586,0.098047,1.548135,1.130819,1.346200,0
11.700000,-0.039161,1.278630,1.564035,-0.175585,0.098116,1.548137,1.188370,1.406000,0
11.720000,-0.030576,1.272919,1.644054,-0.172585,0.098185,1.548138,1.183287,1.462600,0
11.740000,-0.027228,1.247744,1.596275,-0.169585,0.098254,1.548139,1.158272,1.438500,0
11.760000,-0.027657,1.299969,1.591196,-0.166585,0.098322,1.548140,1.209651,1.391500,0
11.780000,-0.022535,1.288817,1.646753,-0.163586,0.098390,1.548141,1.198754,1.456300,0
11.800000,-0.019644,1.287526,1.419643,-0.160586,0.098458,1.548141,1.197392,1.444100,0
11.820000,-0.029083,1.272165,1.504593,-0.157587,0.098526,1.548141,1.180653,1.373100,0
11.840000,-0.034773,1.258000,1.514231,-0.154587,0.098594,1.548142,1.165580,1.448000,0
11.860000,-0.030781,1.252161,1.518112,-0.151588,0.098662,1.548142,1.159808,1.466000,0
11.880000,-0.035542,1.262281,1.516371,-0.148588,0.098730,1.548142,1.169029,1.401600,0
11.900000,-0.042178,1.318392,1.519785,-0.145589,0.098798,1.548142,1.223970,1.363100,0
11.920000,-0.042412,1.270432,1.545057,-0.142590,0.098866,1.548142,1.175841,1.359700,0
11.940000,-0.037161,1.307673,1.542730,-0.139590,0.098934,1.548142,1.213071,1.468600,0
11.960000,-0.038161,1.319962,1.525116,-0.136591,0.099002,1.548143,1.224921,1.420500,0
11.980000,-0.039112,1.325183,1.515924,-0.133592,0.099070,1.548143,1.229748,1.439000,0
12.000000,-0.031596,1.290191,1.504281,-0.130593,0.099138,1.548143,1.195160,1.474200,0
12.020000,-0.039813,1.321228,1.492143,-0.127593,0.099206,1.548143,1.225170,1.521500,0
12.040000,-0.032237,1.316483,1.498535,-0.124594,0.099274,1.548142,1.220708,1.395800,0
12.060000,-0.028564,1.309158,1.505750,-0.121595,0.099342,1.548142,1.213387,1.412500,0
12.080000,-0.033827,1.329719,1.561364,-0.118596,0.099410,1.548142,1.233226,1.382300,0
12.100000,-0.026611,1.331834,1.542575,-0.115596,0.099478,1.548142,1.235564,1.478700,0
12.120000,-0.033673,1.265645,1.486731,-0.112597,0.099545,1.548142,1.168767,1.398200,0
12.140000,-0.035447,1.296256,1.530234,-0.109598,0.099613,1.548142,1.198938,1.383400,0
12.160000,-0.035652,1.333623,1.537561,-0.106599,0.099681,1.548142,1.235980,1.445900,0
12.180000,-0.049618,1.348611,1.579702,-0.103599,0.099749,1.548142,1.250028,1.514200,0
12.200000,-0.037954,1.316118,1.502924,-0.100600,0.099817,1.548142,1.217913,1.449900,0
12.220000,-0.045582,1.352718,1.527669,-0.097601,0.099885,1.548142,1.253913,1.503300,0
12.240000,-0.048388,1.347118,1.609830,-0.094602,0.099953,1.548142,1.248021,1.523700,0
12.260000,-0.044567,1.337319,1.607378,-0.091602,0.100021,1.548142,1.238192,1.454500,0
12.280000,-0.027921,1.355647,1.545608,-0.088603,0.100089,1.548142,1.257024,1.458800,0
12.300000,-0.034071,1.350898,1.529970,-0.085604,0.100157,1.548142,1.251802,1.412500,0
12.320000,-0.035208,1.301469,1.448272,-0.082605,0.100225,1.548142,1.202179,1.589300,0
12.340000,-0.023499,1.321358,1.468433,-0.079605,0.100293,1.548142,1.222353,1.444500,0
12.360000,-0.028698,1.342697,1.555877,-0.076606,0.100361,1.548142,1.243259,1.430500,0
12.380000,-0.040539,1.327843,1.503778,-0.073607,0.100429,1.548142,1.227859,1.381300,0
12.400000,-0.027693,1.371146,1.543214,-0.070608,0.100497,1.548142,1.271373,1.515400,0
12.420000,-0.034542,1.337257,1.608114,-0.067609,0.100565,1.548142,1.237134,1.388700,0
12.440000,-0.025355,1.378617,1.493900,-0.064609,0.100633,1.548142,1.278586,1.553000,0
12.460000,-0.019393,1.349979,1.594691,-0.061610,0.100701,1.548142,1.249991,1.503200,0
12.480000,-0.020298,1.378056,1.463700,-0.058611,0.100769,1.548142,1.277862,2.019000,0
12.500000,-0.018120,1.385557,1.562385,-0.055612,0.100837,1.548142,1.285267,1.367100,0
12.520000,-0.023909,1.366476,1.464387,-0.052612,0.100905,1.548142,1.265897,1.346600,0
12.540000,-0.016667,1.326029,1.580342,-0.049613,0.100973,1.548142,1.225499,1.411700,0
12.560000,-0.016317,1.360286,1.497499,-0.046614,0.101040,1.548142,1.259610,1.364900,0
12.580000,-0.016663,1.404827,1.486269,-0.043615,0.101108,1.548142,1.303998,1.328500,0
12.600000,-0.005682,1.397977,1.570847,-0.040615,0.101176,1.548142,1.297271,1.322500,0
12.620000,-0.003162,1.404930,1.456186,-0.037616,0.101244,1.548142,1.304141,1.526000,0
12.640000,-0.014763,1.390554,1.539899,-0.034617,0.101312,1.548142,1.289395,1.526200,0
12.660000,-0.015603,1.398452,1.481824,-0.031618,0.101380,1.548142,1.297171,1.415800,0
12.680000,-0.011783,1.412166,1.469822,-0.028619,0.101448,1.548142,1.310826,1.379400,0
12.700000,-0.028823,1.363021,1.454539,-0.025619,0.101516,1.548142,1.261510,1.582700,0
12.720000,-0.002670,1.413671,1.373577,-0.022620,0.101584,1.548142,1.312238,1.377000,0
12.740000,-0.009704,1.378525,1.398415,-0.019621,0.101652,1.548142,1.276911,1.357400,0
12.760000,-0.005474,1.410869,1.379098,-0.016622,0.101720,1.548142,1.309196,1.470700,0
12.780000,-0.003961,1.412949,1.451264,-0.013622,0.101788,1.548142,1.311196,1.383900,0
12.800000,-0.007933,1.420691,1.491550,-0.010623,0.101856,1.548142,1.318837,1.385000,0
12.820000,-0.023172,1.393797,1.571558,-0.007624,0.101924,1.548142,1.291967,1.381200,0
12.840000,-0.023425,1.441787,1.513566,-0.004625,0.101992,1.548142,1.339926,1.433400,0
12.860000,-0.020467,1.450520,1.540485,-0.001625,0.102060,1.548142,1.348591,1.551700,0
12.880000,-0.020057,1.447345,1.501406,0.001374,0.102128,1.548142,1.345387,1.402800,0
12.900000,-0.022321,1.447663,1.475989,0.004373,0.102196,1.548142,1.345732,1.387000,0
12.920000,-0.018510,1.452313,1.493681,0.007372,0.102264,1.548142,1.350297,1.412300,0
12.940000,-0.022327,1.419977,1.500226,0.010371,0.102332,1.548142,1.318050,1.401000,0
12.960000,-0.021054,1.448686,1.491441,0.013371,0.102400,1.548142,1.346726,1.356100,0
12.980000,-0.025033,1.439567,1.502842,0.016370,0.102468,1.548142,1.337740,1.355200,0
13.000000,-0.028595,1.458926,1.550807,0.019369,0.102536,1.548142,1.357238,1.424400,0
13.020000,-0.027707,1.462750,1.532613,0.022368,0.102603,1.548142,1.361069,1.289800,0
13.040000,-0.014909,1.455144,1.499765,0.025368,0.102671,1.548142,1.353072,1.292800,0
13.060000,-0.004253,1.474806,1.455117,0.028367,0.102739,1.548142,1.372454,1.311800,0
13.080000,-0.000858,1.442482,1.498936,0.031366,0.102807,1.548142,1.340062,1.400000,0
13.100000,-0.002621,1.483519,1.503318,0.034365,0.102875,1.548142,1.381140,1.759500,0
13.120000,-0.009621,1.483927,1.435009,0.037364,0.102943,1.548142,1.381783,1.366300,0
13.140000,0.002534,1.418664,1.407676,0.040364,0.103011,1.548142,1.316196,1.317900,0
13.160000,0.008616,1.467806,1.495665,0.043363,0.103079,1.548142,1.365169,1.381600,0
13.180000,0.002088,1.435352,1.512079,0.046362,0.103147,1.548142,1.332941,1.327500,0
13.200000,0.008737,1.492650,1.497306,0.049361,0.103215,1.548142,1.390028,1.297100,0
13.220000,0.025085,1.442510,1.410003,0.052361,0.103283,1.548142,1.339504,1.264400,0
13.240000,0.030160,1.502514,1.489016,0.055360,0.103351,1.548142,1.399390,1.407000,0
13.260000,0.018036,1.478050,1.475928,0.058359,0.103419,1.548142,1.375222,1.269900,0
13.280000,0.023603,1.531147,1.527757,0.061358,0.103487,1.548142,1.428159,1.262700,0
13.300000,0.024860,1.495572,1.491542,0.064358,0.103555,1.548142,1.392578,1.315900,0
13.320000,0.027892,1.491079,1.500018,0.067357,0.103623,1.548142,1.388017,1.379000,0
13.340000,0.023033,1.531575,1.501809,0.070356,0.103691,1.548142,1.428668,1.449300,0
13.360000,0.023148,1.488872,1.479051,0.073355,0.103759,1.548142,1.386023,1.350200,0
13.380000,0.020975,1.483577,1.492473,0.076354,0.103827,1.548142,1.380861,1.335100,0
13.400000,0.020110,1.522129,1.490436,0.079354,0.103895,1.548142,1.419471,1.355400,0
13.420000,0.020833,1.516645,1.462006,0.082353,0.103963,1.548142,1.414020,1.353100,0
13.440000,0.012955,1.492388,1.522788,0.085352,0.104031,1.548142,1.390244,1.361000,0
13.460000,0.020350,1.571002,1.564684,0.088351,0.104099,1.548142,1.468479,1.333100,0
13.480000,0.020972,1.553977,1.506868,0.091351,0.104166,1.548142,1.451518,1.317700,0
13.500000,0.027086,1.549027,1.502935,0.094350,0.104234,1.548142,1.446358,1.316200,0
13.520000,0.029826,1.601474,1.541296,0.097349,0.104302,1.548142,1.498694,1.338700,0
13.540000,0.018896,1.537194,1.466843,0.100348,0.104370,1.548142,1.435138,1.320800,0
13.560000,0.020762,1.528911,1.474751,0.103348,0.104438,1.548142,1.426865,1.556500,0
13.580000,0.020572,1.543008,1.576800,0.106347,0.104506,1.548142,1.441057,1.315200,0
13.600000,0.029903,1.523429,1.517431,0.109346,0.104574,1.548142,1.421077,1.225800,0
13.620000,0.035618,1.570136,1.516647,0.112345,0.104642,1.548142,1.467501,1.192700,0
13.640000,0.032985,1.592650,1.603730,0.115344,0.104710,1.548142,1.490217,1.302200,0
13.660000,0.032784,1.568419,1.514560,0.118344,0.104778,1.548142,1.466140,1.201300,0
13.680000,0.032554,1.549365,1.554349,0.121343,0.104846,1.548142,1.447245,1.195100,0
13.700000,0.042478,1.574932,1.494023,0.124342,0.104914,1.548142,1.472296,1.218400,0
13.720000,0.040740,1.580989,1.572920,0.127341,0.104982,1.548142,1.478545,1.184400,0
13.740000,0.052321,1.573645,1.485038,0.130341,0.105050,1.548142,1.470666,1.235400,0
13.760000,0.048515,1.595217,1.551444,0.133340,0.105118,1.548142,1.492511,1.228500,0
13.780000,0.045716,1.590087,1.523676,0.136339,0.105186,1.548142,1.487664,1.254200,0
13.800000,0.041549,1.595729,1.521597,0.139338,0.105254,1.548142,1.493679,1.351400,0
13.820000,0.044684,1.602667,1.604777,0.142338,0.105322,1.548142,1.500526,1.233900,0
13.840000,0.042600,1.617792,1.625765,0.145337,0.105390,1.548142,1.515887,1.253300,0
13.860000,0.042252,1.605157,1.619825,0.148336,0.105458,1.548142,1.503447,1.209800,0
13.880000,0.042159,1.597650,1.599018,0.151335,0.105526,1.548142,1.496113,1.172500,0
13.900000,0.039980,1.605090,1.613285,0.154334,0.105594,1.548142,1.503850,1.185200,0
13.920000,0.040599,1.585694,1.617097,0.157334,0.105662,1.548142,1.484629,1.248000,0
13.940000,0.039406,1.624102,1.608028,0.160333,0.105729,1.548142,1.523181,1.260900,0
13.960000,0.043766,1.567722,1.557525,0.163332,0.105797,1.548142,1.466807,1.284200,0
13.980000,0.045488,1.607437,1.603145,0.166331,0.105865,1.548142,1.506427,1.226100,0
14.000000,0.042353,1.605988,1.634285,0.169331,0.105933,1.548142,1.505420,1.165200,0
14.020000,0.042027,1.604656,1.630884,0.172330,0.106001,1.548142,1.504309,1.145000,0
14.040000,0.039811,1.626274,1.627548,0.175329,0.106069,1.548142,1.526234,1.210900,0
14.060000,0.040599,1.606694,1.621157,0.178328,0.106137,1.548142,1.506864,1.341800,0
14.080000,0.039063,1.616814,1.630950,0.181328,0.106205,1.548142,1.517293,1.249900,0
14.100000,0.039433,1.593201,1.607217,0.184327,0.106273,1.548142,1.493971,1.198900,0
14.120000,0.035908,1.614922,1.617119,0.187326,0.106341,1.548142,1.516161,1.184300,0
14.140000,0.034686,1.614972,1.621355,0.190325,0.106409,1.548142,1.516570,1.170700,0
14.160000,0.030902,1.622348,1.638360,0.193324,0.106477,1.548142,1.524548,1.236100,0
14.180000,0.028509,1.650892,1.618383,0.196324,0.106545,1.548142,1.553438,1.243400,0
14.200000,0.027005,1.621904,1.597734,0.199323,0.106613,1.548142,1.525058,1.215700,0
14.220000,0.026574,1.630350,1.599703,0.202322,0.106681,1.548142,1.533771,1.223600,0
14.240000,0.025474,1.637490,1.618043,0.205321,0.106749,1.548142,1.541269,1.201800,0
14.260000,0.021352,1.659196,1.633582,0.208321,0.106817,1.548142,1.563597,1.306500,0
14.280000,0.020855,1.644183,1.621461,0.211320,0.106885,1.548142,1.549052,1.263400,0
14.300000,0.020391,1.649737,1.614871,0.214319,0.106953,1.548142,1.554925,1.497200,0
14.320000,0.018395,1.642088,1.641228,0.217318,0.107021,1.548142,1.547902,1.802600,0
14.340000,0.018693,1.634649,1.645081,0.220318,0.107089,1.548142,1.540809,1.268300,0
14.360000,0.018446,1.625237,1.626752,0.223317,0.107157,1.548142,1.531842,1.291500,0
14.380000,0.018247,1.634857,1.622689,0.226316,0.107225,1.548142,1.541737,1.230800,0
14.400000,0.015527,1.654052,1.622819,0.229315,0.107292,1.548142,1.561465,1.244800,0
14.420000,0.013400,1.664173,1.632085,0.232314,0.107360,1.548142,1.572129,1.233600,0
14.440000,0.012001,1.660383,1.654300,0.235314,0.107428,1.548142,1.568929,1.257300,0
14.460000,0.011808,1.649725,1.632889,0.238313,0.107496,1.548142,1.558773,1.258900,0
14.480000,0.009227,1.680179,1.627224,0.241312,0.107564,1.548142,1.589648,1.264100,0
14.500000,0.010012,1.646980,1.634946,0.244311,0.107632,1.548142,1.557076,1.234300,0
14.520000,0.007867,1.662986,1.630633,0.247311,0.107700,1.548142,1.573610,1.261700,0
14.540000,0.007374,1.669228,1.626993,0.250310,0.107768,1.548142,1.580245,1.426100,0
14.560000,0.007000,1.673814,1.639018,0.253309,0.107836,1.548142,1.585230,1.276700,0
14.580000,0.004909,1.682887,1.643723,0.256308,0.107904,1.548142,1.594921,1.312900,0
14.600000,0.003212,1.649304,1.660798,0.259308,0.107972,1.548142,1.562463,1.335800,0
14.620000,-0.001931,1.665667,1.680588,0.262307,0.108040,1.548142,1.579881,1.308200,0
14.640000,-0.004380,1.684199,1.648771,0.265306,0.108108,1.548142,1.598998,1.263300,0
14.660000,-0.004839,1.682047,1.653036,0.268305,0.108176,1.548142,1.597397,1.294600,0
14.680000,-0.006515,1.707125,1.640883,0.271304,0.108244,1.548142,1.622838,1.261200,0
14.700000,-0.005934,1.675085,1.656512,0.274304,0.108312,1.548142,1.591638,1.325000,0
14.720000,-0.009671,1.700790,1.647846,0.277303,0.108380,1.548142,1.618061,1.294300,0
14.740000,-0.009827,1.709194,1.648610,0.280302,0.108448,1.548142,1.626826,1.325300,0
14.760000,-0.009357,1.712649,1.646650,0.283301,0.108516,1.548142,1.630611,1.357400,0
14.780000,-0.008259,1.677685,1.652861,0.286301,0.108584,1.548142,1.596509,1.472700,0
14.800000,-0.010769,1.707169,1.648271,0.289300,0.108652,1.548142,1.626437,1.335200,0
14.820000,-0.015021,1.726043,1.676769,0.292299,0.108720,1.548142,1.646262,1.350400,0
14.840000,-0.016331,1.723351,1.639305,0.295298,0.108788,1.548142,1.644361,1.280100,0
14.860000,-0.019427,1.744144,1.662028,0.298298,0.108855,1.548142,1.665868,1.277100,0
14.880000,-0.020226,1.722526,1.655337,0.301297,0.108923,1.548142,1.645324,1.259500,0
14.900000,-0.018182,1.681443,1.658915,0.304296,0.108991,1.548142,1.605178,1.317600,0
14.920000,-0.023016,1.700210,1.684859,0.307295,0.109059,1.548142,1.625074,1.268200,0
14.940000,-0.024395,1.714571,1.678362,0.308210,0.109042,1.557778,1.639619,1.268500,0
14.960000,-0.023695,1.713332,1.665127,0.308383,0.109040,1.577775,1.638301,1.319900,0
14.980000,-0.025015,1.703405,1.676664,0.308396,0.109039,1.595953,1.628854,1.269800,0
15.000000,-0.025580,1.716821,1.661003,0.308393,0.109038,1.613942,1.642103,1.288600,0
15.020000,-0.024288,1.720835,1.647282,0.308391,0.109037,1.631931,1.645773,1.435500,0
15.040000,-0.020094,1.696512,1.652013,0.308389,0.109036,1.649921,1.621105,1.345000,0
15.060000,-0.016520,1.676979,1.642347,0.308387,0.109035,1.667911,1.601254,1.283500,0
15.080000,-0.013926,1.660299,1.642201,0.308385,0.109034,1.685900,1.584395,1.303700,0
15.100000,-0.011613,1.664100,1.640109,0.308379,0.109033,1.703950,1.587649,1.294900,0
15.120000,-0.008376,1.660970,1.644972,0.308372,0.109032,1.722008,1.583932,1.250400,0
15.140000,-0.005598,1.663855,1.621540,0.310660,0.108660,1.729750,1.587026,1.248900,0
15.160000,-0.002444,1.662334,1.632371,0.313625,0.108183,1.729749,1.585965,1.257000,0
15.180000,0.000002,1.673514,1.645245,0.316589,0.107706,1.729746,1.597493,1.269600,0
15.200000,0.004083,1.658010,1.627974,0.319554,0.107230,1.729740,1.582542,1.254400,0
15.220000,-0.004414,1.778563,1.708931,0.322518,0.106754,1.729736,1.703476,1.283600,0
15.240000,0.006828,1.679564,1.623288,0.325482,0.106279,1.729732,1.605231,1.231500,0
15.260000,0.004427,1.741500,1.614445,0.328446,0.105804,1.729729,1.667480,1.334300,0
15.280000,0.011719,1.688493,1.635134,0.331409,0.105329,1.729726,1.615119,1.227500,0
15.300000,0.010887,1.732124,1.672214,0.334372,0.104854,1.729724,1.659111,1.211400,0
15.320000,0.017037,1.699054,1.617579,0.337335,0.104379,1.729722,1.626524,1.271000,0
15.340000,0.018301,1.746503,1.587226,0.340297,0.103904,1.729721,1.673862,1.230100,0
15.360000,0.023817,1.725546,1.602411,0.343260,0.103429,1.729720,1.653271,1.191800,0
15.380000,0.029680,1.695836,1.599746,0.346223,0.102955,1.729719,1.624028,1.179600,0
15.400000,0.034285,1.678166,1.617092,0.349185,0.102480,1.729719,1.606844,1.207500,0
15.420000,0.029763,1.723456,1.633511,0.352147,0.102005,1.729719,1.653189,1.272400,0
15.440000,0.034702,1.733969,1.586097,0.355110,0.101530,1.729718,1.663586,1.192700,0
15.460000,0.039199,1.719174,1.589133,0.358072,0.101056,1.729718,1.649238,1.184700,0
15.480000,0.037451,1.776421,1.599593,0.361035,0.100581,1.729718,1.706794,1.155000,0
15.500000,0.041887,1.779777,1.587237,0.363997,0.100106,1.729718,1.710278,1.165200,0
15.520000,0.046572,1.800797,1.410689,0.366959,0.099632,1.729718,1.731072,1.250200,0
15.540000,0.043368,1.864507,1.406748,0.369921,0.099157,1.729718,1.795298,1.126000,0
15.560000,0.041995,1.836727,1.428554,0.372884,0.098682,1.729718,1.769262,1.145000,0
15.580000,0.041417,1.794137,1.187632,0.373615,0.098599,1.741794,1.727774,1.162300,0
15.600000,0.027095,1.726336,1.144554,0.373786,0.098569,1.761792,1.664278,1.180700,0
15.620000,0.039214,1.732589,1.115850,0.373785,0.098569,1.779808,1.667920,1.226900,0
15.640000,0.044012,1.728028,1.105141,0.373781,0.098568,1.797801,1.662495,1.135300,0
15.660000,0.044399,1.715997,1.026084,0.373777,0.098568,1.815809,1.650626,1.064200,0
15.680000,0.056237,1.719912,1.054756,0.373772,0.098567,1.833825,1.652147,1.025400,0
15.700000,0.070519,1.730605,1.017256,0.373768,0.098566,1.851846,1.659973,1.050000,0
15.720000,0.084344,1.740069,1.045276,0.373763,0.098565,1.869868,1.666823,1.788700,0
15.740000,0.093253,1.745264,1.071533,0.373758,0.098564,1.887891,1.670420,2.172900,0
15.760000,0.094801,1.748330,1.078621,0.373754,0.098564,1.905912,1.673184,2.756100,0
15.780000,0.096722,1.758424,1.053213,0.373750,0.098563,1.923932,1.682820,1.980400,0
15.800000,0.107700,1.774665,1.028709,0.373746,0.098561,1.941950,1.697088,1.943000,0
15.820000,0.098495,1.762808,1.052070,0.373743,0.098560,1.959966,1.686855,2.131800,0
15.840000,0.096130,1.771150,1.067960,0.373739,0.098559,1.977980,1.695473,2.009000,0
15.860000,0.100259,1.787958,1.039871,0.373736,0.098558,1.995992,1.711391,1.893300,0
15.880000,0.097872,1.793822,1.031936,0.373733,0.098557,2.014002,1.717563,1.934400,0
15.900000,0.084168,1.795120,1.041142,0.373730,0.098556,2.032010,1.721097,1.135500,0
15.920000,0.072575,1.797633,1.023518,0.373727,0.098555,2.050016,1.725561,1.015900,0
15.940000,0.074357,1.806550,1.088656,0.373724,0.098554,2.068021,1.734033,1.130700,0
15.960000,0.064801,1.807563,1.040551,0.376099,0.097264,2.071408,1.738399,1.045600,0
15.980000,0.062229,1.817696,1.059661,0.378734,0.095821,2.071405,1.750722,1.104000,0
16.000000,0.046567,1.799651,1.052360,0.381369,0.094379,2.071400,1.737828,1.130500,0
16.020000,0.064211,1.836125,1.059468,0.384003,0.092938,2.071392,1.772277,1.170400,0
16.040000,0.047391,1.820818,1.041412,0.386637,0.091498,2.071386,1.762282,1.161900,0
16.060000,0.063342,1.852837,1.052458,0.389271,0.090057,2.071381,1.792658,1.147100,0
16.080000,0.032762,1.815326,1.084291,0.391904,0.088617,2.071377,1.763663,1.230300,0
16.100000,0.031519,1.814314,1.072960,0.394537,0.087177,2.071374,1.764875,1.227500,0
16.120000,0.032911,1.817944,1.073359,0.397170,0.085737,2.071371,1.770092,1.193600,0
16.140000,0.054987,1.856356,1.027727,0.399803,0.084297,2.071369,1.805295,1.167700,0
16.160000,0.035544,1.831974,1.054668,0.402435,0.082857,2.071368,1.787181,1.138800,0
16.180000,0.036208,1.849790,1.049948,0.405068,0.081417,2.071367,1.806433,1.218800,0
16.200000,0.044062,1.867338,1.041668,0.407700,0.079977,2.071366,1.823977,1.473600,0
16.220000,0.029005,1.850115,1.064492,0.410332,0.078537,2.071365,1.812153,2.085100,0
16.240000,0.033233,1.866280,1.058551,0.412964,0.077098,2.071365,1.829035,2.081700,0
16.260000,0.014376,1.844743,1.045281,0.415596,0.075658,2.071365,1.814012,2.118600,0
16.280000,-0.015074,1.798986,1.062320,0.418229,0.074218,2.071364,1.778363,2.122500,0
16.300000,-0.045958,1.763118,1.109221,0.420861,0.072778,2.071364,1.753616,2.095500,0
16.320000,-0.082319,1.711711,1.149789,0.423493,0.071339,2.071364,1.716585,2.278200,0
16.340000,-0.066645,1.762372,1.140213,0.426125,0.069899,2.071364,1.762750,2.406400,0
16.360000,-0.073634,1.764297,1.158171,0.428757,0.068459,2.071364,1.768690,2.409500,0
16.380000,-0.073154,1.786510,1.140196,0.431389,0.067019,2.071364,1.791985,2.501900,0
16.400000,-0.078161,1.783323,1.150782,0.434021,0.065580,2.071364,1.792476,2.349200,0
16.420000,-0.093157,1.766081,1.146097,0.434395,0.065374,2.087830,1.780650,2.492400,0
16.440000,-0.108141,1.756999,1.158044,0.434439,0.065348,2.106444,1.776535,1.324700,0
16.460000,-0.132847,1.737575,1.175209,0.434436,0.065349,2.124433,1.765829,1.257200,0
16.480000,-0.145777,1.726958,1.175806,0.434432,0.065350,2.142428,1.759995,1.250400,0
16.500000,-0.162463,1.721103,1.171007,0.434429,0.065350,2.160427,1.760057,1.594900,0
16.520000,-0.204306,1.658378,1.259402,0.434425,0.065350,2.178429,1.716309,2.349200,0
16.540000,-0.225004,1.632462,1.221202,0.434422,0.065350,2.196432,1.700201,2.352800,0
16.560000,-0.382365,1.277993,1.534942,0.434419,0.065350,2.214435,1.462067,2.458900,0
16.580000,-0.380808,1.108076,1.647798,0.434416,0.065349,2.232438,1.323583,2.570300,0
16.600000,-0.382350,0.656576,1.690849,0.434413,0.065349,2.250440,1.008291,2.983600,0
16.620000,-0.314156,0.408034,1.686067,0.434410,0.065348,2.268442,0.823277,3.903700,0
16.640000,-0.297375,0.233354,1.544330,0.436549,0.063554,2.270830,0.753311,1.919700,0
16.660000,-0.255661,0.182189,1.552980,0.438846,0.061618,2.270825,0.704895,1.832300,0
16.680000,-0.254211,0.279447,1.530946,0.441143,0.059683,2.270820,0.729255,1.805700,0
16.700000,-0.260230,0.241276,1.526422,0.443439,0.057749,2.270815,0.727208,1.959000,0
16.720000,-0.273648,0.263805,1.508096,0.445735,0.055815,2.270810,0.748847,1.783800,0
16.740000,-0.271778,0.236912,1.595648,0.448031,0.053881,2.270806,0.742715,2.103500,0
16.760000,-0.272579,0.225838,1.501575,0.450327,0.051948,2.270804,0.743526,1.783600,0
16.780000,-0.277829,0.238008,1.587613,0.452622,0.050015,2.270801,0.754255,1.928100,0
16.800000,-0.290061,0.200624,1.601643,0.454918,0.048082,2.270800,0.760436,1.789600,0
16.820000,-0.281078,0.302658,1.535957,0.457213,0.046149,2.270799,0.781582,1.854900,0
16.840000,-0.269597,0.292021,1.500710,0.459508,0.044216,2.270798,0.770066,1.837900,0
16.860000,-0.246597,0.384072,1.325684,0.461803,0.042283,2.270797,0.786543,1.771500,0
16.880000,-0.214798,0.389525,1.269418,0.464098,0.040350,2.270797,0.763429,1.719800,0
16.900000,-0.189176,0.390464,1.253174,0.466393,0.038418,2.270796,0.744115,1.820800,0
16.920000,-0.122659,0.416679,1.209257,0.468687,0.036485,2.270796,0.703020,1.798500,0
16.940000,-0.098841,0.463531,1.111283,0.470982,0.034552,2.270796,0.713247,1.779000,0
16.960000,-0.076730,0.440586,0.976219,0.473277,0.032619,2.270795,0.684795,1.973000,0
16.980000,-0.049265,0.450679,0.943707,0.475571,0.030687,2.270795,0.672195,1.762400,0
17.000000,-0.035734,0.434622,0.920013,0.475839,0.030461,2.288335,0.651961,1.740700,0
17.020000,-0.013151,0.459070,0.873046,0.475853,0.030446,2.306599,0.650264,1.754300,0
17.040000,-0.014919,0.441090,0.860521,0.475850,0.030448,2.324587,0.639907,1.660700,0
17.060000,-0.007565,0.450112,0.818540,0.475847,0.030449,2.342578,0.640159,1.679400,0
17.080000,-0.003732,0.450074,0.783645,0.475844,0.030450,2.360572,0.637242,1.757300,0
17.100000,-0.003788,0.447486,0.773163,0.475841,0.030450,2.378569,0.635581,1.654500,0
17.120000,0.000363,0.447132,0.760226,0.475838,0.030451,2.396566,0.632218,1.850100,0
17.140000,0.007816,0.444063,0.736748,0.475835,0.030451,2.414564,0.624593,3.006500,0
17.160000,0.001659,0.446273,0.712862,0.475833,0.030450,2.432562,0.630674,2.737800,0
17.180000,-0.006790,0.437868,0.695022,0.475830,0.030450,2.450559,0.631595,2.671500,0
17.200000,0.001803,0.446256,0.687977,0.475828,0.030450,2.468555,0.630551,2.727800,0
17.220000,0.020525,0.467815,0.670261,0.475825,0.030449,2.486550,0.631338,2.679600,0
17.240000,0.006560,0.459348,0.645162,0.475823,0.030449,2.504545,0.635737,2.823300,0
17.260000,0.013083,0.460876,0.637345,0.475820,0.030449,2.522538,0.631976,2.742100,0
17.280000,0.015032,0.459251,0.627619,0.477558,0.028362,2.522659,0.632135,2.754100,0
17.300000,0.008119,0.456871,0.615548,0.479301,0.025915,2.522651,0.638542,2.716700,0
17.320000,0.012254,0.457318,0.629869,0.481043,0.023469,2.522643,0.638740,2.714900,0
17.340000,0.021441,0.460907,0.626137,0.482786,0.021023,2.522636,0.637445,2.723400,0
17.360000,0.036855,0.474403,0.636798,0.484528,0.018579,2.522630,0.638895,2.310500,0
17.380000,0.012779,0.461606,0.665818,0.486270,0.016134,2.522626,0.650106,1.520800,0
17.400000,0.013174,0.461500,0.648024,0.488012,0.013690,2.522624,0.652691,1.538100,0
17.420000,0.010232,0.456711,0.632413,0.489754,0.011246,2.522622,0.654508,1.502800,0
17.440000,0.034848,0.472084,0.596887,0.491495,0.008802,2.522620,0.650505,1.592500,0
17.460000,0.034608,0.464435,0.616314,0.491552,0.008480,2.539562,0.645518,1.530800,0
17.480000,0.040654,0.470830,0.572000,0.491549,0.008483,2.557551,0.645811,1.577200,0
17.500000,0.032420,0.462146,0.567633,0.491547,0.008485,2.575538,0.645450,1.549000,0
17.520000,0.029689,0.464479,0.564864,0.491544,0.008487,2.593528,0.649029,1.611200,0
17.540000,0.031859,0.465668,0.553604,0.491542,0.008488,2.611520,0.648322,1.596400,0
17.560000,0.036041,0.470637,0.520982,0.491539,0.008489,2.629513,0.648891,1.693300,0
17.580000,0.020979,0.462737,0.501225,0.491537,0.008490,2.647507,0.654038,1.651100,0
17.600000,0.034431,0.473340,0.471796,0.491535,0.008491,2.665500,0.651942,1.615500,0
17.620000,0.017652,0.465956,0.482634,0.491532,0.008491,2.683493,0.658662,1.512300,0
17.640000,0.035882,0.474031,0.431311,0.491530,0.008491,2.701486,0.651416,1.519900,0
17.660000,0.029528,0.469884,0.418502,0.491528,0.008491,2.719478,0.652938,1.464400,0
17.680000,0.036098,0.470715,0.383654,0.491526,0.008491,2.737469,0.648896,1.583700,0
17.700000,0.032712,0.468588,0.376389,0.491523,0.008491,2.755459,0.649766,1.724800,0
17.720000,0.046965,0.476424,0.351186,0.491521,0.008491,2.773449,0.645439,1.556500,0
17.740000,0.036028,0.469049,0.328261,0.491519,0.008491,2.791437,0.647755,1.589600,0
17.760000,0.040968,0.469505,0.301844,0.491517,0.008491,2.809425,0.644615,1.737100,0
17.780000,0.050049,0.473129,0.316712,0.492464,0.006247,2.810826,0.643203,1.621700,0
17.800000,0.044139,0.471451,0.314465,0.493440,0.003407,2.810825,0.648796,1.630500,0
17.820000,0.038723,0.468221,0.328830,0.494415,0.000566,2.810814,0.652960,1.549300,0
17.840000,0.058240,0.475243,0.310940,0.495391,-0.002274,2.810805,0.647397,1.571100,0
17.860000,0.042260,0.472127,0.318775,0.496367,-0.005114,2.810799,0.658766,1.524300,0
17.880000,0.054038,0.474677,0.288774,0.497342,-0.007952,2.810795,0.655324,1.562600,0
17.900000,0.072651,0.479488,0.299406,0.498317,-0.010791,2.810792,0.649281,1.550600,0
17.920000,0.040387,0.472086,0.317985,0.499292,-0.013629,2.810790,0.668217,1.547600,0
17.940000,0.052911,0.476620,0.305372,0.500268,-0.016468,2.810789,0.665781,1.575100,0
17.960000,0.077535,0.484297,0.301659,0.501242,-0.019306,2.810788,0.658136,1.719700,0
17.980000,0.077089,0.484037,0.298625,0.502217,-0.022143,2.810788,0.661023,1.583800,0
18.000000,0.085021,0.483539,0.320381,0.503192,-0.024981,2.810787,0.658377,1.640700,0
18.020000,0.073886,0.479043,0.327032,0.504167,-0.027819,2.810786,0.664869,1.586200,0
18.040000,0.090513,0.484728,0.317760,0.505141,-0.030656,2.810786,0.661466,1.614500,0
18.060000,0.078380,0.480539,0.308090,0.506116,-0.033494,2.810785,0.668721,1.594600,0
18.080000,0.087247,0.484044,0.311522,0.507091,-0.036331,2.810785,0.668625,1.562500,0
18.100000,0.093037,0.489090,0.311094,0.508065,-0.039169,2.810785,0.671793,1.567400,0
18.120000,0.077318,0.481994,0.310657,0.509040,-0.042006,2.810785,0.678940,1.544900,0
18.140000,0.097872,0.487185,0.312262,0.510014,-0.044844,2.810785,0.672990,1.636500,0
18.160000,0.091120,0.487435,0.309557,0.510070,-0.045354,2.826752,0.677778,1.687700,0
18.180000,0.077046,0.482909,0.291178,0.510043,-0.045457,2.845994,0.683123,1.660900,0
18.200000,0.079665,0.485210,0.263863,0.510041,-0.045453,2.863981,0.683247,1.655600,0
18.220000,0.083107,0.485657,0.254058,0.510039,-0.045451,2.881970,0.681430,1.623900,0
18.240000,0.086851,0.486526,0.253224,0.510037,-0.045449,2.899960,0.679768,1.658400,0
18.260000,0.075083,0.482327,0.222293,0.510035,-0.045448,2.917951,0.683908,1.639300,0
18.280000,0.079823,0.482783,0.216087,0.510033,-0.045446,2.935942,0.681254,1.573000,0
18.300000,0.081058,0.482779,0.187194,0.510031,-0.045445,2.953933,0.680469,1.629000,0
18.320000,0.086373,0.486842,0.151347,0.510029,-0.045445,2.971923,0.680305,1.624500,0
18.340000,0.081140,0.484370,0.145543,0.510027,-0.045444,2.989913,0.681650,1.631800,0
18.360000,0.079302,0.482138,0.137636,0.510397,-0.047736,2.997614,0.683088,1.679200,0
18.380000,0.088770,0.484628,0.148682,0.510827,-0.050708,2.997612,0.681701,1.614600,0
18.400000,0.079547,0.486154,0.157503,0.511256,-0.053681,2.997603,0.691227,1.592600,0
18.420000,0.093516,0.487178,0.152716,0.511686,-0.056653,2.997596,0.686016,1.626300,0
18.440000,0.083552,0.485818,0.149014,0.512116,-0.059624,2.997592,0.693667,1.543200,0
18.460000,0.090949,0.487952,0.139375,0.512547,-0.062595,2.997588,0.693431,1.573100,0
18.480000,0.095534,0.489398,0.134311,0.512977,-0.065565,2.997585,0.694437,1.589200,0
18.500000,0.125742,0.494468,0.102812,0.513408,-0.068535,2.997584,0.683562,1.550700,0
18.520000,0.119493,0.495084,0.116562,0.513839,-0.071505,2.997583,0.690313,1.573100,0
18.540000,0.104907,0.492348,0.127662,0.513872,-0.072218,3.009962,0.697127,1.723100,0
18.560000,0.114585,0.495927,0.113572,0.513846,-0.072391,3.029964,0.694546,1.569600,0
18.580000,0.113961,0.494928,0.089167,0.513845,-0.072389,3.047967,0.694086,1.586800,0
18.600000,0.108746,0.495389,0.090589,0.513844,-0.072386,3.065954,0.697477,1.536200,0
18.620000,0.108920,0.496334,0.070172,0.513842,-0.072384,3.083943,0.698141,1.573900,0
18.640000,0.113691,0.497679,0.055626,0.513841,-0.072382,3.101931,0.696484,1.629400,0
18.660000,0.105090,0.496027,0.023283,0.513841,-0.072381,3.119920,0.700118,1.595600,0
18.680000,0.113059,0.498640,0.036952,0.513840,-0.072379,3.137909,0.697630,1.625900,0
18.700000,0.108514,0.499602,0.021285,0.513839,-0.072378,-3.127289,0.701034,1.576100,0
18.720000,0.123754,0.498948,-0.036131,0.513838,-0.072378,-3.109302,0.691794,1.641300,0
18.740000,0.108621,0.500142,-0.065012,0.513761,-0.074529,-3.099745,0.703125,2.650300,0
18.760000,0.107137,0.502218,-0.066827,0.513633,-0.077530,-3.099748,0.708059,1.936400,0
18.780000,0.124069,0.498414,-0.066609,0.513505,-0.080531,-3.099758,0.697737,1.646800,0
18.800000,0.114096,0.498276,-0.033396,0.513379,-0.083531,-3.099764,0.705639,1.625500,0
18.820000,0.130985,0.498340,-0.043461,0.513252,-0.086530,-3.099769,0.698714,1.589800,0
18.840000,0.127594,0.499134,-0.067841,0.513126,-0.089530,-3.099773,0.703676,1.647900,0
18.860000,0.124382,0.498030,-0.039411,0.513000,-0.092528,-3.099777,0.706953,1.608300,0
18.880000,0.150297,0.496802,-0.073867,0.512875,-0.095527,-3.099780,0.694491,1.550200,0
18.900000,0.163709,0.494786,-0.091093,0.512749,-0.098525,-3.099782,0.688366,1.607900,0
18.920000,0.144025,0.497737,-0.044737,0.512623,-0.101523,-3.099784,0.703546,1.893100,0
18.940000,0.143161,0.499033,-0.055245,0.512498,-0.104521,-3.099785,0.707592,1.607300,0
18.960000,0.171737,0.498052,-0.047384,0.512372,-0.107519,-3.099786,0.694801,1.635500,0
18.980000,0.161296,0.497088,-0.070050,0.512247,-0.110516,-3.099787,0.701676,1.665600,0
19.000000,0.161055,0.497333,-0.058988,0.512121,-0.113514,-3.099788,0.704543,1.611800,0
19.020000,0.156397,0.498702,-0.056751,0.511996,-0.116512,-3.099788,0.710591,1.638500,0
19.040000,0.169497,0.498404,-0.063089,0.511871,-0.119509,-3.099788,0.706425,1.672500,0
19.060000,0.163983,0.498766,-0.049090,0.511745,-0.122507,-3.099789,0.711982,1.798500,0
19.080000,0.192859,0.498973,-0.063471,0.511620,-0.125504,-3.099789,0.701128,1.803200,0
19.100000,0.176165,0.500112,-0.075232,0.511495,-0.128502,-3.099789,0.712462,1.821200,0
19.120000,0.160318,0.499366,-0.057317,0.511369,-0.131499,-3.099789,0.721960,1.697500,0
19.140000,0.183468,0.496429,-0.047609,0.511244,-0.134497,-3.099789,0.710989,1.743600,0
19.160000,0.172504,0.496761,-0.061276,0.511119,-0.137494,-3.099789,0.718985,1.636400,0
19.180000,0.187164,0.496847,-0.075253,0.510993,-0.140492,-3.099789,0.714889,1.656100,0
19.200000,0.178070,0.496555,-0.048998,0.510868,-0.143489,-3.099789,0.721395,1.668500,0
19.220000,0.186841,0.496521,-0.048808,0.510743,-0.146486,-3.099789,0.719980,1.647300,0
19.240000,0.183991,0.496058,-0.047429,0.510617,-0.149484,-3.099789,0.723470,1.648600,0
19.260000,0.187546,0.496306,-0.048495,0.510492,-0.152481,-3.099789,0.724720,1.719200,0
19.280000,0.208185,0.494874,-0.034307,0.510367,-0.155479,-3.099789,0.717128,1.670200,0
19.300000,0.196865,0.495188,-0.051949,0.510241,-0.158476,-3.099789,0.724901,1.676000,0
19.320000,0.210828,0.493306,-0.067353,0.510116,-0.161473,-3.099789,0.719937,1.653200,0
19.340000,0.213483,0.493600,-0.064927,0.509991,-0.164471,-3.099789,0.721786,1.620400,0
19.360000,0.235625,0.492645,-0.071382,0.509865,-0.167468,-3.099789,0.714813,1.643100,0
19.380000,0.215420,0.493342,-0.073143,0.509836,-0.168359,-3.089823,0.724244,1.666600,0
19.400000,0.223278,0.495136,-0.095981,0.509826,-0.168532,-3.069826,0.722887,1.624600,0
19.420000,0.200392,0.497178,-0.088015,0.509825,-0.168538,-3.051727,0.734116,1.706900,0
19.440000,0.235487,0.494850,-0.142870,0.509825,-0.168535,-3.033739,0.717873,1.661700,0
19.460000,0.219069,0.494424,-0.147605,0.509824,-0.168532,-3.015749,0.723912,1.620600,0
19.480000,0.214831,0.494656,-0.156087,0.509517,-0.170798,-3.007673,0.727784,1.707600,0
19.500000,0.223875,0.491450,-0.181376,0.509114,-0.173773,-3.007674,0.723798,1.685500,0
19.520000,0.218152,0.491385,-0.145832,0.508711,-0.176748,-3.007676,0.728578,1.659400,0
19.540000,0.215536,0.490947,-0.140994,0.508309,-0.179723,-3.007678,0.731788,1.672400,0
19.560000,0.211366,0.490276,-0.141178,0.507907,-0.182697,-3.007680,0.735411,1.699500,0
19.580000,0.225928,0.487474,-0.145965,0.507506,-0.185672,-3.007682,0.729666,1.672800,0
19.600000,0.220820,0.487876,-0.143472,0.507105,-0.188646,-3.007684,0.734603,1.692000,0
19.620000,0.224352,0.487215,-0.146412,0.506704,-0.191620,-3.007685,0.735214,1.688100,0
19.640000,0.237960,0.485571,-0.147048,0.506303,-0.194594,-3.007686,0.731186,1.725400,0
19.660000,0.227434,0.487469,-0.146077,0.505902,-0.197567,-3.007686,0.739472,1.825700,0
19.680000,0.239456,0.486828,-0.147406,0.505502,-0.200541,-3.007687,0.737059,1.821400,0
19.700000,0.258424,0.484800,-0.155982,0.505101,-0.203514,-3.007687,0.731181,1.694000,0
19.720000,0.258839,0.486966,-0.147487,0.504701,-0.206488,-3.007688,0.735749,1.656500,0
19.740000,0.247967,0.490768,-0.153898,0.504300,-0.209461,-3.007688,0.745672,1.689400,0
19.760000,0.237056,0.492804,-0.157424,0.503900,-0.212434,-3.007688,0.754034,1.695800,0
19.780000,0.263489,0.489880,-0.151485,0.503499,-0.215408,-3.007688,0.745007,1.708300,0
19.800000,0.255508,0.490101,-0.156095,0.503099,-0.218381,-3.007688,0.750499,1.683100,0
19.820000,0.262844,0.489294,-0.162478,0.502698,-0.221354,-3.007689,0.750034,1.673000,0
19.840000,0.259278,0.490223,-0.160369,0.502298,-0.224327,-3.007689,0.754745,2.265900,0
19.860000,0.286566,0.485852,-0.175353,0.501897,-0.227300,-3.007689,0.744952,1.752700,0
19.880000,0.276889,0.489047,-0.136449,0.501497,-0.230274,-3.007689,0.753573,1.680400,0
19.900000,0.278079,0.487842,-0.148603,0.501096,-0.233247,-3.007689,0.754789,1.707900,0
19.920000,0.282907,0.486985,-0.168917,0.500696,-0.236220,-3.007689,0.755287,1.763700,0
19.940000,0.293274,0.486009,-0.149048,0.500295,-0.239193,-3.007689,0.754172,1.684000,0
19.960000,0.268425,0.488950,-0.144837,0.500220,-0.239956,-2.996014,0.764874,1.701100,0
19.980000,0.284909,0.484890,-0.184267,0.500195,-0.240127,-2.976016,0.756305,1.715000,0
20.000000,0.285086,0.485222,-0.215130,0.500194,-0.240127,-2.957988,0.756573,1.689600,0
20.020000,0.271569,0.486327,-0.200454,0.500194,-0.240123,-2.939993,0.761576,2.081300,0
20.040000,0.269424,0.487371,-0.222458,0.500193,-0.240119,-2.921981,0.763214,1.710300,0
20.060000,0.273695,0.486181,-0.245224,0.500192,-0.240114,-2.903960,0.760792,1.705200,0
20.080000,0.264257,0.487906,-0.251665,0.500191,-0.240109,-2.885935,0.765291,1.713600,0
20.100000,0.273832,0.487819,-0.278458,0.500191,-0.240104,-2.867908,0.762306,1.706300,0
20.120000,0.281316,0.486558,-0.314025,0.500190,-0.240099,-2.849882,0.758905,1.718400,0
20.140000,0.313102,0.477542,-0.330916,0.499441,-0.242491,-2.844195,0.743754,1.766900,0
20.160000,0.265409,0.493377,-0.293377,0.498559,-0.245362,-2.844192,0.774657,1.772700,0
20.180000,0.278665,0.489297,-0.302140,0.497679,-0.248233,-2.844195,0.769361,1.738600,0
20.200000,0.287295,0.486919,-0.317298,0.496798,-0.251103,-2.844199,0.767182,1.789400,0
20.220000,0.287490,0.485000,-0.326162,0.495918,-0.253973,-2.844203,0.767804,1.793500,0
20.240000,0.297996,0.482829,-0.285419,0.495038,-0.256843,-2.844206,0.765467,1.770600,0
20.260000,0.293766,0.485061,-0.310357,0.494159,-0.259713,-2.844209,0.771262,1.774500,0
20.280000,0.293817,0.485628,-0.290760,0.493279,-0.262582,-2.844211,0.774341,1.722900,0
20.300000,0.295422,0.484265,-0.300253,0.492400,-0.265451,-2.844213,0.775161,1.749300,0
20.320000,0.303038,0.484000,-0.314879,0.491521,-0.268320,-2.844214,0.775571,1.746100,0
20.340000,0.309305,0.482348,-0.286763,0.490642,-0.271189,-2.844216,0.775049,1.782400,0
20.360000,0.306945,0.482235,-0.299240,0.489763,-0.274057,-2.844216,0.778075,1.757100,0
20.380000,0.327066,0.476527,-0.302047,0.488884,-0.276926,-2.844217,0.770634,1.812300,0
20.400000,0.335521,0.471976,-0.301472,0.488005,-0.279795,-2.844217,0.767080,1.697400,0
20.420000,0.319106,0.476573,-0.299538,0.487126,-0.282663,-2.844218,0.777605,1.735400,0
20.440000,0.305490,0.480493,-0.291412,0.486247,-0.285532,-2.844218,0.787063,1.783100,0
20.460000,0.337232,0.470923,-0.310432,0.485368,-0.288400,-2.844218,0.773638,1.674000,0
20.480000,0.332940,0.473381,-0.302928,0.484489,-0.291269,-2.844218,0.779524,1.712300,0
20.500000,0.343310,0.469446,-0.310077,0.483610,-0.294137,-2.844218,0.776365,1.713400,0
20.520000,0.342569,0.468161,-0.315915,0.482731,-0.297006,-2.844218,0.777898,1.686900,0
20.540000,0.340566,0.469511,-0.294345,0.481852,-0.299874,-2.844218,0.782250,1.770300,0
20.560000,0.355085,0.464150,-0.315933,0.480973,-0.302742,-2.844218,0.777155,1.960000,0
20.580000,0.350456,0.465369,-0.304535,0.480094,-0.305611,-2.844218,0.781803,1.763400,0
20.600000,0.347026,0.466485,-0.302811,0.479215,-0.308479,-2.844218,0.786157,1.778900,0
20.620000,0.345662,0.467370,-0.304302,0.478336,-0.311347,-2.844218,0.789938,1.711500,0
20.640000,0.341506,0.470083,-0.307142,0.477456,-0.314216,-2.844218,0.795994,1.765700,0
20.660000,0.359919,0.463938,-0.299476,0.476577,-0.317084,-2.844218,0.789686,1.750100,0
20.680000,0.354153,0.466111,-0.306788,0.475698,-0.319952,-2.844218,0.795405,1.759700,0
20.700000,0.351161,0.466670,-0.303183,0.474819,-0.322821,-2.844218,0.799117,1.708600,0
20.720000,0.387908,0.454853,-0.322626,0.473940,-0.325689,-2.844218,0.785269,1.769300,0
20.740000,0.364616,0.463519,-0.307285,0.473061,-0.328557,-2.844218,0.799466,2.042800,0
20.760000,0.369856,0.463355,-0.303374,0.472182,-0.331426,-2.844218,0.801341,1.762700,0
20.780000,0.372027,0.462943,-0.296795,0.471303,-0.334294,-2.844218,0.803395,1.843800,0
20.800000,0.382774,0.460686,-0.313740,0.470424,-0.337162,-2.844218,0.802648,1.757100,0
20.820000,0.360047,0.467391,-0.290766,0.469545,-0.340031,-2.844218,0.814813,1.737600,0
20.840000,0.371172,0.463490,-0.295459,0.468666,-0.342899,-2.844218,0.812261,1.773000,0
20.860000,0.385864,0.459260,-0.304584,0.467787,-0.345767,-2.844218,0.809185,1.760500,0
20.880000,0.396859,0.455182,-0.332608,0.466908,-0.348636,-2.844218,0.806864,1.746400,0
20.900000,0.396407,0.455419,-0.305518,0.466029,-0.351504,-2.844218,0.809921,1.742000,0
20.920000,0.393647,0.455743,-0.294818,0.465150,-0.354372,-2.844218,0.813264,1.951300,0
20.940000,0.397739,0.454654,-0.299089,0.464271,-0.357241,-2.844218,0.814616,1.691900,0
20.960000,0.397651,0.455652,-0.304432,0.463392,-0.360109,-2.844218,0.818406,1.743900,0
20.980000,0.414146,0.451583,-0.320798,0.462513,-0.362977,-2.844218,0.815995,1.726700,0
21.000000,0.394662,0.458077,-0.305402,0.461634,-0.365846,-2.844218,0.826640,1.686200,0
21.020000,0.423152,0.448877,-0.317783,0.460755,-0.368714,-2.844218,0.818455,1.724100,0
21.040000,0.406755,0.452591,-0.310379,0.459876,-0.371582,-2.844218,0.825883,1.713800,0
21.060000,0.425752,0.446372,-0.304593,0.458997,-0.374451,-2.844218,0.821496,1.717600,0
21.080000,0.429147,0.444589,-0.317903,0.458118,-0.377319,-2.844218,0.822418,1.699300,0
21.100000,0.421771,0.446474,-0.311525,0.457239,-0.380187,-2.844218,0.827421,1.862400,0
21.120000,0.418112,0.447925,-0.294723,0.456360,-0.383056,-2.844218,0.831860,1.718400,0
21.140000,0.415765,0.448936,-0.295768,0.455481,-0.385924,-2.844218,0.835804,1.692500,0
21.160000,0.418733,0.446511,-0.304968,0.454602,-0.388792,-2.844218,0.836073,1.698800,0
21.180000,0.445862,0.437022,-0.316816,0.453723,-0.391661,-2.844218,0.828721,1.784200,0
21.200000,0.431200,0.442878,-0.295800,0.452844,-0.394529,-2.844218,0.837687,1.746300,0
21.220000,0.427224,0.443751,-0.309244,0.451965,-0.397397,-2.844218,0.841512,1.728800,0
21.240000,0.458475,0.434530,-0.315048,0.451086,-0.400266,-2.844218,0.834829,1.690700,0
21.260000,0.449558,0.438583,-0.297928,0.450207,-0.403134,-2.844218,0.841717,1.727900,0
21.280000,0.454551,0.436033,-0.314251,0.449327,-0.406002,-2.844218,0.842051,2.382900,0
21.300000,0.443375,0.439493,-0.317338,0.448448,-0.408871,-2.844218,0.848379,3.024100,0
21.320000,0.456739,0.434410,-0.317047,0.447569,-0.411739,-2.844218,0.846199,3.089600,0
21.340000,0.475606,0.428253,-0.297042,0.446690,-0.414607,-2.844218,0.843356,3.088200,0
21.360000,0.465565,0.430990,-0.308478,0.445811,-0.417476,-2.844218,0.848696,1.875500,0
21.380000,0.461217,0.431671,-0.308679,0.444932,-0.420344,-2.844218,0.852171,1.740300,0
21.400000,0.455628,0.434146,-0.295184,0.444053,-0.423212,-2.844218,0.857436,1.702800,0
21.420000,0.478071,0.427608,-0.291390,0.443174,-0.426081,-2.844218,0.854402,3.032000,0
21.440000,0.453469,0.435192,-0.306889,0.443066,-0.426669,-2.830387,0.861924,2.340300,0
21.460000,0.461305,0.430809,-0.323100,0.443026,-0.426791,-2.810903,0.857795,1.752600,0
21.480000,0.480281,0.424670,-0.351883,0.443027,-0.426789,-2.792893,0.852273,1.765400,0
21.500000,0.447370,0.436685,-0.360997,0.443027,-0.426784,-2.774886,0.863480,1.754300,0
21.520000,0.463954,0.430466,-0.388976,0.443026,-0.426779,-2.756874,0.857501,1.798900,0
21.540000,0.476416,0.425346,-0.402995,0.443026,-0.426775,-2.738859,0.852775,1.767100,0
21.560000,0.471594,0.428543,-0.435321,0.443025,-0.426770,-2.720844,0.855790,1.847300,0
21.580000,0.480573,0.425876,-0.446040,0.441945,-0.429181,-2.716779,0.855929,2.045600,0
21.600000,0.475235,0.428041,-0.456898,0.440706,-0.431917,-2.716777,0.860651,1.802800,0
21.620000,0.478175,0.426743,-0.439261,0.439468,-0.434653,-2.716779,0.862265,1.738700,0
21.640000,0.485652,0.423698,-0.433923,0.438230,-0.437388,-2.716783,0.862390,1.764400,0
21.660000,0.478124,0.428373,-0.428316,0.436993,-0.440123,-2.716786,0.869470,1.740000,0
21.680000,0.487567,0.423860,-0.443615,0.435755,-0.442857,-2.716788,0.868264,1.774000,0
21.700000,0.493688,0.423666,-0.429826,0.434519,-0.445592,-2.716790,0.871269,1.742700,0
21.720000,0.474348,0.432288,-0.397934,0.433282,-0.448326,-2.716791,0.881571,1.798600,0
21.740000,0.502238,0.418277,-0.448247,0.432045,-0.451060,-2.716793,0.872167,1.955400,0
21.760000,0.515971,0.412256,-0.440504,0.430808,-0.453794,-2.716794,0.870227,1.746600,0
21.780000,0.504961,0.415436,-0.445889,0.429572,-0.456528,-2.716794,0.875217,1.777400,0
21.800000,0.510463,0.413468,-0.452570,0.428335,-0.459261,-2.716795,0.876585,1.755900,0
21.820000,0.502037,0.418251,-0.440991,0.428138,-0.459697,-2.701032,0.881052,1.733600,0
21.840000,0.506358,0.415871,-0.468209,0.428105,-0.459765,-2.682142,0.879126,1.744400,0
21.860000,0.508433,0.414928,-0.494088,0.428106,-0.459761,-2.664151,0.878370,1.759500,0
21.880000,0.508802,0.415807,-0.503834,0.428106,-0.459758,-2.646156,0.879276,1.768400,0
21.900000,0.493191,0.422600,-0.502680,0.428107,-0.459754,-2.628156,0.884752,1.799200,0
21.920000,0.508961,0.415023,-0.536963,0.428106,-0.459751,-2.610153,0.878503,2.446800,0
21.940000,0.494770,0.422900,-0.554562,0.428106,-0.459747,-2.592149,0.885160,1.832900,0
21.960000,0.505985,0.415717,-0.582974,0.428106,-0.459744,-2.574143,0.878918,1.839500,0
21.980000,0.513738,0.413687,-0.589413,0.428105,-0.459741,-2.556138,0.877615,1.779700,0
22.000000,0.476140,0.436909,-0.573739,0.428105,-0.459738,-2.538134,0.897932,1.733000,0
22.020000,0.502177,0.421156,-0.632410,0.428104,-0.459735,-2.520130,0.883999,1.757800,0
22.040000,0.505188,0.417987,-0.633245,0.428103,-0.459732,-2.502128,0.881097,1.801500,0
22.060000,0.485514,0.430654,-0.639207,0.428103,-0.459729,-2.484126,0.892232,1.753600,0
22.080000,0.488896,0.428761,-0.639917,0.428102,-0.459727,-2.466126,0.890565,1.893600,0
22.100000,0.492096,0.428789,-0.697391,0.428101,-0.459724,-2.448127,0.890815,1.738700,0
22.120000,0.487699,0.432555,-0.670504,0.428100,-0.459722,-2.430129,0.894265,1.704600,0
22.140000,0.503297,0.423036,-0.728511,0.428099,-0.459720,-2.412132,0.885953,1.683900,0
22.160000,0.497624,0.426695,-0.741644,0.428099,-0.459717,-2.394136,0.889135,1.698000,0
22.180000,0.490862,0.435174,-0.736080,0.428098,-0.459715,-2.376141,0.897087,1.706400,0
22.200000,0.500310,0.429101,-0.783263,0.428097,-0.459713,-2.358147,0.891742,1.784000,0
22.220000,0.506383,0.425741,-0.785321,0.428096,-0.459711,-2.340154,0.888907,1.728300,0
22.240000,0.512597,0.421408,-0.837208,0.428095,-0.459709,-2.322161,0.885160,1.616400,0
22.260000,0.501873,0.433701,-0.833288,0.428094,-0.459707,-2.304169,0.896449,1.716200,0
22.280000,0.509733,0.428429,-0.845118,0.428094,-0.459705,-2.286177,0.891878,1.824400,0
22.300000,0.514669,0.423087,-0.885210,0.428093,-0.459703,-2.268186,0.887025,2.389700,0
22.320000,0.514522,0.425776,-0.910433,0.428092,-0.459701,-2.250195,0.889685,2.779700,0
22.340000,0.512465,0.426670,-0.909865,0.426020,-0.461545,-2.249426,0.892411,3.430800,0
22.360000,0.504052,0.436714,-0.899831,0.423681,-0.463431,-2.249433,0.903726,3.263500,0
22.380000,0.508402,0.430342,-0.914615,0.421343,-0.465317,-2.249443,0.899880,3.656300,0
22.400000,0.510415,0.423685,-0.906396,0.419006,-0.467202,-2.249451,0.895565,1.801000,0
22.420000,0.515710,0.417222,-0.901114,0.416669,-0.469087,-2.249458,0.891826,1.613000,0
22.440000,0.509799,0.427901,-0.904667,0.414333,-0.470972,-2.249462,0.903929,1.610800,0
22.460000,0.512471,0.422790,-0.882548,0.411997,-0.472857,-2.249465,0.901265,1.449300,0
22.480000,0.515929,0.415569,-0.896662,0.409661,-0.474741,-2.249468,0.896629,1.454900,0
22.500000,0.519579,0.410963,-0.894951,0.407325,-0.476625,-2.249469,0.894659,1.434400,0
22.520000,0.518930,0.413303,-0.889391,0.404990,-0.478509,-2.249471,0.899061,1.462300,0
22.540000,0.539945,0.388756,-0.925952,0.402654,-0.480393,-2.249471,0.879926,1.480200,0
22.560000,0.538720,0.391053,-0.901657,0.400319,-0.482277,-2.249472,0.884228,1.381400,0
22.580000,0.542271,0.389014,-0.897493,0.397983,-0.484161,-2.249473,0.885016,1.994800,0
22.600000,0.541085,0.396760,-0.895968,0.395648,-0.486044,-2.249473,0.894703,1.422200,0
22.620000,0.543334,0.391076,-0.915601,0.393313,-0.487928,-2.249474,0.891715,1.376300,0
22.640000,0.541554,0.391859,-0.893475,0.390977,-0.489811,-2.249474,0.894436,1.460500,0
22.660000,0.551541,0.375446,-0.927383,0.388642,-0.491695,-2.249475,0.882310,1.437600,0
22.680000,0.540620,0.393643,-0.899464,0.386307,-0.493578,-2.249475,0.900541,1.442300,0
22.700000,0.558818,0.373297,-0.905141,0.383972,-0.495462,-2.249475,0.886179,1.456400,0
22.720000,0.552578,0.377567,-0.905279,0.381636,-0.497345,-2.249475,0.891455,1.483000,0
22.740000,0.558127,0.370956,-0.908822,0.379301,-0.499228,-2.249475,0.888369,1.390800,0
22.760000,0.551311,0.377439,-0.903562,0.376966,-0.501112,-2.249475,0.895683,1.489100,0
22.780000,0.558711,0.364668,-0.915800,0.374631,-0.502995,-2.249475,0.886975,1.622200,0
22.800000,0.554178,0.370600,-0.900477,0.372295,-0.504878,-2.249475,0.894171,1.624100,0
22.820000,0.569306,0.354471,-0.902831,0.369960,-0.506762,-2.249475,0.884003,1.729700,0
22.840000,0.558584,0.364668,-0.906844,0.367625,-0.508645,-2.249475,0.893947,1.579100,0
22.860000,0.551069,0.376726,-0.892605,0.365290,-0.510528,-2.249475,0.906495,1.575300,0
22.880000,0.565531,0.356733,-0.916036,0.362955,-0.512412,-2.249475,0.892441,1.621900,0
22.900000,0.564367,0.359039,-0.919146,0.362675,-0.512612,-2.232048,0.894681,1.568200,0
22.920000,0.567777,0.355081,-0.935815,0.362667,-0.512616,-2.213917,0.891609,1.392400,0
22.940000,0.551636,0.375954,-0.937304,0.362670,-0.512613,-2.195929,0.908438,1.522400,0
22.960000,0.564985,0.357238,-0.971580,0.362671,-0.512610,-2.177937,0.893066,1.503400,0
22.980000,0.567053,0.358741,-0.992126,0.362673,-0.512607,-2.159943,0.894997,1.585800,0
23.000000,0.552584,0.380133,-0.995910,0.362673,-0.512605,-2.141948,0.912714,1.473700,0
23.020000,0.559155,0.373535,-1.014228,0.362674,-0.512602,-2.123952,0.907658,1.505100,0
23.040000,0.566076,0.364197,-1.027350,0.362674,-0.512599,-2.105957,0.900079,1.616800,0
23.060000,0.560371,0.374600,-1.047071,0.362675,-0.512597,-2.087962,0.908956,1.506600,0
23.080000,0.564065,0.369071,-1.061881,0.362675,-0.512594,-2.069968,0.904373,1.567000,0
23.100000,0.574746,0.350429,-1.091718,0.362675,-0.512592,-2.051975,0.888695,1.589900,0
23.120000,0.568698,0.361274,-1.125634,0.362674,-0.512589,-2.033983,0.897821,1.597700,0
23.140000,0.562280,0.377919,-1.134553,0.362674,-0.512587,-2.015991,0.912602,1.556700,0
23.160000,0.567476,0.368210,-1.165407,0.362674,-0.512585,-1.998000,0.904291,1.702200,0
23.180000,0.569892,0.363796,-1.152807,0.360494,-0.513827,-1.997921,0.902258,1.684300,0
23.200000,0.569801,0.358420,-1.151219,0.357761,-0.515072,-1.997926,0.898860,1.598900,0
23.220000,0.568542,0.360543,-1.155417,0.355027,-0.516316,-1.997936,0.902480,1.586000,0
23.240000,0.574028,0.346522,-1.157414,0.352294,-0.517561,-1.997944,0.892079,1.767100,0
23.260000,0.572482,0.351182,-1.160236,0.349562,-0.518805,-1.997949,0.898093,1.643500,0
23.280000,0.570483,0.355442,-1.139062,0.346830,-0.520049,-1.997953,0.903607,1.663300,0
23.300000,0.578814,0.341124,-1.166092,0.344099,-0.521293,-1.997956,0.893787,1.673400,0
23.320000,0.574675,0.351172,-1.151640,0.341367,-0.522537,-1.997957,0.904323,1.659900,0
23.340000,0.580781,0.338049,-1.149770,0.338636,-0.523780,-1.997958,0.895200,1.728300,0
23.360000,0.578798,0.346750,-1.140025,0.335905,-0.525024,-1.997959,0.904979,1.674300,0
23.380000,0.586834,0.335542,-1.166127,0.333174,-0.526267,-1.997960,0.898364,1.754400,0
23.400000,0.585969,0.337765,-1.134792,0.330443,-0.527510,-1.997960,0.902216,1.651900,0
23.420000,0.597607,0.310640,-1.149955,0.327713,-0.528753,-1.997961,0.881716,1.816500,0
23.440000,0.594744,0.314747,-1.152213,0.324982,-0.529997,-1.997961,0.886771,1.701600,0
23.460000,0.591904,0.315100,-1.172524,0.322252,-0.531240,-1.997962,0.888259,1.631100,0
23.480000,0.591827,0.317825,-1.154069,0.319521,-0.532483,-1.997962,0.892846,1.660600,0
23.500000,0.589709,0.322597,-1.141741,0.316791,-0.533726,-1.997962,0.898762,1.747900,0
23.520000,0.595703,0.306141,-1.167755,0.314060,-0.534969,-1.997962,0.887012,1.651300,0
23.540000,0.593408,0.311522,-1.159833,0.313588,-0.534974,-1.980198,0.891546,1.751100,0
23.560000,0.592510,0.315401,-1.183283,0.313523,-0.534968,-1.961369,0.894965,1.881800,0
23.580000,0.588556,0.325774,-1.184637,0.313525,-0.534966,-1.943381,0.903612,1.690900,0
23.600000,0.589591,0.319690,-1.207080,0.313528,-0.534963,-1.925392,0.898133,1.628000,0
23.620000,0.583698,0.338663,-1.218626,0.313529,-0.534961,-1.907402,0.914445,1.754700,0
23.640000,0.599567,0.300911,-1.247635,0.313531,-0.534959,-1.889410,0.883456,1.688500,0
23.660000,0.592669,0.317182,-1.274835,0.313531,-0.534957,-1.871419,0.896693,1.674800,0
23.680000,0.589698,0.324911,-1.258123,0.313532,-0.534955,-1.853427,0.903127,1.649600,0
23.700000,0.595044,0.316225,-1.287985,0.313533,-0.534953,-1.835436,0.896523,1.739400,0
23.720000,0.590284,0.331808,-1.290540,0.313533,-0.534951,-1.817446,0.909869,1.681600,0
23.740000,0.593658,0.317966,-1.325829,0.313533,-0.534949,-1.799456,0.897738,2.024000,0
23.760000,0.591123,0.326338,-1.339440,0.313534,-0.534947,-1.781468,0.904913,1.717400,0
23.780000,0.592779,0.318499,-1.367267,0.313534,-0.534945,-1.763480,0.897967,1.693400,0
23.800000,0.594942,0.318100,-1.397050,0.313534,-0.534942,-1.745492,0.898260,1.703600,0
23.820000,0.594887,0.315707,-1.402826,0.313534,-0.534940,-1.727506,0.895969,1.668700,0
23.840000,0.593332,0.320639,-1.424343,0.311237,-0.535324,-1.719883,0.901250,1.649300,0
23.860000,0.598392,0.301650,-1.434747,0.308266,-0.535769,-1.719886,0.886252,1.673900,0
23.880000,0.598041,0.305977,-1.456953,0.305296,-0.536214,-1.719897,0.891619,1.660400,0
23.900000,0.601725,0.289294,-1.459519,0.302326,-0.536659,-1.719905,0.878543,1.647200,0
23.920000,0.602777,0.298355,-1.441544,0.299357,-0.537105,-1.719911,0.888852,1.911900,0
23.940000,0.602066,0.310635,-1.449365,0.296388,-0.537550,-1.719916,0.901586,1.715400,0
23.960000,0.604221,0.298227,-1.400036,0.293420,-0.537996,-1.719919,0.892113,1.818500,0
23.980000,0.606746,0.282626,-1.426155,0.290452,-0.538442,-1.719921,0.879883,1.775800,0
24.000000,0.606086,0.296205,-1.441212,0.287485,-0.538888,-1.719922,0.893805,1.745500,0
24.020000,0.605937,0.279329,-1.470670,0.284517,-0.539334,-1.719923,0.879500,1.761900,0
24.040000,0.604589,0.289327,-1.446680,0.281550,-0.539780,-1.719924,0.889816,1.859900,0
24.060000,0.606443,0.279368,-1.448906,0.278583,-0.540226,-1.719924,0.882738,1.772000,0
24.080000,0.606721,0.278069,-1.433227,0.275615,-0.540672,-1.719925,0.883158,1.632500,0
24.100000,0.606068,0.278490,-1.440270,0.272649,-0.541118,-1.719926,0.884831,2.295400,0
24.120000,0.607377,0.263675,-1.414323,0.269682,-0.541563,-1.719927,0.873182,2.509900,0
24.140000,0.605787,0.270727,-1.415390,0.266715,-0.542009,-1.719927,0.880630,1.548600,0
24.160000,0.611373,0.238210,-1.443369,0.263748,-0.542455,-1.719928,0.854565,1.566500,0
24.180000,0.608901,0.266300,-1.434486,0.260781,-0.542901,-1.719928,0.880905,1.588100,0
24.200000,0.607773,0.273393,-1.438215,0.257814,-0.543347,-1.719928,0.888558,1.590000,0
24.220000,0.609173,0.264299,-1.420888,0.254847,-0.543793,-1.719928,0.882360,1.689800,0
24.240000,0.610512,0.253441,-1.422038,0.251881,-0.544238,-1.719928,0.874590,1.672800,0
24.260000,0.610168,0.248655,-1.444281,0.248914,-0.544684,-1.719928,0.871718,1.654200,0
24.280000,0.607944,0.261459,-1.443897,0.245947,-0.545130,-1.719928,0.884097,1.765700,0
24.300000,0.609010,0.260254,-1.402589,0.242981,-0.545576,-1.719928,0.885064,1.691800,0
24.320000,0.610999,0.246871,-1.451099,0.242275,-0.545621,-1.707469,0.874071,1.664900,0
24.340000,0.610916,0.258451,-1.447195,0.242103,-0.545595,-1.687471,0.884598,1.700900,0
24.360000,0.610530,0.253033,-1.468381,0.242106,-0.545593,-1.669483,0.879511,1.759700,0
24.380000,0.612253,0.238032,-1.502420,0.242109,-0.545592,-1.651495,0.866645,1.726400,0
24.400000,0.611944,0.249920,-1.518238,0.242111,-0.545590,-1.633505,0.877276,1.685500,0
24.420000,0.607097,0.261049,-1.529516,0.242113,-0.545589,-1.615515,0.885369,1.712800,0
24.440000,0.610620,0.234305,-1.568547,0.242115,-0.545587,-1.597525,0.862570,1.716900,0
24.460000,0.609383,0.247991,-1.551277,0.239968,-0.545685,-1.587914,0.875437,1.924600,0
24.480000,0.608462,0.255900,-1.551360,0.236966,-0.545734,-1.587917,0.883531,1.720800,0
24.500000,0.608010,0.240560,-1.551970,0.233963,-0.545783,-1.587921,0.870774,1.719400,0
24.520000,0.611005,0.249084,-1.548824,0.230961,-0.545833,-1.587925,0.881094,1.689100,0
24.540000,0.612366,0.240317,-1.552538,0.227960,-0.545884,-1.587928,0.875146,1.729700,0
24.560000,0.612002,0.226373,-1.555962,0.224958,-0.545935,-1.587931,0.863865,1.700400,0
24.580000,0.613577,0.227894,-1.565098,0.221958,-0.545985,-1.587933,0.867326,2.018700,0
24.600000,0.614900,0.208107,-1.576297,0.218957,-0.546037,-1.587935,0.851766,1.677300,0
24.620000,0.613097,0.235614,-1.562706,0.215957,-0.546088,-1.587937,0.876800,1.543000,0
24.640000,0.612133,0.214899,-1.570042,0.212957,-0.546139,-1.587938,0.859372,1.718700,0
24.660000,0.609319,0.227477,-1.536368,0.209956,-0.546191,-1.587939,0.870663,1.427100,0
24.680000,0.609625,0.217515,-1.566083,0.206957,-0.546242,-1.587940,0.863404,1.384400,0
24.700000,0.612016,0.226012,-1.544005,0.203957,-0.546293,-1.587940,0.873479,1.401500,0
24.720000,0.612863,0.207724,-1.552607,0.200957,-0.546345,-1.587941,0.859236,1.374100,0
24.740000,0.612007,0.200695,-1.572179,0.197957,-0.546396,-1.587941,0.854156,1.409700,0
24.760000,0.612230,0.223259,-1.532919,0.194957,-0.546448,-1.587941,0.875538,1.376400,0
24.780000,0.611063,0.203059,-1.565048,0.191958,-0.546499,-1.587941,0.858770,1.369600,0
24.800000,0.611984,0.187824,-1.557687,0.188958,-0.546551,-1.587942,0.847501,1.444300,0
24.820000,0.609666,0.199353,-1.566740,0.185958,-0.546602,-1.587942,0.857891,1.413600,0
24.840000,0.610990,0.193588,-1.555661,0.182959,-0.546654,-1.587942,0.855084,1.424600,0
24.860000,0.611857,0.170171,-1.561609,0.179959,-0.546705,-1.587942,0.836927,2.002300,0
24.880000,0.612397,0.183027,-1.564937,0.176959,-0.546757,-1.587942,0.849819,1.418300,0
24.900000,0.612438,0.182178,-1.559957,0.173960,-0.546808,-1.587942,0.850696,1.398300,0
24.920000,0.614294,0.182040,-1.549223,0.170960,-0.546860,-1.587942,0.853136,1.422700,0
24.940000,0.614259,0.181341,-1.558888,0.167961,-0.546911,-1.587942,0.854127,1.388000,0
24.960000,0.613311,0.173218,-1.548510,0.164961,-0.546962,-1.587942,0.848338,1.429000,0
24.980000,0.612908,0.160766,-1.580883,0.161962,-0.547014,-1.587942,0.839228,1.395200,0
25.000000,0.613470,0.163425,-1.564666,0.158962,-0.547065,-1.587942,0.843429,1.402800,0
25.020000,0.613763,0.150481,-1.581057,0.155962,-0.547117,-1.587942,0.834401,1.442600,0
25.040000,0.613282,0.154528,-1.566140,0.152963,-0.547168,-1.587942,0.839209,1.470100,0
25.060000,0.612102,0.163722,-1.569878,0.149963,-0.547220,-1.587942,0.847945,1.832400,0
25.080000,0.612527,0.171196,-1.557202,0.146964,-0.547271,-1.587942,0.856122,1.531300,0
25.100000,0.611458,0.139926,-1.574571,0.143964,-0.547322,-1.587942,0.831180,1.543800,0
25.120000,0.610888,0.140824,-1.557892,0.140965,-0.547374,-1.587942,0.833333,1.582700,0
25.140000,0.611152,0.153663,-1.556272,0.137965,-0.547425,-1.587942,0.845831,1.553900,0
25.160000,0.612701,0.139224,-1.557102,0.134966,-0.547477,-1.587942,0.836534,1.579600,0
25.180000,0.613666,0.116756,-1.579351,0.131966,-0.547528,-1.587942,0.820553,1.562500,0
25.200000,0.612713,0.135565,-1.579898,0.128966,-0.547580,-1.587942,0.837077,1.553400,0
25.220000,0.611620,0.139526,-1.580577,0.125967,-0.547631,-1.587942,0.841453,1.653200,0
25.240000,0.611452,0.112146,-1.576760,0.122967,-0.547683,-1.587942,0.820971,1.662200,0
25.260000,0.611229,0.106291,-1.587942,0.119968,-0.547734,-1.587942,0.817977,1.739000,0
25.280000,0.610892,0.112139,-1.584000,0.116968,-0.547785,-1.587942,0.824294,1.687300,0
25.300000,0.612103,0.127934,-1.544066,0.113969,-0.547837,-1.587942,0.839526,1.631200,0
25.320000,0.611414,0.122583,-1.562928,0.110969,-0.547888,-1.587942,0.836646,1.630400,0
25.340000,0.611833,0.108449,-1.568025,0.107969,-0.547940,-1.587942,0.827481,1.660400,0
25.360000,0.612459,0.112196,-1.547690,0.104970,-0.547991,-1.587942,0.832702,1.597900,0
25.380000,0.613408,0.110089,-1.569610,0.101970,-0.548043,-1.587942,0.833490,1.675300,0
25.400000,0.614315,0.103703,-1.564838,0.098971,-0.548094,-1.587942,0.830915,1.660000,0
25.420000,0.613870,0.098024,-1.588481,0.095971,-0.548145,-1.587942,0.828102,1.642400,0
25.440000,0.613820,0.084497,-1.582409,0.092972,-0.548197,-1.587942,0.819503,1.786400,0
25.460000,0.613195,0.100145,-1.566712,0.089972,-0.548248,-1.587942,0.833172,1.669700,0
25.480000,0.614427,0.086853,-1.559759,0.086973,-0.548300,-1.587942,0.825608,1.668700,0
25.500000,0.615149,0.096515,-1.544869,0.083973,-0.548351,-1.587942,0.835464,1.623000,0
25.520000,0.616086,0.093195,-1.573318,0.080973,-0.548403,-1.587942,0.835460,1.626300,0
25.540000,0.616073,0.069166,-1.573491,0.077974,-0.548454,-1.587942,0.819149,1.578900,0
25.560000,0.617146,0.066855,-1.574765,0.074974,-0.548505,-1.587942,0.820133,1.685600,0
25.580000,0.616994,0.098982,-1.564281,0.071975,-0.548557,-1.587942,0.846376,1.619000,0
25.600000,0.617092,0.068691,-1.587577,0.068975,-0.548608,-1.587942,0.825524,1.631700,0
25.620000,0.617230,0.059664,-1.572126,0.065976,-0.548660,-1.587942,0.820938,1.627100,0
25.640000,0.616143,0.061758,-1.572189,0.062976,-0.548711,-1.587942,0.823812,1.699200,0
25.660000,0.616228,0.048374,-1.574375,0.059977,-0.548763,-1.587942,0.816081,1.595200,0
25.680000,0.615105,0.053721,-1.570940,0.056977,-0.548814,-1.587942,0.821313,1.622500,0
25.700000,0.616535,0.057366,-1.571849,0.053977,-0.548865,-1.587942,0.827035,1.621800,0
25.720000,0.616291,0.045959,-1.571381,0.050978,-0.548917,-1.587942,0.820644,1.593700,0
25.740000,0.615389,0.062412,-1.568305,0.047978,-0.548968,-1.587942,0.834110,1.622700,0
25.760000,0.615201,0.044508,-1.567482,0.044979,-0.549020,-1.587942,0.823061,1.582000,0
25.780000,0.613892,0.052232,-1.564185,0.041979,-0.549071,-1.587942,0.829849,1.621600,0
25.800000,0.614543,0.053666,-1.561204,0.038980,-0.549123,-1.587942,0.833443,1.616600,0
25.820000,0.614418,0.041168,-1.557761,0.035980,-0.549174,-1.587942,0.826495,1.596900,0
25.840000,0.613994,0.032925,-1.570359,0.032980,-0.549226,-1.587942,0.822482,1.680000,0
25.860000,0.614042,0.035786,-1.569649,0.029981,-0.549277,-1.587942,0.826696,1.604900,0
25.880000,0.613039,-0.002407,-1.586830,0.026981,-0.549328,-1.587942,0.801615,1.598300,0
25.900000,0.613865,0.034462,-1.552979,0.023982,-0.549380,-1.587942,0.829959,1.618500,0
25.920000,0.614203,0.037961,-1.542156,0.020982,-0.549431,-1.587942,0.834829,1.587200,0
25.940000,0.613108,0.041923,-1.561677,0.017983,-0.549483,-1.587942,0.839008,1.629800,0
25.960000,0.612279,0.031574,-1.570849,0.014983,-0.549534,-1.587942,0.833336,1.602500,0
25.980000,0.611986,0.014296,-1.583503,0.011984,-0.549586,-1.587942,0.823387,1.643000,0
26.000000,0.611474,0.004228,-1.568888,0.008984,-0.549637,-1.587942,0.818389,1.626100,0
26.020000,0.612454,0.020622,-1.564382,0.005984,-0.549688,-1.587942,0.832502,1.816100,0
26.040000,0.610351,-0.002748,-1.582861,0.002985,-0.549740,-1.587942,0.817370,1.615000,0
26.060000,0.610607,-0.007178,-1.585226,-0.000015,-0.549791,-1.587942,0.816877,1.622600,0
26.080000,0.610815,0.011460,-1.578775,-0.003014,-0.549843,-1.587942,0.831774,1.613800,0
26.100000,0.611284,-0.002565,-1.545758,-0.006014,-0.549894,-1.587942,0.825000,1.595000,0
26.120000,0.611218,0.002017,-1.551544,-0.009013,-0.549946,-1.587942,0.830271,1.618600,0
26.140000,0.610620,-0.007722,-1.568731,-0.012013,-0.549997,-1.587942,0.825672,1.578600,0
26.160000,0.611030,-0.015272,-1.564791,-0.015012,-0.550048,-1.587942,0.823355,1.612300,0
26.180000,0.611464,0.000479,-1.537162,-0.018012,-0.550100,-1.587942,0.836288,1.601000,0
26.200000,0.610567,-0.014136,-1.546772,-0.021012,-0.550151,-1.587942,0.828374,1.605700,0
26.220000,0.611069,-0.012816,-1.546691,-0.024011,-0.550203,-1.587942,0.831932,1.702700,0
26.240000,0.610907,-0.017196,-1.565171,-0.027011,-0.550254,-1.587942,0.831319,1.626700,0
26.260000,0.611452,-0.036674,-1.550571,-0.030010,-0.550306,-1.587942,0.821761,1.597400,0
26.280000,0.610414,-0.030858,-1.570870,-0.033010,-0.550357,-1.587942,0.826966,1.619500,0
26.300000,0.610690,-0.014611,-1.546166,-0.036009,-0.550408,-1.587942,0.839821,1.618700,0
26.320000,0.611585,-0.023794,-1.555742,-0.039009,-0.550460,-1.587942,0.837048,1.595100,0
26.340000,0.612032,-0.044646,-1.564164,-0.042008,-0.550511,-1.587942,0.826842,1.663500,0
26.360000,0.612105,-0.039902,-1.559336,-0.045008,-0.550563,-1.587942,0.832209,1.558800,0
26.380000,0.612108,-0.053726,-1.565155,-0.048008,-0.550614,-1.587942,0.826227,1.560800,0
26.400000,0.612425,-0.043898,-1.555189,-0.051007,-0.550666,-1.587942,0.834838,1.573100,0
26.420000,0.612856,-0.040031,-1.559883,-0.054007,-0.550717,-1.587942,0.839944,1.896300,0
26.440000,0.613707,-0.044582,-1.546817,-0.057006,-0.550769,-1.587942,0.840287,1.573100,0
26.460000,0.612842,-0.052146,-1.567238,-0.060006,-0.550820,-1.587942,0.837496,1.581500,0
26.480000,0.613169,-0.050821,-1.567091,-0.063005,-0.550871,-1.587942,0.840989,1.544400,0
26.500000,0.611662,-0.062543,-1.569092,-0.066005,-0.550923,-1.587942,0.835313,1.555900,0
26.520000,0.611328,-0.076949,-1.566109,-0.069005,-0.550974,-1.587942,0.829188,1.586200,0
26.540000,0.611147,-0.064835,-1.563656,-0.072004,-0.551026,-1.587942,0.838497,1.659700,0
26.560000,0.610622,-0.065113,-1.565021,-0.075004,-0.551077,-1.587942,0.840383,1.618400,0
26.580000,0.609952,-0.051354,-1.544326,-0.078003,-0.551129,-1.587942,0.850327,1.599800,0
26.600000,0.610535,-0.062065,-1.540756,-0.078928,-0.551116,-1.578443,0.845299,1.654700,0
26.620000,0.610162,-0.063697,-1.582580,-0.079101,-0.551114,-1.558446,0.844191,1.625900,0
26.640000,0.609660,-0.055748,-1.583705,-0.079117,-0.551113,-1.540232,0.848411,1.650100,0
26.660000,0.609930,-0.076178,-1.601412,-0.079114,-0.551112,-1.522244,0.836865,1.592500,0
26.680000,0.610738,-0.059174,-1.626193,-0.079112,-0.551111,-1.504254,0.847287,1.547700,0
26.700000,0.610915,-0.091375,-1.664399,-0.079110,-0.551110,-1.486265,0.829151,1.575400,0
26.720000,0.611186,-0.078405,-1.691679,-0.079108,-0.551109,-1.468275,0.836633,1.619700,0
26.740000,0.610498,-0.085145,-1.711946,-0.079106,-0.551108,-1.450286,0.832271,1.555000,0
26.760000,0.611307,-0.079864,-1.724747,-0.079100,-0.551107,-1.432235,0.835902,1.574500,0
26.780000,0.612095,-0.078869,-1.738543,-0.079093,-0.551106,-1.414178,0.837108,1.553100,0
26.800000,0.613884,-0.069873,-1.751922,-0.081386,-0.550720,-1.406519,0.845349,1.569200,0
26.820000,0.613471,-0.079887,-1.743807,-0.084348,-0.550228,-1.406521,0.841530,1.581000,0
26.840000,0.614750,-0.078285,-1.747548,-0.087311,-0.549735,-1.406523,0.845668,1.698500,0
26.860000,0.612298,-0.094651,-1.744657,-0.090273,-0.549243,-1.406529,0.836815,1.628100,0
26.880000,0.614411,-0.087033,-1.750713,-0.093234,-0.548752,-1.406534,0.844953,1.591800,0
26.900000,0.616402,-0.090919,-1.740117,-0.096196,-0.548260,-1.406537,0.846733,1.609100,0
26.920000,0.615130,-0.103015,-1.753782,-0.099157,-0.547769,-1.406540,0.841435,1.593400,0
26.940000,0.616687,-0.084815,-1.743931,-0.102117,-0.547278,-1.406543,0.854722,1.553400,0
26.960000,0.614684,-0.097187,-1.742930,-0.105078,-0.546788,-1.406545,0.848645,1.577400,0
26.980000,0.618454,-0.089034,-1.730058,-0.108038,-0.546297,-1.406547,0.858418,1.552300,0
27.000000,0.612327,-0.122744,-1.769700,-0.110998,-0.545807,-1.406548,0.837963,1.604600,0
27.020000,0.611382,-0.130359,-1.761566,-0.113958,-0.545316,-1.406549,0.835648,1.600800,0
27.040000,0.613584,-0.112210,-1.751938,-0.116918,-0.544826,-1.406550,0.848994,1.557300,0
27.060000,0.611286,-0.127701,-1.767181,-0.117644,-0.544741,-1.394393,0.839799,1.587300,0
27.080000,0.611614,-0.124587,-1.781047,-0.117815,-0.544710,-1.374393,0.841766,1.627100,0
27.100000,0.613891,-0.114453,-1.802398,-0.117813,-0.544710,-1.356386,0.848830,1.580500,0
27.120000,0.612071,-0.122456,-1.824719,-0.117809,-0.544709,-1.338398,0.843221,1.671700,0
27.140000,0.609320,-0.136300,-1.835543,-0.117806,-0.544709,-1.320396,0.833973,1.624000,0
27.160000,0.615054,-0.118007,-1.828690,-0.117801,-0.544708,-1.302384,0.848027,1.589500,0
27.180000,0.616151,-0.108357,-1.869923,-0.117797,-0.544708,-1.284367,0.853863,1.637700,0
27.200000,0.608450,-0.136365,-1.883070,-0.117793,-0.544707,-1.266348,0.833170,1.786200,0
27.220000,0.618224,-0.104078,-1.899443,-0.117789,-0.544706,-1.248328,0.857827,1.575200,0
27.240000,0.618758,-0.100568,-1.892045,-0.117785,-0.544705,-1.230309,0.860089,1.582800,0
27.260000,0.618403,-0.103756,-1.929141,-0.117781,-0.544704,-1.212291,0.858139,1.572600,0
27.280000,0.607431,-0.138788,-1.968742,-0.117777,-0.544703,-1.194274,0.831080,1.576000,0
27.300000,0.616558,-0.119206,-1.956406,-0.117773,-0.544702,-1.176259,0.848699,1.582800,0
27.320000,0.611157,-0.132167,-1.986370,-0.117770,-0.544701,-1.158247,0.837567,1.552700,0
27.340000,0.619297,-0.112214,-1.993284,-0.117767,-0.544700,-1.140236,0.854580,1.573400,0
27.360000,0.614511,-0.123488,-2.022016,-0.117764,-0.544699,-1.122227,0.844775,1.552400,0
27.380000,0.623843,-0.099388,-2.021777,-0.117761,-0.544698,-1.104220,0.865030,1.585100,0
27.400000,0.620004,-0.107152,-2.044928,-0.117758,-0.544697,-1.086214,0.857752,1.751700,0
27.420000,0.616238,-0.115448,-2.065504,-0.117755,-0.544696,-1.068210,0.850294,1.553900,0
27.440000,0.624690,-0.097911,-2.067236,-0.117753,-0.544695,-1.050207,0.866509,1.575500,0
27.460000,0.623534,-0.103444,-2.107658,-0.117750,-0.544694,-1.032205,0.862672,1.607300,0
27.480000,0.621166,-0.108701,-2.111088,-0.117748,-0.544693,-1.014205,0.857953,1.586400,0
27.500000,0.624171,-0.109698,-2.116196,-0.117745,-0.544692,-0.996205,0.860034,1.576200,0
27.520000,0.618660,-0.117488,-2.166773,-0.117743,-0.544691,-0.978207,0.851347,1.564700,0
27.540000,0.622283,-0.113394,-2.166254,-0.117741,-0.544690,-0.960209,0.856535,1.568300,0
27.560000,0.620501,-0.122040,-2.191098,-0.117739,-0.544689,-0.942212,0.850665,1.548400,0
27.580000,0.625460,-0.118717,-2.189134,-0.117736,-0.544688,-0.924216,0.856617,1.576100,0
27.600000,0.625462,-0.117832,-2.234986,-0.117734,-0.544687,-0.906221,0.857057,1.609800,0
27.620000,0.614023,-0.138188,-2.246182,-0.117732,-0.544686,-0.888226,0.837082,1.586000,0
27.640000,0.634296,-0.106294,-2.228741,-0.117730,-0.544685,-0.870232,0.870477,1.581700,0
27.660000,0.626729,-0.113881,-2.294620,-0.117728,-0.544684,-0.852238,0.860120,1.559400,0
27.680000,0.618990,-0.125470,-2.321391,-0.117726,-0.544683,-0.834245,0.847638,1.582800,0
27.700000,0.621665,-0.121898,-2.338435,-0.117724,-0.544682,-0.816252,0.851729,1.606600,0
27.720000,0.626751,-0.118742,-2.360735,-0.117722,-0.544681,-0.798260,0.857709,1.561000,0
27.740000,0.621678,-0.121399,-2.356204,-0.117720,-0.544680,-0.780268,0.851984,1.577400,0
27.760000,0.630295,-0.113885,-2.387998,-0.117718,-0.544680,-0.762276,0.863196,1.558800,0
27.780000,0.630446,-0.113947,-2.385320,-0.119653,-0.542653,-0.759999,0.863966,1.584900,0
27.800000,0.616270,-0.125323,-2.383274,-0.121722,-0.540475,-0.760006,0.846749,2.044600,0
27.820000,0.618333,-0.125316,-2.388405,-0.123791,-0.538298,-0.760015,0.849295,1.593200,0
27.840000,0.598161,-0.145418,-2.401546,-0.125860,-0.536122,-0.760024,0.822713,1.470500,0
27.860000,0.609652,-0.133903,-2.404091,-0.127929,-0.533946,-0.760030,0.839083,1.331900,0
27.880000,0.613953,-0.131359,-2.385185,-0.129997,-0.531770,-0.760035,0.844861,1.284600,0
27.900000,0.607535,-0.139442,-2.389655,-0.132065,-0.529595,-0.760039,0.836199,1.305700,0
27.920000,0.612158,-0.136467,-2.365640,-0.134133,-0.527420,-0.760041,0.842493,1.310400,0
27.940000,0.598239,-0.148972,-2.400688,-0.136201,-0.525245,-0.760043,0.825217,1.286100,0
27.960000,0.599562,-0.151104,-2.408144,-0.138269,-0.523070,-0.760045,0.826289,1.273000,0
27.980000,0.595885,-0.153846,-2.408805,-0.140336,-0.520896,-0.760046,0.822646,1.264000,0
28.000000,0.595799,-0.156462,-2.392020,-0.142403,-0.518721,-0.760047,0.822298,1.345500,0
28.020000,0.607698,-0.148278,-2.390392,-0.144471,-0.516546,-0.760047,0.837484,1.572700,0
28.040000,0.599066,-0.156840,-2.384901,-0.146538,-0.514372,-0.760048,0.826895,1.405800,0
28.060000,0.601487,-0.153730,-2.383941,-0.148605,-0.512197,-0.760048,0.831346,1.287500,0
28.080000,0.591839,-0.162532,-2.396005,-0.150672,-0.510023,-0.760049,0.819800,1.324900,0
28.100000,0.590714,-0.165075,-2.392315,-0.152739,-0.507849,-0.760049,0.818668,1.295100,0
28.120000,0.591917,-0.165483,-2.391536,-0.154806,-0.505674,-0.760049,0.820564,1.335300,0
28.140000,0.584376,-0.171634,-2.400929,-0.156873,-0.503500,-0.760049,0.812148,1.343100,0
28.160000,0.592662,-0.163147,-2.396613,-0.158940,-0.501325,-0.760049,0.824179,1.400500,0
28.180000,0.580458,-0.172542,-2.401798,-0.159176,-0.501076,-0.742412,0.809316,1.313400,0
28.200000,0.585647,-0.166962,-2.431515,-0.159186,-0.501062,-0.724181,0.816333,1.310100,0
28.220000,0.581391,-0.168954,-2.448012,-0.159183,-0.501064,-0.706193,0.811632,1.338100,0
28.240000,0.593676,-0.161188,-2.463952,-0.159181,-0.501066,-0.688203,0.826021,1.350900,0
28.260000,0.597182,-0.155709,-2.461380,-0.159178,-0.501067,-0.670210,0.831476,1.442700,0
28.280000,0.581568,-0.166889,-2.491494,-0.159175,-0.501067,-0.652215,0.812635,1.420600,0
28.300000,0.600258,-0.150313,-2.493226,-0.159172,-0.501068,-0.634219,0.836518,1.352200,0
28.320000,0.570876,-0.178007,-2.534680,-0.159170,-0.501068,-0.616223,0.798333,1.413900,0
28.340000,0.590393,-0.163412,-2.544890,-0.159167,-0.501068,-0.598228,0.822102,1.349600,0
28.360000,0.578206,-0.174213,-2.559057,-0.159165,-0.501068,-0.580233,0.806567,1.338000,0
28.380000,0.597297,-0.162204,-2.575016,-0.159162,-0.501068,-0.562238,0.828891,1.378000,0
28.400000,0.580190,-0.172914,-2.592481,-0.159160,-0.501067,-0.544245,0.808902,1.374100,0
28.420000,0.594499,-0.164926,-2.591549,-0.159158,-0.501067,-0.526252,0.825221,1.388000,0
28.440000,0.599089,-0.160336,-2.629705,-0.159155,-0.501067,-0.508261,0.831283,1.350800,0
28.460000,0.586284,-0.167358,-2.632750,-0.159153,-0.501066,-0.490270,0.816724,1.374000,0
28.480000,0.578398,-0.172073,-2.643833,-0.160565,-0.498918,-0.490200,0.808018,1.462100,0
28.500000,0.569464,-0.179216,-2.654351,-0.161979,-0.496269,-0.490207,0.797202,1.434300,0
28.520000,0.572999,-0.177827,-2.664109,-0.163394,-0.493619,-0.490217,0.801249,1.388600,0
28.540000,0.591126,-0.167490,-2.646664,-0.164808,-0.490970,-0.490224,0.822238,1.386600,0
28.560000,0.586711,-0.166421,-2.620036,-0.166222,-0.488322,-0.490230,0.818858,1.377500,0
28.580000,0.569049,-0.175185,-2.679430,-0.167636,-0.485674,-0.490234,0.799442,1.408500,0
28.600000,0.564721,-0.177692,-2.657430,-0.169050,-0.483026,-0.490237,0.794763,1.376800,0
28.620000,0.569250,-0.178343,-2.643199,-0.170463,-0.480378,-0.490238,0.799000,1.425600,0
28.640000,0.558089,-0.185623,-2.655036,-0.171876,-0.477731,-0.490239,0.786242,1.413700,0
28.660000,0.554872,-0.185991,-2.659924,-0.171884,-0.477310,-0.472503,0.782969,1.409300,0
28.680000,0.560534,-0.182715,-2.694161,-0.171890,-0.477296,-0.454301,0.789444,1.454600,0
28.700000,0.575959,-0.176068,-2.689955,-0.171887,-0.477299,-0.436314,0.806234,1.458500,0
28.720000,0.567152,-0.179225,-2.723344,-0.171885,-0.477301,-0.418325,0.796885,1.445400,0
28.740000,0.572298,-0.178836,-2.726157,-0.171883,-0.477303,-0.400335,0.801803,1.419800,0
28.760000,0.572483,-0.175792,-2.725820,-0.171881,-0.477304,-0.382343,0.803111,1.415500,0
28.780000,0.580230,-0.173133,-2.745124,-0.171879,-0.477305,-0.364351,0.811288,1.418900,0
28.800000,0.563681,-0.181456,-2.773366,-0.171877,-0.477305,-0.346360,0.792826,1.415100,0
28.820000,0.562631,-0.182749,-2.815715,-0.171875,-0.477306,-0.328368,0.791368,1.412500,0
28.840000,0.552728,-0.188716,-2.832296,-0.171873,-0.477306,-0.310378,0.779956,1.415200,0
28.860000,0.573222,-0.180124,-2.850448,-0.171871,-0.477306,-0.292388,0.802173,1.461000,0
28.880000,0.549654,-0.189590,-2.866398,-0.171869,-0.477306,-0.274399,0.776773,1.453300,0
28.900000,0.567183,-0.183208,-2.889382,-0.171867,-0.477307,-0.256410,0.795418,1.453900,0
28.920000,0.551448,-0.188991,-2.914004,-0.171865,-0.477307,-0.238422,0.778658,1.519700,0
28.940000,0.562845,-0.187017,-2.933522,-0.171863,-0.477306,-0.220435,0.789977,1.455000,0
28.960000,0.559154,-0.187116,-2.942477,-0.171861,-0.477306,-0.202449,0.786507,1.422700,0
28.980000,0.547687,-0.188195,-2.955829,-0.171859,-0.477306,-0.184463,0.775456,1.434500,0
29.000000,0.556589,-0.186439,-2.998639,-0.171857,-0.477306,-0.166477,0.784371,1.424000,0
29.020000,0.564493,-0.185667,-2.982317,-0.172266,-0.475000,-0.158996,0.791534,1.411000,0
29.040000,0.567372,-0.184379,-2.995421,-0.172740,-0.472035,-0.158999,0.794048,1.493400,0
29.060000,0.547081,-0.189574,-2.989290,-0.173215,-0.469068,-0.159011,0.772621,1.409400,0
29.080000,0.549654,-0.189956,-2.992382,-0.173689,-0.466103,-0.159020,0.774263,1.459500,0
29.100000,0.551588,-0.190582,-2.998390,-0.174164,-0.463139,-0.159027,0.775244,1.449200,0
29.120000,0.536945,-0.193564,-3.000805,-0.174640,-0.460175,-0.159031,0.759892,1.468800,0
29.140000,0.533024,-0.195295,-3.009064,-0.175115,-0.457211,-0.159034,0.755024,1.488500,0
29.160000,0.540114,-0.194411,-2.998807,-0.175590,-0.454247,-0.159036,0.761411,1.484900,0
29.180000,0.539983,-0.196836,-2.997764,-0.176066,-0.451284,-0.159037,0.759915,1.452300,0
29.200000,0.541180,-0.196317,-2.998775,-0.176541,-0.448321,-0.159038,0.760677,1.429300,0
29.220000,0.522660,-0.199065,-3.002421,-0.177016,-0.445359,-0.159039,0.741760,1.413800,0
29.240000,0.535657,-0.198385,-3.006306,-0.177492,-0.442396,-0.159040,0.753739,1.432700,0
29.260000,0.502514,-0.203953,-2.977823,-0.177967,-0.439433,-0.159041,0.720073,1.428200,0
29.280000,0.511752,-0.202721,-2.993538,-0.178442,-0.436471,-0.159041,0.728703,1.445000,0
29.300000,0.535989,-0.198904,-3.001201,-0.178917,-0.433509,-0.159042,0.752416,1.478100,0
29.320000,0.517020,-0.200978,-3.010656,-0.179393,-0.430546,-0.159043,0.733275,1.447800,0
29.340000,0.524419,-0.201134,-3.011627,-0.179868,-0.427584,-0.159043,0.739797,1.467300,0
29.360000,0.515109,-0.203146,-3.003390,-0.179938,-0.426889,-0.146440,0.730172,1.523700,0
29.380000,0.520279,-0.200956,-3.014110,-0.179910,-0.426717,-0.126441,0.735685,1.484100,0
29.400000,0.520053,-0.200444,-3.019327,-0.179909,-0.426720,-0.108439,0.735627,1.461200,0
29.420000,0.515324,-0.201722,-3.056141,-0.179907,-0.426722,-0.090450,0.730734,1.475300,0
29.440000,0.518535,-0.201001,-3.072527,-0.179906,-0.426725,-0.072461,0.734011,1.450600,0
29.460000,0.523971,-0.200090,-3.093958,-0.179904,-0.426727,-0.054471,0.739462,1.476900,0
29.480000,0.508268,-0.200209,-3.115110,-0.179903,-0.426728,-0.036482,0.724493,1.458400,0
29.500000,0.520930,-0.199181,-3.119617,-0.179901,-0.426729,-0.018492,0.736846,1.477900,0
29.520000,0.528804,-0.198152,-3.116327,-0.179900,-0.426730,-0.000504,0.744654,1.504200,0
29.540000,0.513165,-0.200166,3.124537,-0.179899,-0.426731,0.017484,0.729157,1.493300,0
29.560000,0.514615,-0.201195,3.125438,-0.179898,-0.426732,0.035471,0.730216,1.446200,0
29.580000,0.515721,-0.201370,3.090952,-0.179813,-0.424575,0.044975,0.730471,1.477400,0
29.600000,0.522400,-0.204272,3.093905,-0.179676,-0.421575,0.044972,0.734936,1.454300,0
29.620000,0.515055,-0.204266,3.100202,-0.179539,-0.418575,0.044968,0.726903,1.474400,0
29.640000,0.511545,-0.205086,3.101289,-0.179403,-0.415575,0.044961,0.722298,1.444000,0
29.660000,0.508787,-0.206534,3.097758,-0.179267,-0.412576,0.044956,0.718242,1.418200,0
29.680000,0.490325,-0.206130,3.079583,-0.179132,-0.409578,0.044951,0.699688,1.451200,0
29.700000,0.481625,-0.205807,3.071567,-0.178996,-0.406579,0.044948,0.690456,1.450000,0
29.720000,0.480925,-0.206767,3.074393,-0.178861,-0.403581,0.044945,0.688515,1.465300,0
29.740000,0.483891,-0.206691,3.070283,-0.178726,-0.400583,0.044942,0.690403,1.448100,0
29.760000,0.492814,-0.207895,3.075061,-0.178592,-0.397586,0.044940,0.697688,1.476300,0
29.780000,0.481006,-0.208743,3.071493,-0.178457,-0.394588,0.044939,0.685150,1.502000,0
29.800000,0.472320,-0.208946,3.072163,-0.178322,-0.391591,0.044938,0.675791,1.507500,0
29.820000,0.480142,-0.208763,3.076388,-0.178187,-0.388593,0.044937,0.682448,1.451400,0
29.840000,0.459581,-0.209130,3.072723,-0.178052,-0.385596,0.044936,0.661601,1.491900,0
29.860000,0.479687,-0.211708,3.091607,-0.177917,-0.382599,0.044936,0.679446,1.450900,0
29.880000,0.469583,-0.211585,3.056452,-0.177783,-0.379602,0.044936,0.668814,1.467200,0
29.900000,0.453505,-0.210450,3.080999,-0.177648,-0.376605,0.044936,0.652657,1.453400,0
29.920000,0.455393,-0.211040,3.077737,-0.177513,-0.373608,0.044935,0.653452,1.477400,0
29.940000,0.460631,-0.209944,3.083773,-0.177379,-0.370610,0.044935,0.657928,1.484400,0
29.960000,0.467488,-0.209570,3.092976,-0.177244,-0.367613,0.044935,0.663819,1.475000,0
29.980000,0.463374,-0.208041,3.094645,-0.177109,-0.364616,0.044935,0.659344,1.451300,0
30.000000,0.443782,-0.206353,3.081352,-0.176974,-0.361619,0.044935,0.639879,1.531300,0
30.020000,0.452210,-0.206628,3.074001,-0.176840,-0.358622,0.044935,0.647152,1.395500,0
30.040000,0.448244,-0.206199,3.081748,-0.176705,-0.355625,0.044935,0.642564,1.411500,0
30.060000,0.449531,-0.205782,3.073527,-0.176570,-0.352628,0.044935,0.643091,1.466700,0
30.080000,0.433744,-0.205219,3.075603,-0.176435,-0.349631,0.044935,0.627035,1.455100,0
30.100000,0.434847,-0.205292,3.078673,-0.176301,-0.346634,0.044935,0.627279,1.469500,0
30.120000,0.444055,-0.204080,3.084160,-0.176166,-0.343637,0.044935,0.635728,1.444900,0
30.140000,0.418183,-0.202024,3.059896,-0.176031,-0.340640,0.044935,0.610168,1.486000,0
30.160000,0.419764,-0.201758,3.084298,-0.175896,-0.337643,0.044935,0.610963,1.452700,0
30.180000,0.406084,-0.200266,3.068325,-0.175762,-0.334646,0.044935,0.597162,1.470200,0
30.200000,0.418989,-0.200948,3.080458,-0.175627,-0.331649,0.044935,0.608812,1.452400,0
30.220000,0.408516,-0.201205,3.098386,-0.175492,-0.328652,0.044935,0.597752,1.635900,0
30.240000,0.415199,-0.201503,3.085521,-0.175357,-0.325656,0.044935,0.603466,1.450900,0
30.260000,0.404692,-0.200255,3.066661,-0.175223,-0.322659,0.044935,0.592692,1.474000,0
30.280000,0.406429,-0.199292,3.088058,-0.175088,-0.319662,0.044935,0.593844,1.455400,0
30.300000,0.399368,-0.198978,3.099506,-0.174953,-0.316665,0.044935,0.586255,1.475900,0
30.320000,0.398146,-0.198708,3.076442,-0.174818,-0.313668,0.044935,0.584383,1.436500,0
30.340000,0.392311,-0.198567,3.089987,-0.174684,-0.310671,0.044935,0.577972,1.513600,0
30.360000,0.395196,-0.197707,3.072684,-0.174549,-0.307674,0.044935,0.580260,1.448700,0
30.380000,0.388168,-0.198165,3.093697,-0.174414,-0.304677,0.044935,0.572576,1.477100,0
30.400000,0.380688,-0.197946,3.088652,-0.174279,-0.301680,0.044935,0.564579,1.448800,0
30.420000,0.391602,-0.197688,3.081216,-0.174145,-0.298683,0.044935,0.574691,1.473000,0
30.440000,0.385826,-0.197334,3.098049,-0.174010,-0.295686,0.044935,0.568409,1.508600,0
30.460000,0.380576,-0.195226,3.094810,-0.173875,-0.292689,0.044935,0.562952,1.477700,0
30.480000,0.378795,-0.196481,3.098626,-0.173740,-0.289692,0.044935,0.560342,1.439000,0
30.500000,0.367703,-0.195494,3.098250,-0.173606,-0.286695,0.044935,0.548938,1.450500,0
30.520000,0.386992,-0.196101,3.082393,-0.173471,-0.283698,0.044935,0.567268,1.477800,0
30.540000,0.371575,-0.195307,3.080367,-0.173336,-0.280701,0.044935,0.551561,1.454800,0
30.560000,0.369157,-0.196584,3.103489,-0.173201,-0.277704,0.044935,0.548391,1.466400,0
30.580000,0.372001,-0.197063,3.094148,-0.173067,-0.274707,0.044935,0.550571,1.448400,0
30.600000,0.367345,-0.196877,3.085545,-0.172932,-0.271710,0.044935,0.545435,1.475600,0
30.620000,0.353052,-0.197409,3.097990,-0.172797,-0.268713,0.044935,0.530662,1.432700,0
30.640000,0.356431,-0.198523,3.096940,-0.172662,-0.265716,0.044935,0.533342,1.647000,0
30.660000,0.356202,-0.197941,3.085692,-0.172527,-0.262719,0.044935,0.532683,1.508300,0
30.680000,0.366321,-0.198040,3.085934,-0.172393,-0.259722,0.044935,0.542234,1.374400,0
30.700000,0.329410,-0.195698,3.095004,-0.172258,-0.256725,0.044935,0.505366,1.347600,0
30.720000,0.342297,-0.197190,3.089268,-0.172123,-0.253728,0.044935,0.517518,1.350800,0
30.740000,0.341973,-0.197090,3.107061,-0.171988,-0.250731,0.044935,0.516753,1.377800,0
30.760000,0.341331,-0.197554,3.096705,-0.171854,-0.247734,0.044935,0.515633,1.388000,0
30.780000,0.331406,-0.196229,3.091187,-0.171719,-0.244737,0.044935,0.505458,1.357000,0
30.800000,0.317073,-0.195047,3.079057,-0.171584,-0.241740,0.044935,0.490883,1.407500,0
30.820000,0.335719,-0.197420,3.111541,-0.171449,-0.238743,0.044935,0.508849,1.379200,0
30.840000,0.321298,-0.196298,3.107067,-0.171315,-0.235746,0.044935,0.494190,1.399600,0
30.860000,0.307961,-0.196609,3.116321,-0.171180,-0.232749,0.044935,0.480502,1.382700,0
30.880000,0.313771,-0.196269,3.088204,-0.171045,-0.229752,0.044935,0.485971,1.545900,0
30.900000,0.312939,-0.194584,3.063443,-0.170910,-0.226755,0.044935,0.484918,1.369500,0
30.920000,0.304457,-0.195120,3.106454,-0.170776,-0.223758,0.044935,0.476095,1.365500,0
30.940000,0.299685,-0.193827,3.096198,-0.170641,-0.220761,0.044935,0.471097,1.419700,0
30.960000,0.310787,-0.193660,3.078957,-0.170506,-0.217765,0.044935,0.481896,1.415500,0
30.980000,0.314668,-0.193850,3.073445,-0.170371,-0.214768,0.044935,0.485490,1.418400,0
31.000000,0.310352,-0.193619,3.114471,-0.170237,-0.211771,0.044935,0.480931,1.400200,0
31.020000,0.305352,-0.193846,3.106525,-0.170102,-0.208774,0.044935,0.475688,1.388700,0
31.040000,0.277511,-0.192487,3.083984,-0.169967,-0.205777,0.044935,0.447675,1.408600,0
31.060000,0.295948,-0.194129,3.100405,-0.169832,-0.202780,0.044935,0.465860,1.389600,0
31.080000,0.301685,-0.194191,3.055305,-0.169698,-0.199783,0.044935,0.471416,1.672000,0
31.100000,0.300803,-0.193201,3.080708,-0.169563,-0.196786,0.044935,0.470379,1.622600,0
31.120000,0.282841,-0.193475,3.089683,-0.169428,-0.193789,0.044935,0.452269,1.416700,0
31.140000,0.277831,-0.193150,3.105025,-0.169293,-0.190792,0.044935,0.447130,1.425700,0
31.160000,0.281495,-0.193252,3.102865,-0.169158,-0.187795,0.044935,0.450686,1.459700,0
31.180000,0.270778,-0.192778,3.105540,-0.169024,-0.184798,0.044935,0.439874,1.399500,0
31.200000,0.283355,-0.195172,3.104957,-0.168889,-0.181801,0.044935,0.452442,1.436400,0
31.220000,0.271521,-0.194111,3.072671,-0.168754,-0.178804,0.044935,0.440541,1.385000,0
31.240000,0.252357,-0.191997,3.079931,-0.168619,-0.175807,0.044935,0.421287,1.432700,0
31.260000,0.270102,-0.191939,3.098652,-0.168485,-0.172810,0.044935,0.439004,1.430700,0
31.280000,0.251841,-0.189984,3.069028,-0.168350,-0.169813,0.044935,0.420675,1.381400,0
31.300000,0.255423,-0.191282,3.063527,-0.168215,-0.166816,0.044935,0.424344,1.971000,0
31.320000,0.247757,-0.189674,3.076270,-0.168080,-0.163819,0.044935,0.416640,1.507800,0
31.340000,0.241172,-0.189150,3.088857,-0.167946,-0.160822,0.044935,0.410098,1.475000,0
31.360000,0.235241,-0.188434,3.078284,-0.167811,-0.157825,0.044935,0.404212,1.490700,0
31.380000,0.247914,-0.188422,3.088627,-0.167676,-0.154828,0.044935,0.416946,1.519100,0
31.400000,0.241946,-0.188832,3.091634,-0.167541,-0.151831,0.044935,0.411156,1.509100,0
31.420000,0.242891,-0.187798,3.093103,-0.167407,-0.148834,0.044935,0.412144,1.467200,0
31.440000,0.219807,-0.186264,3.086569,-0.167272,-0.145837,0.044935,0.389184,1.480400,0
31.460000,0.228670,-0.186000,3.103010,-0.167137,-0.142840,0.044935,0.398153,1.507800,0
31.480000,0.223684,-0.185851,3.081714,-0.167002,-0.139843,0.044935,0.393385,1.462900,0
31.500000,0.239091,-0.186909,3.072536,-0.166868,-0.136846,0.044935,0.409034,1.551200,0
31.520000,0.239091,-0.187139,3.081612,-0.166733,-0.133849,0.044935,0.409308,1.493000,0
31.540000,0.227468,-0.188293,3.116159,-0.166598,-0.130852,0.044935,0.398231,1.460500,0
31.560000,0.222974,-0.186561,3.102104,-0.166463,-0.127855,0.044935,0.393837,1.652300,0
31.580000,0.199367,-0.185291,3.110663,-0.166329,-0.124858,0.044935,0.370656,1.443700,0
31.600000,0.207495,-0.185722,3.100254,-0.166194,-0.121861,0.044935,0.379107,1.486500,0
31.620000,0.204204,-0.184355,3.104898,-0.166059,-0.118864,0.044935,0.376010,1.449200,0
31.640000,0.205660,-0.183971,3.087949,-0.165924,-0.115867,0.044935,0.377774,1.479800,0
31.660000,0.215054,-0.184006,3.089251,-0.165789,-0.112871,0.044935,0.387430,1.446900,0
31.680000,0.191114,-0.182741,3.102957,-0.165655,-0.109874,0.044935,0.364135,1.471200,0
31.700000,0.193331,-0.183106,3.073361,-0.165520,-0.106877,0.044935,0.366858,1.586200,0
31.720000,0.196309,-0.183624,3.085072,-0.165385,-0.103880,0.044935,0.370381,1.576000,0
31.740000,0.180617,-0.183436,3.096832,-0.165250,-0.100883,0.044935,0.355583,1.441100,0
31.760000,0.185427,-0.182557,3.092223,-0.165116,-0.097886,0.044935,0.360624,1.481300,0
31.780000,0.185689,-0.182860,3.092073,-0.164981,-0.094889,0.044935,0.361536,1.439500,0
31.800000,0.195204,-0.182607,3.105789,-0.164846,-0.091892,0.044935,0.371302,1.484600,0
31.820000,0.171467,-0.181153,3.067140,-0.164814,-0.091006,0.054966,0.348154,1.451800,0
31.840000,0.163683,-0.181116,3.052493,-0.164804,-0.090833,0.074963,0.340668,1.481000,0
31.860000,0.183694,-0.182836,3.039408,-0.164804,-0.090824,0.093088,0.360440,1.466000,0
31.880000,0.173136,-0.182528,3.006655,-0.164803,-0.090828,0.111077,0.350160,1.440400,0
31.900000,0.195624,-0.184453,3.000880,-0.164802,-0.090832,0.129084,0.372387,1.465300,0
31.920000,0.194168,-0.185689,2.982776,-0.164801,-0.090838,0.147117,0.371289,1.437300,0
31.940000,0.190036,-0.184278,2.972742,-0.164800,-0.090845,0.165160,0.366931,1.590500,0
31.960000,0.164763,-0.181622,2.944121,-0.164799,-0.090851,0.183207,0.341834,1.495200,0
31.980000,0.191293,-0.186216,2.936170,-0.164798,-0.090858,0.201254,0.368637,1.464700,0
32.000000,0.170103,-0.182141,2.914413,-0.164797,-0.090864,0.219298,0.347116,1.444700,0
32.020000,0.167960,-0.179738,2.905447,-0.164246,-0.088516,0.226016,0.344503,1.496500,0
32.040000,0.176091,-0.181289,2.903018,-0.163571,-0.085589,0.226016,0.352886,1.434400,0
32.060000,0.165008,-0.178844,2.908115,-0.162897,-0.082663,0.226013,0.341720,1.502500,0
32.080000,0.174538,-0.179690,2.913999,-0.162223,-0.079737,0.226008,0.351281,1.472200,0
32.100000,0.162111,-0.176948,2.903221,-0.161550,-0.076811,0.226004,0.338798,1.485500,0
32.120000,0.153187,-0.175168,2.904697,-0.160877,-0.073886,0.226001,0.329992,1.452100,0
32.140000,0.158225,-0.174546,2.899912,-0.160204,-0.070961,0.225998,0.334854,1.536500,0
32.160000,0.155568,-0.174251,2.910737,-0.159532,-0.068036,0.225995,0.332520,1.466000,0
32.180000,0.155894,-0.175489,2.914166,-0.158860,-0.065112,0.225993,0.333546,1.488100,0
32.200000,0.136173,-0.171119,2.901476,-0.158187,-0.062187,0.225991,0.313869,1.453700,0
32.220000,0.155805,-0.176830,2.910689,-0.157515,-0.059263,0.225990,0.334651,1.475700,0
32.240000,0.142083,-0.174153,2.899629,-0.156843,-0.056339,0.225989,0.321305,1.457200,0
32.260000,0.150829,-0.176725,2.900171,-0.156171,-0.053415,0.225988,0.330839,1.479600,0
32.280000,0.129832,-0.171585,2.897021,-0.155498,-0.050491,0.225988,0.309963,1.443600,0
32.300000,0.121217,-0.168940,2.890703,-0.154826,-0.047567,0.225988,0.301548,1.472100,0
32.320000,0.154524,-0.176952,2.908431,-0.154154,-0.044643,0.225987,0.335838,1.452500,0
32.340000,0.119519,-0.167780,2.890500,-0.153482,-0.041719,0.225987,0.300700,1.469100,0
32.360000,0.135019,-0.171348,2.892255,-0.152810,-0.038795,0.225987,0.316884,1.612600,0
32.380000,0.122554,-0.169123,2.922269,-0.152138,-0.035872,0.225987,0.305306,1.448800,0
32.400000,0.114356,-0.166627,2.911627,-0.151465,-0.032948,0.225987,0.297541,1.481300,0
32.420000,0.123445,-0.169029,2.898513,-0.151367,-0.032292,0.239012,0.306951,1.469600,0
32.440000,0.123463,-0.169813,2.896190,-0.151329,-0.032139,0.258823,0.307352,1.454300,0
32.460000,0.116134,-0.168682,2.871147,-0.151329,-0.032142,0.276825,0.300299,1.494300,0
32.480000,0.110191,-0.167893,2.853196,-0.151329,-0.032146,0.294821,0.294652,1.458600,0
32.500000,0.127509,-0.173352,2.843650,-0.151328,-0.032150,0.312827,0.312551,1.481400,0
32.520000,0.115292,-0.170708,2.808440,-0.151328,-0.032154,0.330838,0.300472,1.446900,0
32.540000,0.124199,-0.173610,2.803993,-0.151327,-0.032158,0.348853,0.309715,1.488100,0
32.560000,0.123440,-0.173498,2.786394,-0.151326,-0.032162,0.366869,0.308986,1.450600,0
32.580000,0.123497,-0.172666,2.766145,-0.151326,-0.032166,0.384885,0.308655,1.579700,0
32.600000,0.128346,-0.174054,2.758001,-0.151325,-0.032170,0.402901,0.313604,1.450900,0
32.620000,0.113310,-0.171047,2.714836,-0.151324,-0.032174,0.420915,0.298860,1.490000,0
32.640000,0.116935,-0.172657,2.689616,-0.151323,-0.032177,0.438927,0.302815,1.459000,0
32.660000,0.118414,-0.174694,2.691300,-0.151322,-0.032180,0.456938,0.305070,1.450700,0
32.680000,0.114858,-0.174847,2.672069,-0.151321,-0.032184,0.474947,0.302000,1.465500,0
32.700000,0.120038,-0.178365,2.656863,-0.150091,-0.029795,0.478516,0.308290,1.447900,0
32.720000,0.111899,-0.173359,2.662455,-0.148707,-0.027129,0.478514,0.298829,1.502000,0
32.740000,0.114532,-0.176336,2.666129,-0.147324,-0.024463,0.478510,0.302711,1.442300,0
32.760000,0.108710,-0.171389,2.668780,-0.145941,-0.021798,0.478504,0.295338,1.544500,0
32.780000,0.108898,-0.171525,2.666978,-0.144559,-0.019133,0.478499,0.295743,1.618100,0
32.800000,0.094446,-0.163506,2.649573,-0.143177,-0.016468,0.478495,0.279437,1.467500,0
32.820000,0.104801,-0.168845,2.664730,-0.141795,-0.013803,0.478491,0.291286,1.429000,0
32.840000,0.103863,-0.171023,2.663763,-0.140413,-0.011139,0.478488,0.291948,1.496500,0
32.860000,0.099541,-0.166598,2.674962,-0.139032,-0.008475,0.478486,0.286216,1.425600,0
32.880000,0.082263,-0.156417,2.655505,-0.137650,-0.005812,0.478484,0.266540,1.446000,0
32.900000,0.087361,-0.160487,2.641741,-0.136269,-0.003148,0.478483,0.273433,1.397100,0
32.920000,0.092217,-0.165519,2.690106,-0.134888,-0.000484,0.478482,0.280737,1.454300,0
32.940000,0.076198,-0.156687,2.656896,-0.133506,0.002179,0.478481,0.263086,1.489100,0
32.960000,0.081665,-0.160909,2.669813,-0.132125,0.004842,0.478481,0.270517,1.478700,0
32.980000,0.081663,-0.162164,2.650957,-0.130744,0.007506,0.478480,0.271854,1.454900,0
33.000000,0.066323,-0.155160,2.661291,-0.129362,0.010169,0.478480,0.256176,1.676400,0
33.020000,0.056527,-0.151058,2.643085,-0.127981,0.012832,0.478480,0.246786,1.445400,0
33.040000,0.068561,-0.158459,2.656152,-0.126600,0.015496,0.478480,0.261434,1.468500,0
33.060000,0.051869,-0.147581,2.649476,-0.125219,0.018159,0.478479,0.242549,1.445300,0
33.080000,0.065992,-0.153966,2.662936,-0.123837,0.020822,0.478479,0.258042,1.479600,0
33.100000,0.066896,-0.153526,2.656085,-0.122456,0.023485,0.478479,0.259205,1.437000,0
33.120000,0.038571,-0.137873,2.637995,-0.121075,0.026148,0.478479,0.228888,1.453200,0
33.140000,0.062326,-0.150534,2.662975,-0.119693,0.028811,0.478479,0.255530,1.473700,0
33.160000,0.060496,-0.149673,2.645541,-0.118312,0.031475,0.478479,0.254533,1.434500,0
33.180000,0.050348,-0.145631,2.648544,-0.116931,0.034138,0.478479,0.245559,1.443800,0
33.200000,0.045658,-0.143667,2.636587,-0.115550,0.036801,0.478479,0.241985,1.396100,0
33.220000,0.037852,-0.137304,2.628764,-0.114168,0.039464,0.478479,0.233146,1.536100,0
33.240000,0.041869,-0.139314,2.651374,-0.112787,0.042127,0.478479,0.238410,1.414800,0
33.260000,0.034578,-0.135680,2.644181,-0.111406,0.044790,0.478479,0.232122,1.498600,0
33.280000,0.033969,-0.136576,2.652784,-0.110024,0.047453,0.478479,0.233668,1.460600,0
33.300000,0.044075,-0.140770,2.641406,-0.108643,0.050116,0.478479,0.244459,1.492400,0
33.320000,0.033452,-0.135826,2.654878,-0.107262,0.052779,0.478479,0.235313,1.448000,0
33.340000,0.026352,-0.132797,2.653164,-0.105881,0.055442,0.478479,0.230043,1.476500,0
33.360000,0.027501,-0.132277,2.656959,-0.104499,0.058106,0.478479,0.231667,1.452500,0
33.380000,0.024634,-0.129760,2.639902,-0.103118,0.060769,0.478479,0.229395,1.431200,0
33.400000,0.013684,-0.125448,2.655500,-0.101737,0.063432,0.478479,0.221354,1.438100,0
33.420000,0.017086,-0.126656,2.658126,-0.100355,0.066095,0.478479,0.225711,1.515900,0
33.440000,0.011020,-0.123238,2.652182,-0.098974,0.068758,0.478479,0.221272,1.506200,0
33.460000,0.016027,-0.127668,2.675399,-0.097593,0.071421,0.478479,0.229229,1.491600,0
33.480000,0.010507,-0.124321,2.661128,-0.096212,0.074084,0.478479,0.225286,1.451700,0
33.500000,0.001273,-0.119426,2.659255,-0.094830,0.076747,0.478479,0.218448,1.476200,0
33.520000,0.012722,-0.125160,2.681197,-0.093449,0.079410,0.478479,0.230480,1.446800,0
33.540000,0.007046,-0.121342,2.655567,-0.092068,0.082073,0.478479,0.226277,1.487400,0
33.560000,0.012404,-0.124523,2.657465,-0.090686,0.084736,0.478479,0.233274,1.422500,0
33.580000,-0.014932,-0.110131,2.652933,-0.089305,0.087400,0.478479,0.211069,1.443700,0
33.600000,-0.010437,-0.110295,2.647122,-0.087924,0.090063,0.478479,0.214820,1.465400,0
33.620000,-0.024466,-0.102813,2.656304,-0.086543,0.092726,0.478479,0.205156,1.437400,0
33.640000,-0.013297,-0.108785,2.659886,-0.085161,0.095389,0.478479,0.216452,1.870700,0
33.660000,-0.014659,-0.107042,2.642112,-0.083780,0.098052,0.478479,0.216428,1.468400,0
33.680000,-0.029787,-0.101002,2.659282,-0.082399,0.100715,0.478479,0.208465,1.464500,0
33.700000,-0.032620,-0.098577,2.674094,-0.081017,0.103378,0.478479,0.207673,1.470100,0
33.720000,-0.009615,-0.111906,2.670043,-0.079636,0.106041,0.478479,0.228919,1.468800,0
33.740000,-0.029539,-0.100652,2.654086,-0.079619,0.106463,0.461008,0.213084,1.459900,0
33.760000,-0.014950,-0.107612,2.699004,-0.079616,0.106472,0.442873,0.223637,1.463400,0
33.780000,-0.023611,-0.102941,2.700121,-0.079618,0.106469,0.424884,0.216770,1.448700,0
33.800000,-0.034264,-0.098084,2.712769,-0.079620,0.106467,0.406893,0.209519,1.465100,0
33.820000,-0.029350,-0.100532,2.723726,-0.079623,0.106465,0.388900,0.213015,1.436900,0
33.840000,-0.026885,-0.102827,2.750963,-0.079626,0.106464,0.370906,0.215834,1.530300,0
33.860000,-0.016453,-0.106475,2.762282,-0.079628,0.106463,0.352913,0.222112,1.424300,0
33.880000,-0.039211,-0.096149,2.778808,-0.078615,0.108694,0.351931,0.208598,1.456500,0
33.900000,-0.048888,-0.092215,2.782942,-0.077580,0.111513,0.351932,0.205738,1.400800,0
33.920000,-0.037716,-0.097431,2.780637,-0.076545,0.114332,0.351938,0.215293,1.437800,0
33.940000,-0.026907,-0.102314,2.792239,-0.075509,0.117150,0.351942,0.224782,1.419700,0
33.960000,-0.035885,-0.098221,2.784253,-0.074474,0.119968,0.351945,0.221576,1.435600,0
33.980000,-0.036298,-0.097372,2.765813,-0.073440,0.122785,0.351947,0.223268,1.549200,0
34.000000,-0.037428,-0.095589,2.790586,-0.072405,0.125602,0.351949,0.223940,1.524000,0
34.020000,-0.056330,-0.088705,2.780755,-0.071370,0.128419,0.351950,0.217644,1.465900,0
34.040000,-0.059654,-0.085980,2.760306,-0.070336,0.131236,0.351951,0.217479,1.460100,0
34.060000,-0.043608,-0.093314,2.775132,-0.069301,0.134052,0.351952,0.228813,1.557900,0
34.080000,-0.061739,-0.086388,2.781898,-0.068267,0.136869,0.351953,0.223352,1.495200,0
34.100000,-0.062511,-0.086123,2.792460,-0.067232,0.139685,0.351953,0.225857,1.474600,0
34.120000,-0.057758,-0.087293,2.789453,-0.066198,0.142502,0.351953,0.229950,1.447500,0
34.140000,-0.067774,-0.082920,2.788724,-0.065163,0.145318,0.351954,0.228253,1.434300,0
34.160000,-0.060850,-0.085896,2.788630,-0.064129,0.148134,0.351954,0.234053,1.431500,0
34.180000,-0.078682,-0.079790,2.765006,-0.063095,0.150950,0.351954,0.231266,1.427300,0
34.200000,-0.044436,-0.092631,2.745211,-0.062060,0.153767,0.351954,0.247027,1.412500,0
34.220000,-0.060579,-0.088832,2.792022,-0.061026,0.156583,0.351954,0.245415,1.434200,0
34.240000,-0.063461,-0.086600,2.793442,-0.059992,0.159399,0.351954,0.246023,1.478200,0
34.260000,-0.063582,-0.087617,2.796457,-0.059940,0.159896,0.335759,0.247540,1.474800,0
34.280000,-0.067644,-0.086038,2.819374,-0.059959,0.159984,0.316677,0.246142,1.529300,0
34.300000,-0.079472,-0.081991,2.821703,-0.059961,0.159981,0.298690,0.242757,1.473600,0
34.320000,-0.074320,-0.083687,2.856773,-0.059963,0.159979,0.280700,0.244089,1.449200,0
34.340000,-0.072626,-0.084762,2.852682,-0.059965,0.159977,0.262709,0.245066,1.486300,0
34.360000,-0.052906,-0.090921,2.878641,-0.059967,0.159976,0.244718,0.250997,1.440900,0
34.380000,-0.082098,-0.081542,2.883205,-0.059969,0.159974,0.226727,0.242528,1.489400,0
34.400000,-0.078114,-0.082417,2.904931,-0.059971,0.159974,0.208736,0.243069,1.470400,0
34.420000,-0.059682,-0.087238,2.937302,-0.059974,0.159973,0.190745,0.247211,1.468800,0
34.440000,-0.066404,-0.083651,2.947620,-0.059976,0.159972,0.172755,0.243708,1.375100,0
34.460000,-0.075559,-0.080579,2.978101,-0.059978,0.159972,0.154766,0.241055,1.418100,0
34.480000,-0.075538,-0.081592,3.001268,-0.059600,0.162263,0.147071,0.244376,1.425000,0
34.500000,-0.091848,-0.077402,2.990425,-0.059161,0.165234,0.147074,0.244828,1.515000,0
34.520000,-0.092739,-0.076634,2.992876,-0.058723,0.168206,0.147083,0.247191,1.437900,0
34.540000,-0.084846,-0.076634,2.991818,-0.058283,0.171176,0.147090,0.249230,1.452700,0
34.560000,-0.084414,-0.077450,3.001151,-0.057844,0.174146,0.147095,0.252995,1.463300,0
34.580000,-0.093280,-0.075788,2.983684,-0.057404,0.177116,0.147099,0.255436,1.468600,0
34.600000,-0.103784,-0.073366,2.979580,-0.056965,0.180085,0.147102,0.257739,1.454800,0
34.620000,-0.083396,-0.077321,2.996051,-0.056906,0.180801,0.134775,0.259478,1.416200,0
34.640000,-0.105384,-0.075319,2.991638,-0.056932,0.180975,0.114772,0.260833,1.449500,0
34.660000,-0.086604,-0.078006,3.016376,-0.056933,0.180972,0.096779,0.260672,1.414000,0
34.680000,-0.101818,-0.073224,3.039903,-0.056934,0.180970,0.078792,0.258126,1.453800,0
34.700000,-0.076071,-0.075055,3.061339,-0.056936,0.180967,0.060804,0.256736,1.460900,0
34.720000,-0.094788,-0.073323,3.107070,-0.056936,0.180966,0.042815,0.257091,1.570000,0
34.740000,-0.089526,-0.074811,3.107098,-0.056937,0.180964,0.024827,0.257843,1.422400,0
34.760000,-0.101389,-0.074994,3.122245,-0.056938,0.180963,0.006839,0.259788,1.444500,0
34.780000,-0.103185,-0.075179,3.141221,-0.056913,0.183076,-0.003168,0.262368,1.483700,0
34.800000,-0.087868,-0.074148,-3.128649,-0.056925,0.186079,-0.003166,0.262061,1.477200,0
34.820000,-0.087442,-0.074068,-3.136507,-0.056936,0.189082,-0.003162,0.264912,1.490400,0
34.840000,-0.099978,-0.074166,-3.133340,-0.056947,0.192085,-0.003156,0.269706,1.443100,0
34.860000,-0.097986,-0.073531,3.129531,-0.056958,0.195087,-0.003152,0.271733,1.510100,0
34.880000,-0.108442,-0.072300,-3.140208,-0.056968,0.198088,-0.003148,0.275244,1.451000,0
34.900000,-0.098729,-0.071322,3.128503,-0.056978,0.201090,-0.003145,0.275593,1.484600,0
34.920000,-0.114100,-0.071462,3.137653,-0.056987,0.204091,-0.003142,0.281409,1.436800,0
34.940000,-0.127882,-0.070206,3.138440,-0.056997,0.207091,-0.003140,0.286214,1.519900,0
34.960000,-0.112495,-0.070914,-3.136837,-0.057006,0.210092,-0.003139,0.286432,1.435700,0
34.980000,-0.116646,-0.071261,-3.138911,-0.057015,0.213093,-0.003137,0.290540,1.394500,0
35.000000,-0.122690,-0.071046,3.124129,-0.057025,0.216093,-0.003136,0.294551,1.392000,0
35.020000,-0.124946,-0.071965,-3.140885,-0.057034,0.219093,-0.003136,0.298876,1.435300,0
35.040000,-0.122104,-0.072735,-3.134623,-0.057043,0.222094,-0.003135,0.301922,1.387500,0
35.060000,-0.125818,-0.073769,3.141120,-0.057052,0.225094,-0.003135,0.306672,1.435300,0
35.080000,-0.128056,-0.073395,-3.140835,-0.057062,0.228094,-0.003134,0.309735,1.445800,0
35.100000,-0.134926,-0.073010,3.128704,-0.057071,0.231094,-0.003134,0.313912,1.445100,0
35.120000,-0.143176,-0.071949,3.136136,-0.057080,0.234094,-0.003134,0.317923,1.436000,0
35.140000,-0.155709,-0.072656,3.134753,-0.057090,0.237094,-0.003134,0.325070,1.421700,0
35.160000,-0.144697,-0.072100,3.117756,-0.057099,0.240094,-0.003134,0.324251,1.572600,0
35.180000,-0.142499,-0.072274,3.126248,-0.057108,0.243094,-0.003134,0.326724,1.403100,0
35.200000,-0.172221,-0.069078,3.106692,-0.057110,0.244048,-0.012225,0.333614,1.426700,0
35.220000,-0.145606,-0.069409,-3.113300,-0.057113,0.244222,-0.032222,0.325876,1.462500,0
35.240000,-0.148741,-0.069254,-3.102105,-0.057114,0.244231,-0.050359,0.326601,1.475700,0
35.260000,-0.163183,-0.068967,-3.088625,-0.057115,0.244228,-0.068348,0.330668,1.435900,0
35.280000,-0.175780,-0.070954,-3.077881,-0.057116,0.244225,-0.086337,0.336777,1.460400,0
35.300000,-0.152548,-0.070821,-3.070339,-0.057117,0.244223,-0.104327,0.329181,1.440000,0
35.320000,-0.160679,-0.071570,-3.062943,-0.057369,0.246462,-0.112775,0.334391,1.451700,0
35.340000,-0.164434,-0.070315,-3.074054,-0.057709,0.249445,-0.112773,0.337100,1.433600,0
35.360000,-0.170982,-0.071012,-3.025911,-0.058049,0.252428,-0.112770,0.342590,1.455400,0
35.380000,-0.164802,-0.067464,-3.036822,-0.058388,0.255411,-0.112767,0.339959,1.626600,0
35.400000,-0.158491,-0.067595,-3.034329,-0.058727,0.258394,-0.112765,0.340913,1.406200,0
35.420000,-0.177363,-0.068616,-3.054433,-0.059065,0.261376,-0.112762,0.350555,1.398700,0
35.440000,-0.185901,-0.068568,-3.015172,-0.059403,0.264358,-0.112761,0.356149,1.414800,0
35.460000,-0.189304,-0.069591,-3.018324,-0.059741,0.267340,-0.112759,0.360983,1.458900,0
35.480000,-0.183264,-0.069834,-3.041174,-0.060079,0.270322,-0.112758,0.361774,1.392600,0
35.500000,-0.173505,-0.068829,-3.029665,-0.060417,0.273303,-0.112757,0.360337,1.471500,0
35.520000,-0.186960,-0.069999,-3.043400,-0.060754,0.276284,-0.112756,0.368564,1.408100,0
35.540000,-0.182712,-0.070121,-3.049878,-0.061092,0.279266,-0.112756,0.369949,1.431600,0
35.560000,-0.194720,-0.071906,-3.022693,-0.061430,0.282247,-0.112755,0.378405,1.386800,0
35.580000,-0.196675,-0.070699,-3.044513,-0.061767,0.285228,-0.112755,0.380637,1.605500,0
35.600000,-0.187192,-0.069428,-3.028982,-0.062105,0.288209,-0.112755,0.378882,1.529100,0
35.620000,-0.205054,-0.071747,-3.030337,-0.062442,0.291190,-0.112755,0.389951,1.532700,0
35.640000,-0.209002,-0.071185,-3.062791,-0.062780,0.294171,-0.112754,0.393530,1.483900,0
35.660000,-0.192670,-0.068848,-3.069484,-0.062847,0.294966,-0.124009,0.386283,1.466800,0
35.680000,-0.207121,-0.071696,-3.081568,-0.062869,0.295138,-0.144007,0.394177,1.421700,0
35.700000,-0.193031,-0.069596,-3.069058,-0.062869,0.295138,-0.162030,0.387264,1.423600,0
35.720000,-0.210861,-0.069485,-3.082393,-0.062870,0.295134,-0.180018,0.393508,1.411900,0
35.740000,-0.208634,-0.069099,-2.997864,-0.062870,0.295130,-0.198022,0.392314,1.484200,0
35.760000,-0.207811,-0.070111,-2.944333,-0.062871,0.295126,-0.216038,0.392945,1.442600,0
35.780000,-0.225341,-0.074715,-2.923674,-0.063413,0.297469,-0.222826,0.405884,1.492300,0
35.800000,-0.201025,-0.070716,-2.870395,-0.064078,0.300397,-0.222825,0.395574,1.524700,0
35.820000,-0.205902,-0.070557,-2.887389,-0.064743,0.303325,-0.222823,0.399642,1.491700,0
35.840000,-0.204980,-0.069150,-2.877586,-0.065407,0.306253,-0.222820,0.400510,1.429300,0
35.860000,-0.211003,-0.068364,-2.880267,-0.066071,0.309180,-0.222817,0.404406,1.448000,0
35.880000,-0.217420,-0.072579,-2.880479,-0.066735,0.312107,-0.222815,0.413145,1.418300,0
35.900000,-0.224723,-0.074234,-2.919997,-0.067399,0.315034,-0.222813,0.419857,1.441600,0
35.920000,-0.226550,-0.075853,-2.918350,-0.068062,0.317960,-0.222812,0.424508,1.415300,0
35.940000,-0.231721,-0.079481,-2.918870,-0.068725,0.320887,-0.222810,0.432276,1.411900,0
35.960000,-0.237558,-0.081093,-2.908314,-0.069388,0.323813,-0.222809,0.438441,1.500700,0
35.980000,-0.234375,-0.077555,-2.932271,-0.070051,0.326740,-0.222809,0.436414,1.430700,0
36.000000,-0.241302,-0.078745,-2.949982,-0.070714,0.329666,-0.222808,0.442606,1.482100,0
36.020000,-0.236284,-0.075377,-2.944136,-0.071377,0.332592,-0.222808,0.440037,1.560700,0
36.040000,-0.250356,-0.079447,-2.943205,-0.072040,0.335518,-0.222808,0.451656,1.635200,0
36.060000,-0.251121,-0.078564,-2.930128,-0.072703,0.338444,-0.222807,0.453573,1.420100,0
36.080000,-0.267324,-0.080810,-2.938891,-0.073366,0.341370,-0.222807,0.464603,1.415200,0
36.100000,-0.257934,-0.079461,-2.923279,-0.074029,0.344296,-0.222807,0.461942,1.417300,0
36.120000,-0.251147,-0.077586,-2.946089,-0.074692,0.347222,-0.222807,0.459998,1.454100,0
36.140000,-0.260255,-0.079780,-2.914639,-0.075355,0.350148,-0.222807,0.468003,1.420300,0
36.160000,-0.272450,-0.082195,-2.916780,-0.076018,0.353074,-0.222807,0.477540,1.461600,0
36.180000,-0.252684,-0.076071,-2.943859,-0.076680,0.356000,-0.222807,0.466544,1.435400,0
36.200000,-0.273513,-0.081848,-2.935261,-0.077343,0.358926,-0.222807,0.482457,1.464800,0
36.220000,-0.268528,-0.081508,-2.910168,-0.077442,0.359589,-0.235729,0.480708,1.412800,0
36.240000,-0.272479,-0.082659,-2.881104,-0.077480,0.359743,-0.255555,0.483471,1.516200,0
36.260000,-0.256522,-0.078723,-2.878836,-0.077480,0.359741,-0.273562,0.473610,1.436400,0
36.280000,-0.278946,-0.082928,-2.860643,-0.077480,0.359737,-0.291561,0.486355,1.400000,0
36.300000,-0.267921,-0.078179,-2.846109,-0.077481,0.359732,-0.309569,0.477529,1.460100,0
36.320000,-0.266508,-0.077242,-2.828365,-0.077481,0.359728,-0.327582,0.476103,1.406300,0
36.340000,-0.282163,-0.080644,-2.793161,-0.077482,0.359724,-0.345598,0.485611,1.464300,0
36.360000,-0.267262,-0.076373,-2.795822,-0.077483,0.359720,-0.363616,0.475598,1.436500,0
36.380000,-0.281990,-0.079915,-2.767744,-0.078404,0.362136,-0.368309,0.486679,1.490900,0
36.400000,-0.284355,-0.083749,-2.779688,-0.079487,0.364938,-0.368311,0.493245,1.458500,0
36.420000,-0.276755,-0.082643,-2.778758,-0.080569,0.367739,-0.368309,0.491257,1.511500,0
36.440000,-0.269616,-0.079429,-2.766290,-0.081650,0.370540,-0.368305,0.487651,1.476300,0
36.460000,-0.293153,-0.090074,-2.743049,-0.082731,0.373340,-0.368301,0.508950,1.566900,0
36.480000,-0.292563,-0.087095,-2.774426,-0.083812,0.376140,-0.368299,0.508098,1.616600,0
36.500000,-0.297820,-0.088106,-2.817664,-0.084892,0.378940,-0.368296,0.513294,1.484100,0
36.520000,-0.307918,-0.090410,-2.776762,-0.085973,0.381740,-0.368294,0.521714,1.404700,0
36.540000,-0.284290,-0.084186,-2.744300,-0.087053,0.384539,-0.368293,0.508533,1.447700,0
36.560000,-0.311025,-0.092682,-2.774859,-0.088133,0.387339,-0.368291,0.529246,1.418400,0
36.580000,-0.291486,-0.085109,-2.788902,-0.089214,0.390138,-0.368290,0.516502,1.433800,0
36.600000,-0.301958,-0.089641,-2.775275,-0.090294,0.392937,-0.368290,0.526957,1.440000,0
36.620000,-0.292709,-0.085496,-2.778411,-0.091374,0.395737,-0.368289,0.521652,1.438000,0
36.640000,-0.313141,-0.094438,-2.778567,-0.092454,0.398536,-0.368289,0.540116,1.448600,0
36.660000,-0.309370,-0.093389,-2.788573,-0.093534,0.401335,-0.368289,0.539757,1.401000,0
36.680000,-0.316117,-0.095849,-2.783490,-0.094614,0.404134,-0.368288,0.546851,1.817700,0
36.700000,-0.305642,-0.092374,-2.770436,-0.095694,0.406933,-0.368288,0.541651,1.480000,0
36.720000,-0.316270,-0.099046,-2.774490,-0.096774,0.409732,-0.368288,0.554106,1.450300,0
36.740000,-0.327872,-0.105102,-2.764742,-0.097854,0.412531,-0.368288,0.566438,1.438600,0
36.760000,-0.326876,-0.102739,-2.760046,-0.098934,0.415329,-0.368288,0.565997,1.477800,0
36.780000,-0.315328,-0.099440,-2.794207,-0.100014,0.418128,-0.368288,0.560568,1.439600,0
36.800000,-0.335870,-0.107887,-2.748832,-0.100204,0.418620,-0.383358,0.576843,1.483000,0
36.820000,-0.333290,-0.104188,-2.745693,-0.100239,0.418704,-0.402419,0.572476,1.464400,0
36.840000,-0.332931,-0.102909,-2.729581,-0.100238,0.418701,-0.420412,0.571159,1.487800,0
36.860000,-0.349520,-0.110079,-2.721812,-0.100238,0.418697,-0.438410,0.584590,1.479600,0
36.880000,-0.323633,-0.098908,-2.692308,-0.100238,0.418693,-0.456413,0.563752,1.489000,0
36.900000,-0.331799,-0.102224,-2.671936,-0.100238,0.418689,-0.474419,0.570062,1.460100,0
36.920000,-0.329743,-0.101416,-2.658787,-0.100239,0.418685,-0.492427,0.568486,1.440200,0
36.940000,-0.344231,-0.107755,-2.660136,-0.100239,0.418682,-0.510436,0.580231,1.416300,0
36.960000,-0.329308,-0.097217,-2.642619,-0.100240,0.418678,-0.528444,0.564464,1.435300,0
36.980000,-0.344438,-0.105683,-2.606232,-0.101611,0.421025,-0.531664,0.579988,1.484400,0
37.000000,-0.329872,-0.098172,-2.603999,-0.103134,0.423613,-0.531663,0.568919,1.441700,0
37.020000,-0.337995,-0.104292,-2.609862,-0.104657,0.426201,-0.531659,0.579542,1.409600,0
37.040000,-0.339894,-0.104805,-2.620586,-0.106180,0.428789,-0.531655,0.582532,1.420200,0
37.060000,-0.339773,-0.101418,-2.624723,-0.107702,0.431377,-0.531651,0.581143,1.442500,0
37.080000,-0.339424,-0.099906,-2.626381,-0.109223,0.433964,-0.531648,0.581386,1.417600,0
37.100000,-0.351648,-0.106245,-2.617170,-0.110745,0.436551,-0.531646,0.593853,1.541100,0
37.120000,-0.346687,-0.101141,-2.620811,-0.112266,0.439138,-0.531644,0.588943,1.464400,0
37.140000,-0.355424,-0.105129,-2.594098,-0.113787,0.441725,-0.531642,0.597861,1.473600,0
37.160000,-0.354039,-0.102827,-2.627206,-0.115308,0.444311,-0.531641,0.596952,1.459800,0
37.180000,-0.364712,-0.110391,-2.647842,-0.116829,0.446898,-0.531640,0.609932,1.474800,0
37.200000,-0.373086,-0.114966,-2.616769,-0.118350,0.449484,-0.531639,0.619269,1.457300,0
37.220000,-0.364688,-0.110492,-2.613476,-0.119871,0.452070,-0.531639,0.613524,1.471200,0
37.240000,-0.365916,-0.111599,-2.612139,-0.121392,0.454656,-0.531638,0.616795,1.451400,0
37.260000,-0.380921,-0.123006,-2.602252,-0.121602,0.455014,-0.548277,0.633525,1.443000,0
37.280000,-0.365386,-0.113456,-2.585788,-0.121628,0.455053,-0.566841,0.618564,1.404800,0
37.300000,-0.370603,-0.114983,-2.568412,-0.121627,0.455050,-0.584828,0.622034,1.429500,0
37.320000,-0.370193,-0.115060,-2.538965,-0.121626,0.455047,-0.602821,0.621939,1.523100,0
37.340000,-0.359384,-0.105928,-2.530479,-0.121625,0.455043,-0.620818,0.609277,1.427400,0
37.360000,-0.369048,-0.112284,-2.546991,-0.121625,0.455040,-0.638818,0.618930,1.443900,0
37.380000,-0.390309,-0.124942,-2.507876,-0.121625,0.455037,-0.656819,0.639193,1.431900,0
37.400000,-0.376070,-0.115248,-2.504301,-0.121626,0.455034,-0.674820,0.624470,1.439900,0
37.420000,-0.369134,-0.109547,-2.478712,-0.121626,0.455031,-0.692822,0.616448,1.417400,0
37.440000,-0.383697,-0.119128,-2.449909,-0.121626,0.455028,-0.710823,0.631139,1.479000,0
37.460000,-0.376913,-0.112619,-2.429266,-0.121627,0.455026,-0.728823,0.622408,1.468400,0
37.480000,-0.373128,-0.108642,-2.421767,-0.121627,0.455023,-0.746822,0.617229,1.427700,0
37.500000,-0.376773,-0.111630,-2.394453,-0.121628,0.455020,-0.764820,0.621443,1.435200,0
37.520000,-0.372984,-0.109099,-2.362713,-0.121629,0.455018,-0.782817,0.617581,1.434900,0
37.540000,-0.372949,-0.106732,-2.346163,-0.121630,0.455016,-0.800813,0.615404,1.572100,0
37.560000,-0.392867,-0.124650,-2.336172,-0.121630,0.455013,-0.818809,0.639983,1.487500,0
37.580000,-0.374151,-0.105308,-2.315648,-0.121631,0.455011,-0.836803,0.614592,1.448200,0
37.600000,-0.386142,-0.117371,-2.290885,-0.121632,0.455009,-0.854796,0.630543,1.467300,0
37.620000,-0.380226,-0.109340,-2.275827,-0.121632,0.455007,-0.872789,0.620772,1.478700,0
37.640000,-0.380874,-0.107799,-2.277586,-0.121633,0.455005,-0.890781,0.619641,1.457900,0
37.660000,-0.381086,-0.108501,-2.240106,-0.121634,0.455003,-0.908772,0.620364,1.479600,0
37.680000,-0.381154,-0.107533,-2.240664,-0.123713,0.456821,-0.909301,0.620300,1.499400,0
37.700000,-0.389457,-0.115261,-2.250181,-0.126084,0.458666,-0.909293,0.631472,1.424200,0
37.720000,-0.383903,-0.105253,-2.234902,-0.128454,0.460512,-0.909283,0.620761,1.376200,0
37.740000,-0.387724,-0.108436,-2.241709,-0.130823,0.462357,-0.909275,0.625942,1.461100,0
37.760000,-0.389245,-0.111431,-2.255969,-0.133191,0.464201,-0.909269,0.630012,1.495500,0
37.780000,-0.390586,-0.111385,-2.251803,-0.135560,0.466046,-0.909265,0.631241,1.459700,0
37.800000,-0.394723,-0.119324,-2.240822,-0.137928,0.467890,-0.909262,0.640909,1.402000,0
37.820000,-0.392635,-0.117702,-2.226352,-0.140296,0.469734,-0.909260,0.639340,1.446400,0
37.840000,-0.399863,-0.128262,-2.237333,-0.142663,0.471578,-0.909258,0.652656,1.413400,0
37.860000,-0.396606,-0.122900,-2.240126,-0.145031,0.473422,-0.909257,0.647217,1.453800,0
37.880000,-0.402314,-0.131267,-2.241036,-0.147398,0.475265,-0.909256,0.657923,1.467200,0
37.900000,-0.407028,-0.137060,-2.243570,-0.149766,0.477109,-0.909255,0.665873,1.465800,0
37.920000,-0.400730,-0.130220,-2.247606,-0.152133,0.478952,-0.909255,0.657945,1.477900,0
37.940000,-0.413630,-0.148449,-2.233131,-0.154500,0.480795,-0.909254,0.680512,1.450800,0
37.960000,-0.402076,-0.134380,-2.242922,-0.156867,0.482639,-0.909254,0.663958,1.467700,0
37.980000,-0.402272,-0.133644,-2.243651,-0.159235,0.484482,-0.909253,0.664189,1.578700,0
38.000000,-0.414587,-0.147439,-2.244188,-0.161602,0.486325,-0.909253,0.682392,1.476400,0
38.020000,-0.423436,-0.157430,-2.231610,-0.163969,0.488168,-0.909253,0.695787,1.432600,0
38.040000,-0.420348,-0.154631,-2.249473,-0.166336,0.490011,-0.909253,0.692882,1.407000,0
38.060000,-0.423929,-0.162968,-2.241940,-0.168703,0.491855,-0.909253,0.702804,1.434300,0
38.080000,-0.422280,-0.162449,-2.211849,-0.171071,0.493698,-0.909253,0.702592,1.468600,0
38.100000,-0.423781,-0.168172,-2.205393,-0.173438,0.495541,-0.909252,0.709357,1.405600,0
38.120000,-0.418512,-0.160819,-2.235152,-0.175805,0.497384,-0.909252,0.701525,1.458500,0
38.140000,-0.424523,-0.166063,-2.235378,-0.178172,0.499227,-0.909252,0.709436,1.459000,0
38.160000,-0.426469,-0.166279,-2.242479,-0.180539,0.501070,-0.909252,0.711222,1.419200,0
38.180000,-0.424036,-0.161297,-2.245813,-0.182906,0.502913,-0.909252,0.706625,1.437100,0
38.200000,-0.433171,-0.172152,-2.226738,-0.185273,0.504756,-0.909252,0.720873,1.628300,0
38.220000,-0.421291,-0.157717,-2.238794,-0.187641,0.506599,-0.909252,0.704208,1.507900,0
38.240000,-0.433776,-0.173763,-2.248134,-0.190008,0.508442,-0.909252,0.724449,1.458800,0
38.260000,-0.441324,-0.185213,-2.220115,-0.192375,0.510285,-0.909252,0.738711,1.484600,0
38.280000,-0.439205,-0.181518,-2.248716,-0.194742,0.512128,-0.909252,0.735464,1.469900,0
38.300000,-0.439207,-0.181257,-2.243760,-0.197109,0.513971,-0.909252,0.736175,1.490700,0
38.320000,-0.440372,-0.181724,-2.231694,-0.199476,0.515814,-0.909252,0.737964,1.425700,0
38.340000,-0.447722,-0.189100,-2.228381,-0.199772,0.515977,-0.926467,0.747404,1.465900,0
38.360000,-0.439312,-0.178764,-2.184101,-0.199769,0.515974,-0.944452,0.734876,1.894900,0
38.380000,-0.442983,-0.181890,-2.180364,-0.199767,0.515971,-0.962441,0.739029,1.399900,0
38.400000,-0.442969,-0.181149,-2.164016,-0.199765,0.515968,-0.980433,0.738322,1.684300,0
38.420000,-0.445355,-0.181172,-2.167054,-0.199763,0.515965,-0.998427,0.739132,1.406100,0
38.440000,-0.441761,-0.175374,-2.134554,-0.199763,0.515962,-1.016423,0.732468,1.450900,0
38.460000,-0.451780,-0.183101,-2.126501,-0.199762,0.515959,-1.034418,0.743100,1.438700,0
38.480000,-0.452356,-0.180521,-2.106871,-0.199762,0.515956,-1.052414,0.740867,1.631600,0
38.500000,-0.449108,-0.175129,-2.099459,-0.201899,0.517440,-1.052511,0.735366,1.407300,0
38.520000,-0.449281,-0.171577,-2.135467,-0.204508,0.518928,-1.052504,0.732606,1.432900,0
38.540000,-0.448102,-0.169130,-2.130983,-0.207117,0.520416,-1.052498,0.730444,1.453100,0
38.560000,-0.462933,-0.193147,-2.109031,-0.209724,0.521904,-1.052493,0.758559,1.456800,0
38.580000,-0.459539,-0.184410,-2.100384,-0.212332,0.523391,-1.052490,0.749729,1.429700,0
38.600000,-0.455370,-0.179749,-2.109695,-0.214939,0.524879,-1.052487,0.744518,1.408300,0
38.620000,-0.459410,-0.187213,-2.114413,-0.217546,0.526366,-1.052485,0.753455,1.547400,0
38.640000,-0.467040,-0.199187,-2.105212,-0.220153,0.527853,-1.052484,0.767815,1.443200,0
38.660000,-0.461738,-0.195116,-2.078289,-0.220533,0.527887,-1.069616,0.762176,1.503900,0
38.680000,-0.462482,-0.198504,-2.050519,-0.220531,0.527885,-1.087605,0.765625,1.455300,0
38.700000,-0.454121,-0.186122,-2.063803,-0.220528,0.527882,-1.105593,0.751243,1.489800,0
38.720000,-0.458832,-0.193612,-2.028687,-0.220526,0.527880,-1.123583,0.759830,1.437600,0
38.740000,-0.452612,-0.179394,-2.027387,-0.220524,0.527878,-1.141575,0.744378,1.490300,0
38.760000,-0.458227,-0.186664,-2.023063,-0.220523,0.527875,-1.159568,0.753040,1.449400,0
38.780000,-0.466932,-0.201562,-1.983653,-0.220522,0.527873,-1.177561,0.769931,1.486400,0
38.800000,-0.461961,-0.185937,-1.964253,-0.220522,0.527871,-1.195553,0.753535,1.444400,0
38.820000,-0.468023,-0.198837,-1.941836,-0.220521,0.527868,-1.213545,0.767696,1.663200,0
38.840000,-0.461871,-0.188258,-1.929886,-0.220521,0.527866,-1.231537,0.755701,1.556300,0
38.860000,-0.462083,-0.182343,-1.910159,-0.220521,0.527864,-1.249527,0.750164,1.427600,0
38.880000,-0.466123,-0.194314,-1.884385,-0.220521,0.527862,-1.267517,0.762796,1.441500,0
38.900000,-0.468708,-0.198269,-1.865478,-0.220521,0.527860,-1.285506,0.767372,1.448600,0
38.920000,-0.469659,-0.198244,-1.857911,-0.220521,0.527858,-1.303495,0.767655,1.416500,0
38.940000,-0.467252,-0.193674,-1.839785,-0.220521,0.527856,-1.321482,0.762550,1.443400,0
38.960000,-0.466899,-0.186438,-1.835908,-0.220521,0.527854,-1.339469,0.755589,1.410800,0
38.980000,-0.465113,-0.179011,-1.826293,-0.220521,0.527852,-1.357456,0.747984,1.499800,0
39.000000,-0.466875,-0.182291,-1.793041,-0.222859,0.528384,-1.364329,0.751401,1.465400,0
39.020000,-0.471375,-0.208995,-1.768580,-0.225799,0.528998,-1.364326,0.777779,1.464500,0
39.040000,-0.468523,-0.197836,-1.806346,-0.228739,0.529613,-1.364314,0.765950,1.519500,0
39.060000,-0.472645,-0.216709,-1.797722,-0.231679,0.530228,-1.364305,0.784844,1.456000,0
39.080000,-0.466483,-0.195915,-1.803232,-0.234617,0.530843,-1.364299,0.762849,1.443400,0
39.100000,-0.469739,-0.206777,-1.800289,-0.237555,0.531459,-1.364294,0.773887,1.399500,0
39.120000,-0.468001,-0.195006,-1.809576,-0.240493,0.532074,-1.364292,0.761843,1.450000,0
39.140000,-0.477402,-0.225373,-1.796582,-0.243431,0.532690,-1.364290,0.793349,1.418500,0
39.160000,-0.478424,-0.236187,-1.765928,-0.246368,0.533305,-1.364289,0.803721,1.478000,0
39.180000,-0.475578,-0.221783,-1.780578,-0.249305,0.533920,-1.364288,0.788852,1.464600,0
39.200000,-0.476236,-0.234482,-1.787220,-0.252242,0.534536,-1.364287,0.800975,1.591700,0
39.220000,-0.475283,-0.223315,-1.794301,-0.255179,0.535151,-1.364286,0.789757,1.532700,0
39.240000,-0.480405,-0.251293,-1.779266,-0.258115,0.535767,-1.364285,0.817849,1.472500,0
39.260000,-0.476135,-0.239933,-1.774586,-0.261052,0.536382,-1.364285,0.805559,1.506900,0
39.280000,-0.477375,-0.245329,-1.784616,-0.263988,0.536997,-1.364284,0.810905,1.587200,0
39.300000,-0.476819,-0.241863,-1.782454,-0.266925,0.537613,-1.364284,0.807241,1.501500,0
39.320000,-0.475155,-0.232955,-1.792439,-0.269861,0.538228,-1.364283,0.798041,1.445500,0
39.340000,-0.481887,-0.262938,-1.801915,-0.272797,0.538843,-1.364283,0.828596,1.394700,0
39.360000,-0.479711,-0.254350,-1.771438,-0.275734,0.539458,-1.364283,0.819596,1.450000,0
39.380000,-0.477941,-0.243940,-1.784879,-0.278670,0.540074,-1.364283,0.808942,1.429700,0
39.400000,-0.481790,-0.256074,-1.790275,-0.281606,0.540689,-1.364283,0.821526,1.427100,0
39.420000,-0.482645,-0.247917,-1.796834,-0.284543,0.541304,-1.364283,0.813703,1.434000,0
39.440000,-0.483749,-0.246973,-1.814948,-0.287479,0.541919,-1.364283,0.812940,1.435400,0
39.460000,-0.483737,-0.244126,-1.815953,-0.290415,0.542534,-1.364283,0.810066,1.472300,0
39.480000,-0.487368,-0.266276,-1.788606,-0.293351,0.543150,-1.364283,0.832354,1.572500,0
39.500000,-0.485845,-0.264045,-1.787855,-0.296288,0.543765,-1.364283,0.829753,1.478800,0
39.520000,-0.488126,-0.270291,-1.802853,-0.299224,0.544380,-1.364283,0.836285,1.472400,0
39.540000,-0.489915,-0.275467,-1.804048,-0.302160,0.544995,-1.364282,0.841671,1.476600,0
39.560000,-0.492703,-0.287871,-1.785702,-0.305097,0.545610,-1.364282,0.854334,2.101500,0
39.580000,-0.488828,-0.268277,-1.818168,-0.308033,0.546225,-1.364282,0.834326,2.710000,0
39.600000,-0.491416,-0.284769,-1.796127,-0.310969,0.546840,-1.364282,0.850961,2.899000,0
39.620000,-0.490739,-0.282539,-1.795469,-0.313905,0.547456,-1.364282,0.848624,3.110800,0
39.640000,-0.492112,-0.291994,-1.791173,-0.316842,0.548071,-1.364282,0.858154,1.651200,0
39.660000,-0.492783,-0.291733,-1.794838,-0.319778,0.548686,-1.364282,0.858042,1.316000,0
39.680000,-0.494573,-0.296822,-1.798826,-0.322714,0.549301,-1.364282,0.863400,1.301900,0
39.700000,-0.496512,-0.300035,-1.790409,-0.325650,0.549916,-1.364282,0.866955,1.429600,0
39.720000,-0.495947,-0.302314,-1.794233,-0.328587,0.550531,-1.364282,0.869111,1.311300,0
39.740000,-0.492873,-0.285606,-1.794033,-0.331523,0.551147,-1.364282,0.852168,1.324700,0
39.760000,-0.495107,-0.298646,-1.801007,-0.334459,0.551762,-1.364282,0.865449,1.331800,0
39.780000,-0.495327,-0.299116,-1.789643,-0.337395,0.552377,-1.364282,0.866016,1.403500,0
39.800000,-0.500681,-0.321542,-1.793733,-0.340332,0.552992,-1.364282,0.889113,1.393800,0
39.820000,-0.502099,-0.331362,-1.786167,-0.343268,0.553607,-1.364282,0.899109,1.436200,0
39.840000,-0.495681,-0.310374,-1.792857,-0.346204,0.554222,-1.364282,0.877422,1.521200,0
39.860000,-0.503026,-0.340101,-1.776780,-0.349140,0.554837,-1.364282,0.908072,1.554800,0
39.880000,-0.498331,-0.316847,-1.796044,-0.349773,0.554919,-1.377692,0.884333,1.504300,0
39.900000,-0.498937,-0.321617,-1.789655,-0.349941,0.554882,-1.397663,0.889073,1.516600,0
39.920000,-0.498071,-0.312071,-1.763540,-0.349937,0.554881,-1.415651,0.879517,1.513400,0
39.940000,-0.494951,-0.304078,-1.738924,-0.349935,0.554879,-1.433640,0.871113,1.542000,0
39.960000,-0.496581,-0.308740,-1.726233,-0.349932,0.554877,-1.451631,0.875980,1.507200,0
39.980000,-0.500076,-0.328595,-1.681194,-0.349931,0.554875,-1.469621,0.896138,1.545200,0
40.000000,-0.500476,-0.327101,-1.683729,-0.352175,0.555167,-1.478018,0.894645,1.574600,0
40.020000,-0.502843,-0.328959,-1.689480,-0.355165,0.555443,-1.478016,0.896647,1.554300,0
40.040000,-0.499753,-0.313908,-1.694483,-0.358155,0.555720,-1.478010,0.881081,1.623100,0
40.060000,-0.500926,-0.331050,-1.672023,-0.361144,0.555996,-1.478007,0.897992,1.625800,0
40.080000,-0.502019,-0.340758,-1.669992,-0.364133,0.556274,-1.478004,0.907568,1.604300,0
40.100000,-0.500789,-0.335908,-1.681208,-0.367122,0.556551,-1.478002,0.902413,1.740900,0
40.120000,-0.502154,-0.337140,-1.691643,-0.370110,0.556829,-1.478000,0.903668,1.547900,0
40.140000,-0.502490,-0.334335,-1.690798,-0.373098,0.557106,-1.477999,0.900782,1.610200,0
40.160000,-0.504227,-0.352064,-1.697167,-0.376086,0.557384,-1.477997,0.918431,1.588000,0
40.180000,-0.503539,-0.342704,-1.686110,-0.379074,0.557662,-1.477996,0.908928,1.624700,0
40.200000,-0.506350,-0.356273,-1.693418,-0.382061,0.557940,-1.477996,0.922623,1.611900,0
40.220000,-0.503907,-0.334134,-1.690608,-0.382845,0.557885,-1.489429,0.900196,1.585900,0
40.240000,-0.504060,-0.345758,-1.666906,-0.383019,0.557869,-1.509429,0.911697,1.638500,0
40.260000,-0.505696,-0.359202,-1.642065,-0.383017,0.557868,-1.527441,0.925240,1.731600,0
40.280000,-0.505539,-0.336549,-1.633137,-0.383014,0.557867,-1.545429,0.902770,1.596200,0
40.300000,-0.506872,-0.357155,-1.625541,-0.383012,0.557866,-1.563417,0.923366,1.662100,0
40.320000,-0.507504,-0.346214,-1.605525,-0.383010,0.557864,-1.581407,0.912609,1.659700,0
40.340000,-0.508698,-0.352307,-1.641342,-0.383008,0.557863,-1.599396,0.918807,1.605900,0
40.360000,-0.509152,-0.359346,-1.581233,-0.383007,0.557862,-1.617384,0.925842,1.701000,0
40.380000,-0.509193,-0.358165,-1.549877,-0.383006,0.557860,-1.635373,0.924675,1.631400,0
40.400000,-0.510653,-0.330375,-1.563733,-0.383005,0.557859,-1.653360,0.897360,1.606700,0
40.420000,-0.511428,-0.357587,-1.488950,-0.383004,0.557857,-1.671347,0.924408,1.625800,0
40.440000,-0.512718,-0.358264,-1.466886,-0.383004,0.557856,-1.689334,0.925257,1.651800,0
40.460000,-0.511785,-0.342491,-1.479066,-0.382998,0.557855,-1.707377,0.909510,1.607000,0
40.480000,-0.513294,-0.351322,-1.440384,-0.382992,0.557853,-1.725426,0.918465,1.634600,0
40.500000,-0.512755,-0.349724,-1.420869,-0.382986,0.557852,-1.743473,0.916806,1.594000,0
40.520000,-0.512288,-0.353040,-1.416305,-0.382980,0.557851,-1.761516,0.920023,1.620500,0
40.540000,-0.512989,-0.346444,-1.377966,-0.382975,0.557850,-1.779554,0.913592,1.613600,0
40.560000,-0.514313,-0.353319,-1.363754,-0.382970,0.557849,-1.797588,0.920585,1.588400,0
40.580000,-0.520289,-0.326552,-1.397359,-0.382965,0.557847,-1.815618,0.894997,1.619000,0
40.600000,-0.512061,-0.357684,-1.330276,-0.382961,0.557846,-1.833644,0.924588,1.590300,0
40.620000,-0.511238,-0.359109,-1.296887,-0.382957,0.557845,-1.851667,0.925884,1.632200,0
40.640000,-0.515167,-0.334811,-1.325456,-0.382953,0.557844,-1.869687,0.902393,1.662900,0
40.660000,-0.513973,-0.344833,-1.281165,-0.382950,0.557843,-1.887704,0.912136,1.602900,0
40.680000,-0.510236,-0.358475,-1.250214,-0.382946,0.557841,-1.905718,0.925115,1.628700,0
40.700000,-0.515884,-0.347250,-1.239213,-0.382943,0.557840,-1.923731,0.914801,1.634500,0
40.720000,-0.511800,-0.363731,-1.208459,-0.382940,0.557839,-1.941741,0.930535,1.595900,0
40.740000,-0.520511,-0.340637,-1.208418,-0.382937,0.557838,-1.959750,0.908947,1.618000,0
40.760000,-0.521129,-0.337308,-1.185617,-0.382934,0.557837,-1.977757,0.905749,1.593700,0
40.780000,-0.505738,-0.377360,-1.159241,-0.382932,0.557836,-1.995763,0.943225,1.624300,0
40.800000,-0.520987,-0.344755,-1.153061,-0.382929,0.557835,-2.013767,0.913088,1.628400,0
40.820000,-0.531380,-0.323559,-1.162283,-0.382926,0.557833,-2.031771,0.893807,1.593500,0
40.840000,-0.532106,-0.331810,-1.147996,-0.382924,0.557832,-2.049773,0.902063,1.707500,0
40.860000,-0.529113,-0.338343,-1.090669,-0.382921,0.557831,-2.067774,0.908019,1.628400,0
40.880000,-0.512139,-0.373723,-1.085984,-0.385294,0.556543,-2.071205,0.938874,1.605600,0
40.900000,-0.510695,-0.389149,-1.074089,-0.387929,0.555102,-2.071202,0.952198,1.656300,0
40.920000,-0.520386,-0.368816,-1.074127,-0.390564,0.553660,-2.071195,0.931566,1.656000,0
40.940000,-0.519663,-0.368400,-1.074309,-0.393199,0.552220,-2.071186,0.929265,1.685300,0
40.960000,-0.521432,-0.367977,-1.080599,-0.395833,0.550779,-2.071180,0.927301,1.624500,0
40.980000,-0.519203,-0.372616,-1.097720,-0.398467,0.549339,-2.071174,0.929827,1.626000,0
41.000000,-0.513105,-0.382361,-1.066738,-0.401100,0.547900,-2.071170,0.936980,1.603200,0
41.020000,-0.514219,-0.378998,-1.093208,-0.403734,0.546460,-2.071166,0.932030,2.008100,0
41.040000,-0.515172,-0.375299,-1.086163,-0.406367,0.545021,-2.071164,0.926729,1.658400,0
41.060000,-0.514339,-0.375235,-1.066789,-0.406747,0.544813,-2.087558,0.926318,1.634000,0
41.080000,-0.513487,-0.378941,-1.057180,-0.406799,0.544782,-2.106274,0.929864,1.593800,0
41.100000,-0.502809,-0.398077,-1.012383,-0.406796,0.544783,-2.124261,0.947736,1.633200,0
41.120000,-0.503559,-0.396795,-0.984161,-0.406793,0.544784,-2.142252,0.946538,1.611900,0
41.140000,-0.516459,-0.378468,-0.993410,-0.406790,0.544784,-2.160248,0.929742,1.647400,0
41.160000,-0.506194,-0.397634,-0.947716,-0.406787,0.544785,-2.178247,0.947647,1.636800,0
41.180000,-0.511582,-0.387400,-0.950853,-0.406784,0.544784,-2.196248,0.938057,1.592200,0
41.200000,-0.504936,-0.393886,-0.951245,-0.406781,0.544784,-2.214249,0.943788,1.667200,0
41.220000,-0.509726,-0.390373,-0.925282,-0.406778,0.544784,-2.232250,0.940806,1.686300,0
41.240000,-0.516015,-0.381131,-0.911654,-0.406775,0.544783,-2.250251,0.932336,1.596900,0
41.260000,-0.516250,-0.382596,-0.897088,-0.406772,0.544783,-2.268251,0.933819,1.626400,0
41.280000,-0.516587,-0.386948,-0.876643,-0.406770,0.544782,-2.286250,0.938180,1.619600,0
41.300000,-0.518319,-0.382275,-0.887691,-0.406767,0.544782,-2.304248,0.933745,1.628900,0
41.320000,-0.508943,-0.392903,-0.832536,-0.406765,0.544781,-2.322246,0.943235,1.646800,0
41.340000,-0.504849,-0.396911,-0.803438,-0.406763,0.544780,-2.340242,0.946786,1.588100,0
41.360000,-0.511739,-0.387468,-0.809024,-0.406760,0.544780,-2.358237,0.938141,1.629100,0
41.380000,-0.515063,-0.385198,-0.794616,-0.406758,0.544779,-2.376232,0.936263,1.633700,0
41.400000,-0.518012,-0.384784,-0.760472,-0.406756,0.544778,-2.394226,0.936196,1.891600,0
41.420000,-0.525436,-0.376780,-0.759792,-0.406754,0.544777,-2.412219,0.929167,1.554000,0
41.440000,-0.508155,-0.396446,-0.731268,-0.406752,0.544777,-2.430211,0.946669,1.454200,0
41.460000,-0.534623,-0.371364,-0.726925,-0.406750,0.544776,-2.448203,0.925022,1.339200,0
41.480000,-0.520157,-0.383889,-0.708775,-0.408590,0.542693,-2.449613,0.933275,1.330400,0
41.500000,-0.517241,-0.387000,-0.695196,-0.410507,0.540379,-2.449606,0.933501,1.318900,0
41.520000,-0.517356,-0.382901,-0.716650,-0.412423,0.538067,-2.449596,0.926927,1.405200,0
41.540000,-0.506282,-0.395378,-0.692544,-0.414339,0.535755,-2.449588,0.935661,1.361900,0
41.560000,-0.503635,-0.397509,-0.703799,-0.416255,0.533443,-2.449582,0.935043,1.318200,0
41.580000,-0.492694,-0.408307,-0.703601,-0.418171,0.531132,-2.449578,0.942390,1.370300,0
41.600000,-0.502957,-0.403848,-0.691399,-0.420087,0.528822,-2.449574,0.936345,1.366100,0
41.620000,-0.514098,-0.395629,-0.731398,-0.422002,0.526511,-2.449572,0.926727,1.869500,0
41.640000,-0.497951,-0.412404,-0.721521,-0.423917,0.524201,-2.449570,0.939527,1.386400,0
41.660000,-0.494568,-0.414698,-0.688694,-0.425832,0.521891,-2.449569,0.939107,1.365600,0
41.680000,-0.494212,-0.415254,-0.704085,-0.427747,0.519580,-2.449568,0.937194,1.364200,0
41.700000,-0.496189,-0.410367,-0.695264,-0.429662,0.517270,-2.449568,0.930019,1.356900,0
41.720000,-0.481755,-0.421290,-0.697594,-0.431576,0.514960,-2.449567,0.937593,1.350900,0
41.740000,-0.478357,-0.423579,-0.705554,-0.433491,0.512650,-2.449566,0.937303,1.351800,0
41.760000,-0.487245,-0.412950,-0.706696,-0.435406,0.510340,-2.449566,0.924744,1.366900,0
41.780000,-0.476937,-0.421155,-0.712664,-0.437320,0.508030,-2.449566,0.930029,1.333800,0
41.800000,-0.484110,-0.411354,-0.704130,-0.439235,0.505720,-2.449565,0.918172,1.368000,0
41.820000,-0.492956,-0.403544,-0.741475,-0.441149,0.503410,-2.449565,0.908433,1.362700,0
41.840000,-0.471680,-0.425438,-0.735345,-0.443063,0.501101,-2.449565,0.926980,1.502400,0
41.860000,-0.474248,-0.421990,-0.712907,-0.444978,0.498791,-2.449565,0.921246,1.366900,0
41.880000,-0.450543,-0.440952,-0.681143,-0.446892,0.496481,-2.449565,0.937440,1.427300,0
41.900000,-0.454425,-0.441177,-0.685545,-0.448807,0.494171,-2.449565,0.935364,1.369300,0
41.920000,-0.467821,-0.426319,-0.705401,-0.450721,0.491861,-2.449565,0.918339,1.411800,0
41.940000,-0.450543,-0.438908,-0.704624,-0.452635,0.489551,-2.449565,0.928461,1.439400,0
41.960000,-0.455445,-0.435713,-0.699063,-0.454550,0.487241,-2.449565,0.922955,1.400300,0
41.980000,-0.448998,-0.443614,-0.717703,-0.456464,0.484931,-2.449565,0.928575,1.393600,0
42.000000,-0.450666,-0.441775,-0.683541,-0.458378,0.482622,-2.449565,0.924429,1.379300,0
42.020000,-0.450280,-0.442158,-0.713345,-0.460292,0.480312,-2.449565,0.922524,1.373600,0
42.040000,-0.445717,-0.444701,-0.687961,-0.462207,0.478002,-2.449564,0.922851,1.404800,0
42.060000,-0.433971,-0.456461,-0.666438,-0.464121,0.475692,-2.449564,0.932641,1.521600,0
42.080000,-0.446832,-0.444548,-0.703753,-0.466035,0.473382,-2.449564,0.918131,1.434900,0
42.100000,-0.442384,-0.448691,-0.703489,-0.467950,0.471072,-2.449564,0.920118,1.348600,0
42.120000,-0.441549,-0.447795,-0.734404,-0.469864,0.468762,-2.449564,0.916994,1.347200,0
42.140000,-0.440272,-0.451687,-0.743796,-0.471778,0.466452,-2.449564,0.918679,1.390200,0
42.160000,-0.433316,-0.456586,-0.717943,-0.473693,0.464143,-2.449564,0.921614,1.420000,0
42.180000,-0.415854,-0.472583,-0.690669,-0.475607,0.461833,-2.449564,0.936324,1.395000,0
42.200000,-0.415584,-0.472443,-0.664941,-0.477521,0.459523,-2.449564,0.934022,1.374500,0
42.220000,-0.430501,-0.462962,-0.690600,-0.479436,0.457213,-2.449564,0.921475,1.366800,0
42.240000,-0.423063,-0.470539,-0.689489,-0.481350,0.454903,-2.449564,0.927276,1.407500,0
42.260000,-0.421468,-0.472424,-0.700264,-0.483264,0.452593,-2.449564,0.927079,1.387800,0
42.280000,-0.428047,-0.466079,-0.699706,-0.485178,0.450283,-2.449564,0.918141,1.539200,0
42.300000,-0.429216,-0.466038,-0.727058,-0.487093,0.447974,-2.449564,0.915842,2.206700,0
42.320000,-0.405989,-0.488733,-0.701260,-0.489007,0.445664,-2.449564,0.938078,1.372100,0
42.340000,-0.414457,-0.477810,-0.692775,-0.490921,0.443354,-2.449564,0.924332,1.457000,0
42.360000,-0.421734,-0.473879,-0.727676,-0.492836,0.441044,-2.449564,0.917682,1.371200,0
42.380000,-0.414298,-0.479149,-0.720955,-0.494750,0.438734,-2.449564,0.921402,1.398700,0
42.400000,-0.416913,-0.475850,-0.732685,-0.496664,0.436424,-2.449564,0.915754,1.392800,0
42.420000,-0.403279,-0.487283,-0.688883,-0.498579,0.434114,-2.449564,0.926312,1.367700,0
42.440000,-0.392977,-0.496393,-0.690627,-0.500493,0.431805,-2.449564,0.934404,1.391400,0
42.460000,-0.397131,-0.492993,-0.693921,-0.502407,0.429495,-2.449564,0.928476,1.364400,0
42.480000,-0.401915,-0.490448,-0.672456,-0.504321,0.427185,-2.449564,0.923330,1.377600,0
42.500000,-0.395135,-0.497311,-0.698039,-0.506236,0.424875,-2.449564,0.928854,1.654400,0
42.520000,-0.395873,-0.496229,-0.724645,-0.508150,0.422565,-2.449564,0.925628,1.426900,0
42.540000,-0.394997,-0.496599,-0.702905,-0.510064,0.420255,-2.449564,0.924046,1.413200,0
42.560000,-0.391701,-0.495890,-0.694622,-0.511979,0.417945,-2.449564,0.921717,1.370500,0
42.580000,-0.381728,-0.504066,-0.695627,-0.513893,0.415636,-2.449564,0.929150,1.397000,0
42.600000,-0.394997,-0.494169,-0.703862,-0.515807,0.413326,-2.449564,0.915501,1.369700,0
42.620000,-0.381760,-0.504755,-0.694853,-0.517722,0.411016,-2.449564,0.925809,1.411700,0
42.640000,-0.382868,-0.506368,-0.724367,-0.519636,0.408706,-2.449564,0.925239,1.383300,0
42.660000,-0.379116,-0.509966,-0.701451,-0.521550,0.406396,-2.449564,0.927366,1.362000,0
42.680000,-0.386427,-0.503862,-0.698653,-0.523464,0.404086,-2.449564,0.918231,1.405000,0
42.700000,-0.380277,-0.509153,-0.727312,-0.525379,0.401776,-2.449564,0.922413,1.366200,0
42.720000,-0.368017,-0.520612,-0.715667,-0.527293,0.399467,-2.449564,0.933763,1.359600,0
42.740000,-0.385696,-0.506721,-0.720139,-0.527519,0.399191,-2.467016,0.916947,1.869700,0
42.760000,-0.386346,-0.506016,-0.698225,-0.527532,0.399174,-2.485294,0.916134,1.395100,0
42.780000,-0.365028,-0.523880,-0.665387,-0.527529,0.399176,-2.503285,0.937251,1.436400,0
42.800000,-0.372207,-0.519449,-0.630312,-0.527526,0.399178,-2.521278,0.931665,1.355300,0
42.820000,-0.391682,-0.506871,-0.634684,-0.527523,0.399179,-2.539274,0.916177,1.379500,0
42.840000,-0.385029,-0.509562,-0.614251,-0.527520,0.399180,-2.557270,0.919846,1.360700,0
42.860000,-0.371821,-0.516682,-0.603452,-0.529171,0.397075,-2.557388,0.927206,1.426200,0
42.880000,-0.381803,-0.511341,-0.605118,-0.530827,0.394570,-2.557382,0.918086,1.389700,0
42.900000,-0.352968,-0.534101,-0.578258,-0.532484,0.392065,-2.557378,0.943403,1.359900,0
42.920000,-0.372997,-0.520976,-0.580050,-0.534140,0.389561,-2.557374,0.924686,1.402500,0
42.940000,-0.368713,-0.521507,-0.598243,-0.535795,0.387057,-2.557372,0.923799,1.397300,0
42.960000,-0.357661,-0.530450,-0.595287,-0.537451,0.384554,-2.557370,0.932500,1.482400,0
42.980000,-0.356766,-0.530540,-0.604749,-0.539106,0.382050,-2.557369,0.930628,1.420700,0
43.000000,-0.345558,-0.537990,-0.584853,-0.540762,0.379547,-2.557368,0.938072,1.384200,0
43.020000,-0.371301,-0.522037,-0.613552,-0.542417,0.377045,-2.557367,0.915221,1.389500,0
43.040000,-0.351304,-0.537020,-0.606681,-0.544072,0.374542,-2.557366,0.931722,1.392200,0
43.060000,-0.342715,-0.542733,-0.606779,-0.545727,0.372039,-2.557366,0.937028,1.380200,0
43.080000,-0.349804,-0.535938,-0.609077,-0.547382,0.369536,-2.557365,0.926780,1.409900,0
43.100000,-0.346167,-0.537406,-0.604005,-0.549037,0.367034,-2.557365,0.926913,1.399400,0
43.120000,-0.338518,-0.542031,-0.609238,-0.550692,0.364531,-2.557365,0.931060,1.412200,0
43.140000,-0.347534,-0.534411,-0.598410,-0.552347,0.362029,-2.557365,0.919540,1.389600,0
43.160000,-0.337425,-0.540930,-0.591168,-0.554001,0.359526,-2.557365,0.926135,1.391200,0
43.180000,-0.342203,-0.539500,-0.594904,-0.555656,0.357024,-2.557365,0.921584,1.509200,0
43.200000,-0.345514,-0.536655,-0.597065,-0.557311,0.354521,-2.557364,0.915998,1.419900,0
43.220000,-0.317264,-0.555363,-0.590030,-0.558966,0.352019,-2.557364,0.939022,1.420000,0
43.240000,-0.344238,-0.540199,-0.602972,-0.560620,0.349516,-2.557364,0.915649,1.400200,0
43.260000,-0.333770,-0.549305,-0.605547,-0.562275,0.347014,-2.557364,0.924988,1.424600,0
43.280000,-0.324809,-0.554901,-0.592674,-0.563930,0.344511,-2.557364,0.930656,1.381900,0
43.300000,-0.310315,-0.563476,-0.588645,-0.565584,0.342009,-2.557364,0.940779,1.411100,0
43.320000,-0.335659,-0.546748,-0.619714,-0.567239,0.339507,-2.557364,0.916011,1.385000,0
43.340000,-0.298260,-0.570585,-0.570104,-0.568894,0.337004,-2.557364,0.947080,1.401300,0
43.360000,-0.308022,-0.562973,-0.601816,-0.570548,0.334502,-2.557364,0.935083,1.410500,0
43.380000,-0.325113,-0.550980,-0.641434,-0.572203,0.331999,-2.557364,0.916900,1.393200,0
43.400000,-0.315158,-0.559914,-0.627701,-0.573858,0.329497,-2.557364,0.926271,1.596800,0
43.420000,-0.311191,-0.563055,-0.605941,-0.575512,0.326994,-2.557364,0.928468,1.417000,0
43.440000,-0.291232,-0.576732,-0.577335,-0.577167,0.324492,-2.557364,0.945496,1.422400,0
43.460000,-0.297035,-0.573065,-0.586291,-0.578822,0.321990,-2.557364,0.938364,1.381700,0
43.480000,-0.298390,-0.574320,-0.598086,-0.580476,0.319487,-2.557364,0.937264,1.385700,0
43.500000,-0.298204,-0.574721,-0.583218,-0.582131,0.316985,-2.557364,0.935817,1.424100,0
43.520000,-0.289239,-0.580430,-0.589870,-0.583786,0.314482,-2.557364,0.942139,1.383700,0
43.540000,-0.294079,-0.576611,-0.594501,-0.585440,0.311980,-2.557364,0.935139,1.407400,0
43.560000,-0.291409,-0.578303,-0.638001,-0.587095,0.309478,-2.557364,0.935727,1.385500,0
43.580000,-0.279662,-0.586759,-0.606515,-0.588750,0.306975,-2.557364,0.945672,1.401300,0
43.600000,-0.279499,-0.585117,-0.565903,-0.588802,0.306641,-2.574216,0.943875,1.447300,0
43.620000,-0.274067,-0.588677,-0.546924,-0.588799,0.306644,-2.592201,0.949029,1.411100,0
43.640000,-0.294051,-0.573894,-0.573586,-0.588796,0.306647,-2.610190,0.928562,1.418200,0
43.660000,-0.293524,-0.575134,-0.540006,-0.588793,0.306649,-2.628183,0.929906,1.394700,0
43.680000,-0.291799,-0.577191,-0.510025,-0.588790,0.306650,-2.646177,0.932405,1.420400,0
43.700000,-0.282981,-0.581293,-0.489557,-0.588787,0.306651,-2.664172,0.939128,1.395800,0
43.720000,-0.274460,-0.585119,-0.485950,-0.590163,0.304495,-2.664261,0.943971,1.382300,0
43.740000,-0.264713,-0.589427,-0.475305,-0.591543,0.301828,-2.664256,0.949291,1.422000,0
43.760000,-0.272455,-0.585872,-0.480343,-0.592923,0.299161,-2.664252,0.941267,1.381300,0
43.780000,-0.273086,-0.588773,-0.488441,-0.594302,0.296494,-2.664248,0.941742,1.407200,0
43.800000,-0.275890,-0.588141,-0.486229,-0.595681,0.293828,-2.664246,0.938156,1.392900,0
43.820000,-0.274631,-0.587256,-0.482526,-0.597060,0.291162,-2.664244,0.935724,1.391400,0
43.840000,-0.276878,-0.585874,-0.506742,-0.598439,0.288497,-2.664243,0.931625,1.509600,0
43.860000,-0.256907,-0.597191,-0.468657,-0.599818,0.285832,-2.664241,0.947268,1.394400,0
43.880000,-0.253492,-0.597803,-0.475529,-0.601197,0.283166,-2.664241,0.947103,1.418000,0
43.900000,-0.250989,-0.598751,-0.493325,-0.602576,0.280501,-2.664240,0.946941,1.394300,0
43.920000,-0.272660,-0.588042,-0.515035,-0.603954,0.277836,-2.664240,0.927092,1.402100,0
43.940000,-0.248380,-0.601492,-0.486481,-0.605333,0.275172,-2.664239,0.946549,1.396700,0
43.960000,-0.255846,-0.597237,-0.492146,-0.606711,0.272507,-2.664239,0.937849,1.384500,0
43.980000,-0.245657,-0.601619,-0.463942,-0.606729,0.272083,-2.681710,0.945372,1.433200,0
44.000000,-0.247222,-0.602666,-0.456501,-0.606734,0.272071,-2.699893,0.945734,1.394100,0
44.020000,-0.274012,-0.589736,-0.459658,-0.606731,0.272074,-2.717881,0.923806,1.416400,0
44.040000,-0.258561,-0.597493,-0.452213,-0.606729,0.272076,-2.735871,0.936681,1.435200,0
44.060000,-0.260753,-0.597510,-0.421340,-0.606727,0.272077,-2.753862,0.935885,1.389000,0
44.080000,-0.269489,-0.592698,-0.405414,-0.606724,0.272079,-2.771855,0.928206,1.542900,0
44.100000,-0.255037,-0.601072,-0.388507,-0.606722,0.272080,-2.789847,0.941316,1.394200,0
44.120000,-0.245831,-0.605339,-0.367459,-0.606720,0.272080,-2.807840,0.948739,1.443100,0
44.140000,-0.246539,-0.604564,-0.341495,-0.606718,0.272081,-2.825832,0.947753,1.409200,0
44.160000,-0.265340,-0.597749,-0.364468,-0.606715,0.272081,-2.843823,0.934420,1.414400,0
44.180000,-0.263083,-0.600206,-0.315122,-0.606713,0.272081,-2.861813,0.937532,1.397900,0
44.200000,-0.253481,-0.604364,-0.281035,-0.606711,0.272082,-2.879803,0.944949,1.490600,0
44.220000,-0.263006,-0.601016,-0.270503,-0.606709,0.272082,-2.897791,0.938313,1.412300,0
44.240000,-0.248952,-0.607178,-0.263326,-0.606707,0.272082,-2.915780,0.949256,1.388900,0
44.260000,-0.258872,-0.604320,-0.244067,-0.606705,0.272082,-2.933767,0.942904,1.413100,0
44.280000,-0.249018,-0.609852,-0.207947,-0.606703,0.272082,-2.951753,0.951707,1.414300,0
44.300000,-0.263721,-0.605441,-0.195235,-0.606701,0.272082,-2.969740,0.942168,1.661600,0
44.320000,-0.266797,-0.604207,-0.204044,-0.607123,0.269775,-2.977185,0.937905,1.394700,0
44.340000,-0.244160,-0.610145,-0.165938,-0.607614,0.266811,-2.977182,0.949290,1.418400,0
44.360000,-0.250449,-0.610865,-0.171461,-0.608104,0.263848,-2.977170,0.945008,1.391500,0
44.380000,-0.251713,-0.610323,-0.185862,-0.608595,0.260885,-2.977162,0.941471,1.435100,0
44.400000,-0.250825,-0.610399,-0.198724,-0.609086,0.257923,-2.977155,0.939326,1.420800,0
44.420000,-0.243273,-0.611924,-0.198938,-0.609577,0.254962,-2.977151,0.941100,1.387300,0
44.440000,-0.242693,-0.612591,-0.184683,-0.610068,0.252001,-2.977148,0.939406,1.452400,0
44.460000,-0.225028,-0.613382,-0.154228,-0.610560,0.249040,-2.977146,0.944672,1.383300,0
44.480000,-0.223441,-0.612298,-0.151099,-0.611051,0.246079,-2.977145,0.941834,1.425200,0
44.500000,-0.234088,-0.611134,-0.161577,-0.611543,0.243119,-2.977144,0.933927,1.385200,0
44.520000,-0.202313,-0.617625,-0.143259,-0.612034,0.240159,-2.977143,0.950613,1.589100,0
44.540000,-0.208494,-0.614175,-0.154497,-0.612525,0.237199,-2.977143,0.942379,1.408700,0
44.560000,-0.226083,-0.613033,-0.159852,-0.613017,0.234239,-2.977142,0.931444,1.388100,0
44.580000,-0.211895,-0.616017,-0.139804,-0.613508,0.231279,-2.977141,0.937659,1.534100,0
44.600000,-0.224483,-0.616188,-0.179953,-0.613999,0.228320,-2.977140,0.930009,1.404100,0
44.620000,-0.212955,-0.618875,-0.192944,-0.614491,0.225360,-2.977140,0.934860,1.423800,0
44.640000,-0.217424,-0.616971,-0.164746,-0.614567,0.224668,-2.989778,0.930633,1.386100,0
44.660000,-0.231677,-0.616781,-0.169957,-0.614538,0.224496,-3.009778,0.924300,1.430200,0
44.680000,-0.199307,-0.622454,-0.132962,-0.614537,0.224498,-3.027780,0.943262,1.391600,0
44.700000,-0.222568,-0.617736,-0.144752,-0.614536,0.224501,-3.045769,0.928979,1.462900,0
44.720000,-0.230694,-0.617892,-0.124052,-0.614534,0.224504,-3.063758,0.925724,1.395400,0
44.740000,-0.210807,-0.620889,-0.079044,-0.614533,0.224505,-3.081748,0.936849,1.637500,0
44.760000,-0.199289,-0.622737,-0.050556,-0.614749,0.222308,-3.090756,0.941652,1.402000,0
44.780000,-0.205570,-0.623279,-0.065041,-0.614900,0.219309,-3.090754,0.936752,1.384500,0
44.800000,-0.204459,-0.623557,-0.085919,-0.615051,0.216310,-3.090750,0.934860,1.429500,0
44.820000,-0.193884,-0.622496,-0.066922,-0.615202,0.213312,-3.090747,0.935994,1.390800,0
44.840000,-0.183854,-0.622832,-0.061027,-0.615353,0.210314,-3.090744,0.938255,1.412900,0
44.860000,-0.187999,-0.623016,-0.061208,-0.615505,0.207316,-3.090741,0.933923,1.454600,0
44.880000,-0.173482,-0.623586,-0.052329,-0.615657,0.204319,-3.090739,0.938587,1.444100,0
44.900000,-0.203544,-0.622606,-0.051411,-0.615809,0.201322,-3.090738,0.921314,1.389500,0
44.920000,-0.170855,-0.625755,-0.020401,-0.615962,0.198325,-3.090736,0.936604,1.395600,0
44.940000,-0.160766,-0.626345,-0.033924,-0.616114,0.195328,-3.090735,0.939409,1.420200,0
44.960000,-0.173918,-0.626454,-0.040217,-0.616267,0.192332,-3.090735,0.930636,1.577900,0
44.980000,-0.181287,-0.625182,-0.047453,-0.616419,0.189335,-3.090734,0.923460,1.423100,0
45.000000,-0.159421,-0.626967,-0.036256,-0.616572,0.186339,-3.090734,0.932981,1.403900,0
45.020000,-0.179537,-0.625509,-0.054016,-0.616724,0.183343,-3.090733,0.919443,1.418100,0
45.040000,-0.161846,-0.626990,-0.045044,-0.616877,0.180346,-3.090733,0.926739,1.397700,0
45.060000,-0.147625,-0.627651,-0.033832,-0.617029,0.177350,-3.090733,0.931862,1.392300,0
45.080000,-0.163997,-0.626093,-0.037306,-0.617182,0.174354,-3.090733,0.919833,1.456600,0
45.100000,-0.149421,-0.624776,-0.060158,-0.617334,0.171358,-3.090733,0.923456,1.421000,0
45.120000,-0.160347,-0.625390,-0.071302,-0.617487,0.168361,-3.090733,0.915979,1.423600,0
45.140000,-0.132717,-0.626166,-0.038666,-0.617452,0.167496,-3.101051,0.929982,1.453100,0
45.160000,-0.133732,-0.626278,-0.025500,-0.617443,0.167323,-3.121049,0.929397,1.417200,0
45.180000,-0.137641,-0.625175,-0.010077,-0.617442,0.167321,-3.139098,0.926422,1.479400,0
45.200000,-0.154040,-0.625024,0.001519,-0.617441,0.167324,3.126099,0.917908,1.442400,0
45.220000,-0.146846,-0.625597,0.024442,-0.617440,0.167326,3.108110,0.922055,1.391600,0
45.240000,-0.148544,-0.625868,0.019422,-0.617439,0.167329,3.090121,0.921425,1.415600,0
45.260000,-0.143242,-0.627478,0.043298,-0.617316,0.165156,3.080828,0.923588,1.445800,0
45.280000,-0.149962,-0.628040,0.051344,-0.617131,0.162159,3.080830,0.917966,1.464800,0
45.300000,-0.124714,-0.628103,0.057757,-0.616947,0.159162,3.080836,0.928482,1.453700,0
45.320000,-0.160501,-0.628402,0.011480,-0.616763,0.156165,3.080839,0.907591,1.430700,0
45.340000,-0.143723,-0.627920,0.046422,-0.616580,0.153169,3.080842,0.913068,1.465500,0
45.360000,-0.126883,-0.626859,0.036397,-0.616397,0.150173,3.080844,0.918370,1.431900,0
45.380000,-0.139623,-0.627729,0.047146,-0.616214,0.147178,3.080846,0.909736,1.457000,0
45.400000,-0.129752,-0.627202,0.022829,-0.616032,0.144182,3.080848,0.911867,1.609100,0
45.420000,-0.118460,-0.625470,0.052872,-0.615849,0.141187,3.080849,0.913870,1.446800,0
45.440000,-0.110511,-0.627167,0.055687,-0.615667,0.138192,3.080850,0.917037,1.390600,0
45.460000,-0.118521,-0.628039,0.059009,-0.615485,0.135197,3.080851,0.910770,1.394300,0
45.480000,-0.106456,-0.627812,0.057394,-0.615303,0.132202,3.080851,0.914629,1.388900,0
45.500000,-0.110659,-0.627293,0.060566,-0.615121,0.129208,3.080852,0.909272,1.411900,0
45.520000,-0.087448,-0.625555,0.084232,-0.614938,0.126213,3.080852,0.918368,1.422500,0
45.540000,-0.084510,-0.626731,0.091214,-0.614756,0.123218,3.080852,0.918469,1.399300,0
45.560000,-0.103121,-0.629059,0.054055,-0.614574,0.120224,3.080853,0.907198,1.437400,0
45.580000,-0.102647,-0.628135,0.068147,-0.614392,0.117229,3.080853,0.904129,1.388800,0
45.600000,-0.091469,-0.628638,0.038247,-0.614210,0.114234,3.080853,0.908360,1.400900,0
45.620000,-0.087568,-0.628422,0.069565,-0.614028,0.111240,3.080853,0.907888,1.673000,0
45.640000,-0.089819,-0.628421,0.067185,-0.613846,0.108245,3.080853,0.904036,1.482500,0
45.660000,-0.082162,-0.627650,0.048288,-0.613664,0.105251,3.080853,0.905338,1.431600,0
45.680000,-0.086986,-0.628062,0.045423,-0.613482,0.102256,3.080853,0.900312,1.426200,0
45.700000,-0.087186,-0.627800,0.050117,-0.613522,0.101412,3.091463,0.899322,1.482500,0
45.720000,-0.086063,-0.628597,0.021171,-0.613533,0.101239,3.111461,0.900492,1.453200,0
45.740000,-0.072805,-0.628357,0.012442,-0.613534,0.101240,3.129475,0.908130,1.385800,0
45.760000,-0.058833,-0.627140,0.008126,-0.613535,0.101243,-3.135722,0.915552,1.445900,0
45.780000,-0.061075,-0.626829,-0.003268,-0.613536,0.101246,-3.117733,0.913951,1.421000,0
45.800000,-0.079505,-0.629364,-0.019603,-0.613537,0.101248,-3.099743,0.904978,1.400400,0
45.820000,-0.062630,-0.629478,-0.039498,-0.613637,0.099085,-3.090332,0.913462,1.392400,0
45.840000,-0.074118,-0.629837,-0.036026,-0.613793,0.096086,-3.090334,0.904551,1.623100,0
45.860000,-0.065359,-0.628583,-0.028830,-0.613949,0.093088,-3.090338,0.906510,1.430500,0
45.880000,-0.066411,-0.629910,-0.044227,-0.614105,0.090089,-3.090341,0.904636,1.400600,0
45.900000,-0.067279,-0.631565,-0.047628,-0.614259,0.087092,-3.090344,0.903136,1.398700,0
45.920000,-0.069857,-0.630079,-0.062111,-0.614414,0.084094,-3.090346,0.898101,1.413600,0
45.940000,-0.071401,-0.629537,-0.051913,-0.614568,0.081097,-3.090348,0.894445,1.386800,0
45.960000,-0.064445,-0.629074,-0.059935,-0.614722,0.078100,-3.090350,0.896047,1.427900,0
45.980000,-0.068164,-0.628588,-0.106265,-0.614876,0.075103,-3.090351,0.891109,1.388300,0
46.000000,-0.047045,-0.627761,-0.053081,-0.615030,0.072107,-3.090352,0.901345,1.389300,0
46.020000,-0.078315,-0.626315,-0.102414,-0.615184,0.069110,-3.090353,0.878547,1.449100,0
46.040000,-0.061815,-0.629264,-0.090305,-0.615337,0.066114,-3.090354,0.888784,1.440000,0
46.060000,-0.039679,-0.630684,-0.038839,-0.615491,0.063117,-3.090354,0.901621,1.525700,0
46.080000,-0.037666,-0.630561,-0.044950,-0.615645,0.060121,-3.090354,0.900612,1.436300,0
46.100000,-0.037932,-0.630416,-0.062382,-0.615798,0.057125,-3.090355,0.898133,1.441700,0
46.120000,-0.033589,-0.630173,-0.077184,-0.615952,0.054129,-3.090355,0.898563,1.435900,0
46.140000,-0.024509,-0.631512,-0.051535,-0.616106,0.051132,-3.090355,0.903322,1.411900,0
46.160000,-0.039417,-0.629889,-0.071244,-0.616259,0.048136,-3.090355,0.890205,1.391100,0
46.180000,-0.022040,-0.629677,-0.070347,-0.616413,0.045140,-3.090355,0.899254,1.394300,0
46.200000,-0.009087,-0.629868,-0.041766,-0.616566,0.042144,-3.090355,0.905887,1.426900,0
46.220000,-0.023371,-0.629597,-0.067078,-0.616720,0.039148,-3.090355,0.894027,1.390100,0
46.240000,-0.013004,-0.631511,-0.045765,-0.616874,0.036152,-3.090355,0.900240,1.410200,0
46.260000,-0.022145,-0.628848,-0.059813,-0.617027,0.033156,-3.090355,0.890019,1.429500,0
46.280000,-0.018039,-0.629688,-0.067648,-0.617181,0.030160,-3.090355,0.891275,1.551700,0
46.300000,-0.025496,-0.630075,-0.074307,-0.617335,0.027164,-3.090355,0.884442,1.406800,0
46.320000,0.017883,-0.631622,-0.048485,-0.617488,0.024167,-3.090355,0.913102,1.393200,0
46.340000,0.001080,-0.630870,-0.049078,-0.617642,0.021171,-3.090355,0.898874,1.457600,0
46.360000,0.001901,-0.630875,-0.059200,-0.617795,0.018175,-3.090355,0.897379,1.398800,0
46.380000,-0.017380,-0.630583,-0.098334,-0.617949,0.015179,-3.090355,0.881868,1.418100,0
46.400000,0.000654,-0.631339,-0.090300,-0.618103,0.012183,-3.090355,0.892737,1.388600,0
46.420000,-0.002386,-0.630577,-0.086934,-0.618256,0.009187,-3.090355,0.888028,1.404800,0
46.440000,0.000377,-0.631260,-0.069756,-0.618410,0.006191,-3.090355,0.888392,1.399600,0
46.460000,-0.010988,-0.630006,-0.090299,-0.618564,0.003195,-3.090355,0.877548,1.401300,0
46.480000,-0.001290,-0.631612,-0.071562,-0.618717,0.000199,-3.090355,0.883403,1.455100,0
46.500000,0.038809,-0.635244,-0.020887,-0.618871,-0.002797,-3.090355,0.912432,1.978400,0
46.520000,0.025979,-0.634218,-0.033690,-0.619025,-0.005793,-3.090355,0.900526,1.396800,0
46.540000,0.034754,-0.635083,-0.057106,-0.619178,-0.008789,-3.090355,0.905468,1.406600,0
46.560000,0.018677,-0.634026,-0.040197,-0.619332,-0.011785,-3.090355,0.891201,1.396100,0
46.580000,0.045322,-0.635676,-0.039571,-0.619486,-0.014781,-3.090355,0.909659,1.387100,0
46.600000,0.051055,-0.636034,-0.027554,-0.619639,-0.017778,-3.090355,0.912179,1.417100,0
46.620000,0.042586,-0.635055,-0.031584,-0.619793,-0.020774,-3.090355,0.903375,1.401500,0
46.640000,0.048415,-0.633761,-0.048309,-0.619946,-0.023770,-3.090355,0.904873,1.452800,0
46.660000,0.026603,-0.632972,-0.077631,-0.620100,-0.026766,-3.090355,0.886403,1.441100,0
46.680000,0.051134,-0.633861,-0.057445,-0.620254,-0.029762,-3.090355,0.903160,1.443100,0
46.700000,0.049917,-0.633207,-0.045062,-0.620407,-0.032758,-3.090355,0.899929,1.428900,0
46.720000,0.072550,-0.635239,-0.056345,-0.620561,-0.035754,-3.090355,0.916398,1.741600,0
46.740000,0.046206,-0.636285,-0.089190,-0.620715,-0.038750,-3.090355,0.895450,1.438400,0
46.760000,0.062833,-0.638186,-0.075442,-0.620868,-0.041746,-3.090355,0.907297,1.443700,0
46.780000,0.053881,-0.636416,-0.060065,-0.621022,-0.044742,-3.090355,0.897537,1.356200,0
46.800000,0.063306,-0.636587,-0.076893,-0.621176,-0.047738,-3.090355,0.902916,1.427100,0
46.820000,0.065694,-0.636886,-0.073909,-0.621329,-0.050734,-3.090355,0.903091,1.442900,0
46.840000,0.065496,-0.636345,-0.073995,-0.621483,-0.053730,-3.090355,0.900767,1.378800,0
46.860000,0.091273,-0.636835,-0.058810,-0.621637,-0.056726,-3.090355,0.919112,1.424800,0
46.880000,0.074518,-0.637045,-0.064826,-0.621790,-0.059722,-3.090355,0.904515,1.380700,0
46.900000,0.082183,-0.637635,-0.065039,-0.621944,-0.062718,-3.090355,0.909024,1.421000,0
46.920000,0.091801,-0.637576,-0.061062,-0.622098,-0.065715,-3.090355,0.914700,1.407800,0
46.940000,0.088335,-0.637960,-0.064171,-0.622251,-0.068711,-3.090355,0.910481,1.603200,0
46.960000,0.079150,-0.635238,-0.072064,-0.622405,-0.071707,-3.090355,0.899859,1.394000,0
46.980000,0.055116,-0.634292,-0.088523,-0.622558,-0.074703,-3.090355,0.878853,1.429800,0
47.000000,0.065073,-0.635655,-0.082743,-0.622712,-0.077699,-3.090355,0.885643,1.455500,0
47.020000,0.100782,-0.637445,-0.073175,-0.622866,-0.080695,-3.090355,0.913037,1.437400,0
47.040000,0.108004,-0.637273,-0.037600,-0.623019,-0.083691,-3.090355,0.916978,1.453600,0
47.060000,0.104867,-0.636352,-0.052214,-0.623173,-0.086687,-3.090355,0.912236,1.433500,0
47.080000,0.111732,-0.636568,-0.066826,-0.623327,-0.089683,-3.090355,0.916185,1.461200,0
47.100000,0.104060,-0.636552,-0.085678,-0.623480,-0.092679,-3.090355,0.908357,1.432100,0
47.120000,0.112874,-0.637189,-0.049264,-0.623634,-0.095675,-3.090355,0.914156,1.448500,0
47.140000,0.107409,-0.637010,-0.052182,-0.623788,-0.098671,-3.090355,0.907997,1.701700,0
47.160000,0.099974,-0.636535,-0.091550,-0.623941,-0.101667,-3.090355,0.900076,1.427700,0
47.180000,0.130678,-0.640087,-0.076161,-0.624095,-0.104663,-3.090355,0.925398,1.386300,0
47.200000,0.110940,-0.637069,-0.086765,-0.624249,-0.107659,-3.090355,0.905968,1.404200,0
47.220000,0.109126,-0.637963,-0.080716,-0.624402,-0.110655,-3.090355,0.903392,1.402400,0
47.240000,0.123479,-0.638658,-0.068832,-0.624556,-0.113652,-3.090355,0.913886,1.392900,0
47.260000,0.145623,-0.638629,-0.053218,-0.624709,-0.116648,-3.090355,0.930524,1.424000,0
47.280000,0.141460,-0.640027,-0.065304,-0.624863,-0.119644,-3.090355,0.926310,1.441500,0
47.300000,0.157519,-0.641613,-0.040644,-0.625017,-0.122640,-3.090355,0.938987,1.385400,0
47.320000,0.146435,-0.643596,-0.068183,-0.625170,-0.125636,-3.090355,0.929331,1.392400,0
47.340000,0.147825,-0.643656,-0.061192,-0.625324,-0.128632,-3.090355,0.928983,1.393000,0
47.360000,0.157158,-0.644206,-0.065370,-0.625478,-0.131628,-3.090355,0.935551,1.555900,0
47.380000,0.152201,-0.642943,-0.063600,-0.625631,-0.134624,-3.090355,0.929199,1.401100,0
47.400000,0.143209,-0.643503,-0.059935,-0.625785,-0.137620,-3.090355,0.920472,1.427300,0
47.420000,0.168904,-0.644700,-0.048965,-0.625939,-0.140616,-3.090355,0.941210,1.356200,0
47.440000,0.136533,-0.641165,-0.062583,-0.626092,-0.143612,-3.090355,0.910580,1.464200,0
47.460000,0.172612,-0.643833,-0.073407,-0.626246,-0.146608,-3.090355,0.940961,1.424300,0
47.480000,0.172839,-0.644676,-0.066934,-0.626400,-0.149604,-3.090355,0.940148,1.448700,0
47.500000,0.144335,-0.642280,-0.065995,-0.626553,-0.152600,-3.090355,0.913266,1.427200,0
47.520000,0.188625,-0.645305,-0.026560,-0.626707,-0.155596,-3.090355,0.951094,1.431700,0
47.540000,0.173166,-0.644726,-0.071630,-0.626861,-0.158592,-3.090355,0.936145,1.350100,0
47.560000,0.169335,-0.645376,-0.071806,-0.627014,-0.161589,-3.090355,0.931784,1.355100,0
47.580000,0.179881,-0.645308,-0.056901,-0.627168,-0.164585,-3.090355,0.939374,1.365500,0
47.600000,0.191454,-0.644936,-0.071616,-0.627321,-0.167581,-3.090355,0.947766,1.579200,0
47.620000,0.186250,-0.642741,-0.071438,-0.627475,-0.170577,-3.090355,0.940791,1.369500,0
47.640000,0.182374,-0.643092,-0.070279,-0.627629,-0.173573,-3.090355,0.936244,1.362700,0
47.660000,0.185577,-0.644584,-0.067175,-0.627782,-0.176569,-3.090355,0.938397,1.340000,0
47.680000,0.203140,-0.646170,-0.074126,-0.627936,-0.179565,-3.090355,0.953104,1.345300,0
47.700000,0.203774,-0.644242,-0.046723,-0.628090,-0.182561,-3.090355,0.951392,1.397600,0
47.720000,0.218856,-0.645062,-0.055245,-0.628243,-0.185557,-3.090355,0.963702,1.389400,0
47.740000,0.201921,-0.643909,-0.060194,-0.628397,-0.188553,-3.090355,0.946984,1.417500,0
47.760000,0.211047,-0.645618,-0.049984,-0.628551,-0.191549,-3.090355,0.954518,1.329700,0
47.780000,0.227081,-0.646714,-0.052823,-0.628704,-0.194545,-3.090355,0.967897,1.448600,0
47.800000,0.221805,-0.646704,-0.040388,-0.628858,-0.197541,-3.090355,0.961964,1.350800,0
47.820000,0.195897,-0.647498,-0.058140,-0.629012,-0.200537,-3.090355,0.938216,1.401900,0
47.840000,0.226300,-0.649233,-0.052832,-0.629165,-0.203533,-3.090355,0.964608,1.367000,0
47.860000,0.234031,-0.649279,-0.047091,-0.629319,-0.206529,-3.090355,0.970258,1.299600,0
47.880000,0.227729,-0.648679,-0.053772,-0.629472,-0.209526,-3.090355,0.963145,1.356800,0
47.900000,0.225386,-0.649119,-0.049386,-0.629626,-0.212522,-3.090355,0.960032,1.374000,0
47.920000,0.224320,-0.648304,-0.054165,-0.629591,-0.213386,-3.100681,0.958289,1.344800,0
47.940000,0.232467,-0.648426,-0.052809,-0.629583,-0.213560,-3.120678,0.965525,1.307600,0
47.960000,0.233140,-0.649234,-0.034374,-0.629582,-0.213559,-3.138698,0.966490,1.420800,0
47.980000,0.238695,-0.648601,-0.024220,-0.629581,-0.213556,3.126499,0.971168,1.288100,0
48.000000,0.230453,-0.647986,0.012829,-0.629580,-0.213553,3.108509,0.963529,1.320700,0
48.020000,0.223429,-0.647299,0.028214,-0.629501,-0.215700,3.098912,0.955911,1.308000,0
48.040000,0.234101,-0.646437,0.031312,-0.629498,-0.215712,3.098826,0.965053,1.305000,0
48.060000,0.229525,-0.646461,0.001419,-0.629368,-0.218245,3.098808,0.959721,1.530500,0
48.080000,0.242735,-0.647375,0.042160,-0.629238,-0.221244,3.098810,0.970528,1.293700,0
48.100000,0.232180,-0.647055,0.033624,-0.629108,-0.224243,3.098812,0.959472,1.384600,0
48.120000,0.250343,-0.645990,0.046919,-0.628979,-0.227241,3.098814,0.973939,1.348500,0
48.140000,0.251401,-0.646929,0.043925,-0.628850,-0.230240,3.098815,0.973895,1.322400,0
48.160000,0.227591,-0.648609,0.038155,-0.628721,-0.233238,3.098817,0.951737,1.335200,0
48.180000,0.270307,-0.647255,0.042617,-0.628592,-0.236236,3.098818,0.988411,1.346200,0
48.200000,0.270948,-0.646545,0.042766,-0.628464,-0.239233,3.098818,0.987343,1.389400,0
48.220000,0.262080,-0.647806,0.063283,-0.628335,-0.242231,3.098819,0.978432,1.309800,0
48.240000,0.270588,-0.646139,0.053147,-0.628207,-0.245229,3.098820,0.984155,1.357900,0
48.260000,0.254165,-0.646065,0.026448,-0.628079,-0.248226,3.098820,0.967797,1.350800,0
48.280000,0.262807,-0.645813,0.027319,-0.627950,-0.251224,3.098820,0.974242,1.517200,0
48.300000,0.289642,-0.645575,0.052055,-0.627822,-0.254221,3.098820,0.997446,1.382600,0
48.320000,0.276366,-0.645593,0.044176,-0.627694,-0.257219,3.098821,0.983950,1.333300,0
48.340000,0.260740,-0.646647,0.028786,-0.627565,-0.260216,3.098821,0.968719,1.350200,0
48.360000,0.277735,-0.646357,0.029706,-0.627437,-0.263213,3.098821,0.982922,1.340400,0
48.380000,0.282085,-0.646250,0.004291,-0.627309,-0.266211,3.098821,0.985610,1.355900,0
48.400000,0.267090,-0.646218,0.018141,-0.627181,-0.269208,3.098821,0.970494,1.352900,0
48.420000,0.279334,-0.646748,0.007082,-0.627052,-0.272205,3.098821,0.980723,1.340100,0
48.440000,0.294861,-0.646727,0.021922,-0.626924,-0.275203,3.098821,0.993839,1.389000,0
48.460000,0.286761,-0.646761,0.027992,-0.626796,-0.278200,3.098821,0.985101,1.288100,0
48.480000,0.294187,-0.647795,0.038497,-0.626668,-0.281197,3.098821,0.991145,1.407100,0
48.500000,0.295085,-0.648694,0.014628,-0.626539,-0.284194,3.098821,0.991086,1.363700,0
48.520000,0.309958,-0.649533,0.030545,-0.626411,-0.287192,3.098821,1.004031,1.507100,0
48.540000,0.294117,-0.650232,0.011984,-0.626283,-0.290189,3.098821,0.988315,1.372200,0
48.560000,0.312334,-0.648928,0.023843,-0.626155,-0.293186,3.098821,1.003651,1.397500,0
48.580000,0.315054,-0.648518,0.016590,-0.626026,-0.296183,3.098821,1.004874,1.388200,0
48.600000,0.326464,-0.647276,0.037011,-0.625898,-0.299181,3.098821,1.013984,1.407900,0
48.620000,0.313554,-0.646625,0.034888,-0.625770,-0.302178,3.098821,1.000487,1.428900,0
48.640000,0.296467,-0.647921,-0.003970,-0.625642,-0.305175,3.098821,0.983748,1.415200,0
48.660000,0.307764,-0.648874,0.023397,-0.625513,-0.308173,3.098821,0.993521,1.458500,0
48.680000,0.329920,-0.648850,-0.007827,-0.625385,-0.311170,3.098821,1.013231,1.452400,0
48.700000,0.330793,-0.647956,0.044929,-0.625257,-0.314167,3.098821,1.012643,1.419700,0
48.720000,0.316522,-0.647130,0.033560,-0.625128,-0.317164,3.098821,0.997789,1.395800,0
48.740000,0.346977,-0.646251,0.040482,-0.625000,-0.320162,3.098821,1.025219,1.667500,0
48.760000,0.341671,-0.646215,0.021884,-0.624872,-0.323159,3.098821,1.019103,1.463300,0
48.780000,0.335961,-0.646996,0.037548,-0.624744,-0.326156,3.098821,1.012864,1.435800,0
48.800000,0.361081,-0.646660,0.051467,-0.624615,-0.329153,3.098821,1.035571,1.431700,0
48.820000,0.353854,-0.646255,0.029611,-0.624487,-0.332151,3.098821,1.027528,1.380900,0
48.840000,0.344758,-0.646709,0.022330,-0.624359,-0.335148,3.098821,1.017967,1.377600,0
48.860000,0.361722,-0.647105,0.035611,-0.624231,-0.338145,3.098821,1.033228,1.419300,0
48.880000,0.379004,-0.645371,0.049375,-0.624102,-0.341142,3.098821,1.048226,1.382200,0
48.900000,0.372829,-0.646051,0.041074,-0.623974,-0.344140,3.098821,1.041522,1.356600,0
48.920000,0.372708,-0.645602,0.036509,-0.623846,-0.347137,3.098821,1.040289,1.412700,0
48.940000,0.370255,-0.645994,0.031486,-0.623717,-0.350134,3.098821,1.037070,1.424900,0
48.960000,0.370868,-0.647154,0.017302,-0.623589,-0.353131,3.098821,1.037012,1.835300,0
48.980000,0.364137,-0.646816,0.008998,-0.623461,-0.356129,3.098821,1.029489,1.443900,0
49.000000,0.366037,-0.647404,0.019951,-0.623333,-0.359126,3.098821,1.030513,1.443500,0
49.020000,0.361066,-0.647035,0.015561,-0.623302,-0.360019,3.088889,1.025358,1.416300,0
49.040000,0.368468,-0.646330,0.068745,-0.623293,-0.360192,3.068892,1.032213,1.416800,0
49.060000,0.366294,-0.647073,0.058745,-0.623292,-0.360200,3.050769,1.030328,1.373600,0
49.080000,0.355723,-0.647971,0.097600,-0.623291,-0.360197,3.032781,1.020432,1.396500,0
49.100000,0.380695,-0.645833,0.099706,-0.623290,-0.360193,3.014777,1.043827,1.398500,0
49.120000,0.362113,-0.648428,0.122467,-0.623289,-0.360187,2.996747,1.026694,1.326300,0
49.140000,0.384907,-0.645854,0.171939,-0.623288,-0.360181,2.978704,1.047886,1.416400,0
49.160000,0.381196,-0.647179,0.173814,-0.622887,-0.362477,2.971108,1.043666,1.387100,0
49.180000,0.396641,-0.646459,0.170503,-0.622375,-0.365436,2.971109,1.057056,1.546500,0
49.200000,0.391228,-0.647668,0.158460,-0.621864,-0.368395,2.971111,1.050880,1.355400,0
49.220000,0.389172,-0.648841,0.167764,-0.621354,-0.371353,2.971114,1.047932,1.343600,0
49.240000,0.402221,-0.647093,0.168164,-0.620844,-0.374311,2.971118,1.058807,1.329900,0
49.260000,0.394859,-0.649294,0.159871,-0.620334,-0.377269,2.971120,1.051007,1.396400,0
49.280000,0.416074,-0.644583,0.179765,-0.619825,-0.380227,2.971122,1.069098,1.370600,0
49.300000,0.386940,-0.649507,0.167741,-0.619315,-0.383184,2.971124,1.040903,1.393000,0
49.320000,0.411055,-0.643807,0.177082,-0.618806,-0.386142,2.971125,1.061605,1.358500,0
49.340000,0.406070,-0.644911,0.158713,-0.618297,-0.389099,2.971126,1.055825,1.373300,0
49.360000,0.404601,-0.645033,0.173929,-0.617788,-0.392056,2.971127,1.053222,1.379500,0
49.380000,0.401331,-0.646298,0.160100,-0.617279,-0.395013,2.971128,1.049148,1.383600,0
49.400000,0.410021,-0.645360,0.165114,-0.616770,-0.397969,2.971128,1.056173,1.586200,0
49.420000,0.403003,-0.646608,0.154635,-0.616261,-0.400926,2.971129,1.048455,1.448500,0
49.440000,0.406666,-0.644621,0.158184,-0.615752,-0.403883,2.971129,1.050377,1.488400,0
49.460000,0.429373,-0.643089,0.147161,-0.615243,-0.406840,2.971129,1.070998,1.456000,0
49.480000,0.444335,-0.640486,0.176775,-0.614734,-0.409796,2.971129,1.083903,1.506800,0
49.500000,0.405905,-0.646844,0.141718,-0.614226,-0.412753,2.971129,1.046645,1.440600,0
49.520000,0.443926,-0.639517,0.165337,-0.613717,-0.415710,2.971129,1.081063,1.496100,0
49.540000,0.430453,-0.642734,0.176762,-0.613208,-0.418666,2.971129,1.067443,1.462400,0
49.560000,0.439283,-0.640892,0.178135,-0.612699,-0.421623,2.971129,1.074591,1.413600,0
49.580000,0.429431,-0.642997,0.145761,-0.612190,-0.424579,2.971129,1.064275,1.409900,0
49.600000,0.458768,-0.638437,0.168691,-0.611681,-0.427536,2.971129,1.091028,1.411900,0
49.620000,0.463518,-0.637815,0.176808,-0.611172,-0.430492,2.971129,1.094506,1.488500,0
49.640000,0.445149,-0.641816,0.153826,-0.610663,-0.433449,2.971129,1.076177,1.410800,0
49.660000,0.452811,-0.640799,0.190653,-0.610576,-0.434171,2.958936,1.083276,1.441100,0
49.680000,0.453349,-0.640652,0.191721,-0.610544,-0.434341,2.938938,1.083712,1.424800,0
49.700000,0.440889,-0.642842,0.176204,-0.610544,-0.434340,2.920919,1.071907,1.454200,0
49.720000,0.462848,-0.639325,0.220009,-0.610544,-0.434336,2.902921,1.092790,1.401100,0
49.740000,0.446733,-0.643689,0.234211,-0.610543,-0.434331,2.884910,1.077805,1.473600,0
49.760000,0.441958,-0.644091,0.257602,-0.610542,-0.434327,2.866892,1.073200,1.484600,0
49.780000,0.442224,-0.643725,0.257050,-0.609841,-0.436706,2.860932,1.072240,1.411700,0
49.800000,0.440912,-0.644630,0.253176,-0.609008,-0.439591,2.860930,1.069754,1.443100,0
49.820000,0.438771,-0.646333,0.252425,-0.608175,-0.442476,2.860931,1.066608,1.405100,0
49.840000,0.453770,-0.641216,0.272968,-0.607343,-0.445361,2.860935,1.079036,1.541200,0
49.860000,0.470007,-0.635227,0.281367,-0.606511,-0.448245,2.860937,1.092636,1.418700,0
49.880000,0.476275,-0.634012,0.268824,-0.605679,-0.451129,2.860939,1.097302,1.484400,0
49.900000,0.466971,-0.634846,0.268536,-0.604848,-0.454012,2.860941,1.086967,1.478400,0
49.920000,0.472041,-0.634146,0.258559,-0.604016,-0.456896,2.860942,1.090558,1.489600,0
49.940000,0.470272,-0.636210,0.264914,-0.603185,-0.459779,2.860943,1.087859,1.437800,0
49.960000,0.480370,-0.634524,0.261845,-0.602354,-0.462662,2.860944,1.096279,1.492100,0
49.980000,0.490883,-0.631791,0.269255,-0.601523,-0.465545,2.860945,1.104983,1.454000,0
50.000000,0.486077,-0.633859,0.264990,-0.600692,-0.468428,2.860945,1.099288,1.457300,0
50.020000,0.486291,-0.632264,0.286452,-0.599861,-0.471311,2.860946,1.098013,1.403500,0
50.040000,0.491385,-0.630429,0.276697,-0.599030,-0.474194,2.860946,1.101551,1.404500,0
50.060000,0.488450,-0.631820,0.260634,-0.598199,-0.477077,2.860946,1.097611,1.563700,0
50.080000,0.488113,-0.631889,0.265184,-0.597368,-0.479959,2.860946,1.096062,1.493400,0
50.100000,0.482982,-0.633832,0.264891,-0.596537,-0.482842,2.860946,1.090027,1.414800,0
50.120000,0.519153,-0.624856,0.270872,-0.595706,-0.485725,2.860947,1.123508,1.401900,0
50.140000,0.504834,-0.629611,0.277380,-0.594875,-0.488608,2.860947,1.108712,1.447300,0
50.160000,0.529653,-0.621724,0.267486,-0.594044,-0.491490,2.860947,1.131219,1.394900,0
50.180000,0.529345,-0.621812,0.262680,-0.593214,-0.494373,2.860947,1.129769,1.448400,0
50.200000,0.506162,-0.627785,0.267570,-0.592383,-0.497256,2.860947,1.106273,1.432300,0
50.220000,0.503200,-0.628849,0.266788,-0.591552,-0.500138,2.860947,1.102293,1.481600,0
50.240000,0.518571,-0.624407,0.263605,-0.590721,-0.503021,2.860947,1.115914,1.400100,0
50.260000,0.511379,-0.626807,0.264859,-0.589890,-0.505904,2.860947,1.107886,1.400000,0
50.280000,0.522871,-0.623218,0.267997,-0.589059,-0.508786,2.860947,1.117802,1.619600,0
50.300000,0.542037,-0.618883,0.266857,-0.588228,-0.511669,2.860947,1.135338,1.462100,0
50.320000,0.534159,-0.620400,0.288292,-0.587397,-0.514552,2.860947,1.126540,1.491000,0
50.340000,0.531375,-0.620979,0.289121,-0.587289,-0.515159,2.847351,1.123658,1.406100,0
50.360000,0.515803,-0.624885,0.278832,-0.587250,-0.515288,2.827789,1.108485,1.495600,0
50.380000,0.528129,-0.621383,0.311297,-0.587250,-0.515286,2.809784,1.120414,1.456600,0
50.400000,0.528690,-0.622629,0.333485,-0.587250,-0.515281,2.791782,1.121092,1.481000,0
50.420000,0.518432,-0.625500,0.334239,-0.587249,-0.515277,2.773773,1.111162,1.452500,0
50.440000,0.514510,-0.626491,0.368445,-0.587249,-0.515272,2.755761,1.107358,1.482100,0
50.460000,0.530775,-0.622514,0.391039,-0.587248,-0.515268,2.737746,1.123155,1.471000,0
50.480000,0.530613,-0.622338,0.405691,-0.587248,-0.515264,2.719732,1.122977,1.475900,0
50.500000,0.516765,-0.627787,0.380414,-0.587247,-0.515260,2.701718,1.109731,1.540400,0
50.520000,0.491716,-0.637962,0.369599,-0.587246,-0.515257,2.683705,1.085917,1.475700,0
50.540000,0.511748,-0.629945,0.373802,-0.587245,-0.515253,2.665694,1.104961,1.384500,0
50.560000,0.499980,-0.636091,0.371418,-0.587244,-0.515250,2.647684,1.093919,1.441000,0
50.580000,0.515721,-0.629609,0.480384,-0.587244,-0.515247,2.629676,1.108878,1.431200,0
50.600000,0.518197,-0.629009,0.497723,-0.587243,-0.515244,2.611669,1.111279,1.458100,0
50.620000,0.510028,-0.632802,0.501658,-0.587242,-0.515241,2.593664,1.103550,1.409400,0
50.640000,0.523055,-0.629007,0.535245,-0.587241,-0.515238,2.575661,1.116110,1.421500,0
50.660000,0.525202,-0.628464,0.547797,-0.587240,-0.515236,2.557659,1.118189,1.437600,0
50.680000,0.519469,-0.632037,0.572063,-0.587239,-0.515233,2.539658,1.112855,1.417800,0
50.700000,0.502764,-0.642706,0.558283,-0.587238,-0.515231,2.521659,1.097431,1.439200,0
50.720000,0.537481,-0.621871,0.595602,-0.587237,-0.515228,2.503660,1.129763,1.514700,0
50.740000,0.528004,-0.629847,0.613749,-0.587236,-0.515226,2.485663,1.121115,1.443300,0
50.760000,0.530883,-0.629426,0.635862,-0.587235,-0.515224,2.467666,1.123935,1.474100,0
50.780000,0.538003,-0.624791,0.637786,-0.587234,-0.515222,2.449671,1.130559,1.480400,0
50.800000,0.526316,-0.632705,0.670649,-0.587233,-0.515219,2.431676,1.119729,1.472700,0
50.820000,0.530966,-0.631057,0.699709,-0.587232,-0.515217,2.413682,1.124183,1.469900,0
50.840000,0.530482,-0.632040,0.734969,-0.587231,-0.515215,2.395688,1.123802,1.462400,0
50.860000,0.522953,-0.641717,0.733867,-0.587230,-0.515213,2.377695,1.117368,1.451300,0
50.880000,0.536601,-0.632585,0.737269,-0.587230,-0.515211,2.359702,1.129944,1.378400,0
50.900000,0.532739,-0.633852,0.752885,-0.587229,-0.515209,2.341710,1.126234,1.413500,0
50.920000,0.541147,-0.626064,0.804983,-0.587228,-0.515207,2.323719,1.133807,1.442300,0
50.940000,0.529566,-0.635330,0.812596,-0.587227,-0.515205,2.305727,1.123235,1.491400,0
50.960000,0.552345,-0.616604,0.841876,-0.587226,-0.515203,2.287737,1.144074,1.424100,0
50.980000,0.538214,-0.631369,0.840485,-0.587225,-0.515201,2.269746,1.131418,1.381300,0
51.000000,0.538706,-0.633942,0.876467,-0.587225,-0.515199,2.251756,1.132176,1.393200,0
51.020000,0.534961,-0.638300,0.888496,-0.587224,-0.515197,2.233766,1.128917,1.369800,0
51.040000,0.550811,-0.623001,0.903901,-0.587223,-0.515195,2.215777,1.143129,1.361200,0
51.060000,0.536751,-0.646187,0.910993,-0.587223,-0.515193,2.197788,1.131581,1.443600,0
51.080000,0.537015,-0.647077,0.924470,-0.587222,-0.515192,2.179799,1.131947,1.385100,0
51.100000,0.541265,-0.640972,0.959151,-0.587221,-0.515190,2.161811,1.135474,1.523500,0
51.120000,0.544000,-0.633304,0.975300,-0.587221,-0.515188,2.143822,1.137371,1.362500,0
51.140000,0.541528,-0.636996,1.003625,-0.587220,-0.515186,2.125834,1.135302,1.404300,0
51.160000,0.536687,-0.645766,1.012485,-0.587219,-0.515184,2.107847,1.131467,1.564300,0
51.180000,0.542013,-0.636140,1.019878,-0.587219,-0.515182,2.089859,1.135691,1.381300,0
51.200000,0.530408,-0.657939,1.040258,-0.587218,-0.515180,2.071872,1.126707,1.427100,0
51.220000,0.548862,-0.625721,1.078029,-0.587218,-0.515178,2.053885,1.141445,1.430900,0
51.240000,0.535798,-0.647258,1.074509,-0.587217,-0.515176,2.035898,1.130756,1.465800,0
51.260000,0.546328,-0.636247,1.121795,-0.587216,-0.515175,2.017912,1.139991,1.430200,0
51.280000,0.541139,-0.644785,1.120710,-0.587216,-0.515173,1.999925,1.135775,1.469700,0
51.300000,0.545860,-0.639286,1.149073,-0.587216,-0.515171,1.981939,1.139854,1.427900,0
51.320000,0.547295,-0.639693,1.143463,-0.587215,-0.515169,1.963953,1.141324,1.413300,0
51.340000,0.540196,-0.652414,1.152606,-0.587215,-0.515167,1.945967,1.135735,1.434100,0
51.360000,0.551532,-0.630626,1.197216,-0.587214,-0.515165,1.927982,1.144584,1.539400,0
51.380000,0.548873,-0.635313,1.207944,-0.587214,-0.515163,1.909997,1.142423,1.484000,0
51.400000,0.548784,-0.639797,1.218037,-0.584968,-0.516128,1.908522,1.140477,1.339500,0
51.420000,0.545402,-0.653802,1.202797,-0.582134,-0.517123,1.908524,1.135789,1.437700,0
51.440000,0.552539,-0.640308,1.206413,-0.579300,-0.518119,1.908537,1.138415,1.437200,0
51.460000,0.556017,-0.630253,1.197197,-0.576467,-0.519114,1.908546,1.137924,1.435600,0
51.480000,0.557608,-0.628406,1.207880,-0.573635,-0.520110,1.908553,1.136415,1.415100,0
51.500000,0.560290,-0.627067,1.198475,-0.570802,-0.521105,1.908558,1.136044,1.407500,0
51.520000,0.560120,-0.630563,1.214324,-0.567971,-0.522100,1.908561,1.133293,1.491400,0
51.540000,0.558036,-0.636175,1.200410,-0.565139,-0.523095,1.908563,1.128853,1.449700,0
51.560000,0.561530,-0.628142,1.192883,-0.562308,-0.524090,1.908564,1.128645,1.485600,0
51.580000,0.561203,-0.623273,1.213978,-0.559477,-0.525084,1.908565,1.124973,1.433300,0
51.600000,0.569051,-0.605476,1.198499,-0.556646,-0.526079,1.908566,1.128494,1.530000,0
51.620000,0.561461,-0.619522,1.184517,-0.553815,-0.527073,1.908567,1.119101,1.542700,0
51.640000,0.572329,-0.587633,1.226096,-0.550984,-0.528068,1.908567,1.124891,1.439000,0
51.660000,0.567152,-0.594390,1.211608,-0.548153,-0.529062,1.908568,1.117216,1.421600,0
51.680000,0.563297,-0.593944,1.221774,-0.545323,-0.530057,1.908569,1.110459,1.431400,0
51.700000,0.566554,-0.593445,1.255111,-0.542492,-0.531051,1.908569,1.110800,1.469100,0
51.720000,0.571326,-0.575448,1.242103,-0.539662,-0.532045,1.908569,1.111835,1.434800,0
51.740000,0.572324,-0.576925,1.210875,-0.536831,-0.533040,1.908569,1.110023,1.424500,0
51.760000,0.570012,-0.579968,1.237014,-0.534000,-0.534034,1.908570,1.104967,1.426400,0
51.780000,0.567696,-0.586359,1.195131,-0.531170,-0.535028,1.908570,1.100064,1.450500,0
51.800000,0.567425,-0.592931,1.203741,-0.528339,-0.536022,1.908570,1.097241,1.839600,0
51.820000,0.571373,-0.582339,1.200639,-0.525509,-0.537017,1.908570,1.097818,1.428500,0
51.840000,0.576842,-0.571408,1.230172,-0.522678,-0.538011,1.908570,1.100027,1.474500,0
51.860000,0.576789,-0.574392,1.200662,-0.519848,-0.539005,1.908570,1.097208,1.460100,0
51.880000,0.574727,-0.581071,1.207919,-0.517017,-0.539999,1.908570,1.092516,1.476000,0
51.900000,0.578638,-0.570233,1.220926,-0.514187,-0.540993,1.908570,1.093216,1.466200,0
51.920000,0.581088,-0.555554,1.236329,-0.513685,-0.541055,1.892752,1.094869,1.471500,0
51.940000,0.579255,-0.563151,1.243158,-0.513597,-0.541031,1.873670,1.093076,1.522100,0
51.960000,0.578000,-0.567585,1.265952,-0.513600,-0.541029,1.855682,1.091923,1.512800,0
51.980000,0.578036,-0.572034,1.257133,-0.513603,-0.541027,1.837693,1.092080,1.473700,0
52.000000,0.576848,-0.577132,1.284917,-0.513605,-0.541025,1.819702,1.091051,1.869400,0
52.020000,0.577396,-0.579643,1.291997,-0.513606,-0.541023,1.801710,1.091685,1.581000,0
52.040000,0.581293,-0.569759,1.336340,-0.513607,-0.541021,1.783719,1.095277,1.325500,0
52.060000,0.582064,-0.565777,1.359947,-0.513608,-0.541018,1.765728,1.095952,1.296700,0
52.080000,0.585393,-0.558017,1.381191,-0.511284,-0.541501,1.758592,1.096801,1.424300,0
52.100000,0.587152,-0.559034,1.394150,-0.508334,-0.542060,1.758595,1.095617,1.374700,0
52.120000,0.590768,-0.548597,1.388140,-0.505383,-0.542620,1.758602,1.096167,1.349200,0
52.140000,0.593038,-0.543599,1.376416,-0.502433,-0.543179,1.758607,1.095471,1.385900,0
52.160000,0.584472,-0.587128,1.326064,-0.499484,-0.543739,1.758611,1.084824,1.385200,0
52.180000,0.591352,-0.553263,1.363422,-0.496535,-0.544299,1.758614,1.087924,1.386200,0
52.200000,0.598234,-0.523352,1.420302,-0.493587,-0.544859,1.758616,1.092033,1.362500,0
52.220000,0.597307,-0.533302,1.422009,-0.490638,-0.545420,1.758618,1.088013,1.347100,0
52.240000,0.601127,-0.512241,1.405784,-0.487690,-0.545980,1.758619,1.089340,1.481100,0
52.260000,0.594203,-0.538958,1.390650,-0.484742,-0.546540,1.758620,1.078971,1.349500,0
52.280000,0.594195,-0.534961,1.356997,-0.481795,-0.547100,1.758620,1.076059,1.384700,0
52.300000,0.591783,-0.542625,1.378335,-0.478847,-0.547661,1.758621,1.070642,1.359500,0
52.320000,0.593280,-0.541072,1.392840,-0.478188,-0.547741,1.745548,1.071489,1.357300,0
52.340000,0.593845,-0.530979,1.421080,-0.478017,-0.547708,1.725547,1.071993,1.386800,0
52.360000,0.594832,-0.530478,1.395347,-0.478019,-0.547706,1.707550,1.072989,1.373500,0
52.380000,0.594294,-0.532008,1.438489,-0.478022,-0.547705,1.689562,1.072431,1.440900,0
52.400000,0.594686,-0.539135,1.451036,-0.478024,-0.547703,1.671573,1.072744,1.367500,0
52.420000,0.591230,-0.553380,1.463735,-0.478026,-0.547702,1.653583,1.069271,1.351800,0
52.440000,0.593012,-0.549432,1.470167,-0.478028,-0.547700,1.635593,1.071041,1.378200,0
52.460000,0.594968,-0.540010,1.503633,-0.478029,-0.547698,1.617604,1.073024,1.458900,0
52.480000,0.595773,-0.544847,1.512308,-0.478030,-0.547696,1.599616,1.073806,1.388700,0
52.500000,0.598677,-0.527641,1.542663,-0.475881,-0.547802,1.590020,1.074747,1.358400,0
52.520000,0.598599,-0.526097,1.530585,-0.472879,-0.547857,1.590022,1.071699,1.357600,0
52.540000,0.598382,-0.536293,1.530164,-0.469876,-0.547913,1.590026,1.068322,1.424500,0
52.560000,0.599462,-0.515013,1.546022,-0.466874,-0.547969,1.590032,1.066845,1.381000,0
52.580000,0.598687,-0.533403,1.536154,-0.463872,-0.548026,1.590036,1.062659,1.407500,0
52.600000,0.599631,-0.521337,1.532613,-0.460871,-0.548083,1.590040,1.060839,1.403000,0
52.620000,0.598699,-0.499269,1.549155,-0.457870,-0.548141,1.590043,1.057699,1.381400,0
52.640000,0.598781,-0.500098,1.561595,-0.454870,-0.548198,1.590046,1.054748,1.385300,0
52.660000,0.599470,-0.506498,1.531542,-0.451869,-0.548256,1.590048,1.052168,1.358000,0
52.680000,0.597160,-0.520220,1.513376,-0.448869,-0.548314,1.590050,1.046406,1.451200,0
52.700000,0.598713,-0.506033,1.529067,-0.445869,-0.548372,1.590051,1.045440,1.357400,0
52.720000,0.597483,-0.489124,1.550245,-0.442869,-0.548429,1.590052,1.042041,1.362100,0
52.740000,0.598059,-0.516767,1.507152,-0.439870,-0.548487,1.590052,1.038413,1.385600,0
52.760000,0.598055,-0.505826,1.506993,-0.436870,-0.548545,1.590053,1.035806,1.372700,0
52.780000,0.598427,-0.497740,1.527396,-0.433870,-0.548603,1.590053,1.033549,1.394800,0
52.800000,0.600227,-0.462531,1.554475,-0.430871,-0.548661,1.590054,1.034689,1.455500,0
52.820000,0.597545,-0.481385,1.546680,-0.427871,-0.548719,1.590054,1.027624,1.385500,0
52.840000,0.598236,-0.482441,1.554064,-0.424872,-0.548777,1.590054,1.025257,1.449400,0
52.860000,0.598512,-0.473535,1.549782,-0.421872,-0.548835,1.590054,1.023159,1.406600,0
52.880000,0.598905,-0.470552,1.555940,-0.418872,-0.548892,1.590054,1.020788,1.412000,0
52.900000,0.597133,-0.473581,1.538953,-0.415873,-0.548950,1.590054,1.015806,1.579900,0
52.920000,0.598975,-0.460477,1.545533,-0.412873,-0.549008,1.590054,1.015713,1.893900,0
52.940000,0.597994,-0.460217,1.548928,-0.409874,-0.549066,1.590054,1.011776,1.360200,0
52.960000,0.598819,-0.438916,1.553906,-0.406874,-0.549124,1.590054,1.011713,1.479000,0
52.980000,0.598213,-0.459170,1.542426,-0.403875,-0.549181,1.590054,1.006122,1.325100,0
53.000000,0.599195,-0.463826,1.541930,-0.400876,-0.549239,1.590054,1.003711,1.393800,0
53.020000,0.600188,-0.447986,1.553373,-0.397876,-0.549297,1.590054,1.003193,1.408800,0
53.040000,0.601233,-0.449277,1.523237,-0.394877,-0.549355,1.590054,1.001125,1.385800,0
53.060000,0.601280,-0.449394,1.525281,-0.391877,-0.549413,1.590054,0.998181,1.393700,0
53.080000,0.601548,-0.450444,1.525782,-0.388878,-0.549470,1.590054,0.995364,1.406900,0
53.100000,0.602048,-0.438843,1.532806,-0.385878,-0.549528,1.590054,0.994107,1.425300,0
53.120000,0.600084,-0.441683,1.532374,-0.382879,-0.549586,1.590054,0.988867,1.523800,0
53.140000,0.601731,-0.440863,1.541576,-0.379879,-0.549644,1.590054,0.987619,1.426400,0
53.160000,0.600230,-0.442442,1.527067,-0.376880,-0.549701,1.590054,0.982980,1.431800,0
53.180000,0.599151,-0.439455,1.527892,-0.373881,-0.549759,1.590054,0.979264,1.404000,0
53.200000,0.597659,-0.431723,1.531847,-0.370881,-0.549817,1.590054,0.975713,1.393200,0
53.220000,0.596240,-0.424965,1.528642,-0.367882,-0.549875,1.590054,0.972180,1.398500,0
53.240000,0.596638,-0.406623,1.548471,-0.364882,-0.549933,1.590054,0.972141,1.387900,0
53.260000,0.596578,-0.415460,1.538022,-0.361883,-0.549990,1.590054,0.967856,1.353100,0
53.280000,0.597685,-0.403683,1.550018,-0.358883,-0.550048,1.590054,0.967701,1.391200,0
53.300000,0.597473,-0.414711,1.525599,-0.355884,-0.550106,1.590054,0.962923,1.513300,0
53.320000,0.595996,-0.433175,1.523709,-0.352884,-0.550164,1.590054,0.956065,1.415300,0
53.340000,0.595449,-0.444010,1.520615,-0.349885,-0.550221,1.590054,0.951282,1.765500,0
53.360000,0.597889,-0.412132,1.534763,-0.346886,-0.550279,1.590054,0.954822,1.469000,0
53.380000,0.597278,-0.427165,1.512141,-0.343886,-0.550337,1.590054,0.949190,1.434800,0
53.400000,0.597857,-0.410191,1.528319,-0.340887,-0.550395,1.590054,0.949156,1.415900,0
53.420000,0.596334,-0.405296,1.523721,-0.337887,-0.550452,1.590054,0.945430,1.416200,0
53.440000,0.596963,-0.397785,1.506195,-0.334888,-0.550510,1.590054,0.944284,1.389200,0
53.460000,0.595489,-0.398106,1.533768,-0.331888,-0.550568,1.590054,0.939826,1.408000,0
53.480000,0.594647,-0.400204,1.527052,-0.330964,-0.550553,1.580549,0.937743,1.387100,0
53.500000,0.596889,-0.385292,1.569614,-0.330791,-0.550551,1.560552,0.942285,2.169200,0
53.520000,0.595579,-0.394506,1.577246,-0.330777,-0.550550,1.542365,0.939407,1.712700,0
53.540000,0.597522,-0.385584,1.604719,-0.330780,-0.550549,1.524376,0.942845,1.536700,0
53.560000,0.597407,-0.377568,1.632830,-0.330783,-0.550548,1.506387,0.944171,1.409100,0
53.580000,0.596731,-0.383793,1.632553,-0.328594,-0.550394,1.497300,0.940203,1.444700,0
53.600000,0.596612,-0.381965,1.633077,-0.325600,-0.550171,1.497302,0.937426,1.388900,0
53.620000,0.596622,-0.390665,1.608788,-0.322605,-0.549949,1.497306,0.932925,1.459100,0
53.640000,0.597393,-0.386712,1.631791,-0.319612,-0.549727,1.497308,0.931382,1.393400,0
53.660000,0.599722,-0.390058,1.632102,-0.316618,-0.549505,1.497310,0.930108,1.466700,0
53.680000,0.600737,-0.381740,1.626774,-0.313625,-0.549284,1.497312,0.929585,1.401100,0
53.700000,0.601086,-0.360734,1.637932,-0.310632,-0.549063,1.497313,0.930966,1.397000,0
53.720000,0.602654,-0.386447,1.623573,-0.307640,-0.548842,1.497315,0.924666,1.418500,0
53.740000,0.603379,-0.367835,1.634953,-0.304647,-0.548622,1.497316,0.925848,1.388800,0
53.760000,0.604504,-0.382871,1.624835,-0.301655,-0.548401,1.497316,0.921154,1.417900,0
53.780000,0.602996,-0.362265,1.620572,-0.298662,-0.548181,1.497317,0.920626,1.606800,0
53.800000,0.602020,-0.366154,1.618003,-0.295670,-0.547961,1.497317,0.915916,1.436300,0
53.820000,0.600675,-0.342859,1.649573,-0.292678,-0.547740,1.497318,0.916546,1.388600,0
53.840000,0.602917,-0.344797,1.627835,-0.289686,-0.547520,1.497318,0.915334,1.395600,0
53.860000,0.601985,-0.335947,1.628223,-0.286694,-0.547300,1.497318,0.913466,1.426600,0
53.880000,0.600424,-0.332567,1.642880,-0.283702,-0.547080,1.497318,0.909777,1.399900,0
53.900000,0.601093,-0.331285,1.628666,-0.280710,-0.546860,1.497318,0.907771,1.415100,0
53.920000,0.601450,-0.329349,1.631208,-0.277718,-0.546639,1.497319,0.905622,1.387200,0
53.940000,0.601636,-0.332278,1.640197,-0.276869,-0.546591,1.486783,0.904268,1.388400,0
53.960000,0.600841,-0.328051,1.652033,-0.276696,-0.546576,1.466785,0.904336,1.377700,0
53.980000,0.602998,-0.343924,1.658963,-0.276695,-0.546575,1.448740,0.902733,1.361000,0
54.000000,0.602061,-0.329761,1.701341,-0.276698,-0.546575,1.430751,0.905111,1.650400,0
54.020000,0.604485,-0.351513,1.711054,-0.276701,-0.546574,1.412754,0.902517,1.449200,0
54.040000,0.602022,-0.332324,1.717165,-0.276706,-0.546573,1.394737,0.904469,1.454600,0
54.060000,0.601917,-0.326721,1.740320,-0.276711,-0.546572,1.376709,0.905716,1.386900,0
54.080000,0.600814,-0.322283,1.767759,-0.276717,-0.546571,1.358676,0.905740,1.473300,0
54.100000,0.601683,-0.326174,1.801837,-0.276722,-0.546570,1.340642,0.905632,1.442100,0
54.120000,0.604978,-0.338479,1.788494,-0.276727,-0.546569,1.322609,0.905928,1.405600,0
54.140000,0.605948,-0.333806,1.810030,-0.274363,-0.545940,1.316272,0.905510,1.406900,0
54.160000,0.606218,-0.336908,1.824910,-0.271456,-0.545183,1.316272,0.902048,1.372600,0
54.180000,0.606397,-0.329949,1.811091,-0.268550,-0.544426,1.316275,0.900851,1.384500,0
54.200000,0.605410,-0.334357,1.808727,-0.265645,-0.543669,1.316281,0.895851,1.356300,0
54.220000,0.604465,-0.329424,1.807473,-0.262739,-0.542913,1.316285,0.893096,1.503900,0
54.240000,0.599313,-0.307330,1.827458,-0.259835,-0.542157,1.316289,0.890663,1.367400,0
54.260000,0.603010,-0.317873,1.841741,-0.256930,-0.541401,1.316292,0.888517,1.444200,0
54.280000,0.603078,-0.317472,1.809606,-0.254026,-0.540645,1.316294,0.885682,1.429000,0
54.300000,0.600296,-0.300671,1.806211,-0.251121,-0.539890,1.316296,0.884385,1.393400,0
54.320000,0.601432,-0.305378,1.773354,-0.248217,-0.539134,1.316298,0.881218,1.405200,0
54.340000,0.600733,-0.306993,1.813261,-0.245314,-0.538379,1.316299,0.877118,1.356900,0
54.360000,0.595843,-0.286320,1.801511,-0.242410,-0.537624,1.316300,0.875113,1.356100,0
54.380000,0.595264,-0.283801,1.840337,-0.239506,-0.536868,1.316301,0.872286,1.409900,0
54.400000,0.598277,-0.295778,1.793614,-0.236602,-0.536113,1.316301,0.868783,1.348400,0
54.420000,0.598787,-0.299768,1.800562,-0.233699,-0.535358,1.316302,0.865179,1.411900,0
54.440000,0.596243,-0.286830,1.804541,-0.230795,-0.534603,1.316302,0.863356,1.491800,0
54.460000,0.594382,-0.281844,1.841462,-0.227892,-0.533847,1.316302,0.860023,1.451300,0
54.480000,0.592156,-0.274794,1.839009,-0.224988,-0.533092,1.316302,0.856996,1.394100,0
54.500000,0.591040,-0.268153,1.829373,-0.222085,-0.532337,1.316302,0.854965,1.363600,0
54.520000,0.592246,-0.273970,1.843283,-0.219181,-0.531582,1.316302,0.851339,1.382100,0
54.540000,0.595736,-0.283049,1.819428,-0.216278,-0.530827,1.316302,0.848977,1.357600,0
54.560000,0.591147,-0.268363,1.802628,-0.213374,-0.530071,1.316302,0.846017,1.370000,0
54.580000,0.592132,-0.272377,1.830021,-0.212743,-0.529967,1.302994,0.845090,1.419900,0
54.600000,0.592500,-0.274743,1.836408,-0.212603,-0.529928,1.283325,0.844577,1.445300,0
54.620000,0.590012,-0.267148,1.874019,-0.212606,-0.529928,1.265323,0.844540,1.458200,0
54.640000,0.588811,-0.263873,1.890091,-0.212610,-0.529928,1.247326,0.844429,1.412300,0
54.660000,0.587302,-0.260803,1.901121,-0.212614,-0.529928,1.229319,0.843976,1.509600,0
54.680000,0.593710,-0.274586,1.898154,-0.212618,-0.529927,1.211308,0.845792,1.357600,0
54.700000,0.590234,-0.258477,1.928433,-0.212622,-0.529927,1.193294,0.847504,1.405500,0
54.720000,0.594843,-0.278453,1.944581,-0.212626,-0.529926,1.175280,0.845721,1.353500,0
54.740000,0.589393,-0.259937,1.963117,-0.212630,-0.529925,1.157265,0.846247,1.373800,0
54.760000,0.600123,-0.280436,1.964105,-0.212634,-0.529924,1.139252,0.850187,1.378900,0
54.780000,0.594924,-0.268855,1.991262,-0.210229,-0.528815,1.135251,0.846080,1.426800,0
54.800000,0.592455,-0.261307,1.986998,-0.207506,-0.527547,1.135251,0.843102,1.417400,0
54.820000,0.594561,-0.263578,1.985838,-0.204784,-0.526279,1.135254,0.841406,1.381600,0
54.840000,0.590702,-0.259964,1.994542,-0.202062,-0.525012,1.135258,0.835898,1.403300,0
54.860000,0.588584,-0.254140,2.031779,-0.199340,-0.523746,1.135262,0.832774,1.394700,0
54.880000,0.590019,-0.253642,1.997879,-0.196619,-0.522479,1.135266,0.831308,1.353100,0
54.900000,0.592273,-0.257241,1.996274,-0.193898,-0.521213,1.135269,0.829304,2.276600,0
54.920000,0.589350,-0.251938,1.982045,-0.191177,-0.519947,1.135271,0.825258,1.392500,0
54.940000,0.587286,-0.247693,1.999037,-0.188456,-0.518681,1.135273,0.821712,1.353200,0
54.960000,0.578513,-0.226929,1.991249,-0.185735,-0.517415,1.135274,0.817592,1.417400,0
54.980000,0.586518,-0.243847,1.986482,-0.185305,-0.517215,1.119470,0.818804,1.391800,0
55.000000,0.577198,-0.220903,2.043724,-0.185238,-0.517182,1.100590,0.817979,1.375900,0
55.020000,0.585494,-0.241360,2.037681,-0.185241,-0.517182,1.082601,0.818603,1.396500,0
55.040000,0.584977,-0.240595,2.052137,-0.185244,-0.517183,1.064608,0.818377,1.361200,0
55.060000,0.579612,-0.228279,2.098513,-0.185248,-0.517183,1.046609,0.817604,1.392300,0
55.080000,0.584216,-0.236460,2.095433,-0.185251,-0.517183,1.028607,0.819076,1.368600,0
55.100000,0.589102,-0.243147,2.115596,-0.185255,-0.517183,1.010603,0.821416,1.681600,0
55.120000,0.585533,-0.236838,2.125089,-0.185258,-0.517182,0.992599,0.820189,1.473700,0
55.140000,0.585157,-0.235074,2.153658,-0.185261,-0.517182,0.974595,0.820444,1.439000,0
55.160000,0.588578,-0.237350,2.182407,-0.185264,-0.517181,0.956592,0.822883,1.401700,0
55.180000,0.595173,-0.249275,2.172051,-0.185266,-0.517181,0.938589,0.825142,1.365900,0
55.200000,0.592235,-0.242304,2.200454,-0.185269,-0.517180,0.920587,0.824663,1.378700,0
55.220000,0.602728,-0.262300,2.216685,-0.185272,-0.517179,0.902586,0.828195,1.368500,0
55.240000,0.589290,-0.242222,2.236356,-0.185274,-0.517179,0.884587,0.821919,1.366900,0
55.260000,0.587841,-0.236917,2.258506,-0.185277,-0.517178,0.866588,0.822349,1.375000,0
55.280000,0.595802,-0.247606,2.259792,-0.185279,-0.517177,0.848591,0.826290,1.362900,0
55.300000,0.592953,-0.242043,2.271632,-0.185281,-0.517176,0.830595,0.825437,1.405800,0
55.320000,0.586890,-0.232594,2.303015,-0.185284,-0.517175,0.812599,0.822946,1.484300,0
55.340000,0.601753,-0.248428,2.302835,-0.185286,-0.517175,0.794604,0.831658,1.393900,0
55.360000,0.587861,-0.232264,2.350128,-0.185288,-0.517174,0.776610,0.823974,1.427300,0
55.380000,0.596858,-0.242552,2.342584,-0.185290,-0.517173,0.758617,0.828958,1.457900,0
55.400000,0.593376,-0.242004,2.375350,-0.185292,-0.517172,0.740625,0.825858,1.458100,0
55.420000,0.596108,-0.242566,2.377807,-0.183406,-0.515109,0.738279,0.825785,1.492100,0
55.440000,0.576998,-0.221916,2.379311,-0.181384,-0.512886,0.738286,0.812285,1.490300,0
55.460000,0.581371,-0.225501,2.380651,-0.179363,-0.510665,0.738295,0.812426,1.486200,0
55.480000,0.575405,-0.220664,2.400633,-0.177342,-0.508444,0.738304,0.805882,1.535900,0
55.500000,0.578587,-0.224299,2.394581,-0.175321,-0.506224,0.738310,0.804897,1.520700,0
55.520000,0.572548,-0.218025,2.393538,-0.173300,-0.504004,0.738315,0.798795,1.815100,0
55.540000,0.577731,-0.220892,2.410987,-0.171280,-0.501784,0.738318,0.799948,1.552900,0
55.560000,0.570125,-0.212038,2.403992,-0.169260,-0.499565,0.738320,0.793323,1.387900,0
55.580000,0.571177,-0.212725,2.404447,-0.167240,-0.497345,0.738322,0.791371,1.414800,0
55.600000,0.576523,-0.220276,2.382261,-0.165220,-0.495126,0.738324,0.791028,1.445100,0
55.620000,0.568309,-0.208466,2.394999,-0.163201,-0.492907,0.738325,0.784866,1.491600,0
55.640000,0.560450,-0.200312,2.423380,-0.161181,-0.490688,0.738325,0.777862,1.437500,0
55.660000,0.565917,-0.207000,2.428428,-0.159161,-0.488469,0.738326,0.777793,1.411700,0
55.680000,0.566380,-0.206665,2.406755,-0.157142,-0.486250,0.738326,0.775662,1.375400,0
55.700000,0.560515,-0.198495,2.402217,-0.155122,-0.484031,0.738327,0.770498,1.406300,0
55.720000,0.550682,-0.189821,2.385866,-0.153103,-0.481812,0.738327,0.761953,1.459400,0
55.740000,0.558971,-0.199719,2.427916,-0.151084,-0.479593,0.738328,0.763222,1.679700,0
55.760000,0.539756,-0.181017,2.381661,-0.149064,-0.477375,0.738328,0.749868,1.451800,0
55.780000,0.546565,-0.189666,2.376233,-0.147045,-0.475156,0.738328,0.750066,1.415200,0
55.800000,0.552743,-0.194487,2.375186,-0.145026,-0.472937,0.738328,0.751276,1.439800,0
55.820000,0.547433,-0.186274,2.385451,-0.143007,-0.470718,0.738328,0.746736,1.409300,0
55.840000,0.556351,-0.194617,2.394827,-0.140988,-0.468499,0.738328,0.749195,1.447700,0
55.860000,0.547138,-0.182440,2.397068,-0.138968,-0.466281,0.738328,0.742501,1.435800,0
55.880000,0.551883,-0.186820,2.415683,-0.136949,-0.464062,0.738328,0.742532,1.487400,0
55.900000,0.534240,-0.171314,2.394160,-0.134930,-0.461843,0.738328,0.729518,1.410700,0
55.920000,0.536160,-0.174283,2.394706,-0.132911,-0.459624,0.738329,0.727375,1.443300,0
55.940000,0.538654,-0.175200,2.382632,-0.130892,-0.457405,0.738329,0.726589,1.428400,0
55.960000,0.537794,-0.174665,2.404528,-0.128872,-0.455187,0.738329,0.723281,1.505100,0
55.980000,0.533904,-0.173181,2.387545,-0.126853,-0.452968,0.738329,0.717552,1.445300,0
56.000000,0.533046,-0.173368,2.394175,-0.124834,-0.450749,0.738329,0.713965,1.394000,0
56.020000,0.528796,-0.169475,2.389456,-0.122815,-0.448530,0.738329,0.708850,1.439300,0
56.040000,0.528021,-0.167923,2.401071,-0.122581,-0.448271,0.720784,0.708434,1.419100,0
56.060000,0.534167,-0.174981,2.417226,-0.122569,-0.448256,0.702545,0.711323,1.463000,0
56.080000,0.526306,-0.168107,2.442316,-0.122572,-0.448259,0.684556,0.706773,1.404800,0
56.100000,0.536873,-0.177513,2.451603,-0.122575,-0.448260,0.666564,0.712865,1.413200,0
56.120000,0.548753,-0.187831,2.476546,-0.122578,-0.448261,0.648569,0.720076,1.470700,0
56.140000,0.530252,-0.173198,2.505603,-0.122581,-0.448262,0.630573,0.708415,1.488700,0
56.160000,0.538465,-0.177703,2.505079,-0.122584,-0.448262,0.612576,0.714274,1.432600,0
56.180000,0.526607,-0.167652,2.528777,-0.122587,-0.448263,0.594580,0.707245,1.573900,0
56.200000,0.536912,-0.178199,2.540255,-0.122589,-0.448263,0.576584,0.712654,1.444700,0
56.220000,0.525739,-0.170217,2.559741,-0.122592,-0.448263,0.558589,0.705438,1.436900,0
56.240000,0.533852,-0.176433,2.557453,-0.122594,-0.448262,0.540595,0.710501,1.425600,0
56.260000,0.517351,-0.163764,2.581915,-0.122597,-0.448262,0.522601,0.700337,1.399100,0
56.280000,0.517735,-0.161519,2.596504,-0.122599,-0.448262,0.504609,0.701605,1.438400,0
56.300000,0.521315,-0.162028,2.626195,-0.122601,-0.448262,0.486617,0.704668,1.435000,0
56.320000,0.518683,-0.159856,2.639809,-0.122604,-0.448261,0.468626,0.703154,1.413500,0
56.340000,0.542181,-0.174110,2.677638,-0.122606,-0.448261,0.450636,0.719097,1.448100,0
56.360000,0.535608,-0.169131,2.681024,-0.122608,-0.448261,0.432647,0.714956,1.424900,0
56.380000,0.532496,-0.169997,2.712136,-0.122610,-0.448260,0.414658,0.711754,1.429300,0
56.400000,0.528719,-0.168148,2.731030,-0.122612,-0.448260,0.396670,0.709009,1.763400,0
56.420000,0.524184,-0.165324,2.746427,-0.122614,-0.448259,0.378683,0.705975,1.442800,0
56.440000,0.532342,-0.166923,2.753481,-0.122616,-0.448259,0.360696,0.712825,1.409800,0
56.460000,0.538586,-0.169145,2.773100,-0.122618,-0.448259,0.342709,0.717702,1.432800,0
56.480000,0.530502,-0.166304,2.806869,-0.122620,-0.448258,0.324723,0.711384,1.448000,0
56.500000,0.532407,-0.165166,2.805827,-0.122622,-0.448258,0.306737,0.713586,1.482900,0
56.520000,0.550276,-0.170961,2.836068,-0.122624,-0.448258,0.288752,0.727797,1.439200,0
56.540000,0.531248,-0.164729,2.835363,-0.121839,-0.445969,0.285271,0.711069,1.437000,0
56.560000,0.532371,-0.164695,2.835320,-0.120994,-0.443087,0.285273,0.710203,1.419700,0
56.580000,0.525044,-0.160821,2.860192,-0.120149,-0.440205,0.285286,0.703086,1.442600,0
56.600000,0.539152,-0.164585,2.843499,-0.119304,-0.437323,0.285295,0.712707,1.497800,0
56.620000,0.519626,-0.158210,2.857022,-0.118459,-0.434442,0.285302,0.695310,1.442700,0
56.640000,0.524800,-0.157014,2.857635,-0.117613,-0.431562,0.285307,0.698621,1.411800,0
56.660000,0.508739,-0.151429,2.855627,-0.116768,-0.428682,0.285310,0.684199,1.602800,0
56.680000,0.506321,-0.150910,2.850159,-0.115923,-0.425802,0.285312,0.680259,1.763500,0
56.700000,0.508137,-0.150428,2.861437,-0.115078,-0.422922,0.285313,0.680184,1.382900,0
56.720000,0.504342,-0.147397,2.849644,-0.114234,-0.420043,0.285314,0.675997,1.377900,0
56.740000,0.515144,-0.150580,2.824439,-0.113389,-0.417163,0.285315,0.682730,1.388600,0
56.760000,0.498874,-0.145213,2.850822,-0.112544,-0.414284,0.285316,0.668005,1.395100,0
56.780000,0.506759,-0.147749,2.851304,-0.111699,-0.411405,0.285317,0.672313,1.362700,0
56.800000,0.504432,-0.148989,2.834541,-0.110855,-0.408526,0.285317,0.667786,1.389900,0
56.820000,0.501256,-0.147801,2.858905,-0.110010,-0.405647,0.285318,0.663423,1.592800,0
56.840000,0.489081,-0.143305,2.865919,-0.109166,-0.402769,0.285318,0.652090,1.439200,0
56.860000,0.490081,-0.142358,2.860555,-0.108321,-0.399890,0.285319,0.651465,1.436700,0
56.880000,0.481354,-0.139096,2.871937,-0.107477,-0.397011,0.285319,0.642839,1.419900,0
56.900000,0.481275,-0.140166,2.867055,-0.106632,-0.394132,0.285319,0.640416,1.383400,0
56.920000,0.476411,-0.138709,2.823207,-0.105788,-0.391253,0.285319,0.634614,1.437000,0
56.940000,0.464959,-0.134720,2.818107,-0.105706,-0.390718,0.270671,0.625455,1.539500,0
56.960000,0.486233,-0.143580,2.875930,-0.105740,-0.390608,0.251344,0.641447,1.455400,0
56.980000,0.468465,-0.138627,2.901668,-0.105742,-0.390611,0.233357,0.627064,1.453500,0
57.000000,0.477021,-0.141709,2.910417,-0.105744,-0.390614,0.215368,0.633695,1.452000,0
57.020000,0.472434,-0.138768,2.915208,-0.105746,-0.390616,0.197378,0.630650,1.468500,0
57.040000,0.483767,-0.140082,2.956589,-0.105748,-0.390617,0.179387,0.640543,1.561300,0
57.060000,0.478760,-0.139695,2.979449,-0.105750,-0.390619,0.161396,0.636093,1.476700,0
57.080000,0.472953,-0.137882,2.979452,-0.105752,-0.390620,0.143406,0.631487,1.458900,0
57.100000,0.472595,-0.137571,2.991874,-0.105754,-0.390620,0.125416,0.631286,1.429700,0
57.120000,0.471031,-0.138276,3.026599,-0.105756,-0.390621,0.107427,0.629572,1.437900,0
57.140000,0.458231,-0.135393,3.052670,-0.105758,-0.390622,0.089439,0.619052,1.445600,0
57.160000,0.481085,-0.139073,3.071087,-0.105760,-0.390622,0.071451,0.638486,1.425000,0
57.180000,0.469520,-0.136360,3.051618,-0.105762,-0.390622,0.053464,0.628966,1.410600,0
57.200000,0.481472,-0.136870,3.069018,-0.105764,-0.390623,0.035478,0.639716,1.479500,0
57.220000,0.462269,-0.133338,3.083662,-0.105634,-0.388462,0.026017,0.622577,1.444600,0
57.240000,0.484343,-0.134821,3.107981,-0.105558,-0.385460,0.026019,0.640939,1.423900,0
57.260000,0.468019,-0.134826,3.103129,-0.105482,-0.382458,0.026024,0.624680,1.543200,0
57.280000,0.455598,-0.132856,3.094850,-0.105405,-0.379456,0.026032,0.612810,1.476600,0
57.300000,0.463487,-0.132849,3.085033,-0.105328,-0.376454,0.026038,0.618784,1.447000,0
57.320000,0.444946,-0.131617,3.087463,-0.105250,-0.373453,0.026043,0.601000,1.422500,0
57.340000,0.468166,-0.132916,3.128252,-0.105172,-0.370453,0.026047,0.620597,1.463200,0
57.360000,0.461190,-0.131331,3.107041,-0.105094,-0.367453,0.026050,0.613540,1.475300,0
57.380000,0.458896,-0.132462,3.085630,-0.105016,-0.364453,0.026053,0.609767,1.428800,0
57.400000,0.437066,-0.131325,3.099418,-0.104937,-0.361453,0.026055,0.588835,1.416700,0
57.420000,0.444053,-0.128891,3.091474,-0.104859,-0.358454,0.026057,0.594981,1.473100,0
57.440000,0.458006,-0.131083,3.103163,-0.104781,-0.355454,0.026058,0.605864,1.456300,0
57.460000,0.429352,-0.130102,3.097297,-0.104702,-0.352455,0.026059,0.578493,1.472000,0
57.480000,0.438191,-0.129285,3.095790,-0.104624,-0.349456,0.026060,0.585767,1.394400,0
57.500000,0.432051,-0.128035,3.092424,-0.104545,-0.346456,0.026061,0.579347,1.490000,0
57.520000,0.422513,-0.128192,3.092872,-0.104467,-0.343457,0.026061,0.569252,1.483700,0
57.540000,0.416323,-0.128381,3.105219,-0.104389,-0.340458,0.026061,0.562243,1.425600,0
57.560000,0.423297,-0.130303,3.085912,-0.104310,-0.337459,0.026062,0.566818,1.393900,0
57.580000,0.422244,-0.132066,3.121831,-0.104232,-0.334460,0.026062,0.564039,1.485300,0
57.600000,0.416511,-0.129460,3.092362,-0.104154,-0.331461,0.026062,0.558477,1.461000,0
57.620000,0.420151,-0.129714,3.101973,-0.104076,-0.328462,0.026062,0.560638,1.424800,0
57.640000,0.414737,-0.128439,3.103120,-0.103998,-0.325463,0.026062,0.554891,1.492600,0
57.660000,0.416887,-0.126968,3.095223,-0.103998,-0.324954,0.025798,0.557243,1.490200,0
57.680000,0.417241,-0.127224,3.087701,-0.103997,-0.324953,0.025798,0.557482,1.486600,0
57.700000,0.410269,-0.126284,3.111054,-0.103997,-0.324954,0.025798,0.551307,1.384300,0
57.720000,0.422895,-0.126261,3.102967,-0.103997,-0.324954,0.025798,0.563111,1.476200,0
57.740000,0.413021,-0.126871,3.128815,-0.103997,-0.324954,0.025798,0.553665,1.471400,0
57.760000,0.420759,-0.127698,3.097311,-0.103997,-0.324954,0.025798,0.560606,1.580700,0
57.780000,0.398841,-0.127690,3.081928,-0.103997,-0.324954,0.025798,0.540147,1.388800,0
57.800000,0.415311,-0.129406,3.088568,-0.103997,-0.324954,0.025798,0.554905,1.492100,0
57.820000,0.424341,-0.129132,3.111542,-0.103997,-0.324954,0.025798,0.563460,1.536100,0
57.840000,0.412961,-0.127629,3.095578,-0.103997,-0.324954,0.025798,0.553337,1.632400,0
57.860000,0.407534,-0.126477,3.127359,-0.103997,-0.324954,0.025798,0.548687,1.595500,0
57.880000,0.421344,-0.126225,3.110788,-0.103997,-0.324954,0.025798,0.561672,1.522800,0
57.900000,0.409820,-0.127121,3.113745,-0.103997,-0.324954,0.025798,0.550586,1.649500,0
57.920000,0.416306,-0.127978,3.106704,-0.103997,-0.324954,0.025798,0.556341,1.545200,0
57.940000,0.412459,-0.127963,3.108339,-0.103997,-0.324954,0.025798,0.552750,1.641900,0
57.960000,0.423461,-0.129086,3.092587,-0.103997,-0.324954,0.025798,0.562651,1.597300,0
57.980000,0.408561,-0.127863,3.094087,-0.103997,-0.324954,0.025798,0.549145,1.537000,0
58.000000,0.406915,-0.127773,3.115839,-0.103997,-0.324954,0.025798,0.547642,1.548400,0
58.020000,0.423512,-0.129184,3.093763,-0.103997,-0.324954,0.025798,0.562665,1.419300,0
58.040000,0.397008,-0.127905,3.077810,-0.103997,-0.324954,0.025798,0.538363,1.436100,0
58.060000,0.416442,-0.128803,3.097734,-0.103997,-0.324954,0.025798,0.556176,1.404500,0
58.080000,0.396076,-0.128306,3.077878,-0.103997,-0.324954,0.025798,0.537348,1.838600,0
58.100000,0.406479,-0.128755,3.109909,-0.103997,-0.324954,0.025798,0.546882,1.461800,0
58.120000,0.413648,-0.129821,3.089565,-0.103997,-0.324954,0.025798,0.553202,1.444600,0
58.140000,0.415003,-0.130181,3.120276,-0.103997,-0.324954,0.025798,0.554344,1.399700,0
58.160000,0.418857,-0.129627,3.100505,-0.103997,-0.324954,0.025798,0.558148,1.415200,0
58.180000,0.424464,-0.130024,3.109572,-0.103997,-0.324954,0.025798,0.563266,1.374700,0
58.200000,0.388993,-0.129284,3.064504,-0.103997,-0.324954,0.025798,0.530402,1.392100,0
58.220000,0.407201,-0.130342,3.079780,-0.103997,-0.324954,0.025798,0.546990,1.485400,0
58.240000,0.414641,-0.131347,3.118356,-0.103997,-0.324954,0.025798,0.553596,1.423300,0
58.260000,0.406759,-0.129618,3.105780,-0.103997,-0.324954,0.025798,0.546834,1.466700,0
58.280000,0.402130,-0.129311,3.106725,-0.103997,-0.324954,0.025798,0.542623,1.407300,0
58.300000,0.414035,-0.129772,3.090672,-0.103997,-0.324954,0.025798,0.553582,1.461000,0
58.320000,0.408768,-0.130363,3.110602,-0.103997,-0.324954,0.025798,0.548446,1.446700,0
58.340000,0.421200,-0.132169,3.099621,-0.103997,-0.324954,0.025798,0.559462,1.441800,0
58.360000,0.426321,-0.132429,3.111525,-0.103997,-0.324954,0.025798,0.564184,1.412000,0
58.380000,0.409395,-0.131378,3.105604,-0.103997,-0.324954,0.025798,0.548674,1.405100,0
58.400000,0.414978,-0.129800,3.097828,-0.103997,-0.324954,0.025798,0.554455,1.440500,0
58.420000,0.410268,-0.129072,3.127108,-0.103997,-0.324954,0.025798,0.550307,1.472600,0
58.440000,0.432097,-0.129916,3.116091,-0.103997,-0.324954,0.025798,0.570470,1.471500,0
58.460000,0.401182,-0.128300,3.070676,-0.103997,-0.324954,0.025798,0.542106,1.403400,0
58.480000,0.423473,-0.129567,3.121390,-0.103997,-0.324954,0.025798,0.562495,1.433900,0
58.500000,0.411836,-0.128987,3.107560,-0.103997,-0.324954,0.025798,0.551803,1.402400,0
58.520000,0.422347,-0.128459,3.130331,-0.103997,-0.324954,0.025798,0.561826,1.483800,0
58.540000,0.413129,-0.128287,3.101086,-0.103997,-0.324954,0.025798,0.553260,1.549900,0
58.560000,0.402964,-0.128670,3.114149,-0.103997,-0.324954,0.025798,0.543633,1.466200,0
58.580000,0.427786,-0.129113,3.110053,-0.103997,-0.324954,0.025798,0.566698,1.406200,0
58.600000,0.409998,-0.128669,3.111565,-0.103997,-0.324954,0.025798,0.550199,1.405600,0
58.620000,0.417106,-0.128599,3.100324,-0.103997,-0.324954,0.025798,0.556870,1.436400,0
58.640000,0.409219,-0.128407,3.091405,-0.103997,-0.324954,0.025798,0.549565,1.405600,0
58.660000,0.422744,-0.129348,3.129141,-0.103997,-0.324954,0.025798,0.561888,1.476300,0
58.680000,0.418980,-0.130018,3.101119,-0.103997,-0.324954,0.025798,0.558126,1.436200,0
58.700000,0.423234,-0.129113,3.099248,-0.103997,-0.324954,0.025798,0.562428,1.420500,0
58.720000,0.415014,-0.129559,3.097424,-0.103997,-0.324954,0.025798,0.554573,1.416600,0
58.740000,0.408983,-0.128930,3.128527,-0.103997,-0.324954,0.025798,0.549157,1.439600,0
58.760000,0.402224,-0.129180,3.121433,-0.103997,-0.324954,0.025798,0.542759,1.477400,0
58.780000,0.410108,-0.129883,3.112368,-0.103997,-0.324954,0.025798,0.549870,1.490600,0
58.800000,0.423049,-0.130744,3.100769,-0.103997,-0.324954,0.025798,0.561689,1.409800,0
58.820000,0.412218,-0.130787,3.117156,-0.103997,-0.324954,0.025798,0.551524,1.444200,0
58.840000,0.419494,-0.130232,3.094049,-0.103997,-0.324954,0.025798,0.558533,1.469200,0
58.860000,0.428662,-0.130932,3.115152,-0.103997,-0.324954,0.025798,0.566895,1.471900,0
58.880000,0.410639,-0.129236,3.102554,-0.103997,-0.324954,0.025798,0.550596,1.490400,0
58.900000,0.408167,-0.129462,3.114478,-0.103997,-0.324954,0.025798,0.548206,1.446600,0
58.920000,0.400072,-0.128726,3.081640,-0.103997,-0.324954,0.025798,0.540916,1.461200,0
58.940000,0.424627,-0.129341,3.115688,-0.103997,-0.324954,0.025798,0.563656,1.495900,0
58.960000,0.412777,-0.129268,3.099159,-0.103997,-0.324954,0.025798,0.552584,1.514200,0
58.980000,0.405303,-0.128850,3.099973,-0.103997,-0.324954,0.025798,0.545751,1.566500,0
59.000000,0.403658,-0.129213,3.085312,-0.103997,-0.324954,0.025798,0.544085,1.445400,0
59.020000,0.414279,-0.129316,3.098452,-0.103997,-0.324954,0.025798,0.553971,1.423500,0
59.040000,0.400861,-0.128103,3.095865,-0.103997,-0.324954,0.025798,0.541878,1.435900,0
59.060000,0.412290,-0.129440,3.095578,-0.103997,-0.324954,0.025798,0.552067,1.414100,0
59.080000,0.426703,-0.130118,3.112788,-0.103997,-0.324954,0.025798,0.565335,1.439600,0
59.100000,0.410472,-0.128929,3.093236,-0.103997,-0.324954,0.025798,0.550549,1.405400,0
59.120000,0.420253,-0.128827,3.098964,-0.103997,-0.324954,0.025798,0.559736,1.449000,0
59.140000,0.413587,-0.127990,3.100538,-0.103997,-0.324954,0.025798,0.553794,1.453500,0
59.160000,0.418203,-0.129028,3.098207,-0.103997,-0.324954,0.025798,0.557745,1.427400,0
59.180000,0.422532,-0.129049,3.117487,-0.103997,-0.324954,0.025798,0.561793,1.433500,0
59.200000,0.428986,-0.129290,3.106298,-0.103997,-0.324954,0.025798,0.567764,1.547900,0
59.220000,0.414631,-0.128377,3.099678,-0.103997,-0.324954,0.025798,0.554632,1.486400,0
59.240000,0.404660,-0.128090,3.098908,-0.103997,-0.324954,0.025798,0.545424,1.468400,0
59.260000,0.411973,-0.127682,3.093884,-0.103997,-0.324954,0.025798,0.552396,1.468100,0
59.280000,0.420160,-0.128376,3.103345,-0.103997,-0.324954,0.025798,0.559807,1.460000,0
59.300000,0.413802,-0.129008,3.091907,-0.103997,-0.324954,0.025798,0.553634,1.462300,0
59.320000,0.398403,-0.129376,3.101675,-0.103997,-0.324954,0.025798,0.539126,1.456400,0
59.340000,0.407157,-0.129362,3.100816,-0.103997,-0.324954,0.025798,0.547297,1.440400,0
59.360000,0.404934,-0.129002,3.110880,-0.103997,-0.324954,0.025798,0.545351,1.422300,0
59.380000,0.409142,-0.130190,3.098059,-0.103997,-0.324954,0.025798,0.548858,1.521500,0
59.400000,0.418463,-0.130700,-3.136175,-0.103997,-0.324954,0.025798,0.557404,1.451600,0
59.420000,0.408989,-0.130050,3.107982,-0.103997,-0.324954,0.025798,0.548765,1.604600,0
59.440000,0.423587,-0.131916,3.121322,-0.103997,-0.324954,0.025798,0.561791,1.423000,0
59.460000,0.423257,-0.131073,3.107610,-0.103997,-0.324954,0.025798,0.561771,1.488000,0
59.480000,0.412784,-0.130652,3.098906,-0.103997,-0.324954,0.025798,0.552101,1.400200,0
59.500000,0.405120,-0.128710,3.109959,-0.103997,-0.324954,0.025798,0.545629,1.448800,0
59.520000,0.415574,-0.127940,3.113361,-0.103997,-0.324954,0.025798,0.555669,1.473200,0
59.540000,0.416657,-0.127696,3.084809,-0.103997,-0.324954,0.025798,0.556769,1.457300,0
59.560000,0.408896,-0.127639,3.094117,-0.103997,-0.324954,0.025798,0.549538,1.469100,0
59.580000,0.415089,-0.128014,3.106665,-0.103997,-0.324954,0.025798,0.555190,1.450100,0
59.600000,0.415987,-0.128945,3.102999,-0.103997,-0.324954,0.025798,0.555700,1.464900,0
59.620000,0.422505,-0.129227,3.098929,-0.103997,-0.324954,0.025798,0.561706,1.508200,0
59.640000,0.427487,-0.129296,3.113972,-0.103997,-0.324954,0.025798,0.566355,1.480400,0
59.660000,0.404014,-0.128046,3.112836,-0.103997,-0.324954,0.025798,0.544837,1.405300,0
59.680000,0.416541,-0.128918,3.099793,-0.103997,-0.324954,0.025798,0.556228,1.443200,0
59.700000,0.407180,-0.127190,3.127883,-0.103997,-0.324954,0.025798,0.548099,1.411200,0
59.720000,0.411465,-0.127209,3.135022,-0.103997,-0.324954,0.025798,0.552091,1.440700,0
59.740000,0.406048,-0.127156,3.090025,-0.103997,-0.324954,0.025798,0.547056,1.401600,0
