timestamp,est_x,est_y,est_theta,gt_x,gt_y,gt_theta,error_m,update_time_ms,kidnapped
0.020000,-0.549681,-0.446054,1.515013,-0.550000,-0.458800,0.000000,0.012750,16.748500,0
0.040000,-0.512295,-0.501883,1.562304,-0.550000,-0.458800,0.000000,0.057252,15.297400,0
0.060000,-0.507194,-0.486872,1.547526,-0.550000,-0.458800,0.000000,0.051190,15.498400,0
0.080000,-0.503722,-0.495013,1.543581,-0.550000,-0.458800,0.000000,0.058762,17.062100,0
0.100000,-0.501594,-0.494418,1.561612,-0.550000,-0.458800,0.000000,0.060098,22.160600,0
0.120000,-0.502899,-0.488755,1.557907,-0.550000,-0.458800,0.000000,0.055819,22.862100,0
0.140000,-0.502166,-0.489896,1.545192,-0.550000,-0.458800,0.000000,0.057053,21.866400,0
0.160000,-0.501916,-0.489695,1.559852,-0.550000,-0.458800,0.000000,0.057154,22.364000,0
0.180000,-0.503655,-0.488265,1.561363,-0.550000,-0.458800,0.000000,0.054919,25.409900,0
0.200000,-0.498527,-0.497681,1.570236,-0.550000,-0.458800,0.000000,0.064507,27.197600,0
0.220000,-0.501816,-0.494592,1.568940,-0.550000,-0.458800,0.000000,0.060023,19.617100,0
0.240000,-0.500498,-0.483927,1.546871,-0.550000,-0.458800,0.000000,0.055514,16.676600,0
0.260000,-0.499838,-0.483309,1.548440,-0.550000,-0.458800,0.000000,0.055829,21.205400,0
0.280000,-0.503269,-0.473267,1.526052,-0.550000,-0.458800,0.000000,0.048919,19.295700,0
0.300000,-0.506732,-0.486626,1.549068,-0.550000,-0.458800,0.000000,0.051443,16.265300,0
0.320000,-0.500478,-0.490591,1.547842,-0.550000,-0.458800,0.000000,0.058848,14.924100,0
0.340000,-0.503290,-0.488586,1.549285,-0.550000,-0.458800,0.000000,0.055399,15.858000,0
0.360000,-0.503406,-0.487400,1.546689,-0.550000,-0.458800,0.000000,0.054671,13.292300,0
0.380000,-0.503524,-0.486232,1.536908,-0.550000,-0.458800,0.000000,0.053968,21.864300,0
0.400000,-0.499522,-0.489599,1.551364,-0.550000,-0.458800,0.000000,0.059132,8.525800,0
0.420000,-0.502081,-0.486412,1.556185,-0.550000,-0.458800,0.000000,0.055305,16.420800,0
0.440000,-0.501556,-0.485861,1.551975,-0.550000,-0.458800,0.000000,0.055490,13.731200,0
0.460000,-0.500239,-0.488064,1.558060,-0.550000,-0.458800,0.000000,0.057728,13.260600,0
0.480000,-0.498006,-0.492883,1.565273,-0.550000,-0.458800,0.000000,0.062170,16.714600,0
0.500000,-0.498718,-0.487513,1.545377,-0.550000,-0.458800,0.000000,0.058773,12.641600,0
0.520000,-0.501560,-0.487401,1.550231,-0.550000,-0.458800,0.000000,0.056253,18.223300,0
0.540000,-0.500732,-0.494815,1.555936,-0.550000,-0.458800,0.000000,0.061028,17.694900,0
0.560000,-0.500209,-0.491360,1.555969,-0.550000,-0.458800,0.000000,0.059493,12.916100,0
0.580000,-0.499365,-0.488908,1.561683,-0.550000,-0.458800,0.000000,0.058910,16.150100,0
0.600000,-0.503932,-0.497695,1.565394,-0.550000,-0.458800,0.000000,0.060291,16.100500,0
0.620000,-0.498283,-0.494356,1.569305,-0.550000,-0.458800,0.000000,0.062760,15.575000,0
0.640000,-0.498037,-0.491682,1.561580,-0.550000,-0.458800,0.000000,0.061493,16.287400,0
0.660000,-0.499442,-0.501776,1.584598,-0.550000,-0.458800,0.000000,0.066356,15.062000,0
0.680000,-0.503285,-0.499503,1.565650,-0.550000,-0.458800,0.000000,0.061960,14.441800,0
0.700000,-0.502774,-0.486779,1.548284,-0.550000,-0.458800,0.000000,0.054892,14.344000,0
0.720000,-0.499291,-0.480155,1.533586,-0.550000,-0.458800,0.000000,0.055022,15.342000,0
0.740000,-0.500575,-0.495704,1.564554,-0.550000,-0.458800,0.000000,0.061682,14.508400,0
0.760000,-0.504637,-0.491173,1.562527,-0.550000,-0.458800,0.000000,0.055730,14.189800,0
0.780000,-0.506904,-0.493385,1.560260,-0.550000,-0.458800,0.000000,0.055257,14.614200,0
0.800000,-0.504728,-0.499274,1.564786,-0.550000,-0.458800,0.000000,0.060726,14.311300,0
0.820000,-0.501182,-0.496098,1.564674,-0.550000,-0.458800,0.000000,0.061436,14.149700,0
0.840000,-0.505046,-0.498670,1.569792,-0.550000,-0.458800,0.000000,0.060087,15.369500,0
0.860000,-0.508239,-0.493290,1.562928,-0.550000,-0.458800,0.000000,0.054162,14.980000,0
0.880000,-0.504593,-0.492981,1.556107,-0.550000,-0.458800,0.000000,0.056834,14.122500,0
0.900000,-0.503371,-0.489326,1.540748,-0.550000,-0.458800,0.000000,0.055733,14.640600,0
0.920000,-0.501289,-0.484371,1.552644,-0.550000,-0.458800,0.000000,0.055015,14.744900,0
0.940000,-0.501047,-0.491265,1.557535,-0.550000,-0.458800,0.000000,0.058740,16.058700,0
0.960000,-0.500768,-0.500152,1.566706,-0.550000,-0.458800,0.000000,0.064295,17.017900,0
0.980000,-0.503277,-0.486321,1.565743,-0.550000,-0.458800,0.000000,0.054226,14.932100,0
1.000000,-0.503326,-0.494426,1.564174,-0.550000,-0.458800,0.000000,0.058717,12.590400,0
1.020000,-0.498872,-0.488171,1.558414,-0.550000,-0.458800,0.000000,0.058963,7.243500,0
1.040000,-0.502632,-0.492394,1.551414,-0.550000,-0.458800,0.000000,0.058072,11.450400,0
1.060000,-0.502736,-0.484466,1.537322,-0.550000,-0.458800,0.000000,0.053783,15.776400,0
1.080000,-0.497632,-0.497901,1.552967,-0.550000,-0.458800,0.000000,0.065355,16.350800,0
1.100000,-0.498563,-0.483999,1.543838,-0.550000,-0.458800,0.000000,0.057278,14.821400,0
1.120000,-0.501110,-0.491306,1.548949,-0.550000,-0.458800,0.000000,0.058710,18.332300,0
1.140000,-0.502056,-0.499375,1.573115,-0.550000,-0.458800,0.000000,0.062808,17.002800,0
1.160000,-0.503435,-0.488812,1.559434,-0.550000,-0.458800,0.000000,0.055399,16.722700,0
1.180000,-0.502847,-0.491174,1.564374,-0.550000,-0.458800,0.000000,0.057197,17.108700,0
1.200000,-0.504639,-0.489771,1.551090,-0.550000,-0.458800,0.000000,0.054926,19.006000,0
1.220000,-0.500569,-0.487790,1.555600,-0.550000,-0.458800,0.000000,0.057305,24.450500,0
1.240000,-0.503497,-0.488676,1.557423,-0.550000,-0.458800,0.000000,0.055273,16.297500,0
1.260000,-0.503415,-0.500893,1.576543,-0.550000,-0.458800,0.000000,0.062785,16.555400,0
1.280000,-0.499707,-0.488589,1.557841,-0.550000,-0.458800,0.000000,0.058454,15.668300,0
1.300000,-0.503246,-0.496208,1.566063,-0.550000,-0.458800,0.000000,0.059878,15.659300,0
1.320000,-0.502911,-0.493013,1.557007,-0.550000,-0.458800,0.000000,0.058205,15.510300,0
1.340000,-0.502600,-0.497100,1.577189,-0.550000,-0.458800,0.000000,0.060940,15.351700,0
1.360000,-0.502285,-0.493379,1.562026,-0.550000,-0.458800,0.000000,0.058927,17.312900,0
1.380000,-0.505083,-0.487806,1.554988,-0.550000,-0.458800,0.000000,0.053468,19.056300,0
1.400000,-0.500899,-0.481481,1.533560,-0.550000,-0.458800,0.000000,0.054086,17.115700,0
1.420000,-0.500883,-0.486262,1.553525,-0.550000,-0.458800,0.000000,0.056273,18.459100,0
1.440000,-0.500442,-0.499304,1.566654,-0.550000,-0.458800,0.000000,0.064005,34.576700,0
1.460000,-0.497331,-0.496450,1.586145,-0.550000,-0.458800,0.000000,0.064742,28.690100,0
1.480000,-0.498436,-0.496124,1.564541,-0.550000,-0.458800,0.000000,0.063655,27.915000,0
1.500000,-0.499328,-0.491780,1.569866,-0.550000,-0.458800,0.000000,0.060459,16.757700,0
1.520000,-0.500150,-0.491381,1.566676,-0.550000,-0.458800,0.000000,0.059553,15.919100,0
1.540000,-0.503081,-0.487023,1.548277,-0.550000,-0.458800,0.000000,0.054753,25.199300,0
1.560000,-0.503898,-0.461094,1.553816,-0.550000,-0.458800,0.000000,0.046159,9.491600,0
1.580000,-0.503112,-0.490476,1.556805,-0.550000,-0.458800,0.000000,0.056585,12.610300,0
1.600000,-0.501277,-0.490672,1.568492,-0.550000,-0.458800,0.000000,0.058221,21.351100,0
1.620000,-0.499995,-0.497618,1.565460,-0.550000,-0.458800,0.000000,0.063303,18.040200,0
1.640000,-0.503782,-0.500779,1.571456,-0.550000,-0.458800,0.000000,0.062436,14.618900,0
1.660000,-0.503206,-0.494102,1.564466,-0.550000,-0.458800,0.000000,0.058617,14.945800,0
1.680000,-0.500693,-0.490984,1.564541,-0.550000,-0.458800,0.000000,0.058881,16.631200,0
1.700000,-0.499504,-0.501119,1.572008,-0.550000,-0.458800,0.000000,0.065884,12.552400,0
1.720000,-0.500239,-0.494398,1.563216,-0.550000,-0.458800,0.000000,0.061183,18.074400,0
1.740000,-0.501068,-0.501357,1.567399,-0.550000,-0.458800,0.000000,0.064850,16.967900,0
1.760000,-0.500202,-0.489884,1.564059,-0.550000,-0.458800,0.000000,0.058703,15.630200,0
1.780000,-0.503253,-0.492778,1.548832,-0.550000,-0.458800,0.000000,0.057790,14.573500,0
1.800000,-0.501509,-0.492231,1.554972,-0.550000,-0.458800,0.000000,0.058898,18.160400,0
1.820000,-0.500333,-0.497997,1.579904,-0.550000,-0.458800,0.000000,0.063271,18.650700,0
1.840000,-0.503044,-0.487301,1.550940,-0.550000,-0.458800,0.000000,0.054929,18.194500,0
1.860000,-0.500224,-0.492012,1.555753,-0.550000,-0.458800,0.000000,0.059838,15.094300,0
1.880000,-0.500366,-0.483990,1.532607,-0.550000,-0.458800,0.000000,0.055660,17.780000,0
1.900000,-0.501385,-0.494801,1.565999,-0.550000,-0.458800,0.000000,0.060494,9.113100,0
1.920000,-0.504472,-0.486238,1.566450,-0.550000,-0.458800,0.000000,0.053157,9.776200,0
1.940000,-0.504526,-0.494844,1.562216,-0.550000,-0.458800,0.000000,0.058026,15.580700,0
1.960000,-0.502214,-0.489346,1.553862,-0.550000,-0.458800,0.000000,0.056715,7.850800,0
1.980000,-0.500127,-0.498617,1.570112,-0.550000,-0.458800,0.000000,0.063818,9.364900,0
2.000000,-0.501402,-0.493517,1.554015,-0.550000,-0.458800,0.000000,0.059725,16.226700,0
2.020000,-0.503564,-0.490213,1.559317,-0.550000,-0.458800,0.000000,0.056063,16.524100,0
2.040000,-0.501723,-0.500821,1.570580,-0.550000,-0.458800,0.000000,0.064003,9.601800,0
2.060000,-0.502345,-0.493542,1.566460,-0.550000,-0.458800,0.000000,0.058975,24.718600,0
2.080000,-0.502629,-0.494292,1.559191,-0.550000,-0.458800,0.000000,0.059192,23.949700,0
2.100000,-0.502690,-0.490583,1.562061,-0.550000,-0.458800,0.000000,0.056995,16.868300,0
2.120000,-0.502398,-0.494462,1.572223,-0.550000,-0.458800,0.000000,0.059479,18.478700,0
2.140000,-0.502803,-0.493838,1.561859,-0.550000,-0.458800,0.000000,0.058781,42.844300,0
2.160000,-0.502213,-0.487677,1.555984,-0.550000,-0.458800,0.000000,0.055834,23.795000,0
2.180000,-0.501312,-0.480945,1.532907,-0.550000,-0.458800,0.000000,0.053488,16.696800,0
2.200000,-0.500959,-0.488592,1.547885,-0.550000,-0.458800,0.000000,0.057381,27.679600,0
2.220000,-0.501407,-0.493075,1.552099,-0.550000,-0.458800,0.000000,0.059465,18.546000,0
2.240000,-0.501867,-0.482561,1.531096,-0.550000,-0.458800,0.000000,0.053679,17.563500,0
2.260000,-0.502283,-0.494844,1.549057,-0.550000,-0.458800,0.000000,0.059800,15.080700,0
2.280000,-0.501827,-0.486172,1.546962,-0.550000,-0.458800,0.000000,0.055407,15.104900,0
2.300000,-0.502102,-0.488708,1.555941,-0.550000,-0.458800,0.000000,0.056469,15.170100,0
2.320000,-0.503624,-0.488651,1.544560,-0.550000,-0.458800,0.000000,0.055152,15.843000,0
2.340000,-0.503273,-0.488399,1.532967,-0.550000,-0.458800,0.000000,0.055312,18.695300,0
2.360000,-0.499976,-0.487463,1.552863,-0.550000,-0.458800,0.000000,0.057654,17.210600,0
2.380000,-0.501010,-0.489274,1.547431,-0.550000,-0.458800,0.000000,0.057695,36.684700,0
2.400000,-0.501562,-0.493790,1.556529,-0.550000,-0.458800,0.000000,0.059754,22.504800,0
2.420000,-0.502342,-0.491150,1.559993,-0.550000,-0.458800,0.000000,0.057600,26.219800,0
2.440000,-0.501072,-0.493931,1.554925,-0.550000,-0.458800,0.000000,0.060234,16.556100,0
2.460000,-0.500661,-0.506756,1.575854,-0.550000,-0.458800,0.000000,0.068805,17.392700,0
2.480000,-0.500554,-0.493506,1.564072,-0.550000,-0.458800,0.000000,0.060411,16.609300,0
2.500000,-0.499974,-0.501199,1.577608,-0.550000,-0.458800,0.000000,0.065576,16.263600,0
2.520000,-0.499237,-0.490284,1.560240,-0.550000,-0.458800,0.000000,0.059734,18.357200,0
2.540000,-0.500389,-0.501604,1.581606,-0.550000,-0.458800,0.000000,0.065525,17.296000,0
2.560000,-0.500366,-0.494539,1.556350,-0.550000,-0.458800,0.000000,0.061163,18.518400,0
2.580000,-0.502757,-0.487521,1.544381,-0.550000,-0.458800,0.000000,0.055289,19.082900,0
2.600000,-0.501815,-0.486050,1.537171,-0.550000,-0.458800,0.000000,0.055356,34.328900,0
2.620000,-0.501943,-0.485457,1.547972,-0.550000,-0.458800,0.000000,0.054955,21.181800,0
2.640000,-0.501877,-0.483994,1.551743,-0.550000,-0.458800,0.000000,0.054319,11.883700,0
2.660000,-0.499448,-0.486377,1.554142,-0.550000,-0.458800,0.000000,0.057585,15.034300,0
2.680000,-0.501020,-0.483557,1.542112,-0.550000,-0.458800,0.000000,0.054881,17.183700,0
2.700000,-0.503676,-0.487904,1.542865,-0.550000,-0.458800,0.000000,0.054708,16.422400,0
2.720000,-0.502441,-0.486818,1.551736,-0.550000,-0.458800,0.000000,0.055199,15.872000,0
2.740000,-0.502606,-0.496650,1.563475,-0.550000,-0.458800,0.000000,0.060653,12.565900,0
2.760000,-0.503341,-0.489954,1.562726,-0.550000,-0.458800,0.000000,0.056104,12.866700,0
2.780000,-0.501175,-0.498899,1.564285,-0.550000,-0.458800,0.000000,0.063181,17.051500,0
2.800000,-0.500877,-0.491982,1.565598,-0.550000,-0.458800,0.000000,0.059280,10.803500,0
2.820000,-0.501218,-0.493598,1.563320,-0.550000,-0.458800,0.000000,0.059922,10.053800,0
2.840000,-0.502290,-0.487119,1.560626,-0.550000,-0.458800,0.000000,0.055482,13.760300,0
2.860000,-0.503660,-0.485917,1.542401,-0.550000,-0.458800,0.000000,0.053691,15.737800,0
2.880000,-0.504642,-0.481808,1.536735,-0.550000,-0.458800,0.000000,0.050860,7.705300,0
2.900000,-0.505686,-0.485233,1.552799,-0.550000,-0.458800,0.000000,0.051598,8.826400,0
2.920000,-0.504733,-0.487803,1.553703,-0.550000,-0.458800,0.000000,0.053762,7.736000,0
2.940000,-0.501448,-0.490485,1.547545,-0.550000,-0.458800,0.000000,0.057976,8.980700,0
2.960000,-0.502109,-0.484296,1.542842,-0.550000,-0.458800,0.000000,0.054255,7.194100,0
2.980000,-0.500778,-0.484176,1.546362,-0.550000,-0.458800,0.000000,0.055378,9.232700,0
3.000000,-0.499850,-0.487460,1.548193,-0.550000,-0.458800,0.000000,0.057761,14.276600,0
3.020000,-0.500414,-0.491404,1.566474,-0.550000,-0.458800,0.000000,0.059345,15.590100,0
3.040000,-0.501745,-0.499499,1.564552,-0.550000,-0.458800,0.000000,0.063127,7.432800,0
3.060000,-0.499294,-0.495183,1.569334,-0.550000,-0.458800,0.000000,0.062408,7.683300,0
3.080000,-0.501018,-0.499604,1.569093,-0.550000,-0.458800,0.000000,0.063750,7.249000,0
3.100000,-0.500807,-0.492691,1.564070,-0.550000,-0.458800,0.000000,0.059737,10.154200,0
3.120000,-0.502127,-0.496913,1.570086,-0.550000,-0.458800,0.000000,0.061192,14.730200,0
3.140000,-0.503286,-0.501102,1.547953,-0.550000,-0.458800,0.000000,0.063021,9.238000,0
3.160000,-0.501489,-0.489018,1.554537,-0.550000,-0.458800,0.000000,0.057153,7.763900,0
3.180000,-0.500803,-0.494216,1.558383,-0.550000,-0.458800,0.000000,0.060619,7.299800,0
3.200000,-0.500549,-0.487189,1.558567,-0.550000,-0.458800,0.000000,0.057020,7.320800,0
3.220000,-0.500375,-0.488495,1.546719,-0.550000,-0.458800,0.000000,0.057831,7.305400,0
3.240000,-0.500840,-0.496842,1.556624,-0.550000,-0.458800,0.000000,0.062160,8.209500,0
3.260000,-0.500513,-0.492618,1.560055,-0.550000,-0.458800,0.000000,0.059939,7.349000,0
3.280000,-0.500831,-0.491800,1.565364,-0.550000,-0.458800,0.000000,0.059217,8.707900,0
3.300000,-0.503029,-0.491903,1.567432,-0.550000,-0.458800,0.000000,0.057464,7.756400,0
3.320000,-0.504633,-0.492328,1.552234,-0.550000,-0.458800,0.000000,0.056411,7.662300,0
3.340000,-0.502255,-0.497103,1.568562,-0.550000,-0.456378,-0.000076,0.062755,7.444800,0
3.360000,-0.501849,-0.483931,1.560008,-0.550000,-0.453378,-0.000076,0.057027,7.442900,0
3.380000,-0.500404,-0.493656,1.573396,-0.550000,-0.450378,-0.000076,0.065823,8.104700,0
3.400000,-0.500572,-0.494017,1.573599,-0.550001,-0.447378,-0.000076,0.067959,8.004200,0
3.420000,-0.500073,-0.489795,1.573572,-0.550001,-0.444378,-0.000076,0.067494,9.119800,0
3.440000,-0.500415,-0.470631,1.555875,-0.550001,-0.441377,-0.000076,0.057572,10.057500,0
3.460000,-0.502825,-0.474753,1.556368,-0.550001,-0.438377,-0.000076,0.059571,8.989500,0
3.480000,-0.501654,-0.463250,1.560500,-0.550002,-0.435377,-0.000076,0.055807,10.077500,0
3.500000,-0.501399,-0.461261,1.545085,-0.550002,-0.432377,-0.000076,0.056538,9.687100,0
3.520000,-0.501549,-0.458447,1.545504,-0.550002,-0.429377,-0.000076,0.056504,10.612400,0
3.540000,-0.501657,-0.460218,1.548485,-0.550002,-0.426377,-0.000076,0.059012,18.196400,0
3.560000,-0.499821,-0.443685,1.533465,-0.550003,-0.423377,-0.000076,0.054135,15.393500,0
3.580000,-0.501421,-0.450581,1.544759,-0.550003,-0.420377,-0.000076,0.057206,15.208400,0
3.600000,-0.499891,-0.446668,1.549865,-0.550003,-0.417377,-0.000076,0.058045,15.794100,0
3.620000,-0.500895,-0.437350,1.527900,-0.550003,-0.414377,-0.000076,0.054216,16.352900,0
3.640000,-0.498857,-0.439547,1.552539,-0.550004,-0.411377,-0.000076,0.058392,17.793600,0
3.660000,-0.500180,-0.434448,1.543190,-0.550004,-0.408377,-0.000076,0.056233,17.242900,0
3.680000,-0.502098,-0.449685,1.552657,-0.550004,-0.405377,-0.000076,0.065254,15.095000,0
3.700000,-0.500119,-0.429238,1.558245,-0.550004,-0.402377,-0.000076,0.056657,8.600600,0
3.720000,-0.501610,-0.444657,1.572333,-0.550004,-0.399377,-0.000076,0.066274,9.836200,0
3.740000,-0.502528,-0.430252,1.561250,-0.550005,-0.396377,-0.000076,0.058323,8.399500,0
3.760000,-0.504656,-0.421185,1.548273,-0.550005,-0.393377,-0.000076,0.053196,12.827300,0
3.780000,-0.503270,-0.424007,1.561255,-0.550005,-0.390377,-0.000076,0.057578,15.621700,0
3.800000,-0.502757,-0.430780,1.570638,-0.550005,-0.389867,-0.000003,0.062500,14.784100,0
3.820000,-0.500988,-0.424970,1.565999,-0.550005,-0.389867,-0.000003,0.060290,15.700500,0
3.840000,-0.501930,-0.421659,1.546036,-0.550005,-0.389867,-0.000003,0.057636,13.161900,0
3.860000,-0.497818,-0.396778,1.565699,-0.550005,-0.389867,-0.000003,0.052643,9.425400,0
3.880000,-0.498916,-0.428108,1.555771,-0.550005,-0.389867,-0.000003,0.063816,9.446900,0
3.900000,-0.499042,-0.422062,1.562205,-0.550005,-0.389867,-0.000003,0.060280,8.012900,0
3.920000,-0.498272,-0.431034,1.569492,-0.550005,-0.389868,-0.000003,0.066113,15.065000,0
3.940000,-0.499678,-0.439206,1.579344,-0.550005,-0.389868,-0.000003,0.070477,10.080500,0
3.960000,-0.499289,-0.421826,1.554042,-0.550005,-0.389868,-0.000003,0.059945,8.994000,0
3.980000,-0.500765,-0.413951,1.539725,-0.550005,-0.389868,-0.000003,0.054814,13.818200,0
4.000000,-0.500238,-0.422172,1.550121,-0.550005,-0.389868,-0.000003,0.059332,13.644500,0
4.020000,-0.499065,-0.419127,1.554413,-0.550005,-0.389868,-0.000003,0.058745,8.634500,0
4.040000,-0.500146,-0.422723,1.554031,-0.550005,-0.389868,-0.000003,0.059711,16.601800,0
4.060000,-0.501097,-0.423216,1.543057,-0.550005,-0.389868,-0.000003,0.059196,16.091800,0
4.080000,-0.502532,-0.418457,1.542761,-0.550005,-0.389868,-0.000003,0.055417,13.961100,0
4.100000,-0.501023,-0.410632,1.531815,-0.550005,-0.389868,-0.000003,0.053201,7.820500,0
4.120000,-0.500036,-0.427214,1.563364,-0.550005,-0.389868,-0.000003,0.062383,10.392100,0
4.140000,-0.499072,-0.411452,1.545962,-0.550005,-0.389868,-0.000003,0.055318,11.186800,0
4.160000,-0.498667,-0.425298,1.555297,-0.550005,-0.389868,-0.000003,0.062377,17.812500,0
4.180000,-0.498869,-0.426630,1.563613,-0.550005,-0.389868,-0.000003,0.062978,20.987400,0
4.200000,-0.500158,-0.416877,1.551824,-0.550005,-0.387445,-0.000078,0.057887,22.811600,0
4.220000,-0.498811,-0.406460,1.541668,-0.550005,-0.384446,-0.000078,0.055726,22.930500,0
4.240000,-0.501791,-0.411259,1.552914,-0.550006,-0.381445,-0.000078,0.056688,19.952400,0
4.260000,-0.503335,-0.411679,1.537507,-0.550006,-0.378445,-0.000078,0.057294,15.555100,0
4.280000,-0.502356,-0.408080,1.550765,-0.550006,-0.375445,-0.000078,0.057754,10.902100,0
4.300000,-0.501182,-0.404235,1.557911,-0.550006,-0.372445,-0.000078,0.058261,9.049200,0
4.320000,-0.500461,-0.402598,1.555465,-0.550007,-0.369445,-0.000078,0.059615,8.410100,0
4.340000,-0.500211,-0.407252,1.564354,-0.550007,-0.366445,-0.000078,0.064381,9.858600,0
4.360000,-0.499593,-0.403450,1.569318,-0.550007,-0.363445,-0.000078,0.064358,14.407200,0
4.380000,-0.499919,-0.397041,1.560168,-0.550007,-0.360445,-0.000078,0.062033,12.564700,0
4.400000,-0.500527,-0.389540,1.559310,-0.550008,-0.357445,-0.000078,0.058978,8.763900,0
4.420000,-0.500103,-0.401006,1.575737,-0.550008,-0.354445,-0.000078,0.068252,12.004100,0
4.440000,-0.500224,-0.382508,1.550099,-0.550008,-0.351445,-0.000078,0.058680,13.378300,0
4.460000,-0.500125,-0.372060,1.552426,-0.550008,-0.348445,-0.000078,0.055191,13.560100,0
4.480000,-0.500757,-0.372349,1.538886,-0.550009,-0.345445,-0.000078,0.056121,8.873100,0
4.500000,-0.501208,-0.379649,1.548697,-0.550009,-0.342445,-0.000078,0.061365,11.584000,0
4.520000,-0.498597,-0.379642,1.563121,-0.550009,-0.339445,-0.000078,0.065261,13.974700,0
4.540000,-0.499133,-0.374322,1.571932,-0.550009,-0.336445,-0.000078,0.063428,13.593800,0
4.560000,-0.499700,-0.362217,1.548689,-0.550009,-0.333445,-0.000078,0.057955,10.006000,0
4.580000,-0.499847,-0.360708,1.560694,-0.550010,-0.330445,-0.000078,0.058585,14.504900,0
4.600000,-0.499080,-0.359568,1.569231,-0.550010,-0.327445,-0.000078,0.060214,12.370200,0
4.620000,-0.499466,-0.352459,1.561355,-0.550010,-0.324445,-0.000078,0.057788,11.869800,0
4.640000,-0.499293,-0.352465,1.561881,-0.550010,-0.321445,-0.000078,0.059451,11.641700,0
4.660000,-0.497638,-0.340549,1.545445,-0.550011,-0.318445,-0.000078,0.056847,14.103800,0
4.680000,-0.497040,-0.348446,1.565955,-0.550011,-0.315445,-0.000078,0.062409,14.408800,0
4.700000,-0.498733,-0.350782,1.560544,-0.550011,-0.312445,-0.000078,0.064025,14.175600,0
4.720000,-0.499688,-0.334868,1.552844,-0.550011,-0.309445,-0.000078,0.056381,13.517200,0
4.740000,-0.499051,-0.338266,1.550545,-0.550012,-0.306445,-0.000078,0.060080,14.470400,0
4.760000,-0.499811,-0.333643,1.541564,-0.550012,-0.303445,-0.000078,0.058584,15.843500,0
4.780000,-0.500695,-0.334316,1.537857,-0.550012,-0.300445,-0.000078,0.059828,15.326500,0
4.800000,-0.500428,-0.333781,1.556907,-0.550012,-0.297445,-0.000078,0.061472,13.578200,0
4.820000,-0.499791,-0.329758,1.567180,-0.550013,-0.294445,-0.000078,0.061395,14.127600,0
4.840000,-0.499045,-0.323486,1.555984,-0.550013,-0.291445,-0.000078,0.060203,13.742000,0
4.860000,-0.498471,-0.322776,1.561019,-0.550013,-0.288445,-0.000078,0.061929,8.235100,0
4.880000,-0.498268,-0.323706,1.577782,-0.550013,-0.285445,-0.000078,0.064354,6.981000,0
4.900000,-0.496602,-0.311973,1.549300,-0.550013,-0.282445,-0.000078,0.061030,8.044000,0
4.920000,-0.496875,-0.316101,1.552956,-0.550014,-0.279445,-0.000078,0.064556,6.323900,0
4.940000,-0.496160,-0.301007,1.543214,-0.550014,-0.276445,-0.000078,0.059190,6.898500,0
4.960000,-0.497392,-0.296766,1.534180,-0.550014,-0.273445,-0.000078,0.057558,9.151800,0
4.980000,-0.498031,-0.311830,1.531432,-0.550014,-0.270445,-0.000078,0.066446,17.405400,0
5.000000,-0.496990,-0.303876,1.560770,-0.550015,-0.267445,-0.000078,0.064334,12.693400,0
5.020000,-0.497955,-0.303534,1.575936,-0.550015,-0.264445,-0.000078,0.065101,9.979000,0
5.040000,-0.497144,-0.291282,1.562477,-0.550015,-0.261445,-0.000078,0.060709,6.377300,0
5.060000,-0.497164,-0.293360,1.558194,-0.550015,-0.258445,-0.000078,0.063342,9.361700,0
5.080000,-0.496979,-0.298109,1.555916,-0.550016,-0.255445,-0.000078,0.068067,13.559000,0
5.100000,-0.496155,-0.291750,1.557254,-0.550016,-0.252445,-0.000078,0.066678,14.413600,0
5.120000,-0.496962,-0.287373,1.571444,-0.550016,-0.249445,-0.000078,0.065217,14.400400,0
5.140000,-0.497360,-0.279917,1.556724,-0.550016,-0.246445,-0.000078,0.062394,14.303800,0
5.160000,-0.496206,-0.279216,1.573023,-0.550016,-0.243445,-0.000078,0.064615,9.751000,0
5.180000,-0.496260,-0.277795,1.564073,-0.550017,-0.240445,-0.000078,0.065459,8.879800,0
5.200000,-0.496610,-0.278200,1.580642,-0.550017,-0.237445,-0.000078,0.067181,14.058200,0
5.220000,-0.497785,-0.271635,1.572885,-0.550017,-0.234445,-0.000078,0.064119,8.214200,0
5.240000,-0.496879,-0.275580,1.569308,-0.550017,-0.231445,-0.000078,0.069076,6.904500,0
5.260000,-0.497148,-0.260923,1.547950,-0.550018,-0.228445,-0.000078,0.062049,7.854200,0
5.280000,-0.498465,-0.254315,1.545573,-0.550018,-0.225445,-0.000078,0.059087,7.322600,0
5.300000,-0.498633,-0.247268,1.556820,-0.550018,-0.222445,-0.000078,0.057066,9.775900,0
5.320000,-0.498438,-0.253502,1.558185,-0.550018,-0.219445,-0.000078,0.061809,13.626700,0
5.340000,-0.497911,-0.254783,1.562354,-0.550019,-0.216445,-0.000078,0.064692,13.992200,0
5.360000,-0.497232,-0.245256,1.563838,-0.550019,-0.213445,-0.000078,0.061631,14.202800,0
5.380000,-0.497134,-0.237576,1.551201,-0.550019,-0.210445,-0.000078,0.059438,15.934700,0
5.400000,-0.497286,-0.239000,1.564562,-0.550019,-0.207445,-0.000078,0.061453,15.641000,0
5.420000,-0.495255,-0.237173,1.547693,-0.550020,-0.204445,-0.000078,0.063799,15.683500,0
5.440000,-0.495225,-0.232724,1.552432,-0.550020,-0.201445,-0.000078,0.063094,14.795900,0
5.460000,-0.495664,-0.229589,1.559285,-0.550020,-0.198445,-0.000078,0.062646,8.239800,0
5.480000,-0.494090,-0.232108,1.547781,-0.550020,-0.195445,-0.000078,0.066875,13.139700,0
5.500000,-0.494410,-0.221786,1.552899,-0.550020,-0.192445,-0.000078,0.062876,13.472400,0
5.520000,-0.494915,-0.223342,1.535453,-0.550021,-0.189445,-0.000078,0.064697,13.920800,0
5.540000,-0.495575,-0.224519,1.557260,-0.550021,-0.186445,-0.000078,0.066438,8.210500,0
5.560000,-0.495080,-0.210086,1.552546,-0.550021,-0.183445,-0.000078,0.061060,6.955300,0
5.580000,-0.495478,-0.201301,1.544449,-0.550021,-0.180445,-0.000078,0.058395,14.705900,0
5.600000,-0.496500,-0.208075,1.540992,-0.550022,-0.177445,-0.000078,0.061667,15.652700,0
5.620000,-0.494697,-0.207752,1.552237,-0.550022,-0.174445,-0.000078,0.064577,8.497600,0
5.640000,-0.494546,-0.201623,1.555770,-0.550022,-0.171445,-0.000078,0.063153,6.842300,0
5.660000,-0.494434,-0.197918,1.546088,-0.550022,-0.168445,-0.000078,0.062918,7.045100,0
5.680000,-0.493469,-0.196881,1.553009,-0.550023,-0.165445,-0.000078,0.064703,6.300200,0
5.700000,-0.493788,-0.185505,1.551121,-0.550023,-0.162445,-0.000078,0.060779,6.771800,0
5.720000,-0.495273,-0.187478,1.540966,-0.550023,-0.159445,-0.000078,0.061509,6.302000,0
5.740000,-0.494971,-0.182075,1.564181,-0.550023,-0.156445,-0.000078,0.060725,6.170600,0
5.760000,-0.495262,-0.187736,1.567106,-0.550024,-0.153445,-0.000078,0.064613,8.167400,0
5.780000,-0.495210,-0.178750,1.555041,-0.550024,-0.150445,-0.000078,0.061691,14.361200,0
5.800000,-0.496034,-0.175919,1.554485,-0.550024,-0.147445,-0.000078,0.061038,11.919200,0
5.820000,-0.495962,-0.174244,1.559485,-0.550024,-0.144445,-0.000078,0.061730,9.513400,0
5.840000,-0.496427,-0.187404,1.552287,-0.550025,-0.141445,-0.000078,0.070604,13.448100,0
5.860000,-0.495082,-0.168141,1.558790,-0.550025,-0.138445,-0.000078,0.062455,13.512900,0
5.880000,-0.494755,-0.170000,1.562720,-0.550025,-0.135445,-0.000078,0.065183,13.615000,0
5.900000,-0.494660,-0.167007,1.563136,-0.550025,-0.132445,-0.000078,0.065268,14.084500,0
5.920000,-0.495154,-0.165869,1.559770,-0.550025,-0.129445,-0.000078,0.065860,14.070200,0
5.940000,-0.495251,-0.155986,1.563486,-0.550026,-0.126445,-0.000078,0.062233,13.946900,0
5.960000,-0.494929,-0.174077,1.584308,-0.550026,-0.123445,-0.000078,0.074828,13.810700,0
5.980000,-0.493524,-0.154455,1.558701,-0.550026,-0.120445,-0.000078,0.065948,13.829400,0
6.000000,-0.494845,-0.156569,1.558081,-0.550026,-0.117445,-0.000078,0.067643,14.171600,0
6.020000,-0.494026,-0.146061,1.555867,-0.550027,-0.114445,-0.000078,0.064310,14.189800,0
6.040000,-0.494910,-0.135443,1.545580,-0.550027,-0.111445,-0.000078,0.060115,13.924500,0
6.060000,-0.494799,-0.125533,1.532898,-0.550027,-0.108445,-0.000078,0.057811,11.433800,0
6.080000,-0.493568,-0.128986,1.547379,-0.550027,-0.105445,-0.000078,0.061170,6.580300,0
6.100000,-0.493401,-0.126864,1.545293,-0.550028,-0.102445,-0.000078,0.061668,7.144100,0
6.120000,-0.493804,-0.119424,1.548198,-0.550028,-0.099445,-0.000078,0.059668,7.172900,0
6.140000,-0.494452,-0.122587,1.545553,-0.550028,-0.096445,-0.000078,0.061418,6.840100,0
6.160000,-0.494707,-0.115502,1.544998,-0.550028,-0.093445,-0.000078,0.059556,10.644200,0
6.180000,-0.493934,-0.120988,1.567293,-0.550029,-0.090445,-0.000078,0.063871,10.009900,0
6.200000,-0.494061,-0.114306,1.547622,-0.550029,-0.087445,-0.000078,0.062080,6.765600,0
6.220000,-0.493561,-0.101041,1.533458,-0.550029,-0.084445,-0.000078,0.058857,9.545200,0
6.240000,-0.493879,-0.116170,1.565043,-0.550029,-0.081445,-0.000078,0.066020,14.001500,0
6.260000,-0.494534,-0.121542,1.571574,-0.550029,-0.078445,-0.000078,0.070265,10.123700,0
6.280000,-0.493470,-0.109364,1.560884,-0.550030,-0.075445,-0.000078,0.065951,8.792000,0
6.300000,-0.493208,-0.114884,1.579891,-0.550030,-0.072445,-0.000078,0.070921,8.662800,0
6.320000,-0.493209,-0.108678,1.565938,-0.550030,-0.069445,-0.000078,0.069050,10.786500,0
6.340000,-0.493562,-0.094904,1.549459,-0.550030,-0.066445,-0.000078,0.063234,7.264100,0
6.360000,-0.493607,-0.093025,1.546362,-0.550031,-0.063445,-0.000078,0.063707,6.896800,0
6.380000,-0.494563,-0.098150,1.562506,-0.550031,-0.060445,-0.000078,0.067070,7.670700,0
6.400000,-0.493471,-0.104847,1.577159,-0.550031,-0.057445,-0.000078,0.073797,7.153800,0
6.420000,-0.492884,-0.102562,1.562602,-0.550031,-0.054445,-0.000078,0.074706,7.289800,0
6.440000,-0.492563,-0.078080,1.558021,-0.550032,-0.051445,-0.000078,0.063341,9.104100,0
6.460000,-0.492573,-0.081922,1.560494,-0.550032,-0.048445,-0.000078,0.066499,11.844400,0
6.480000,-0.492090,-0.065470,1.532603,-0.550032,-0.045445,-0.000078,0.061305,9.427400,0
6.500000,-0.492063,-0.068232,1.552550,-0.550032,-0.042445,-0.000078,0.063446,9.482200,0
6.520000,-0.490774,-0.060434,1.540448,-0.550032,-0.039445,-0.000078,0.062865,6.990500,0
6.540000,-0.491002,-0.061338,1.552441,-0.550033,-0.036445,-0.000078,0.064065,6.752400,0
6.560000,-0.491959,-0.068530,1.570241,-0.550033,-0.033445,-0.000078,0.067849,6.921400,0
6.580000,-0.491721,-0.069195,1.573246,-0.550033,-0.030445,-0.000078,0.070013,7.192000,0
6.600000,-0.491617,-0.056591,1.536429,-0.550033,-0.027445,-0.000078,0.065283,10.566900,0
6.620000,-0.492505,-0.056549,1.555060,-0.550034,-0.024445,-0.000078,0.065881,13.214900,0
6.640000,-0.493271,-0.054790,1.559687,-0.550034,-0.021445,-0.000078,0.065833,13.914100,0
6.660000,-0.493991,-0.059805,1.570256,-0.550034,-0.018445,-0.000078,0.069653,13.800200,0
6.680000,-0.493638,-0.042038,1.561988,-0.550034,-0.015445,-0.000078,0.062351,11.071800,0
6.700000,-0.493114,-0.045604,1.562847,-0.550035,-0.012445,-0.000078,0.065875,6.906700,0
6.720000,-0.493207,-0.052743,1.579355,-0.550035,-0.009445,-0.000078,0.071443,7.476800,0
6.740000,-0.493557,-0.049132,1.567325,-0.550035,-0.006445,-0.000078,0.070795,13.638400,0
6.760000,-0.491077,-0.033489,1.553812,-0.550035,-0.003445,-0.000078,0.066172,14.137100,0
6.780000,-0.491243,-0.037363,1.550053,-0.550035,-0.002491,0.009002,0.068356,13.403700,0
6.800000,-0.492031,-0.040873,1.535924,-0.550033,-0.002317,0.029000,0.069648,14.546700,0
6.820000,-0.491586,-0.028888,1.505843,-0.550032,-0.002300,0.047227,0.064210,14.375300,0
6.840000,-0.493513,-0.032369,1.497934,-0.550031,-0.002303,0.065216,0.064017,13.962200,0
6.860000,-0.495203,-0.035144,1.483139,-0.550030,-0.002306,0.083205,0.063908,14.083200,0
6.880000,-0.494646,-0.037875,1.453605,-0.550029,-0.002308,0.101195,0.065820,14.207700,0
6.900000,-0.495631,-0.040404,1.447818,-0.550028,-0.002309,0.119185,0.066410,14.260700,0
6.920000,-0.495397,-0.039889,1.424964,-0.550027,-0.002316,0.137231,0.066304,14.409600,0
6.940000,-0.496186,-0.029677,1.403271,-0.550026,-0.002323,0.155285,0.060390,14.081400,0
6.960000,-0.495097,-0.030890,1.382539,-0.550025,-0.002330,0.173339,0.061909,8.655600,0
6.980000,-0.496462,-0.029304,1.357363,-0.550024,-0.002337,0.191390,0.059967,8.966500,0
7.000000,-0.498597,-0.040494,1.361429,-0.550023,-0.002343,0.209436,0.064032,7.606000,0
7.020000,-0.496004,-0.029616,1.340663,-0.550023,-0.002338,0.209435,0.060516,7.616200,0
7.040000,-0.498089,-0.030373,1.344435,-0.550022,-0.002334,0.209429,0.059019,10.076800,0
7.060000,-0.496817,-0.033886,1.347243,-0.550022,-0.002331,0.209423,0.061859,10.233600,0
7.080000,-0.496658,-0.035456,1.344973,-0.550021,-0.002328,0.209418,0.062810,7.996800,0
7.100000,-0.494972,-0.033081,1.343495,-0.550021,-0.002326,0.209414,0.063058,7.880100,0
7.120000,-0.497345,-0.034508,1.351562,-0.550021,-0.002325,0.209411,0.061729,6.960300,0
7.140000,-0.497972,-0.040039,1.355137,-0.549397,0.000099,0.209456,0.065235,7.378900,0
7.160000,-0.496336,-0.027837,1.358389,-0.548773,0.003035,0.209456,0.060850,7.978700,0
7.180000,-0.495122,-0.022909,1.333092,-0.548150,0.005970,0.209454,0.060382,8.097300,0
7.200000,-0.494685,-0.016486,1.342730,-0.547526,0.008905,0.209453,0.058624,7.989800,0
7.220000,-0.495496,-0.026406,1.345567,-0.546902,0.011840,0.209452,0.064072,7.685200,0
7.240000,-0.497683,-0.028817,1.351683,-0.546278,0.014775,0.209451,0.065282,7.846600,0
7.260000,-0.494000,-0.015201,1.341326,-0.545655,0.017710,0.209451,0.061248,9.319500,0
7.280000,-0.492801,-0.006399,1.340924,-0.545031,0.020645,0.209450,0.058816,12.104200,0
7.300000,-0.491384,-0.002263,1.343055,-0.544407,0.023579,0.209450,0.058985,6.667800,0
7.320000,-0.489697,0.006383,1.348774,-0.543783,0.026514,0.209450,0.057711,6.618300,0
7.340000,-0.490649,0.006034,1.339205,-0.543160,0.029449,0.209450,0.057495,6.822000,0
7.360000,-0.490072,0.009127,1.333096,-0.542536,0.032383,0.209450,0.057388,6.734800,0
7.380000,-0.490658,0.010146,1.347020,-0.541912,0.035318,0.209449,0.057101,7.010300,0
7.400000,-0.492239,-0.004192,1.361763,-0.541288,0.038252,0.209449,0.064864,6.539600,0
7.420000,-0.486868,0.008170,1.349275,-0.540665,0.041187,0.209449,0.063121,7.136200,0
7.440000,-0.482683,0.023679,1.330192,-0.540041,0.044121,0.209449,0.060892,11.119400,0
7.460000,-0.485178,0.019545,1.335951,-0.539417,0.047056,0.209449,0.060818,13.310100,0
7.480000,-0.488650,0.008760,1.338196,-0.539321,0.047729,0.222260,0.063922,10.061500,0
7.500000,-0.489895,0.002998,1.335616,-0.539285,0.047888,0.242145,0.066742,7.116200,0
7.520000,-0.487210,0.018760,1.307232,-0.539285,0.047888,0.260167,0.059668,8.899200,0
7.540000,-0.486636,0.019903,1.263927,-0.539285,0.047883,0.278176,0.059622,9.091300,0
7.560000,-0.490428,0.012398,1.265576,-0.539284,0.047878,0.296192,0.060380,7.172100,0
7.580000,-0.490216,0.016055,1.246849,-0.539283,0.047873,0.314212,0.058481,6.685400,0
7.600000,-0.492216,0.011484,1.228902,-0.539283,0.047868,0.332233,0.059490,11.327900,0
7.620000,-0.490817,0.013235,1.213316,-0.539282,0.047863,0.350255,0.059565,10.724200,0
7.640000,-0.489969,0.020556,1.184867,-0.539281,0.047859,0.368275,0.056366,6.470600,0
7.660000,-0.490620,0.021359,1.168286,-0.539280,0.047855,0.386294,0.055406,6.890200,0
7.680000,-0.490890,0.019755,1.144812,-0.539279,0.047851,0.404311,0.055954,8.335600,0
7.700000,-0.490995,0.019427,1.137263,-0.539278,0.047847,0.422326,0.056026,9.914200,0
7.720000,-0.490290,0.016278,1.114558,-0.539277,0.047844,0.440339,0.058276,7.298100,0
7.740000,-0.491729,0.019157,1.094897,-0.539276,0.047841,0.458350,0.055529,7.481900,0
7.760000,-0.491696,0.019209,1.082696,-0.539275,0.047838,0.476359,0.055528,7.722500,0
7.780000,-0.492941,0.018559,1.065581,-0.539274,0.047835,0.494366,0.054807,7.944900,0
7.800000,-0.495674,0.014339,1.047852,-0.539273,0.047832,0.512372,0.054978,7.428100,0
7.820000,-0.493877,0.016690,1.026782,-0.539272,0.047829,0.530376,0.055049,7.375000,0
7.840000,-0.497967,0.008328,1.014779,-0.539271,0.047827,0.548378,0.057151,7.139600,0
7.860000,-0.491882,0.016972,0.988282,-0.539270,0.047824,0.566379,0.056546,7.868600,0
7.880000,-0.494387,0.016893,0.970933,-0.539269,0.047822,0.584379,0.054507,14.210300,0
7.900000,-0.498194,0.012613,0.959671,-0.539268,0.047819,0.602378,0.054098,9.705900,0
7.920000,-0.495979,0.013712,0.943338,-0.539267,0.047817,0.620376,0.055109,11.342800,0
7.940000,-0.496537,0.015310,0.931245,-0.539266,0.047815,0.638373,0.053688,8.016400,0
7.960000,-0.496745,0.018080,0.912542,-0.539265,0.047812,0.656369,0.051883,9.008900,0
7.980000,-0.497099,0.019280,0.890053,-0.539264,0.047810,0.674365,0.050910,13.019800,0
8.000000,-0.493121,0.025784,0.866046,-0.539263,0.047808,0.692360,0.051129,13.183800,0
8.020000,-0.494041,0.025638,0.847771,-0.539261,0.047813,0.692353,0.050364,13.749700,0
8.040000,-0.496369,0.025364,0.870820,-0.537345,0.050123,0.692363,0.047875,13.605200,0
8.060000,-0.500344,0.021643,0.879123,-0.535427,0.052434,0.692357,0.046679,13.779300,0
8.080000,-0.493251,0.029237,0.866752,-0.533511,0.054746,0.692351,0.047661,14.108900,0
8.100000,-0.487711,0.038191,0.851228,-0.531595,0.057057,0.692345,0.047767,14.584600,0
8.120000,-0.495305,0.028373,0.868914,-0.529679,0.059368,0.692340,0.046284,12.758800,0
8.140000,-0.486362,0.038653,0.849197,-0.527763,0.061679,0.692336,0.047373,12.740200,0
8.160000,-0.485327,0.040176,0.857713,-0.525848,0.063990,0.692333,0.047001,7.057400,0
8.180000,-0.479634,0.045362,0.854437,-0.523933,0.066300,0.692331,0.048998,6.264100,0
8.200000,-0.479465,0.043573,0.852075,-0.522017,0.068610,0.692329,0.049371,6.757900,0
8.220000,-0.481262,0.043685,0.868983,-0.520102,0.070920,0.692328,0.047437,6.682500,0
8.240000,-0.481297,0.044888,0.865016,-0.518187,0.073230,0.692327,0.046520,6.654500,0
8.260000,-0.479242,0.046451,0.875850,-0.516272,0.075539,0.692326,0.047089,6.850100,0
8.280000,-0.471123,0.056244,0.860875,-0.514357,0.077849,0.692326,0.048331,6.706400,0
8.300000,-0.472225,0.055032,0.842077,-0.514132,0.078119,0.709845,0.047846,7.095500,0
8.320000,-0.472988,0.053331,0.830583,-0.514116,0.078136,0.728137,0.048029,6.916600,0
8.340000,-0.475336,0.052546,0.816198,-0.514118,0.078133,0.746124,0.046462,14.997900,0
8.360000,-0.475823,0.053687,0.789823,-0.514119,0.078130,0.764116,0.045432,12.234600,0
8.380000,-0.474173,0.056294,0.776133,-0.514120,0.078127,0.782110,0.045524,13.406000,0
8.400000,-0.472982,0.058019,0.746280,-0.514120,0.078124,0.800107,0.045788,14.733600,0
8.420000,-0.474651,0.057234,0.730334,-0.514121,0.078121,0.818104,0.044656,14.954600,0
8.440000,-0.478357,0.053159,0.727573,-0.514121,0.078118,0.836102,0.043612,14.996300,0
8.460000,-0.474346,0.058367,0.717684,-0.512044,0.079994,0.838423,0.043461,14.957900,0
8.480000,-0.466783,0.065199,0.695061,-0.509811,0.082002,0.838417,0.046192,14.752600,0
8.500000,-0.469888,0.060496,0.713164,-0.507577,0.084009,0.838412,0.044422,9.364700,0
8.520000,-0.467269,0.063675,0.709390,-0.505345,0.086017,0.838407,0.044147,12.127100,0
8.540000,-0.469901,0.061860,0.703587,-0.503113,0.088024,0.838404,0.042280,14.197300,0
8.560000,-0.466828,0.063976,0.722400,-0.500881,0.090031,0.838401,0.042877,13.589300,0
8.580000,-0.468404,0.060316,0.705121,-0.500622,0.090262,0.856005,0.043986,14.908800,0
8.600000,-0.462935,0.068991,0.681301,-0.500599,0.090281,0.874365,0.043264,14.098100,0
8.620000,-0.463099,0.069005,0.657378,-0.500601,0.090278,0.892354,0.043115,6.856200,0
8.640000,-0.461434,0.069704,0.638553,-0.500602,0.090275,0.910345,0.044241,6.620600,0
8.660000,-0.461923,0.071691,0.623770,-0.500603,0.090273,0.928339,0.042912,12.755200,0
8.680000,-0.468607,0.068408,0.620823,-0.500604,0.090270,0.946333,0.038752,13.938900,0
8.700000,-0.467456,0.069046,0.604762,-0.500604,0.090268,0.964328,0.039359,14.043500,0
8.720000,-0.462125,0.072217,0.585221,-0.498513,0.091975,0.964436,0.041406,14.143200,0
8.740000,-0.454934,0.074248,0.584405,-0.496045,0.093686,0.964429,0.045475,13.482700,0
8.760000,-0.459006,0.071786,0.591315,-0.493578,0.095398,0.964423,0.041866,13.765800,0
8.780000,-0.453239,0.076727,0.605907,-0.491111,0.097109,0.964418,0.043008,15.014500,0
8.800000,-0.456123,0.075986,0.600655,-0.488644,0.098821,0.964415,0.039737,17.726400,0
8.820000,-0.450510,0.080878,0.596310,-0.486178,0.100531,0.964412,0.040724,15.603700,0
8.840000,-0.444808,0.083882,0.580288,-0.485852,0.100583,0.981334,0.044312,8.685900,0
8.860000,-0.445931,0.082409,0.555160,-0.485855,0.100580,0.999319,0.043864,11.603300,0
8.880000,-0.455738,0.077319,0.548463,-0.485857,0.100577,1.017308,0.038054,12.236600,0
8.900000,-0.455293,0.081177,0.526869,-0.485859,0.100575,1.035299,0.036202,12.952900,0
8.920000,-0.449318,0.083373,0.518725,-0.485860,0.100572,1.053292,0.040387,15.726300,0
8.940000,-0.452925,0.080785,0.492087,-0.485861,0.100570,1.071285,0.038422,16.010600,0
8.960000,-0.451134,0.082176,0.467547,-0.485862,0.100568,1.089279,0.039298,13.153700,0
8.980000,-0.452537,0.081869,0.451267,-0.485862,0.100565,1.107272,0.038211,7.475900,0
9.000000,-0.451167,0.082111,0.443657,-0.485863,0.100563,1.125265,0.039297,6.667600,0
9.020000,-0.453560,0.083283,0.420927,-0.485863,0.100561,1.143257,0.036633,10.930300,0
9.040000,-0.451861,0.085378,0.391184,-0.485863,0.100559,1.161249,0.037237,11.109300,0
9.060000,-0.457210,0.083833,0.385474,-0.485863,0.100556,1.179239,0.033176,16.761300,0
9.080000,-0.453196,0.084718,0.366629,-0.485863,0.100554,1.197229,0.036303,14.505500,0
9.100000,-0.451464,0.085510,0.340294,-0.485862,0.100552,1.215218,0.037544,14.653700,0
9.120000,-0.456588,0.084988,0.333078,-0.485862,0.100550,1.233207,0.033153,14.713600,0
9.140000,-0.453499,0.085274,0.312275,-0.485862,0.100548,1.251195,0.035787,15.767400,0
9.160000,-0.455800,0.082041,0.299751,-0.485862,0.100546,1.269182,0.035302,14.206900,0
9.180000,-0.455040,0.084035,0.276196,-0.485862,0.100544,1.287168,0.034965,14.208700,0
9.200000,-0.454006,0.086994,0.256784,-0.485861,0.100542,1.305155,0.034617,14.767000,0
9.220000,-0.454282,0.088152,0.239899,-0.485861,0.100540,1.323140,0.033921,12.705100,0
9.240000,-0.458164,0.087708,0.219557,-0.485861,0.100538,1.341126,0.030525,14.448700,0
9.260000,-0.453793,0.089082,0.198120,-0.485861,0.100537,1.359111,0.034053,15.171800,0
9.280000,-0.454655,0.091042,0.181991,-0.485861,0.100535,1.377095,0.032618,15.160300,0
9.300000,-0.455103,0.091619,0.178502,-0.483533,0.101015,1.384194,0.029942,14.107000,0
9.320000,-0.452009,0.094614,0.154732,-0.480581,0.101571,1.384191,0.029406,16.253800,0
9.340000,-0.443728,0.095002,0.166536,-0.477629,0.102128,1.384178,0.034641,14.696800,0
9.360000,-0.445186,0.093456,0.157027,-0.474678,0.102684,1.384169,0.030902,14.234900,0
9.380000,-0.440902,0.094982,0.171997,-0.471728,0.103241,1.384162,0.031913,14.728100,0
9.400000,-0.418147,0.097414,0.184214,-0.468778,0.103798,1.384157,0.051031,14.940200,0
9.420000,-0.435522,0.093488,0.177995,-0.465829,0.104355,1.384154,0.032196,14.419400,0
9.440000,-0.433470,0.095334,0.162585,-0.462879,0.104912,1.384152,0.030930,13.294400,0
9.460000,-0.425319,0.095757,0.164831,-0.459931,0.105469,1.384151,0.035948,10.357900,0
9.480000,-0.423687,0.094560,0.175453,-0.456982,0.106026,1.384150,0.035214,15.936100,0
9.500000,-0.421905,0.093702,0.184176,-0.454033,0.106583,1.384149,0.034614,10.567300,0
9.520000,-0.425487,0.094806,0.177103,-0.451085,0.107140,1.384148,0.028415,12.381600,0
9.540000,-0.416422,0.097093,0.186299,-0.448137,0.107697,1.384147,0.033440,12.653600,0
9.560000,-0.417836,0.097618,0.188305,-0.445188,0.108253,1.384146,0.029347,11.477300,0
9.580000,-0.407172,0.100786,0.169899,-0.442240,0.108810,1.384146,0.035974,8.626900,0
9.600000,-0.407500,0.099937,0.169033,-0.439292,0.109367,1.384145,0.033161,11.881800,0
9.620000,-0.408488,0.099318,0.169829,-0.436344,0.109924,1.384145,0.029807,14.168400,0
9.640000,-0.401573,0.100217,0.178633,-0.433396,0.110481,1.384145,0.033437,12.099300,0
9.660000,-0.404685,0.099663,0.157370,-0.432741,0.110560,1.397258,0.030098,11.291000,0
9.680000,-0.404553,0.100223,0.138998,-0.432570,0.110527,1.417257,0.029852,8.461900,0
9.700000,-0.406097,0.100184,0.129443,-0.432572,0.110525,1.435255,0.028423,14.510000,0
9.720000,-0.388464,0.104593,0.108912,-0.432575,0.110524,1.453244,0.044508,14.480400,0
9.740000,-0.402929,0.103985,0.092723,-0.432577,0.110522,1.471233,0.030360,14.596300,0
9.760000,-0.400679,0.103954,0.080226,-0.432579,0.110521,1.489223,0.032569,11.557200,0
9.780000,-0.399009,0.103916,0.055646,-0.432580,0.110519,1.507213,0.034214,7.062600,0
9.800000,-0.402311,0.104491,0.029384,-0.432581,0.110518,1.525203,0.030864,7.304400,0
9.820000,-0.401600,0.104820,0.010687,-0.432582,0.110517,1.543191,0.031501,6.978100,0
9.840000,-0.398660,0.105045,0.000988,-0.432583,0.110517,1.561179,0.034361,8.829700,0
9.860000,-0.399806,0.107002,-0.012133,-0.432584,0.110516,1.579167,0.032966,13.891900,0
9.880000,-0.404791,0.108298,-0.033075,-0.432584,0.110515,1.597153,0.027881,6.999700,0
9.900000,-0.400847,0.107581,-0.061237,-0.432585,0.110514,1.615139,0.031874,7.530600,0
9.920000,-0.401955,0.108072,-0.046968,-0.430416,0.110408,1.624495,0.028556,7.206700,0
9.940000,-0.401389,0.108301,-0.058326,-0.427417,0.110244,1.624492,0.026101,9.244300,0
9.960000,-0.389967,0.110575,-0.064711,-0.424418,0.110082,1.624487,0.034454,6.468300,0
9.980000,-0.387506,0.110170,-0.064927,-0.421420,0.109919,1.624479,0.033915,6.736900,0
10.000000,-0.385245,0.108830,-0.063384,-0.418422,0.109757,1.624474,0.033190,12.971600,0
10.020000,-0.388143,0.110294,-0.063207,-0.415424,0.109596,1.624469,0.027290,12.800700,0
10.040000,-0.378183,0.109114,-0.060892,-0.412427,0.109435,1.624465,0.034246,13.492500,0
10.060000,-0.377198,0.108211,-0.062040,-0.409430,0.109274,1.624461,0.032250,6.338800,0
10.080000,-0.377596,0.108011,-0.072372,-0.406434,0.109112,1.624458,0.028859,7.524100,0
10.100000,-0.370235,0.108579,-0.076276,-0.403437,0.108951,1.624456,0.033204,12.661200,0
10.120000,-0.369935,0.109354,-0.084407,-0.400441,0.108790,1.624455,0.030511,6.469500,0
10.140000,-0.364797,0.106328,-0.069287,-0.397445,0.108630,1.624454,0.032729,6.001900,0
10.160000,-0.363921,0.105864,-0.061353,-0.394449,0.108469,1.624453,0.030639,6.494800,0
10.180000,-0.365719,0.107736,-0.062456,-0.391453,0.108308,1.624452,0.025741,6.045900,0
10.200000,-0.358032,0.107172,-0.055217,-0.388457,0.108147,1.624452,0.030441,6.604100,0
10.220000,-0.357384,0.105008,-0.047725,-0.385461,0.107986,1.624451,0.028235,11.429100,0
10.240000,-0.354233,0.106240,-0.069032,-0.382465,0.107825,1.624451,0.028277,12.572500,0
10.260000,-0.348417,0.105940,-0.046998,-0.379469,0.107664,1.624451,0.031100,13.167800,0
10.280000,-0.351872,0.104509,-0.066980,-0.376474,0.107503,1.624451,0.024783,13.572700,0
10.300000,-0.340225,0.105448,-0.061508,-0.373478,0.107343,1.624451,0.033307,13.656200,0
10.320000,-0.344815,0.104756,-0.070765,-0.370482,0.107182,1.624451,0.025782,6.565700,0
10.340000,-0.336962,0.102853,-0.082678,-0.367486,0.107021,1.624451,0.030807,6.906600,0
10.360000,-0.326269,0.100568,-0.081237,-0.364491,0.106860,1.624451,0.038736,7.627900,0
10.380000,-0.330538,0.101069,-0.071576,-0.361495,0.106699,1.624451,0.031465,11.711000,0
10.400000,-0.332996,0.102125,-0.068411,-0.358499,0.106538,1.624451,0.025882,12.906800,0
10.420000,-0.322550,0.102939,-0.073967,-0.355504,0.106377,1.624451,0.033132,13.142500,0
10.440000,-0.324056,0.103152,-0.075476,-0.352508,0.106217,1.624451,0.028617,8.841000,0
10.460000,-0.317023,0.101153,-0.074337,-0.349512,0.106056,1.624451,0.032857,6.378900,0
10.480000,-0.315806,0.101057,-0.080532,-0.346516,0.105895,1.624451,0.031089,6.573300,0
10.500000,-0.309646,0.101256,-0.068411,-0.343521,0.105734,1.624451,0.034170,6.369100,0
10.520000,-0.302732,0.099961,-0.091466,-0.340525,0.105573,1.624451,0.038207,11.383200,0
10.540000,-0.304075,0.101026,-0.071401,-0.337529,0.105412,1.624451,0.033741,13.492200,0
10.560000,-0.307714,0.102706,-0.064957,-0.334534,0.105251,1.624451,0.026940,13.466800,0
10.580000,-0.299032,0.103057,-0.072755,-0.331538,0.105090,1.624451,0.032569,13.558100,0
10.600000,-0.295980,0.102970,-0.075874,-0.328542,0.104930,1.624451,0.032621,13.380800,0
10.620000,-0.295113,0.101377,-0.069689,-0.325547,0.104769,1.624451,0.030622,9.656900,0
10.640000,-0.291219,0.101305,-0.071410,-0.322551,0.104608,1.624451,0.031505,6.330400,0
10.660000,-0.293176,0.102572,-0.066614,-0.319555,0.104447,1.624451,0.026446,6.892700,0
10.680000,-0.287891,0.102931,-0.043625,-0.316560,0.104286,1.624451,0.028701,6.009500,0
10.700000,-0.279007,0.101569,-0.058832,-0.313564,0.104125,1.624451,0.034652,5.989300,0
10.720000,-0.280070,0.100323,-0.049437,-0.310568,0.103964,1.624451,0.030714,6.047800,0
10.740000,-0.276940,0.099708,-0.051309,-0.307573,0.103803,1.624451,0.030906,6.011600,0
10.760000,-0.276619,0.099633,-0.054507,-0.304577,0.103642,1.624451,0.028244,6.488100,0
10.780000,-0.272075,0.098373,-0.067845,-0.301581,0.103482,1.624451,0.029945,6.271700,0
10.800000,-0.266801,0.097393,-0.063064,-0.298585,0.103321,1.624451,0.032332,7.077400,0
10.820000,-0.265837,0.098091,-0.058593,-0.295590,0.103160,1.624451,0.030182,12.928500,0
10.840000,-0.270053,0.099181,-0.079862,-0.292594,0.102999,1.624451,0.022862,13.421600,0
10.860000,-0.264646,0.098260,-0.070625,-0.289598,0.102838,1.624451,0.025369,13.854100,0
10.880000,-0.256534,0.097226,-0.073884,-0.286603,0.102677,1.624451,0.030559,13.693900,0
10.900000,-0.253018,0.096545,-0.069032,-0.283607,0.102516,1.624451,0.031166,11.891300,0
10.920000,-0.253359,0.096223,-0.048295,-0.280611,0.102355,1.624451,0.027934,6.678700,0
10.940000,-0.242296,0.096351,-0.064539,-0.277616,0.102194,1.624451,0.035800,6.499000,0
10.960000,-0.239751,0.095396,-0.061828,-0.274620,0.102034,1.624451,0.035496,10.482100,0
10.980000,-0.243557,0.094638,-0.082762,-0.271624,0.101873,1.624451,0.028985,8.389200,0
11.000000,-0.238683,0.095062,-0.067168,-0.268629,0.101712,1.624451,0.030675,12.458900,0
11.020000,-0.232043,0.093712,-0.069474,-0.265633,0.101551,1.624451,0.034493,13.019900,0
11.040000,-0.231946,0.095357,-0.082684,-0.262637,0.101390,1.624451,0.031278,12.582200,0
11.060000,-0.226780,0.096185,-0.067270,-0.259642,0.101229,1.624451,0.033247,14.474500,0
11.080000,-0.220048,0.094672,-0.082893,-0.256646,0.101068,1.624451,0.037153,12.750200,0
11.100000,-0.234301,0.095337,-0.075479,-0.253650,0.100907,1.624451,0.020135,13.134600,0
11.120000,-0.219642,0.092967,-0.078161,-0.250655,0.100746,1.624451,0.031974,13.616900,0
11.140000,-0.215787,0.093286,-0.073384,-0.247659,0.100586,1.624451,0.032697,8.368900,0
11.160000,-0.212896,0.092881,-0.068302,-0.244663,0.100425,1.624451,0.032650,6.640000,0
11.180000,-0.207648,0.093173,-0.086844,-0.241668,0.100264,1.624451,0.034751,6.282800,0
11.200000,-0.202785,0.093298,-0.068526,-0.238672,0.100103,1.624451,0.036527,12.636400,0
11.220000,-0.204393,0.093661,-0.081779,-0.235676,0.099942,1.624451,0.031907,11.847600,0
11.240000,-0.215331,0.094572,-0.080441,-0.232680,0.099781,1.624451,0.018114,12.406200,0
11.260000,-0.201209,0.093272,-0.073351,-0.229685,0.099620,1.624451,0.029175,7.676800,0
11.280000,-0.210709,0.095657,-0.073148,-0.226689,0.099459,1.624451,0.016426,11.313000,0
11.300000,-0.195554,0.094444,-0.075274,-0.223693,0.099299,1.624451,0.028554,13.721500,0
11.320000,-0.190815,0.095047,-0.087001,-0.220698,0.099138,1.624451,0.030162,13.564400,0
11.340000,-0.186838,0.094381,-0.066636,-0.217702,0.098977,1.624451,0.031204,14.116800,0
11.360000,-0.188489,0.095502,-0.094797,-0.214706,0.098816,1.624451,0.026426,13.321500,0
11.380000,-0.182224,0.094946,-0.063891,-0.211711,0.098655,1.624451,0.029719,13.676000,0
11.400000,-0.174869,0.093374,-0.073594,-0.208715,0.098494,1.624451,0.034231,9.791600,0
11.420000,-0.167945,0.093393,-0.081324,-0.205719,0.098333,1.624451,0.038095,5.834700,0
11.440000,-0.173018,0.094684,-0.077328,-0.202724,0.098172,1.624451,0.029910,6.716800,0
11.460000,-0.168182,0.093459,-0.062337,-0.199728,0.098011,1.624451,0.031873,6.123500,0
11.480000,-0.160174,0.091665,-0.068851,-0.196732,0.097851,1.624451,0.037078,5.924900,0
11.500000,-0.159018,0.090809,-0.064013,-0.193737,0.097690,1.624451,0.035394,6.621300,0
11.520000,-0.159876,0.092156,-0.061221,-0.192877,0.097726,1.614062,0.033468,5.984100,0
11.540000,-0.156072,0.091454,-0.043667,-0.192703,0.097734,1.594064,0.037166,6.267200,0
11.560000,-0.163894,0.092700,-0.024508,-0.192704,0.097735,1.576047,0.029246,6.243300,0
11.580000,-0.154959,0.091601,0.002018,-0.192707,0.097736,1.558059,0.038243,6.687500,0
11.600000,-0.131937,0.090057,0.004103,-0.190590,0.097767,1.548127,0.059158,6.427100,0
11.620000,-0.159241,0.088229,0.010406,-0.187589,0.097838,1.548129,0.029933,6.409000,0
11.640000,-0.155449,0.088769,0.036892,-0.184587,0.097908,1.548132,0.030537,6.431000,0
11.660000,-0.150510,0.088574,0.021834,-0.181586,0.097978,1.548134,0.032468,6.655200,0
11.680000,-0.149153,0.089132,0.006829,-0.178586,0.098047,1.548135,0.030754,6.296200,0
11.700000,-0.139600,0.089419,0.005131,-0.175585,0.098116,1.548137,0.037021,7.006900,0
11.720000,-0.143425,0.089688,0.003345,-0.172585,0.098185,1.548138,0.030373,6.544400,0
11.740000,-0.134179,0.089288,0.017880,-0.169585,0.098254,1.548139,0.036524,9.665800,0
11.760000,-0.136425,0.088841,0.027743,-0.166585,0.098322,1.548140,0.031615,11.045000,0
11.780000,-0.135249,0.088326,0.023072,-0.163586,0.098390,1.548141,0.030071,6.265000,0
11.800000,-0.133134,0.088084,0.007030,-0.160586,0.098458,1.548141,0.029347,6.573700,0
11.820000,-0.127094,0.087370,0.026197,-0.157587,0.098526,1.548141,0.032470,6.778100,0
11.840000,-0.128500,0.087685,0.019631,-0.154587,0.098594,1.548142,0.028276,6.205800,0
11.860000,-0.120347,0.087627,-0.006231,-0.151588,0.098662,1.548142,0.033133,6.651900,0
11.880000,-0.117558,0.087692,-0.005954,-0.148588,0.098730,1.548142,0.032934,6.508400,0
11.900000,-0.118972,0.087630,0.001905,-0.145589,0.098798,1.548142,0.028865,6.787500,0
11.920000,-0.109499,0.088018,0.025478,-0.142590,0.098866,1.548142,0.034824,6.742900,0
11.940000,-0.113054,0.089015,0.017351,-0.139590,0.098934,1.548142,0.028329,7.448400,0
11.960000,-0.106878,0.088303,0.002417,-0.136591,0.099002,1.548143,0.031580,7.538900,0
11.980000,-0.095663,0.088402,0.005195,-0.133592,0.099070,1.548143,0.039401,6.910200,0
12.000000,-0.097456,0.088230,0.030479,-0.130593,0.099138,1.548143,0.034886,7.270200,0
12.020000,-0.097338,0.088185,0.020361,-0.127593,0.099206,1.548143,0.032200,6.922500,0
12.040000,-0.094197,0.087911,-0.000016,-0.124594,0.099274,1.548142,0.032452,7.796200,0
12.060000,-0.100970,0.088820,0.004035,-0.121595,0.099342,1.548142,0.023154,6.402700,0
12.080000,-0.083575,0.086514,0.008403,-0.118596,0.099410,1.548142,0.037320,6.016900,0
12.100000,-0.078615,0.086494,-0.004971,-0.115596,0.099478,1.548142,0.039194,5.863800,0
12.120000,-0.083401,0.087439,0.019004,-0.112597,0.099545,1.548142,0.031606,5.814300,0
12.140000,-0.081084,0.087435,0.022014,-0.109598,0.099613,1.548142,0.031006,7.074300,0
12.160000,-0.076920,0.086703,0.007038,-0.106599,0.099681,1.548142,0.032393,11.737300,0
12.180000,-0.071702,0.086874,0.003293,-0.103599,0.099749,1.548142,0.034397,17.225600,0
12.200000,-0.068747,0.086682,-0.002777,-0.100600,0.099817,1.548142,0.034455,15.380100,0
12.220000,-0.072051,0.086621,0.012990,-0.097601,0.099885,1.548142,0.028788,7.737100,0
12.240000,-0.061679,0.087274,0.005930,-0.094602,0.099953,1.548142,0.035280,9.001300,0
12.260000,-0.057098,0.087131,0.032829,-0.091602,0.100021,1.548142,0.036833,6.248800,0
12.280000,-0.058876,0.087308,0.011711,-0.088603,0.100089,1.548142,0.032358,6.269900,0
12.300000,-0.054339,0.087636,0.006234,-0.085604,0.100157,1.548142,0.033679,6.207600,0
12.320000,-0.045408,0.087675,-0.004367,-0.082605,0.100225,1.548142,0.039257,6.125400,0
12.340000,-0.046572,0.088105,0.004602,-0.079605,0.100293,1.548142,0.035210,6.524300,0
12.360000,-0.044900,0.087792,-0.009601,-0.076606,0.100361,1.548142,0.034106,6.166000,0
12.380000,-0.040466,0.087228,0.005473,-0.073607,0.100429,1.548142,0.035673,6.963900,0
12.400000,-0.044120,0.086245,0.005804,-0.070608,0.100497,1.548142,0.030079,6.528300,0
12.420000,-0.034545,0.087000,-0.001772,-0.067609,0.100565,1.548142,0.035738,6.680800,0
12.440000,-0.035425,0.085354,-0.003696,-0.064609,0.100633,1.548142,0.032941,6.647200,0
12.460000,-0.029181,0.086455,-0.005075,-0.061610,0.100701,1.548142,0.035420,6.606000,0
12.480000,-0.026524,0.087735,0.017841,-0.058611,0.100769,1.548142,0.034633,7.024500,0
12.500000,-0.028161,0.089243,0.018041,-0.055612,0.100837,1.548142,0.029799,6.650700,0
12.520000,-0.023258,0.089139,0.014988,-0.052612,0.100905,1.548142,0.031625,6.645700,0
12.540000,-0.023891,0.086957,0.022005,-0.049613,0.100973,1.548142,0.029293,6.580400,0
12.560000,-0.014942,0.088812,0.019576,-0.046614,0.101040,1.548142,0.033950,7.008400,0
12.580000,-0.004525,0.087854,0.011944,-0.043615,0.101108,1.548142,0.041276,6.617900,0
12.600000,-0.013724,0.086589,0.004679,-0.040615,0.101176,1.548142,0.030593,6.564500,0
12.620000,-0.004771,0.087491,0.001413,-0.037616,0.101244,1.548142,0.035608,11.549200,0
12.640000,-0.006435,0.086746,0.024809,-0.034617,0.101312,1.548142,0.031724,13.132000,0
12.660000,-0.005196,0.086400,0.023173,-0.031618,0.101380,1.548142,0.030373,13.235900,0
12.680000,0.004926,0.086780,0.016636,-0.028619,0.101448,1.548142,0.036612,13.373400,0
12.700000,0.005993,0.087113,0.006924,-0.025619,0.101516,1.548142,0.034739,13.495500,0
12.720000,0.009115,0.087874,0.018767,-0.022620,0.101584,1.548142,0.034570,13.425900,0
12.740000,0.014954,0.087416,0.016632,-0.019621,0.101652,1.548142,0.037391,7.511400,0
12.760000,0.009724,0.087951,0.012755,-0.016622,0.101720,1.548142,0.029727,6.058200,0
12.780000,0.021126,0.087784,0.025409,-0.013622,0.101788,1.548142,0.037464,6.365800,0
12.800000,0.020451,0.088634,0.031076,-0.010623,0.101856,1.548142,0.033770,5.961000,0
12.820000,0.019932,0.088664,0.005151,-0.007624,0.101924,1.548142,0.030580,5.997600,0
12.840000,0.031912,0.088674,0.001465,-0.004625,0.101992,1.548142,0.038889,12.699300,0
12.860000,0.030590,0.088531,-0.013567,-0.001625,0.102060,1.548142,0.034940,13.222700,0
12.880000,0.034629,0.088253,0.008162,0.001374,0.102128,1.548142,0.036034,9.711100,0
12.900000,0.043434,0.088321,0.009314,0.004373,0.102196,1.548142,0.041452,6.156900,0
12.920000,0.035596,0.087585,0.011377,0.007372,0.102264,1.548142,0.031813,6.173400,0
12.940000,0.046155,0.088462,0.009171,0.010371,0.102332,1.548142,0.038378,6.323900,0
12.960000,0.043826,0.087820,0.006501,0.013371,0.102400,1.548142,0.033765,6.075500,0
12.980000,0.024112,0.087225,-0.000766,0.016370,0.102468,1.548142,0.017096,6.665000,0
13.000000,0.051159,0.086899,-0.014048,0.019369,0.102536,1.548142,0.035427,5.937300,0
13.020000,0.059383,0.087109,-0.001473,0.022368,0.102603,1.548142,0.040127,6.532700,0
13.040000,0.057874,0.086549,0.016113,0.025368,0.102671,1.548142,0.036284,5.969400,0
13.060000,0.053132,0.087691,0.018550,0.028367,0.102739,1.548142,0.028978,6.676900,0
13.080000,0.066993,0.088074,0.012033,0.031366,0.102807,1.548142,0.038554,12.927100,0
13.100000,0.071084,0.088904,0.002682,0.034365,0.102875,1.548142,0.039287,13.261900,0
13.120000,0.074680,0.088564,0.005552,0.037364,0.102943,1.548142,0.039991,9.982900,0
13.140000,0.076492,0.088305,0.014316,0.040364,0.103011,1.548142,0.039007,6.174700,0
13.160000,0.077953,0.088573,0.038015,0.043363,0.103079,1.548142,0.037508,6.473400,0
13.180000,0.073945,0.088706,0.026179,0.046362,0.103147,1.548142,0.031135,5.890900,0
13.200000,0.077753,0.088902,0.008626,0.049361,0.103215,1.548142,0.031795,5.877500,0
13.220000,0.082445,0.089190,0.028494,0.052361,0.103283,1.548142,0.033221,6.260700,0
13.240000,0.096490,0.088678,0.019282,0.055360,0.103351,1.548142,0.043669,5.800600,0
13.260000,0.091778,0.088802,0.014100,0.058359,0.103419,1.548142,0.036476,5.758100,0
13.280000,0.097239,0.087577,0.017797,0.061358,0.103487,1.548142,0.039250,6.552300,0
13.300000,0.094218,0.087736,0.049625,0.064358,0.103555,1.548142,0.033792,5.685600,0
13.320000,0.099820,0.087889,0.001214,0.067357,0.103623,1.548142,0.036075,8.605200,0
13.340000,0.101850,0.089031,0.005537,0.070356,0.103691,1.548142,0.034739,12.362700,0
13.360000,0.106071,0.089314,0.009180,0.073355,0.103759,1.548142,0.035763,12.826500,0
13.380000,0.110908,0.088722,0.014380,0.076354,0.103827,1.548142,0.037711,9.718600,0
13.400000,0.108005,0.088328,0.008892,0.079354,0.103895,1.548142,0.032607,12.544200,0
13.420000,0.116427,0.089411,-0.004444,0.082353,0.103963,1.548142,0.037051,12.345300,0
13.440000,0.119627,0.088488,0.003495,0.085352,0.104031,1.548142,0.037635,12.942600,0
13.460000,0.117627,0.087559,0.011341,0.088351,0.104099,1.548142,0.033625,11.447600,0
13.480000,0.126735,0.086760,0.016432,0.091351,0.104166,1.548142,0.039434,13.139400,0
13.500000,0.124878,0.087121,0.017224,0.094350,0.104234,1.548142,0.034998,13.592100,0
13.520000,0.129605,0.087042,0.024200,0.097349,0.104302,1.548142,0.036584,13.135000,0
13.540000,0.136286,0.087392,0.011079,0.100348,0.104370,1.548142,0.039746,13.804100,0
13.560000,0.137226,0.088810,0.010804,0.103348,0.104438,1.548142,0.037309,12.556600,0
13.580000,0.138611,0.088590,0.029756,0.106347,0.104506,1.548142,0.035976,12.102500,0
13.600000,0.135388,0.088276,0.022091,0.109346,0.104574,1.548142,0.030722,13.343100,0
13.620000,0.146034,0.087223,0.012275,0.112345,0.104642,1.548142,0.037926,12.545600,0
13.640000,0.146158,0.087160,0.032956,0.115344,0.104710,1.548142,0.035462,8.571200,0
13.660000,0.146466,0.087774,0.029274,0.118344,0.104778,1.548142,0.032863,13.402900,0
13.680000,0.156188,0.088304,0.030483,0.121343,0.104846,1.548142,0.038572,14.315000,0
13.700000,0.147894,0.087664,0.015576,0.124342,0.104914,1.548142,0.029193,17.317700,0
13.720000,0.160793,0.085464,0.014200,0.127341,0.104982,1.548142,0.038730,31.211700,0
13.740000,0.150981,0.085250,0.019095,0.130341,0.105050,1.548142,0.028601,18.462500,0
13.760000,0.171566,0.086774,0.016792,0.133340,0.105118,1.548142,0.042400,13.578700,0
13.780000,0.170913,0.087183,0.014011,0.136339,0.105186,1.548142,0.038981,15.661500,0
13.800000,0.180415,0.088899,0.022492,0.139338,0.105254,1.548142,0.044214,6.757700,0
13.820000,0.176864,0.088856,0.020937,0.142338,0.105322,1.548142,0.038252,12.512700,0
13.840000,0.175929,0.089730,0.006663,0.145337,0.105390,1.548142,0.034368,9.396700,0
13.860000,0.182032,0.091400,0.001419,0.148336,0.105458,1.548142,0.036511,13.251000,0
13.880000,0.189322,0.090539,0.001304,0.151335,0.105526,1.548142,0.040836,13.808900,0
13.900000,0.178109,0.089743,0.013956,0.154334,0.105594,1.548142,0.028574,13.808100,0
13.920000,0.183142,0.090878,0.031883,0.157334,0.105662,1.548142,0.029742,13.828500,0
13.940000,0.191147,0.089378,0.015924,0.160333,0.105729,1.548142,0.034884,8.603000,0
13.960000,0.195008,0.088690,-0.015231,0.163332,0.105797,1.548142,0.036001,7.815600,0
13.980000,0.210270,0.088013,0.002447,0.166331,0.105865,1.548142,0.047427,7.390200,0
14.000000,0.198846,0.088066,0.005700,0.169331,0.105933,1.548142,0.034502,9.229600,0
14.020000,0.223912,0.087241,0.015501,0.172330,0.106001,1.548142,0.054887,5.934100,0
14.040000,0.206189,0.087022,0.025495,0.175329,0.106069,1.548142,0.036265,5.943900,0
14.060000,0.212067,0.087504,-0.000071,0.178328,0.106137,1.548142,0.038542,6.661200,0
14.080000,0.217209,0.088930,0.005343,0.181328,0.106205,1.548142,0.039824,8.120500,0
14.100000,0.214737,0.089730,0.016510,0.184327,0.106273,1.548142,0.034618,9.184700,0
14.120000,0.219055,0.088157,0.029720,0.187326,0.106341,1.548142,0.036570,9.904800,0
14.140000,0.218107,0.088132,0.028991,0.190325,0.106409,1.548142,0.033255,11.942700,0
14.160000,0.227830,0.087496,0.038002,0.193324,0.106477,1.548142,0.039382,14.499900,0
14.180000,0.229143,0.088790,0.007421,0.196324,0.106545,1.548142,0.037314,9.569800,0
14.200000,0.230168,0.089521,0.011855,0.199323,0.106613,1.548142,0.035264,10.428800,0
14.220000,0.233461,0.089847,0.003562,0.202322,0.106681,1.548142,0.035398,13.037700,0
14.240000,0.240604,0.089465,0.022212,0.205321,0.106749,1.548142,0.039289,8.144300,0
14.260000,0.247829,0.086984,0.018419,0.208321,0.106817,1.548142,0.044206,6.376100,0
14.280000,0.245588,0.086900,0.027619,0.211320,0.106885,1.548142,0.039670,9.069900,0
14.300000,0.248449,0.086245,0.016048,0.214319,0.106953,1.548142,0.039921,12.147900,0
14.320000,0.251156,0.085972,0.014360,0.217318,0.107021,1.548142,0.039850,8.601400,0
14.340000,0.245738,0.086798,0.024429,0.220318,0.107089,1.548142,0.032525,12.494900,0
14.360000,0.253321,0.086462,0.016231,0.223317,0.107157,1.548142,0.036449,11.842400,0
14.380000,0.266328,0.086465,0.024906,0.226316,0.107225,1.548142,0.045077,13.113100,0
14.400000,0.255023,0.086551,0.011293,0.229315,0.107292,1.548142,0.033032,7.219500,0
14.420000,0.263954,0.087042,0.003079,0.232314,0.107360,1.548142,0.037602,7.184500,0
14.440000,0.270481,0.087587,0.004625,0.235314,0.107428,1.548142,0.040378,8.586000,0
14.460000,0.277431,0.089247,0.011091,0.238313,0.107496,1.548142,0.043165,9.017200,0
14.480000,0.279068,0.089285,-0.004299,0.241312,0.107564,1.548142,0.041948,9.036700,0
14.500000,0.269946,0.089637,0.003591,0.244311,0.107632,1.548142,0.031321,7.559300,0
14.520000,0.279437,0.088400,0.014765,0.247311,0.107700,1.548142,0.037477,8.461600,0
14.540000,0.276481,0.087511,0.018251,0.250310,0.107768,1.548142,0.033095,9.155900,0
14.560000,0.283328,0.088338,0.017639,0.253309,0.107836,1.548142,0.035796,10.876700,0
14.580000,0.289586,0.089071,0.021269,0.256308,0.107904,1.548142,0.038237,7.433500,0
14.600000,0.295169,0.088819,0.005868,0.259308,0.107972,1.548142,0.040655,7.229000,0
14.620000,0.293118,0.089383,0.008023,0.262307,0.108040,1.548142,0.036019,6.712600,0
14.640000,0.273406,0.087828,0.032848,0.265306,0.108108,1.548142,0.021838,6.903300,0
14.660000,0.308215,0.087927,0.003807,0.268305,0.108176,1.548142,0.044753,7.320300,0
14.680000,0.300398,0.087369,0.007710,0.271304,0.108244,1.548142,0.035808,6.007800,0
14.700000,0.314815,0.087342,-0.006374,0.274304,0.108312,1.548142,0.045617,7.656600,0
14.720000,0.310815,0.086888,0.000051,0.277303,0.108380,1.548142,0.039812,6.607400,0
14.740000,0.312715,0.086670,-0.003278,0.280302,0.108448,1.548142,0.039049,7.189000,0
14.760000,0.291693,0.085697,0.002384,0.283301,0.108516,1.548142,0.024313,7.308700,0
14.780000,0.314018,0.085907,0.020530,0.286301,0.108584,1.548142,0.035812,7.249900,0
14.800000,0.323984,0.086579,0.010990,0.289300,0.108652,1.548142,0.041112,7.447600,0
14.820000,0.323542,0.087064,0.010392,0.292299,0.108720,1.548142,0.038015,7.743300,0
14.840000,0.326990,0.088516,0.019575,0.295298,0.108788,1.548142,0.037621,7.806000,0
14.860000,0.326672,0.086618,0.018287,0.298298,0.108855,1.548142,0.036050,7.162000,0
14.880000,0.338694,0.086560,-0.002881,0.301297,0.108923,1.548142,0.043573,7.968400,0
14.900000,0.335565,0.087929,0.006169,0.304296,0.108991,1.548142,0.037701,7.060000,0
14.920000,0.340896,0.088505,0.006773,0.307295,0.109059,1.548142,0.039389,7.219000,0
14.940000,0.337925,0.088762,-0.005278,0.308210,0.109042,1.557778,0.035975,6.383200,0
14.960000,0.342710,0.089235,-0.014959,0.308383,0.109040,1.577775,0.039631,6.204400,0
14.980000,0.342361,0.088648,-0.040821,0.308396,0.109039,1.595953,0.039616,6.384800,0
15.000000,0.341920,0.088490,-0.054993,0.308393,0.109038,1.613942,0.039323,6.017500,0
15.020000,0.341845,0.089327,-0.069852,0.308391,0.109037,1.631931,0.038829,5.898900,0
15.040000,0.331812,0.089030,-0.087489,0.308389,0.109036,1.649921,0.030804,5.770300,0
15.060000,0.342748,0.089754,-0.112099,0.308387,0.109035,1.667911,0.039401,5.813400,0
15.080000,0.347375,0.088142,-0.130265,0.308385,0.109034,1.685900,0.044235,6.535400,0
15.100000,0.340893,0.089384,-0.143892,0.308379,0.109033,1.703950,0.037990,6.057700,0
15.120000,0.337305,0.091449,-0.152346,0.308372,0.109032,1.722008,0.033856,6.167200,0
15.140000,0.340116,0.090838,-0.175783,0.310660,0.108660,1.729750,0.034428,6.308000,0
15.160000,0.343660,0.091971,-0.186036,0.313625,0.108183,1.729749,0.034132,5.751700,0
15.180000,0.349397,0.090567,-0.175370,0.316589,0.107706,1.729746,0.037015,6.252400,0
15.200000,0.348131,0.092591,-0.179798,0.319554,0.107230,1.729740,0.032108,6.146300,0
15.220000,0.354802,0.088719,-0.189025,0.322518,0.106754,1.729736,0.036979,6.707500,0
15.240000,0.365737,0.087085,-0.193810,0.325482,0.106279,1.729732,0.044597,7.148300,0
15.260000,0.351808,0.089759,-0.168384,0.328446,0.105804,1.729729,0.028341,7.031000,0
15.280000,0.362712,0.086785,-0.159905,0.331409,0.105329,1.729726,0.036383,6.869200,0
15.300000,0.371778,0.086316,-0.164766,0.334372,0.104854,1.729724,0.041748,7.324600,0
15.320000,0.366929,0.089357,-0.167439,0.337335,0.104379,1.729722,0.033189,7.416600,0
15.340000,0.372241,0.087009,-0.146203,0.340297,0.103904,1.729721,0.036137,8.176500,0
15.360000,0.369196,0.087173,-0.168121,0.343260,0.103429,1.729720,0.030610,8.439900,0
15.380000,0.378762,0.086057,-0.167449,0.346223,0.102955,1.729719,0.036665,6.429400,0
15.400000,0.373673,0.087843,-0.155129,0.349185,0.102480,1.729719,0.028529,6.739200,0
15.420000,0.382214,0.086448,-0.166803,0.352147,0.102005,1.729719,0.033853,7.314100,0
15.440000,0.394682,0.084877,-0.188360,0.355110,0.101530,1.729718,0.042933,5.817700,0
15.460000,0.386875,0.086174,-0.164650,0.358072,0.101056,1.729718,0.032421,6.336300,0
15.480000,0.394008,0.086124,-0.170236,0.361035,0.100581,1.729718,0.036003,5.587800,0
15.500000,0.394924,0.084319,-0.183243,0.363997,0.100106,1.729718,0.034724,6.186900,0
15.520000,0.401076,0.084455,-0.169031,0.366959,0.099632,1.729718,0.037340,5.620700,0
15.540000,0.397343,0.085394,-0.179630,0.369921,0.099157,1.729718,0.030682,5.724400,0
15.560000,0.408513,0.083274,-0.167990,0.372884,0.098682,1.729718,0.038818,6.438800,0
15.580000,0.406331,0.083584,-0.186703,0.373615,0.098599,1.741794,0.035997,6.273500,0
15.600000,0.403352,0.084657,-0.208186,0.373786,0.098569,1.761792,0.032675,6.591000,0
15.620000,0.406614,0.084805,-0.207079,0.373785,0.098569,1.779808,0.035597,6.884200,0
15.640000,0.405577,0.084517,-0.251160,0.373781,0.098568,1.797801,0.034762,6.640100,0
15.660000,0.406704,0.084386,-0.257730,0.373777,0.098568,1.815809,0.035851,6.839400,0
15.680000,0.405179,0.083593,-0.276541,0.373772,0.098567,1.833825,0.034794,5.520900,0
15.700000,0.410129,0.082846,-0.293447,0.373768,0.098566,1.851846,0.039613,8.635300,0
15.720000,0.407239,0.084001,-0.315634,0.373763,0.098565,1.869868,0.036506,6.148100,0
15.740000,0.408468,0.083261,-0.332983,0.373758,0.098564,1.887891,0.037934,5.522100,0
15.760000,0.405856,0.084948,-0.357084,0.373754,0.098564,1.905912,0.034870,7.169700,0
15.780000,0.412723,0.082522,-0.375444,0.373750,0.098563,1.923932,0.042145,5.611800,0
15.800000,0.410379,0.085415,-0.390053,0.373746,0.098561,1.941950,0.038921,6.066800,0
15.820000,0.407895,0.085670,-0.406127,0.373743,0.098560,1.959966,0.036504,6.648600,0
15.840000,0.405179,0.088377,-0.421666,0.373739,0.098559,1.977980,0.033048,6.493400,0
15.860000,0.405920,0.088888,-0.438781,0.373736,0.098558,1.995992,0.033605,6.748500,0
15.880000,0.410161,0.087639,-0.463024,0.373733,0.098557,2.014002,0.038029,6.759100,0
15.900000,0.408734,0.088971,-0.480410,0.373730,0.098556,2.032010,0.036293,6.945400,0
15.920000,0.409498,0.088441,-0.486881,0.373727,0.098555,2.050016,0.037174,6.715700,0
15.940000,0.410010,0.090467,-0.503304,0.373724,0.098554,2.068021,0.037176,6.936000,0
15.960000,0.413522,0.088411,-0.528386,0.376099,0.097264,2.071408,0.038455,6.695300,0
15.980000,0.416001,0.087915,-0.519405,0.378734,0.095821,2.071405,0.038096,6.702300,0
16.000000,0.417226,0.086935,-0.523944,0.381369,0.094379,2.071400,0.036622,6.788100,0
16.020000,0.422329,0.083463,-0.531653,0.384003,0.092938,2.071392,0.039480,6.731300,0
16.040000,0.430250,0.079911,-0.526866,0.386637,0.091498,2.071386,0.045126,6.712400,0
16.060000,0.425975,0.081720,-0.523081,0.389271,0.090057,2.071381,0.037639,6.675700,0
16.080000,0.432009,0.077756,-0.518737,0.391904,0.088617,2.071377,0.041550,7.209300,0
16.100000,0.430108,0.078124,-0.526281,0.394537,0.087177,2.071374,0.036705,6.790300,0
16.120000,0.432919,0.075925,-0.509849,0.397170,0.085737,2.071371,0.037071,6.677100,0
16.140000,0.433013,0.075956,-0.504729,0.399803,0.084297,2.071369,0.034242,7.348800,0
16.160000,0.431367,0.077833,-0.518940,0.402435,0.082857,2.071368,0.029365,7.146400,0
16.180000,0.444460,0.072758,-0.513605,0.405068,0.081417,2.071367,0.040332,11.307300,0
16.200000,0.445158,0.071428,-0.517548,0.407700,0.079977,2.071366,0.038421,12.561500,0
16.220000,0.441970,0.072248,-0.504609,0.410332,0.078537,2.071365,0.032257,13.903400,0
16.240000,0.451212,0.067744,-0.521321,0.412964,0.077098,2.071365,0.039375,13.769000,0
16.260000,0.469118,0.057649,-0.515494,0.415596,0.075658,2.071365,0.056471,12.214000,0
16.280000,0.448486,0.068885,-0.516847,0.418229,0.074218,2.071364,0.030724,11.823400,0
16.300000,0.461944,0.060455,-0.503674,0.420861,0.072778,2.071364,0.042892,12.333100,0
16.320000,0.464664,0.057799,-0.524752,0.423493,0.071339,2.071364,0.043340,12.739300,0
16.340000,0.465186,0.058295,-0.512911,0.426125,0.069899,2.071364,0.040748,15.997300,0
16.360000,0.460627,0.060926,-0.523608,0.428757,0.068459,2.071364,0.032748,14.148400,0
16.380000,0.466945,0.056895,-0.517560,0.431389,0.067019,2.071364,0.036969,13.728800,0
16.400000,0.471320,0.054664,-0.515150,0.434021,0.065580,2.071364,0.038864,11.678600,0
16.420000,0.470983,0.054070,-0.528647,0.434395,0.065374,2.087830,0.038294,9.671600,0
16.440000,0.465871,0.058177,-0.554170,0.434439,0.065348,2.106444,0.032240,7.539000,0
16.460000,0.470986,0.055911,-0.564318,0.434436,0.065349,2.124433,0.037749,8.135300,0
16.480000,0.470157,0.056632,-0.583025,0.434432,0.065350,2.142428,0.036773,7.255300,0
16.500000,0.470747,0.056045,-0.612748,0.434429,0.065350,2.160427,0.037491,9.375900,0
16.520000,0.472957,0.055185,-0.622298,0.434425,0.065350,2.178429,0.039850,10.868500,0
16.540000,0.470715,0.057465,-0.640658,0.434422,0.065350,2.196432,0.037139,11.474800,0
16.560000,0.465461,0.060987,-0.649892,0.434419,0.065350,2.214435,0.031347,13.167600,0
16.580000,0.471708,0.057389,-0.682627,0.434416,0.065349,2.232438,0.038132,13.437200,0
16.600000,0.475356,0.055958,-0.692039,0.434413,0.065349,2.250440,0.042007,13.822600,0
16.620000,0.468473,0.061404,-0.713169,0.434410,0.065348,2.268442,0.034291,14.103800,0
16.640000,0.479157,0.053542,-0.726816,0.436549,0.063554,2.270830,0.043768,14.111300,0
16.660000,0.479545,0.053502,-0.722662,0.438846,0.061618,2.270825,0.041501,12.404200,0
16.680000,0.484162,0.051298,-0.726983,0.441143,0.059683,2.270820,0.043829,12.729600,0
16.700000,0.482035,0.053681,-0.726917,0.443439,0.057749,2.270815,0.038810,12.284800,0
16.720000,0.486583,0.048287,-0.725894,0.445735,0.055815,2.270810,0.041536,8.948400,0
16.740000,0.492647,0.044200,-0.725175,0.448031,0.053881,2.270806,0.045655,11.053300,0
16.760000,0.487175,0.048846,-0.705544,0.450327,0.051948,2.270804,0.036979,13.248000,0
16.780000,0.487090,0.048181,-0.707368,0.452622,0.050015,2.270801,0.034517,13.595500,0
16.800000,0.494306,0.042652,-0.720150,0.454918,0.048082,2.270800,0.039760,11.309500,0
16.820000,0.495169,0.041421,-0.723267,0.457213,0.046149,2.270799,0.038250,6.456000,0
16.840000,0.504228,0.034033,-0.717870,0.459508,0.044216,2.270798,0.045865,6.290900,0
16.860000,0.501006,0.036325,-0.722518,0.461803,0.042283,2.270797,0.039654,6.204500,0
16.880000,0.507121,0.029130,-0.718107,0.464098,0.040350,2.270797,0.044462,6.381300,0
16.900000,0.505227,0.032162,-0.733823,0.466393,0.038418,2.270796,0.039335,6.603400,0
16.920000,0.508218,0.030737,-0.724658,0.468687,0.036485,2.270796,0.039947,5.902000,0
16.940000,0.504949,0.034369,-0.700772,0.470982,0.034552,2.270796,0.033968,6.517500,0
16.960000,0.508975,0.030371,-0.708466,0.473277,0.032619,2.270795,0.035769,6.776400,0
16.980000,0.510531,0.027481,-0.700163,0.475571,0.030687,2.270795,0.035107,7.124200,0
17.000000,0.514136,0.025009,-0.731287,0.475839,0.030461,2.288335,0.038683,7.023000,0
17.020000,0.513421,0.026547,-0.748448,0.475853,0.030446,2.306599,0.037769,6.393200,0
17.040000,0.515474,0.026152,-0.767564,0.475850,0.030448,2.324587,0.039857,5.839700,0
17.060000,0.518793,0.022438,-0.786724,0.475847,0.030449,2.342578,0.043687,6.084700,0
17.080000,0.512279,0.027640,-0.799801,0.475844,0.030450,2.360572,0.036543,6.255000,0
17.100000,0.512572,0.028703,-0.813401,0.475841,0.030450,2.378569,0.036772,6.690200,0
17.120000,0.513887,0.028608,-0.837193,0.475838,0.030451,2.396566,0.038093,6.450300,0
17.140000,0.514831,0.026024,-0.852775,0.475835,0.030451,2.414564,0.039247,6.579900,0
17.160000,0.515511,0.027502,-0.868509,0.475833,0.030450,2.432562,0.039787,6.406500,0
17.180000,0.516202,0.027399,-0.895366,0.475830,0.030450,2.450559,0.040487,6.673500,0
17.200000,0.520163,0.024106,-0.921589,0.475828,0.030450,2.468555,0.044787,5.877500,0
17.220000,0.518945,0.025792,-0.926083,0.475825,0.030449,2.486550,0.043370,5.495700,0
17.240000,0.516342,0.031295,-0.950046,0.475823,0.030449,2.504545,0.040528,6.077800,0
17.260000,0.517217,0.030149,-0.957490,0.475820,0.030449,2.522538,0.041398,5.520100,0
17.280000,0.523657,0.022059,-0.989965,0.477558,0.028362,2.522659,0.046528,5.914700,0
17.300000,0.519400,0.030101,-0.966571,0.479301,0.025915,2.522651,0.040317,6.603600,0
17.320000,0.527068,0.020460,-0.973295,0.481043,0.023469,2.522643,0.046123,6.452900,0
17.340000,0.532421,0.014055,-0.985904,0.482786,0.021023,2.522636,0.050122,6.708800,0
17.360000,0.528338,0.017569,-0.985597,0.484528,0.018579,2.522630,0.043822,6.476800,0
17.380000,0.532798,0.009880,-0.982449,0.486270,0.016134,2.522626,0.046947,6.641000,0
17.400000,0.529771,0.012826,-0.964921,0.488012,0.013690,2.522624,0.041768,6.760100,0
17.420000,0.529979,0.010926,-0.970328,0.489754,0.011246,2.522622,0.040226,5.833400,0
17.440000,0.537424,0.005091,-0.976369,0.491495,0.008802,2.522620,0.046079,5.988600,0
17.460000,0.534279,0.008989,-0.980072,0.491552,0.008480,2.539562,0.042730,8.260500,0
17.480000,0.534496,0.007620,-1.001338,0.491549,0.008483,2.557551,0.042956,6.015100,0
17.500000,0.540755,0.001450,-1.025499,0.491547,0.008485,2.575538,0.049708,6.029800,0
17.520000,0.536651,0.007455,-1.042454,0.491544,0.008487,2.593528,0.045119,6.034700,0
17.540000,0.536232,0.007332,-1.046821,0.491542,0.008488,2.611520,0.044705,6.599200,0
17.560000,0.532819,0.014804,-1.058184,0.491539,0.008489,2.629513,0.041760,5.572600,0
17.580000,0.539571,0.003144,-1.090141,0.491537,0.008490,2.647507,0.048330,5.905100,0
17.600000,0.537552,0.007569,-1.107961,0.491535,0.008491,2.665500,0.046026,6.870700,0
17.620000,0.537521,0.007804,-1.117720,0.491532,0.008491,2.683493,0.045994,6.461100,0
17.640000,0.537237,0.014928,-1.132586,0.491530,0.008491,2.701486,0.046158,6.800800,0
17.660000,0.542654,0.004063,-1.170771,0.491528,0.008491,2.719478,0.051317,7.233900,0
17.680000,0.540992,0.008372,-1.196339,0.491526,0.008491,2.737469,0.049466,7.516800,0
17.700000,0.538677,0.015177,-1.190786,0.491523,0.008491,2.755459,0.047626,6.176200,0
17.720000,0.540588,0.013158,-1.210763,0.491521,0.008491,2.773449,0.049289,6.011600,0
17.740000,0.543353,0.008647,-1.243546,0.491519,0.008491,2.791437,0.051834,6.209300,0
17.760000,0.541788,0.011878,-1.243626,0.491517,0.008491,2.809425,0.050385,6.553800,0
17.780000,0.538635,0.022939,-1.230197,0.492464,0.006247,2.810826,0.049096,6.667600,0
17.800000,0.545566,0.005697,-1.248366,0.493440,0.003407,2.810825,0.052176,5.829300,0
17.820000,0.543774,0.011343,-1.244412,0.494415,0.000566,2.810814,0.050522,5.936700,0
17.840000,0.545811,0.005857,-1.241253,0.495391,-0.002274,2.810805,0.051071,6.494600,0
17.860000,0.547599,0.003190,-1.244973,0.496367,-0.005114,2.810799,0.051901,6.534600,0
17.880000,0.549289,-0.004978,-1.246396,0.497342,-0.007952,2.810795,0.052032,7.092000,0
17.900000,0.550325,-0.007894,-1.256272,0.498317,-0.010791,2.810792,0.052088,6.801300,0
17.920000,0.553645,-0.019798,-1.265979,0.499292,-0.013629,2.810790,0.054702,7.158400,0
17.940000,0.550656,-0.018110,-1.267495,0.500268,-0.016468,2.810789,0.050415,6.004200,0
17.960000,0.553316,-0.024511,-1.270606,0.501242,-0.019306,2.810788,0.052334,5.651200,0
17.980000,0.549691,-0.012603,-1.263557,0.502217,-0.022143,2.810788,0.048423,6.817100,0
18.000000,0.550448,-0.013126,-1.238191,0.503192,-0.024981,2.810787,0.048721,5.695300,0
18.020000,0.554563,-0.021971,-1.260654,0.504167,-0.027819,2.810786,0.050735,6.042300,0
18.040000,0.555330,-0.029113,-1.261041,0.505141,-0.030656,2.810786,0.050212,6.013900,0
18.060000,0.553566,-0.024066,-1.242689,0.506116,-0.033494,2.810785,0.048378,6.062600,0
18.080000,0.556398,-0.027853,-1.242708,0.507091,-0.036331,2.810785,0.050031,6.591300,0
18.100000,0.560015,-0.042271,-1.260177,0.508065,-0.039169,2.810785,0.052043,6.085000,0
18.120000,0.558027,-0.033569,-1.249221,0.509040,-0.042006,2.810785,0.049708,5.761500,0
18.140000,0.556824,-0.031455,-1.232039,0.510014,-0.044844,2.810785,0.048687,6.116400,0
18.160000,0.558504,-0.042771,-1.269221,0.510070,-0.045354,2.826752,0.048503,5.644500,0
18.180000,0.558221,-0.039277,-1.286161,0.510043,-0.045457,2.845994,0.048573,6.191800,0
18.200000,0.561236,-0.046788,-1.310074,0.510041,-0.045453,2.863981,0.051212,5.729800,0
18.220000,0.560212,-0.042393,-1.327966,0.510039,-0.045451,2.881970,0.050267,5.645300,0
18.240000,0.560533,-0.042080,-1.340510,0.510037,-0.045449,2.899960,0.050608,6.186900,0
18.260000,0.560930,-0.040405,-1.355256,0.510035,-0.045448,2.917951,0.051144,5.662000,0
18.280000,0.561646,-0.041870,-1.369315,0.510033,-0.045446,2.935942,0.051737,5.706000,0
18.300000,0.559758,-0.035960,-1.377301,0.510031,-0.045445,2.953933,0.050623,6.068600,0
18.320000,0.562773,-0.048495,-1.421561,0.510029,-0.045445,2.971923,0.052832,5.637000,0
18.340000,0.562301,-0.039841,-1.424182,0.510027,-0.045444,2.989913,0.052574,6.120900,0
18.360000,0.562014,-0.035456,-1.424059,0.510397,-0.047736,2.997614,0.053057,6.173500,0
18.380000,0.563063,-0.043267,-1.445643,0.510827,-0.050708,2.997612,0.052763,6.145800,0
18.400000,0.564384,-0.049114,-1.445878,0.511256,-0.053681,2.997603,0.053324,5.744500,0
18.420000,0.564184,-0.056932,-1.452850,0.511686,-0.056653,2.997596,0.052499,5.642600,0
18.440000,0.564888,-0.060651,-1.442946,0.512116,-0.059624,2.997592,0.052782,5.828000,0
18.460000,0.567221,-0.071822,-1.449037,0.512547,-0.062595,2.997588,0.055447,5.769700,0
18.480000,0.567481,-0.063468,-1.447188,0.512977,-0.065565,2.997585,0.054544,5.848400,0
18.500000,0.569659,-0.069061,-1.444333,0.513408,-0.068535,2.997584,0.056253,6.354100,0
18.520000,0.568337,-0.064830,-1.427523,0.513839,-0.071505,2.997583,0.054906,6.497800,0
18.540000,0.570632,-0.079407,-1.466289,0.513872,-0.072218,3.009962,0.057213,6.011500,0
18.560000,0.567770,-0.059509,-1.468002,0.513846,-0.072391,3.029964,0.055441,6.463100,0
18.580000,0.569693,-0.072260,-1.495543,0.513845,-0.072389,3.047967,0.055848,5.935100,0
18.600000,0.568543,-0.058739,-1.498006,0.513844,-0.072386,3.065954,0.056375,6.083100,0
18.620000,0.568844,-0.068115,-1.522848,0.513842,-0.072384,3.083943,0.055167,5.924000,0
18.640000,0.569882,-0.065338,-1.539879,0.513841,-0.072382,3.101931,0.056482,6.016800,0
18.660000,0.569920,-0.071488,-1.572181,0.513841,-0.072381,3.119920,0.056086,6.296900,0
18.680000,0.570028,-0.059466,-1.564647,0.513840,-0.072379,3.137909,0.057653,6.000400,0
18.700000,0.571002,-0.065797,-1.599317,0.513839,-0.072378,-3.127289,0.057541,6.469900,0
18.720000,0.573421,-0.063054,-1.615790,0.513838,-0.072378,-3.109302,0.060308,5.500700,0
18.740000,0.574599,-0.080865,-1.626837,0.513761,-0.074529,-3.099745,0.061167,5.862200,0
18.760000,0.575001,-0.079813,-1.637866,0.513633,-0.077530,-3.099748,0.061410,6.430200,0
18.780000,0.574307,-0.081234,-1.639673,0.513505,-0.080531,-3.099758,0.060806,5.517200,0
18.800000,0.574439,-0.075601,-1.623849,0.513379,-0.083531,-3.099764,0.061573,5.694400,0
18.820000,0.574345,-0.083675,-1.622387,0.513252,-0.086530,-3.099769,0.061159,5.693200,0
18.840000,0.574839,-0.083563,-1.642824,0.513126,-0.089530,-3.099773,0.062001,5.812000,0
18.860000,0.573805,-0.089759,-1.631450,0.513000,-0.092528,-3.099777,0.060868,6.036100,0
18.880000,0.574451,-0.087924,-1.618760,0.512875,-0.095527,-3.099780,0.062043,5.908600,0
18.900000,0.573344,-0.095241,-1.632963,0.512749,-0.098525,-3.099782,0.060684,6.287700,0
18.920000,0.574007,-0.109448,-1.645488,0.512623,-0.101523,-3.099784,0.061893,6.052900,0
18.940000,0.572851,-0.109088,-1.629089,0.512498,-0.104521,-3.099785,0.060525,6.039700,0
18.960000,0.574330,-0.101363,-1.624256,0.512372,-0.107519,-3.099786,0.062263,6.705100,0
18.980000,0.572669,-0.116931,-1.639524,0.512247,-0.110516,-3.099787,0.060762,5.936400,0
19.000000,0.572322,-0.116218,-1.636396,0.512121,-0.113514,-3.099788,0.060262,5.979800,0
19.020000,0.570745,-0.123791,-1.651110,0.511996,-0.116512,-3.099788,0.059199,6.351600,0
19.040000,0.572465,-0.112443,-1.627128,0.511871,-0.119509,-3.099788,0.061005,5.946200,0
19.060000,0.571899,-0.117210,-1.624991,0.511745,-0.122507,-3.099789,0.060387,6.131500,0
19.080000,0.571309,-0.127618,-1.633399,0.511620,-0.125504,-3.099789,0.059727,6.075800,0
19.100000,0.572003,-0.127984,-1.631626,0.511495,-0.128502,-3.099789,0.060510,6.287500,0
19.120000,0.569810,-0.137313,-1.636172,0.511369,-0.131499,-3.099789,0.058730,7.826400,0
19.140000,0.570982,-0.133659,-1.616160,0.511244,-0.134497,-3.099789,0.059744,7.055700,0
19.160000,0.571705,-0.132721,-1.619056,0.511119,-0.137494,-3.099789,0.060774,6.360400,0
19.180000,0.569189,-0.139929,-1.630932,0.510993,-0.140492,-3.099789,0.058199,6.190100,0
19.200000,0.568580,-0.144577,-1.632555,0.510868,-0.143489,-3.099789,0.057722,6.259500,0
19.220000,0.568790,-0.155076,-1.643399,0.510743,-0.146486,-3.099789,0.058679,6.272400,0
19.240000,0.570672,-0.144408,-1.623060,0.510617,-0.149484,-3.099789,0.060269,6.231200,0
19.260000,0.571570,-0.135298,-1.600519,0.510492,-0.152481,-3.099789,0.063449,7.337500,0
19.280000,0.569792,-0.149361,-1.624214,0.510367,-0.155479,-3.099789,0.059739,6.122200,0
19.300000,0.568163,-0.158705,-1.634792,0.510241,-0.158476,-3.099789,0.057923,6.359600,0
19.320000,0.569313,-0.156289,-1.634636,0.510116,-0.161473,-3.099789,0.059424,6.263800,0
19.340000,0.570283,-0.162827,-1.625080,0.509991,-0.164471,-3.099789,0.060314,6.160400,0
19.360000,0.570088,-0.167071,-1.623162,0.509865,-0.167468,-3.099789,0.060225,6.533200,0
19.380000,0.570084,-0.151208,-1.610114,0.509836,-0.168359,-3.089823,0.062642,6.084300,0
19.400000,0.570123,-0.166823,-1.660144,0.509826,-0.168532,-3.069826,0.060321,6.185600,0
19.420000,0.569758,-0.167322,-1.668005,0.509825,-0.168538,-3.051727,0.059946,6.140300,0
19.440000,0.571977,-0.155855,-1.680171,0.509825,-0.168535,-3.033739,0.063432,6.707900,0
19.460000,0.572140,-0.162517,-1.712670,0.509824,-0.168532,-3.015749,0.062606,6.082500,0
19.480000,0.572473,-0.170199,-1.714173,0.509517,-0.170798,-3.007673,0.062959,5.923200,0
19.500000,0.571846,-0.175085,-1.727575,0.509114,-0.173773,-3.007674,0.062746,5.925800,0
19.520000,0.571095,-0.179909,-1.730137,0.508711,-0.176748,-3.007676,0.062464,8.269200,0
19.540000,0.571764,-0.179599,-1.715122,0.508309,-0.179723,-3.007678,0.063455,5.731200,0
19.560000,0.569022,-0.186372,-1.732115,0.507907,-0.182697,-3.007680,0.061226,5.811300,0
19.580000,0.568457,-0.182477,-1.731436,0.507506,-0.185672,-3.007682,0.061035,5.629300,0
19.600000,0.570726,-0.180720,-1.704403,0.507105,-0.188646,-3.007684,0.064113,6.198600,0
19.620000,0.569317,-0.190153,-1.713738,0.506704,-0.191620,-3.007685,0.062630,5.998500,0
19.640000,0.569055,-0.185640,-1.707687,0.506303,-0.194594,-3.007686,0.063387,6.089700,0
19.660000,0.567994,-0.201261,-1.735559,0.505902,-0.197567,-3.007686,0.062202,6.191200,0
19.680000,0.568374,-0.203992,-1.733412,0.505502,-0.200541,-3.007687,0.062967,6.388500,0
19.700000,0.570047,-0.193879,-1.714529,0.505101,-0.203514,-3.007687,0.065657,6.371200,0
19.720000,0.571802,-0.193630,-1.695675,0.504701,-0.206488,-3.007688,0.068322,7.725600,0
19.740000,0.571130,-0.204846,-1.722018,0.504300,-0.209461,-3.007688,0.066989,7.316700,0
19.760000,0.566445,-0.218552,-1.733555,0.503900,-0.212434,-3.007688,0.062843,8.569000,0
19.780000,0.569124,-0.210072,-1.705163,0.503499,-0.215408,-3.007688,0.065842,7.289800,0
19.800000,0.566469,-0.212939,-1.714712,0.503099,-0.218381,-3.007688,0.063604,7.188800,0
19.820000,0.564637,-0.220550,-1.727314,0.502698,-0.221354,-3.007689,0.061945,6.257900,0
19.840000,0.562267,-0.221933,-1.730740,0.502298,-0.224327,-3.007689,0.060017,11.078400,0
19.860000,0.560871,-0.224560,-1.718124,0.501897,-0.227300,-3.007689,0.059037,15.010300,0
19.880000,0.560134,-0.231370,-1.718267,0.501497,-0.230274,-3.007689,0.058647,13.291900,0
19.900000,0.560032,-0.236452,-1.729853,0.501096,-0.233247,-3.007689,0.059023,10.963100,0
19.920000,0.564532,-0.218170,-1.723219,0.500696,-0.236220,-3.007689,0.066338,10.960000,0
19.940000,0.561590,-0.236719,-1.716751,0.500295,-0.239193,-3.007689,0.061345,6.670600,0
19.960000,0.561640,-0.234310,-1.726348,0.500220,-0.239956,-2.996014,0.061679,7.020700,0
19.980000,0.559969,-0.245638,-1.765515,0.500195,-0.240127,-2.976016,0.060028,6.304900,0
20.000000,0.560578,-0.239161,-1.769504,0.500194,-0.240127,-2.957988,0.060391,7.351800,0
20.020000,0.560877,-0.240442,-1.790467,0.500194,-0.240123,-2.939993,0.060684,6.458300,0
20.040000,0.562967,-0.239484,-1.804242,0.500193,-0.240119,-2.921981,0.062777,7.010400,0
20.060000,0.564749,-0.234082,-1.824519,0.500192,-0.240114,-2.903960,0.064838,7.128600,0
20.080000,0.566052,-0.235319,-1.836984,0.500191,-0.240109,-2.885935,0.066035,7.187700,0
20.100000,0.564378,-0.245508,-1.868179,0.500191,-0.240104,-2.867908,0.064414,10.816000,0
20.120000,0.565783,-0.238345,-1.882898,0.500190,-0.240099,-2.849882,0.065616,9.355600,0
20.140000,0.564117,-0.242082,-1.898993,0.499441,-0.242491,-2.844195,0.064678,8.485600,0
20.160000,0.562380,-0.244116,-1.878969,0.498559,-0.245362,-2.844192,0.063833,7.216600,0
20.180000,0.563337,-0.243505,-1.883233,0.497679,-0.248233,-2.844195,0.065828,6.356900,0
20.200000,0.563495,-0.247383,-1.879744,0.496798,-0.251103,-2.844199,0.066800,7.096700,0
20.220000,0.561679,-0.252216,-1.890920,0.495918,-0.253973,-2.844203,0.065784,7.566300,0
20.240000,0.558879,-0.259388,-1.885894,0.495038,-0.256843,-2.844206,0.063892,7.771200,0
20.260000,0.561144,-0.256317,-1.875258,0.494159,-0.259713,-2.844209,0.067071,6.433700,0
20.280000,0.563533,-0.248888,-1.855795,0.493279,-0.262582,-2.844211,0.071576,6.814800,0
20.300000,0.557986,-0.264058,-1.888613,0.492400,-0.265451,-2.844213,0.065601,8.214200,0
20.320000,0.557298,-0.264287,-1.881420,0.491521,-0.268320,-2.844214,0.065901,7.851000,0
20.340000,0.557365,-0.264480,-1.868379,0.490642,-0.271189,-2.844216,0.067059,7.651900,0
20.360000,0.558171,-0.262044,-1.872331,0.489763,-0.274057,-2.844216,0.069455,8.536700,0
20.380000,0.553671,-0.274635,-1.874711,0.488884,-0.276926,-2.844217,0.064827,6.888300,0
20.400000,0.555948,-0.270764,-1.860303,0.488005,-0.279795,-2.844217,0.068540,6.634700,0
20.420000,0.551887,-0.273997,-1.868559,0.487126,-0.282663,-2.844218,0.065338,6.542300,0
20.440000,0.550089,-0.282585,-1.880603,0.486247,-0.285532,-2.844218,0.063910,11.036500,0
20.460000,0.553212,-0.272030,-1.869903,0.485368,-0.288400,-2.844218,0.069791,11.753900,0
20.480000,0.550334,-0.280297,-1.860612,0.484489,-0.291269,-2.844218,0.066753,7.442000,0
20.500000,0.547176,-0.291067,-1.881472,0.483610,-0.294137,-2.844218,0.063641,7.405400,0
20.520000,0.544877,-0.293159,-1.880706,0.482731,-0.297006,-2.844218,0.062265,7.724600,0
20.540000,0.547269,-0.288349,-1.866753,0.481852,-0.299874,-2.844218,0.066425,7.612400,0
20.560000,0.547134,-0.291870,-1.868599,0.480973,-0.302742,-2.844218,0.067048,8.412500,0
20.580000,0.543163,-0.302976,-1.874073,0.480094,-0.305611,-2.844218,0.063124,6.354800,0
20.600000,0.545311,-0.296834,-1.858937,0.479215,-0.308479,-2.844218,0.067114,7.126200,0
20.620000,0.541881,-0.307168,-1.871167,0.478336,-0.311347,-2.844218,0.063682,6.131400,0
20.640000,0.541243,-0.304649,-1.876313,0.477456,-0.314216,-2.844218,0.064501,6.201000,0
20.660000,0.541572,-0.302808,-1.857716,0.476577,-0.317084,-2.844218,0.066544,6.572900,0
20.680000,0.545020,-0.299672,-1.882962,0.475698,-0.319952,-2.844218,0.072227,6.216700,0
20.700000,0.538505,-0.315792,-1.881993,0.474819,-0.322821,-2.844218,0.064073,7.073600,0
20.720000,0.537529,-0.325138,-1.876302,0.473940,-0.325689,-2.844218,0.063592,12.786100,0
20.740000,0.539063,-0.318949,-1.891798,0.473061,-0.328557,-2.844218,0.066698,9.302200,0
20.760000,0.536421,-0.328381,-1.886857,0.472182,-0.331426,-2.844218,0.064311,7.259300,0
20.780000,0.534403,-0.333907,-1.891203,0.471303,-0.334294,-2.844218,0.063101,6.728600,0
20.800000,0.534453,-0.334119,-1.881018,0.470424,-0.337162,-2.844218,0.064101,6.612100,0
20.820000,0.534476,-0.332829,-1.877103,0.469545,-0.340031,-2.844218,0.065329,8.508300,0
20.840000,0.533342,-0.337911,-1.879101,0.468666,-0.342899,-2.844218,0.064868,6.356800,0
20.860000,0.537074,-0.322633,-1.860484,0.467787,-0.345767,-2.844218,0.073047,7.654400,0
20.880000,0.531899,-0.340151,-1.871177,0.466908,-0.348636,-2.844218,0.065542,7.341100,0
20.900000,0.531264,-0.353298,-1.877833,0.466029,-0.351504,-2.844218,0.065259,7.380700,0
20.920000,0.532106,-0.349979,-1.876767,0.465150,-0.354372,-2.844218,0.067100,8.312400,0
20.940000,0.529945,-0.350577,-1.868353,0.464271,-0.357241,-2.844218,0.066011,7.102900,0
20.960000,0.528874,-0.351961,-1.869587,0.463392,-0.360109,-2.844218,0.065987,7.561100,0
20.980000,0.526874,-0.357797,-1.881003,0.462513,-0.362977,-2.844218,0.064569,9.220600,0
21.000000,0.524990,-0.360637,-1.869180,0.461634,-0.365846,-2.844218,0.063570,7.230500,0
21.020000,0.522279,-0.369675,-1.881144,0.460755,-0.368714,-2.844218,0.061532,7.295100,0
21.040000,0.523506,-0.368136,-1.874855,0.459876,-0.371582,-2.844218,0.063723,7.783200,0
21.060000,0.524137,-0.366667,-1.867350,0.458997,-0.374451,-2.844218,0.065604,8.074900,0
21.080000,0.522939,-0.368454,-1.872672,0.458118,-0.377319,-2.844218,0.065424,8.072800,0
21.100000,0.523527,-0.367940,-1.845336,0.457239,-0.380187,-2.844218,0.067410,7.916800,0
21.120000,0.520826,-0.378299,-1.881335,0.456360,-0.383056,-2.844218,0.064642,8.362400,0
21.140000,0.517786,-0.385779,-1.882871,0.455481,-0.385924,-2.844218,0.062305,8.231600,0
21.160000,0.516659,-0.386167,-1.902877,0.454602,-0.388792,-2.844218,0.062113,7.201500,0
21.180000,0.516499,-0.389644,-1.884831,0.453723,-0.391661,-2.844218,0.062809,7.647100,0
21.200000,0.516377,-0.389040,-1.883258,0.452844,-0.394529,-2.844218,0.063769,7.402500,0
21.220000,0.515186,-0.391840,-1.879606,0.451965,-0.397397,-2.844218,0.063465,8.039200,0
21.240000,0.514526,-0.394374,-1.881182,0.451086,-0.400266,-2.844218,0.063713,6.324100,0
21.260000,0.510337,-0.406259,-1.902334,0.450207,-0.403134,-2.844218,0.060211,6.851500,0
21.280000,0.511573,-0.398801,-1.886162,0.449327,-0.406002,-2.844218,0.062662,6.312800,0
21.300000,0.510998,-0.400226,-1.889354,0.448448,-0.408871,-2.844218,0.063144,6.080200,0
21.320000,0.506989,-0.412816,-1.889554,0.447569,-0.411739,-2.844218,0.059429,6.876300,0
21.340000,0.509134,-0.406071,-1.869269,0.446690,-0.414607,-2.844218,0.063025,7.208800,0
21.360000,0.510095,-0.400275,-1.870137,0.445811,-0.417476,-2.844218,0.066545,7.306400,0
21.380000,0.509507,-0.409460,-1.868207,0.444932,-0.420344,-2.844218,0.065486,7.593100,0
21.400000,0.504029,-0.421103,-1.901790,0.444053,-0.423212,-2.844218,0.060013,9.235000,0
21.420000,0.503312,-0.424798,-1.882474,0.443174,-0.426081,-2.844218,0.060152,7.425600,0
21.440000,0.502829,-0.426051,-1.909279,0.443066,-0.426669,-2.830387,0.059766,7.439700,0
21.460000,0.504225,-0.423652,-1.915026,0.443026,-0.426791,-2.810903,0.061279,7.728300,0
21.480000,0.501984,-0.429151,-1.936194,0.443027,-0.426789,-2.792893,0.059005,7.661200,0
21.500000,0.507064,-0.418895,-1.944104,0.443027,-0.426784,-2.774886,0.064521,6.942700,0
21.520000,0.506468,-0.419852,-1.966493,0.443026,-0.426779,-2.756874,0.063819,7.159500,0
21.540000,0.506092,-0.422438,-1.977982,0.443026,-0.426775,-2.738859,0.063215,7.193000,0
21.560000,0.509509,-0.420294,-2.008648,0.443025,-0.426770,-2.720844,0.066799,7.839400,0
21.580000,0.508907,-0.420045,-1.999374,0.441945,-0.429181,-2.716779,0.067583,7.512600,0
21.600000,0.504230,-0.430685,-1.998810,0.440706,-0.431917,-2.716777,0.063536,8.637000,0
21.620000,0.502240,-0.433889,-2.007879,0.439468,-0.434653,-2.716779,0.062776,7.922900,0
21.640000,0.500225,-0.438533,-2.016007,0.438230,-0.437388,-2.716783,0.062005,7.297400,0
21.660000,0.501035,-0.434832,-2.020881,0.436993,-0.440123,-2.716786,0.064260,7.597000,0
21.680000,0.495938,-0.445416,-2.011612,0.435755,-0.442857,-2.716788,0.060237,7.404300,0
21.700000,0.501405,-0.436263,-1.989147,0.434519,-0.445592,-2.716790,0.067533,7.250300,0
21.720000,0.496185,-0.444136,-2.006706,0.433282,-0.448326,-2.716791,0.063043,7.623200,0
21.740000,0.491769,-0.451170,-2.012416,0.432045,-0.451060,-2.716793,0.059724,7.479300,0
21.760000,0.493034,-0.446950,-2.002742,0.430808,-0.453794,-2.716794,0.062601,7.416000,0
21.780000,0.488077,-0.457409,-2.010827,0.429572,-0.456528,-2.716794,0.058512,7.866000,0
21.800000,0.491463,-0.455957,-2.008394,0.428335,-0.459261,-2.716795,0.063215,7.445900,0
21.820000,0.490895,-0.459709,-2.021083,0.428138,-0.459697,-2.701032,0.062757,7.134200,0
21.840000,0.493164,-0.455937,-2.036125,0.428105,-0.459765,-2.682142,0.065171,6.582600,0
21.860000,0.491404,-0.457313,-2.062584,0.428106,-0.459761,-2.664151,0.063346,7.360200,0
21.880000,0.491878,-0.459942,-2.084765,0.428106,-0.459758,-2.646156,0.063773,6.234700,0
21.900000,0.494018,-0.455543,-2.091395,0.428107,-0.459754,-2.628156,0.066046,6.870800,0
21.920000,0.493035,-0.458761,-2.113812,0.428106,-0.459751,-2.610153,0.064936,6.021500,0
21.940000,0.495126,-0.454750,-2.126418,0.428106,-0.459747,-2.592149,0.067206,5.825100,0
21.960000,0.495215,-0.455370,-2.149673,0.428106,-0.459744,-2.574143,0.067252,6.146000,0
21.980000,0.494998,-0.457767,-2.166410,0.428105,-0.459741,-2.556138,0.066922,5.824000,0
22.000000,0.499727,-0.451496,-2.175631,0.428105,-0.459738,-2.538134,0.072095,6.184800,0
22.020000,0.499217,-0.454173,-2.197487,0.428104,-0.459735,-2.520130,0.071330,5.853000,0
22.040000,0.493591,-0.461138,-2.230216,0.428103,-0.459732,-2.502128,0.065503,6.040200,0
22.060000,0.498988,-0.456974,-2.232806,0.428103,-0.459729,-2.484126,0.070939,6.556200,0
22.080000,0.501141,-0.455709,-2.246919,0.428102,-0.459727,-2.466126,0.073149,6.414900,0
22.100000,0.495974,-0.462787,-2.285553,0.428101,-0.459724,-2.448127,0.067942,6.552500,0
22.120000,0.501350,-0.456566,-2.286412,0.428100,-0.459722,-2.430129,0.073318,6.449100,0
22.140000,0.497938,-0.460127,-2.313094,0.428099,-0.459720,-2.412132,0.069840,6.529900,0
22.160000,0.498954,-0.461454,-2.343145,0.428099,-0.459717,-2.394136,0.070876,7.021700,0
22.180000,0.498967,-0.462316,-2.349271,0.428098,-0.459715,-2.376141,0.070916,6.472600,0
22.200000,0.499185,-0.463167,-2.372705,0.428097,-0.459713,-2.358147,0.071172,6.633200,0
22.220000,0.495749,-0.468048,-2.399737,0.428096,-0.459711,-2.340154,0.068164,5.681300,0
22.240000,0.501032,-0.461032,-2.400079,0.428095,-0.459709,-2.322161,0.072949,5.928600,0
22.260000,0.501180,-0.460515,-2.416838,0.428094,-0.459707,-2.304169,0.073090,5.826600,0
22.280000,0.499965,-0.464581,-2.440200,0.428094,-0.459705,-2.286177,0.072036,5.644600,0
22.300000,0.503636,-0.461263,-2.456355,0.428093,-0.459703,-2.268186,0.075559,5.705800,0
22.320000,0.503036,-0.462269,-2.472053,0.428092,-0.459701,-2.250195,0.074988,6.261900,0
22.340000,0.494098,-0.471159,-2.488362,0.426020,-0.461545,-2.249426,0.068753,6.031700,0
22.360000,0.503098,-0.463867,-2.471976,0.423681,-0.463431,-2.249433,0.079419,6.862700,0
22.380000,0.498148,-0.468494,-2.466358,0.421343,-0.465317,-2.249443,0.076871,5.730200,0
22.400000,0.499162,-0.468781,-2.459723,0.419006,-0.467202,-2.249451,0.080171,5.686700,0
22.420000,0.498309,-0.468004,-2.462744,0.416669,-0.469087,-2.249458,0.081647,5.976600,0
22.440000,0.494692,-0.471159,-2.461899,0.414333,-0.470972,-2.249462,0.080359,5.665900,0
22.460000,0.484886,-0.477719,-2.469422,0.411997,-0.472857,-2.249465,0.073051,5.963300,0
22.480000,0.492174,-0.472056,-2.453264,0.409661,-0.474741,-2.249468,0.082557,5.669500,0
22.500000,0.478447,-0.481630,-2.478135,0.407325,-0.476625,-2.249469,0.071298,5.625200,0
22.520000,0.484789,-0.478185,-2.464642,0.404990,-0.478509,-2.249471,0.079800,5.853200,0
22.540000,0.480601,-0.480347,-2.454286,0.402654,-0.480393,-2.249471,0.077947,5.598000,0
22.560000,0.474963,-0.484705,-2.465417,0.400319,-0.482277,-2.249472,0.074683,5.630800,0
22.580000,0.481312,-0.479495,-2.459028,0.397983,-0.484161,-2.249473,0.083460,6.252300,0
22.600000,0.469699,-0.488722,-2.467292,0.395648,-0.486044,-2.249473,0.074099,5.878000,0
22.620000,0.466078,-0.491477,-2.469865,0.393313,-0.487928,-2.249474,0.072851,5.962500,0
22.640000,0.466497,-0.492392,-2.465234,0.390977,-0.489811,-2.249474,0.075564,6.037100,0
22.660000,0.464769,-0.492311,-2.470055,0.388642,-0.491695,-2.249475,0.076129,6.004300,0
22.680000,0.458994,-0.496859,-2.468774,0.386307,-0.493578,-2.249475,0.072761,6.186700,0
22.700000,0.461716,-0.497331,-2.464620,0.383972,-0.495462,-2.249475,0.077766,6.337500,0
22.720000,0.457604,-0.499415,-2.473778,0.381636,-0.497345,-2.249475,0.075996,6.857800,0
22.740000,0.455772,-0.501839,-2.463766,0.379301,-0.499228,-2.249475,0.076515,6.405600,0
22.760000,0.455827,-0.501847,-2.464026,0.376966,-0.501112,-2.249475,0.078864,5.579600,0
22.780000,0.448543,-0.504452,-2.471161,0.374631,-0.502995,-2.249475,0.073926,5.843500,0
22.800000,0.447160,-0.507457,-2.466728,0.372295,-0.504878,-2.249475,0.074909,5.618400,0
22.820000,0.445752,-0.508293,-2.458494,0.369960,-0.506762,-2.249475,0.075808,6.261700,0
22.840000,0.442243,-0.511862,-2.478678,0.367625,-0.508645,-2.249475,0.074688,6.105400,0
22.860000,0.434142,-0.519712,-2.493013,0.365290,-0.510528,-2.249475,0.069462,5.521600,0
22.880000,0.441084,-0.512996,-2.465623,0.362955,-0.512412,-2.249475,0.078131,5.552600,0
22.900000,0.436222,-0.515523,-2.488220,0.362675,-0.512612,-2.232048,0.073605,6.269100,0
22.920000,0.430947,-0.520049,-2.524294,0.362667,-0.512616,-2.213917,0.068684,5.525900,0
22.940000,0.436093,-0.516741,-2.526055,0.362670,-0.512613,-2.195929,0.073539,6.434300,0
22.960000,0.431747,-0.520882,-2.559571,0.362671,-0.512610,-2.177937,0.069569,5.516000,0
22.980000,0.438180,-0.516543,-2.552870,0.362673,-0.512607,-2.159943,0.075610,5.487700,0
23.000000,0.435863,-0.517089,-2.579354,0.362673,-0.512605,-2.141948,0.073327,5.683400,0
23.020000,0.438969,-0.517549,-2.603659,0.362674,-0.512602,-2.123952,0.076456,5.532800,0
23.040000,0.435584,-0.521412,-2.617894,0.362674,-0.512599,-2.105957,0.073441,5.524200,0
23.060000,0.441670,-0.517467,-2.639750,0.362675,-0.512597,-2.087962,0.079145,5.673600,0
23.080000,0.441287,-0.518751,-2.644858,0.362675,-0.512594,-2.069968,0.078852,5.736700,0
23.100000,0.435486,-0.522332,-2.665093,0.362675,-0.512592,-2.051975,0.073459,6.356800,0
23.120000,0.441241,-0.520153,-2.689122,0.362674,-0.512589,-2.033983,0.078930,6.195900,0
23.140000,0.436323,-0.523668,-2.715838,0.362674,-0.512587,-2.015991,0.074478,6.289500,0
23.160000,0.442699,-0.522527,-2.724419,0.362674,-0.512585,-1.998000,0.080640,6.383100,0
23.180000,0.433744,-0.524882,-2.745215,0.360494,-0.513827,-1.997921,0.074080,6.360700,0
23.200000,0.428626,-0.528208,-2.734165,0.357761,-0.515072,-1.997926,0.072073,6.638400,0
23.220000,0.420226,-0.531640,-2.746153,0.355027,-0.516316,-1.997936,0.066976,6.367100,0
23.240000,0.422982,-0.530438,-2.726707,0.352294,-0.517561,-1.997944,0.071851,6.690100,0
23.260000,0.424601,-0.529886,-2.738108,0.349562,-0.518805,-1.997949,0.075852,6.700000,0
23.280000,0.421584,-0.531217,-2.727645,0.346830,-0.520049,-1.997953,0.075584,6.488600,0
23.300000,0.431090,-0.526081,-2.716660,0.344099,-0.521293,-1.997956,0.087122,6.451300,0
23.320000,0.430007,-0.528112,-2.709265,0.341367,-0.522537,-1.997957,0.088815,6.543500,0
23.340000,0.414470,-0.535768,-2.717328,0.338636,-0.523780,-1.997958,0.076776,6.538200,0
23.360000,0.401235,-0.541111,-2.737243,0.335905,-0.525024,-1.997959,0.067282,6.617100,0
23.380000,0.404768,-0.540034,-2.742505,0.333174,-0.526267,-1.997960,0.072906,6.538000,0
23.400000,0.408413,-0.536983,-2.718845,0.330443,-0.527510,-1.997960,0.078543,6.706600,0
23.420000,0.405628,-0.537442,-2.724199,0.327713,-0.528753,-1.997961,0.078398,6.610800,0
23.440000,0.409628,-0.537229,-2.714196,0.324982,-0.529997,-1.997961,0.084955,6.951700,0
23.460000,0.399379,-0.540021,-2.720426,0.322252,-0.531240,-1.997962,0.077625,6.442200,0
23.480000,0.395011,-0.543351,-2.730064,0.319521,-0.532483,-1.997962,0.076268,6.542600,0
23.500000,0.400161,-0.540272,-2.717514,0.316791,-0.533726,-1.997962,0.083626,6.658800,0
23.520000,0.395845,-0.541813,-2.723519,0.314060,-0.534969,-1.997962,0.082071,6.549100,0
23.540000,0.390476,-0.544003,-2.744081,0.313588,-0.534974,-1.980198,0.077416,6.671800,0
23.560000,0.385904,-0.548786,-2.772984,0.313523,-0.534968,-1.961369,0.073688,6.557900,0
23.580000,0.393539,-0.545774,-2.771281,0.313525,-0.534966,-1.943381,0.080741,6.473900,0
23.600000,0.392969,-0.545835,-2.800497,0.313528,-0.534963,-1.925392,0.080182,6.621200,0
23.620000,0.379311,-0.553034,-2.822079,0.313529,-0.534961,-1.907402,0.068220,7.618600,0
23.640000,0.389223,-0.548490,-2.845477,0.313531,-0.534959,-1.889410,0.076892,6.540600,0
23.660000,0.393616,-0.545743,-2.840956,0.313531,-0.534957,-1.871419,0.080808,5.542000,0
23.680000,0.403536,-0.543822,-2.851352,0.313532,-0.534955,-1.853427,0.090440,6.355800,0
23.700000,0.387453,-0.549590,-2.895374,0.313533,-0.534953,-1.835436,0.075355,5.736100,0
23.720000,0.392025,-0.548256,-2.913964,0.313533,-0.534951,-1.817446,0.079611,6.051500,0
23.740000,0.390860,-0.551605,-2.928464,0.313533,-0.534949,-1.799456,0.079100,6.200300,0
23.760000,0.393635,-0.551666,-2.943322,0.313534,-0.534947,-1.781468,0.081827,6.353900,0
23.780000,0.392158,-0.552235,-2.965231,0.313534,-0.534945,-1.763480,0.080502,6.759900,0
23.800000,0.399435,-0.550011,-2.966693,0.313534,-0.534942,-1.745492,0.087212,6.789200,0
23.820000,0.390086,-0.552247,-2.996898,0.313534,-0.534940,-1.727506,0.078484,6.635800,0
23.840000,0.390493,-0.552485,-3.005256,0.311237,-0.535324,-1.719883,0.081093,6.519500,0
23.860000,0.377791,-0.555293,-3.027581,0.308266,-0.535769,-1.719886,0.072215,5.533200,0
23.880000,0.379562,-0.554469,-3.010449,0.305296,-0.536214,-1.719897,0.076476,5.941600,0
23.900000,0.390273,-0.552253,-2.984168,0.302326,-0.536659,-1.719905,0.089319,5.563600,0
23.920000,0.376799,-0.553349,-2.999605,0.299357,-0.537105,-1.719911,0.079127,7.049200,0
23.940000,0.368862,-0.555323,-3.013808,0.296388,-0.537550,-1.719916,0.074622,7.113700,0
23.960000,0.369568,-0.555566,-3.011984,0.293420,-0.537996,-1.719919,0.078149,7.654300,0
23.980000,0.390728,-0.554498,-3.013424,0.290452,-0.538442,-1.719921,0.101553,6.464500,0
24.000000,0.371242,-0.554924,-2.987179,0.287485,-0.538888,-1.719922,0.085279,6.222400,0
24.020000,0.351743,-0.557752,-3.022239,0.284517,-0.539334,-1.719923,0.069703,7.767600,0
24.040000,0.364975,-0.555269,-2.992707,0.281550,-0.539780,-1.719924,0.084851,7.170900,0
24.060000,0.344126,-0.558535,-3.015338,0.278583,-0.540226,-1.719924,0.068053,9.452100,0
24.080000,0.346674,-0.559127,-3.023943,0.275615,-0.540672,-1.719925,0.073416,16.689000,0
24.100000,0.352050,-0.559206,-3.005547,0.272649,-0.541118,-1.719926,0.081435,10.075600,0
24.120000,0.338739,-0.560628,-3.000700,0.269682,-0.541563,-1.719927,0.071640,8.655200,0
24.140000,0.343026,-0.560061,-3.016671,0.266715,-0.542009,-1.719927,0.078418,7.097000,0
24.160000,0.338088,-0.559913,-3.003729,0.263748,-0.542455,-1.719928,0.076363,8.049100,0
24.180000,0.344290,-0.558566,-2.991354,0.260781,-0.542901,-1.719928,0.084965,6.567800,0
24.200000,0.336866,-0.558505,-3.009059,0.257814,-0.543347,-1.719928,0.080492,6.819400,0
24.220000,0.334455,-0.559809,-2.995765,0.254847,-0.543793,-1.719928,0.081204,7.370000,0
24.240000,0.330266,-0.561016,-3.008079,0.251881,-0.544238,-1.719928,0.080161,8.899800,0
24.260000,0.317774,-0.562088,-3.023684,0.248914,-0.544684,-1.719928,0.071025,7.227500,0
24.280000,0.324868,-0.560310,-2.997714,0.245947,-0.545130,-1.719928,0.080368,6.947900,0
24.300000,0.334068,-0.560166,-2.982303,0.242981,-0.545576,-1.719928,0.092248,7.420500,0
24.320000,0.326436,-0.561398,-3.006521,0.242275,-0.545621,-1.707469,0.085627,8.213000,0
24.340000,0.323539,-0.562783,-3.038747,0.242103,-0.545595,-1.687471,0.083230,9.922600,0
24.360000,0.321846,-0.563269,-3.060261,0.242106,-0.545593,-1.669483,0.081676,8.230200,0
24.380000,0.325054,-0.564050,-3.062041,0.242109,-0.545592,-1.651495,0.084974,7.834800,0
24.400000,0.325483,-0.564326,-3.089386,0.242111,-0.545590,-1.633505,0.085451,7.646300,0
24.420000,0.319319,-0.564157,-3.120494,0.242113,-0.545589,-1.615515,0.079407,7.896200,0
24.440000,0.331270,-0.565713,-3.109222,0.242115,-0.545587,-1.597525,0.091398,8.183500,0
24.460000,0.317540,-0.567105,-3.135054,0.239968,-0.545685,-1.587914,0.080475,8.752500,0
24.480000,0.295454,-0.567541,-3.124804,0.236966,-0.545734,-1.587917,0.062421,8.835700,0
24.500000,0.307943,-0.566847,3.133845,0.233963,-0.545783,-1.587921,0.076920,8.316100,0
24.520000,0.303587,-0.567895,3.138967,0.230961,-0.545833,-1.587925,0.075903,8.861200,0
24.540000,0.303714,-0.566806,3.139653,0.227960,-0.545884,-1.587928,0.078590,8.196600,0
24.560000,0.317317,-0.565243,-3.113424,0.224958,-0.545935,-1.587931,0.094356,7.571500,0
24.580000,0.298413,-0.565001,-3.132740,0.221958,-0.545985,-1.587933,0.078784,6.664100,0
24.600000,0.298396,-0.564149,-3.138043,0.218957,-0.546037,-1.587935,0.081477,6.848400,0
24.620000,0.287096,-0.564658,3.134491,0.215957,-0.546088,-1.587937,0.073523,6.718400,0
24.640000,0.281413,-0.566330,3.137467,0.212957,-0.546139,-1.587938,0.071372,7.025900,0
24.660000,0.286710,-0.565154,3.140798,0.209956,-0.546191,-1.587939,0.079062,6.673700,0
24.680000,0.277734,-0.566855,3.136404,0.206957,-0.546242,-1.587940,0.073718,6.774800,0
24.700000,0.283939,-0.566579,-3.141093,0.203957,-0.546293,-1.587940,0.082514,6.713300,0
24.720000,0.267535,-0.565476,3.121722,0.200957,-0.546345,-1.587941,0.069273,6.594400,0
24.740000,0.277589,-0.565445,-3.128938,0.197957,-0.546396,-1.587941,0.081878,6.878000,0
24.760000,0.275953,-0.565924,3.138140,0.194957,-0.546448,-1.587941,0.083305,6.758800,0
24.780000,0.269436,-0.563339,-3.133638,0.191958,-0.546499,-1.587941,0.079287,6.652100,0
24.800000,0.269737,-0.563719,-3.121321,0.188958,-0.546551,-1.587942,0.082583,6.607000,0
24.820000,0.269376,-0.564547,-3.127140,0.185958,-0.546602,-1.587942,0.085326,6.702100,0
24.840000,0.268560,-0.565905,-3.138537,0.182959,-0.546654,-1.587942,0.087739,9.222500,0
24.860000,0.259388,-0.566017,-3.140656,0.179959,-0.546705,-1.587942,0.081743,6.609700,0
24.880000,0.250958,-0.565909,3.140794,0.176959,-0.546757,-1.587942,0.076437,6.906000,0
24.900000,0.274560,-0.565658,3.136648,0.173960,-0.546808,-1.587942,0.102351,6.922400,0
24.920000,0.238652,-0.566310,3.135629,0.170960,-0.546860,-1.587942,0.070431,9.946700,0
24.940000,0.242190,-0.566800,3.139250,0.167961,-0.546911,-1.587942,0.076848,8.795700,0
24.960000,0.242306,-0.563233,3.134991,0.164961,-0.546962,-1.587942,0.079038,6.149900,0
24.980000,0.234068,-0.562730,3.141078,0.161962,-0.547014,-1.587942,0.073799,5.547500,0
25.000000,0.230592,-0.564532,3.138437,0.158962,-0.547065,-1.587942,0.073729,5.641500,0
25.020000,0.226772,-0.564349,3.123445,0.155962,-0.547117,-1.587942,0.072876,5.503300,0
25.040000,0.226155,-0.564402,3.135303,0.152963,-0.547168,-1.587942,0.075194,5.707600,0
25.060000,0.221456,-0.565742,3.136786,0.149963,-0.547220,-1.587942,0.073853,8.596800,0
25.080000,0.214040,-0.564597,3.131828,0.146964,-0.547271,-1.587942,0.069277,9.773800,0
25.100000,0.216058,-0.564799,3.135398,0.143964,-0.547322,-1.587942,0.074182,5.856100,0
25.120000,0.212754,-0.565607,3.137816,0.140965,-0.547374,-1.587942,0.074069,5.953500,0
25.140000,0.211904,-0.564572,3.119975,0.137965,-0.547425,-1.587942,0.075901,6.434800,0
25.160000,0.213440,-0.564482,-3.129870,0.134966,-0.547477,-1.587942,0.080295,5.939800,0
25.180000,0.210085,-0.565847,-3.131646,0.131966,-0.547528,-1.587942,0.080238,6.093100,0
25.200000,0.214364,-0.566886,-3.119552,0.128966,-0.547580,-1.587942,0.087553,6.637300,0
25.220000,0.209282,-0.566324,-3.128788,0.125967,-0.547631,-1.587942,0.085387,6.063400,0
25.240000,0.207688,-0.566110,-3.127275,0.122967,-0.547683,-1.587942,0.086702,6.496200,0
25.260000,0.203993,-0.565756,-3.134730,0.119968,-0.547734,-1.587942,0.085936,6.450300,0
25.280000,0.187916,-0.565803,-3.138807,0.116968,-0.547785,-1.587942,0.073201,6.007400,0
25.300000,0.196237,-0.565644,-3.136731,0.113969,-0.547837,-1.587942,0.084173,6.084800,0
25.320000,0.205495,-0.565310,-3.134076,0.110969,-0.547888,-1.587942,0.096118,6.046100,0
25.340000,0.179469,-0.564692,-3.141211,0.107969,-0.547940,-1.587942,0.073436,6.282300,0
25.360000,0.173078,-0.566070,3.129358,0.104970,-0.547991,-1.587942,0.070467,6.106300,0
25.380000,0.171392,-0.567299,3.122934,0.101970,-0.548043,-1.587942,0.072043,5.801400,0
25.400000,0.175533,-0.566482,-3.134759,0.098971,-0.548094,-1.587942,0.078739,5.908400,0
25.420000,0.183535,-0.564974,-3.131475,0.095971,-0.548145,-1.587942,0.089166,5.885100,0
25.440000,0.174182,-0.563615,-3.130084,0.092972,-0.548197,-1.587942,0.082661,5.942900,0
25.460000,0.177850,-0.565550,-3.138942,0.089972,-0.548248,-1.587942,0.089565,5.819500,0
25.480000,0.165426,-0.564525,-3.127420,0.086973,-0.548300,-1.587942,0.080113,5.793100,0
25.500000,0.159470,-0.564293,-3.138490,0.083973,-0.548351,-1.587942,0.077162,5.958200,0
25.520000,0.158219,-0.564193,3.133729,0.080973,-0.548403,-1.587942,0.078843,6.189100,0
25.540000,0.150675,-0.563818,-3.140049,0.077974,-0.548454,-1.587942,0.074307,6.400500,0
25.560000,0.147919,-0.564241,3.138391,0.074974,-0.548505,-1.587942,0.074623,6.607700,0
25.580000,0.149383,-0.566637,-3.140845,0.071975,-0.548557,-1.587942,0.079492,6.107300,0
25.600000,0.148115,-0.566541,3.138997,0.068975,-0.548608,-1.587942,0.081146,6.150800,0
25.620000,0.143455,-0.565372,3.136312,0.065976,-0.548660,-1.587942,0.079261,6.020300,0
25.640000,0.144546,-0.563990,-3.129996,0.062976,-0.548711,-1.587942,0.082989,5.992900,0
25.660000,0.134518,-0.563897,-3.138932,0.059977,-0.548763,-1.587942,0.076062,6.405600,0
25.680000,0.135069,-0.563355,3.140159,0.056977,-0.548814,-1.587942,0.079434,6.397100,0
25.700000,0.126979,-0.564313,-3.140306,0.053977,-0.548865,-1.587942,0.074619,6.217800,0
25.720000,0.128410,-0.564510,-3.124011,0.050978,-0.548917,-1.587942,0.078986,6.074700,0
25.740000,0.135964,-0.565163,-3.118417,0.047978,-0.548968,-1.587942,0.089464,6.416400,0
25.760000,0.130315,-0.566613,-3.132038,0.044979,-0.549020,-1.587942,0.087130,6.305400,0
25.780000,0.122755,-0.565910,-3.135556,0.041979,-0.549071,-1.587942,0.082512,6.076000,0
25.800000,0.121024,-0.564747,-3.130063,0.038980,-0.549123,-1.587942,0.083519,6.261400,0
25.820000,0.126125,-0.565194,-3.133511,0.035980,-0.549174,-1.587942,0.091557,6.368300,0
25.840000,0.112251,-0.565112,-3.137627,0.032980,-0.549226,-1.587942,0.080847,6.280400,0
25.860000,0.106011,-0.565213,3.141266,0.029981,-0.549277,-1.587942,0.077682,6.493200,0
25.880000,0.103941,-0.564118,-3.130093,0.026981,-0.549328,-1.587942,0.078368,6.144300,0
25.900000,0.095938,-0.564868,3.132003,0.023982,-0.549380,-1.587942,0.073604,6.538600,0
25.920000,0.095096,-0.563709,3.141023,0.020982,-0.549431,-1.587942,0.075477,5.984300,0
25.940000,0.087138,-0.563866,3.135949,0.017983,-0.549483,-1.587942,0.070635,5.585200,0
25.960000,0.094602,-0.565142,-3.134795,0.014983,-0.549534,-1.587942,0.081134,5.883300,0
25.980000,0.087592,-0.564802,-3.138591,0.011984,-0.549586,-1.587942,0.077123,5.521300,0
26.000000,0.081574,-0.565665,3.127030,0.008984,-0.549637,-1.587942,0.074338,5.846900,0
26.020000,0.077261,-0.563607,3.134495,0.005984,-0.549688,-1.587942,0.072623,6.032900,0
26.040000,0.066658,-0.562899,3.121258,0.002985,-0.549740,-1.587942,0.065018,5.945400,0
26.060000,0.079229,-0.562984,3.135985,-0.000015,-0.549791,-1.587942,0.080335,5.985400,0
26.080000,0.081291,-0.564114,3.138159,-0.003014,-0.549843,-1.587942,0.085505,6.107300,0
26.100000,0.076742,-0.565088,-3.127351,-0.006014,-0.549894,-1.587942,0.084139,6.085100,0
26.120000,0.062097,-0.566197,3.140475,-0.009013,-0.549946,-1.587942,0.072943,6.320400,0
26.140000,0.062643,-0.566643,-3.126557,-0.012013,-0.549997,-1.587942,0.076489,6.102300,0
26.160000,0.063299,-0.564920,-3.136404,-0.015012,-0.550048,-1.587942,0.079711,6.324300,0
26.180000,0.059869,-0.565304,-3.137312,-0.018012,-0.550100,-1.587942,0.079351,6.429600,0
26.200000,0.062372,-0.565625,-3.126978,-0.021012,-0.550151,-1.587942,0.084808,6.508800,0
26.220000,0.047195,-0.565094,3.141389,-0.024011,-0.550203,-1.587942,0.072746,6.991400,0
26.240000,0.037639,-0.564824,3.124129,-0.027011,-0.550254,-1.587942,0.066272,6.557600,0
26.260000,0.040449,-0.563306,3.138968,-0.030010,-0.550306,-1.587942,0.071648,7.863100,0
26.280000,0.050050,-0.563577,-3.127679,-0.033010,-0.550357,-1.587942,0.084106,6.279100,0
26.300000,0.046337,-0.563068,-3.121517,-0.036009,-0.550408,-1.587942,0.083313,6.467400,0
26.320000,0.040962,-0.563064,-3.127456,-0.039009,-0.550460,-1.587942,0.080958,6.248200,0
26.340000,0.048200,-0.564349,-3.129006,-0.042008,-0.550511,-1.587942,0.091263,6.032000,0
26.360000,0.043631,-0.564315,-3.118481,-0.045008,-0.550563,-1.587942,0.089699,6.215900,0
26.380000,0.028914,-0.564890,-3.130119,-0.048008,-0.550614,-1.587942,0.078236,6.075700,0
26.400000,0.021859,-0.564475,3.141345,-0.051007,-0.550666,-1.587942,0.074163,6.063700,0
26.420000,0.016172,-0.565350,3.131542,-0.054007,-0.550717,-1.587942,0.071689,6.511100,0
26.440000,0.021908,-0.564255,-3.138658,-0.057006,-0.550769,-1.587942,0.080058,6.065600,0
26.460000,0.018365,-0.564817,3.140680,-0.060006,-0.550820,-1.587942,0.079611,6.170600,0
26.480000,0.020188,-0.565666,3.140771,-0.063005,-0.550871,-1.587942,0.084498,6.076100,0
26.500000,0.021129,-0.564644,-3.118515,-0.066005,-0.550923,-1.587942,0.088207,6.121000,0
26.520000,0.005914,-0.563739,-3.137733,-0.069005,-0.550974,-1.587942,0.075998,6.266800,0
26.540000,-0.005279,-0.564616,3.136850,-0.072004,-0.551026,-1.587942,0.068095,6.081900,0
26.560000,0.001574,-0.564946,-3.137669,-0.075004,-0.551077,-1.587942,0.077824,6.141300,0
26.580000,0.008079,-0.564338,-3.120074,-0.078003,-0.551129,-1.587942,0.087089,6.047300,0
26.600000,0.003340,-0.563343,-3.141351,-0.078928,-0.551116,-1.578443,0.083172,6.074500,0
26.620000,0.000225,-0.565159,3.116051,-0.079101,-0.551114,-1.558446,0.080560,6.520600,0
26.640000,-0.012764,-0.565397,3.084508,-0.079117,-0.551113,-1.540232,0.067873,6.111200,0
26.660000,-0.005060,-0.567420,3.083541,-0.079114,-0.551112,-1.522244,0.075828,6.249100,0
26.680000,-0.000237,-0.567979,3.058143,-0.079112,-0.551111,-1.504254,0.080658,6.125600,0
26.700000,-0.005484,-0.567628,3.038176,-0.079110,-0.551110,-1.486265,0.075456,6.100100,0
26.720000,-0.002312,-0.568350,3.021255,-0.079108,-0.551109,-1.468275,0.078708,6.378700,0
26.740000,-0.003344,-0.569496,3.009280,-0.079106,-0.551108,-1.450286,0.077961,6.055300,0
26.760000,-0.004921,-0.571185,2.979208,-0.079100,-0.551107,-1.432235,0.076848,6.116900,0
26.780000,-0.001120,-0.570856,2.976736,-0.079093,-0.551106,-1.414178,0.080436,6.347000,0
26.800000,-0.004782,-0.569701,2.963301,-0.081386,-0.550720,-1.406519,0.078921,6.140100,0
26.820000,-0.000473,-0.570751,2.960053,-0.084348,-0.550228,-1.406521,0.086349,6.072800,0
26.840000,-0.000192,-0.570322,2.974527,-0.087311,-0.549735,-1.406523,0.089519,6.261500,0
26.860000,-0.008966,-0.569546,2.966128,-0.090273,-0.549243,-1.406529,0.083804,6.072300,0
26.880000,-0.009318,-0.568887,2.970199,-0.093234,-0.548752,-1.406534,0.086298,6.045900,0
26.900000,-0.020792,-0.564233,2.963483,-0.096196,-0.548260,-1.406537,0.077077,5.549900,0
26.920000,-0.013545,-0.567913,2.964651,-0.099157,-0.547769,-1.406540,0.087950,6.104600,0
26.940000,-0.027251,-0.565126,2.964278,-0.102117,-0.547278,-1.406543,0.076964,5.529600,0
26.960000,-0.024540,-0.566148,2.974783,-0.105078,-0.546788,-1.406545,0.082832,5.652500,0
26.980000,-0.024326,-0.565243,2.967951,-0.108038,-0.546297,-1.406547,0.085829,6.422700,0
27.000000,-0.034550,-0.564927,2.959672,-0.110998,-0.545807,-1.406548,0.078802,5.598700,0
27.020000,-0.039281,-0.563517,2.963218,-0.113958,-0.545316,-1.406549,0.076863,5.622600,0
27.040000,-0.037541,-0.564678,2.963375,-0.116918,-0.544826,-1.406550,0.081821,6.112200,0
27.060000,-0.040144,-0.563131,2.951743,-0.117644,-0.544741,-1.394393,0.079652,5.847100,0
27.080000,-0.038290,-0.564791,2.927023,-0.117815,-0.544710,-1.374393,0.082021,6.337000,0
27.100000,-0.037296,-0.565525,2.925786,-0.117813,-0.544710,-1.356386,0.083164,5.754300,0
27.120000,-0.035493,-0.567219,2.900585,-0.117809,-0.544709,-1.338398,0.085338,5.989700,0
27.140000,-0.036325,-0.567228,2.887809,-0.117806,-0.544709,-1.320396,0.084535,5.910600,0
27.160000,-0.044819,-0.565270,2.859329,-0.117801,-0.544708,-1.302384,0.075823,5.816400,0
27.180000,-0.029640,-0.568305,2.860011,-0.117797,-0.544708,-1.284367,0.091260,5.914500,0
27.200000,-0.044317,-0.564414,2.818913,-0.117793,-0.544707,-1.266348,0.076073,6.376200,0
27.220000,-0.030549,-0.568066,2.816291,-0.117789,-0.544706,-1.248328,0.090313,5.914800,0
27.240000,-0.032806,-0.569779,2.793373,-0.117785,-0.544705,-1.230309,0.088601,6.031800,0
27.260000,-0.041992,-0.567833,2.763942,-0.117781,-0.544704,-1.212291,0.079240,5.943300,0
27.280000,-0.034726,-0.571678,2.759261,-0.117777,-0.544703,-1.194274,0.087322,6.025500,0
27.300000,-0.046446,-0.566981,2.735135,-0.117773,-0.544702,-1.176259,0.074725,6.318800,0
27.320000,-0.039127,-0.571567,2.720616,-0.117770,-0.544701,-1.158247,0.083106,5.990200,0
27.340000,-0.039281,-0.570928,2.696336,-0.117767,-0.544700,-1.140236,0.082752,6.348100,0
27.360000,-0.043007,-0.570885,2.679302,-0.117764,-0.544699,-1.122227,0.079210,5.789700,0
27.380000,-0.034392,-0.574971,2.663868,-0.117761,-0.544698,-1.104220,0.088695,5.538000,0
27.400000,-0.041421,-0.572916,2.643745,-0.117758,-0.544697,-1.086214,0.081385,5.719300,0
27.420000,-0.047601,-0.570455,2.620689,-0.117755,-0.544696,-1.068210,0.074734,5.999100,0
27.440000,-0.044943,-0.573282,2.608565,-0.117753,-0.544695,-1.050207,0.078221,5.782800,0
27.460000,-0.046379,-0.574520,2.582858,-0.117750,-0.544694,-1.032205,0.077352,6.100800,0
27.480000,-0.042242,-0.576128,2.572257,-0.117748,-0.544693,-1.014205,0.081788,5.505100,0
27.500000,-0.043769,-0.574049,2.552577,-0.117745,-0.544692,-0.996205,0.079588,5.644800,0
27.520000,-0.043282,-0.577094,2.539384,-0.117743,-0.544691,-0.978207,0.081206,5.719200,0
27.540000,-0.042481,-0.578365,2.511698,-0.117741,-0.544690,-0.960209,0.082450,5.578700,0
27.560000,-0.047160,-0.573574,2.499280,-0.117739,-0.544689,-0.942212,0.076262,5.923400,0
27.580000,-0.038670,-0.581063,2.495688,-0.117736,-0.544688,-0.924216,0.087032,8.368300,0
27.600000,-0.049789,-0.574049,2.461939,-0.117734,-0.544687,-0.906221,0.074018,5.810100,0
27.620000,-0.050691,-0.575152,2.440469,-0.117732,-0.544686,-0.888226,0.073638,5.776900,0
27.640000,-0.049803,-0.575133,2.421487,-0.117730,-0.544685,-0.870232,0.074439,5.507300,0
27.660000,-0.049852,-0.575037,2.409066,-0.117728,-0.544684,-0.852238,0.074353,5.969000,0
27.680000,-0.050419,-0.578228,2.392898,-0.117726,-0.544683,-0.834245,0.075203,6.003500,0
27.700000,-0.050085,-0.579742,2.374932,-0.117724,-0.544682,-0.816252,0.076185,5.567700,0
27.720000,-0.051935,-0.578390,2.346998,-0.117722,-0.544681,-0.798260,0.073921,5.945300,0
27.740000,-0.040870,-0.588193,2.353719,-0.117720,-0.544680,-0.780268,0.088314,5.551200,0
27.760000,-0.045012,-0.583825,2.335783,-0.117718,-0.544680,-0.762276,0.082574,5.688100,0
27.780000,-0.045372,-0.581896,2.338475,-0.119653,-0.542653,-0.759999,0.084011,6.012800,0
27.800000,-0.049558,-0.578586,2.322804,-0.121722,-0.540475,-0.760006,0.081609,5.947200,0
27.820000,-0.054787,-0.574308,2.320104,-0.123791,-0.538298,-0.760015,0.077835,6.906300,0
27.840000,-0.049768,-0.579579,2.340094,-0.125860,-0.536122,-0.760024,0.087627,6.170400,0
27.860000,-0.058704,-0.570478,2.319432,-0.127929,-0.533946,-0.760030,0.078273,5.963500,0
27.880000,-0.058979,-0.570206,2.324836,-0.129997,-0.531770,-0.760035,0.080752,6.457400,0
27.900000,-0.060974,-0.568040,2.324870,-0.132065,-0.529595,-0.760039,0.080821,6.012200,0
27.920000,-0.064977,-0.565429,2.328224,-0.134133,-0.527420,-0.760041,0.078913,6.064800,0
27.940000,-0.065794,-0.563260,2.324118,-0.136201,-0.525245,-0.760043,0.080014,6.629500,0
27.960000,-0.065497,-0.560714,2.338041,-0.138269,-0.523070,-0.760045,0.081932,6.008100,0
27.980000,-0.069814,-0.556485,2.326854,-0.140336,-0.520896,-0.760046,0.078993,6.056700,0
28.000000,-0.071836,-0.555659,2.312438,-0.142403,-0.518721,-0.760047,0.079650,6.064500,0
28.020000,-0.075221,-0.551938,2.328083,-0.144471,-0.516546,-0.760047,0.077770,6.032500,0
28.040000,-0.074913,-0.552086,2.321781,-0.146538,-0.514372,-0.760048,0.080948,6.302300,0
28.060000,-0.079368,-0.548179,2.321908,-0.148605,-0.512197,-0.760048,0.078029,5.955000,0
28.080000,-0.079902,-0.544495,2.332495,-0.150672,-0.510023,-0.760049,0.078719,6.348500,0
28.100000,-0.079598,-0.547407,2.319600,-0.152739,-0.507849,-0.760049,0.083154,5.999200,0
28.120000,-0.085583,-0.541222,2.321883,-0.154806,-0.505674,-0.760049,0.077817,6.269900,0
28.140000,-0.087293,-0.537668,2.320982,-0.156873,-0.503500,-0.760049,0.077517,6.216700,0
28.160000,-0.088070,-0.533902,2.322114,-0.158940,-0.501325,-0.760049,0.077999,6.081700,0
28.180000,-0.085527,-0.539342,2.308239,-0.159176,-0.501076,-0.742412,0.082997,6.416400,0
28.200000,-0.095217,-0.532703,2.269950,-0.159186,-0.501062,-0.724181,0.071367,5.582500,0
28.220000,-0.088050,-0.540646,2.272751,-0.159183,-0.501064,-0.706193,0.081404,5.520800,0
28.240000,-0.091192,-0.537279,2.240458,-0.159181,-0.501066,-0.688203,0.077032,8.200900,0
28.260000,-0.094549,-0.535955,2.227470,-0.159178,-0.501067,-0.670210,0.073445,7.020100,0
28.280000,-0.091037,-0.539868,2.208098,-0.159175,-0.501067,-0.652215,0.078411,6.065600,0
28.300000,-0.093631,-0.535185,2.186628,-0.159172,-0.501068,-0.634219,0.073888,5.558800,0
28.320000,-0.090981,-0.537307,2.181540,-0.159170,-0.501068,-0.616223,0.077221,5.510300,0
28.340000,-0.091141,-0.537737,2.154852,-0.159167,-0.501068,-0.598228,0.077280,6.278200,0
28.360000,-0.090534,-0.538757,2.135781,-0.159165,-0.501068,-0.580233,0.078298,5.493700,0
28.380000,-0.095005,-0.536035,2.116210,-0.159162,-0.501068,-0.562238,0.073067,5.493900,0
28.400000,-0.095416,-0.535497,2.100783,-0.159160,-0.501067,-0.544245,0.072448,5.769300,0
28.420000,-0.090625,-0.542371,2.092088,-0.159158,-0.501067,-0.526252,0.080017,5.747400,0
28.440000,-0.095529,-0.539435,2.066314,-0.159155,-0.501067,-0.508261,0.074299,5.931800,0
28.460000,-0.095941,-0.542079,2.055502,-0.159153,-0.501066,-0.490270,0.075351,5.798000,0
28.480000,-0.098768,-0.534273,2.061193,-0.160565,-0.498918,-0.490200,0.071196,5.848400,0
28.500000,-0.097324,-0.537860,2.057427,-0.161979,-0.496269,-0.490207,0.076877,6.253400,0
28.520000,-0.102615,-0.527275,2.038313,-0.163394,-0.493619,-0.490217,0.069475,6.929600,0
28.540000,-0.104742,-0.520304,2.047180,-0.164808,-0.490970,-0.490224,0.066846,6.361900,0
28.560000,-0.103518,-0.528443,2.048820,-0.166222,-0.488322,-0.490230,0.074441,5.647800,0
28.580000,-0.106761,-0.516680,2.053141,-0.167636,-0.485674,-0.490234,0.068317,5.518000,0
28.600000,-0.102126,-0.524370,2.055213,-0.169050,-0.483026,-0.490237,0.078665,5.729100,0
28.620000,-0.106847,-0.518537,2.048272,-0.170463,-0.480378,-0.490238,0.074183,5.536700,0
28.640000,-0.107855,-0.516936,2.068845,-0.171876,-0.477731,-0.490239,0.075071,5.552500,0
28.660000,-0.107718,-0.520755,2.033816,-0.171884,-0.477310,-0.472503,0.077491,5.655200,0
28.680000,-0.107696,-0.516764,2.021565,-0.171890,-0.477296,-0.454301,0.075357,5.518200,0
28.700000,-0.110821,-0.514466,1.995420,-0.171887,-0.477299,-0.436314,0.071487,5.650300,0
28.720000,-0.112073,-0.514260,1.977236,-0.171885,-0.477301,-0.418325,0.070310,5.610400,0
28.740000,-0.111806,-0.523474,1.964151,-0.171883,-0.477303,-0.400335,0.075769,5.656500,0
28.760000,-0.112806,-0.519350,1.938469,-0.171881,-0.477304,-0.382343,0.072510,5.794600,0
28.780000,-0.113860,-0.517898,1.929156,-0.171879,-0.477305,-0.364351,0.070810,6.983100,0
28.800000,-0.115037,-0.517949,1.902514,-0.171877,-0.477305,-0.346360,0.069877,6.526900,0
28.820000,-0.113766,-0.518631,1.891474,-0.171875,-0.477306,-0.328368,0.071305,6.406000,0
28.840000,-0.112482,-0.521790,1.864853,-0.171873,-0.477306,-0.310378,0.074203,6.222300,0
28.860000,-0.113317,-0.521887,1.848036,-0.171871,-0.477306,-0.292388,0.073594,6.614200,0
28.880000,-0.118677,-0.518726,1.836085,-0.171869,-0.477306,-0.274399,0.067416,6.571100,0
28.900000,-0.117253,-0.517802,1.816813,-0.171867,-0.477307,-0.256410,0.067989,6.253900,0
28.920000,-0.119242,-0.516035,1.801685,-0.171865,-0.477307,-0.238422,0.065338,7.530700,0
28.940000,-0.117892,-0.516900,1.764877,-0.171863,-0.477306,-0.220435,0.066937,7.420600,0
28.960000,-0.115107,-0.523120,1.765554,-0.171861,-0.477306,-0.202449,0.072938,7.849900,0
28.980000,-0.115614,-0.522373,1.750224,-0.171859,-0.477306,-0.184463,0.072073,9.138400,0
29.000000,-0.115173,-0.519667,1.735687,-0.171857,-0.477306,-0.166477,0.070763,9.915400,0
29.020000,-0.116370,-0.513228,1.710378,-0.172266,-0.475000,-0.158996,0.067718,7.104800,0
29.040000,-0.118119,-0.513449,1.728498,-0.172740,-0.472035,-0.158999,0.068546,6.275200,0
29.060000,-0.118491,-0.514004,1.716645,-0.173215,-0.469068,-0.159011,0.070809,6.285300,0
29.080000,-0.120729,-0.503120,1.702424,-0.173689,-0.466103,-0.159020,0.064615,6.553600,0
29.100000,-0.121368,-0.506403,1.716664,-0.174164,-0.463139,-0.159027,0.068258,5.994700,0
29.120000,-0.119831,-0.499863,1.729896,-0.174640,-0.460175,-0.159031,0.067670,6.112300,0
29.140000,-0.121053,-0.500247,1.716301,-0.175115,-0.457211,-0.159034,0.069100,6.088900,0
29.160000,-0.120082,-0.494605,1.724785,-0.175590,-0.454247,-0.159036,0.068629,5.776100,0
29.180000,-0.119827,-0.492955,1.715342,-0.176066,-0.451284,-0.159037,0.069995,5.887200,0
29.200000,-0.120328,-0.484544,1.709528,-0.176541,-0.448321,-0.159038,0.066873,5.869700,0
29.220000,-0.120974,-0.484985,1.699462,-0.177016,-0.445359,-0.159039,0.068636,5.677200,0
29.240000,-0.122674,-0.482082,1.715417,-0.177492,-0.442396,-0.159040,0.067675,6.350700,0
29.260000,-0.120390,-0.483046,1.723235,-0.177967,-0.439433,-0.159041,0.072231,5.756100,0
29.280000,-0.121013,-0.482548,1.732503,-0.178442,-0.436471,-0.159041,0.073628,5.649800,0
29.300000,-0.123712,-0.483787,1.733423,-0.178917,-0.433509,-0.159042,0.074669,5.767600,0
29.320000,-0.125831,-0.471986,1.718702,-0.179393,-0.430546,-0.159043,0.067721,5.638100,0
29.340000,-0.124936,-0.471211,1.714713,-0.179868,-0.427584,-0.159043,0.070149,5.761100,0
29.360000,-0.124132,-0.470262,1.698270,-0.179938,-0.426889,-0.146440,0.070680,5.716900,0
29.380000,-0.123725,-0.471442,1.688720,-0.179910,-0.426717,-0.126441,0.071813,5.967200,0
29.400000,-0.123461,-0.477195,1.666916,-0.179909,-0.426720,-0.108439,0.075724,5.935900,0
29.420000,-0.126000,-0.465664,1.645182,-0.179907,-0.426722,-0.090450,0.066501,5.928300,0
29.440000,-0.125015,-0.471173,1.625319,-0.179906,-0.426725,-0.072461,0.070630,6.008800,0
29.460000,-0.126123,-0.467654,1.619871,-0.179904,-0.426727,-0.054471,0.067583,6.099400,0
29.480000,-0.128350,-0.471328,1.594795,-0.179903,-0.426728,-0.036482,0.068168,6.044500,0
29.500000,-0.127258,-0.468617,1.585122,-0.179901,-0.426729,-0.018492,0.067274,6.151100,0
29.520000,-0.127792,-0.467778,1.555345,-0.179900,-0.426730,-0.000504,0.066334,6.151400,0
29.540000,-0.128960,-0.457562,1.540232,-0.179899,-0.426731,0.017484,0.059542,6.053100,0
29.560000,-0.131405,-0.469734,1.532537,-0.179898,-0.426732,0.035471,0.064813,6.193600,0
29.580000,-0.132213,-0.466770,1.519635,-0.179813,-0.424575,0.044975,0.063609,6.053000,0
29.600000,-0.133929,-0.466108,1.525884,-0.179676,-0.421575,0.044972,0.063843,6.109700,0
29.620000,-0.132932,-0.456390,1.510635,-0.179539,-0.418575,0.044968,0.060018,6.068100,0
29.640000,-0.132463,-0.452190,1.506964,-0.179403,-0.415575,0.044961,0.059532,6.003400,0
29.660000,-0.132797,-0.457451,1.505412,-0.179267,-0.412576,0.044956,0.064600,6.165500,0
29.680000,-0.131995,-0.457024,1.495235,-0.179132,-0.409578,0.044951,0.066880,6.082700,0
29.700000,-0.131359,-0.448126,1.490919,-0.178996,-0.406579,0.044948,0.063210,6.059800,0
29.720000,-0.132084,-0.450941,1.513937,-0.178861,-0.403581,0.044945,0.066566,6.056200,0
29.740000,-0.130656,-0.442129,1.511675,-0.178726,-0.400583,0.044942,0.063536,5.640500,0
29.760000,-0.129586,-0.435113,1.493736,-0.178592,-0.397586,0.044940,0.061724,6.598400,0
29.780000,-0.129681,-0.440143,1.507619,-0.178457,-0.394588,0.044939,0.066741,5.530800,0
29.800000,-0.127931,-0.428588,1.508918,-0.178322,-0.391591,0.044938,0.062514,5.495900,0
29.820000,-0.128564,-0.435020,1.528474,-0.178187,-0.388593,0.044937,0.067956,6.090000,0
29.840000,-0.129176,-0.426281,1.515474,-0.178052,-0.385596,0.044936,0.063594,5.724100,0
29.860000,-0.128764,-0.429569,1.528740,-0.177917,-0.382599,0.044936,0.067987,5.911700,0
29.880000,-0.127863,-0.406821,1.523654,-0.177783,-0.379602,0.044936,0.056858,6.271600,0
29.900000,-0.129132,-0.417664,1.513267,-0.177648,-0.376605,0.044936,0.063558,5.920200,0
29.920000,-0.129236,-0.420304,1.527260,-0.177513,-0.373608,0.044935,0.067165,5.946300,0
29.940000,-0.130487,-0.412820,1.514034,-0.177379,-0.370610,0.044935,0.063091,5.890600,0
29.960000,-0.129272,-0.413742,1.541167,-0.177244,-0.367613,0.044935,0.066552,6.000300,0
29.980000,-0.127789,-0.402830,1.521334,-0.177109,-0.364616,0.044935,0.062392,6.270800,0
30.000000,-0.126627,-0.402162,1.513736,-0.176974,-0.361619,0.044935,0.064642,5.909400,0
30.020000,-0.126292,-0.404179,1.504728,-0.176840,-0.358622,0.044935,0.068048,6.356100,0
30.040000,-0.126505,-0.396915,1.510483,-0.176705,-0.355625,0.044935,0.064999,5.559800,0
30.060000,-0.126726,-0.393315,1.504899,-0.176570,-0.352628,0.044935,0.064342,5.600300,0
30.080000,-0.126185,-0.385444,1.507897,-0.176435,-0.349631,0.044935,0.061706,5.773700,0
30.100000,-0.128056,-0.383749,1.502173,-0.176301,-0.346634,0.044935,0.060869,5.532800,0
30.120000,-0.127335,-0.385980,1.517073,-0.176166,-0.343637,0.044935,0.064633,5.545700,0
30.140000,-0.127493,-0.381082,1.505945,-0.176031,-0.340640,0.044935,0.063178,5.584000,0
30.160000,-0.126408,-0.378336,1.501325,-0.175896,-0.337643,0.044935,0.064070,5.543800,0
30.180000,-0.126793,-0.372996,1.525693,-0.175762,-0.334646,0.044935,0.062199,5.528900,0
30.200000,-0.126733,-0.377340,1.512307,-0.175627,-0.331649,0.044935,0.066920,6.354200,0
30.220000,-0.126033,-0.374222,1.523768,-0.175492,-0.328652,0.044935,0.067252,5.556100,0
30.240000,-0.125375,-0.368583,1.515835,-0.175357,-0.325656,0.044935,0.065885,5.836600,0
30.260000,-0.124956,-0.362895,1.491349,-0.175223,-0.322659,0.044935,0.064387,5.564200,0
30.280000,-0.124432,-0.357336,1.509070,-0.175088,-0.319662,0.044935,0.063130,5.511800,0
30.300000,-0.124279,-0.355945,1.510815,-0.174953,-0.316665,0.044935,0.064116,5.685400,0
30.320000,-0.125005,-0.354395,1.511906,-0.174818,-0.313668,0.044935,0.064343,5.535600,0
30.340000,-0.124293,-0.347909,1.498868,-0.174684,-0.310671,0.044935,0.062657,5.654200,0
30.360000,-0.124590,-0.348268,1.500789,-0.174549,-0.307674,0.044935,0.064372,5.977000,0
30.380000,-0.124655,-0.346194,1.515819,-0.174414,-0.304677,0.044935,0.064805,5.546700,0
30.400000,-0.124940,-0.343395,1.523604,-0.174279,-0.301680,0.044935,0.064610,5.580500,0
30.420000,-0.125168,-0.340960,1.524028,-0.174145,-0.298683,0.044935,0.064700,5.635400,0
30.440000,-0.125518,-0.338797,1.516121,-0.174010,-0.295686,0.044935,0.064885,5.501900,0
30.460000,-0.124491,-0.339279,1.511571,-0.173875,-0.292689,0.044935,0.067893,5.585700,0
30.480000,-0.123447,-0.331647,1.523623,-0.173740,-0.289692,0.044935,0.065495,5.815800,0
30.500000,-0.125106,-0.332613,1.522816,-0.173606,-0.286695,0.044935,0.066789,5.549300,0
30.520000,-0.125748,-0.326133,1.516423,-0.173471,-0.283698,0.044935,0.063860,5.625400,0
30.540000,-0.124361,-0.324071,1.509322,-0.173336,-0.280701,0.044935,0.065418,5.521800,0
30.560000,-0.124843,-0.327610,1.527599,-0.173201,-0.277704,0.044935,0.069492,5.552300,0
30.580000,-0.123294,-0.314550,1.515627,-0.173067,-0.274707,0.044935,0.063756,5.686600,0
30.600000,-0.123236,-0.316134,1.515408,-0.172932,-0.271710,0.044935,0.066657,5.533900,0
30.620000,-0.122171,-0.314782,1.507614,-0.172797,-0.268713,0.044935,0.068449,5.618800,0
30.640000,-0.122802,-0.300410,1.507646,-0.172662,-0.265716,0.044935,0.060743,5.790500,0
30.660000,-0.122395,-0.305037,1.530960,-0.172527,-0.262719,0.044935,0.065605,5.722200,0
30.680000,-0.121127,-0.297908,1.506848,-0.172393,-0.259722,0.044935,0.063925,5.515500,0
30.700000,-0.123423,-0.297862,1.512710,-0.172258,-0.256725,0.044935,0.063852,5.675700,0
30.720000,-0.122054,-0.294994,1.500963,-0.172123,-0.253728,0.044935,0.064882,5.504300,0
30.740000,-0.120756,-0.281830,1.508090,-0.171988,-0.250731,0.044935,0.059932,5.520700,0
30.760000,-0.120176,-0.285351,1.506138,-0.171854,-0.247734,0.044935,0.063919,6.003500,0
30.780000,-0.120343,-0.286178,1.499694,-0.171719,-0.244737,0.044935,0.066006,5.545000,0
30.800000,-0.120593,-0.302154,1.513381,-0.171584,-0.241740,0.044935,0.079056,5.701100,0
30.820000,-0.120290,-0.278325,1.513068,-0.171449,-0.238743,0.044935,0.064684,5.581500,0
30.840000,-0.118820,-0.280395,1.503849,-0.171315,-0.235746,0.044935,0.068915,5.549800,0
30.860000,-0.117635,-0.265903,1.510638,-0.171180,-0.232749,0.044935,0.062978,5.615100,0
30.880000,-0.118326,-0.273039,1.494520,-0.171045,-0.229752,0.044935,0.068213,5.483600,0
30.900000,-0.119423,-0.268459,1.508291,-0.170910,-0.226755,0.044935,0.066258,5.562400,0
30.920000,-0.118761,-0.266807,1.490147,-0.170776,-0.223758,0.044935,0.067519,5.651300,0
30.940000,-0.118773,-0.262436,1.507120,-0.170641,-0.220761,0.044935,0.066537,5.497900,0
30.960000,-0.119595,-0.265529,1.499021,-0.170506,-0.217765,0.044935,0.069809,5.519200,0
30.980000,-0.117167,-0.252732,1.510630,-0.170371,-0.214768,0.044935,0.065360,5.609300,0
31.000000,-0.117273,-0.255628,1.506271,-0.170237,-0.211771,0.044935,0.068765,5.594500,0
31.020000,-0.116913,-0.246361,1.511302,-0.170102,-0.208774,0.044935,0.065129,5.845300,0
31.040000,-0.116763,-0.246689,1.496826,-0.169967,-0.205777,0.044935,0.067115,5.833700,0
31.060000,-0.117324,-0.255309,1.508858,-0.169832,-0.202780,0.044935,0.074272,5.751500,0
31.080000,-0.117305,-0.245363,1.530303,-0.169698,-0.199783,0.044935,0.069444,5.822700,0
31.100000,-0.116975,-0.233637,1.517144,-0.169563,-0.196786,0.044935,0.064215,5.750800,0
31.120000,-0.117375,-0.238742,1.512950,-0.169428,-0.193789,0.044935,0.068777,5.808000,0
31.140000,-0.119303,-0.238014,1.507989,-0.169293,-0.190792,0.044935,0.068767,6.108500,0
31.160000,-0.118427,-0.224228,1.503479,-0.169158,-0.187795,0.044935,0.062458,5.751200,0
31.180000,-0.118536,-0.230774,1.482427,-0.169024,-0.184798,0.044935,0.068285,5.816500,0
31.200000,-0.116425,-0.220662,1.501374,-0.168889,-0.181801,0.044935,0.065288,5.910800,0
31.220000,-0.115115,-0.215418,1.512587,-0.168754,-0.178804,0.044935,0.064944,5.843600,0
31.240000,-0.115054,-0.219493,1.521452,-0.168619,-0.175807,0.044935,0.069121,5.959500,0
31.260000,-0.115006,-0.212059,1.527584,-0.168485,-0.172810,0.044935,0.066336,5.821700,0
31.280000,-0.114842,-0.204444,1.504660,-0.168350,-0.169813,0.044935,0.063737,5.919700,0
31.300000,-0.113816,-0.206942,1.503268,-0.168215,-0.166816,0.044935,0.067597,6.018400,0
31.320000,-0.113576,-0.200965,1.480814,-0.168080,-0.163819,0.044935,0.065958,5.940900,0
31.340000,-0.109943,-0.177224,1.502359,-0.167946,-0.160822,0.044935,0.060278,5.833800,0
31.360000,-0.111477,-0.197920,1.506419,-0.167811,-0.157825,0.044935,0.069146,5.987100,0
31.380000,-0.111335,-0.193131,1.516997,-0.167676,-0.154828,0.044935,0.068128,6.004800,0
31.400000,-0.112901,-0.198811,1.529002,-0.167541,-0.151831,0.044935,0.072060,5.913200,0
31.420000,-0.111841,-0.185165,1.513991,-0.167407,-0.148834,0.044935,0.066389,6.283900,0
31.440000,-0.112856,-0.182731,1.510439,-0.167272,-0.145837,0.044935,0.065744,6.124100,0
31.460000,-0.111945,-0.180553,1.501991,-0.167137,-0.142840,0.044935,0.066847,6.012800,0
31.480000,-0.111686,-0.157370,1.501707,-0.167002,-0.139843,0.044935,0.058026,5.913400,0
31.500000,-0.112393,-0.175409,1.506005,-0.166868,-0.136846,0.044935,0.066742,6.604600,0
31.520000,-0.112379,-0.193844,1.514808,-0.166733,-0.133849,0.044935,0.080955,5.945200,0
31.540000,-0.112019,-0.169452,1.527009,-0.166598,-0.130852,0.044935,0.066849,5.896300,0
31.560000,-0.112771,-0.175707,1.516943,-0.166463,-0.127855,0.044935,0.071921,6.068000,0
31.580000,-0.112888,-0.165027,1.503338,-0.166329,-0.124858,0.044935,0.066854,5.904900,0
31.600000,-0.112108,-0.166729,1.504750,-0.166194,-0.121861,0.044935,0.070273,5.972800,0
31.620000,-0.111717,-0.162310,1.525430,-0.166059,-0.118864,0.044935,0.069574,6.005500,0
31.640000,-0.111293,-0.158344,1.522278,-0.165924,-0.115867,0.044935,0.069201,5.531800,0
31.660000,-0.111444,-0.157552,1.515777,-0.165789,-0.112871,0.044935,0.070354,5.664400,0
31.680000,-0.111061,-0.153485,1.541778,-0.165655,-0.109874,0.044935,0.069874,5.516100,0
31.700000,-0.110056,-0.145115,1.507995,-0.165520,-0.106877,0.044935,0.067368,5.685800,0
31.720000,-0.110934,-0.146310,1.506296,-0.165385,-0.103880,0.044935,0.069031,5.838900,0
31.740000,-0.109898,-0.146167,1.527475,-0.165250,-0.100883,0.044935,0.071516,5.620900,0
31.760000,-0.109984,-0.131767,1.506304,-0.165116,-0.097886,0.044935,0.064711,5.727400,0
31.780000,-0.109992,-0.137656,1.486833,-0.164981,-0.094889,0.044935,0.069662,5.850800,0
31.800000,-0.109080,-0.129302,1.506486,-0.164846,-0.091892,0.044935,0.067151,5.766500,0
31.820000,-0.109588,-0.134802,1.522901,-0.164814,-0.091006,0.054966,0.070484,6.230600,0
31.840000,-0.109847,-0.134156,1.489304,-0.164804,-0.090833,0.074963,0.069980,8.424900,0
31.860000,-0.111348,-0.128650,1.459795,-0.164804,-0.090824,0.093088,0.065485,9.871200,0
31.880000,-0.111809,-0.135932,1.447928,-0.164803,-0.090828,0.111077,0.069590,5.698300,0
31.900000,-0.110508,-0.137581,1.432985,-0.164802,-0.090832,0.129084,0.071647,5.611400,0
31.920000,-0.109967,-0.128301,1.410559,-0.164801,-0.090838,0.147117,0.066409,6.364300,0
31.940000,-0.112213,-0.135025,1.394967,-0.164800,-0.090845,0.165160,0.068682,5.560200,0
31.960000,-0.113605,-0.134016,1.372465,-0.164799,-0.090851,0.183207,0.066963,6.227000,0
31.980000,-0.113377,-0.135170,1.355152,-0.164798,-0.090858,0.201254,0.067880,5.692500,0
32.000000,-0.111604,-0.126279,1.327639,-0.164797,-0.090864,0.219298,0.063904,5.535900,0
32.020000,-0.111479,-0.128974,1.318826,-0.164246,-0.088516,0.226016,0.066492,5.638800,0
32.040000,-0.118143,-0.146830,1.328618,-0.163571,-0.085589,0.226016,0.076250,5.506700,0
32.060000,-0.112786,-0.126668,1.321216,-0.162897,-0.082663,0.226013,0.066690,5.629000,0
32.080000,-0.112661,-0.127957,1.346938,-0.162223,-0.079737,0.226008,0.069149,6.127200,0
32.100000,-0.110531,-0.113622,1.334991,-0.161550,-0.076811,0.226004,0.062913,5.866800,0
32.120000,-0.111498,-0.116400,1.345076,-0.160877,-0.073886,0.226001,0.065159,6.304500,0
32.140000,-0.112061,-0.118038,1.348049,-0.160204,-0.070961,0.225998,0.067335,5.917600,0
32.160000,-0.109093,-0.105995,1.332852,-0.159532,-0.068036,0.225995,0.063127,5.949700,0
32.180000,-0.109238,-0.105260,1.308288,-0.158860,-0.065112,0.225993,0.063829,6.018700,0
32.200000,-0.103257,-0.080131,1.333270,-0.158187,-0.062187,0.225991,0.057787,6.192300,0
32.220000,-0.110300,-0.102155,1.342913,-0.157515,-0.059263,0.225990,0.063788,6.003000,0
32.240000,-0.108803,-0.094601,1.320300,-0.156843,-0.056339,0.225989,0.061415,7.032300,0
32.260000,-0.108326,-0.094573,1.329806,-0.156171,-0.053415,0.225988,0.063112,5.809400,0
32.280000,-0.106637,-0.091385,1.343771,-0.155498,-0.050491,0.225988,0.063716,6.674100,0
32.300000,-0.104793,-0.085896,1.340295,-0.154826,-0.047567,0.225988,0.063027,5.705600,0
32.320000,-0.106060,-0.093427,1.339052,-0.154154,-0.044643,0.225987,0.068505,5.876000,0
32.340000,-0.102801,-0.084299,1.334522,-0.153482,-0.041719,0.225987,0.066193,5.889900,0
32.360000,-0.100645,-0.077109,1.332758,-0.152810,-0.038795,0.225987,0.064723,5.683100,0
32.380000,-0.101049,-0.076585,1.323212,-0.152138,-0.035872,0.225987,0.065327,6.019700,0
32.400000,-0.099952,-0.071701,1.344064,-0.151465,-0.032948,0.225987,0.064462,5.644600,0
32.420000,-0.099610,-0.071142,1.312278,-0.151367,-0.032292,0.239012,0.064716,5.672200,0
32.440000,-0.101465,-0.076485,1.297636,-0.151329,-0.032139,0.258823,0.066730,6.123700,0
32.460000,-0.100176,-0.067968,1.276354,-0.151329,-0.032142,0.276825,0.062452,5.529500,0
32.480000,-0.103198,-0.075822,1.268527,-0.151329,-0.032146,0.294821,0.064993,5.525500,0
32.500000,-0.102520,-0.073912,1.247749,-0.151328,-0.032150,0.312827,0.064236,5.756900,0
32.520000,-0.100362,-0.066928,1.235328,-0.151328,-0.032154,0.330838,0.061699,5.535800,0
32.540000,-0.103783,-0.078137,1.212299,-0.151327,-0.032158,0.348853,0.066140,5.502700,0
32.560000,-0.100694,-0.068137,1.186818,-0.151326,-0.032162,0.366869,0.062112,6.323100,0
32.580000,-0.102425,-0.069572,1.170795,-0.151326,-0.032166,0.384885,0.061567,5.670000,0
32.600000,-0.104640,-0.073684,1.157876,-0.151325,-0.032170,0.402901,0.062473,6.219300,0
32.620000,-0.106640,-0.072959,1.131789,-0.151324,-0.032174,0.420915,0.060499,5.928600,0
32.640000,-0.106740,-0.074782,1.124623,-0.151323,-0.032177,0.438927,0.061667,5.847700,0
32.660000,-0.108076,-0.074786,1.098105,-0.151322,-0.032180,0.456938,0.060708,5.993800,0
32.680000,-0.107379,-0.073083,1.083662,-0.151321,-0.032184,0.474947,0.060030,5.871800,0
32.700000,-0.105713,-0.071329,1.093946,-0.150091,-0.029795,0.478516,0.060782,5.876900,0
32.720000,-0.100632,-0.059255,1.081915,-0.148707,-0.027129,0.478514,0.057822,5.956400,0
32.740000,-0.101715,-0.061357,1.092105,-0.147324,-0.024463,0.478510,0.058663,5.885500,0
32.760000,-0.103567,-0.064680,1.078956,-0.145941,-0.021798,0.478504,0.060286,6.290900,0
32.780000,-0.104502,-0.064678,1.081621,-0.144559,-0.019133,0.478499,0.060654,6.054200,0
32.800000,-0.101059,-0.059547,1.085700,-0.143177,-0.016468,0.478495,0.060247,6.146600,0
32.820000,-0.108121,-0.070096,1.098904,-0.141795,-0.013803,0.478491,0.065596,6.096600,0
32.840000,-0.094766,-0.045122,1.103920,-0.140413,-0.011139,0.478488,0.056908,6.171300,0
32.860000,-0.095660,-0.044863,1.071658,-0.139032,-0.008475,0.478486,0.056615,6.096500,0
32.880000,-0.091192,-0.035718,1.060610,-0.137650,-0.005812,0.478484,0.055251,5.909100,0
32.900000,-0.092139,-0.039212,1.077832,-0.136269,-0.003148,0.478483,0.056992,6.125700,0
32.920000,-0.094265,-0.043225,1.090548,-0.134888,-0.000484,0.478482,0.058966,6.040400,0
32.940000,-0.090637,-0.033598,1.087680,-0.133506,0.002179,0.478481,0.055836,5.929500,0
32.960000,-0.086282,-0.028150,1.073634,-0.132125,0.004842,0.478481,0.056480,6.003400,0
32.980000,-0.085655,-0.027811,1.082409,-0.130744,0.007506,0.478480,0.057274,6.046400,0
33.000000,-0.087202,-0.034101,1.092579,-0.129362,0.010169,0.478480,0.061133,5.519700,0
33.020000,-0.080097,-0.025022,1.085600,-0.127981,0.012832,0.478480,0.061040,5.680300,0
33.040000,-0.079990,-0.022538,1.077991,-0.126600,0.015496,0.478480,0.060159,5.553900,0
33.060000,-0.081051,-0.025592,1.060397,-0.125219,0.018159,0.478479,0.062169,5.503100,0
33.080000,-0.076681,-0.015410,1.067806,-0.123837,0.020822,0.478479,0.059468,5.784900,0
33.100000,-0.074137,-0.008382,1.064127,-0.122456,0.023485,0.478479,0.057881,6.264400,0
33.120000,-0.075845,-0.014363,1.079313,-0.121075,0.026148,0.478479,0.060720,5.909100,0
33.140000,-0.074014,-0.008844,1.084065,-0.119693,0.028811,0.478479,0.059199,5.971500,0
33.160000,-0.069512,-0.003940,1.072774,-0.118312,0.031475,0.478479,0.060297,5.904400,0
33.180000,-0.061235,0.011405,1.049074,-0.116931,0.034138,0.478479,0.060157,6.000800,0
33.200000,-0.068461,-0.003402,1.070241,-0.115550,0.036801,0.478479,0.061917,6.196500,0
33.220000,-0.066869,0.003126,1.057365,-0.114168,0.039464,0.478479,0.059646,5.968800,0
33.240000,-0.064279,0.007674,1.070453,-0.112787,0.042127,0.478479,0.059498,6.371300,0
33.260000,-0.062683,0.011174,1.074907,-0.111406,0.044790,0.478479,0.059194,5.943700,0
33.280000,-0.065574,0.004924,1.074018,-0.110024,0.047453,0.478479,0.061518,6.268000,0
33.300000,-0.058651,0.019028,1.059626,-0.108643,0.050116,0.478479,0.058870,6.247000,0
33.320000,-0.061202,0.013605,1.065708,-0.107262,0.052779,0.478479,0.060466,6.046400,0
33.340000,-0.060016,0.015018,1.079457,-0.105881,0.055442,0.478479,0.061137,6.266100,0
33.360000,-0.060978,0.012263,1.094970,-0.104499,0.058106,0.478479,0.063211,5.538600,0
33.380000,-0.052504,0.027505,1.080203,-0.103118,0.060769,0.478479,0.060566,5.513100,0
33.400000,-0.051061,0.030701,1.059879,-0.101737,0.063432,0.478479,0.060328,6.075700,0
33.420000,-0.054117,0.025517,1.084306,-0.100355,0.066095,0.478479,0.061518,5.832600,0
33.440000,-0.049912,0.029090,1.096145,-0.098974,0.068758,0.478479,0.063092,5.773900,0
33.460000,-0.046825,0.037352,1.074233,-0.097593,0.071421,0.478479,0.061140,5.817800,0
33.480000,-0.047838,0.036882,1.090482,-0.096212,0.074084,0.478479,0.061024,5.517100,0
33.500000,-0.044518,0.043113,1.078679,-0.094830,0.076747,0.478479,0.060519,5.753300,0
33.520000,-0.049311,0.034088,1.100494,-0.093449,0.079410,0.478479,0.063264,5.700900,0
33.540000,-0.044451,0.044090,1.087104,-0.092068,0.082073,0.478479,0.060910,5.679600,0
33.560000,-0.044536,0.043926,1.084058,-0.090686,0.084736,0.478479,0.061606,5.854400,0
33.580000,-0.041792,0.048553,1.054744,-0.089305,0.087400,0.478479,0.061373,6.029700,0
33.600000,-0.040799,0.051209,1.077295,-0.087924,0.090063,0.478479,0.061077,5.882200,0
33.620000,-0.037222,0.060181,1.086126,-0.086543,0.092726,0.478479,0.059091,6.421900,0
33.640000,-0.034469,0.064960,1.058911,-0.085161,0.095389,0.478479,0.059124,5.667900,0
33.660000,-0.036795,0.061438,1.070281,-0.083780,0.098052,0.478479,0.059567,5.861300,0
33.680000,-0.035154,0.065943,1.080879,-0.082399,0.100715,0.478479,0.058661,5.591800,0
33.700000,-0.036983,0.061048,1.086445,-0.081017,0.103378,0.478479,0.061081,5.576000,0
33.720000,-0.030153,0.074729,1.062474,-0.079636,0.106041,0.478479,0.058558,6.164300,0
33.740000,-0.034557,0.066666,1.097145,-0.079619,0.106463,0.461008,0.060119,5.529100,0
33.760000,-0.033385,0.067025,1.121443,-0.079616,0.106472,0.442873,0.060773,5.650000,0
33.780000,-0.033490,0.067238,1.144334,-0.079618,0.106469,0.424884,0.060555,5.998600,0
33.800000,-0.031253,0.069601,1.136265,-0.079620,0.106467,0.406893,0.060815,5.607200,0
33.820000,-0.037477,0.058080,1.172306,-0.079623,0.106465,0.388900,0.064166,5.657100,0
33.840000,-0.031561,0.070892,1.184082,-0.079626,0.106464,0.370906,0.059797,5.855200,0
33.860000,-0.030823,0.068052,1.187217,-0.079628,0.106463,0.352913,0.062107,5.692100,0
33.880000,-0.032228,0.061769,1.195294,-0.078615,0.108694,0.351931,0.065983,5.905000,0
33.900000,-0.029875,0.070546,1.194520,-0.077580,0.111513,0.351932,0.062881,5.966600,0
33.920000,-0.024599,0.081702,1.199809,-0.076545,0.114332,0.351938,0.061344,5.898700,0
33.940000,-0.024890,0.080196,1.209074,-0.075509,0.117150,0.351942,0.062673,6.208300,0
33.960000,-0.025507,0.076621,1.208988,-0.074474,0.119968,0.351945,0.065397,5.969800,0
33.980000,-0.022567,0.085963,1.221009,-0.073440,0.122785,0.351947,0.062801,5.948000,0
34.000000,-0.020965,0.088608,1.194729,-0.072405,0.125602,0.351949,0.063361,6.081500,0
34.020000,-0.021441,0.084749,1.208788,-0.071370,0.128419,0.351950,0.066332,5.962400,0
34.040000,-0.016828,0.089815,1.203721,-0.070336,0.131236,0.351951,0.067666,6.755500,0
34.060000,-0.020614,0.082025,1.181883,-0.069301,0.134052,0.351952,0.071255,6.883800,0
34.080000,-0.012347,0.103168,1.182618,-0.068267,0.136869,0.351953,0.065290,5.550800,0
34.100000,-0.017134,0.094922,1.205535,-0.067232,0.139685,0.351953,0.067183,6.045900,0
34.120000,-0.012644,0.106329,1.214763,-0.066198,0.142502,0.351953,0.064626,5.510400,0
34.140000,-0.011325,0.105927,1.219888,-0.065163,0.145318,0.351954,0.066710,6.105800,0
34.160000,-0.011492,0.106718,1.199015,-0.064129,0.148134,0.351954,0.066977,5.659500,0
34.180000,-0.008741,0.112314,1.177593,-0.063095,0.150950,0.351954,0.066686,5.503300,0
34.200000,-0.007701,0.117542,1.194696,-0.062060,0.153767,0.351954,0.065324,5.724100,0
34.220000,-0.008517,0.117697,1.194795,-0.061026,0.156583,0.351954,0.065340,5.504400,0
34.240000,-0.008347,0.120770,1.200011,-0.059992,0.159399,0.351954,0.064493,5.526500,0
34.260000,-0.007463,0.126126,1.218051,-0.059940,0.159896,0.335759,0.062404,6.205700,0
34.280000,-0.009751,0.112164,1.244722,-0.059959,0.159984,0.316677,0.069337,5.629100,0
34.300000,-0.007135,0.119444,1.258803,-0.059961,0.159981,0.298690,0.066587,5.738800,0
34.320000,-0.007981,0.117282,1.270235,-0.059963,0.159979,0.280700,0.067270,6.265500,0
34.340000,-0.004904,0.121261,1.288982,-0.059965,0.159977,0.262709,0.067310,5.836300,0
34.360000,-0.006410,0.112761,1.316542,-0.059967,0.159976,0.244718,0.071398,5.994700,0
34.380000,-0.005619,0.117080,1.333534,-0.059969,0.159974,0.226727,0.069237,5.923800,0
34.400000,-0.004709,0.118615,1.353649,-0.059971,0.159974,0.208736,0.069025,5.936600,0
34.420000,-0.003132,0.116820,1.361271,-0.059974,0.159973,0.190745,0.071367,5.974100,0
34.440000,-0.002856,0.119431,1.382735,-0.059976,0.159972,0.172755,0.070045,5.952200,0
34.460000,-0.002092,0.116769,1.412722,-0.059978,0.159972,0.154766,0.072231,6.818900,0
34.480000,-0.001838,0.117488,1.407929,-0.059600,0.162263,0.147071,0.073084,6.109900,0
34.500000,-0.000881,0.120498,1.431070,-0.059161,0.165234,0.147074,0.073470,6.046600,0
34.520000,0.000631,0.119751,1.406151,-0.058723,0.168206,0.147083,0.076621,5.969200,0
34.540000,0.001870,0.127903,1.394966,-0.058283,0.171176,0.147090,0.074101,6.022800,0
34.560000,0.003257,0.131402,1.421203,-0.057844,0.174146,0.147095,0.074568,5.985600,0
34.580000,0.004194,0.134474,1.411746,-0.057404,0.177116,0.147099,0.074918,7.487800,0
34.600000,0.005134,0.136192,1.393283,-0.056965,0.180085,0.147102,0.076045,6.033500,0
34.620000,0.005978,0.142757,1.420848,-0.056906,0.180801,0.134775,0.073497,5.997500,0
34.640000,0.005257,0.139871,1.442437,-0.056932,0.180975,0.114772,0.074545,6.088600,0
34.660000,0.004180,0.142378,1.457894,-0.056933,0.180972,0.096779,0.072280,6.220700,0
34.680000,0.005036,0.138094,1.478939,-0.056934,0.180970,0.078792,0.075357,6.040100,0
34.700000,0.004698,0.135469,1.502522,-0.056936,0.180967,0.060804,0.076609,6.053100,0
34.720000,0.006045,0.137723,1.516244,-0.056936,0.180966,0.042815,0.076397,6.140300,0
34.740000,0.005812,0.141142,1.524046,-0.056937,0.180964,0.024827,0.074319,5.989700,0
34.760000,0.004241,0.135839,1.534571,-0.056938,0.180963,0.006839,0.076020,6.041100,0
34.780000,0.005651,0.134785,1.562543,-0.056913,0.183076,-0.003168,0.079034,6.781600,0
34.800000,0.006009,0.144917,1.572919,-0.056925,0.186079,-0.003166,0.075200,5.707000,0
34.820000,0.005530,0.140365,1.571627,-0.056936,0.189082,-0.003162,0.079217,6.606200,0
34.840000,0.005768,0.148621,1.576029,-0.056947,0.192085,-0.003156,0.076304,5.589000,0
34.860000,0.004580,0.155203,1.575251,-0.056958,0.195087,-0.003152,0.073332,5.574900,0
34.880000,0.004742,0.151762,1.578169,-0.056968,0.198088,-0.003148,0.077164,5.741600,0
34.900000,0.004856,0.158340,1.556750,-0.056978,0.201090,-0.003145,0.075173,5.514500,0
34.920000,0.005650,0.159815,1.546118,-0.056987,0.204091,-0.003142,0.076706,5.490300,0
34.940000,0.006800,0.166445,1.550870,-0.056997,0.207091,-0.003140,0.075644,5.873500,0
34.960000,0.006792,0.166793,1.544015,-0.057006,0.210092,-0.003139,0.077104,5.514200,0
34.980000,0.005231,0.174642,1.548676,-0.057015,0.213093,-0.003137,0.073164,5.722900,0
35.000000,0.005398,0.169431,1.562008,-0.057025,0.216093,-0.003136,0.077935,5.510300,0
35.020000,0.005607,0.168139,1.533500,-0.057034,0.219093,-0.003136,0.080748,5.495300,0
35.040000,0.005499,0.184057,1.566391,-0.057043,0.222094,-0.003135,0.073200,5.664000,0
35.060000,0.004897,0.181225,1.563680,-0.057052,0.225094,-0.003135,0.075909,5.489100,0
35.080000,0.005320,0.189157,1.538100,-0.057062,0.228094,-0.003134,0.073536,5.505600,0
35.100000,0.005650,0.186176,1.558259,-0.057071,0.231094,-0.003134,0.077147,5.671100,0
35.120000,0.007452,0.192534,1.556580,-0.057080,0.234094,-0.003134,0.076757,5.503300,0
35.140000,0.009287,0.189902,1.529932,-0.057090,0.237094,-0.003134,0.081443,5.513000,0
35.160000,0.008486,0.197567,1.569121,-0.057099,0.240094,-0.003134,0.078166,5.632800,0
35.180000,0.008367,0.205051,1.543577,-0.057108,0.243094,-0.003134,0.075725,5.515500,0
35.200000,0.008340,0.209922,1.564034,-0.057110,0.244048,-0.012225,0.073813,5.941400,0
35.220000,0.008771,0.196795,1.595840,-0.057113,0.244222,-0.032222,0.081179,5.609700,0
35.240000,0.009345,0.206322,1.609844,-0.057114,0.244231,-0.050359,0.076511,5.512600,0
35.260000,0.008597,0.200228,1.627694,-0.057115,0.244228,-0.068348,0.079083,6.107400,0
35.280000,0.009201,0.201901,1.650489,-0.057116,0.244225,-0.086337,0.078672,5.517600,0
35.300000,0.010573,0.200164,1.640820,-0.057117,0.244223,-0.104327,0.080766,5.516800,0
35.320000,0.012237,0.202664,1.660029,-0.057369,0.246462,-0.112775,0.082239,5.782700,0
35.340000,0.010573,0.209290,1.659064,-0.057709,0.249445,-0.112773,0.079214,5.584400,0
35.360000,0.009340,0.207888,1.668717,-0.058049,0.252428,-0.112770,0.080778,5.859100,0
35.380000,0.009123,0.213432,1.671479,-0.058388,0.255411,-0.112767,0.079499,6.132100,0
35.400000,0.008940,0.221611,1.673972,-0.058727,0.258394,-0.112765,0.077018,5.572200,0
35.420000,0.010964,0.218795,1.677770,-0.059065,0.261376,-0.112762,0.081959,6.178400,0
35.440000,0.011859,0.218367,1.687058,-0.059403,0.264358,-0.112761,0.084814,5.644400,0
35.460000,0.008874,0.227760,1.682924,-0.059741,0.267340,-0.112759,0.079212,6.608000,0
35.480000,0.009146,0.231193,1.672249,-0.060079,0.270322,-0.112758,0.079518,7.157300,0
35.500000,0.009130,0.227750,1.673574,-0.060417,0.273303,-0.112757,0.083138,7.775600,0
35.520000,0.009314,0.227184,1.667689,-0.060754,0.276284,-0.112756,0.085559,9.408400,0
35.540000,0.009477,0.234454,1.644970,-0.061092,0.279266,-0.112756,0.083595,7.667400,0
35.560000,0.007316,0.243565,1.657576,-0.061430,0.282247,-0.112755,0.078881,8.031900,0
35.580000,0.007243,0.239764,1.658785,-0.061767,0.285228,-0.112755,0.082640,6.867300,0
35.600000,0.006888,0.240891,1.671457,-0.062105,0.288209,-0.112755,0.083660,7.813300,0
35.620000,0.007086,0.249709,1.660055,-0.062442,0.291190,-0.112755,0.080962,8.747500,0
35.640000,0.006398,0.248205,1.668423,-0.062780,0.294171,-0.112754,0.083057,7.605100,0
35.660000,0.004668,0.252400,1.673310,-0.062847,0.294966,-0.124009,0.079813,6.912300,0
35.680000,0.004041,0.255167,1.693964,-0.062869,0.295138,-0.144007,0.077940,10.729300,0
35.700000,0.005572,0.254619,1.726217,-0.062869,0.295138,-0.162030,0.079535,9.262200,0
35.720000,0.007706,0.250432,1.740404,-0.062870,0.295134,-0.180018,0.083542,10.936700,0
35.740000,0.004845,0.256387,1.760220,-0.062870,0.295130,-0.198022,0.078015,7.520400,0
35.760000,0.009672,0.247163,1.782913,-0.062871,0.295126,-0.216038,0.086966,6.990900,0
35.780000,0.006828,0.256473,1.769776,-0.063413,0.297469,-0.222826,0.081330,6.593200,0
35.800000,0.005439,0.263688,1.785978,-0.064078,0.300397,-0.222825,0.078613,5.992900,0
35.820000,0.007779,0.257603,1.790772,-0.064743,0.303325,-0.222823,0.085731,5.787500,0
35.840000,0.005930,0.260597,1.799844,-0.065407,0.306253,-0.222820,0.084696,6.202600,0
35.860000,0.004980,0.269668,1.784001,-0.066071,0.309180,-0.222817,0.081299,5.778300,0
35.880000,0.004533,0.274332,1.766386,-0.066735,0.312107,-0.222815,0.080660,5.814500,0
35.900000,0.002833,0.275363,1.781466,-0.067399,0.315034,-0.222813,0.080662,6.034200,0
35.920000,0.000574,0.277199,1.796977,-0.068062,0.317960,-0.222812,0.079826,5.811900,0
35.940000,0.002640,0.273696,1.800367,-0.068725,0.320887,-0.222810,0.085557,5.962300,0
35.960000,0.000384,0.285041,1.785075,-0.069388,0.323813,-0.222809,0.079822,5.775100,0
35.980000,0.003523,0.271710,1.789787,-0.070051,0.326740,-0.222809,0.091877,5.775000,0
36.000000,0.002536,0.282771,1.783039,-0.070714,0.329666,-0.222808,0.086975,6.274400,0
36.020000,0.001899,0.290662,1.771466,-0.071377,0.332592,-0.222808,0.084424,5.802900,0
36.040000,0.001454,0.290701,1.798927,-0.072040,0.335518,-0.222808,0.086081,5.927800,0
36.060000,0.000655,0.298010,1.784326,-0.072703,0.338444,-0.222807,0.083764,7.518100,0
36.080000,0.000186,0.298142,1.787254,-0.073366,0.341370,-0.222807,0.085315,5.720800,0
36.100000,-0.000329,0.300356,1.822063,-0.074029,0.344296,-0.222807,0.085805,6.308500,0
36.120000,-0.000708,0.302547,1.777024,-0.074692,0.347222,-0.222807,0.086426,6.064800,0
36.140000,-0.002192,0.307114,1.762009,-0.075355,0.350148,-0.222807,0.084881,6.366600,0
36.160000,-0.001773,0.310645,1.780966,-0.076018,0.353074,-0.222807,0.085513,6.208500,0
36.180000,-0.001288,0.310934,1.786410,-0.076680,0.356000,-0.222807,0.087835,6.026100,0
36.200000,-0.004212,0.319721,1.767543,-0.077343,0.358926,-0.222807,0.082977,6.588500,0
36.220000,-0.003925,0.321980,1.797583,-0.077442,0.359589,-0.235729,0.082579,6.188600,0
36.240000,-0.005825,0.321382,1.808538,-0.077480,0.359743,-0.255555,0.081277,6.422700,0
36.260000,-0.003962,0.317881,1.832182,-0.077480,0.359741,-0.273562,0.084600,6.667000,0
36.280000,-0.001830,0.322335,1.852125,-0.077480,0.359737,-0.291561,0.084391,6.521500,0
36.300000,-0.000491,0.319134,1.863096,-0.077481,0.359732,-0.309569,0.087038,7.095600,0
36.320000,-0.001040,0.318438,1.890091,-0.077481,0.359728,-0.327582,0.086879,7.191600,0
36.340000,0.000490,0.314521,1.905837,-0.077482,0.359724,-0.345598,0.090127,6.588100,0
36.360000,0.000310,0.315411,1.924908,-0.077483,0.359720,-0.363616,0.089527,6.506200,0
36.380000,-0.001744,0.326720,1.923141,-0.078404,0.362136,-0.368309,0.084446,6.924900,0
36.400000,-0.000030,0.319137,1.957183,-0.079487,0.364938,-0.368311,0.091712,8.291700,0
36.420000,-0.003255,0.328854,1.924636,-0.080569,0.367739,-0.368309,0.086542,7.398800,0
36.440000,-0.000751,0.325957,1.921531,-0.081650,0.370540,-0.368305,0.092371,7.140300,0
36.460000,-0.004207,0.337650,1.943434,-0.082731,0.373340,-0.368301,0.086255,6.474500,0
36.480000,-0.006469,0.338188,1.932546,-0.083812,0.376140,-0.368299,0.086153,6.860300,0
36.500000,-0.004507,0.335385,1.932405,-0.084892,0.378940,-0.368296,0.091427,6.436700,0
36.520000,-0.009308,0.347312,1.927379,-0.085973,0.381740,-0.368294,0.084041,6.852000,0
36.540000,-0.009450,0.345182,1.945088,-0.087053,0.384539,-0.368293,0.087012,6.229300,0
36.560000,-0.009258,0.344974,1.929130,-0.088133,0.387339,-0.368291,0.089533,6.250900,0
36.580000,-0.010344,0.351469,1.920359,-0.089214,0.390138,-0.368290,0.087839,6.326700,0
36.600000,-0.011102,0.351266,1.918396,-0.090294,0.392937,-0.368290,0.089486,6.290600,0
36.620000,-0.011741,0.356814,1.908100,-0.091374,0.395737,-0.368289,0.088636,6.480600,0
36.640000,-0.012135,0.358969,1.931193,-0.092454,0.398536,-0.368289,0.089536,6.178400,0
36.660000,-0.014728,0.364165,1.915972,-0.093534,0.401335,-0.368289,0.087132,6.290200,0
36.680000,-0.013563,0.360991,1.923689,-0.094614,0.404134,-0.368288,0.091818,6.245100,0
36.700000,-0.017238,0.367329,1.926820,-0.095694,0.406933,-0.368288,0.087885,6.221100,0
36.720000,-0.018940,0.371832,1.926919,-0.096774,0.409732,-0.368288,0.086571,6.342100,0
36.740000,-0.017758,0.369677,1.948177,-0.097854,0.412531,-0.368288,0.090840,6.545200,0
36.760000,-0.020793,0.379107,1.934499,-0.098934,0.415329,-0.368288,0.086128,6.314400,0
36.780000,-0.020601,0.378051,1.925561,-0.100014,0.418128,-0.368288,0.088953,7.073700,0
36.800000,-0.021149,0.382010,1.945983,-0.100204,0.418620,-0.383358,0.087120,6.250600,0
36.820000,-0.018130,0.376125,1.963615,-0.100239,0.418704,-0.402419,0.092492,6.987500,0
36.840000,-0.017964,0.373892,1.972608,-0.100238,0.418701,-0.420412,0.093686,6.701300,0
36.860000,-0.022806,0.382654,1.989875,-0.100238,0.418697,-0.438410,0.085409,7.446200,0
36.880000,-0.019401,0.376139,2.026117,-0.100238,0.418693,-0.456413,0.091353,5.964300,0
36.900000,-0.019687,0.381920,2.022342,-0.100238,0.418689,-0.474419,0.088546,5.976800,0
36.920000,-0.017772,0.379082,2.050239,-0.100239,0.418685,-0.492427,0.091484,7.696800,0
36.940000,-0.014595,0.370451,2.057511,-0.100239,0.418682,-0.510436,0.098291,6.356600,0
36.960000,-0.018085,0.378421,2.086094,-0.100240,0.418678,-0.528444,0.091488,5.817200,0
36.980000,-0.017829,0.379658,2.083147,-0.101611,0.421025,-0.531664,0.093438,5.965400,0
37.000000,-0.021940,0.386583,2.092138,-0.103134,0.423613,-0.531663,0.089240,5.717900,0
37.020000,-0.022213,0.384933,2.094178,-0.104657,0.426201,-0.531659,0.092196,6.069100,0
37.040000,-0.024544,0.388570,2.099270,-0.106180,0.428789,-0.531655,0.091005,5.631700,0
37.060000,-0.027088,0.394436,2.086785,-0.107702,0.431377,-0.531651,0.088675,5.627100,0
37.080000,-0.025591,0.394866,2.092114,-0.109223,0.433964,-0.531648,0.092320,6.381100,0
37.100000,-0.029192,0.401780,2.090551,-0.110745,0.436551,-0.531646,0.088656,5.885000,0
37.120000,-0.026983,0.401222,2.095911,-0.112266,0.439138,-0.531644,0.093332,6.290700,0
37.140000,-0.028088,0.405492,2.086629,-0.113787,0.441725,-0.531642,0.093044,5.871000,0
37.160000,-0.028326,0.409730,2.097579,-0.115308,0.444311,-0.531641,0.093604,6.042800,0
37.180000,-0.029980,0.409859,2.089761,-0.116829,0.446898,-0.531640,0.094418,6.227600,0
37.200000,-0.034495,0.415826,2.101719,-0.118350,0.449484,-0.531639,0.090358,5.897800,0
37.220000,-0.032456,0.407854,2.090627,-0.119871,0.452070,-0.531639,0.097961,6.234500,0
37.240000,-0.038787,0.418745,2.084489,-0.121392,0.454656,-0.531638,0.090073,5.935000,0
37.260000,-0.037931,0.419688,2.103503,-0.121602,0.455014,-0.548277,0.090823,5.940300,0
37.280000,-0.036718,0.419850,2.124772,-0.121628,0.455053,-0.566841,0.091918,5.979100,0
37.300000,-0.033727,0.417269,2.136326,-0.121627,0.455050,-0.584828,0.095675,5.924100,0
37.320000,-0.035102,0.419744,2.162822,-0.121626,0.455047,-0.602821,0.093449,5.974600,0
37.340000,-0.031400,0.416002,2.175115,-0.121625,0.455043,-0.620818,0.098310,6.016900,0
37.360000,-0.032107,0.417241,2.186903,-0.121625,0.455040,-0.638818,0.097172,5.943000,0
37.380000,-0.036955,0.422149,2.225037,-0.121625,0.455037,-0.656819,0.090833,6.081700,0
37.400000,-0.034257,0.420085,2.224931,-0.121626,0.455034,-0.674820,0.094099,6.098100,0
37.420000,-0.030354,0.415371,2.243825,-0.121626,0.455031,-0.692822,0.099517,5.927700,0
37.440000,-0.032802,0.418094,2.267325,-0.121626,0.455028,-0.710823,0.096196,6.478200,0
37.460000,-0.031720,0.420929,2.287319,-0.121627,0.455026,-0.728823,0.096155,6.930300,0
37.480000,-0.031728,0.421317,2.313087,-0.121627,0.455023,-0.746822,0.096010,6.552900,0
37.500000,-0.033384,0.423461,2.330277,-0.121628,0.455020,-0.764820,0.093718,6.401700,0
37.520000,-0.031889,0.420377,2.345915,-0.121629,0.455018,-0.782817,0.096194,6.099000,0
37.540000,-0.033949,0.424413,2.354655,-0.121630,0.455016,-0.800813,0.092868,6.288100,0
37.560000,-0.027867,0.419962,2.371462,-0.121630,0.455013,-0.818809,0.100101,6.689000,0
37.580000,-0.032294,0.425028,2.396665,-0.121631,0.455011,-0.836803,0.094234,6.185400,0
37.600000,-0.024978,0.420203,2.404159,-0.121632,0.455009,-0.854796,0.102730,6.225500,0
37.620000,-0.027201,0.423534,2.435645,-0.121632,0.455007,-0.872789,0.099537,6.144400,0
37.640000,-0.029318,0.426146,2.449897,-0.121633,0.455005,-0.890781,0.096721,6.213600,0
37.660000,-0.023950,0.422754,2.451130,-0.121634,0.455003,-0.908772,0.102869,5.954600,0
37.680000,-0.031267,0.427667,2.460829,-0.123713,0.456821,-0.909301,0.096934,6.154600,0
37.700000,-0.025723,0.423091,2.461409,-0.126084,0.458666,-0.909293,0.106480,6.548800,0
37.720000,-0.031912,0.428929,2.464438,-0.128454,0.460512,-0.909283,0.101577,5.994600,0
37.740000,-0.038120,0.432521,2.451061,-0.130823,0.462357,-0.909275,0.097386,6.170500,0
37.760000,-0.045095,0.439551,2.462426,-0.133191,0.464201,-0.909269,0.091480,5.980800,0
37.780000,-0.039484,0.434909,2.458999,-0.135560,0.466046,-0.909265,0.100996,6.134600,0
37.800000,-0.034678,0.431405,2.446368,-0.137928,0.467890,-0.909262,0.109507,6.309700,0
37.820000,-0.049477,0.441824,2.469504,-0.140296,0.469734,-0.909260,0.095011,5.957800,0
37.840000,-0.050819,0.443899,2.475814,-0.142663,0.471578,-0.909258,0.095924,6.161700,0
37.860000,-0.049904,0.442891,2.456718,-0.145031,0.473422,-0.909257,0.099907,6.010500,0
37.880000,-0.047105,0.440433,2.449317,-0.147398,0.475265,-0.909256,0.106169,5.957600,0
37.900000,-0.051910,0.445985,2.453704,-0.149766,0.477109,-0.909255,0.102686,6.398100,0
37.920000,-0.053203,0.448813,2.458239,-0.152133,0.478952,-0.909255,0.103419,5.980600,0
37.940000,-0.059683,0.453179,2.470591,-0.154500,0.480795,-0.909254,0.098757,6.132300,0
37.960000,-0.060365,0.453356,2.475595,-0.156867,0.482639,-0.909254,0.100847,6.123500,0
37.980000,-0.060762,0.451837,2.466987,-0.159235,0.484482,-0.909253,0.103743,6.550400,0
38.000000,-0.074621,0.462034,2.470136,-0.161602,0.486325,-0.909253,0.090309,6.145000,0
38.020000,-0.075526,0.462431,2.481802,-0.163969,0.488168,-0.909253,0.092112,6.080700,0
38.040000,-0.079565,0.465947,2.489525,-0.166336,0.490011,-0.909253,0.090046,6.446000,0
38.060000,-0.088587,0.473030,2.464001,-0.168703,0.491855,-0.909253,0.082298,6.091900,0
38.080000,-0.076505,0.462987,2.466554,-0.171071,0.493698,-0.909253,0.099428,6.098900,0
38.100000,-0.073982,0.460545,2.432673,-0.173438,0.495541,-0.909252,0.105433,6.188900,0
38.120000,-0.082928,0.468803,2.469737,-0.175805,0.497384,-0.909252,0.097176,6.139100,0
38.140000,-0.092925,0.475873,2.489814,-0.178172,0.499227,-0.909252,0.088388,6.211900,0
38.160000,-0.090291,0.472969,2.475385,-0.180539,0.501070,-0.909252,0.094522,6.080100,0
38.180000,-0.088249,0.473259,2.482324,-0.182906,0.502913,-0.909252,0.099193,6.279100,0
38.200000,-0.093062,0.476757,2.465331,-0.185273,0.504756,-0.909252,0.096368,6.268800,0
38.220000,-0.086298,0.472020,2.458660,-0.187641,0.506599,-0.909252,0.107079,6.266700,0
38.240000,-0.095571,0.478204,2.465525,-0.190008,0.508442,-0.909252,0.099159,6.156800,0
38.260000,-0.091885,0.476602,2.466802,-0.192375,0.510285,-0.909252,0.105985,6.479700,0
38.280000,-0.103013,0.483376,2.481076,-0.194742,0.512128,-0.909252,0.096130,6.323400,0
38.300000,-0.107134,0.487176,2.479962,-0.197109,0.513971,-0.909252,0.093881,6.715000,0
38.320000,-0.103041,0.486754,2.463015,-0.199476,0.515814,-0.909252,0.100719,6.382600,0
38.340000,-0.105533,0.488169,2.476279,-0.199772,0.515977,-0.926467,0.098256,7.023600,0
38.360000,-0.104171,0.489271,2.482424,-0.199769,0.515974,-0.944452,0.099257,5.996500,0
38.380000,-0.109212,0.492091,2.517145,-0.199767,0.515971,-0.962441,0.093651,5.806000,0
38.400000,-0.108548,0.491586,2.540853,-0.199765,0.515968,-0.980433,0.094420,7.011800,0
38.420000,-0.096481,0.482502,2.546143,-0.199763,0.515965,-0.998427,0.108568,6.581100,0
38.440000,-0.102816,0.487614,2.570075,-0.199763,0.515962,-1.016423,0.101007,6.266900,0
38.460000,-0.108239,0.492664,2.589547,-0.199762,0.515959,-1.034418,0.094441,6.500700,0
38.480000,-0.101806,0.489291,2.599650,-0.199762,0.515956,-1.052414,0.101520,6.716500,0
38.500000,-0.105001,0.491280,2.611666,-0.201899,0.517440,-1.052511,0.100367,6.854300,0
38.520000,-0.103816,0.493361,2.617895,-0.204508,0.518928,-1.052504,0.103887,6.204600,0
38.540000,-0.119392,0.503717,2.623486,-0.207117,0.520416,-1.052498,0.089300,5.950100,0
38.560000,-0.106819,0.497861,2.600203,-0.209724,0.521904,-1.052493,0.105676,8.032400,0
38.580000,-0.113965,0.500394,2.608689,-0.212332,0.523391,-1.052490,0.101019,8.604200,0
38.600000,-0.113022,0.500039,2.589782,-0.214939,0.524879,-1.052487,0.104900,5.966500,0
38.620000,-0.116070,0.503309,2.593584,-0.217546,0.526366,-1.052485,0.104062,5.778100,0
38.640000,-0.118648,0.506276,2.600268,-0.220153,0.527853,-1.052484,0.103773,6.562800,0
38.660000,-0.124388,0.507766,2.633053,-0.220533,0.527887,-1.069616,0.098228,5.820600,0
38.680000,-0.116327,0.501553,2.635934,-0.220531,0.527885,-1.087605,0.107480,6.016700,0
38.700000,-0.122306,0.504978,2.663374,-0.220528,0.527882,-1.105593,0.100857,6.020500,0
38.720000,-0.118408,0.503758,2.665451,-0.220526,0.527880,-1.123583,0.104929,6.137000,0
38.740000,-0.125241,0.508289,2.709042,-0.220524,0.527878,-1.141575,0.097276,6.685100,0
38.760000,-0.113219,0.502652,2.700578,-0.220523,0.527875,-1.159568,0.110229,5.817800,0
38.780000,-0.119844,0.506464,2.735977,-0.220522,0.527873,-1.177561,0.102930,6.228500,0
38.800000,-0.117487,0.506076,2.744113,-0.220522,0.527871,-1.195553,0.105315,6.168500,0
38.820000,-0.117104,0.505859,2.766411,-0.220521,0.527868,-1.213545,0.105734,5.777100,0
38.840000,-0.125985,0.509948,2.795003,-0.220521,0.527866,-1.231537,0.096219,5.897700,0
38.860000,-0.119293,0.508182,2.797128,-0.220521,0.527864,-1.249527,0.103124,5.777700,0
38.880000,-0.109580,0.506905,2.812522,-0.220521,0.527862,-1.267517,0.112903,5.816500,0
38.900000,-0.118842,0.510420,2.842943,-0.220521,0.527860,-1.285506,0.103163,6.081700,0
38.920000,-0.121126,0.512652,2.863481,-0.220521,0.527858,-1.303495,0.100551,5.807900,0
38.940000,-0.113966,0.511999,2.872154,-0.220521,0.527856,-1.321482,0.107729,6.127700,0
38.960000,-0.123549,0.513980,2.899261,-0.220521,0.527854,-1.339469,0.097960,6.035500,0
38.980000,-0.123808,0.513876,2.919484,-0.220521,0.527852,-1.357456,0.097718,5.866200,0
39.000000,-0.126555,0.513208,2.941965,-0.222859,0.528384,-1.364329,0.097493,7.527100,0
39.020000,-0.126053,0.513844,2.919190,-0.225799,0.528998,-1.364326,0.100891,5.946400,0
39.040000,-0.134594,0.517158,2.921139,-0.228739,0.529613,-1.364314,0.094965,6.159000,0
39.060000,-0.126279,0.516002,2.903542,-0.231679,0.530228,-1.364305,0.106356,6.129900,0
39.080000,-0.135120,0.519797,2.905615,-0.234617,0.530843,-1.364299,0.100108,6.235600,0
39.100000,-0.132083,0.519280,2.905692,-0.237555,0.531459,-1.364294,0.106173,6.237900,0
39.120000,-0.131913,0.517389,2.901030,-0.240493,0.532074,-1.364292,0.109569,6.076000,0
39.140000,-0.142158,0.520701,2.913332,-0.243431,0.532690,-1.364290,0.101981,6.141700,0
39.160000,-0.133485,0.518555,2.901174,-0.246368,0.533305,-1.364289,0.113842,6.334000,0
39.180000,-0.149222,0.522771,2.916467,-0.249305,0.533920,-1.364288,0.100702,6.122300,0
39.200000,-0.146339,0.522565,2.904444,-0.252242,0.534536,-1.364287,0.106578,6.145600,0
39.220000,-0.146910,0.521108,2.901382,-0.255179,0.535151,-1.364286,0.109176,6.064300,0
39.240000,-0.157843,0.523471,2.917101,-0.258115,0.535767,-1.364285,0.101024,6.192500,0
39.260000,-0.161213,0.522515,2.924295,-0.261052,0.536382,-1.364285,0.100797,6.088400,0
39.280000,-0.168255,0.523691,2.919881,-0.263988,0.536997,-1.364284,0.096653,6.053800,0
39.300000,-0.160057,0.521532,2.905721,-0.266925,0.537613,-1.364284,0.108071,6.659200,0
39.320000,-0.163559,0.520813,2.903177,-0.269861,0.538228,-1.364283,0.107719,7.294400,0
39.340000,-0.169937,0.523216,2.911372,-0.272797,0.538843,-1.364283,0.104040,6.677500,0
39.360000,-0.174726,0.525765,2.916617,-0.275734,0.539458,-1.364283,0.101932,6.189200,0
39.380000,-0.194880,0.530426,2.907805,-0.278670,0.540074,-1.364283,0.084344,6.825600,0
39.400000,-0.183525,0.526842,2.920875,-0.281606,0.540689,-1.364283,0.099054,6.217200,0
39.420000,-0.189087,0.527028,2.926310,-0.284543,0.541304,-1.364283,0.096517,6.302100,0
39.440000,-0.195101,0.528633,2.936251,-0.287479,0.541919,-1.364283,0.093329,6.336300,0
39.460000,-0.196490,0.529786,2.930740,-0.290415,0.542534,-1.364283,0.094786,6.214300,0
39.480000,-0.196361,0.529258,2.933378,-0.293351,0.543150,-1.364283,0.097980,6.232900,0
39.500000,-0.195243,0.528823,2.926113,-0.296288,0.543765,-1.364283,0.102144,6.185300,0
39.520000,-0.206672,0.530538,2.930469,-0.299224,0.544380,-1.364283,0.093581,6.229200,0
39.540000,-0.203358,0.530313,2.928848,-0.302160,0.544995,-1.364282,0.099887,6.483600,0
39.560000,-0.212742,0.532608,2.932813,-0.305097,0.545610,-1.364282,0.093265,6.315800,0
39.580000,-0.211745,0.532418,2.931091,-0.308033,0.546225,-1.364282,0.097273,7.035100,0
39.600000,-0.211888,0.533461,2.942264,-0.310969,0.546840,-1.364282,0.099981,6.378700,0
39.620000,-0.207802,0.533846,2.919931,-0.313905,0.547456,-1.364282,0.106972,6.203000,0
39.640000,-0.216935,0.535690,2.920342,-0.316842,0.548071,-1.364282,0.100671,6.930400,0
39.660000,-0.237644,0.539795,2.942399,-0.319778,0.548686,-1.364282,0.082614,6.205300,0
39.680000,-0.224475,0.537839,2.932142,-0.322714,0.549301,-1.364282,0.098906,6.282100,0
39.700000,-0.224153,0.538888,2.926921,-0.325650,0.549916,-1.364282,0.102094,6.551600,0
39.720000,-0.228720,0.540364,2.915868,-0.328587,0.550531,-1.364282,0.100383,6.084700,0
39.740000,-0.233512,0.541228,2.933169,-0.331523,0.551147,-1.364282,0.098512,6.550000,0
39.760000,-0.229903,0.538681,2.925503,-0.334459,0.551762,-1.364282,0.105371,5.809900,0
39.780000,-0.237675,0.540955,2.919031,-0.337395,0.552377,-1.364282,0.100372,6.013000,0
39.800000,-0.252524,0.544176,2.944714,-0.340332,0.552992,-1.364282,0.088249,6.186400,0
39.820000,-0.246629,0.542184,2.920187,-0.343268,0.553607,-1.364282,0.097312,5.973800,0
39.840000,-0.237772,0.539942,2.920797,-0.346204,0.554222,-1.364282,0.109368,6.464100,0
39.860000,-0.249919,0.541155,2.923309,-0.349140,0.554837,-1.364282,0.100159,6.834200,0
39.880000,-0.246196,0.539535,2.924446,-0.349773,0.554919,-1.377692,0.104714,8.439000,0
39.900000,-0.247454,0.540700,2.946230,-0.349941,0.554882,-1.397663,0.103464,11.125700,0
39.920000,-0.247985,0.540636,2.972142,-0.349937,0.554881,-1.415651,0.102942,7.712900,0
39.940000,-0.249339,0.542168,2.993629,-0.349935,0.554879,-1.433640,0.101396,5.993200,0
39.960000,-0.251659,0.544553,3.008127,-0.349932,0.554877,-1.451631,0.098814,7.084700,0
39.980000,-0.249037,0.544729,3.017475,-0.349931,0.554875,-1.469621,0.101403,6.590800,0
40.000000,-0.251455,0.547362,3.037100,-0.352175,0.555167,-1.478018,0.101022,9.881000,0
40.020000,-0.247984,0.548596,3.022211,-0.355165,0.555443,-1.478016,0.107399,6.935900,0
40.040000,-0.237781,0.545517,3.010501,-0.358155,0.555720,-1.478010,0.120806,6.760000,0
40.060000,-0.257046,0.545947,3.028248,-0.361144,0.555996,-1.478007,0.104582,12.668000,0
40.080000,-0.262569,0.547972,3.029710,-0.364133,0.556274,-1.478004,0.101903,7.295400,0
40.100000,-0.256289,0.548221,3.014521,-0.367122,0.556551,-1.478002,0.111146,7.342300,0
40.120000,-0.264754,0.546351,3.028880,-0.370110,0.556829,-1.478000,0.105876,7.205400,0
40.140000,-0.271028,0.548028,3.031259,-0.373098,0.557106,-1.477999,0.102473,6.319800,0
40.160000,-0.269289,0.548131,3.024119,-0.376086,0.557384,-1.477997,0.107197,6.503100,0
40.180000,-0.273606,0.550265,3.025729,-0.379074,0.557662,-1.477996,0.105727,7.176900,0
40.200000,-0.284372,0.550641,3.031822,-0.382061,0.557940,-1.477996,0.097961,6.596500,0
40.220000,-0.274663,0.551833,3.042617,-0.382845,0.557885,-1.489429,0.108351,7.548800,0
40.240000,-0.283429,0.552033,3.066106,-0.383019,0.557869,-1.509429,0.099761,6.947200,0
40.260000,-0.280345,0.553193,3.070553,-0.383017,0.557868,-1.527441,0.102778,7.386200,0
40.280000,-0.274858,0.552113,3.101340,-0.383014,0.557867,-1.545429,0.108309,6.008800,0
40.300000,-0.287103,0.553539,3.117308,-0.383012,0.557866,-1.563417,0.096007,8.225500,0
40.320000,-0.272861,0.554033,3.128423,-0.383010,0.557864,-1.581407,0.110216,10.706200,0
40.340000,-0.287590,0.554328,-3.123455,-0.383008,0.557863,-1.599396,0.095483,8.245400,0
40.360000,-0.274293,0.555978,-3.114403,-0.383007,0.557862,-1.617384,0.108731,6.947700,0
40.380000,-0.282312,0.555716,-3.090303,-0.383006,0.557860,-1.635373,0.100717,7.337700,0
40.400000,-0.282089,0.557625,-3.074810,-0.383005,0.557859,-1.653360,0.100917,7.543700,0
40.420000,-0.273937,0.556760,-3.061345,-0.383004,0.557857,-1.671347,0.109073,6.918200,0
40.440000,-0.280752,0.556743,-3.038582,-0.383004,0.557856,-1.689334,0.102258,6.518000,0
40.460000,-0.277480,0.557066,-3.018770,-0.382998,0.557855,-1.707377,0.105521,8.331100,0
40.480000,-0.285664,0.556572,-2.991870,-0.382992,0.557853,-1.725426,0.097336,6.122800,0
40.500000,-0.279070,0.557825,-2.987105,-0.382986,0.557852,-1.743473,0.103916,7.173600,0
40.520000,-0.280387,0.557287,-2.951803,-0.382980,0.557851,-1.761516,0.102595,7.107600,0
40.540000,-0.276482,0.557733,-2.953462,-0.382975,0.557850,-1.779554,0.106493,7.900100,0
40.560000,-0.284951,0.557307,-2.925963,-0.382970,0.557849,-1.797588,0.098020,6.283500,0
40.580000,-0.273027,0.559953,-2.914395,-0.382965,0.557847,-1.815618,0.109958,7.174300,0
40.600000,-0.286150,0.558591,-2.879637,-0.382961,0.557846,-1.833644,0.096814,9.687100,0
40.620000,-0.281283,0.560825,-2.878486,-0.382957,0.557845,-1.851667,0.101718,7.304700,0
40.640000,-0.282392,0.559873,-2.857169,-0.382953,0.557844,-1.869687,0.100582,9.952600,0
40.660000,-0.285944,0.559703,-2.834807,-0.382950,0.557843,-1.887704,0.097023,15.937500,0
40.680000,-0.281586,0.563216,-2.816036,-0.382946,0.557841,-1.905718,0.101503,9.081600,0
40.700000,-0.279058,0.563806,-2.806038,-0.382943,0.557840,-1.923731,0.104056,7.533700,0
40.720000,-0.282496,0.563063,-2.787196,-0.382940,0.557839,-1.941741,0.100579,8.647900,0
40.740000,-0.283537,0.562116,-2.769682,-0.382937,0.557838,-1.959750,0.099492,7.602000,0
40.760000,-0.286039,0.561130,-2.740369,-0.382934,0.557837,-1.977757,0.096951,6.741500,0
40.780000,-0.273633,0.566210,-2.743789,-0.382932,0.557836,-1.995763,0.109620,6.464000,0
40.800000,-0.282179,0.565222,-2.712219,-0.382929,0.557835,-2.013767,0.101020,6.880400,0
40.820000,-0.273681,0.570826,-2.709871,-0.382926,0.557833,-2.031771,0.110015,6.666600,0
40.840000,-0.287654,0.564266,-2.665127,-0.382924,0.557832,-2.049773,0.095487,6.500900,0
40.860000,-0.284024,0.565625,-2.659346,-0.382921,0.557831,-2.067774,0.099204,6.876800,0
40.880000,-0.287002,0.566519,-2.645828,-0.385294,0.556543,-2.071205,0.098797,6.568800,0
40.900000,-0.285426,0.568993,-2.660890,-0.387929,0.555102,-2.071202,0.103440,8.722400,0
40.920000,-0.293223,0.565071,-2.653179,-0.390564,0.553660,-2.071195,0.098007,8.995800,0
40.940000,-0.286191,0.566311,-2.661656,-0.393199,0.552220,-2.071186,0.107932,8.074500,0
40.960000,-0.299029,0.559197,-2.646418,-0.395833,0.550779,-2.071180,0.097169,8.059900,0
40.980000,-0.299712,0.561067,-2.656876,-0.398467,0.549339,-2.071174,0.099449,7.346300,0
41.000000,-0.312681,0.554154,-2.633915,-0.401100,0.547900,-2.071170,0.088640,8.044100,0
41.020000,-0.305822,0.556062,-2.650208,-0.403734,0.546460,-2.071166,0.098382,9.995800,0
41.040000,-0.313028,0.552939,-2.652749,-0.406367,0.545021,-2.071164,0.093674,9.551900,0
41.060000,-0.303341,0.557522,-2.645718,-0.406747,0.544813,-2.087558,0.104184,9.796200,0
41.080000,-0.304261,0.556073,-2.624938,-0.406799,0.544782,-2.106274,0.103158,9.138700,0
41.100000,-0.308446,0.554873,-2.597361,-0.406796,0.544783,-2.124261,0.098867,9.348100,0
41.120000,-0.302891,0.557468,-2.590738,-0.406793,0.544784,-2.142252,0.104673,10.332300,0
41.140000,-0.295701,0.562113,-2.585789,-0.406790,0.544784,-2.160248,0.112432,10.324600,0
41.160000,-0.303014,0.557843,-2.549895,-0.406787,0.544785,-2.178247,0.104592,10.459300,0
41.180000,-0.300175,0.557700,-2.538761,-0.406784,0.544784,-2.196248,0.107389,9.305500,0
41.200000,-0.306510,0.556894,-2.511791,-0.406781,0.544784,-2.214249,0.101000,7.704200,0
41.220000,-0.307454,0.558000,-2.495575,-0.406778,0.544784,-2.232250,0.100200,7.848800,0
41.240000,-0.303727,0.562460,-2.490648,-0.406775,0.544783,-2.250251,0.104553,7.638600,0
41.260000,-0.307138,0.560815,-2.458282,-0.406772,0.544783,-2.268251,0.100916,7.556000,0
41.280000,-0.307954,0.561034,-2.446147,-0.406770,0.544782,-2.286250,0.100143,7.199500,0
41.300000,-0.316574,0.553397,-2.419140,-0.406767,0.544782,-2.304248,0.090603,7.658100,0
41.320000,-0.307059,0.561694,-2.413903,-0.406765,0.544781,-2.322246,0.101130,7.720400,0
41.340000,-0.314857,0.555877,-2.382620,-0.406763,0.544780,-2.340242,0.092573,7.674300,0
41.360000,-0.313710,0.558999,-2.367491,-0.406760,0.544780,-2.358237,0.094130,8.273100,0
41.380000,-0.309889,0.564620,-2.364046,-0.406758,0.544779,-2.376232,0.098880,8.635100,0
41.400000,-0.312885,0.562665,-2.341382,-0.406756,0.544778,-2.394226,0.095559,8.090400,0
41.420000,-0.313572,0.564406,-2.313582,-0.406754,0.544777,-2.412219,0.095227,8.041300,0
41.440000,-0.310202,0.568631,-2.310232,-0.406752,0.544777,-2.430211,0.099453,7.914700,0
41.460000,-0.317356,0.560917,-2.272338,-0.406750,0.544776,-2.448203,0.090840,7.664300,0
41.480000,-0.311280,0.563864,-2.280512,-0.408590,0.542693,-2.449613,0.099587,7.731300,0
41.500000,-0.318448,0.559494,-2.272295,-0.410507,0.540379,-2.449606,0.094023,7.389300,0
41.520000,-0.320484,0.555795,-2.279430,-0.412423,0.538067,-2.449596,0.093633,7.529300,0
41.540000,-0.324204,0.553811,-2.273846,-0.414339,0.535755,-2.449588,0.091925,7.756300,0
41.560000,-0.325945,0.552533,-2.282209,-0.416255,0.533443,-2.449582,0.092306,7.622700,0
41.580000,-0.321170,0.558333,-2.301071,-0.418171,0.531132,-2.449578,0.100742,7.501900,0
41.600000,-0.334424,0.542614,-2.277245,-0.420087,0.528822,-2.449574,0.086766,7.673600,0
41.620000,-0.339479,0.539210,-2.268305,-0.422002,0.526511,-2.449572,0.083494,7.903200,0
41.640000,-0.335714,0.541115,-2.266873,-0.423917,0.524201,-2.449570,0.089810,7.520700,0
41.660000,-0.333719,0.543449,-2.284518,-0.425832,0.521891,-2.449569,0.094602,7.797400,0
41.680000,-0.333025,0.542081,-2.284387,-0.427747,0.519580,-2.449568,0.097358,7.985400,0
41.700000,-0.337609,0.539206,-2.288342,-0.429662,0.517270,-2.449568,0.094631,7.466800,0
41.720000,-0.335951,0.540885,-2.285003,-0.431576,0.514960,-2.449567,0.099077,7.228200,0
41.740000,-0.335145,0.540550,-2.304216,-0.433491,0.512650,-2.449566,0.102227,6.972800,0
41.760000,-0.337425,0.533885,-2.282999,-0.435406,0.510340,-2.449566,0.100770,6.303600,0
41.780000,-0.341778,0.529964,-2.286127,-0.437320,0.508030,-2.449566,0.098027,6.200000,0
41.800000,-0.349262,0.521321,-2.274508,-0.439235,0.505720,-2.449565,0.091315,6.666500,0
41.820000,-0.344391,0.525527,-2.286737,-0.441149,0.503410,-2.449565,0.099254,6.343800,0
41.840000,-0.350164,0.520325,-2.280957,-0.443063,0.501101,-2.449565,0.094867,6.369900,0
41.860000,-0.354878,0.516545,-2.277306,-0.444978,0.498791,-2.449565,0.091833,6.430600,0
41.880000,-0.355272,0.517328,-2.281221,-0.446892,0.496481,-2.449565,0.093962,6.584500,0
41.900000,-0.357992,0.515551,-2.284776,-0.448807,0.494171,-2.449565,0.093298,6.539800,0
41.920000,-0.356180,0.518111,-2.288772,-0.450721,0.491861,-2.449565,0.098118,6.591500,0
41.940000,-0.365206,0.507460,-2.271826,-0.452635,0.489551,-2.449565,0.089245,7.618000,0
41.960000,-0.365579,0.507345,-2.262766,-0.454550,0.487241,-2.449565,0.091214,6.847700,0
41.980000,-0.366134,0.504166,-2.273632,-0.456464,0.484931,-2.449565,0.092355,7.305700,0
42.000000,-0.367436,0.502843,-2.284909,-0.458378,0.482622,-2.449565,0.093163,7.021900,0
42.020000,-0.363835,0.505693,-2.289118,-0.460292,0.480312,-2.449565,0.099741,7.397400,0
42.040000,-0.369544,0.500773,-2.290022,-0.462207,0.478002,-2.449564,0.095420,6.900200,0
42.060000,-0.372130,0.497983,-2.275312,-0.464121,0.475692,-2.449564,0.094653,7.063800,0
42.080000,-0.375306,0.491425,-2.282679,-0.466035,0.473382,-2.449564,0.092506,7.692300,0
42.100000,-0.370260,0.497909,-2.296346,-0.467950,0.471072,-2.449564,0.101309,6.902700,0
42.120000,-0.377318,0.489432,-2.280248,-0.469864,0.468762,-2.449564,0.094826,7.120100,0
42.140000,-0.380100,0.486336,-2.280216,-0.471778,0.466452,-2.449564,0.093810,6.651000,0
42.160000,-0.375969,0.491472,-2.293467,-0.473693,0.464143,-2.449564,0.101474,7.203900,0
42.180000,-0.384727,0.481215,-2.284387,-0.475607,0.461833,-2.449564,0.092924,6.705600,0
42.200000,-0.383553,0.481715,-2.285957,-0.477521,0.459523,-2.449564,0.096553,7.067900,0
42.220000,-0.389277,0.474323,-2.277772,-0.479436,0.457213,-2.449564,0.091769,7.255800,0
42.240000,-0.390983,0.472491,-2.274495,-0.481350,0.454903,-2.449564,0.092062,7.287600,0
42.260000,-0.394991,0.466779,-2.265306,-0.483264,0.452593,-2.449564,0.089406,6.868500,0
42.280000,-0.399703,0.464325,-2.268527,-0.485178,0.450283,-2.449564,0.086621,6.407100,0
42.300000,-0.395854,0.467141,-2.275201,-0.487093,0.447974,-2.449564,0.093231,6.354200,0
42.320000,-0.398492,0.464481,-2.285749,-0.489007,0.445664,-2.449564,0.092450,6.265600,0
42.340000,-0.399373,0.466663,-2.273514,-0.490921,0.443354,-2.449564,0.094469,6.546000,0
42.360000,-0.404064,0.461627,-2.269782,-0.492836,0.441044,-2.449564,0.091127,6.233600,0
42.380000,-0.412132,0.451983,-2.259065,-0.494750,0.438734,-2.449564,0.083674,6.228800,0
42.400000,-0.403926,0.461865,-2.279523,-0.496664,0.436424,-2.449564,0.096165,6.312700,0
42.420000,-0.409378,0.453119,-2.286003,-0.498579,0.434114,-2.449564,0.091203,6.252700,0
42.440000,-0.408715,0.454158,-2.290661,-0.500493,0.431805,-2.449564,0.094461,6.547700,0
42.460000,-0.409566,0.454219,-2.290348,-0.502407,0.429495,-2.449564,0.096077,5.881200,0
42.480000,-0.416947,0.446700,-2.281854,-0.504321,0.427185,-2.449564,0.089527,5.917200,0
42.500000,-0.414698,0.449819,-2.275963,-0.506236,0.424875,-2.449564,0.094876,5.875700,0
42.520000,-0.422859,0.438966,-2.273594,-0.508150,0.422565,-2.449564,0.086853,5.651200,0
42.540000,-0.418349,0.445536,-2.287145,-0.510064,0.420255,-2.449564,0.095136,5.687100,0
42.560000,-0.419441,0.444858,-2.287993,-0.511979,0.417945,-2.449564,0.096372,5.773600,0
42.580000,-0.424273,0.438308,-2.279113,-0.513893,0.415636,-2.449564,0.092443,5.637900,0
42.600000,-0.427201,0.433123,-2.287483,-0.515807,0.413326,-2.449564,0.090790,5.645900,0
42.620000,-0.433232,0.427454,-2.271587,-0.517722,0.411016,-2.449564,0.086074,6.420500,0
42.640000,-0.433557,0.429390,-2.272269,-0.519636,0.408706,-2.449564,0.088529,5.942600,0
42.660000,-0.430262,0.433538,-2.297769,-0.521550,0.406396,-2.449564,0.095237,6.061700,0
42.680000,-0.431590,0.429145,-2.279759,-0.523464,0.404086,-2.449564,0.095230,6.000500,0
42.700000,-0.437278,0.421051,-2.277791,-0.525379,0.401776,-2.449564,0.090185,6.046100,0
42.720000,-0.439217,0.420424,-2.278223,-0.527293,0.399467,-2.449564,0.090535,6.185600,0
42.740000,-0.439552,0.422573,-2.259707,-0.527519,0.399191,-2.467016,0.091022,6.087300,0
42.760000,-0.438709,0.424092,-2.236389,-0.527532,0.399174,-2.485294,0.092253,6.256100,0
42.780000,-0.445108,0.415772,-2.206903,-0.527529,0.399176,-2.503285,0.084075,6.064900,0
42.800000,-0.440458,0.422737,-2.207327,-0.527526,0.399178,-2.521278,0.090199,6.120400,0
42.820000,-0.438398,0.421599,-2.193288,-0.527523,0.399179,-2.539274,0.091901,6.270900,0
42.840000,-0.439450,0.422864,-2.173689,-0.527520,0.399180,-2.557270,0.091199,6.023100,0
42.860000,-0.451477,0.407285,-2.147487,-0.529171,0.397075,-2.557388,0.078362,6.514800,0
42.880000,-0.446843,0.416876,-2.164220,-0.530827,0.394570,-2.557382,0.086896,5.961800,0
42.900000,-0.444589,0.420223,-2.161862,-0.532484,0.392065,-2.557378,0.092295,6.081300,0
42.920000,-0.450066,0.413475,-2.169264,-0.534140,0.389561,-2.557374,0.087409,6.562500,0
42.940000,-0.449747,0.413924,-2.173893,-0.535795,0.387057,-2.557372,0.090145,6.031600,0
42.960000,-0.450478,0.410607,-2.176504,-0.537451,0.384554,-2.557370,0.090791,6.135900,0
42.980000,-0.458452,0.401129,-2.152848,-0.539106,0.382050,-2.557369,0.082880,6.511600,0
43.000000,-0.451088,0.410578,-2.175402,-0.540762,0.379547,-2.557368,0.094891,6.180100,0
43.020000,-0.458713,0.398001,-2.168435,-0.542417,0.377045,-2.557367,0.086287,6.251000,0
43.040000,-0.456318,0.403300,-2.175215,-0.544072,0.374542,-2.557366,0.092346,6.140400,0
43.060000,-0.459003,0.400498,-2.185664,-0.545727,0.372039,-2.557366,0.091274,6.230400,0
43.080000,-0.458991,0.397021,-2.177351,-0.547382,0.369536,-2.557365,0.092565,6.173800,0
43.100000,-0.465806,0.386340,-2.150461,-0.549037,0.367034,-2.557365,0.085441,6.141200,0
43.120000,-0.469770,0.379868,-2.144191,-0.550692,0.364531,-2.557365,0.082363,6.233200,0
43.140000,-0.469693,0.380100,-2.150131,-0.552347,0.362029,-2.557365,0.084607,6.132500,0
43.160000,-0.470169,0.381568,-2.167335,-0.554001,0.359526,-2.557365,0.086681,6.114500,0
43.180000,-0.474572,0.376669,-2.163558,-0.555656,0.357024,-2.557365,0.083430,6.539400,0
43.200000,-0.477544,0.374361,-2.152835,-0.557311,0.354521,-2.557364,0.082198,6.122300,0
43.220000,-0.480365,0.367127,-2.155529,-0.558966,0.352019,-2.557364,0.080040,6.608000,0
43.240000,-0.474239,0.374063,-2.171746,-0.560620,0.349516,-2.557364,0.089801,5.505000,0
43.260000,-0.477048,0.373576,-2.168052,-0.562275,0.347014,-2.557364,0.089270,5.490800,0
43.280000,-0.480323,0.367560,-2.161664,-0.563930,0.344511,-2.557364,0.086725,8.734900,0
43.300000,-0.477674,0.369886,-2.181333,-0.565584,0.342009,-2.557364,0.092224,12.267700,0
43.320000,-0.479776,0.367312,-2.169581,-0.567239,0.339507,-2.557364,0.091776,7.286300,0
43.340000,-0.486234,0.357649,-2.165120,-0.568894,0.337004,-2.557364,0.085200,6.220500,0
43.360000,-0.485249,0.357280,-2.178245,-0.570548,0.334502,-2.557364,0.088288,12.842000,0
43.380000,-0.484605,0.357558,-2.172454,-0.572203,0.331999,-2.557364,0.091251,12.315800,0
43.400000,-0.481447,0.363704,-2.196922,-0.573858,0.329497,-2.557364,0.098539,9.138600,0
43.420000,-0.491113,0.349689,-2.166513,-0.575512,0.326994,-2.557364,0.087397,6.026000,0
43.440000,-0.491758,0.352786,-2.186472,-0.577167,0.324492,-2.557364,0.089974,6.159900,0
43.460000,-0.498618,0.343034,-2.171939,-0.578822,0.321990,-2.557364,0.082919,7.011900,0
43.480000,-0.493739,0.347102,-2.177698,-0.580476,0.319487,-2.557364,0.091027,6.859200,0
43.500000,-0.490119,0.351880,-2.181402,-0.582131,0.316985,-2.557364,0.098407,11.078600,0
43.520000,-0.500585,0.336863,-2.169442,-0.583786,0.314482,-2.557364,0.086159,6.247500,0
43.540000,-0.505378,0.331881,-2.155605,-0.585440,0.311980,-2.557364,0.082499,6.185900,0
43.560000,-0.507129,0.327120,-2.153723,-0.587095,0.309478,-2.557364,0.081889,6.254800,0
43.580000,-0.508473,0.325858,-2.154946,-0.588750,0.306975,-2.557364,0.082468,9.901100,0
43.600000,-0.505287,0.330734,-2.150402,-0.588802,0.306641,-2.574216,0.086921,8.450900,0
43.620000,-0.506679,0.328186,-2.135754,-0.588799,0.306644,-2.592201,0.084899,7.457000,0
43.640000,-0.507471,0.328197,-2.106845,-0.588796,0.306647,-2.610190,0.084132,7.756400,0
43.660000,-0.507334,0.330548,-2.090780,-0.588793,0.306649,-2.628183,0.084892,8.610300,0
43.680000,-0.506663,0.333306,-2.075581,-0.588790,0.306650,-2.646177,0.086344,8.342900,0
43.700000,-0.509729,0.328262,-2.058680,-0.588787,0.306651,-2.664172,0.081959,7.067000,0
43.720000,-0.505870,0.335690,-2.069512,-0.590163,0.304495,-2.664261,0.089880,7.554400,0
43.740000,-0.506871,0.331189,-2.068463,-0.591543,0.301828,-2.664256,0.089618,7.649600,0
43.760000,-0.506288,0.334247,-2.076582,-0.592923,0.299161,-2.664252,0.093470,7.962900,0
43.780000,-0.507792,0.332419,-2.082662,-0.594302,0.296494,-2.664248,0.093673,7.629000,0
43.800000,-0.512707,0.326045,-2.058518,-0.595681,0.293828,-2.664246,0.089009,7.899300,0
43.820000,-0.514487,0.319590,-2.059738,-0.597060,0.291162,-2.664244,0.087330,7.836700,0
43.840000,-0.521137,0.309671,-2.062222,-0.598439,0.288497,-2.664243,0.080150,7.651500,0
43.860000,-0.520592,0.312536,-2.048489,-0.599818,0.285832,-2.664241,0.083605,7.035400,0
43.880000,-0.528606,0.299480,-2.038218,-0.601197,0.283166,-2.664241,0.074401,7.874800,0
43.900000,-0.524335,0.308032,-2.062050,-0.602576,0.280501,-2.664240,0.082944,8.585500,0
43.920000,-0.520245,0.312388,-2.073786,-0.603954,0.277836,-2.664240,0.090559,8.338000,0
43.940000,-0.527819,0.295568,-2.048012,-0.605333,0.275172,-2.664239,0.080152,7.397300,0
43.960000,-0.525759,0.301886,-2.060516,-0.606711,0.272507,-2.664239,0.086118,7.560700,0
43.980000,-0.524508,0.302722,-2.050543,-0.606729,0.272083,-2.681710,0.087744,6.900600,0
44.000000,-0.528192,0.295333,-2.029193,-0.606734,0.272071,-2.699893,0.081914,6.582200,0
44.020000,-0.529838,0.292437,-1.993941,-0.606731,0.272074,-2.717881,0.079543,6.600500,0
44.040000,-0.526411,0.304141,-1.994198,-0.606729,0.272076,-2.735871,0.086482,6.224500,0
44.060000,-0.527127,0.303809,-1.974540,-0.606727,0.272077,-2.753862,0.085692,7.317500,0
44.080000,-0.528409,0.299857,-1.952039,-0.606724,0.272079,-2.771855,0.083095,9.883900,0
44.100000,-0.530590,0.299251,-1.938961,-0.606722,0.272080,-2.789847,0.080835,16.256000,0
44.120000,-0.528601,0.300176,-1.919029,-0.606720,0.272080,-2.807840,0.083018,34.741400,0
44.140000,-0.528426,0.303282,-1.908977,-0.606718,0.272081,-2.825832,0.084280,21.375000,0
44.160000,-0.529708,0.298360,-1.888031,-0.606715,0.272081,-2.843823,0.081368,16.320200,0
44.180000,-0.529764,0.300727,-1.867427,-0.606713,0.272081,-2.861813,0.082108,16.817400,0
44.200000,-0.532729,0.294476,-1.835311,-0.606711,0.272082,-2.879803,0.077297,17.359700,0
44.220000,-0.532177,0.303129,-1.827704,-0.606709,0.272082,-2.897791,0.080740,18.448400,0
44.240000,-0.532963,0.302841,-1.806621,-0.606707,0.272082,-2.915780,0.079902,18.426800,0
44.260000,-0.533239,0.307676,-1.797511,-0.606705,0.272082,-2.933767,0.081634,17.155900,0
44.280000,-0.534072,0.306012,-1.787999,-0.606703,0.272082,-2.951753,0.080165,15.130100,0
44.300000,-0.535140,0.302075,-1.761269,-0.606701,0.272082,-2.969740,0.077592,14.803200,0
44.320000,-0.536828,0.295962,-1.741214,-0.607123,0.269775,-2.977185,0.075015,15.384400,0
44.340000,-0.539267,0.286245,-1.731104,-0.607614,0.266811,-2.977182,0.071056,14.815900,0
44.360000,-0.538938,0.292820,-1.745932,-0.608104,0.263848,-2.977170,0.074989,15.192300,0
44.380000,-0.539312,0.284353,-1.733880,-0.608595,0.260885,-2.977162,0.073150,48.362000,0
44.400000,-0.538144,0.289983,-1.748179,-0.609086,0.257923,-2.977155,0.077850,590.117200,0
44.420000,-0.539551,0.287244,-1.754170,-0.609577,0.254962,-2.977151,0.077109,308.172100,0
44.440000,-0.541165,0.276509,-1.734235,-0.610068,0.252001,-2.977148,0.073132,275.532000,0
44.460000,-0.540765,0.271479,-1.738151,-0.610560,0.249040,-2.977146,0.073313,205.106600,0
44.480000,-0.541808,0.276632,-1.754206,-0.611051,0.246079,-2.977145,0.075685,328.412500,0
44.500000,-0.541348,0.271891,-1.732541,-0.611543,0.243119,-2.977144,0.075863,31.855000,0
44.520000,-0.542083,0.264196,-1.740414,-0.612034,0.240159,-2.977143,0.073965,41.709300,0
44.540000,-0.541579,0.265459,-1.762504,-0.612525,0.237199,-2.977143,0.076367,20.159000,0
44.560000,-0.539539,0.278861,-1.761807,-0.613017,0.234239,-2.977142,0.085966,16.856900,0
44.580000,-0.543463,0.261965,-1.747240,-0.613508,0.231279,-2.977141,0.076472,17.630900,0
44.600000,-0.545280,0.251672,-1.746384,-0.613999,0.228320,-2.977140,0.072579,20.896900,0
44.620000,-0.543292,0.261941,-1.764177,-0.614491,0.225360,-2.977140,0.080046,19.598300,0
44.640000,-0.544104,0.265257,-1.749091,-0.614567,0.224668,-2.989778,0.081318,18.802800,0
44.660000,-0.546177,0.255859,-1.717776,-0.614538,0.224496,-3.009778,0.075213,16.752800,0
44.680000,-0.546547,0.255202,-1.705747,-0.614537,0.224498,-3.027780,0.074601,16.354500,0
44.700000,-0.547735,0.251461,-1.667393,-0.614536,0.224501,-3.045769,0.072036,17.478700,0
44.720000,-0.544281,0.260135,-1.672232,-0.614534,0.224504,-3.063758,0.078772,22.667700,0
44.740000,-0.547468,0.250328,-1.641970,-0.614533,0.224505,-3.081748,0.071864,18.059700,0
44.760000,-0.547757,0.248532,-1.634250,-0.614749,0.222308,-3.090756,0.071941,24.481400,0
44.780000,-0.547599,0.245424,-1.635018,-0.614900,0.219309,-3.090754,0.072190,17.648900,0
44.800000,-0.550096,0.242441,-1.621376,-0.615051,0.216310,-3.090750,0.070014,16.929200,0
44.820000,-0.547873,0.241551,-1.638003,-0.615202,0.213312,-3.090747,0.073011,16.311100,0
44.840000,-0.548451,0.248254,-1.653220,-0.615353,0.210314,-3.090744,0.076911,16.319900,0
44.860000,-0.549382,0.236960,-1.629204,-0.615505,0.207316,-3.090741,0.072463,16.352700,0
44.880000,-0.547288,0.243407,-1.655993,-0.615657,0.204319,-3.090739,0.078754,24.662700,0
44.900000,-0.550291,0.236946,-1.639737,-0.615809,0.201322,-3.090738,0.074576,16.450800,0
44.920000,-0.551353,0.229678,-1.632048,-0.615962,0.198325,-3.090736,0.071814,16.927100,0
44.940000,-0.549404,0.222402,-1.624367,-0.616114,0.195328,-3.090735,0.071995,266.688900,0
44.960000,-0.549337,0.227110,-1.629094,-0.616267,0.192332,-3.090735,0.075427,16.880800,0
44.980000,-0.550092,0.227610,-1.646822,-0.616419,0.189335,-3.090734,0.076579,18.960400,0
45.000000,-0.552111,0.220067,-1.636152,-0.616572,0.186339,-3.090734,0.072752,18.883600,0
45.020000,-0.551319,0.222771,-1.648867,-0.616724,0.183343,-3.090733,0.076370,21.084800,0
45.040000,-0.553709,0.198998,-1.624644,-0.616877,0.180346,-3.090733,0.065864,18.611400,0
45.060000,-0.553427,0.195911,-1.617150,-0.617029,0.177350,-3.090733,0.066255,491.833000,0
45.080000,-0.552991,0.204822,-1.635096,-0.617182,0.174354,-3.090733,0.071055,120.749600,0
45.100000,-0.551875,0.201210,-1.639090,-0.617334,0.171358,-3.090733,0.071945,24.641700,0
45.120000,-0.552442,0.203525,-1.637074,-0.617487,0.168361,-3.090733,0.073942,17.257900,0
45.140000,-0.551497,0.197337,-1.623819,-0.617452,0.167496,-3.101051,0.072391,16.183600,0
45.160000,-0.551939,0.199498,-1.607806,-0.617443,0.167323,-3.121049,0.072979,17.436500,0
45.180000,-0.553645,0.208935,-1.591209,-0.617442,0.167321,-3.139098,0.076169,80.288000,0
45.200000,-0.552850,0.202163,-1.572126,-0.617441,0.167324,3.126099,0.073387,47.240100,0
45.220000,-0.555367,0.197539,-1.554846,-0.617440,0.167326,3.108110,0.069035,23.635800,0
45.240000,-0.555489,0.200982,-1.532953,-0.617439,0.167329,3.090121,0.070500,24.952700,0
45.260000,-0.555596,0.189213,-1.504198,-0.617316,0.165156,3.080828,0.066242,22.247400,0
45.280000,-0.554717,0.179037,-1.501666,-0.617131,0.162159,3.080830,0.064655,49.089200,0
45.300000,-0.556107,0.182749,-1.516487,-0.616947,0.159162,3.080836,0.065253,16.463900,0
45.320000,-0.555801,0.198980,-1.542192,-0.616763,0.156165,3.080839,0.074495,16.041200,0
45.340000,-0.555983,0.191851,-1.524596,-0.616580,0.153169,3.080842,0.071890,54.961800,0
45.360000,-0.556181,0.179016,-1.524340,-0.616397,0.150173,3.080844,0.066767,147.171000,0
45.380000,-0.556271,0.176033,-1.504673,-0.616214,0.147178,3.080846,0.066527,413.998300,0
45.400000,-0.553764,0.177322,-1.522360,-0.616032,0.144182,3.080848,0.070538,41.446000,0
45.420000,-0.554477,0.183019,-1.533650,-0.615849,0.141187,3.080849,0.074273,23.300200,0
45.440000,-0.553264,0.159835,-1.514740,-0.615667,0.138192,3.080850,0.066050,29.279000,0
45.460000,-0.554795,0.165135,-1.512473,-0.615485,0.135197,3.080851,0.067672,31.488200,0
45.480000,-0.554808,0.160474,-1.522416,-0.615303,0.132202,3.080851,0.066776,18.132500,0
45.500000,-0.553056,0.162743,-1.514557,-0.615121,0.129208,3.080852,0.070546,21.729400,0
45.520000,-0.553638,0.162987,-1.547102,-0.614938,0.126213,3.080852,0.071484,31.348800,0
45.540000,-0.553443,0.153443,-1.524423,-0.614756,0.123218,3.080852,0.068359,11.241900,0
45.560000,-0.553505,0.154916,-1.534416,-0.614574,0.120224,3.080853,0.070235,17.269100,0
45.580000,-0.552437,0.139924,-1.511732,-0.614392,0.117229,3.080853,0.065981,28.429000,0
45.600000,-0.553947,0.142612,-1.509019,-0.614210,0.114234,3.080853,0.066610,18.664200,0
45.620000,-0.553609,0.133819,-1.502827,-0.614028,0.111240,3.080853,0.064500,20.567500,0
45.640000,-0.551097,0.131868,-1.517589,-0.613846,0.108245,3.080853,0.067049,24.161800,0
45.660000,-0.551529,0.148143,-1.538342,-0.613664,0.105251,3.080853,0.075502,15.655500,0
45.680000,-0.550188,0.128129,-1.514144,-0.613482,0.102256,3.080853,0.068378,19.370500,0
45.700000,-0.550132,0.118298,-1.524911,-0.613522,0.101412,3.091463,0.065600,18.384300,0
45.720000,-0.550455,0.132232,-1.545885,-0.613533,0.101239,3.111461,0.070281,17.888700,0
45.740000,-0.551284,0.135068,-1.572429,-0.613534,0.101240,3.129475,0.070847,17.604500,0
45.760000,-0.551528,0.134137,-1.586821,-0.613535,0.101243,-3.135722,0.070192,16.347600,0
45.780000,-0.551948,0.131313,-1.600655,-0.613536,0.101246,-3.117733,0.068536,13.036200,0
45.800000,-0.551098,0.133655,-1.626270,-0.613537,0.101248,-3.099743,0.070348,7.969600,0
45.820000,-0.550410,0.123551,-1.625918,-0.613637,0.099085,-3.090332,0.067796,12.073200,0
45.840000,-0.550410,0.130019,-1.646960,-0.613793,0.096086,-3.090334,0.071895,13.012300,0
45.860000,-0.550222,0.121485,-1.631543,-0.613949,0.093088,-3.090338,0.069768,11.199700,0
45.880000,-0.551793,0.126743,-1.653451,-0.614105,0.090089,-3.090341,0.072293,8.035600,0
45.900000,-0.551501,0.122591,-1.638978,-0.614259,0.087092,-3.090344,0.072103,9.474600,0
45.920000,-0.551662,0.123760,-1.657222,-0.614414,0.084094,-3.090346,0.074237,16.014500,0
45.940000,-0.552137,0.107598,-1.639723,-0.614568,0.081097,-3.090348,0.067822,18.141200,0
45.960000,-0.553398,0.100972,-1.621599,-0.614722,0.078100,-3.090350,0.065450,8.702800,0
45.980000,-0.553095,0.101918,-1.622011,-0.614876,0.075103,-3.090351,0.067350,13.397800,0
46.000000,-0.553720,0.097240,-1.636413,-0.615030,0.072107,-3.090352,0.066262,14.871800,0
46.020000,-0.553442,0.104358,-1.650828,-0.615184,0.069110,-3.090353,0.071095,14.473900,0
46.040000,-0.554211,0.090708,-1.632486,-0.615337,0.066114,-3.090354,0.065888,14.583900,0
46.060000,-0.551312,0.110630,-1.661071,-0.615491,0.063117,-3.090354,0.079853,14.769700,0
46.080000,-0.552754,0.084364,-1.634077,-0.615645,0.060121,-3.090354,0.067402,14.002000,0
46.100000,-0.552313,0.086871,-1.631221,-0.615798,0.057125,-3.090355,0.070108,10.806400,0
46.120000,-0.553893,0.077786,-1.623258,-0.615952,0.054129,-3.090355,0.066415,15.401400,0
46.140000,-0.553816,0.065967,-1.616030,-0.616106,0.051132,-3.090355,0.064033,17.369300,0
46.160000,-0.553246,0.078898,-1.634266,-0.616259,0.048136,-3.090355,0.070121,15.795000,0
46.180000,-0.553175,0.082306,-1.636586,-0.616413,0.045140,-3.090355,0.073350,14.647000,0
46.200000,-0.552576,0.065943,-1.611415,-0.616566,0.042144,-3.090355,0.068272,14.016700,0
46.220000,-0.553885,0.062232,-1.625161,-0.616720,0.039148,-3.090355,0.066941,13.972500,0
46.240000,-0.553231,0.072783,-1.644409,-0.616874,0.036152,-3.090355,0.073432,13.851300,0
46.260000,-0.555044,0.060591,-1.632523,-0.617027,0.033156,-3.090355,0.067783,13.679700,0
46.280000,-0.555593,0.057354,-1.622450,-0.617181,0.030160,-3.090355,0.067324,14.457800,0
46.300000,-0.554606,0.045806,-1.626058,-0.617335,0.027164,-3.090355,0.065441,15.787100,0
46.320000,-0.553929,0.057249,-1.640857,-0.617488,0.024167,-3.090355,0.071653,12.151600,0
46.340000,-0.556274,0.053493,-1.635469,-0.617642,0.021171,-3.090355,0.069360,15.092700,0
46.360000,-0.556662,0.049702,-1.642432,-0.617795,0.018175,-3.090355,0.068784,13.411300,0
46.380000,-0.556222,0.048691,-1.637529,-0.617949,0.015179,-3.090355,0.070237,7.732200,0
46.400000,-0.554364,0.056620,-1.656894,-0.618103,0.012183,-3.090355,0.077700,9.020500,0
46.420000,-0.556100,0.043869,-1.643282,-0.618256,0.009187,-3.090355,0.071177,12.603200,0
46.440000,-0.557880,0.034472,-1.646107,-0.618410,0.006191,-3.090355,0.066811,13.697400,0
46.460000,-0.558364,0.038855,-1.643465,-0.618564,0.003195,-3.090355,0.069969,12.321500,0
46.480000,-0.557109,0.035740,-1.640709,-0.618717,0.000199,-3.090355,0.071125,15.347900,0
46.500000,-0.557915,0.026264,-1.631974,-0.618871,-0.002797,-3.090355,0.067529,14.737500,0
46.520000,-0.557917,0.027812,-1.635926,-0.619025,-0.005793,-3.090355,0.069739,14.866300,0
46.540000,-0.558664,0.016109,-1.636665,-0.619178,-0.008789,-3.090355,0.065435,13.872000,0
46.560000,-0.558082,0.020994,-1.633046,-0.619332,-0.011785,-3.090355,0.069470,13.379600,0
46.580000,-0.556942,0.028016,-1.643277,-0.619486,-0.014781,-3.090355,0.075785,14.133900,0
46.600000,-0.559658,0.007541,-1.635914,-0.619639,-0.017778,-3.090355,0.065106,14.088300,0
46.620000,-0.560588,0.005166,-1.625588,-0.619793,-0.020774,-3.090355,0.064638,14.204600,0
46.640000,-0.559532,0.010421,-1.637115,-0.619946,-0.023770,-3.090355,0.069418,7.720700,0
46.660000,-0.559558,0.004477,-1.633022,-0.620100,-0.026766,-3.090355,0.068128,7.994800,0
46.680000,-0.558032,-0.004715,-1.636431,-0.620254,-0.029762,-3.090355,0.067074,14.769400,0
46.700000,-0.559004,0.004785,-1.638753,-0.620407,-0.032758,-3.090355,0.071971,14.557500,0
46.720000,-0.560279,-0.006830,-1.637691,-0.620561,-0.035754,-3.090355,0.066862,15.209300,0
46.740000,-0.561044,-0.006704,-1.632011,-0.620715,-0.038750,-3.090355,0.067732,15.940000,0
46.760000,-0.559476,-0.006343,-1.666734,-0.620868,-0.041746,-3.090355,0.070868,15.831300,0
46.780000,-0.559118,-0.018867,-1.633413,-0.621022,-0.044742,-3.090355,0.067095,16.726000,0
46.800000,-0.558391,-0.017622,-1.636300,-0.621176,-0.047738,-3.090355,0.069634,28.281200,0
46.820000,-0.559211,-0.023533,-1.626813,-0.621329,-0.050734,-3.090355,0.067813,16.143500,0
46.840000,-0.559497,-0.024263,-1.632915,-0.621483,-0.053730,-3.090355,0.068634,23.243000,0
46.860000,-0.559251,-0.032441,-1.634595,-0.621637,-0.056726,-3.090355,0.066946,18.145700,0
46.880000,-0.561927,-0.026322,-1.645296,-0.621790,-0.059722,-3.090355,0.068550,18.679500,0
46.900000,-0.561187,-0.025580,-1.643164,-0.621944,-0.062718,-3.090355,0.071209,15.618200,0
46.920000,-0.560831,-0.028923,-1.645734,-0.622098,-0.065715,-3.090355,0.071465,13.583600,0
46.940000,-0.560318,-0.049149,-1.650400,-0.622251,-0.068711,-3.090355,0.064949,15.284200,0
46.960000,-0.561867,-0.034631,-1.644597,-0.622405,-0.071707,-3.090355,0.070989,15.038600,0
46.980000,-0.562940,-0.042464,-1.643800,-0.622558,-0.074703,-3.090355,0.067777,15.453700,0
47.000000,-0.564740,-0.055934,-1.634394,-0.622712,-0.077699,-3.090355,0.061923,15.191300,0
47.020000,-0.563077,-0.056887,-1.631280,-0.622866,-0.080695,-3.090355,0.064355,14.725200,0
47.040000,-0.563269,-0.057576,-1.626382,-0.623019,-0.083691,-3.090355,0.065208,14.532500,0
47.060000,-0.562634,-0.063645,-1.618626,-0.623173,-0.086687,-3.090355,0.064776,15.533500,0
47.080000,-0.562738,-0.063473,-1.627131,-0.623327,-0.089683,-3.090355,0.066015,15.215800,0
47.100000,-0.562410,-0.066758,-1.629593,-0.623480,-0.092679,-3.090355,0.066343,14.476100,0
47.120000,-0.564009,-0.063462,-1.639624,-0.623634,-0.095675,-3.090355,0.067771,11.710800,0
47.140000,-0.564692,-0.066304,-1.644064,-0.623788,-0.098671,-3.090355,0.067380,14.074600,0
47.160000,-0.563037,-0.066484,-1.645500,-0.623941,-0.101667,-3.090355,0.070336,15.536200,0
47.180000,-0.564355,-0.073987,-1.633324,-0.624095,-0.104663,-3.090355,0.067156,9.944000,0
47.200000,-0.564310,-0.080271,-1.624176,-0.624249,-0.107659,-3.090355,0.065900,7.432500,0
47.220000,-0.564780,-0.085353,-1.625330,-0.624402,-0.110655,-3.090355,0.064768,13.203800,0
47.240000,-0.565111,-0.095187,-1.623672,-0.624556,-0.113652,-3.090355,0.062247,13.047300,0
47.260000,-0.565315,-0.086625,-1.634429,-0.624709,-0.116648,-3.090355,0.066551,11.875600,0
47.280000,-0.566320,-0.093889,-1.631460,-0.624863,-0.119644,-3.090355,0.063958,7.550000,0
47.300000,-0.565601,-0.087007,-1.629917,-0.625017,-0.122640,-3.090355,0.069282,7.882400,0
47.320000,-0.565608,-0.091938,-1.637052,-0.625170,-0.125636,-3.090355,0.068434,7.929300,0
47.340000,-0.564955,-0.103166,-1.639943,-0.625324,-0.128632,-3.090355,0.065520,8.140400,0
47.360000,-0.567291,-0.104522,-1.629073,-0.625478,-0.131628,-3.090355,0.064191,7.715800,0
47.380000,-0.567524,-0.118214,-1.617996,-0.625631,-0.134624,-3.090355,0.060380,12.507300,0
47.400000,-0.567120,-0.113815,-1.632162,-0.625785,-0.137620,-3.090355,0.063311,15.634200,0
47.420000,-0.566902,-0.114523,-1.629318,-0.625939,-0.140616,-3.090355,0.064546,11.199800,0
47.440000,-0.567202,-0.118249,-1.619018,-0.626092,-0.143612,-3.090355,0.064120,7.486200,0
47.460000,-0.567855,-0.114072,-1.640099,-0.626246,-0.146608,-3.090355,0.066844,7.282400,0
47.480000,-0.568787,-0.127216,-1.620903,-0.626400,-0.149604,-3.090355,0.061810,6.199900,0
47.500000,-0.569519,-0.114551,-1.636125,-0.626553,-0.152600,-3.090355,0.068561,6.391500,0
47.520000,-0.568565,-0.126879,-1.642916,-0.626707,-0.155596,-3.090355,0.064847,6.429900,0
47.540000,-0.568742,-0.127631,-1.637366,-0.626861,-0.158592,-3.090355,0.065851,6.099000,0
47.560000,-0.570018,-0.132953,-1.635381,-0.627014,-0.161589,-3.090355,0.063786,6.403600,0
47.580000,-0.568060,-0.123434,-1.643459,-0.627168,-0.164585,-3.090355,0.072022,6.607100,0
47.600000,-0.569060,-0.135106,-1.638088,-0.627321,-0.167581,-3.090355,0.066700,6.663300,0
47.620000,-0.569538,-0.135071,-1.651734,-0.627475,-0.170577,-3.090355,0.067951,6.853400,0
47.640000,-0.570078,-0.143036,-1.649701,-0.627629,-0.173573,-3.090355,0.065150,6.811500,0
47.660000,-0.571196,-0.149733,-1.625599,-0.627782,-0.176569,-3.090355,0.062627,7.242400,0
47.680000,-0.570920,-0.154629,-1.634989,-0.627936,-0.179565,-3.090355,0.062230,6.837000,0
47.700000,-0.569966,-0.162331,-1.621059,-0.628090,-0.182561,-3.090355,0.061544,10.723300,0
47.720000,-0.570360,-0.159614,-1.638185,-0.628243,-0.185557,-3.090355,0.063431,11.261300,0
47.740000,-0.570544,-0.159697,-1.631693,-0.628397,-0.188553,-3.090355,0.064650,6.600200,0
47.760000,-0.570729,-0.169310,-1.633751,-0.628551,-0.191549,-3.090355,0.061951,6.652300,0
47.780000,-0.569177,-0.161469,-1.643628,-0.628704,-0.194545,-3.090355,0.068099,6.714700,0
47.800000,-0.568826,-0.156432,-1.650442,-0.628858,-0.197541,-3.090355,0.072759,6.419800,0
47.820000,-0.570570,-0.162769,-1.647205,-0.629012,-0.200537,-3.090355,0.069583,8.045000,0
47.840000,-0.571514,-0.156849,-1.653681,-0.629165,-0.203533,-3.090355,0.074182,6.834600,0
47.860000,-0.573237,-0.169163,-1.649094,-0.629319,-0.206529,-3.090355,0.067390,8.698000,0
47.880000,-0.571983,-0.189821,-1.618452,-0.629472,-0.209526,-3.090355,0.060773,12.194100,0
47.900000,-0.571711,-0.185405,-1.642534,-0.629626,-0.212522,-3.090355,0.063950,6.642900,0
47.920000,-0.572359,-0.184097,-1.628718,-0.629591,-0.213386,-3.100681,0.064291,6.634100,0
47.940000,-0.572462,-0.187189,-1.606780,-0.629583,-0.213560,-3.120678,0.062915,6.564000,0
47.960000,-0.572985,-0.180615,-1.589403,-0.629582,-0.213559,-3.138698,0.065487,7.508600,0
47.980000,-0.574015,-0.187361,-1.564222,-0.629581,-0.213556,3.126499,0.061431,6.589800,0
48.000000,-0.576012,-0.178032,-1.565743,-0.629580,-0.213553,3.108509,0.064275,6.209900,0
48.020000,-0.573928,-0.176430,-1.550729,-0.629501,-0.215700,3.098912,0.068048,6.257300,0
48.040000,-0.574565,-0.180415,-1.542782,-0.629498,-0.215712,3.098826,0.065295,6.197300,0
48.060000,-0.575686,-0.181919,-1.541504,-0.629368,-0.218245,3.098808,0.064817,6.157300,0
48.080000,-0.573604,-0.195222,-1.532912,-0.629238,-0.221244,3.098810,0.061419,10.993400,0
48.100000,-0.575066,-0.179139,-1.561049,-0.629108,-0.224243,3.098812,0.070391,12.926700,0
48.120000,-0.575978,-0.190277,-1.553030,-0.628979,-0.227241,3.098814,0.064618,11.919200,0
48.140000,-0.576317,-0.206195,-1.532098,-0.628850,-0.230240,3.098815,0.057774,6.381100,0
48.160000,-0.575730,-0.205618,-1.539030,-0.628721,-0.233238,3.098817,0.059757,6.175100,0
48.180000,-0.575224,-0.207237,-1.539147,-0.628592,-0.236236,3.098818,0.060738,10.580700,0
48.200000,-0.575523,-0.212054,-1.535451,-0.628464,-0.239233,3.098818,0.059510,12.641000,0
48.220000,-0.574787,-0.225239,-1.511103,-0.628335,-0.242231,3.098819,0.056179,11.153200,0
48.240000,-0.575627,-0.213330,-1.541752,-0.628207,-0.245229,3.098820,0.061499,11.604400,0
48.260000,-0.574776,-0.222987,-1.541595,-0.628079,-0.248226,3.098820,0.058976,8.516000,0
48.280000,-0.574414,-0.220130,-1.541539,-0.627950,-0.251224,3.098820,0.061911,6.423100,0
48.300000,-0.573237,-0.224638,-1.534553,-0.627822,-0.254221,3.098820,0.062086,6.529800,0
48.320000,-0.572212,-0.235392,-1.538872,-0.627694,-0.257219,3.098821,0.059621,6.459200,0
48.340000,-0.572767,-0.240825,-1.527495,-0.627565,-0.260216,3.098821,0.058128,6.593100,0
48.360000,-0.573302,-0.238247,-1.530621,-0.627437,-0.263213,3.098821,0.059614,6.221400,0
48.380000,-0.574539,-0.236943,-1.542033,-0.627309,-0.266211,3.098821,0.060343,6.334500,0
48.400000,-0.573165,-0.227885,-1.553016,-0.627181,-0.269208,3.098821,0.068010,9.107100,0
48.420000,-0.574221,-0.240036,-1.551618,-0.627052,-0.272205,3.098821,0.061855,8.889900,0
48.440000,-0.573973,-0.243997,-1.540151,-0.626924,-0.275203,3.098821,0.061462,13.727800,0
48.460000,-0.572681,-0.255448,-1.536552,-0.626796,-0.278200,3.098821,0.058703,10.946100,0
48.480000,-0.573636,-0.254470,-1.541036,-0.626668,-0.281197,3.098821,0.059386,12.540700,0
48.500000,-0.574083,-0.245307,-1.556237,-0.626539,-0.284194,3.098821,0.065298,14.599300,0
48.520000,-0.575472,-0.256081,-1.538436,-0.626411,-0.287192,3.098821,0.059688,15.009400,0
48.540000,-0.574748,-0.264302,-1.535605,-0.626283,-0.290189,3.098821,0.057671,13.507500,0
48.560000,-0.574021,-0.275795,-1.518460,-0.626155,-0.293186,3.098821,0.054958,12.577400,0
48.580000,-0.574997,-0.270888,-1.534319,-0.626026,-0.296183,3.098821,0.056954,13.482800,0
48.600000,-0.574478,-0.268167,-1.539498,-0.625898,-0.299181,3.098821,0.060049,13.890000,0
48.620000,-0.575187,-0.266390,-1.542949,-0.625770,-0.302178,3.098821,0.061963,13.717600,0
48.640000,-0.575349,-0.256563,-1.562512,-0.625642,-0.305175,3.098821,0.069947,14.161300,0
48.660000,-0.575450,-0.279186,-1.544112,-0.625513,-0.308173,3.098821,0.057849,14.386500,0
48.680000,-0.574960,-0.282105,-1.538175,-0.625385,-0.311170,3.098821,0.058202,13.106800,0
48.700000,-0.574095,-0.285884,-1.534088,-0.625257,-0.314167,3.098821,0.058460,9.886300,0
48.720000,-0.573054,-0.292204,-1.545373,-0.625128,-0.317164,3.098821,0.057747,9.075400,0
48.740000,-0.574626,-0.288895,-1.544149,-0.625000,-0.320162,3.098821,0.059288,5.919300,0
48.760000,-0.574164,-0.288630,-1.538912,-0.624872,-0.323159,3.098821,0.061348,6.603300,0
48.780000,-0.574084,-0.292783,-1.542751,-0.624744,-0.326156,3.098821,0.060665,6.103700,0
48.800000,-0.573860,-0.303045,-1.532610,-0.624615,-0.329153,3.098821,0.057076,6.124900,0
48.820000,-0.572161,-0.306395,-1.535853,-0.624487,-0.332151,3.098821,0.058321,6.378000,0
48.840000,-0.572861,-0.303505,-1.532929,-0.624359,-0.335148,3.098821,0.060443,5.815200,0
48.860000,-0.571742,-0.314952,-1.526764,-0.624231,-0.338145,3.098821,0.057385,6.299400,0
48.880000,-0.571200,-0.298534,-1.549662,-0.624102,-0.341142,3.098821,0.067927,6.139700,0
48.900000,-0.572044,-0.310721,-1.555216,-0.623974,-0.344140,3.098821,0.061754,6.245600,0
48.920000,-0.573326,-0.310873,-1.553198,-0.623846,-0.347137,3.098821,0.062189,6.719700,0
48.940000,-0.573487,-0.317787,-1.541090,-0.623717,-0.350134,3.098821,0.059744,6.407900,0
48.960000,-0.573211,-0.321356,-1.553507,-0.623589,-0.353131,3.098821,0.059561,7.131100,0
48.980000,-0.571659,-0.321004,-1.551890,-0.623461,-0.356129,3.098821,0.062588,7.023000,0
49.000000,-0.570335,-0.318477,-1.553129,-0.623333,-0.359126,3.098821,0.066792,6.027000,0
49.020000,-0.571397,-0.325586,-1.535901,-0.623302,-0.360019,3.088889,0.062288,6.000700,0
49.040000,-0.571577,-0.331498,-1.508458,-0.623293,-0.360192,3.068892,0.059143,6.051200,0
49.060000,-0.573175,-0.323853,-1.489486,-0.623292,-0.360200,3.050769,0.061910,6.244700,0
49.080000,-0.574692,-0.329403,-1.472653,-0.623291,-0.360197,3.032781,0.057533,6.284500,0
49.100000,-0.574136,-0.326405,-1.460893,-0.623290,-0.360193,3.014777,0.059647,6.190500,0
49.120000,-0.574843,-0.320531,-1.451196,-0.623289,-0.360187,2.996747,0.062607,10.186600,0
49.140000,-0.573080,-0.332390,-1.416309,-0.623288,-0.360181,2.978704,0.057386,5.829800,0
49.160000,-0.572883,-0.338116,-1.397447,-0.622887,-0.362477,2.971108,0.055622,6.375000,0
49.180000,-0.576857,-0.327296,-1.413495,-0.622375,-0.365436,2.971109,0.059385,5.617400,0
49.200000,-0.574990,-0.333485,-1.416542,-0.621864,-0.368395,2.971111,0.058445,6.068700,0
49.220000,-0.574568,-0.339316,-1.416478,-0.621354,-0.371353,2.971114,0.056704,6.435100,0
49.240000,-0.573368,-0.347082,-1.413128,-0.620844,-0.374311,2.971118,0.054730,6.166000,0
49.260000,-0.573013,-0.355164,-1.403082,-0.620334,-0.377269,2.971120,0.052229,6.439500,0
49.280000,-0.573058,-0.349986,-1.396081,-0.619825,-0.380227,2.971122,0.055693,6.370400,0
49.300000,-0.573910,-0.345942,-1.422661,-0.619315,-0.383184,2.971124,0.058725,6.573000,0
49.320000,-0.571484,-0.366155,-1.396562,-0.618806,-0.386142,2.971125,0.051370,6.543400,0
49.340000,-0.571391,-0.360797,-1.401220,-0.618297,-0.389099,2.971126,0.054783,6.583600,0
49.360000,-0.572507,-0.361133,-1.416870,-0.617788,-0.392056,2.971127,0.054832,6.642500,0
49.380000,-0.570911,-0.367654,-1.409515,-0.617279,-0.395013,2.971128,0.053837,6.409600,0
49.400000,-0.569101,-0.376687,-1.406672,-0.616770,-0.397969,2.971128,0.052204,6.406900,0
49.420000,-0.570153,-0.372007,-1.403360,-0.616261,-0.400926,2.971129,0.054426,6.444200,0
49.440000,-0.571151,-0.367245,-1.417822,-0.615752,-0.403883,2.971129,0.057721,6.485900,0
49.460000,-0.570968,-0.365688,-1.443607,-0.615243,-0.406840,2.971129,0.060446,6.457700,0
49.480000,-0.567533,-0.384342,-1.406356,-0.614734,-0.409796,2.971129,0.053627,6.408500,0
49.500000,-0.567592,-0.379194,-1.408212,-0.614226,-0.412753,2.971129,0.057454,6.461300,0
49.520000,-0.568640,-0.389671,-1.408040,-0.613717,-0.415710,2.971129,0.052057,6.345200,0
49.540000,-0.566685,-0.387056,-1.412140,-0.613208,-0.418666,2.971129,0.056246,6.734100,0
49.560000,-0.566365,-0.398282,-1.407928,-0.612699,-0.421623,2.971129,0.051881,6.499000,0
49.580000,-0.565297,-0.406409,-1.395205,-0.612190,-0.424579,2.971129,0.050291,6.475700,0
49.600000,-0.568545,-0.393272,-1.427512,-0.611681,-0.427536,2.971129,0.055089,6.431100,0
49.620000,-0.564444,-0.403660,-1.415036,-0.611172,-0.430492,2.971129,0.053884,6.438300,0
49.640000,-0.566942,-0.391520,-1.421562,-0.610663,-0.433449,2.971129,0.060577,6.674000,0
49.660000,-0.567118,-0.400438,-1.409983,-0.610576,-0.434171,2.958936,0.055014,6.396400,0
49.680000,-0.566998,-0.403288,-1.382370,-0.610544,-0.434341,2.938938,0.053485,6.467100,0
49.700000,-0.566554,-0.409739,-1.360536,-0.610544,-0.434340,2.920919,0.050402,6.374300,0
49.720000,-0.568447,-0.403434,-1.340758,-0.610544,-0.434336,2.902921,0.052221,6.321100,0
49.740000,-0.568712,-0.396981,-1.333530,-0.610543,-0.434331,2.884910,0.056079,6.292200,0
49.760000,-0.566991,-0.402617,-1.312137,-0.610542,-0.434327,2.866892,0.053872,6.199900,0
49.780000,-0.567524,-0.406719,-1.308028,-0.609841,-0.436706,2.860932,0.051864,6.368100,0
49.800000,-0.569995,-0.400849,-1.318903,-0.609008,-0.439591,2.860930,0.054981,6.296100,0
49.820000,-0.567695,-0.407136,-1.311358,-0.608175,-0.442476,2.860931,0.053736,7.062300,0
49.840000,-0.565773,-0.415816,-1.296248,-0.607343,-0.445361,2.860935,0.051000,9.087700,0
49.860000,-0.563811,-0.422390,-1.293436,-0.606511,-0.448245,2.860937,0.049918,6.176500,0
49.880000,-0.565134,-0.417844,-1.310477,-0.605679,-0.451129,2.860939,0.052458,10.100500,0
49.900000,-0.563325,-0.426524,-1.292815,-0.604848,-0.454012,2.860941,0.049797,12.390400,0
49.920000,-0.560432,-0.436512,-1.282258,-0.604016,-0.456896,2.860942,0.048115,13.078300,0
49.940000,-0.564222,-0.427519,-1.310523,-0.603185,-0.459779,2.860943,0.050585,13.385700,0
49.960000,-0.560096,-0.438480,-1.288780,-0.602354,-0.462662,2.860944,0.048688,13.470000,0
49.980000,-0.560432,-0.444430,-1.300468,-0.601523,-0.465545,2.860945,0.046198,13.468400,0
50.000000,-0.558961,-0.448664,-1.286271,-0.600692,-0.468428,2.860945,0.046175,13.421200,0
50.020000,-0.558579,-0.446349,-1.300833,-0.599861,-0.471311,2.860946,0.048242,13.566000,0
50.040000,-0.562179,-0.431948,-1.309895,-0.599030,-0.474194,2.860946,0.056060,13.310700,0
50.060000,-0.559559,-0.437819,-1.316902,-0.598199,-0.477077,2.860946,0.055084,12.622700,0
50.080000,-0.554193,-0.447251,-1.311568,-0.597368,-0.479959,2.860946,0.054165,6.175600,0
50.100000,-0.552858,-0.456017,-1.309706,-0.596537,-0.482842,2.860946,0.051258,5.870100,0
50.120000,-0.558120,-0.441189,-1.327206,-0.595706,-0.485725,2.860947,0.058277,9.386800,0
50.140000,-0.554235,-0.460310,-1.303172,-0.594875,-0.488608,2.860947,0.049522,13.296400,0
50.160000,-0.554140,-0.462585,-1.312412,-0.594044,-0.491490,2.860947,0.049273,13.471300,0
50.180000,-0.552497,-0.465321,-1.305751,-0.593214,-0.494373,2.860947,0.050019,13.436800,0
50.200000,-0.551868,-0.464850,-1.308393,-0.592383,-0.497256,2.860947,0.051881,13.626500,0
50.220000,-0.550511,-0.469845,-1.302849,-0.591552,-0.500138,2.860947,0.051010,8.577100,0
50.240000,-0.549721,-0.472750,-1.310201,-0.590721,-0.503021,2.860947,0.050964,6.486000,0
50.260000,-0.549988,-0.474722,-1.299303,-0.589890,-0.505904,2.860947,0.050641,6.575600,0
50.280000,-0.547504,-0.484271,-1.304603,-0.589059,-0.508786,2.860947,0.048247,6.479600,0
50.300000,-0.551637,-0.468741,-1.338304,-0.588228,-0.511669,2.860947,0.056406,6.241600,0
50.320000,-0.545099,-0.487354,-1.303501,-0.587397,-0.514552,2.860947,0.050288,6.455100,0
50.340000,-0.547851,-0.483073,-1.301476,-0.587289,-0.515159,2.847351,0.050842,6.165600,0
50.360000,-0.549919,-0.482588,-1.279010,-0.587250,-0.515288,2.827789,0.049628,6.331000,0
50.380000,-0.548367,-0.487043,-1.249085,-0.587250,-0.515286,2.809784,0.048058,6.251800,0
50.400000,-0.551557,-0.482256,-1.244224,-0.587250,-0.515281,2.791782,0.048628,6.379300,0
50.420000,-0.553062,-0.481761,-1.233615,-0.587249,-0.515277,2.773773,0.047876,12.447400,0
50.440000,-0.552174,-0.483782,-1.206625,-0.587249,-0.515272,2.755761,0.047137,13.272200,0
50.460000,-0.550455,-0.482831,-1.187057,-0.587248,-0.515268,2.737746,0.049050,12.982000,0
50.480000,-0.550394,-0.485066,-1.170478,-0.587248,-0.515264,2.719732,0.047646,13.171500,0
50.500000,-0.554237,-0.478384,-1.165799,-0.587247,-0.515260,2.701718,0.049493,13.201500,0
50.520000,-0.550108,-0.487557,-1.122922,-0.587246,-0.515257,2.683705,0.046331,13.013400,0
50.540000,-0.554606,-0.480465,-1.113952,-0.587245,-0.515253,2.665694,0.047702,13.419700,0
50.560000,-0.552917,-0.488784,-1.090086,-0.587244,-0.515250,2.647684,0.043345,13.115100,0
50.580000,-0.555215,-0.484967,-1.088784,-0.587244,-0.515247,2.629676,0.044076,13.169100,0
50.600000,-0.557272,-0.483047,-1.052169,-0.587243,-0.515244,2.611669,0.043988,12.862200,0
50.620000,-0.553041,-0.488587,-1.038971,-0.587242,-0.515241,2.593664,0.043361,13.176700,0
50.640000,-0.553603,-0.486414,-1.016254,-0.587241,-0.515238,2.575661,0.044298,12.870700,0
50.660000,-0.552488,-0.495345,-0.989262,-0.587240,-0.515236,2.557659,0.040042,7.262400,0
50.680000,-0.552388,-0.493090,-0.975993,-0.587239,-0.515233,2.539658,0.041291,6.600600,0
50.700000,-0.555220,-0.490886,-0.962875,-0.587238,-0.515231,2.521659,0.040222,10.120600,0
50.720000,-0.552979,-0.492557,-0.939968,-0.587237,-0.515228,2.503660,0.041080,6.672200,0
50.740000,-0.559581,-0.484137,-0.937548,-0.587236,-0.515226,2.485663,0.041609,6.872100,0
50.760000,-0.560408,-0.484563,-0.921826,-0.587235,-0.515224,2.467666,0.040740,5.835500,0
50.780000,-0.560061,-0.484479,-0.901194,-0.587234,-0.515222,2.449671,0.041031,6.847600,0
50.800000,-0.552364,-0.499359,-0.857132,-0.587233,-0.515219,2.431676,0.038306,7.719500,0
50.820000,-0.559428,-0.490908,-0.867049,-0.587232,-0.515217,2.413682,0.036932,9.640600,0
50.840000,-0.562047,-0.486945,-0.848341,-0.587231,-0.515215,2.395688,0.037861,7.914700,0
50.860000,-0.562280,-0.488101,-0.824977,-0.587230,-0.515213,2.377695,0.036846,9.641200,0
50.880000,-0.555715,-0.495457,-0.796121,-0.587230,-0.515211,2.359702,0.037194,6.286400,0
50.900000,-0.565901,-0.485215,-0.800339,-0.587229,-0.515209,2.341710,0.036804,5.995700,0
50.920000,-0.559545,-0.490030,-0.771383,-0.587228,-0.515207,2.323719,0.037419,6.408000,0
50.940000,-0.556505,-0.494233,-0.751072,-0.587227,-0.515205,2.305727,0.037198,6.493300,0
50.960000,-0.562496,-0.493140,-0.737914,-0.587226,-0.515203,2.287737,0.033141,11.000500,0
50.980000,-0.563195,-0.491563,-0.718687,-0.587225,-0.515201,2.269746,0.033708,12.839200,0
51.000000,-0.565364,-0.488460,-0.706199,-0.587225,-0.515199,2.251756,0.034538,12.546500,0
51.020000,-0.561589,-0.494249,-0.684933,-0.587224,-0.515197,2.233766,0.033105,6.502800,0
51.040000,-0.559065,-0.498920,-0.660472,-0.587223,-0.515195,2.215777,0.032523,10.841200,0
51.060000,-0.564639,-0.494956,-0.649335,-0.587223,-0.515193,2.197788,0.030324,13.004100,0
51.080000,-0.564538,-0.497151,-0.624664,-0.587222,-0.515192,2.179799,0.028984,13.286100,0
51.100000,-0.568168,-0.494688,-0.618256,-0.587221,-0.515190,2.161811,0.027989,7.109500,0
51.120000,-0.569231,-0.496379,-0.600040,-0.587221,-0.515188,2.143822,0.026027,5.905500,0
51.140000,-0.571034,-0.494413,-0.567978,-0.587220,-0.515186,2.125834,0.026335,5.905400,0
51.160000,-0.563109,-0.499576,-0.549814,-0.587219,-0.515184,2.107847,0.028721,5.803700,0
51.180000,-0.560309,-0.500191,-0.528399,-0.587219,-0.515182,2.089859,0.030803,5.696200,0
51.200000,-0.567909,-0.501266,-0.524916,-0.587218,-0.515180,2.071872,0.023800,5.680300,0
51.220000,-0.562836,-0.503516,-0.493225,-0.587218,-0.515178,2.053885,0.027028,5.749200,0
51.240000,-0.571268,-0.498623,-0.476820,-0.587217,-0.515176,2.035898,0.022987,5.862100,0
51.260000,-0.569947,-0.498365,-0.458576,-0.587216,-0.515175,2.017912,0.024100,5.931300,0
51.280000,-0.563441,-0.504547,-0.425392,-0.587216,-0.515173,1.999925,0.026042,5.640100,0
51.300000,-0.569687,-0.502862,-0.430414,-0.587216,-0.515171,1.981939,0.021419,7.781200,0
51.320000,-0.570919,-0.502798,-0.411199,-0.587215,-0.515169,1.963953,0.020459,12.877900,0
51.340000,-0.568977,-0.503188,-0.391894,-0.587215,-0.515167,1.945967,0.021820,13.042500,0
51.360000,-0.565599,-0.506077,-0.362132,-0.587214,-0.515165,1.927982,0.023448,6.704900,0
51.380000,-0.563181,-0.510822,-0.345792,-0.587214,-0.515163,1.909997,0.024422,5.835300,0
51.400000,-0.574833,-0.502401,-0.365863,-0.584968,-0.516128,1.908522,0.017063,5.755700,0
51.420000,-0.564488,-0.506633,-0.355726,-0.582134,-0.517123,1.908524,0.020529,5.768800,0
51.440000,-0.560011,-0.506892,-0.357485,-0.579300,-0.518119,1.908537,0.022319,5.784200,0
51.460000,-0.552198,-0.509279,-0.350500,-0.576467,-0.519114,1.908546,0.026186,6.118600,0
51.480000,-0.546262,-0.512989,-0.318284,-0.573635,-0.520110,1.908553,0.028284,5.912900,0
51.500000,-0.550166,-0.513261,-0.347661,-0.570802,-0.521105,1.908558,0.022076,5.988300,0
51.520000,-0.550140,-0.511804,-0.348105,-0.567971,-0.522100,1.908561,0.020590,6.299500,0
51.540000,-0.550712,-0.511107,-0.376632,-0.565139,-0.523095,1.908563,0.018758,5.985400,0
51.560000,-0.547694,-0.512408,-0.353136,-0.562308,-0.524090,1.908564,0.018709,6.658900,0
51.580000,-0.540172,-0.516312,-0.355971,-0.559477,-0.525084,1.908565,0.021204,5.982300,0
51.600000,-0.539918,-0.517278,-0.358553,-0.556646,-0.526079,1.908566,0.018902,6.007300,0
51.620000,-0.535878,-0.519892,-0.355044,-0.553815,-0.527073,1.908567,0.019321,6.129900,0
51.640000,-0.536473,-0.517316,-0.366449,-0.550984,-0.528068,1.908567,0.018060,6.052500,0
51.660000,-0.526715,-0.519283,-0.356254,-0.548153,-0.529062,1.908568,0.023563,6.198900,0
51.680000,-0.516470,-0.524163,-0.336256,-0.545323,-0.530057,1.908569,0.029449,6.158100,0
51.700000,-0.521895,-0.519941,-0.356035,-0.542492,-0.531051,1.908569,0.023402,6.051300,0
51.720000,-0.522602,-0.520014,-0.353667,-0.539662,-0.532045,1.908569,0.020876,9.688700,0
51.740000,-0.523969,-0.521343,-0.365094,-0.536831,-0.533040,1.908569,0.017385,13.009500,0
51.760000,-0.517127,-0.523517,-0.356343,-0.534000,-0.534034,1.908570,0.019883,12.909900,0
51.780000,-0.510542,-0.528656,-0.343296,-0.531170,-0.535028,1.908570,0.021590,13.188400,0
51.800000,-0.508342,-0.529855,-0.363712,-0.528339,-0.536022,1.908570,0.020926,6.634400,0
51.820000,-0.509277,-0.529691,-0.355497,-0.525509,-0.537017,1.908570,0.017809,5.974900,0
51.840000,-0.501108,-0.531697,-0.354703,-0.522678,-0.538011,1.908570,0.022475,6.111600,0
51.860000,-0.500320,-0.533569,-0.351548,-0.519848,-0.539005,1.908570,0.020270,5.733100,0
51.880000,-0.498406,-0.534545,-0.337155,-0.517017,-0.539999,1.908570,0.019393,5.756700,0
51.900000,-0.484069,-0.539792,-0.325893,-0.514187,-0.540993,1.908570,0.030142,6.268400,0
51.920000,-0.503243,-0.531543,-0.346028,-0.513685,-0.541055,1.892752,0.014125,5.795500,0
51.940000,-0.492126,-0.535457,-0.311554,-0.513597,-0.541031,1.873670,0.022183,6.238600,0
51.960000,-0.498768,-0.531866,-0.306065,-0.513600,-0.541029,1.855682,0.017434,5.816400,0
51.980000,-0.498395,-0.532789,-0.284530,-0.513603,-0.541027,1.837693,0.017296,5.861600,0
52.000000,-0.498679,-0.532878,-0.276637,-0.513605,-0.541025,1.819702,0.017004,9.814500,0
52.020000,-0.497162,-0.533355,-0.254135,-0.513606,-0.541023,1.801710,0.018143,13.802700,0
52.040000,-0.494346,-0.535154,-0.227449,-0.513607,-0.541021,1.783719,0.020135,14.432800,0
52.060000,-0.486962,-0.541822,-0.194306,-0.513608,-0.541018,1.765728,0.026658,14.691900,0
52.080000,-0.488501,-0.541084,-0.193172,-0.511284,-0.541501,1.758592,0.022787,11.643900,0
52.100000,-0.484445,-0.540888,-0.193024,-0.508334,-0.542060,1.758595,0.023918,11.567700,0
52.120000,-0.485812,-0.539430,-0.195033,-0.505383,-0.542620,1.758602,0.019829,8.489300,0
52.140000,-0.477092,-0.540058,-0.186114,-0.502433,-0.543179,1.758607,0.025532,5.897300,0
52.160000,-0.483037,-0.539076,-0.208622,-0.499484,-0.543739,1.758611,0.017095,5.606200,0
52.180000,-0.483918,-0.539487,-0.208478,-0.496535,-0.544299,1.758614,0.013504,5.622400,0
52.200000,-0.487730,-0.539896,-0.226086,-0.493587,-0.544859,1.758616,0.007677,5.540100,0
52.220000,-0.471227,-0.544505,-0.203283,-0.490638,-0.545420,1.758618,0.019433,5.691400,0
52.240000,-0.472406,-0.543023,-0.210020,-0.487690,-0.545980,1.758619,0.015568,5.866000,0
52.260000,-0.465998,-0.547495,-0.195369,-0.484742,-0.546540,1.758620,0.018768,5.896900,0
52.280000,-0.463235,-0.547292,-0.204351,-0.481795,-0.547100,1.758620,0.018561,6.078300,0
52.300000,-0.463193,-0.547956,-0.210229,-0.478847,-0.547661,1.758621,0.015657,5.993300,0
52.320000,-0.465241,-0.545739,-0.187478,-0.478188,-0.547741,1.745548,0.013101,6.077800,0
52.340000,-0.456109,-0.548224,-0.157826,-0.478017,-0.547708,1.725547,0.021914,6.118400,0
52.360000,-0.462078,-0.548427,-0.155345,-0.478019,-0.547706,1.707550,0.015957,6.027200,0
52.380000,-0.456317,-0.549173,-0.129619,-0.478022,-0.547705,1.689562,0.021755,6.058100,0
52.400000,-0.454866,-0.551325,-0.099345,-0.478024,-0.547703,1.671573,0.023439,6.253400,0
52.420000,-0.465983,-0.549671,-0.103968,-0.478026,-0.547702,1.653583,0.012203,6.135100,0
52.440000,-0.465019,-0.548507,-0.086587,-0.478028,-0.547700,1.635593,0.013034,6.292500,0
52.460000,-0.466692,-0.549203,-0.075560,-0.478029,-0.547698,1.617604,0.011437,6.082300,0
52.480000,-0.466070,-0.549269,-0.051974,-0.478030,-0.547696,1.599616,0.012063,6.186700,0
52.500000,-0.462939,-0.551631,-0.033814,-0.475881,-0.547802,1.590020,0.013497,6.187600,0
52.520000,-0.456866,-0.553077,-0.040546,-0.472879,-0.547857,1.590022,0.016843,6.126400,0
52.540000,-0.449782,-0.552153,-0.024462,-0.469876,-0.547913,1.590026,0.020537,6.178800,0
52.560000,-0.448623,-0.549931,-0.038321,-0.466874,-0.547969,1.590032,0.018356,6.121300,0
52.580000,-0.455494,-0.548265,-0.046947,-0.463872,-0.548026,1.590036,0.008382,6.150000,0
52.600000,-0.446314,-0.549512,-0.038582,-0.460871,-0.548083,1.590040,0.014627,6.291600,0
52.620000,-0.444160,-0.550155,-0.031029,-0.457870,-0.548141,1.590043,0.013857,6.085200,0
52.640000,-0.437298,-0.550509,-0.035126,-0.454870,-0.548198,1.590046,0.017724,6.420900,0
52.660000,-0.427588,-0.551500,-0.018015,-0.451869,-0.548256,1.590048,0.024496,6.104600,0
52.680000,-0.428802,-0.550942,-0.024719,-0.448869,-0.548314,1.590050,0.020238,6.183200,0
52.700000,-0.431747,-0.551117,-0.053000,-0.445869,-0.548372,1.590051,0.014386,6.869100,0
52.720000,-0.435202,-0.549015,-0.042699,-0.442869,-0.548429,1.590052,0.007689,6.211900,0
52.740000,-0.426072,-0.549970,-0.045640,-0.439870,-0.548487,1.590052,0.013877,6.541000,0
52.760000,-0.421192,-0.549249,-0.039073,-0.436870,-0.548545,1.590053,0.015694,6.271000,0
52.780000,-0.423471,-0.547565,-0.052364,-0.433870,-0.548603,1.590053,0.010450,6.727800,0
52.800000,-0.424962,-0.548128,-0.047123,-0.430871,-0.548661,1.590054,0.005933,11.774800,0
52.820000,-0.415538,-0.550168,-0.037320,-0.427871,-0.548719,1.590054,0.012418,12.822400,0
52.840000,-0.407048,-0.548778,-0.033924,-0.424872,-0.548777,1.590054,0.017824,13.479400,0
52.860000,-0.418104,-0.550220,-0.058689,-0.421872,-0.548835,1.590054,0.004014,13.489300,0
52.880000,-0.409177,-0.552640,-0.032333,-0.418872,-0.548892,1.590054,0.010395,13.357600,0
52.900000,-0.398845,-0.555149,-0.037154,-0.415873,-0.548950,1.590054,0.018121,13.171900,0
52.920000,-0.395717,-0.554316,-0.019258,-0.412873,-0.549008,1.590054,0.017958,13.357400,0
52.940000,-0.387590,-0.555395,-0.024452,-0.409874,-0.549066,1.590054,0.023165,13.558500,0
52.960000,-0.393926,-0.553779,-0.037748,-0.406874,-0.549124,1.590054,0.013759,13.220100,0
52.980000,-0.381929,-0.553464,-0.025310,-0.403875,-0.549181,1.590054,0.022360,13.412900,0
53.000000,-0.385380,-0.553195,-0.034987,-0.400876,-0.549239,1.590054,0.015993,13.189200,0
53.020000,-0.374710,-0.553035,-0.017193,-0.397876,-0.549297,1.590054,0.023465,13.077500,0
53.040000,-0.373089,-0.554006,-0.031766,-0.394877,-0.549355,1.590054,0.022279,7.093300,0
53.060000,-0.378690,-0.551939,-0.045416,-0.391877,-0.549413,1.590054,0.013427,5.898500,0
53.080000,-0.367010,-0.552648,-0.024269,-0.388878,-0.549470,1.590054,0.022098,5.899600,0
53.100000,-0.366330,-0.553418,-0.037039,-0.385878,-0.549528,1.590054,0.019931,6.623700,0
53.120000,-0.362640,-0.554399,-0.023912,-0.382879,-0.549586,1.590054,0.020804,5.773400,0
53.140000,-0.354901,-0.554187,-0.033258,-0.379879,-0.549644,1.590054,0.025388,5.818600,0
53.160000,-0.348535,-0.554404,-0.012585,-0.376880,-0.549701,1.590054,0.028732,5.883700,0
53.180000,-0.359623,-0.554706,-0.034723,-0.373881,-0.549759,1.590054,0.015092,6.391500,0
53.200000,-0.360986,-0.555599,-0.041846,-0.370881,-0.549817,1.590054,0.011461,5.976100,0
53.220000,-0.345584,-0.554882,-0.044496,-0.367882,-0.549875,1.590054,0.022853,6.016300,0
53.240000,-0.338711,-0.555645,-0.019150,-0.364882,-0.549933,1.590054,0.026787,6.332400,0
53.260000,-0.338436,-0.556542,-0.023754,-0.361883,-0.549990,1.590054,0.024345,6.370100,0
53.280000,-0.342202,-0.557430,-0.033809,-0.358883,-0.550048,1.590054,0.018241,6.741200,0
53.300000,-0.348694,-0.555318,-0.045712,-0.355884,-0.550106,1.590054,0.008881,6.775100,0
53.320000,-0.330716,-0.556177,-0.027558,-0.352884,-0.550164,1.590054,0.022969,6.955700,0
53.340000,-0.327950,-0.556369,-0.022609,-0.349885,-0.550221,1.590054,0.022780,12.397800,0
53.360000,-0.321046,-0.557250,-0.028513,-0.346886,-0.550279,1.590054,0.026764,6.879300,0
53.380000,-0.331598,-0.557259,-0.045725,-0.343886,-0.550337,1.590054,0.014103,5.663000,0
53.400000,-0.317567,-0.557391,-0.036481,-0.340887,-0.550395,1.590054,0.024347,5.859900,0
53.420000,-0.323678,-0.557246,-0.046603,-0.337887,-0.550452,1.590054,0.015749,6.704000,0
53.440000,-0.318509,-0.556080,-0.034533,-0.334888,-0.550510,1.590054,0.017300,6.336600,0
53.460000,-0.315549,-0.556791,-0.039012,-0.331888,-0.550568,1.590054,0.017484,6.490900,0
53.480000,-0.312099,-0.556761,-0.024793,-0.330964,-0.550553,1.580549,0.019860,6.372800,0
53.500000,-0.319005,-0.558504,-0.007836,-0.330791,-0.550551,1.560552,0.014218,6.853200,0
53.520000,-0.305876,-0.559813,0.023987,-0.330777,-0.550550,1.542365,0.026568,6.334300,0
53.540000,-0.326511,-0.560103,0.033408,-0.330780,-0.550549,1.524376,0.010464,6.447200,0
53.560000,-0.324147,-0.559048,0.045013,-0.330783,-0.550548,1.506387,0.010783,6.577200,0
53.580000,-0.312355,-0.559827,0.065785,-0.328594,-0.550394,1.497300,0.018780,6.421200,0
53.600000,-0.304024,-0.559233,0.074950,-0.325600,-0.550171,1.497302,0.023402,7.814600,0
53.620000,-0.308047,-0.560877,0.056938,-0.322605,-0.549949,1.497306,0.018203,12.644700,0
53.640000,-0.317622,-0.561589,0.038368,-0.319612,-0.549727,1.497308,0.012028,12.980200,0
53.660000,-0.297688,-0.559482,0.062837,-0.316618,-0.549505,1.497310,0.021398,13.202000,0
53.680000,-0.291726,-0.558867,0.064465,-0.313625,-0.549284,1.497312,0.023904,11.522300,0
53.700000,-0.295509,-0.558180,0.052842,-0.310632,-0.549063,1.497313,0.017659,11.720400,0
53.720000,-0.291569,-0.560184,0.070318,-0.307640,-0.548842,1.497315,0.019670,6.707100,0
53.740000,-0.290703,-0.560168,0.061129,-0.304647,-0.548622,1.497316,0.018104,6.073200,0
53.760000,-0.281986,-0.559929,0.082364,-0.301655,-0.548401,1.497316,0.022799,11.956400,0
53.780000,-0.281021,-0.558874,0.064573,-0.298662,-0.548181,1.497317,0.020629,8.632300,0
53.800000,-0.277371,-0.557174,0.078665,-0.295670,-0.547961,1.497317,0.020487,6.024300,0
53.820000,-0.278061,-0.556946,0.049850,-0.292678,-0.547740,1.497318,0.017274,6.395900,0
53.840000,-0.281686,-0.556898,0.045359,-0.289686,-0.547520,1.497318,0.012327,11.893900,0
53.860000,-0.275435,-0.555739,0.066133,-0.286694,-0.547300,1.497318,0.014071,12.733600,0
53.880000,-0.258154,-0.555932,0.066451,-0.283702,-0.547080,1.497318,0.027038,12.933100,0
53.900000,-0.263652,-0.556858,0.060006,-0.280710,-0.546860,1.497318,0.019771,13.239600,0
53.920000,-0.267181,-0.557920,0.058411,-0.277718,-0.546639,1.497319,0.015437,8.521500,0
53.940000,-0.263129,-0.557361,0.068619,-0.276869,-0.546591,1.486783,0.017458,8.108900,0
53.960000,-0.261354,-0.556936,0.082824,-0.276696,-0.546576,1.466785,0.018513,8.428500,0
53.980000,-0.260432,-0.557958,0.114885,-0.276695,-0.546575,1.448740,0.019851,13.323200,0
54.000000,-0.262428,-0.558246,0.117425,-0.276698,-0.546575,1.430751,0.018435,9.677100,0
54.020000,-0.253411,-0.558678,0.151376,-0.276701,-0.546574,1.412754,0.026248,6.613800,0
54.040000,-0.262685,-0.563724,0.161970,-0.276706,-0.546573,1.394737,0.022153,6.113200,0
54.060000,-0.253559,-0.562332,0.194210,-0.276711,-0.546572,1.376709,0.028007,6.038000,0
54.080000,-0.260252,-0.562688,0.199493,-0.276717,-0.546571,1.358676,0.023040,6.423000,0
54.100000,-0.260920,-0.561471,0.217151,-0.276722,-0.546570,1.340642,0.021720,6.781600,0
54.120000,-0.270195,-0.564374,0.209568,-0.276727,-0.546569,1.322609,0.018966,7.036400,0
54.140000,-0.256624,-0.560944,0.238421,-0.274363,-0.545940,1.316272,0.023233,7.558900,0
54.160000,-0.258557,-0.560899,0.241462,-0.271456,-0.545183,1.316272,0.020332,6.830100,0
54.180000,-0.257771,-0.559829,0.233365,-0.268550,-0.544426,1.316275,0.018800,6.936200,0
54.200000,-0.246777,-0.557775,0.247144,-0.265645,-0.543669,1.316281,0.023558,6.781300,0
54.220000,-0.244045,-0.557006,0.235758,-0.262739,-0.542913,1.316285,0.023411,7.167000,0
54.240000,-0.254246,-0.560529,0.228302,-0.259835,-0.542157,1.316289,0.019204,6.812600,0
54.260000,-0.237743,-0.557739,0.242060,-0.256930,-0.541401,1.316292,0.025201,6.709100,0
54.280000,-0.242629,-0.559961,0.242927,-0.254026,-0.540645,1.316294,0.022428,7.011300,0
54.300000,-0.226391,-0.555559,0.267751,-0.251121,-0.539890,1.316296,0.029276,6.789800,0
54.320000,-0.230393,-0.555917,0.238568,-0.248217,-0.539134,1.316298,0.024482,6.827300,0
54.340000,-0.223050,-0.555229,0.240500,-0.245314,-0.538379,1.316299,0.027922,6.639300,0
54.360000,-0.225843,-0.555183,0.258418,-0.242410,-0.537624,1.316300,0.024141,6.744900,0
54.380000,-0.218096,-0.552941,0.250044,-0.239506,-0.536868,1.316301,0.026772,6.677800,0
54.400000,-0.206633,-0.549431,0.253273,-0.236602,-0.536113,1.316301,0.032795,6.645400,0
54.420000,-0.218921,-0.552346,0.246741,-0.233699,-0.535358,1.316302,0.022516,12.008500,0
54.440000,-0.206172,-0.550646,0.250010,-0.230795,-0.534603,1.316302,0.029389,12.675400,0
54.460000,-0.201790,-0.550806,0.259305,-0.227892,-0.533847,1.316302,0.031127,12.887700,0
54.480000,-0.200174,-0.550935,0.242314,-0.224988,-0.533092,1.316302,0.030563,6.283700,0
54.500000,-0.200080,-0.549593,0.243267,-0.222085,-0.532337,1.316302,0.027964,7.282200,0
54.520000,-0.193510,-0.546966,0.262908,-0.219181,-0.531582,1.316302,0.029928,7.574600,0
54.540000,-0.196996,-0.546958,0.242695,-0.216278,-0.530827,1.316302,0.025139,12.592000,0
54.560000,-0.188760,-0.544484,0.234272,-0.213374,-0.530071,1.316302,0.028524,13.879100,0
54.580000,-0.196754,-0.546277,0.251557,-0.212743,-0.529967,1.302994,0.022840,15.059800,0
54.600000,-0.194257,-0.546665,0.275823,-0.212603,-0.529928,1.283325,0.024833,15.746700,0
54.620000,-0.191573,-0.546534,0.298953,-0.212606,-0.529928,1.265323,0.026798,15.788200,0
54.640000,-0.191356,-0.548115,0.303431,-0.212610,-0.529928,1.247326,0.027973,15.491500,0
54.660000,-0.196695,-0.549361,0.326582,-0.212614,-0.529928,1.229319,0.025121,13.750000,0
54.680000,-0.190897,-0.551071,0.341931,-0.212618,-0.529927,1.211308,0.030313,7.104300,0
54.700000,-0.191519,-0.551274,0.360838,-0.212622,-0.529927,1.193294,0.030017,6.965500,0
54.720000,-0.190661,-0.551021,0.383416,-0.212626,-0.529926,1.175280,0.030454,6.753700,0
54.740000,-0.198646,-0.553750,0.396658,-0.212630,-0.529925,1.157265,0.027626,6.487900,0
54.760000,-0.190162,-0.551589,0.411811,-0.212634,-0.529924,1.139252,0.031215,6.438700,0
54.780000,-0.185917,-0.551180,0.425466,-0.210229,-0.528815,1.135251,0.033035,5.927900,0
54.800000,-0.186731,-0.551135,0.422675,-0.207506,-0.527547,1.135251,0.031433,6.037400,0
54.820000,-0.187781,-0.551818,0.418673,-0.204784,-0.526279,1.135254,0.030681,5.946500,0
54.840000,-0.174509,-0.545189,0.403479,-0.202062,-0.525012,1.135258,0.034151,5.762500,0
54.860000,-0.181169,-0.547927,0.417175,-0.199340,-0.523746,1.135262,0.030247,6.039800,0
54.880000,-0.170548,-0.543415,0.425446,-0.196619,-0.522479,1.135266,0.033437,5.735500,0
54.900000,-0.170189,-0.543862,0.438150,-0.193898,-0.521213,1.135269,0.032788,6.022300,0
54.920000,-0.164667,-0.541462,0.425002,-0.191177,-0.519947,1.135271,0.034142,6.182700,0
54.940000,-0.170119,-0.542841,0.420466,-0.188456,-0.518681,1.135273,0.030331,6.079000,0
54.960000,-0.166887,-0.540602,0.424823,-0.185735,-0.517415,1.135274,0.029881,6.219600,0
54.980000,-0.166633,-0.540510,0.435870,-0.185305,-0.517215,1.119470,0.029855,6.210600,0
55.000000,-0.167045,-0.541641,0.457417,-0.185238,-0.517182,1.100590,0.030483,6.334300,0
55.020000,-0.164964,-0.541769,0.471596,-0.185241,-0.517182,1.082601,0.031870,10.745300,0
55.040000,-0.165939,-0.543427,0.492906,-0.185244,-0.517183,1.064608,0.032580,10.164100,0
55.060000,-0.164274,-0.544259,0.507010,-0.185248,-0.517183,1.046609,0.034249,6.186700,0
55.080000,-0.164274,-0.542378,0.525604,-0.185251,-0.517183,1.028607,0.032784,6.304200,0
55.100000,-0.166348,-0.544780,0.542078,-0.185255,-0.517183,1.010603,0.033452,6.324800,0
55.120000,-0.165843,-0.544338,0.563998,-0.185258,-0.517182,0.992599,0.033383,6.361500,0
55.140000,-0.164994,-0.544847,0.575095,-0.185261,-0.517182,0.974595,0.034295,7.395500,0
55.160000,-0.163667,-0.546395,0.601785,-0.185264,-0.517181,0.956592,0.036330,7.327000,0
55.180000,-0.165561,-0.546578,0.618563,-0.185266,-0.517181,0.938589,0.035390,7.956000,0
55.200000,-0.169910,-0.549820,0.622570,-0.185269,-0.517180,0.920587,0.036074,8.049300,0
55.220000,-0.163482,-0.546256,0.657787,-0.185272,-0.517179,0.902586,0.036336,9.203900,0
55.240000,-0.162128,-0.545763,0.673833,-0.185274,-0.517179,0.884587,0.036781,8.540500,0
55.260000,-0.163218,-0.546793,0.686054,-0.185277,-0.517178,0.866588,0.036928,7.912300,0
55.280000,-0.162335,-0.546260,0.706825,-0.185279,-0.517177,0.848591,0.037044,8.192100,0
55.300000,-0.162613,-0.546662,0.724447,-0.185281,-0.517176,0.830595,0.037192,12.360500,0
55.320000,-0.162140,-0.546116,0.736691,-0.185284,-0.517175,0.812599,0.037057,8.191100,0
55.340000,-0.165159,-0.550333,0.762437,-0.185286,-0.517175,0.794604,0.038788,6.671600,0
55.360000,-0.161069,-0.546940,0.774683,-0.185288,-0.517174,0.776610,0.038374,7.259500,0
55.380000,-0.161758,-0.549553,0.799030,-0.185290,-0.517173,0.758617,0.040027,13.229600,0
55.400000,-0.161248,-0.549008,0.807064,-0.185292,-0.517172,0.740625,0.039895,13.584200,0
55.420000,-0.162126,-0.550306,0.819999,-0.183406,-0.515109,0.738279,0.041130,7.655700,0
55.440000,-0.152703,-0.540557,0.821754,-0.181384,-0.512886,0.738286,0.039853,6.312000,0
55.460000,-0.148912,-0.537785,0.831353,-0.179363,-0.510665,0.738295,0.040777,6.866200,0
55.480000,-0.148068,-0.538838,0.816758,-0.177342,-0.508444,0.738304,0.042199,6.737600,0
55.500000,-0.146867,-0.538307,0.828450,-0.175321,-0.506224,0.738310,0.042883,6.929700,0
55.520000,-0.141723,-0.535344,0.821932,-0.173300,-0.504004,0.738315,0.044489,6.927300,0
55.540000,-0.141801,-0.535990,0.817865,-0.171280,-0.501784,0.738318,0.045156,6.908000,0
55.560000,-0.137527,-0.531574,0.808427,-0.169260,-0.499565,0.738320,0.045073,7.205200,0
55.580000,-0.137399,-0.531260,0.812236,-0.167240,-0.497345,0.738322,0.045174,8.163200,0
55.600000,-0.136591,-0.532606,0.815137,-0.165220,-0.495126,0.738324,0.047163,10.934000,0
55.620000,-0.137160,-0.530828,0.808644,-0.163201,-0.492907,0.738325,0.046001,13.521700,0
55.640000,-0.133891,-0.526994,0.819806,-0.161181,-0.490688,0.738325,0.045418,13.864300,0
55.660000,-0.127397,-0.521467,0.819447,-0.159161,-0.488469,0.738326,0.045801,14.351900,0
55.680000,-0.138070,-0.531318,0.827402,-0.157142,-0.486250,0.738326,0.048937,14.171000,0
55.700000,-0.127213,-0.517489,0.816644,-0.155122,-0.484031,0.738327,0.043570,6.866300,0
55.720000,-0.126597,-0.516500,0.841442,-0.153103,-0.481812,0.738327,0.043656,6.388400,0
55.740000,-0.126490,-0.514844,0.811972,-0.151084,-0.479593,0.738328,0.042982,6.779000,0
55.760000,-0.120987,-0.508724,0.835620,-0.149064,-0.477375,0.738328,0.042085,6.747400,0
55.780000,-0.116329,-0.502639,0.826370,-0.147045,-0.475156,0.738328,0.041216,7.291200,0
55.800000,-0.119778,-0.507418,0.818668,-0.145026,-0.472937,0.738328,0.042737,6.430400,0
55.820000,-0.111232,-0.497883,0.843306,-0.143007,-0.470718,0.738328,0.041804,6.495400,0
55.840000,-0.114142,-0.501304,0.817537,-0.140988,-0.468499,0.738328,0.042390,6.116100,0
55.860000,-0.112126,-0.500451,0.833675,-0.138968,-0.466281,0.738328,0.043452,6.053700,0
55.880000,-0.113484,-0.501748,0.826801,-0.136949,-0.464062,0.738328,0.044395,6.117800,0
55.900000,-0.105296,-0.492485,0.824749,-0.134930,-0.461843,0.738328,0.042628,9.516000,0
55.920000,-0.104750,-0.492965,0.824646,-0.132911,-0.459624,0.738329,0.043642,8.674000,0
55.940000,-0.099189,-0.485897,0.826360,-0.130892,-0.457405,0.738329,0.042625,6.525700,0
55.960000,-0.105026,-0.493080,0.813463,-0.128872,-0.455187,0.738329,0.044771,6.755900,0
55.980000,-0.098106,-0.486215,0.812612,-0.126853,-0.452968,0.738329,0.043952,6.713000,0
56.000000,-0.101442,-0.489255,0.816639,-0.124834,-0.450749,0.738329,0.045054,6.818000,0
56.020000,-0.095279,-0.482550,0.823990,-0.122815,-0.448530,0.738329,0.043767,6.950600,0
56.040000,-0.087974,-0.473932,0.829430,-0.122581,-0.448271,0.720784,0.043082,6.785100,0
56.060000,-0.098543,-0.485868,0.839899,-0.122569,-0.448256,0.702545,0.044631,6.930000,0
56.080000,-0.092811,-0.482116,0.870614,-0.122572,-0.448259,0.684556,0.045078,6.763900,0
56.100000,-0.092539,-0.484455,0.883846,-0.122575,-0.448260,0.666564,0.047035,6.867300,0
56.120000,-0.093832,-0.484903,0.904705,-0.122578,-0.448261,0.648569,0.046572,6.572800,0
56.140000,-0.089643,-0.481163,0.917790,-0.122581,-0.448262,0.630573,0.046555,7.162300,0
56.160000,-0.088939,-0.482966,0.949058,-0.122584,-0.448262,0.612576,0.048336,6.773900,0
56.180000,-0.088597,-0.484252,0.955285,-0.122587,-0.448263,0.594580,0.049502,6.577000,0
56.200000,-0.089619,-0.485698,0.977564,-0.122589,-0.448263,0.576584,0.049884,11.542000,0
56.220000,-0.092435,-0.488105,0.995799,-0.122592,-0.448263,0.558589,0.049968,13.544700,0
56.240000,-0.088301,-0.481687,1.016365,-0.122594,-0.448262,0.540595,0.047888,10.995500,0
56.260000,-0.092056,-0.485486,1.025200,-0.122597,-0.448262,0.522601,0.048149,6.293300,0
56.280000,-0.092498,-0.486331,1.047614,-0.122599,-0.448262,0.504609,0.048531,6.320300,0
56.300000,-0.092262,-0.489045,1.071246,-0.122601,-0.448262,0.486617,0.050830,6.431300,0
56.320000,-0.088833,-0.483498,1.092846,-0.122604,-0.448261,0.468626,0.048807,5.992000,0
56.340000,-0.091225,-0.486719,1.102114,-0.122606,-0.448261,0.450636,0.049637,6.343900,0
56.360000,-0.091168,-0.485092,1.118627,-0.122608,-0.448261,0.432647,0.048425,6.394000,0
56.380000,-0.089161,-0.484839,1.140336,-0.122610,-0.448260,0.414658,0.049567,6.780500,0
56.400000,-0.088823,-0.486740,1.168176,-0.122612,-0.448260,0.396670,0.051209,10.772900,0
56.420000,-0.086749,-0.487375,1.172269,-0.122614,-0.448259,0.378683,0.053069,12.178700,0
56.440000,-0.087295,-0.488771,1.181103,-0.122616,-0.448259,0.360696,0.053747,10.905300,0
56.460000,-0.088451,-0.494811,1.210915,-0.122618,-0.448259,0.342709,0.057745,5.826600,0
56.480000,-0.085251,-0.485609,1.235917,-0.122620,-0.448258,0.324723,0.052835,6.228000,0
56.500000,-0.083784,-0.487413,1.252017,-0.122622,-0.448258,0.306737,0.055150,11.499300,0
56.520000,-0.080586,-0.483003,1.258012,-0.122624,-0.448258,0.288752,0.054538,12.078000,0
56.540000,-0.082939,-0.488934,1.263064,-0.121839,-0.445969,0.285271,0.057959,8.178500,0
56.560000,-0.081767,-0.481499,1.253868,-0.120994,-0.443087,0.285273,0.054902,6.292200,0
56.580000,-0.080825,-0.480274,1.262985,-0.120149,-0.440205,0.285286,0.056142,7.708300,0
56.600000,-0.080594,-0.481174,1.290805,-0.119304,-0.437323,0.285295,0.058492,9.287800,0
56.620000,-0.079364,-0.474053,1.270375,-0.118459,-0.434442,0.285302,0.055655,8.069300,0
56.640000,-0.079294,-0.468529,1.265578,-0.117613,-0.431562,0.285307,0.053243,9.285500,0
56.660000,-0.076398,-0.465456,1.245311,-0.116768,-0.428682,0.285310,0.054608,9.636200,0
56.680000,-0.079340,-0.474325,1.265341,-0.115923,-0.425802,0.285312,0.060769,7.222000,0
56.700000,-0.076631,-0.467486,1.253364,-0.115078,-0.422922,0.285313,0.058857,6.070700,0
56.720000,-0.072599,-0.457939,1.276143,-0.114234,-0.420043,0.285314,0.056299,6.355800,0
56.740000,-0.072719,-0.457741,1.270193,-0.113389,-0.417163,0.285315,0.057451,6.228600,0
56.760000,-0.072231,-0.458588,1.259749,-0.112544,-0.414284,0.285316,0.059900,6.815800,0
56.780000,-0.071935,-0.460236,1.261696,-0.111699,-0.411405,0.285317,0.062973,6.828700,0
56.800000,-0.066738,-0.444217,1.276642,-0.110855,-0.408526,0.285317,0.056746,7.011900,0
56.820000,-0.069005,-0.447778,1.289249,-0.110010,-0.405647,0.285318,0.058792,7.391300,0
56.840000,-0.066453,-0.444663,1.264882,-0.109166,-0.402769,0.285318,0.059829,6.704700,0
56.860000,-0.066646,-0.444913,1.267133,-0.108321,-0.399890,0.285319,0.061351,7.946600,0
56.880000,-0.065245,-0.436041,1.242432,-0.107477,-0.397011,0.285319,0.057506,7.686700,0
56.900000,-0.066586,-0.442211,1.265552,-0.106632,-0.394132,0.285319,0.062573,8.001500,0
56.920000,-0.060938,-0.429824,1.269942,-0.105788,-0.391253,0.285319,0.059154,7.728400,0
56.940000,-0.061391,-0.430594,1.279925,-0.105706,-0.390718,0.270671,0.059615,7.555300,0
56.960000,-0.062473,-0.432398,1.292992,-0.105740,-0.390608,0.251344,0.060153,8.102900,0
56.980000,-0.063162,-0.435447,1.323606,-0.105742,-0.390611,0.233357,0.061833,11.861800,0
57.000000,-0.062138,-0.429476,1.349059,-0.105744,-0.390614,0.215368,0.058410,13.963800,0
57.020000,-0.062841,-0.434844,1.349553,-0.105746,-0.390616,0.197378,0.061619,10.894600,0
57.040000,-0.062721,-0.432816,1.373777,-0.105748,-0.390617,0.179387,0.060267,8.089400,0
57.060000,-0.062542,-0.436387,1.398922,-0.105750,-0.390619,0.161396,0.062942,8.128800,0
57.080000,-0.059693,-0.429968,1.417845,-0.105752,-0.390620,0.143406,0.060578,7.560800,0
57.100000,-0.058988,-0.430007,1.428635,-0.105754,-0.390620,0.125416,0.061143,10.294700,0
57.120000,-0.060675,-0.436426,1.443215,-0.105756,-0.390621,0.107427,0.064268,10.516000,0
57.140000,-0.058552,-0.433501,1.469754,-0.105758,-0.390622,0.089439,0.063774,9.700600,0
57.160000,-0.056502,-0.435667,1.493421,-0.105760,-0.390622,0.071451,0.066749,13.145900,0
57.180000,-0.057506,-0.434863,1.503396,-0.105762,-0.390622,0.053464,0.065467,13.584900,0
57.200000,-0.058149,-0.432086,1.521629,-0.105764,-0.390623,0.035478,0.063138,11.078700,0
57.220000,-0.058396,-0.433164,1.531998,-0.105634,-0.388462,0.026017,0.065036,7.777700,0
57.240000,-0.057698,-0.423279,1.516258,-0.105558,-0.385460,0.026019,0.060999,9.353600,0
57.260000,-0.056941,-0.426797,1.533449,-0.105482,-0.382458,0.026024,0.065743,6.443000,0
57.280000,-0.056339,-0.426365,1.530107,-0.105405,-0.379456,0.026032,0.067882,10.239400,0
57.300000,-0.056191,-0.418191,1.537553,-0.105328,-0.376454,0.026038,0.064470,11.939700,0
57.320000,-0.056215,-0.421591,1.529255,-0.105250,-0.373453,0.026043,0.068715,6.602300,0
57.340000,-0.055494,-0.411931,1.532437,-0.105172,-0.370453,0.026047,0.064717,6.363000,0
57.360000,-0.056444,-0.413470,1.532122,-0.105094,-0.367453,0.026050,0.066965,6.516100,0
57.380000,-0.056648,-0.404044,1.526969,-0.105016,-0.364453,0.026053,0.062506,6.438000,0
57.400000,-0.056211,-0.400739,1.547569,-0.104937,-0.361453,0.026055,0.062590,6.753100,0
57.420000,-0.054704,-0.404925,1.533895,-0.104859,-0.358454,0.026057,0.068374,6.411500,0
57.440000,-0.055139,-0.403619,1.545157,-0.104781,-0.355454,0.026058,0.069168,6.942300,0
57.460000,-0.054916,-0.398944,1.533146,-0.104702,-0.352455,0.026059,0.068117,6.853700,0
57.480000,-0.055663,-0.394912,1.539741,-0.104624,-0.349456,0.026060,0.066809,7.511200,0
57.500000,-0.053175,-0.387890,1.527897,-0.104545,-0.346456,0.026061,0.065997,7.063300,0
57.520000,-0.054607,-0.382846,1.521037,-0.104467,-0.343457,0.026061,0.063542,7.584500,0
57.540000,-0.055413,-0.382990,1.519680,-0.104389,-0.340458,0.026061,0.064866,7.816900,0
57.560000,-0.055851,-0.381842,1.516005,-0.104310,-0.337459,0.026062,0.065712,9.236700,0
57.580000,-0.055854,-0.381142,1.525252,-0.104232,-0.334460,0.026062,0.067228,7.388700,0
57.600000,-0.053388,-0.368290,1.525482,-0.104154,-0.331461,0.026062,0.062718,7.056100,0
57.620000,-0.053852,-0.372141,1.523258,-0.104076,-0.328462,0.026062,0.066561,7.035300,0
57.640000,-0.052640,-0.366003,1.520692,-0.103998,-0.325463,0.026062,0.065430,6.482200,0
57.660000,-0.052798,-0.367239,1.515059,-0.103998,-0.324954,0.025798,0.066404,6.545000,0
57.680000,-0.053544,-0.363390,1.536309,-0.103997,-0.324953,0.025798,0.063427,6.664200,0
57.700000,-0.052523,-0.368666,1.537275,-0.103997,-0.324954,0.025798,0.067530,6.576100,0
57.720000,-0.051426,-0.365717,1.541387,-0.103997,-0.324954,0.025798,0.066523,6.548800,0
57.740000,-0.051973,-0.369031,1.547608,-0.103997,-0.324954,0.025798,0.068185,5.811500,0
57.760000,-0.053598,-0.367512,1.534515,-0.103997,-0.324954,0.025798,0.065964,6.054600,0
57.780000,-0.052297,-0.360140,1.523113,-0.103997,-0.324954,0.025798,0.062537,6.621600,0
57.800000,-0.052625,-0.364327,1.515895,-0.103997,-0.324954,0.025798,0.064725,7.267200,0
57.820000,-0.052305,-0.373215,1.535811,-0.103997,-0.324954,0.025798,0.070718,5.961000,0
57.840000,-0.052850,-0.368629,1.536038,-0.103997,-0.324954,0.025798,0.067257,6.819100,0
57.860000,-0.052492,-0.341867,1.533757,-0.103997,-0.324954,0.025798,0.054211,6.741600,0
57.880000,-0.053167,-0.366957,1.523604,-0.103997,-0.324954,0.025798,0.065939,6.810100,0
57.900000,-0.054474,-0.367872,1.535220,-0.103997,-0.324954,0.025798,0.065532,7.024200,0
57.920000,-0.053298,-0.369025,1.516600,-0.103997,-0.324954,0.025798,0.067177,6.956500,0
57.940000,-0.055522,-0.375700,1.531633,-0.103997,-0.324954,0.025798,0.070178,7.239300,0
57.960000,-0.054426,-0.368449,1.529408,-0.103997,-0.324954,0.025798,0.065948,7.032900,0
57.980000,-0.054341,-0.370071,1.541890,-0.103997,-0.324954,0.025798,0.067091,6.857100,0
58.000000,-0.054492,-0.368749,1.542708,-0.103997,-0.324954,0.025798,0.066097,6.916100,0
58.020000,-0.053842,-0.374033,1.539506,-0.103997,-0.324954,0.025798,0.070173,6.822000,0
58.040000,-0.052798,-0.369088,1.542168,-0.103997,-0.324954,0.025798,0.067595,7.159600,0
58.060000,-0.052764,-0.369616,1.544978,-0.103997,-0.324954,0.025798,0.067967,6.823400,0
58.080000,-0.051659,-0.368942,1.546073,-0.103997,-0.324954,0.025798,0.068368,7.278400,0
58.100000,-0.052212,-0.369936,1.529897,-0.103997,-0.324954,0.025798,0.068594,7.098100,0
58.120000,-0.053840,-0.370974,1.537621,-0.103997,-0.324954,0.025798,0.068071,6.996000,0
58.140000,-0.052858,-0.366984,1.544025,-0.103997,-0.324954,0.025798,0.066195,5.848700,0
58.160000,-0.053907,-0.369655,1.535086,-0.103997,-0.324954,0.025798,0.067136,5.537400,0
58.180000,-0.053499,-0.366509,1.535693,-0.103997,-0.324954,0.025798,0.065398,6.144500,0
58.200000,-0.055160,-0.370690,1.550058,-0.103997,-0.324954,0.025798,0.066909,5.852500,0
58.220000,-0.054170,-0.367842,1.530453,-0.103997,-0.324954,0.025798,0.065743,6.290500,0
58.240000,-0.053064,-0.365976,1.515670,-0.103997,-0.324954,0.025798,0.065399,5.711200,0
58.260000,-0.052838,-0.370471,1.517191,-0.103997,-0.324954,0.025798,0.068477,5.915000,0
58.280000,-0.053575,-0.365896,1.521027,-0.103997,-0.324954,0.025798,0.064951,6.617100,0
58.300000,-0.054982,-0.372367,1.527128,-0.103997,-0.324954,0.025798,0.068194,6.347600,0
58.320000,-0.054547,-0.362231,1.505349,-0.103997,-0.324954,0.025798,0.061926,6.433300,0
58.340000,-0.055138,-0.373125,1.528873,-0.103997,-0.324954,0.025798,0.068612,6.744100,0
58.360000,-0.053938,-0.370343,1.538452,-0.103997,-0.324954,0.025798,0.067572,6.840600,0
58.380000,-0.051979,-0.363116,1.530919,-0.103997,-0.324954,0.025798,0.064515,7.224700,0
58.400000,-0.052693,-0.364811,1.524617,-0.103997,-0.324954,0.025798,0.064967,6.043300,0
58.420000,-0.053349,-0.368484,1.530682,-0.103997,-0.324954,0.025798,0.066783,6.588600,0
58.440000,-0.053670,-0.376243,1.510677,-0.103997,-0.324954,0.025798,0.071857,6.307000,0
58.460000,-0.052852,-0.368360,1.535425,-0.103997,-0.324954,0.025798,0.067081,5.792800,0
58.480000,-0.053895,-0.365620,1.522639,-0.103997,-0.324954,0.025798,0.064528,6.072100,0
58.500000,-0.053433,-0.365967,1.529813,-0.103997,-0.324954,0.025798,0.065105,6.241100,0
58.520000,-0.053776,-0.370119,1.549104,-0.103997,-0.324954,0.025798,0.067542,6.299200,0
58.540000,-0.052935,-0.368481,1.550724,-0.103997,-0.324954,0.025798,0.067096,6.326800,0
58.560000,-0.053094,-0.365945,1.538081,-0.103997,-0.324954,0.025798,0.065356,6.421300,0
58.580000,-0.054169,-0.368782,1.523210,-0.103997,-0.324954,0.025798,0.066361,7.150200,0
58.600000,-0.055478,-0.375917,1.530624,-0.103997,-0.324954,0.025798,0.070366,6.336900,0
58.620000,-0.054152,-0.370370,1.548260,-0.103997,-0.324954,0.025798,0.067432,6.560700,0
58.640000,-0.054829,-0.364059,1.537285,-0.103997,-0.324954,0.025798,0.062822,6.473000,0
58.660000,-0.054098,-0.368936,1.544180,-0.103997,-0.324954,0.025798,0.066515,6.421300,0
58.680000,-0.053103,-0.344407,1.546212,-0.103997,-0.324954,0.025798,0.054485,6.668200,0
58.700000,-0.052741,-0.363609,1.527989,-0.103997,-0.324954,0.025798,0.064198,6.300800,0
58.720000,-0.052562,-0.368277,1.518253,-0.103997,-0.324954,0.025798,0.067250,7.348800,0
58.740000,-0.052640,-0.361146,1.529522,-0.103997,-0.324954,0.025798,0.062828,6.481300,0
58.760000,-0.052091,-0.366138,1.521798,-0.103997,-0.324954,0.025798,0.066259,6.517500,0
58.780000,-0.052215,-0.363527,1.528900,-0.103997,-0.324954,0.025798,0.064570,6.524200,0
58.800000,-0.054271,-0.370192,1.516939,-0.103997,-0.324954,0.025798,0.067225,6.447400,0
58.820000,-0.053454,-0.364894,1.512294,-0.103997,-0.324954,0.025798,0.064419,6.518100,0
58.840000,-0.053622,-0.351270,1.532221,-0.103997,-0.324954,0.025798,0.056835,6.477400,0
58.860000,-0.054191,-0.366974,1.550357,-0.103997,-0.324954,0.025798,0.065164,7.232300,0
58.880000,-0.054046,-0.369369,1.525707,-0.103997,-0.324954,0.025798,0.066842,6.706300,0
58.900000,-0.053698,-0.366982,1.531036,-0.103997,-0.324954,0.025798,0.065546,6.948200,0
58.920000,-0.053836,-0.364962,1.511034,-0.103997,-0.324954,0.025798,0.064162,6.833800,0
58.940000,-0.053428,-0.368672,1.529506,-0.103997,-0.324954,0.025798,0.066847,7.080800,0
58.960000,-0.053258,-0.362052,1.528464,-0.103997,-0.324954,0.025798,0.062855,6.904500,0
58.980000,-0.052963,-0.359741,1.526109,-0.103997,-0.324954,0.025798,0.061763,5.571100,0
59.000000,-0.052817,-0.373374,1.525648,-0.103997,-0.324954,0.025798,0.070455,6.270200,0
59.020000,-0.053324,-0.366385,1.517821,-0.103997,-0.324954,0.025798,0.065454,5.574800,0
59.040000,-0.053852,-0.369028,1.535933,-0.103997,-0.324954,0.025798,0.066761,5.563000,0
59.060000,-0.054200,-0.366358,1.537076,-0.103997,-0.324954,0.025798,0.064761,6.550100,0
59.080000,-0.054610,-0.364265,1.530244,-0.103997,-0.324954,0.025798,0.063122,5.527700,0
59.100000,-0.054216,-0.377201,1.512439,-0.103997,-0.324954,0.025798,0.072166,5.943600,0
59.120000,-0.053237,-0.360807,1.513441,-0.103997,-0.324954,0.025798,0.062145,8.156800,0
59.140000,-0.053719,-0.365767,1.522110,-0.103997,-0.324954,0.025798,0.064758,5.564900,0
59.160000,-0.054562,-0.388202,1.519640,-0.103997,-0.324954,0.025798,0.080275,5.936000,0
59.180000,-0.052943,-0.369972,1.527007,-0.103997,-0.324954,0.025798,0.068068,5.960900,0
59.200000,-0.052633,-0.367667,1.535753,-0.103997,-0.324954,0.025798,0.066803,5.941000,0
59.220000,-0.054171,-0.368798,1.521402,-0.103997,-0.324954,0.025798,0.066370,6.560600,0
59.240000,-0.055136,-0.367472,1.536190,-0.103997,-0.324954,0.025798,0.064771,6.210500,0
59.260000,-0.054177,-0.365892,1.552699,-0.103997,-0.324954,0.025798,0.064482,6.209900,0
59.280000,-0.054262,-0.369748,1.541217,-0.103997,-0.324954,0.025798,0.066933,6.325900,0
59.300000,-0.054345,-0.369163,1.529193,-0.103997,-0.324954,0.025798,0.066481,6.059600,0
59.320000,-0.053965,-0.354437,1.512419,-0.103997,-0.324954,0.025798,0.058073,6.230100,0
59.340000,-0.054696,-0.370061,1.535525,-0.103997,-0.324954,0.025798,0.066822,6.049200,0
59.360000,-0.054349,-0.356810,1.521238,-0.103997,-0.324954,0.025798,0.058989,7.036100,0
59.380000,-0.055959,-0.374265,1.508643,-0.103997,-0.324954,0.025798,0.068842,5.973600,0
59.400000,-0.055660,-0.372820,1.531825,-0.103997,-0.324954,0.025798,0.068026,5.594800,0
59.420000,-0.054737,-0.368600,1.506800,-0.103997,-0.324954,0.025798,0.065814,5.976200,0
59.440000,-0.054350,-0.365546,1.535025,-0.103997,-0.324954,0.025798,0.064129,5.556700,0
59.460000,-0.055131,-0.371005,1.535066,-0.103997,-0.324954,0.025798,0.067146,5.731500,0
59.480000,-0.054040,-0.365496,1.546215,-0.103997,-0.324954,0.025798,0.064338,6.029400,0
59.500000,-0.053523,-0.368741,1.527127,-0.103997,-0.324954,0.025798,0.066820,5.899900,0
59.520000,-0.053035,-0.368426,1.510244,-0.103997,-0.324954,0.025798,0.066984,6.281200,0
59.540000,-0.053957,-0.374480,1.534296,-0.103997,-0.324954,0.025798,0.070405,5.944800,0
59.560000,-0.054034,-0.366048,1.517213,-0.103997,-0.324954,0.025798,0.064692,5.978200,0
59.580000,-0.053494,-0.365378,1.523034,-0.103997,-0.324954,0.025798,0.064689,6.293900,0
59.600000,-0.054510,-0.371317,1.515986,-0.103997,-0.324954,0.025798,0.067812,6.005000,0
59.620000,-0.053421,-0.367162,1.528196,-0.103997,-0.324954,0.025798,0.065874,6.280000,0
59.640000,-0.053336,-0.368557,1.516552,-0.103997,-0.324954,0.025798,0.066842,6.222000,0
59.660000,-0.054252,-0.366165,1.541274,-0.103997,-0.324954,0.025798,0.064598,5.980200,0
59.680000,-0.053475,-0.365168,1.542445,-0.103997,-0.324954,0.025798,0.064573,6.364200,0
59.700000,-0.053698,-0.370679,1.539221,-0.103997,-0.324954,0.025798,0.067977,6.078400,0
59.720000,-0.054205,-0.374483,1.528722,-0.103997,-0.324954,0.025798,0.070231,6.345200,0
59.740000,-0.052604,-0.366778,1.524045,-0.103997,-0.324954,0.025798,0.066261,10.104000,0
