timestamp,est_x,est_y,est_theta,gt_x,gt_y,gt_theta,error_m,update_time_ms,kidnapped
0.020000,-0.876600,-0.519187,3.085265,-0.550000,-0.458800,0.000000,0.332135,18.616800,0
0.040000,-0.031845,-0.631175,3.081230,-0.550000,-0.458800,0.000000,0.546075,18.997100,0
0.060000,0.571178,-0.574922,3.077235,-0.550000,-0.458800,0.000000,1.127175,19.921700,0
0.080000,0.531486,-0.575582,3.095999,-0.550000,-0.458800,0.000000,1.087773,20.404800,0
0.100000,0.529689,-0.573457,3.125384,-0.550000,-0.458800,0.000000,1.085760,20.412800,0
0.120000,0.518758,-0.571686,3.102781,-0.550000,-0.458800,0.000000,1.074704,20.169500,0
0.140000,0.529654,-0.580177,3.097625,-0.550000,-0.458800,0.000000,1.086455,20.675600,0
0.160000,0.535743,-0.575392,3.114758,-0.550000,-0.458800,0.000000,1.091986,21.195800,0
0.180000,0.534561,-0.576588,3.107529,-0.550000,-0.458800,0.000000,1.090938,20.407600,0
0.200000,0.531192,-0.578452,3.106314,-0.550000,-0.458800,0.000000,1.087793,20.385600,0
0.220000,0.532218,-0.586401,3.087483,-0.550000,-0.458800,0.000000,1.089715,20.221700,0
0.240000,0.531990,-0.579267,3.086532,-0.550000,-0.458800,0.000000,1.088676,19.909200,0
0.260000,0.538743,-0.574908,3.103618,-0.550000,-0.458800,0.000000,1.094917,20.261100,0
0.280000,0.532577,-0.579424,3.105930,-0.550000,-0.458800,0.000000,1.089277,19.720100,0
0.300000,0.537612,-0.579792,3.096321,-0.550000,-0.458800,0.000000,1.094321,20.254800,0
0.320000,0.532976,-0.579259,3.100119,-0.550000,-0.458800,0.000000,1.089655,19.386200,0
0.340000,0.529226,-0.577262,3.103515,-0.550000,-0.458800,0.000000,1.085708,18.639600,0
0.360000,0.523847,-0.574531,3.092232,-0.550000,-0.458800,0.000000,1.080065,19.264900,0
0.380000,0.533331,-0.574433,3.135895,-0.550000,-0.458800,0.000000,1.089485,19.010800,0
0.400000,0.538096,-0.573433,-3.121776,-0.550000,-0.458800,0.000000,1.094118,19.594300,0
0.420000,0.536625,-0.572578,-3.133911,-0.550000,-0.458800,0.000000,1.092565,19.726800,0
0.440000,0.539877,-0.572353,-3.134909,-0.550000,-0.458800,0.000000,1.095776,19.428500,0
0.460000,0.542828,-0.573727,-3.134394,-0.550000,-0.458800,0.000000,1.098854,18.773300,0
0.480000,0.554290,-0.572538,-3.136461,-0.550000,-0.458800,0.000000,1.110131,20.002300,0
0.500000,0.560008,-0.574198,-3.129535,-0.550000,-0.458800,0.000000,1.115990,18.877200,0
0.520000,0.532412,-0.574087,-3.141333,-0.550000,-0.458800,0.000000,1.088534,21.681700,0
0.540000,0.534502,-0.573934,-3.127949,-0.550000,-0.458800,0.000000,1.090596,21.330300,0
0.560000,0.543629,-0.572589,-3.127235,-0.550000,-0.458800,0.000000,1.099533,24.273000,0
0.580000,0.547768,-0.578665,-3.132362,-0.550000,-0.458800,0.000000,1.104293,23.354400,0
0.600000,0.550214,-0.573953,-3.124258,-0.550000,-0.458800,0.000000,1.106224,20.615100,0
0.620000,0.546433,-0.571471,-3.112568,-0.550000,-0.458800,0.000000,1.102207,21.000400,0
0.640000,0.514869,-0.574200,3.081359,-0.550000,-0.458800,0.000000,1.071104,21.400500,0
0.660000,0.532168,-0.577456,3.095957,-0.550000,-0.458800,0.000000,1.088654,20.761600,0
0.680000,0.523462,-0.578499,3.097574,-0.550000,-0.458800,0.000000,1.080115,20.453200,0
0.700000,0.541134,-0.576420,3.120859,-0.550000,-0.458800,0.000000,1.097455,20.759800,0
0.720000,0.539594,-0.571546,3.095257,-0.550000,-0.458800,0.000000,1.095411,20.802400,0
0.740000,0.534174,-0.578718,3.118238,-0.550000,-0.458800,0.000000,1.090786,20.595100,0
0.760000,0.536046,-0.575355,3.091552,-0.550000,-0.458800,0.000000,1.092282,22.278200,0
0.780000,0.528738,-0.571095,-3.131844,-0.550000,-0.458800,0.000000,1.084568,21.191200,0
0.800000,0.535438,-0.574345,-3.132474,-0.550000,-0.458800,0.000000,1.091571,20.922800,0
0.820000,0.540135,-0.576387,-3.131215,-0.550000,-0.458800,0.000000,1.096458,25.934300,0
0.840000,0.533790,-0.573303,3.123852,-0.550000,-0.458800,0.000000,1.089822,20.813900,0
0.860000,0.521068,-0.576005,3.093065,-0.550000,-0.458800,0.000000,1.077462,19.445400,0
0.880000,0.539935,-0.576455,3.104994,-0.550000,-0.458800,0.000000,1.096267,19.865400,0
0.900000,0.535440,-0.573083,3.116539,-0.550000,-0.458800,0.000000,1.091440,20.623100,0
0.920000,0.541399,-0.576748,3.097070,-0.550000,-0.458800,0.000000,1.097754,20.719400,0
0.940000,0.537173,-0.574521,3.095826,-0.550000,-0.458800,0.000000,1.093314,21.310600,0
0.960000,0.534272,-0.573808,3.113058,-0.550000,-0.458800,0.000000,1.090354,20.379900,0
0.980000,0.531369,-0.575966,3.106787,-0.550000,-0.458800,0.000000,1.087698,20.313500,0
1.000000,0.544249,-0.575862,3.118905,-0.550000,-0.458800,0.000000,1.100492,20.752700,0
1.020000,0.539918,-0.579151,3.100027,-0.550000,-0.458800,0.000000,1.096542,20.120700,0
1.040000,0.523425,-0.578250,3.097770,-0.550000,-0.458800,0.000000,1.080051,20.951600,0
1.060000,0.523354,-0.576666,3.126959,-0.550000,-0.458800,0.000000,1.079806,18.846200,0
1.080000,0.523482,-0.579844,3.131506,-0.550000,-0.458800,0.000000,1.080285,19.125600,0
1.100000,0.540686,-0.579843,3.130936,-0.550000,-0.458800,0.000000,1.097382,20.246300,0
1.120000,0.543378,-0.576116,3.134651,-0.550000,-0.458800,0.000000,1.099654,20.621800,0
1.140000,0.545310,-0.573664,3.141531,-0.550000,-0.458800,0.000000,1.101316,20.672800,0
1.160000,0.544967,-0.579980,3.140415,-0.550000,-0.458800,0.000000,1.101652,20.508200,0
1.180000,0.550890,-0.575523,-3.121494,-0.550000,-0.458800,0.000000,1.107061,20.499300,0
1.200000,0.529800,-0.574457,3.126179,-0.550000,-0.458800,0.000000,1.085976,20.095100,0
1.220000,0.529325,-0.572385,3.139069,-0.550000,-0.458800,0.000000,1.085285,20.588500,0
1.240000,0.545324,-0.574779,3.136896,-0.550000,-0.458800,0.000000,1.101447,20.015900,0
1.260000,0.542581,-0.581823,3.129768,-0.550000,-0.458800,0.000000,1.099485,21.056200,0
1.280000,0.540496,-0.579495,3.130984,-0.550000,-0.458800,0.000000,1.097154,21.637400,0
1.300000,0.494271,-0.574752,3.033038,-0.550000,-0.458800,0.000000,1.050689,22.652900,0
1.320000,0.539228,-0.580553,3.103427,-0.550000,-0.458800,0.000000,1.096012,20.709100,0
1.340000,0.535796,-0.573968,3.095863,-0.550000,-0.458800,0.000000,1.091887,21.066400,0
1.360000,0.536847,-0.575086,3.094911,-0.550000,-0.458800,0.000000,1.093050,19.252300,0
1.380000,0.534488,-0.575694,3.113007,-0.550000,-0.458800,0.000000,1.090770,19.922300,0
1.400000,0.536523,-0.571252,3.110882,-0.550000,-0.458800,0.000000,1.092327,23.606000,0
1.420000,0.540023,-0.576983,3.106769,-0.550000,-0.458800,0.000000,1.096411,23.602400,0
1.440000,0.535989,-0.575291,3.107029,-0.550000,-0.458800,0.000000,1.092219,21.872300,0
1.460000,0.531912,-0.577222,3.118603,-0.550000,-0.458800,0.000000,1.088373,19.634800,0
1.480000,0.522880,-0.578004,3.091993,-0.550000,-0.458800,0.000000,1.079482,20.471500,0
1.500000,0.558855,-0.574673,-3.121826,-0.550000,-0.458800,0.000000,1.114893,20.896100,0
1.520000,0.551139,-0.575822,-3.125430,-0.550000,-0.458800,0.000000,1.107339,20.973000,0
1.540000,0.548005,-0.578215,3.140758,-0.550000,-0.458800,0.000000,1.104480,21.065300,0
1.560000,0.552958,-0.576097,-3.121348,-0.550000,-0.458800,0.000000,1.109178,20.230900,0
1.580000,0.511634,-0.575766,3.123833,-0.550000,-0.458800,0.000000,1.068058,20.533500,0
1.600000,0.526106,-0.572123,3.092088,-0.550000,-0.458800,0.000000,1.082056,20.937000,0
1.620000,0.534611,-0.575749,3.101172,-0.550000,-0.458800,0.000000,1.090898,20.897300,0
1.640000,0.536529,-0.576566,3.103294,-0.550000,-0.458800,0.000000,1.092892,20.220100,0
1.660000,0.534050,-0.578458,3.096879,-0.550000,-0.458800,0.000000,1.090634,20.453000,0
1.680000,0.538643,-0.574452,3.107193,-0.550000,-0.458800,0.000000,1.094769,21.263600,0
1.700000,0.534135,-0.574028,3.122418,-0.550000,-0.458800,0.000000,1.090242,25.373000,0
1.720000,0.538390,-0.575227,3.104413,-0.550000,-0.458800,0.000000,1.094600,20.928900,0
1.740000,0.533849,-0.580814,3.101551,-0.550000,-0.458800,0.000000,1.090695,20.789600,0
1.760000,0.527303,-0.579185,3.086443,-0.550000,-0.458800,0.000000,1.084009,21.380000,0
1.780000,0.538807,-0.573154,-3.139040,-0.550000,-0.458800,0.000000,1.094796,20.728600,0
1.800000,0.544935,-0.576058,-3.117469,-0.550000,-0.458800,0.000000,1.101196,20.396100,0
1.820000,0.544066,-0.575020,-3.117987,-0.550000,-0.458800,0.000000,1.100222,22.901300,0
1.840000,0.548077,-0.576823,-3.130774,-0.550000,-0.458800,0.000000,1.104402,20.540000,0
1.860000,0.534790,-0.575214,-3.133181,-0.550000,-0.458800,0.000000,1.091018,20.546100,0
1.880000,0.541977,-0.575453,-3.130461,-0.550000,-0.458800,0.000000,1.098190,21.335700,0
1.900000,0.552339,-0.575565,3.127262,-0.550000,-0.458800,0.000000,1.108506,19.863200,0
1.920000,0.544167,-0.577316,-3.137284,-0.550000,-0.458800,0.000000,1.100567,20.861300,0
1.940000,0.548197,-0.577000,-3.125021,-0.550000,-0.458800,0.000000,1.104539,21.001100,0
1.960000,0.538195,-0.575852,3.141252,-0.550000,-0.458800,0.000000,1.094472,21.198300,0
1.980000,0.543065,-0.571603,-3.126338,-0.550000,-0.458800,0.000000,1.098870,22.024900,0
2.000000,0.543801,-0.577679,-3.135307,-0.550000,-0.458800,0.000000,1.100243,20.732600,0
2.020000,0.554544,-0.574668,-3.127284,-0.550000,-0.458800,0.000000,1.110605,19.977300,0
2.040000,0.543016,-0.575683,-3.129330,-0.550000,-0.458800,0.000000,1.099248,19.295100,0
2.060000,0.550784,-0.575016,-3.130059,-0.550000,-0.458800,0.000000,1.106902,19.689300,0
2.080000,0.559508,-0.574210,-3.094774,-0.550000,-0.458800,0.000000,1.115495,19.658400,0
2.100000,0.537027,-0.577296,-3.124911,-0.550000,-0.458800,0.000000,1.093466,20.675800,0
2.120000,0.544398,-0.575862,-3.124007,-0.550000,-0.458800,0.000000,1.100641,20.311900,0
2.140000,0.507986,-0.578938,3.104026,-0.550000,-0.458800,0.000000,1.064786,21.850300,0
2.160000,0.529651,-0.579342,3.109927,-0.550000,-0.458800,0.000000,1.086359,21.589100,0
2.180000,0.485900,-0.571910,3.127402,-0.550000,-0.458800,0.000000,1.042057,21.344400,0
2.200000,0.525887,-0.572914,3.107268,-0.550000,-0.458800,0.000000,1.081922,19.503400,0
2.220000,0.533903,-0.573160,3.101288,-0.550000,-0.458800,0.000000,1.089919,20.885700,0
2.240000,0.530040,-0.575161,3.105916,-0.550000,-0.458800,0.000000,1.086290,20.636700,0
2.260000,0.531297,-0.573121,3.130208,-0.550000,-0.458800,0.000000,1.087324,20.250200,0
2.280000,0.519922,-0.574624,3.108113,-0.550000,-0.458800,0.000000,1.076173,20.330500,0
2.300000,0.531546,-0.574501,3.110202,-0.550000,-0.458800,0.000000,1.087717,20.319600,0
2.320000,0.527205,-0.576651,3.104246,-0.550000,-0.458800,0.000000,1.083633,20.253800,0
2.340000,0.523769,-0.576077,3.102590,-0.550000,-0.458800,0.000000,1.080154,23.612500,0
2.360000,0.535012,-0.574324,3.106032,-0.550000,-0.458800,0.000000,1.091145,20.105000,0
2.380000,0.536947,-0.574262,3.124187,-0.550000,-0.458800,0.000000,1.093062,21.655400,0
2.400000,0.538836,-0.575781,3.128435,-0.550000,-0.458800,0.000000,1.095101,21.164600,0
2.420000,0.544616,-0.578308,-3.131074,-0.550000,-0.458800,0.000000,1.101120,21.484500,0
2.440000,0.538907,-0.574347,3.137673,-0.550000,-0.458800,0.000000,1.095021,19.113200,0
2.460000,0.546691,-0.578198,-3.122680,-0.550000,-0.458800,0.000000,1.103172,18.650600,0
2.480000,0.558352,-0.576541,-3.127085,-0.550000,-0.458800,0.000000,1.114589,19.317700,0
2.500000,0.540964,-0.575877,-3.129858,-0.550000,-0.458800,0.000000,1.097228,18.488800,0
2.520000,0.553457,-0.575657,-3.127547,-0.550000,-0.458800,0.000000,1.109627,18.856800,0
2.540000,0.542593,-0.574190,-3.132825,-0.550000,-0.458800,0.000000,1.098669,18.400700,0
2.560000,0.543172,-0.576193,3.140329,-0.550000,-0.458800,0.000000,1.099457,18.702300,0
2.580000,0.544784,-0.575518,-3.140298,-0.550000,-0.458800,0.000000,1.100988,19.272500,0
2.600000,0.538035,-0.578399,-3.116531,-0.550000,-0.458800,0.000000,1.094588,20.133500,0
2.620000,0.556587,-0.577405,-3.128179,-0.550000,-0.458800,0.000000,1.112925,20.217600,0
2.640000,0.557399,-0.577898,-3.109580,-0.550000,-0.458800,0.000000,1.113785,19.911300,0
2.660000,0.533661,-0.577777,-3.126905,-0.550000,-0.458800,0.000000,1.090173,20.016500,0
2.680000,0.542466,-0.578306,3.138754,-0.550000,-0.458800,0.000000,1.098983,19.630000,0
2.700000,0.533671,-0.579133,3.123875,-0.550000,-0.458800,0.000000,1.090331,20.409900,0
2.720000,0.532892,-0.574722,3.110059,-0.550000,-0.458800,0.000000,1.089079,19.712100,0
2.740000,0.532146,-0.576119,3.076572,-0.550000,-0.458800,0.000000,1.088487,20.359100,0
2.760000,0.529985,-0.574635,-3.129612,-0.550000,-0.458800,0.000000,1.086180,20.598000,0
2.780000,0.539952,-0.576792,3.130810,-0.550000,-0.458800,0.000000,1.096320,20.115800,0
2.800000,0.542789,-0.577406,3.138578,-0.550000,-0.458800,0.000000,1.099207,20.408800,0
2.820000,0.535654,-0.574845,-3.139581,-0.550000,-0.458800,0.000000,1.091838,20.235300,0
2.840000,0.533083,-0.577085,3.138861,-0.550000,-0.458800,0.000000,1.089523,20.025800,0
2.860000,0.535585,-0.575742,3.130087,-0.550000,-0.458800,0.000000,1.091866,20.094200,0
2.880000,0.565537,-0.576884,-3.085580,-0.550000,-0.458800,0.000000,1.121770,18.279000,0
2.900000,0.556231,-0.575191,-3.136870,-0.550000,-0.458800,0.000000,1.112337,18.683900,0
2.920000,0.551741,-0.575054,-3.130536,-0.550000,-0.458800,0.000000,1.107858,19.066700,0
2.940000,0.546404,-0.573752,-3.121245,-0.550000,-0.458800,0.000000,1.102414,19.421100,0
2.960000,0.554248,-0.576591,-3.125834,-0.550000,-0.458800,0.000000,1.110513,18.926700,0
2.980000,0.533833,-0.576968,-3.117341,-0.550000,-0.458800,0.000000,1.090255,19.665700,0
3.000000,0.546814,-0.576114,-3.136312,-0.550000,-0.458800,0.000000,1.103070,19.756400,0
3.020000,0.537313,-0.576584,3.138124,-0.550000,-0.458800,0.000000,1.093674,19.293000,0
3.040000,0.541873,-0.575162,-3.121269,-0.550000,-0.458800,0.000000,1.098056,19.854400,0
3.060000,0.550488,-0.574162,-3.118735,-0.550000,-0.458800,0.000000,1.106518,19.713700,0
3.080000,0.560402,-0.574305,-3.121502,-0.550000,-0.458800,0.000000,1.116394,20.722700,0
3.100000,0.545149,-0.575996,-3.133074,-0.550000,-0.458800,0.000000,1.101402,19.966300,0
3.120000,0.546646,-0.574627,-3.112261,-0.550000,-0.458800,0.000000,1.102746,18.785100,0
3.140000,0.537834,-0.576689,3.125945,-0.550000,-0.458800,0.000000,1.094203,18.268300,0
3.160000,0.532620,-0.574232,3.105893,-0.550000,-0.458800,0.000000,1.088757,18.626900,0
3.180000,0.534985,-0.573999,3.092908,-0.550000,-0.458800,0.000000,1.091083,18.644400,0
3.200000,0.525403,-0.571734,3.110571,-0.550000,-0.458800,0.000000,1.081316,18.602800,0
3.220000,0.533400,-0.574316,3.107710,-0.550000,-0.458800,0.000000,1.089541,18.465100,0
3.240000,0.535793,-0.574524,3.114396,-0.550000,-0.458800,0.000000,1.091942,18.967300,0
3.260000,0.531935,-0.574416,3.098614,-0.550000,-0.458800,0.000000,1.088095,18.669700,0
3.280000,0.531617,-0.573137,3.110680,-0.550000,-0.458800,0.000000,1.087644,19.150900,0
3.300000,0.534544,-0.574607,3.110326,-0.550000,-0.458800,0.000000,1.090709,20.277800,0
3.320000,0.527350,-0.574008,3.101725,-0.550000,-0.458800,0.000000,1.083493,19.423100,0
3.340000,0.540791,-0.572872,3.119835,-0.550000,-0.456378,-0.000076,1.096994,19.852200,0
3.360000,0.537517,-0.574952,3.124793,-0.550000,-0.453378,-0.000076,1.094291,19.234800,0
3.380000,0.533305,-0.575609,3.100960,-0.550000,-0.450378,-0.000076,1.090520,19.031700,0
3.400000,0.525111,-0.574535,3.095117,-0.550001,-0.447378,-0.000076,1.082606,19.665800,0
3.420000,0.513117,-0.574804,3.077710,-0.550001,-0.444378,-0.000076,1.071088,20.794400,0
3.440000,0.511748,-0.575691,3.096271,-0.550001,-0.441377,-0.000076,1.070210,21.713500,0
3.460000,0.513512,-0.576202,3.098480,-0.550001,-0.438377,-0.000076,1.072407,19.380400,0
3.480000,0.507475,-0.578258,3.100664,-0.550002,-0.435377,-0.000076,1.067086,19.836400,0
3.500000,0.507766,-0.574711,3.103658,-0.550002,-0.432377,-0.000076,1.067302,21.173600,0
3.520000,0.515366,-0.573609,-3.114824,-0.550002,-0.429377,-0.000076,1.075087,21.488900,0
3.540000,0.528153,-0.577632,-3.134479,-0.550002,-0.426377,-0.000076,1.088713,21.646900,0
3.560000,0.517150,-0.576900,-3.114692,-0.550003,-0.423377,-0.000076,1.078140,23.623700,0
3.580000,0.507852,-0.574708,3.141485,-0.550003,-0.420377,-0.000076,1.069054,22.769400,0
3.600000,0.505709,-0.575096,-3.127383,-0.550003,-0.417377,-0.000076,1.067428,22.602700,0
3.620000,0.504321,-0.573369,3.140886,-0.550003,-0.414377,-0.000076,1.066245,21.850900,0
3.640000,0.507831,-0.574700,-3.122427,-0.550004,-0.411377,-0.000076,1.070369,24.294000,0
3.660000,0.492597,-0.579006,-3.137633,-0.550004,-0.408377,-0.000076,1.056471,21.949100,0
3.680000,0.474739,-0.577604,3.114248,-0.550004,-0.405377,-0.000076,1.039115,22.605800,0
3.700000,0.485495,-0.574083,3.103095,-0.550004,-0.402377,-0.000076,1.049638,23.402300,0
3.720000,0.473474,-0.572592,3.111783,-0.550004,-0.399377,-0.000076,1.038032,22.134400,0
3.740000,0.470524,-0.573584,3.099705,-0.550005,-0.396377,-0.000076,1.035800,22.375600,0
3.760000,0.469727,-0.572762,3.091040,-0.550005,-0.393377,-0.000076,1.035389,20.217200,0
3.780000,0.455786,-0.574827,3.111560,-0.550005,-0.390377,-0.000076,1.022564,21.822200,0
3.800000,0.454782,-0.575548,3.093414,-0.550005,-0.389867,-0.000003,1.021799,20.777300,0
3.820000,0.468555,-0.574472,3.110523,-0.550005,-0.389867,-0.000003,1.035154,22.317500,0
3.840000,0.467646,-0.571559,3.104120,-0.550005,-0.389867,-0.000003,1.033744,23.163300,0
3.860000,0.461019,-0.571284,3.133245,-0.550005,-0.389867,-0.000003,1.027171,20.760400,0
3.880000,0.438685,-0.575263,3.094916,-0.550005,-0.389867,-0.000003,1.005923,20.732600,0
3.900000,0.458722,-0.574722,3.099037,-0.550005,-0.389867,-0.000003,1.025525,21.314100,0
3.920000,0.462676,-0.575256,3.094123,-0.550005,-0.389868,-0.000003,1.029510,21.507100,0
3.940000,0.467758,-0.575243,3.096876,-0.550005,-0.389868,-0.000003,1.034508,23.118000,0
3.960000,0.461871,-0.572091,3.098953,-0.550005,-0.389868,-0.000003,1.028153,23.702500,0
3.980000,0.462000,-0.573996,3.109597,-0.550005,-0.389868,-0.000003,1.028619,20.884200,0
4.000000,0.469134,-0.572362,3.100888,-0.550005,-0.389868,-0.000003,1.035349,20.871200,0
4.020000,0.464537,-0.573904,3.094585,-0.550005,-0.389868,-0.000003,1.031099,20.960700,0
4.040000,0.466083,-0.570675,3.093114,-0.550005,-0.389868,-0.000003,1.032050,20.932600,0
4.060000,0.459616,-0.572236,3.097387,-0.550005,-0.389868,-0.000003,1.025960,20.334200,0
4.080000,0.473155,-0.572846,-3.111418,-0.550005,-0.389868,-0.000003,1.039393,20.950500,0
4.100000,0.482924,-0.572453,-3.134781,-0.550005,-0.389868,-0.000003,1.048942,19.761800,0
4.120000,0.476291,-0.575347,-3.130077,-0.550005,-0.389868,-0.000003,1.042922,18.325300,0
4.140000,0.471187,-0.575166,-3.134569,-0.550005,-0.389868,-0.000003,1.037867,18.662800,0
4.160000,0.468757,-0.576533,-3.140399,-0.550005,-0.389868,-0.000003,1.035722,20.342500,0
4.180000,0.459741,-0.575861,3.140174,-0.550005,-0.389868,-0.000003,1.026733,20.266900,0
4.200000,0.464604,-0.576772,-3.133012,-0.550005,-0.387445,-0.000078,1.032122,20.034500,0
4.220000,0.472038,-0.575462,-3.135108,-0.550005,-0.384446,-0.000078,1.039740,20.363400,0
4.240000,0.477513,-0.573741,-3.114179,-0.550006,-0.381445,-0.000078,1.045358,20.606400,0
4.260000,0.450404,-0.573366,-3.140879,-0.550006,-0.378445,-0.000078,1.019222,20.599800,0
4.280000,0.458645,-0.574321,-3.136203,-0.550006,-0.375445,-0.000078,1.028070,19.942800,0
4.300000,0.454780,-0.576609,-3.122265,-0.550006,-0.372445,-0.000078,1.025318,20.262400,0
4.320000,0.461051,-0.575573,-3.131536,-0.550007,-0.369445,-0.000078,1.031856,20.264000,0
4.340000,0.457751,-0.575027,-3.130336,-0.550007,-0.366445,-0.000078,1.029117,20.219500,0
4.360000,0.449285,-0.573071,-3.133274,-0.550007,-0.363445,-0.000078,1.021042,19.914500,0
4.380000,0.460237,-0.575543,-3.112429,-0.550007,-0.360445,-0.000078,1.032889,20.131300,0
4.400000,0.442724,-0.575860,-3.119469,-0.550008,-0.357445,-0.000078,1.016475,19.820500,0
4.420000,0.442165,-0.576614,3.096126,-0.550008,-0.354445,-0.000078,1.016743,19.832900,0
4.440000,0.433326,-0.573094,3.123267,-0.550008,-0.351445,-0.000078,1.008005,19.911400,0
4.460000,0.418904,-0.574019,3.103255,-0.550008,-0.348445,-0.000078,0.994824,20.700300,0
4.480000,0.421704,-0.572921,3.103876,-0.550009,-0.345445,-0.000078,0.997983,19.626400,0
4.500000,0.401940,-0.571010,3.075174,-0.550009,-0.342445,-0.000078,0.979004,20.285800,0
4.520000,0.420530,-0.570304,-3.140065,-0.550009,-0.339445,-0.000078,0.997618,21.817400,0
4.540000,0.418098,-0.572192,-3.126114,-0.550009,-0.336445,-0.000078,0.996397,20.403000,0
4.560000,0.435513,-0.572243,-3.138731,-0.550009,-0.333445,-0.000078,1.014041,20.246000,0
4.580000,0.420773,-0.572078,-3.131488,-0.550010,-0.330445,-0.000078,1.000403,20.417900,0
4.600000,0.409761,-0.574707,-3.136660,-0.550010,-0.327445,-0.000078,0.991109,20.227400,0
4.620000,0.413167,-0.573922,-3.123557,-0.550010,-0.324445,-0.000078,0.994961,20.264500,0
4.640000,0.413309,-0.572997,-3.140957,-0.550010,-0.321445,-0.000078,0.995622,20.324100,0
4.660000,0.412970,-0.572822,-3.132949,-0.550011,-0.318445,-0.000078,0.996012,19.894100,0
4.680000,0.409655,-0.571249,-3.124743,-0.550011,-0.315445,-0.000078,0.993174,20.442000,0
4.700000,0.397229,-0.570718,-3.109597,-0.550011,-0.312445,-0.000078,0.981819,20.140100,0
4.720000,0.398224,-0.570210,-3.131802,-0.550011,-0.309445,-0.000078,0.983437,19.119100,0
4.740000,0.398779,-0.573073,-3.128731,-0.550012,-0.306445,-0.000078,0.985543,18.829700,0
4.760000,0.380096,-0.574445,3.133832,-0.550012,-0.303445,-0.000078,0.968784,18.492400,0
4.780000,0.380712,-0.574526,-3.139801,-0.550012,-0.300445,-0.000078,0.970242,18.982400,0
4.800000,0.378303,-0.572876,-3.122139,-0.550012,-0.297445,-0.000078,0.968314,20.083300,0
4.820000,0.379530,-0.572430,-3.124431,-0.550013,-0.294445,-0.000078,0.970219,19.905100,0
4.840000,0.371780,-0.571445,-3.117999,-0.550013,-0.291445,-0.000078,0.963381,20.054500,0
4.860000,0.370355,-0.570287,3.137131,-0.550013,-0.288445,-0.000078,0.962555,19.971600,0
4.880000,0.372891,-0.568568,-3.128234,-0.550013,-0.285445,-0.000078,0.965355,20.282000,0
4.900000,0.369809,-0.569812,-3.128042,-0.550013,-0.282445,-0.000078,0.963666,20.263600,0
4.920000,0.376335,-0.570414,-3.115784,-0.550014,-0.279445,-0.000078,0.970971,19.727200,0
4.940000,0.362605,-0.571567,3.127145,-0.550014,-0.276445,-0.000078,0.959151,19.442100,0
4.960000,0.361607,-0.574037,3.135073,-0.550014,-0.273445,-0.000078,0.959901,20.325800,0
4.980000,0.358098,-0.573712,3.129928,-0.550014,-0.270445,-0.000078,0.957412,20.233000,0
5.000000,0.366267,-0.570993,-3.136012,-0.550015,-0.267445,-0.000078,0.965253,19.702700,0
5.020000,0.358405,-0.571271,-3.140669,-0.550015,-0.264445,-0.000078,0.958837,20.372900,0
5.040000,0.348873,-0.568846,3.141027,-0.550015,-0.261445,-0.000078,0.949998,20.150700,0
5.060000,0.360985,-0.572634,-3.114110,-0.550015,-0.258445,-0.000078,0.963657,19.709000,0
5.080000,0.333664,-0.571969,-3.135593,-0.550016,-0.255445,-0.000078,0.938658,19.245800,0
5.100000,0.338142,-0.570813,-3.140397,-0.550016,-0.252445,-0.000078,0.943495,20.282000,0
5.120000,0.320927,-0.570881,-3.127971,-0.550016,-0.249445,-0.000078,0.928365,20.020000,0
5.140000,0.333395,-0.570381,3.141514,-0.550016,-0.246445,-0.000078,0.940930,19.982700,0
5.160000,0.336685,-0.570613,-3.127459,-0.550016,-0.243445,-0.000078,0.945134,19.348900,0
5.180000,0.320504,-0.570449,-3.138010,-0.550017,-0.240445,-0.000078,0.930972,19.581900,0
5.200000,0.325019,-0.570948,-3.127162,-0.550017,-0.237445,-0.000078,0.936436,19.699800,0
5.220000,0.322365,-0.571635,3.136786,-0.550017,-0.234445,-0.000078,0.935279,20.073700,0
5.240000,0.319981,-0.571423,3.130803,-0.550017,-0.231445,-0.000078,0.934067,19.868100,0
5.260000,0.319558,-0.571052,3.129527,-0.550018,-0.228445,-0.000078,0.934634,19.107500,0
5.280000,0.315664,-0.571787,3.131126,-0.550018,-0.225445,-0.000078,0.932394,19.016700,0
5.300000,0.309866,-0.570259,3.138333,-0.550018,-0.222445,-0.000078,0.927564,19.619400,0
5.320000,0.302115,-0.572165,3.136660,-0.550018,-0.219445,-0.000078,0.922249,18.598200,0
5.340000,0.304829,-0.572749,-3.128427,-0.550019,-0.216445,-0.000078,0.926131,19.402200,0
5.360000,0.288842,-0.568195,3.140410,-0.550019,-0.213445,-0.000078,0.910789,20.205700,0
5.380000,0.288316,-0.568388,-3.137144,-0.550019,-0.210445,-0.000078,0.911553,19.583900,0
5.400000,0.280802,-0.571363,-3.131154,-0.550019,-0.207445,-0.000078,0.907028,19.982200,0
5.420000,0.290608,-0.571700,-3.138060,-0.550020,-0.204445,-0.000078,0.917350,19.015200,0
5.440000,0.283970,-0.571976,-3.117011,-0.550020,-0.201445,-0.000078,0.912596,18.990700,0
5.460000,0.297278,-0.569891,-3.122620,-0.550020,-0.198445,-0.000078,0.925141,19.531100,0
5.480000,0.269982,-0.570510,3.136103,-0.550020,-0.195445,-0.000078,0.901708,19.052200,0
5.500000,0.279071,-0.569759,-3.123032,-0.550020,-0.192445,-0.000078,0.910911,19.296200,0
5.520000,0.262410,-0.569489,3.104026,-0.550021,-0.189445,-0.000078,0.896927,18.500000,0
5.540000,0.257803,-0.568948,3.086427,-0.550021,-0.186445,-0.000078,0.893805,21.058000,0
5.560000,0.248900,-0.569518,3.086283,-0.550021,-0.183445,-0.000078,0.887315,18.501500,0
5.580000,0.238554,-0.568555,3.099733,-0.550021,-0.180445,-0.000078,0.878908,18.614000,0
5.600000,0.259021,-0.566350,3.118283,-0.550022,-0.177445,-0.000078,0.897662,19.424600,0
5.620000,0.244999,-0.567109,3.096762,-0.550022,-0.174445,-0.000078,0.886704,19.927600,0
5.640000,0.228847,-0.566884,3.101298,-0.550022,-0.171445,-0.000078,0.873503,19.902700,0
5.660000,0.236415,-0.565926,3.104038,-0.550022,-0.168445,-0.000078,0.881178,19.936300,0
5.680000,0.233769,-0.569052,3.103791,-0.550023,-0.165445,-0.000078,0.881605,20.160300,0
5.700000,0.235551,-0.569454,3.102286,-0.550023,-0.162445,-0.000078,0.884750,20.578700,0
5.720000,0.225932,-0.568833,3.091990,-0.550023,-0.159445,-0.000078,0.877328,20.690100,0
5.740000,0.233954,-0.568614,-3.126052,-0.550023,-0.156445,-0.000078,0.885722,20.592200,0
5.760000,0.233688,-0.569572,-3.125188,-0.550024,-0.153445,-0.000078,0.887336,19.596700,0
5.780000,0.245986,-0.567613,-3.113825,-0.550024,-0.150445,-0.000078,0.898700,19.443100,0
5.800000,0.235646,-0.567468,-3.130978,-0.550024,-0.147445,-0.000078,0.890896,18.678000,0
5.820000,0.233519,-0.568904,3.134409,-0.550024,-0.144445,-0.000078,0.891126,18.645700,0
5.840000,0.228433,-0.567501,3.125519,-0.550025,-0.141445,-0.000078,0.887424,18.773000,0
5.860000,0.198635,-0.567313,3.106777,-0.550025,-0.138445,-0.000078,0.862798,18.905700,0
5.880000,0.194458,-0.567617,3.097197,-0.550025,-0.135445,-0.000078,0.860830,19.168500,0
5.900000,0.198617,-0.566960,3.124112,-0.550025,-0.132445,-0.000078,0.865603,19.288700,0
5.920000,0.180643,-0.563861,3.109964,-0.550025,-0.129445,-0.000078,0.850055,19.210300,0
5.940000,0.196973,-0.569693,3.116135,-0.550026,-0.126445,-0.000078,0.868606,19.293000,0
5.960000,0.192747,-0.570705,3.117706,-0.550026,-0.123445,-0.000078,0.867037,19.328800,0
5.980000,0.162374,-0.568459,3.115939,-0.550026,-0.120445,-0.000078,0.841564,19.534700,0
6.000000,0.187369,-0.568688,3.119637,-0.550026,-0.117445,-0.000078,0.864506,19.552100,0
6.020000,0.186017,-0.567511,3.113379,-0.550027,-0.114445,-0.000078,0.864309,19.411400,0
6.040000,0.182476,-0.568079,3.098770,-0.550027,-0.111445,-0.000078,0.863178,20.189500,0
6.060000,0.168684,-0.564956,3.103509,-0.550027,-0.108445,-0.000078,0.851438,20.855100,0
6.080000,0.165676,-0.565820,3.103536,-0.550027,-0.105445,-0.000078,0.850985,19.927600,0
6.100000,0.157929,-0.564735,3.082863,-0.550028,-0.102445,-0.000078,0.845527,19.538800,0
6.120000,0.158060,-0.565283,3.131612,-0.550028,-0.099445,-0.000078,0.847582,19.703800,0
6.140000,0.188017,-0.566662,-3.132205,-0.550028,-0.096445,-0.000078,0.875108,19.012000,0
6.160000,0.156433,-0.567820,-3.138440,-0.550028,-0.093445,-0.000078,0.850952,19.769600,0
6.180000,0.175004,-0.569073,3.134917,-0.550029,-0.090445,-0.000078,0.868768,19.756200,0
6.200000,0.173247,-0.568921,3.139196,-0.550029,-0.087445,-0.000078,0.868878,19.641200,0
6.220000,0.169951,-0.567376,-3.137460,-0.550029,-0.084445,-0.000078,0.866945,19.761800,0
6.240000,0.173931,-0.566565,-3.101681,-0.550029,-0.081445,-0.000078,0.871470,19.756500,0
6.260000,0.167542,-0.565876,3.122372,-0.550029,-0.078445,-0.000078,0.867465,19.565300,0
6.280000,0.158819,-0.568370,3.127715,-0.550030,-0.075445,-0.000078,0.863390,19.628300,0
6.300000,0.161840,-0.566569,-3.140139,-0.550030,-0.072445,-0.000078,0.866555,19.470600,0
6.320000,0.158204,-0.567608,-3.127276,-0.550030,-0.069445,-0.000078,0.865888,19.716300,0
6.340000,0.148058,-0.566912,3.117256,-0.550030,-0.066445,-0.000078,0.858949,19.647600,0
6.360000,0.139065,-0.568457,3.111431,-0.550031,-0.063445,-0.000078,0.854337,19.451100,0
6.380000,0.133982,-0.569093,3.118234,-0.550031,-0.060445,-0.000078,0.852407,20.049600,0
6.400000,0.126100,-0.565780,3.093521,-0.550031,-0.057445,-0.000078,0.845906,18.766700,0
6.420000,0.116251,-0.566206,3.113455,-0.550031,-0.054445,-0.000078,0.840137,18.423200,0
6.440000,0.119397,-0.563711,3.109574,-0.550032,-0.051445,-0.000078,0.842942,19.401800,0
6.460000,0.118215,-0.567901,3.105688,-0.550032,-0.048445,-0.000078,0.846398,19.366000,0
6.480000,0.113249,-0.565805,3.106284,-0.550032,-0.045445,-0.000078,0.843040,19.217300,0
6.500000,0.108682,-0.567684,3.134615,-0.550032,-0.042445,-0.000078,0.842485,19.467800,0
6.520000,0.072209,-0.568041,3.116273,-0.550032,-0.039445,-0.000078,0.816454,19.863000,0
6.540000,0.107470,-0.567536,3.116384,-0.550033,-0.036445,-0.000078,0.845203,20.020500,0
6.560000,0.105122,-0.564583,3.128526,-0.550033,-0.033445,-0.000078,0.843407,19.328100,0
6.580000,0.143066,-0.564109,-3.093423,-0.550033,-0.030445,-0.000078,0.874748,19.251700,0
6.600000,0.119075,-0.565558,3.128195,-0.550033,-0.027445,-0.000078,0.858645,20.583400,0
6.620000,0.104963,-0.567135,3.116637,-0.550034,-0.024445,-0.000078,0.850608,18.654400,0
6.640000,0.080230,-0.566384,3.071565,-0.550034,-0.021445,-0.000078,0.833181,20.055600,0
6.660000,0.082519,-0.563966,3.097867,-0.550034,-0.018445,-0.000078,0.835294,19.914000,0
6.680000,0.110930,-0.568750,-3.134303,-0.550034,-0.015445,-0.000078,0.861986,19.675000,0
6.700000,0.104203,-0.566227,-3.126210,-0.550035,-0.012445,-0.000078,0.857147,19.651100,0
6.720000,0.112595,-0.565379,-3.100752,-0.550035,-0.009445,-0.000078,0.864951,19.976900,0
6.740000,0.084916,-0.565541,3.099120,-0.550035,-0.006445,-0.000078,0.846021,19.849600,0
6.760000,0.091800,-0.565373,3.107178,-0.550035,-0.003445,-0.000078,0.853062,20.243100,0
6.780000,0.112239,-0.565760,-3.138057,-0.550035,-0.002491,0.009002,0.869413,20.337200,0
6.800000,0.068828,-0.565774,3.100770,-0.550033,-0.002317,0.029000,0.836943,20.116600,0
6.820000,0.092352,-0.568371,3.092752,-0.550032,-0.002300,0.047227,0.856209,18.410500,0
6.840000,0.086868,-0.565369,3.062219,-0.550031,-0.002303,0.065216,0.850108,18.713500,0
6.860000,0.089723,-0.567487,3.065583,-0.550030,-0.002306,0.083205,0.853647,18.980500,0
6.880000,0.095470,-0.568980,3.043264,-0.550029,-0.002308,0.101195,0.858945,18.906500,0
6.900000,0.095015,-0.572621,3.005654,-0.550028,-0.002309,0.119185,0.861009,19.004100,0
6.920000,0.095215,-0.573729,3.007169,-0.550027,-0.002316,0.137231,0.861887,19.370600,0
6.940000,0.088395,-0.571998,2.964970,-0.550026,-0.002323,0.155285,0.855635,19.949300,0
6.960000,0.089421,-0.574053,2.974185,-0.550025,-0.002330,0.173339,0.857764,19.267000,0
6.980000,0.099255,-0.573009,2.949469,-0.550024,-0.002337,0.191390,0.864425,19.260600,0
7.000000,0.067261,-0.569461,2.928358,-0.550023,-0.002343,0.209436,0.838250,19.698900,0
7.020000,0.078888,-0.567790,2.943914,-0.550023,-0.002338,0.209435,0.845733,19.544100,0
7.040000,0.089095,-0.572540,2.931595,-0.550022,-0.002334,0.209429,0.856508,19.364300,0
7.060000,0.083656,-0.571625,2.916277,-0.550022,-0.002331,0.209423,0.851847,19.696600,0
7.080000,0.068060,-0.568263,2.886662,-0.550021,-0.002328,0.209418,0.838038,19.692800,0
7.100000,0.062775,-0.569202,2.874054,-0.550021,-0.002326,0.209414,0.834786,19.196700,0
7.120000,0.074211,-0.571052,2.920813,-0.550021,-0.002325,0.209411,0.844462,19.450900,0
7.140000,0.057110,-0.565727,2.883059,-0.549397,0.000099,0.209456,0.829464,19.683300,0
7.160000,0.072751,-0.571299,2.919080,-0.548773,0.003035,0.209456,0.846258,19.463500,0
7.180000,0.096883,-0.575466,2.968796,-0.548150,0.005970,0.209454,0.868409,19.286100,0
7.200000,0.090215,-0.573015,2.912803,-0.547526,0.008905,0.209453,0.863333,19.999400,0
7.220000,0.065556,-0.565218,2.909140,-0.546902,0.011840,0.209452,0.841488,19.445300,0
7.240000,0.101755,-0.577594,2.976375,-0.546278,0.014775,0.209451,0.877979,20.038800,0
7.260000,0.055459,-0.569655,2.929836,-0.545655,0.017710,0.209451,0.840438,19.280700,0
7.280000,0.053930,-0.565831,2.946867,-0.545031,0.020645,0.209450,0.838277,19.773300,0
7.300000,0.063222,-0.567935,2.934653,-0.544407,0.023579,0.209450,0.847999,19.389800,0
7.320000,0.054124,-0.564814,2.943765,-0.543783,0.026514,0.209450,0.840929,19.148100,0
7.340000,0.062439,-0.565941,2.911097,-0.543160,0.029449,0.209450,0.849258,18.288500,0
7.360000,0.046417,-0.564479,2.930860,-0.542536,0.032383,0.209450,0.838516,19.162500,0
7.380000,0.048683,-0.567664,2.936568,-0.541912,0.035318,0.209449,0.844031,18.369000,0
7.400000,0.050788,-0.567952,2.943265,-0.541288,0.038252,0.209449,0.847370,19.404500,0
7.420000,0.045000,-0.563937,2.937950,-0.540665,0.041187,0.209449,0.842127,19.563000,0
7.440000,0.045720,-0.563746,2.940620,-0.540041,0.044121,0.209449,0.844167,19.425000,0
7.460000,0.043969,-0.563172,2.909752,-0.539417,0.047056,0.209449,0.844226,18.590400,0
7.480000,0.043621,-0.564801,2.922542,-0.539321,0.047729,0.222260,0.845586,19.705000,0
7.500000,0.032142,-0.560535,2.868544,-0.539285,0.047888,0.242145,0.834690,19.498600,0
7.520000,0.041448,-0.565060,2.922097,-0.539285,0.047888,0.260167,0.844368,20.188100,0
7.540000,0.049363,-0.564646,2.878365,-0.539285,0.047883,0.278176,0.849529,19.954400,0
7.560000,0.025274,-0.560215,2.791731,-0.539284,0.047878,0.296192,0.829761,20.573000,0
7.580000,0.026835,-0.560951,2.804302,-0.539283,0.047873,0.314212,0.831358,19.847700,0
7.600000,0.037402,-0.565925,2.822488,-0.539283,0.047868,0.332233,0.842203,20.524000,0
7.620000,0.047440,-0.567784,2.777893,-0.539282,0.047863,0.350255,0.850449,20.727400,0
7.640000,0.048473,-0.570813,2.789090,-0.539281,0.047859,0.368275,0.853352,19.749000,0
7.660000,0.039937,-0.566450,2.762077,-0.539280,0.047855,0.386294,0.844313,20.041900,0
7.680000,0.034164,-0.565504,2.696894,-0.539279,0.047851,0.404311,0.839667,20.030500,0
7.700000,0.036210,-0.567917,2.724235,-0.539278,0.047847,0.422326,0.842823,20.214900,0
7.720000,0.029865,-0.566804,2.699675,-0.539277,0.047844,0.440339,0.837684,20.088300,0
7.740000,0.030000,-0.566535,2.674312,-0.539276,0.047841,0.458350,0.837576,20.038400,0
7.760000,0.023042,-0.563320,2.594083,-0.539275,0.047838,0.476359,0.830490,20.594100,0
7.780000,0.023366,-0.564300,2.603971,-0.539274,0.047835,0.494366,0.831428,20.279900,0
7.800000,0.019220,-0.564623,2.631103,-0.539273,0.047832,0.512372,0.828864,20.116400,0
7.820000,0.034497,-0.573769,2.624057,-0.539272,0.047829,0.530376,0.845929,20.084700,0
7.840000,0.014414,-0.565621,2.542613,-0.539271,0.047827,0.548378,0.826369,19.815600,0
7.860000,0.027969,-0.569426,2.578659,-0.539270,0.047824,0.566379,0.838306,20.551400,0
7.880000,0.032961,-0.572890,2.579532,-0.539269,0.047822,0.584379,0.844234,20.487600,0
7.900000,0.011735,-0.562537,2.485803,-0.539268,0.047819,0.602378,0.822277,20.138200,0
7.920000,0.028322,-0.576570,2.522276,-0.539267,0.047817,0.620376,0.843811,20.427500,0
7.940000,0.028343,-0.572522,2.513905,-0.539266,0.047815,0.638373,0.840831,20.178600,0
7.960000,0.031361,-0.574647,2.490659,-0.539265,0.047812,0.656369,0.844434,19.653100,0
7.980000,0.037040,-0.575753,2.475519,-0.539264,0.047810,0.674365,0.849092,19.149200,0
8.000000,0.032370,-0.577545,2.459809,-0.539263,0.047808,0.692360,0.847249,18.221300,0
8.020000,0.022699,-0.575527,2.453151,-0.539261,0.047813,0.692353,0.839257,18.407900,0
8.040000,0.024595,-0.572223,2.464348,-0.537345,0.050123,0.692363,0.838505,18.213000,0
8.060000,0.015537,-0.566578,2.454444,-0.535427,0.052434,0.692357,0.828696,18.852200,0
8.080000,0.020861,-0.567703,2.449643,-0.533511,0.054746,0.692351,0.833529,18.531100,0
8.100000,0.014429,-0.567603,2.450853,-0.531595,0.057057,0.692345,0.829664,18.602200,0
8.120000,0.015622,-0.562982,2.465885,-0.529679,0.059368,0.692340,0.827450,18.990900,0
8.140000,0.015790,-0.562337,2.461371,-0.527763,0.061679,0.692336,0.827554,18.227500,0
8.160000,0.008388,-0.561144,2.451133,-0.525848,0.063990,0.692333,0.822314,19.414600,0
8.180000,0.009107,-0.559618,2.445812,-0.523933,0.066300,0.692331,0.822134,19.116500,0
8.200000,0.005711,-0.555391,2.467040,-0.522017,0.068610,0.692329,0.817235,19.485700,0
8.220000,0.003412,-0.559290,2.452970,-0.520102,0.070920,0.692328,0.819287,19.498200,0
8.240000,-0.000826,-0.553367,2.456885,-0.518187,0.073230,0.692327,0.812580,19.075900,0
8.260000,0.000252,-0.551806,2.453361,-0.516272,0.075539,0.692326,0.812624,19.648500,0
8.280000,-0.008545,-0.547498,2.410103,-0.514357,0.077849,0.692326,0.804304,19.528800,0
8.300000,-0.013416,-0.542500,2.415925,-0.514132,0.078119,0.709845,0.797424,19.943500,0
8.320000,0.002480,-0.551503,2.439344,-0.514116,0.078136,0.728137,0.814443,19.866400,0
8.340000,-0.010711,-0.543993,2.356929,-0.514118,0.078133,0.746124,0.800287,19.691000,0
8.360000,-0.008338,-0.550774,2.380684,-0.514119,0.078130,0.764116,0.807053,19.929700,0
8.380000,-0.006658,-0.548327,2.364582,-0.514120,0.078127,0.782110,0.806202,19.567800,0
8.400000,-0.011117,-0.551097,2.337250,-0.514120,0.078124,0.800107,0.805563,19.872900,0
8.420000,-0.007723,-0.549459,2.315556,-0.514121,0.078121,0.818104,0.806409,19.581300,0
8.440000,-0.007830,-0.551330,2.316352,-0.514121,0.078118,0.836102,0.807796,19.843900,0
8.460000,-0.007644,-0.557367,2.323381,-0.512044,0.079994,0.838423,0.812803,19.842400,0
8.480000,-0.006537,-0.548921,2.283027,-0.509811,0.082002,0.838417,0.807062,20.551300,0
8.500000,-0.011101,-0.546819,2.281251,-0.507577,0.084009,0.838412,0.802766,20.424400,0
8.520000,-0.013960,-0.545176,2.268884,-0.505345,0.086017,0.838407,0.799915,20.160000,0
8.540000,-0.017575,-0.541260,2.279874,-0.503113,0.088024,0.838404,0.794825,19.785700,0
8.560000,-0.017399,-0.538554,2.314824,-0.500881,0.090031,0.838401,0.793016,19.446100,0
8.580000,-0.019926,-0.540816,2.294776,-0.500622,0.090262,0.856005,0.793302,19.938200,0
8.600000,-0.019918,-0.538347,2.263503,-0.500599,0.090281,0.874365,0.791345,20.044900,0
8.620000,-0.017511,-0.540253,2.221990,-0.500601,0.090278,0.892354,0.794321,19.820500,0
8.640000,-0.025124,-0.534645,2.216198,-0.500602,0.090275,0.910345,0.785242,19.399500,0
8.660000,-0.025652,-0.536514,2.228099,-0.500603,0.090273,0.928339,0.786410,20.101600,0
8.680000,-0.027316,-0.538812,2.194935,-0.500604,0.090270,0.946333,0.787239,19.747900,0
8.700000,-0.022036,-0.543653,2.184278,-0.500604,0.090268,0.964328,0.794282,19.716400,0
8.720000,-0.010963,-0.552746,2.199904,-0.498513,0.091975,0.964436,0.808313,19.797200,0
8.740000,-0.021671,-0.538125,2.195445,-0.496045,0.093686,0.964429,0.790073,20.256900,0
8.760000,-0.029809,-0.526572,2.143254,-0.493578,0.095398,0.964423,0.775840,19.991000,0
8.780000,-0.026585,-0.530140,2.143124,-0.491111,0.097109,0.964418,0.780529,19.854500,0
8.800000,-0.029126,-0.522450,2.151102,-0.488644,0.098821,0.964415,0.772744,20.131800,0
8.820000,-0.027000,-0.529126,2.187994,-0.486178,0.100531,0.964412,0.779302,20.042900,0
8.840000,-0.033837,-0.522103,2.141671,-0.485852,0.100583,0.981334,0.769451,19.434000,0
8.860000,-0.033599,-0.527888,2.154077,-0.485855,0.100580,0.999319,0.774278,19.688300,0
8.880000,-0.038212,-0.522625,2.094168,-0.485857,0.100577,1.017308,0.767312,19.448100,0
8.900000,-0.035622,-0.527113,2.123375,-0.485859,0.100575,1.035299,0.772467,19.868300,0
8.920000,-0.037958,-0.522228,2.077669,-0.485860,0.100572,1.053292,0.767135,19.786000,0
8.940000,-0.036689,-0.528296,2.077235,-0.485861,0.100570,1.071285,0.772805,19.581000,0
8.960000,-0.028513,-0.533299,2.066176,-0.485862,0.100568,1.089279,0.781636,19.844400,0
8.980000,-0.028910,-0.539010,2.048976,-0.485862,0.100565,1.107272,0.786041,20.168100,0
9.000000,-0.036553,-0.526918,2.010756,-0.485863,0.100563,1.125265,0.771759,19.956600,0
9.020000,-0.041938,-0.526587,1.995693,-0.485863,0.100561,1.143257,0.768365,19.020300,0
9.040000,-0.042198,-0.529225,1.968168,-0.485863,0.100559,1.161249,0.770368,18.941300,0
9.060000,-0.035079,-0.534522,1.984824,-0.485863,0.100556,1.179239,0.778800,18.985900,0
9.080000,-0.033211,-0.534839,1.950252,-0.485863,0.100554,1.197229,0.780140,19.700200,0
9.100000,-0.030990,-0.536477,1.931579,-0.485862,0.100552,1.215218,0.782761,18.198100,0
9.120000,-0.046736,-0.522113,1.915636,-0.485862,0.100550,1.233207,0.761933,18.606700,0
9.140000,-0.046179,-0.527420,1.884998,-0.485862,0.100548,1.251195,0.766593,18.609300,0
9.160000,-0.037974,-0.538239,1.888759,-0.485862,0.100546,1.269182,0.780160,18.846200,0
9.180000,-0.041490,-0.538806,1.853353,-0.485862,0.100544,1.287168,0.778611,18.643900,0
9.200000,-0.046055,-0.524910,1.836086,-0.485861,0.100542,1.305155,0.764604,18.641000,0
9.220000,-0.042687,-0.538246,1.831249,-0.485861,0.100540,1.323140,0.777464,19.594400,0
9.240000,-0.045348,-0.520999,1.801704,-0.485861,0.100538,1.341126,0.761813,19.876100,0
9.260000,-0.046214,-0.532189,1.782846,-0.485861,0.100537,1.359111,0.770475,19.822700,0
9.280000,-0.045077,-0.532905,1.758803,-0.485861,0.100535,1.377095,0.771710,19.932000,0
9.300000,-0.044484,-0.530058,1.774066,-0.483533,0.101015,1.384194,0.768776,19.973200,0
9.320000,-0.047458,-0.520439,1.755251,-0.480581,0.101571,1.384191,0.757952,19.738700,0
9.340000,-0.050915,-0.519189,1.753769,-0.477629,0.102128,1.384178,0.753737,19.938100,0
9.360000,-0.051538,-0.520032,1.762222,-0.474678,0.102684,1.384169,0.752877,19.951900,0
9.380000,-0.051951,-0.523028,1.763959,-0.471728,0.103241,1.384162,0.753940,20.198100,0
9.400000,-0.051047,-0.510408,1.768048,-0.468778,0.103798,1.384157,0.742798,20.312400,0
9.420000,-0.050398,-0.512163,1.767289,-0.465829,0.104355,1.384154,0.743423,20.048200,0
9.440000,-0.049563,-0.513304,1.750643,-0.462879,0.104912,1.384152,0.743654,19.761600,0
9.460000,-0.051241,-0.519102,1.771032,-0.459931,0.105469,1.384151,0.746402,20.006700,0
9.480000,-0.052505,-0.503901,1.760588,-0.456982,0.106026,1.384150,0.731855,19.568700,0
9.500000,-0.050782,-0.502759,1.770507,-0.454033,0.106583,1.384149,0.730690,19.825500,0
9.520000,-0.052235,-0.496429,1.746820,-0.451085,0.107140,1.384148,0.723448,19.310800,0
9.540000,-0.052300,-0.493603,1.751196,-0.448137,0.107697,1.384147,0.719895,19.916500,0
9.560000,-0.053646,-0.493482,1.761794,-0.445188,0.108253,1.384146,0.717906,20.135600,0
9.580000,-0.050421,-0.491628,1.755478,-0.442240,0.108810,1.384146,0.716971,20.406500,0
9.600000,-0.050124,-0.485590,1.760220,-0.439292,0.109367,1.384145,0.710932,20.600200,0
9.620000,-0.058724,-0.483830,1.770158,-0.436344,0.109924,1.384145,0.703663,19.723500,0
9.640000,-0.057474,-0.465842,1.745828,-0.433396,0.110481,1.384145,0.688089,20.213800,0
9.660000,-0.055724,-0.481568,1.751162,-0.432741,0.110560,1.397258,0.701967,20.151200,0
9.680000,-0.053270,-0.487127,1.720566,-0.432570,0.110527,1.417257,0.707855,19.682700,0
9.700000,-0.056171,-0.467625,1.707274,-0.432572,0.110525,1.435255,0.689881,20.016800,0
9.720000,-0.055320,-0.486394,1.711487,-0.432575,0.110524,1.453244,0.706139,20.252100,0
9.740000,-0.059561,-0.472073,1.691200,-0.432577,0.110522,1.471233,0.691779,20.475400,0
9.760000,-0.059528,-0.489321,1.656511,-0.432579,0.110521,1.489223,0.706384,20.511400,0
9.780000,-0.059228,-0.474808,1.637543,-0.432580,0.110519,1.507213,0.694262,19.922800,0
9.800000,-0.060825,-0.486967,1.605293,-0.432581,0.110518,1.525203,0.703698,20.981900,0
9.820000,-0.061522,-0.467300,1.591853,-0.432582,0.110517,1.543191,0.686701,20.251200,0
9.840000,-0.058812,-0.479766,1.577178,-0.432583,0.110517,1.561179,0.698669,20.184100,0
9.860000,-0.060659,-0.474313,1.553801,-0.432584,0.110516,1.579167,0.693075,20.124700,0
9.880000,-0.061370,-0.481548,1.537664,-0.432584,0.110515,1.597153,0.698812,20.221600,0
9.900000,-0.064640,-0.471502,1.514749,-0.432585,0.110514,1.615139,0.688568,20.248800,0
9.920000,-0.063350,-0.472898,1.520626,-0.430416,0.110408,1.624495,0.689190,20.268600,0
9.940000,-0.061847,-0.470907,1.515655,-0.427417,0.110244,1.624492,0.686570,20.022000,0
9.960000,-0.059726,-0.466200,1.519417,-0.424418,0.110082,1.624487,0.681983,19.929600,0
9.980000,-0.059447,-0.465736,1.519041,-0.421420,0.109919,1.624479,0.680002,19.731300,0
10.000000,-0.061230,-0.463939,1.521873,-0.418422,0.109757,1.624474,0.675806,19.872400,0
10.020000,-0.060260,-0.465581,1.536311,-0.415424,0.109596,1.624469,0.675996,20.224100,0
10.040000,-0.060069,-0.456262,1.516009,-0.412427,0.109435,1.624465,0.666460,19.950400,0
10.060000,-0.058743,-0.453855,1.501733,-0.409430,0.109274,1.624461,0.663397,20.167300,0
10.080000,-0.060506,-0.452778,1.527195,-0.406434,0.109112,1.624458,0.659838,20.147200,0
10.100000,-0.062613,-0.443814,1.512577,-0.403437,0.108951,1.624456,0.649392,20.414200,0
10.120000,-0.057498,-0.447201,1.522255,-0.400441,0.108790,1.624455,0.653250,20.573000,0
10.140000,-0.058796,-0.440875,1.519865,-0.397445,0.108630,1.624454,0.645476,20.249300,0
10.160000,-0.058777,-0.439289,1.514381,-0.394449,0.108469,1.624453,0.642429,20.274500,0
10.180000,-0.059184,-0.441628,1.527887,-0.391453,0.108308,1.624452,0.642520,19.977700,0
10.200000,-0.062510,-0.430959,1.533504,-0.388457,0.108147,1.624452,0.629982,20.302200,0
10.220000,-0.061157,-0.435617,1.520984,-0.385461,0.107986,1.624451,0.632991,20.897800,0
10.240000,-0.060324,-0.432061,1.524319,-0.382465,0.107825,1.624451,0.628690,20.099000,0
10.260000,-0.058385,-0.429184,1.544776,-0.379469,0.107664,1.624451,0.625540,20.522800,0
10.280000,-0.060755,-0.418948,1.526722,-0.376474,0.107503,1.624451,0.613864,20.411800,0
10.300000,-0.061350,-0.420047,1.517575,-0.373478,0.107343,1.624451,0.612832,19.773300,0
10.320000,-0.059035,-0.417508,1.522479,-0.370482,0.107182,1.624451,0.610163,19.733600,0
10.340000,-0.056591,-0.405242,1.526403,-0.367486,0.107021,1.624451,0.599224,20.078800,0
10.360000,-0.055129,-0.408651,1.533192,-0.364491,0.106860,1.624451,0.601212,20.654100,0
10.380000,-0.056486,-0.408561,1.517624,-0.361495,0.106699,1.624451,0.598768,19.305100,0
10.400000,-0.055518,-0.391641,1.492348,-0.358499,0.106538,1.624451,0.583077,20.545000,0
10.420000,-0.054843,-0.395771,1.482779,-0.355504,0.106377,1.624451,0.585278,20.220700,0
10.440000,-0.055836,-0.388782,1.487764,-0.352508,0.106217,1.624451,0.577094,20.390900,0
10.460000,-0.054556,-0.386210,1.476171,-0.349512,0.106056,1.624451,0.573868,20.459500,0
10.480000,-0.055701,-0.389438,1.486577,-0.346516,0.105895,1.624451,0.574394,20.432700,0
10.500000,-0.055566,-0.375541,1.500418,-0.343521,0.105734,1.624451,0.560842,19.729000,0
10.520000,-0.054631,-0.374464,1.490796,-0.340525,0.105573,1.624451,0.558723,19.828600,0
10.540000,-0.053488,-0.376051,1.488590,-0.337529,0.105412,1.624451,0.559004,20.005400,0
10.560000,-0.052784,-0.383031,1.506710,-0.334534,0.105251,1.624451,0.563739,20.393700,0
10.580000,-0.053584,-0.379788,1.511853,-0.331538,0.105090,1.624451,0.558897,18.144200,0
10.600000,-0.054015,-0.377388,1.517350,-0.328542,0.104930,1.624451,0.554973,18.455900,0
10.620000,-0.057264,-0.377533,1.511291,-0.325547,0.104769,1.624451,0.551897,19.429600,0
10.640000,-0.056219,-0.376233,1.519060,-0.322551,0.104608,1.624451,0.549674,19.629600,0
10.660000,-0.056676,-0.368877,1.513974,-0.319555,0.104447,1.624451,0.541425,18.008500,0
10.680000,-0.056710,-0.372563,1.524710,-0.316560,0.104286,1.624451,0.543053,19.202300,0
10.700000,-0.054590,-0.356058,1.530299,-0.313564,0.104125,1.624451,0.528049,19.751300,0
10.720000,-0.053930,-0.357729,1.509227,-0.310568,0.103964,1.624451,0.528227,19.686600,0
10.740000,-0.056975,-0.352204,1.524781,-0.307573,0.103803,1.624451,0.520329,20.098200,0
10.760000,-0.055012,-0.341139,1.520883,-0.304577,0.103642,1.624451,0.510012,20.151900,0
10.780000,-0.054289,-0.351058,1.515940,-0.301581,0.103482,1.624451,0.517455,20.313300,0
10.800000,-0.052100,-0.344513,1.526488,-0.298585,0.103321,1.624451,0.511185,20.401200,0
10.820000,-0.052142,-0.335704,1.516974,-0.295590,0.103160,1.624451,0.501866,20.384700,0
10.840000,-0.053685,-0.335789,1.527857,-0.292594,0.102999,1.624451,0.499612,20.489200,0
10.860000,-0.052577,-0.336518,1.513537,-0.289598,0.102838,1.624451,0.499212,19.228900,0
10.880000,-0.054152,-0.332539,1.529542,-0.286603,0.102677,1.624451,0.493402,18.704700,0
10.900000,-0.052440,-0.321491,1.507333,-0.283607,0.102516,1.624451,0.482929,18.496800,0
10.920000,-0.051803,-0.319463,1.514564,-0.280611,0.102355,1.624451,0.479879,18.616200,0
10.940000,-0.055013,-0.316698,1.523041,-0.277616,0.102194,1.624451,0.474365,18.455800,0
10.960000,-0.054545,-0.321132,1.529737,-0.274620,0.102034,1.624451,0.476973,18.952000,0
10.980000,-0.052389,-0.312745,1.534588,-0.271624,0.101873,1.624451,0.469012,19.400000,0
11.000000,-0.051388,-0.322243,1.511528,-0.268629,0.101712,1.624451,0.476373,19.341200,0
11.020000,-0.052481,-0.311844,1.506815,-0.265633,0.101551,1.624451,0.465112,19.587900,0
11.040000,-0.044580,-0.296573,1.527290,-0.262637,0.101390,1.624451,0.453788,19.581900,0
11.060000,-0.048626,-0.302515,1.531703,-0.259642,0.101229,1.624451,0.455562,19.500100,0
11.080000,-0.049352,-0.305568,1.506819,-0.256646,0.101068,1.624451,0.456425,19.604500,0
11.100000,-0.050772,-0.300227,1.532114,-0.253650,0.100907,1.624451,0.449520,19.470900,0
11.120000,-0.048960,-0.287618,1.500436,-0.250655,0.100746,1.624451,0.437616,19.595100,0
11.140000,-0.047264,-0.285545,1.487074,-0.247659,0.100586,1.624451,0.435035,19.922300,0
11.160000,-0.048176,-0.283234,1.491051,-0.244663,0.100425,1.624451,0.431046,19.823600,0
11.180000,-0.048020,-0.286508,1.489002,-0.241668,0.100264,1.624451,0.432542,19.773900,0
11.200000,-0.048742,-0.284844,1.472789,-0.238672,0.100103,1.624451,0.429252,18.412600,0
11.220000,-0.050182,-0.280460,1.477604,-0.235676,0.099942,1.624451,0.423219,17.998900,0
11.240000,-0.050551,-0.277845,1.492417,-0.232680,0.099781,1.624451,0.419252,18.921600,0
11.260000,-0.045034,-0.265477,1.500877,-0.229685,0.099620,1.624451,0.409135,19.490200,0
11.280000,-0.045548,-0.265443,1.482310,-0.226689,0.099459,1.624451,0.407388,19.442800,0
11.300000,-0.045523,-0.268039,1.494542,-0.223693,0.099299,1.624451,0.408267,19.300600,0
11.320000,-0.043398,-0.259752,1.500284,-0.220698,0.099138,1.624451,0.400297,19.206300,0
11.340000,-0.045787,-0.258355,1.541514,-0.217702,0.098977,1.624451,0.396536,19.172600,0
11.360000,-0.045642,-0.262998,1.510981,-0.214706,0.098816,1.624451,0.399364,19.215400,0
11.380000,-0.045344,-0.257016,1.520564,-0.211711,0.098655,1.624451,0.392657,19.572700,0
11.400000,-0.049363,-0.255047,1.524473,-0.208715,0.098494,1.624451,0.387794,20.055600,0
11.420000,-0.046190,-0.252232,1.527083,-0.205719,0.098333,1.624451,0.385156,19.752000,0
11.440000,-0.044007,-0.248777,1.519105,-0.202724,0.098172,1.624451,0.381529,18.796400,0
11.460000,-0.047480,-0.251565,1.525677,-0.199728,0.098011,1.624451,0.381291,18.343800,0
11.480000,-0.046034,-0.234865,1.529177,-0.196732,0.097851,1.624451,0.365253,18.731100,0
11.500000,-0.048650,-0.237286,1.520960,-0.193737,0.097690,1.624451,0.365046,19.128600,0
11.520000,-0.047728,-0.236999,1.494040,-0.192877,0.097726,1.614062,0.364841,18.734200,0
11.540000,-0.044862,-0.231390,1.506555,-0.192703,0.097734,1.594064,0.360804,18.719900,0
11.560000,-0.042936,-0.234460,1.559526,-0.192704,0.097735,1.576047,0.364395,18.921300,0
11.580000,-0.041189,-0.236226,1.552989,-0.192707,0.097736,1.558059,0.366726,18.956000,0
11.600000,-0.039292,-0.228516,1.553750,-0.190590,0.097767,1.548127,0.359655,19.426100,0
11.620000,-0.039453,-0.221705,1.558840,-0.187589,0.097838,1.548129,0.352210,19.672300,0
11.640000,-0.040652,-0.221546,1.559672,-0.184587,0.097908,1.548132,0.350383,20.058700,0
11.660000,-0.040960,-0.220507,1.560953,-0.181586,0.097978,1.548134,0.348150,20.180600,0
11.680000,-0.042410,-0.219850,1.545702,-0.178586,0.098047,1.548135,0.345836,20.017300,0
11.700000,-0.041513,-0.208389,1.578997,-0.175585,0.098116,1.548137,0.334546,20.073500,0
11.720000,-0.040649,-0.211832,1.605374,-0.172585,0.098185,1.548138,0.336924,20.174100,0
11.740000,-0.040181,-0.215264,1.603769,-0.169585,0.098254,1.548139,0.339173,20.349400,0
11.760000,-0.040160,-0.209548,1.592212,-0.166585,0.098322,1.548140,0.332817,20.642800,0
11.780000,-0.042080,-0.214407,1.605667,-0.163586,0.098390,1.548141,0.335568,20.576800,0
11.800000,-0.042364,-0.193963,1.596898,-0.160586,0.098458,1.548141,0.315415,20.494100,0
11.820000,-0.043610,-0.196299,1.607276,-0.157587,0.098526,1.548141,0.316090,20.177000,0
11.840000,-0.043941,-0.202542,1.613120,-0.154587,0.098594,1.548142,0.320820,20.966000,0
11.860000,-0.046076,-0.191646,1.618498,-0.151588,0.098662,1.548142,0.308888,20.145200,0
11.880000,-0.042726,-0.196698,1.598910,-0.148588,0.098730,1.548142,0.313823,19.656700,0
11.900000,-0.041339,-0.207772,1.586141,-0.145589,0.098798,1.548142,0.323810,19.525500,0
11.920000,-0.041903,-0.199320,1.611016,-0.142590,0.098866,1.548142,0.314727,20.188100,0
11.940000,-0.042321,-0.188029,1.612147,-0.139590,0.098934,1.548142,0.303000,19.899800,0
11.960000,-0.041079,-0.177121,1.603046,-0.136591,0.099002,1.548143,0.292175,19.685700,0
11.980000,-0.039301,-0.175334,1.598662,-0.133592,0.099070,1.548143,0.290153,19.968600,0
12.000000,-0.038144,-0.179687,1.587131,-0.130593,0.099138,1.548143,0.293752,20.494700,0
12.020000,-0.039859,-0.176075,1.614105,-0.127593,0.099206,1.548143,0.288924,19.854700,0
12.040000,-0.041135,-0.163412,1.607363,-0.124594,0.099274,1.548142,0.275626,19.703200,0
12.060000,-0.042022,-0.158450,1.608339,-0.121595,0.099342,1.548142,0.269794,20.103400,0
12.080000,-0.042321,-0.173754,1.608512,-0.118596,0.099410,1.548142,0.283613,20.132900,0
12.100000,-0.041181,-0.163799,1.615495,-0.115596,0.099478,1.548142,0.273592,19.887900,0
12.120000,-0.043450,-0.147800,1.610123,-0.112597,0.099545,1.548142,0.256828,19.956900,0
12.140000,-0.044442,-0.151635,1.606127,-0.109598,0.099613,1.548142,0.259559,20.830800,0
12.160000,-0.045262,-0.132361,1.586451,-0.106599,0.099681,1.548142,0.240012,21.328000,0
12.180000,-0.042859,-0.147262,1.583153,-0.103599,0.099749,1.548142,0.254369,20.307700,0
12.200000,-0.043357,-0.144904,1.625039,-0.100600,0.099817,1.548142,0.251327,21.029800,0
12.220000,-0.041606,-0.148378,1.588948,-0.097601,0.099885,1.548142,0.254499,20.105100,0
12.240000,-0.040624,-0.147503,1.600321,-0.094602,0.099953,1.548142,0.253275,20.181500,0
12.260000,-0.041632,-0.142148,1.597589,-0.091602,0.100021,1.548142,0.247271,19.865700,0
12.280000,-0.041366,-0.140677,1.605830,-0.088603,0.100089,1.548142,0.245356,19.767000,0
12.300000,-0.042117,-0.129012,1.608642,-0.085604,0.100157,1.548142,0.233258,19.341500,0
12.320000,-0.042464,-0.132567,1.587434,-0.082605,0.100225,1.548142,0.236228,19.972800,0
12.340000,-0.041456,-0.129985,1.598770,-0.079605,0.100293,1.548142,0.233417,19.434300,0
12.360000,-0.041386,-0.119977,1.594326,-0.076606,0.100361,1.548142,0.223135,20.338000,0
12.380000,-0.041294,-0.122576,1.591358,-0.073607,0.100429,1.548142,0.225334,19.936600,0
12.400000,-0.041919,-0.117614,1.603441,-0.070608,0.100497,1.548142,0.219990,19.848900,0
12.420000,-0.037688,-0.118217,1.597926,-0.067609,0.100565,1.548142,0.220818,19.886800,0
12.440000,-0.041452,-0.112889,1.607197,-0.064609,0.100633,1.548142,0.214774,19.792100,0
12.460000,-0.044460,-0.103072,1.603927,-0.061610,0.100701,1.548142,0.204493,18.464400,0
12.480000,-0.043241,-0.105145,1.592639,-0.058611,0.100769,1.548142,0.206487,18.292100,0
12.500000,-0.042340,-0.094588,1.602368,-0.055612,0.100837,1.548142,0.195875,18.339500,0
12.520000,-0.044067,-0.094662,1.611994,-0.052612,0.100905,1.548142,0.195753,19.065000,0
12.540000,-0.043574,-0.096095,1.597464,-0.049613,0.100973,1.548142,0.197160,19.262200,0
12.560000,-0.042087,-0.088035,1.596149,-0.046614,0.101040,1.548142,0.189129,18.638500,0
12.580000,-0.044641,-0.088020,1.592525,-0.043615,0.101108,1.548142,0.189131,19.610800,0
12.600000,-0.043934,-0.079908,1.592524,-0.040615,0.101176,1.548142,0.181114,18.433100,0
12.620000,-0.042229,-0.074486,1.582417,-0.037616,0.101244,1.548142,0.175790,18.840100,0
12.640000,-0.045143,-0.081861,1.561145,-0.034617,0.101312,1.548142,0.183476,18.221700,0
12.660000,-0.041981,-0.069456,1.528370,-0.031618,0.101380,1.548142,0.171151,18.653200,0
12.680000,-0.042734,-0.081306,1.579468,-0.028619,0.101448,1.548142,0.183298,18.361700,0
12.700000,-0.043090,-0.075716,1.593523,-0.025619,0.101516,1.548142,0.178092,18.355700,0
12.720000,-0.042895,-0.072334,1.598850,-0.022620,0.101584,1.548142,0.175096,18.942000,0
12.740000,-0.043567,-0.054143,1.581624,-0.019621,0.101652,1.548142,0.157625,19.338300,0
12.760000,-0.044202,-0.052380,1.605195,-0.016622,0.101720,1.548142,0.156548,19.334900,0
12.780000,-0.043036,-0.054768,1.604571,-0.013622,0.101788,1.548142,0.159295,19.378500,0
12.800000,-0.042971,-0.055745,1.599655,-0.010623,0.101856,1.548142,0.160887,19.130400,0
12.820000,-0.040953,-0.043144,1.614967,-0.007624,0.101924,1.548142,0.148848,19.772700,0
12.840000,-0.040542,-0.061220,1.608831,-0.004625,0.101992,1.548142,0.167117,20.095900,0
12.860000,-0.042088,-0.042618,1.606199,-0.001625,0.102060,1.548142,0.150230,19.876900,0
12.880000,-0.042218,-0.042064,1.607445,0.001374,0.102128,1.548142,0.150637,19.284400,0
12.900000,-0.042082,-0.043463,1.579094,0.004373,0.102196,1.548142,0.152887,20.072900,0
12.920000,-0.044756,-0.041519,1.661274,0.007372,0.102264,1.548142,0.152941,20.553100,0
12.940000,-0.041125,-0.031943,1.583070,0.010371,0.102332,1.548142,0.143811,20.079600,0
12.960000,-0.040017,-0.032750,1.613515,0.013371,0.102400,1.548142,0.145313,19.317300,0
12.980000,-0.039384,-0.015585,1.583468,0.016370,0.102468,1.548142,0.130556,20.159100,0
13.000000,-0.039990,-0.024620,1.601353,0.019369,0.102536,1.548142,0.140329,19.698500,0
13.020000,-0.042306,-0.019422,1.608537,0.022368,0.102603,1.548142,0.138105,20.131800,0
13.040000,-0.042561,-0.021158,1.600690,0.025368,0.102671,1.548142,0.141237,20.397000,0
13.060000,-0.042564,-0.029584,1.607271,0.028367,0.102739,1.548142,0.150136,20.787300,0
13.080000,-0.044245,-0.010259,1.607651,0.031366,0.102807,1.548142,0.136018,19.570100,0
13.100000,-0.041719,-0.011542,1.604384,0.034365,0.102875,1.548142,0.137404,20.135700,0
13.120000,-0.042984,0.001107,1.574896,0.037364,0.102943,1.548142,0.129717,19.992900,0
13.140000,-0.043809,0.005556,1.561937,0.040364,0.103011,1.548142,0.128774,20.383500,0
13.160000,-0.041372,0.002697,1.561149,0.043363,0.103079,1.548142,0.131364,19.594400,0
13.180000,-0.041955,-0.000870,1.568997,0.046362,0.103147,1.548142,0.136453,20.134800,0
13.200000,-0.042123,0.004332,1.562513,0.049361,0.103215,1.548142,0.134712,19.685100,0
13.220000,-0.042400,0.004947,1.551314,0.052361,0.103283,1.548142,0.136564,20.185200,0
13.240000,-0.042113,0.023966,1.565755,0.055360,0.103351,1.548142,0.125710,19.681000,0
13.260000,-0.040917,0.029378,1.551745,0.058359,0.103419,1.548142,0.123846,19.317100,0
13.280000,-0.040576,0.013325,1.570491,0.061358,0.103487,1.548142,0.136087,18.349500,0
13.300000,-0.042777,0.009452,1.602929,0.064358,0.103555,1.548142,0.142594,18.412200,0
13.320000,-0.043917,0.023485,1.603118,0.067357,0.103623,1.548142,0.137128,17.890200,0
13.340000,-0.042033,0.024621,1.601604,0.070356,0.103691,1.548142,0.137416,18.571800,0
13.360000,-0.042364,0.039360,1.563945,0.073355,0.103759,1.548142,0.132431,19.157800,0
13.380000,-0.043010,0.033433,1.554418,0.076354,0.103827,1.548142,0.138575,19.348500,0
13.400000,-0.044745,0.026990,1.575573,0.079354,0.103895,1.548142,0.145996,19.488500,0
13.420000,-0.041644,0.029116,1.555457,0.082353,0.103963,1.548142,0.144836,19.576300,0
13.440000,-0.041616,0.046980,1.560358,0.085352,0.104031,1.548142,0.139196,19.213200,0
13.460000,-0.041964,0.042652,1.568247,0.088351,0.104099,1.548142,0.144076,19.351300,0
13.480000,-0.042578,0.049583,1.563926,0.091351,0.104166,1.548142,0.144625,20.106600,0
13.500000,-0.043041,0.042563,1.557827,0.094350,0.104234,1.548142,0.150597,19.637000,0
13.520000,-0.043812,0.050005,1.551625,0.097349,0.104302,1.548142,0.151244,19.515000,0
13.540000,-0.043933,0.060446,1.545160,0.100348,0.104370,1.548142,0.150819,19.527900,0
13.560000,-0.043993,0.048496,1.596110,0.103348,0.104438,1.548142,0.157603,19.870500,0
13.580000,-0.042582,0.057806,1.588968,0.106347,0.104506,1.548142,0.156079,20.109900,0
13.600000,-0.044008,0.068586,1.603842,0.109346,0.104574,1.548142,0.157520,19.565900,0
13.620000,-0.044406,0.056554,1.583889,0.112345,0.104642,1.548142,0.163962,19.520300,0
13.640000,-0.043758,0.061288,1.595659,0.115344,0.104710,1.548142,0.164921,19.397700,0
13.660000,-0.041379,0.073765,1.589453,0.118344,0.104778,1.548142,0.162706,19.299300,0
13.680000,-0.043747,0.089565,1.608396,0.121343,0.104846,1.548142,0.165796,20.212300,0
13.700000,-0.042965,0.082789,1.606315,0.124342,0.104914,1.548142,0.168764,19.214100,0
13.720000,-0.044148,0.076726,1.610813,0.127341,0.104982,1.548142,0.173801,19.161200,0
13.740000,-0.042925,0.092302,1.598954,0.130341,0.105050,1.548142,0.173734,19.686700,0
13.760000,-0.040988,0.095244,1.602374,0.133340,0.105118,1.548142,0.174608,19.388500,0
13.780000,-0.041826,0.090081,1.604530,0.136339,0.105186,1.548142,0.178804,20.016200,0
13.800000,-0.042432,0.100015,1.602289,0.139338,0.105254,1.548142,0.181845,19.455100,0
13.820000,-0.042453,0.102645,1.607406,0.142338,0.105322,1.548142,0.184810,19.559500,0
13.840000,-0.043558,0.097431,1.609395,0.145337,0.105390,1.548142,0.189062,18.601500,0
13.860000,-0.042750,0.100376,1.583978,0.148336,0.105458,1.548142,0.191153,18.485000,0
13.880000,-0.044611,0.103188,1.605237,0.151335,0.105526,1.548142,0.195960,21.035900,0
13.900000,-0.043981,0.110363,1.608530,0.154334,0.105594,1.548142,0.198372,19.668800,0
13.920000,-0.043711,0.120387,1.577099,0.157334,0.105662,1.548142,0.201584,19.442700,0
13.940000,-0.042151,0.120809,1.561203,0.160333,0.105729,1.548142,0.203044,19.651700,0
13.960000,-0.040482,0.123980,1.558561,0.163332,0.105797,1.548142,0.204623,19.528300,0
13.980000,-0.038696,0.129535,1.547548,0.166331,0.105865,1.548142,0.206389,19.595900,0
14.000000,-0.041356,0.129186,1.534347,0.169331,0.105933,1.548142,0.211966,19.417600,0
14.020000,-0.040650,0.137833,1.563662,0.172330,0.106001,1.548142,0.215346,18.194400,0
14.040000,-0.041500,0.140988,1.557539,0.175329,0.106069,1.548142,0.219623,18.030600,0
14.060000,-0.043166,0.140491,1.559962,0.178328,0.106137,1.548142,0.224142,17.993200,0
14.080000,-0.040451,0.134287,1.550070,0.181328,0.106205,1.548142,0.223550,18.967200,0
14.100000,-0.040634,0.146267,1.544835,0.184327,0.106273,1.548142,0.228489,19.987500,0
14.120000,-0.044112,0.142634,1.580486,0.187326,0.106341,1.548142,0.234266,19.344800,0
14.140000,-0.043284,0.145715,1.584557,0.190325,0.106409,1.548142,0.236893,19.894600,0
14.160000,-0.043392,0.149214,1.606639,0.193324,0.106477,1.548142,0.240543,19.694800,0
14.180000,-0.044153,0.149066,1.582384,0.196324,0.106545,1.548142,0.244208,20.030700,0
14.200000,-0.041943,0.152714,1.602282,0.199323,0.106613,1.548142,0.245631,19.232800,0
14.220000,-0.039237,0.154499,1.610263,0.202322,0.106681,1.548142,0.246246,19.574300,0
14.240000,-0.040450,0.171324,1.585990,0.205321,0.106749,1.548142,0.254113,20.007600,0
14.260000,-0.039912,0.171819,1.622088,0.208321,0.106817,1.548142,0.256603,19.663300,0
14.280000,-0.043401,0.151091,1.577006,0.211320,0.106885,1.548142,0.258529,20.360400,0
14.300000,-0.042777,0.166515,1.596489,0.214319,0.106953,1.548142,0.263905,20.081400,0
14.320000,-0.041453,0.172590,1.608483,0.217318,0.107021,1.548142,0.266949,19.600100,0
14.340000,-0.043428,0.173370,1.599953,0.220318,0.107089,1.548142,0.271947,19.599400,0
14.360000,-0.043143,0.182559,1.607281,0.223317,0.107157,1.548142,0.276923,19.806400,0
14.380000,-0.040771,0.177665,1.597213,0.226316,0.107225,1.548142,0.276219,19.925300,0
14.400000,-0.041841,0.177954,1.605268,0.229315,0.107292,1.548142,0.280211,19.969800,0
14.420000,-0.044915,0.189179,1.604363,0.232314,0.107360,1.548142,0.289050,20.052000,0
14.440000,-0.043058,0.187393,1.575479,0.235314,0.107428,1.548142,0.289630,19.807800,0
14.460000,-0.040725,0.202109,1.490159,0.238313,0.107496,1.548142,0.294642,20.241500,0
14.480000,-0.039905,0.210888,1.569235,0.241312,0.107564,1.548142,0.299598,20.336200,0
14.500000,-0.040494,0.213473,1.555261,0.244311,0.107632,1.548142,0.303836,20.129100,0
14.520000,-0.043243,0.204666,1.567042,0.247311,0.107700,1.548142,0.306307,19.643600,0
14.540000,-0.041381,0.213958,1.572810,0.250310,0.107768,1.548142,0.310419,19.891000,0
14.560000,-0.044310,0.222009,1.552092,0.253309,0.107836,1.548142,0.318767,19.928400,0
14.580000,-0.044572,0.214048,1.566794,0.256308,0.107904,1.548142,0.319053,19.786800,0
14.600000,-0.044085,0.217601,1.563016,0.259308,0.107972,1.548142,0.322592,19.555900,0
14.620000,-0.042944,0.230130,1.543091,0.262307,0.108040,1.548142,0.328762,19.861000,0
14.640000,-0.043080,0.221745,1.553049,0.265306,0.108108,1.548142,0.328657,19.514400,0
14.660000,-0.042946,0.220307,1.579604,0.268305,0.108176,1.548142,0.330833,19.980300,0
14.680000,-0.042599,0.224421,1.589305,0.271304,0.108244,1.548142,0.334711,20.726800,0
14.700000,-0.040027,0.229204,1.621502,0.274304,0.108312,1.548142,0.336777,19.881700,0
14.720000,-0.040494,0.226109,1.571806,0.277303,0.108380,1.548142,0.338903,19.686400,0
14.740000,-0.040489,0.232219,1.555485,0.280302,0.108448,1.548142,0.343840,18.545700,0
14.760000,-0.041504,0.239948,1.569305,0.283301,0.108516,1.548142,0.350390,19.357500,0
14.780000,-0.042313,0.247100,1.551776,0.286301,0.108584,1.548142,0.356614,21.033600,0
14.800000,-0.044995,0.248982,1.586936,0.289300,0.108652,1.548142,0.362555,21.268400,0
14.820000,-0.042587,0.244162,1.611065,0.292299,0.108720,1.548142,0.361238,21.108100,0
14.840000,-0.041588,0.232940,1.609129,0.295298,0.108788,1.548142,0.359035,21.648400,0
14.860000,-0.040015,0.261900,1.590055,0.298298,0.108855,1.548142,0.371320,21.353100,0
14.880000,-0.039954,0.264819,1.604190,0.301297,0.108923,1.548142,0.375174,21.342100,0
14.900000,-0.040146,0.263045,1.610872,0.304296,0.108991,1.548142,0.377324,21.852500,0
14.920000,-0.040217,0.275360,1.577258,0.307295,0.109059,1.548142,0.385254,21.521300,0
14.940000,-0.043290,0.260064,1.576148,0.308210,0.109042,1.557778,0.382570,21.943200,0
14.960000,-0.043692,0.254854,1.567753,0.308383,0.109040,1.577775,0.381076,22.398900,0
14.980000,-0.040854,0.273526,1.565986,0.308396,0.109039,1.595953,0.386046,18.552500,0
15.000000,-0.043154,0.253962,1.539310,0.308393,0.109038,1.613942,0.380248,18.886600,0
15.020000,-0.044679,0.272184,1.501542,0.308391,0.109037,1.631931,0.388941,18.927100,0
15.040000,-0.045813,0.265356,1.511418,0.308389,0.109036,1.649921,0.387163,19.574100,0
15.060000,-0.048113,0.255262,1.459633,0.308387,0.109035,1.667911,0.385324,19.859400,0
15.080000,-0.045448,0.272560,1.455091,0.308385,0.109034,1.685900,0.389793,19.759200,0
15.100000,-0.047929,0.260051,1.438207,0.308379,0.109033,1.703950,0.386991,19.406400,0
15.120000,-0.048849,0.259545,1.415160,0.308372,0.109032,1.722008,0.387635,19.925600,0
15.140000,-0.048119,0.266030,1.425692,0.310660,0.108660,1.729750,0.391775,19.851400,0
15.160000,-0.046920,0.267265,1.402918,0.313625,0.108183,1.729749,0.394081,19.098200,0
15.180000,-0.045519,0.269624,1.415980,0.316589,0.107706,1.729746,0.396660,19.717000,0
15.200000,-0.045697,0.281047,1.414180,0.319554,0.107230,1.729740,0.404501,20.194000,0
15.220000,-0.043977,0.280153,1.418050,0.322518,0.106754,1.729736,0.405446,19.716000,0
15.240000,-0.048126,0.275653,1.420834,0.325482,0.106279,1.729732,0.410208,20.147400,0
15.260000,-0.043368,0.289612,1.419005,0.328446,0.105804,1.729729,0.414767,19.602900,0
15.280000,-0.045397,0.289571,1.428901,0.331409,0.105329,1.729726,0.419438,20.183600,0
15.300000,-0.045300,0.285367,1.397758,0.334372,0.104854,1.729724,0.420400,20.262700,0
15.320000,-0.048427,0.284775,1.423154,0.337335,0.104379,1.729722,0.425858,20.140700,0
15.340000,-0.043477,0.299608,1.418715,0.340297,0.103904,1.729721,0.430793,20.682000,0
15.360000,-0.042161,0.299097,1.445551,0.343260,0.103429,1.729720,0.432244,19.649100,0
15.380000,-0.043411,0.300081,1.408061,0.346223,0.102955,1.729719,0.436662,19.858500,0
15.400000,-0.042156,0.303906,1.419299,0.349185,0.102480,1.729719,0.440137,20.487900,0
15.420000,-0.042790,0.304470,1.415308,0.352147,0.102005,1.729719,0.443811,19.659200,0
15.440000,-0.041165,0.312265,1.429067,0.355110,0.101530,1.729718,0.448824,20.040600,0
15.460000,-0.037521,0.313400,1.429367,0.358072,0.101056,1.729718,0.448981,20.270900,0
15.480000,-0.035701,0.328745,1.411440,0.361035,0.100581,1.729718,0.457666,18.712500,0
15.500000,-0.038447,0.316038,1.412829,0.363997,0.100106,1.729718,0.456714,18.310300,0
15.520000,-0.037274,0.325521,1.412580,0.366959,0.099632,1.729718,0.463066,18.494800,0
15.540000,-0.034139,0.328237,1.416996,0.369921,0.099157,1.729718,0.464481,18.726900,0
15.560000,-0.034809,0.341399,1.402343,0.372884,0.098682,1.729718,0.474474,19.709700,0
15.580000,-0.037228,0.321431,1.402014,0.373615,0.098599,1.741794,0.467382,19.317200,0
15.600000,-0.035197,0.341061,1.385490,0.373786,0.098569,1.761792,0.475468,19.568600,0
15.620000,-0.034493,0.323776,1.348024,0.373785,0.098569,1.779808,0.466272,19.394400,0
15.640000,-0.032973,0.344599,1.341205,0.373781,0.098568,1.797801,0.475374,19.519400,0
15.660000,-0.041198,0.327775,1.337462,0.373777,0.098568,1.815809,0.474068,19.552100,0
15.680000,-0.042648,0.335747,1.292230,0.373772,0.098567,1.833825,0.479229,19.154500,0
15.700000,-0.040636,0.332944,1.295681,0.373768,0.098566,1.851846,0.476092,19.501800,0
15.720000,-0.042350,0.328081,1.267933,0.373763,0.098565,1.869868,0.475213,18.164600,0
15.740000,-0.046098,0.320953,1.254177,0.373758,0.098564,1.887891,0.475117,18.922100,0
15.760000,-0.039871,0.337976,1.239310,0.373754,0.098564,1.905912,0.477916,19.388600,0
15.780000,-0.039082,0.333077,1.188005,0.373750,0.098563,1.923932,0.474792,19.988400,0
15.800000,-0.041116,0.331494,1.211884,0.373746,0.098561,1.941950,0.475782,19.469000,0
15.820000,-0.043287,0.328988,1.185851,0.373743,0.098560,1.959966,0.476457,20.224200,0
15.840000,-0.045968,0.320916,1.162111,0.373739,0.098559,1.977980,0.474970,19.184900,0
15.860000,-0.040473,0.336643,1.143642,0.373736,0.098558,1.995992,0.477759,20.024600,0
15.880000,-0.043743,0.326154,1.138588,0.373733,0.098557,2.014002,0.475485,19.856300,0
15.900000,-0.042828,0.332848,1.086696,0.373730,0.098556,2.032010,0.477926,20.119700,0
15.920000,-0.042127,0.331351,1.105271,0.373727,0.098555,2.050016,0.476580,19.917000,0
15.940000,-0.044810,0.329503,1.098434,0.373724,0.098554,2.068021,0.478025,20.148800,0
15.960000,-0.052494,0.323389,1.079884,0.376099,0.097264,2.071408,0.484587,20.489500,0
15.980000,-0.044108,0.336266,1.084383,0.378734,0.095821,2.071405,0.486425,20.183300,0
16.000000,-0.044256,0.338133,1.080057,0.381369,0.094379,2.071400,0.490482,19.860400,0
16.020000,-0.035580,0.345843,1.077116,0.384003,0.092938,2.071392,0.489909,20.119200,0
16.040000,-0.037999,0.346019,1.077915,0.386637,0.091498,2.071386,0.495073,20.729000,0
16.060000,-0.039740,0.339898,1.084863,0.389271,0.090057,2.071381,0.496458,20.101700,0
16.080000,-0.036648,0.352577,1.095436,0.391904,0.088617,2.071377,0.503320,20.486300,0
16.100000,-0.034231,0.357186,1.059719,0.394537,0.087177,2.071374,0.506701,19.761400,0
16.120000,-0.034513,0.359284,1.072836,0.397170,0.085737,2.071371,0.511056,20.093500,0
16.140000,-0.031597,0.362905,1.069809,0.399803,0.084297,2.071369,0.513545,19.922600,0
16.160000,-0.028770,0.363129,1.067040,0.402435,0.082857,2.071368,0.514286,20.025600,0
16.180000,-0.024211,0.366876,1.065069,0.405068,0.081417,2.071367,0.515526,19.916000,0
16.200000,-0.021607,0.373314,1.070880,0.407700,0.079977,2.071366,0.519953,20.215800,0
16.220000,-0.025331,0.370117,1.058285,0.410332,0.078537,2.071365,0.524234,19.552600,0
16.240000,-0.026532,0.371023,1.064826,0.412964,0.077098,2.071365,0.528724,19.923800,0
16.260000,-0.023190,0.373721,1.081662,0.415596,0.075658,2.071365,0.530448,19.988500,0
16.280000,-0.025800,0.370656,1.078423,0.418229,0.074218,2.071364,0.533888,20.205700,0
16.300000,-0.019285,0.383535,1.075166,0.420861,0.072778,2.071364,0.538793,19.892400,0
16.320000,-0.016649,0.380851,1.070341,0.423493,0.071339,2.071364,0.538073,20.163600,0
16.340000,-0.011472,0.390049,1.074721,0.426125,0.069899,2.071364,0.542205,20.119700,0
16.360000,-0.011537,0.389229,1.074311,0.428757,0.068459,2.071364,0.544750,20.278500,0
16.380000,-0.009999,0.390739,1.074999,0.431389,0.067019,2.071364,0.547374,20.071500,0
16.400000,-0.015154,0.385106,1.077651,0.434021,0.065580,2.071364,0.551230,20.442400,0
16.420000,-0.005040,0.405596,1.062742,0.434395,0.065374,2.087830,0.555747,19.994000,0
16.440000,-0.012332,0.392226,1.027203,0.434439,0.065348,2.106444,0.553582,19.566300,0
16.460000,-0.013485,0.390348,1.016784,0.434436,0.065349,2.124433,0.553405,19.832100,0
16.480000,-0.016746,0.388045,0.998558,0.434432,0.065350,2.142428,0.554701,20.048000,0
16.500000,-0.009852,0.403806,0.973885,0.434429,0.065350,2.160427,0.558514,20.064300,0
16.520000,-0.012729,0.398080,0.966840,0.434425,0.065350,2.178429,0.557365,20.470400,0
16.540000,-0.014500,0.400064,0.945804,0.434422,0.065350,2.196432,0.559968,19.851900,0
16.560000,-0.018064,0.390500,0.926227,0.434419,0.065350,2.214435,0.557192,19.836300,0
16.580000,-0.020070,0.390106,0.915726,0.434416,0.065349,2.232438,0.558591,20.084900,0
16.600000,-0.014688,0.399721,0.870503,0.434413,0.065349,2.250440,0.559907,19.459900,0
16.620000,-0.014802,0.399690,0.885534,0.434410,0.065348,2.268442,0.559978,19.834100,0
16.640000,-0.016039,0.399948,0.889145,0.436549,0.063554,2.270830,0.563912,19.623900,0
16.660000,-0.020334,0.396616,0.880016,0.438846,0.061618,2.270825,0.568392,19.707800,0
16.680000,-0.013465,0.404951,0.848428,0.441143,0.059683,2.270820,0.570857,19.495300,0
16.700000,-0.007503,0.409797,0.824852,0.443439,0.057749,2.270815,0.572090,18.702400,0
16.720000,0.000603,0.416833,0.814176,0.445735,0.055815,2.270810,0.573129,19.171900,0
16.740000,0.004604,0.419006,0.826530,0.448031,0.053881,2.270806,0.574407,18.981700,0
16.760000,0.007052,0.423977,0.841798,0.450327,0.051948,2.270804,0.578704,19.440100,0
16.780000,0.003682,0.420089,0.837267,0.452622,0.050015,2.270801,0.581809,18.920200,0
16.800000,0.005614,0.421807,0.834220,0.454918,0.048082,2.270800,0.584418,19.663100,0
16.820000,0.004523,0.422569,0.824790,0.457213,0.046149,2.270799,0.588745,19.356600,0
16.840000,0.012466,0.429824,0.832846,0.459508,0.044216,2.270798,0.590373,19.316200,0
16.860000,0.011960,0.427818,0.843731,0.461803,0.042283,2.270797,0.592449,19.401500,0
16.880000,0.015044,0.433382,0.838524,0.464098,0.040350,2.270797,0.596761,19.441800,0
16.900000,0.012355,0.435356,0.841136,0.466393,0.038418,2.270796,0.603084,19.616900,0
16.920000,0.012082,0.432507,0.842597,0.468687,0.036485,2.270796,0.604419,19.573300,0
16.940000,0.018917,0.436460,0.833204,0.470982,0.034552,2.270796,0.604891,19.174100,0
16.960000,0.024179,0.442979,0.817038,0.473277,0.032619,2.270795,0.608346,20.078500,0
16.980000,0.024663,0.442707,0.826988,0.475571,0.030687,2.270795,0.610801,19.849000,0
17.000000,0.020546,0.440218,0.859847,0.475839,0.030461,2.288335,0.612530,18.614100,0
17.020000,0.019161,0.437690,0.807146,0.475853,0.030446,2.306599,0.611895,19.211400,0
17.040000,0.016102,0.437638,0.835836,0.475850,0.030448,2.324587,0.614143,18.558700,0
17.060000,0.022329,0.444068,0.778473,0.475847,0.030449,2.342578,0.613807,18.649800,0
17.080000,0.020942,0.441238,0.790329,0.475844,0.030450,2.360572,0.612929,18.992300,0
17.100000,0.024347,0.447568,0.716656,0.475841,0.030450,2.378569,0.614683,18.631200,0
17.120000,0.017762,0.444562,0.753120,0.475838,0.030451,2.396566,0.617512,19.482600,0
17.140000,0.019980,0.442346,0.726850,0.475835,0.030451,2.414564,0.614379,19.361800,0
17.160000,0.021856,0.449251,0.690030,0.475833,0.030450,2.432562,0.617649,19.306600,0
17.180000,0.016376,0.442377,0.693856,0.475830,0.030450,2.450559,0.617075,19.090700,0
17.200000,0.018688,0.444307,0.659590,0.475828,0.030450,2.468555,0.616648,19.770100,0
17.220000,0.013915,0.438749,0.653137,0.475825,0.030449,2.486550,0.616497,19.635900,0
17.240000,0.019124,0.444157,0.630637,0.475823,0.030449,2.504545,0.616221,19.291700,0
17.260000,0.018992,0.445767,0.626799,0.475820,0.030449,2.522538,0.617398,19.946900,0
17.280000,0.016103,0.445817,0.622550,0.477558,0.028362,2.522659,0.622262,20.083300,0
17.300000,0.013836,0.444600,0.637598,0.479301,0.025915,2.522651,0.626063,19.855800,0
17.320000,0.015697,0.445039,0.628562,0.481043,0.023469,2.522643,0.627907,19.495000,0
17.340000,0.022321,0.448280,0.643020,0.482786,0.021023,2.522636,0.628153,19.989600,0
17.360000,0.027078,0.450001,0.641520,0.484528,0.018579,2.522630,0.628797,20.149900,0
17.380000,0.030996,0.453476,0.615254,0.486270,0.016134,2.522626,0.631303,19.664100,0
17.400000,0.031983,0.454489,0.635602,0.488012,0.013690,2.522624,0.634244,20.038500,0
17.420000,0.040814,0.461339,0.628887,0.489754,0.011246,2.522622,0.635713,19.603300,0
17.440000,0.030714,0.456974,0.618325,0.491495,0.008802,2.522620,0.642788,19.808900,0
17.460000,0.025877,0.453532,0.605469,0.491552,0.008480,2.539562,0.644146,19.914600,0
17.480000,0.032834,0.458896,0.591170,0.491549,0.008483,2.557551,0.642877,20.718700,0
17.500000,0.032496,0.456108,0.562965,0.491547,0.008485,2.575538,0.641166,19.078100,0
17.520000,0.033444,0.458418,0.554319,0.491544,0.008487,2.593528,0.642100,18.612400,0
17.540000,0.031206,0.459876,0.535969,0.491542,0.008488,2.611520,0.644718,19.808500,0
17.560000,0.036278,0.465520,0.537236,0.491539,0.008489,2.629513,0.645089,20.957000,0
17.580000,0.034574,0.466050,0.503974,0.491537,0.008490,2.647507,0.646666,20.836500,0
17.600000,0.040523,0.466640,0.438631,0.491535,0.008491,2.665500,0.642894,21.169800,0
17.620000,0.042049,0.467448,0.462463,0.491532,0.008491,2.683493,0.642399,21.779200,0
17.640000,0.029213,0.463438,0.443068,0.491530,0.008491,2.701486,0.648624,21.229000,0
17.660000,0.032014,0.465591,0.413223,0.491528,0.008491,2.719478,0.648147,21.182300,0
17.680000,0.028465,0.463830,0.407479,0.491526,0.008491,2.737469,0.649430,20.895200,0
17.700000,0.045988,0.470068,0.328103,0.491523,0.008491,2.755459,0.641525,21.482200,0
17.720000,0.050149,0.471349,0.328004,0.491521,0.008491,2.773449,0.639567,18.397800,0
17.740000,0.025959,0.465032,0.354273,0.491519,0.008491,2.791437,0.652055,18.766300,0
17.760000,0.026289,0.463365,0.355148,0.491517,0.008491,2.809425,0.650652,18.975100,0
17.780000,0.028736,0.467236,0.339517,0.492464,0.006247,2.810826,0.653876,19.072600,0
17.800000,0.033066,0.472158,0.324901,0.493440,0.003407,2.810825,0.657017,19.904800,0
17.820000,0.033677,0.469181,0.341779,0.494415,0.000566,2.810814,0.657175,19.412300,0
17.840000,0.035934,0.469448,0.345764,0.495391,-0.002274,2.810805,0.658500,17.868600,0
17.860000,0.053544,0.473892,0.314604,0.496367,-0.005114,2.810799,0.652334,18.362300,0
17.880000,0.052381,0.474731,0.342679,0.497342,-0.007952,2.810795,0.656486,18.245700,0
17.900000,0.044902,0.471608,0.331459,0.498317,-0.010791,2.810792,0.662038,17.859900,0
17.920000,0.046381,0.473556,0.360644,0.499292,-0.013629,2.810790,0.665190,20.020300,0
17.940000,0.044504,0.471402,0.353923,0.500268,-0.016468,2.810789,0.667636,19.339100,0
17.960000,0.057756,0.476517,0.346207,0.501242,-0.019306,2.810788,0.665222,19.233000,0
17.980000,0.059997,0.477145,0.345955,0.502217,-0.022143,2.810788,0.666969,19.382100,0
18.000000,0.058499,0.477634,0.340106,0.503192,-0.024981,2.810787,0.671099,19.092900,0
18.020000,0.064699,0.481070,0.343789,0.504167,-0.027819,2.810786,0.672384,19.198200,0
18.040000,0.065677,0.477119,0.354979,0.505141,-0.030656,2.810786,0.671538,19.587200,0
18.060000,0.061022,0.474050,0.354265,0.506116,-0.033494,2.810785,0.675063,19.764700,0
18.080000,0.073198,0.481191,0.345048,0.507091,-0.036331,2.810785,0.675346,19.523400,0
18.100000,0.087590,0.484959,0.293384,0.508065,-0.039169,2.810785,0.671945,18.635000,0
18.120000,0.095791,0.489275,0.281545,0.509040,-0.042006,2.810785,0.673079,18.383900,0
18.140000,0.095303,0.489518,0.285185,0.510014,-0.044844,2.810785,0.676408,18.371800,0
18.160000,0.091005,0.489165,0.315998,0.510070,-0.045354,2.826752,0.679210,19.144300,0
18.180000,0.085073,0.487499,0.304905,0.510043,-0.045457,2.845994,0.681647,19.383700,0
18.200000,0.070651,0.482879,0.272282,0.510041,-0.045453,2.863981,0.687167,19.572600,0
18.220000,0.085735,0.484695,0.231592,0.510039,-0.045451,2.881970,0.679035,19.569000,0
18.240000,0.081003,0.487896,0.243933,0.510037,-0.045449,2.899960,0.684491,18.516300,0
18.260000,0.094927,0.491476,0.181951,0.510035,-0.045448,2.917951,0.678676,19.820000,0
18.280000,0.069037,0.485755,0.235670,0.510033,-0.045446,2.935942,0.690400,19.030600,0
18.300000,0.078009,0.488992,0.207174,0.510031,-0.045445,2.953933,0.687217,19.230300,0
18.320000,0.073420,0.486906,0.168076,0.510029,-0.045445,2.971923,0.688495,19.062000,0
18.340000,0.072383,0.490709,0.160050,0.510027,-0.045444,2.989913,0.692092,19.509600,0
18.360000,0.084927,0.493348,0.142721,0.510397,-0.047736,2.997614,0.688329,19.799400,0
18.380000,0.080401,0.489902,0.143867,0.510827,-0.050708,2.997612,0.691032,19.507700,0
18.400000,0.081574,0.488985,0.149151,0.511256,-0.053681,2.997603,0.692180,19.537800,0
18.420000,0.095594,0.490461,0.146251,0.511686,-0.056653,2.997596,0.687361,19.677800,0
18.440000,0.089057,0.491890,0.156574,0.512116,-0.059624,2.997592,0.695088,19.425000,0
18.460000,0.100760,0.492313,0.125174,0.512547,-0.062595,2.997588,0.691008,18.903500,0
18.480000,0.086049,0.491342,0.154909,0.512977,-0.065565,2.997585,0.701721,19.396700,0
18.500000,0.098878,0.492314,0.154991,0.513408,-0.068535,2.997584,0.697414,19.830900,0
18.520000,0.113358,0.497631,0.131785,0.513839,-0.071505,2.997583,0.695918,18.917500,0
18.540000,0.108568,0.495459,0.146212,0.513872,-0.072218,3.009962,0.697516,19.508700,0
18.560000,0.102212,0.493698,0.115340,0.513846,-0.072391,3.029964,0.699928,19.622700,0
18.580000,0.101766,0.495163,0.103298,0.513845,-0.072389,3.047967,0.701373,18.940500,0
18.600000,0.097029,0.496657,0.081598,0.513844,-0.072386,3.065954,0.705369,19.525900,0
18.620000,0.095665,0.494998,0.055053,0.513842,-0.072384,3.083943,0.704837,19.352100,0
18.640000,0.103715,0.496817,0.038633,0.513841,-0.072382,3.101931,0.701563,19.632700,0
18.660000,0.106878,0.497958,0.020435,0.513841,-0.072381,3.119920,0.700646,18.994900,0
18.680000,0.096464,0.499768,0.011220,0.513840,-0.072379,3.137909,0.708205,19.621300,0
18.700000,0.103672,0.500193,-0.044669,0.513839,-0.072378,-3.127289,0.704326,19.642800,0
18.720000,0.088642,0.500128,-0.028533,0.513838,-0.072378,-3.109302,0.713130,19.902600,0
18.740000,0.102110,0.501209,-0.023331,0.513761,-0.074529,-3.099745,0.707765,18.376500,0
18.760000,0.101891,0.500020,-0.041576,0.513633,-0.077530,-3.099748,0.709293,18.586800,0
18.780000,0.098641,0.501746,-0.038012,0.513505,-0.080531,-3.099758,0.714953,18.704200,0
18.800000,0.101838,0.503635,-0.037234,0.513379,-0.083531,-3.099764,0.717028,19.382500,0
18.820000,0.116163,0.501053,-0.037395,0.513252,-0.086530,-3.099769,0.709177,19.564200,0
18.840000,0.139153,0.500809,-0.059832,0.513126,-0.089530,-3.099773,0.698825,19.559700,0
18.860000,0.110395,0.499944,-0.003346,0.513000,-0.092528,-3.099777,0.716319,19.892100,0
18.880000,0.113248,0.502056,-0.039779,0.512875,-0.095527,-3.099780,0.718894,20.035900,0
18.900000,0.123481,0.500715,-0.037058,0.512749,-0.098525,-3.099782,0.714575,19.964600,0
18.920000,0.127041,0.499831,-0.032672,0.512623,-0.101523,-3.099784,0.714353,20.181100,0
18.940000,0.130721,0.498119,-0.019481,0.512498,-0.104521,-3.099785,0.713392,20.004300,0
18.960000,0.138591,0.497559,-0.048106,0.512372,-0.107519,-3.099786,0.711218,20.009400,0
18.980000,0.142445,0.497357,-0.043508,0.512247,-0.110516,-3.099787,0.711522,19.889200,0
19.000000,0.147783,0.499036,-0.038772,0.512121,-0.113514,-3.099788,0.712713,19.753700,0
19.020000,0.150244,0.500037,-0.049283,0.511996,-0.116512,-3.099788,0.714841,19.869900,0
19.040000,0.158572,0.498701,-0.063980,0.511871,-0.119509,-3.099788,0.712042,19.222000,0
19.060000,0.120877,0.499978,-0.006237,0.511745,-0.122507,-3.099789,0.735027,18.579000,0
19.080000,0.161309,0.498726,-0.030959,0.511620,-0.125504,-3.099789,0.715808,18.259900,0
19.100000,0.158109,0.499436,-0.026653,0.511495,-0.128502,-3.099789,0.720547,18.241900,0
19.120000,0.155525,0.496879,-0.036516,0.511369,-0.131499,-3.099789,0.722138,19.035300,0
19.140000,0.168095,0.498759,-0.048998,0.511244,-0.134497,-3.099789,0.720253,19.009600,0
19.160000,0.216341,0.494313,-0.117379,0.511119,-0.137494,-3.099789,0.697190,19.851000,0
19.180000,0.187682,0.498667,-0.088270,0.510993,-0.140492,-3.099789,0.716278,19.428000,0
19.200000,0.188711,0.496258,-0.075891,0.510868,-0.143489,-3.099789,0.716283,19.095200,0
19.220000,0.200817,0.494650,-0.081981,0.510743,-0.146486,-3.099789,0.712116,19.150700,0
19.240000,0.192238,0.494669,-0.072799,0.510617,-0.149484,-3.099789,0.718539,19.717000,0
19.260000,0.204721,0.494648,-0.080409,0.510492,-0.152481,-3.099789,0.715732,19.795200,0
19.280000,0.209957,0.491929,-0.088468,0.510367,-0.155479,-3.099789,0.713711,19.646700,0
19.300000,0.218492,0.493810,-0.081176,0.510241,-0.158476,-3.099789,0.714559,19.555000,0
19.320000,0.227608,0.491937,-0.104311,0.510116,-0.161473,-3.099789,0.711868,19.801500,0
19.340000,0.209073,0.494716,-0.049544,0.509991,-0.164471,-3.099789,0.724624,19.231600,0
19.360000,0.202879,0.494736,-0.042472,0.509865,-0.167468,-3.099789,0.729901,19.421800,0
19.380000,0.195858,0.493517,-0.035101,0.509836,-0.168359,-3.089823,0.732573,19.557400,0
19.400000,0.199941,0.493761,-0.071918,0.509826,-0.168532,-3.069826,0.731205,19.458800,0
19.420000,0.199103,0.496635,-0.076885,0.509825,-0.168538,-3.051727,0.734168,19.774400,0
19.440000,0.192663,0.496743,-0.097193,0.509825,-0.168535,-3.033739,0.737012,19.632900,0
19.460000,0.195965,0.496259,-0.130852,0.509824,-0.168532,-3.015749,0.735156,19.696900,0
19.480000,0.204277,0.495712,-0.130157,0.509517,-0.170798,-3.007673,0.733080,19.385700,0
19.500000,0.233266,0.498219,-0.153540,0.509114,-0.173773,-3.007674,0.726406,20.375000,0
19.520000,0.237318,0.491598,-0.168729,0.508711,-0.176748,-3.007676,0.721346,19.925600,0
19.540000,0.240711,0.490153,-0.174951,0.508309,-0.179723,-3.007678,0.721347,19.638100,0
19.560000,0.251236,0.488927,-0.196101,0.507907,-0.182697,-3.007680,0.718999,20.196000,0
19.580000,0.229704,0.494892,-0.170186,0.507506,-0.185672,-3.007682,0.735079,19.280100,0
19.600000,0.230801,0.493377,-0.164917,0.507105,-0.188646,-3.007684,0.735866,19.488800,0
19.620000,0.239571,0.491241,-0.198263,0.506704,-0.191620,-3.007685,0.733253,19.333800,0
19.640000,0.244573,0.493413,-0.166952,0.506303,-0.194594,-3.007686,0.736108,19.484400,0
19.660000,0.260551,0.488630,-0.174504,0.505902,-0.197567,-3.007686,0.728741,19.463900,0
19.680000,0.255718,0.487602,-0.187688,0.505502,-0.200541,-3.007687,0.732074,19.377400,0
19.700000,0.270819,0.485353,-0.172565,0.505101,-0.203514,-3.007687,0.727616,19.245100,0
19.720000,0.258539,0.488953,-0.169632,0.504701,-0.206488,-3.007688,0.737722,19.104500,0
19.740000,0.269753,0.487438,-0.174929,0.504300,-0.209461,-3.007688,0.735309,19.990300,0
19.760000,0.268093,0.486587,-0.178233,0.503900,-0.212434,-3.007688,0.737723,18.062600,0
19.780000,0.263794,0.487312,-0.192364,0.503499,-0.215408,-3.007688,0.742478,19.152000,0
19.800000,0.279692,0.481572,-0.179676,0.503099,-0.218381,-3.007688,0.734741,19.609800,0
19.820000,0.275408,0.484734,-0.186802,0.502698,-0.221354,-3.007689,0.741769,18.907800,0
19.840000,0.281253,0.483828,-0.167900,0.502298,-0.224327,-3.007689,0.741852,18.837200,0
19.860000,0.274234,0.486331,-0.171309,0.501897,-0.227300,-3.007689,0.749066,18.478200,0
19.880000,0.284148,0.485791,-0.181867,0.501497,-0.230274,-3.007689,0.748325,18.397200,0
19.900000,0.292429,0.482487,-0.146144,0.501096,-0.233247,-3.007689,0.745531,18.140800,0
19.920000,0.288226,0.484084,-0.157360,0.500696,-0.236220,-3.007689,0.750987,18.635500,0
19.940000,0.275200,0.488382,-0.131712,0.500295,-0.239193,-3.007689,0.761599,18.763000,0
19.960000,0.276089,0.485253,-0.136435,0.500220,-0.239956,-2.996014,0.759054,19.934200,0
19.980000,0.275130,0.485139,-0.183796,0.500195,-0.240127,-2.976016,0.759385,19.544800,0
20.000000,0.271022,0.488464,-0.160471,0.500194,-0.240127,-2.957988,0.763783,20.399800,0
20.020000,0.273619,0.485169,-0.202401,0.500194,-0.240123,-2.939993,0.759858,20.317600,0
20.040000,0.261642,0.489891,-0.217151,0.500193,-0.240119,-2.921981,0.767998,19.873000,0
20.060000,0.252285,0.495153,-0.240410,0.500192,-0.240114,-2.903960,0.775935,20.015900,0
20.080000,0.278415,0.489122,-0.272979,0.500191,-0.240109,-2.885935,0.762208,19.622300,0
20.100000,0.269375,0.492960,-0.255037,0.500191,-0.240104,-2.867908,0.768544,20.028600,0
20.120000,0.281177,0.488228,-0.288710,0.500190,-0.240099,-2.849882,0.760544,19.659400,0
20.140000,0.278704,0.492842,-0.287942,0.499441,-0.242491,-2.844195,0.767750,20.160500,0
20.160000,0.284544,0.491347,-0.302308,0.498559,-0.245362,-2.844192,0.767165,19.949100,0
20.180000,0.280085,0.492454,-0.293602,0.497679,-0.248233,-2.844195,0.771987,18.462500,0
20.200000,0.290852,0.488066,-0.320367,0.496798,-0.251103,-2.844199,0.767323,18.478100,0
20.220000,0.308598,0.485410,-0.366455,0.495918,-0.253973,-2.844203,0.762742,18.375700,0
20.240000,0.306307,0.480946,-0.358288,0.495038,-0.256843,-2.844206,0.761545,18.742500,0
20.260000,0.319200,0.477147,-0.355873,0.494159,-0.259713,-2.844209,0.757346,19.003200,0
20.280000,0.305841,0.485851,-0.337346,0.493279,-0.262582,-2.844211,0.771547,18.974300,0
20.300000,0.307559,0.484086,-0.332933,0.492400,-0.265451,-2.844213,0.771993,19.217600,0
20.320000,0.321240,0.476270,-0.337311,0.491521,-0.268320,-2.844214,0.763813,19.297800,0
20.340000,0.314092,0.477898,-0.340664,0.490642,-0.271189,-2.844216,0.769611,22.670200,0
20.360000,0.320472,0.478987,-0.336814,0.489763,-0.274057,-2.844216,0.771839,18.805600,0
20.380000,0.329429,0.473495,-0.349878,0.488884,-0.276926,-2.844217,0.767175,19.186200,0
20.400000,0.324804,0.475532,-0.312227,0.488005,-0.279795,-2.844217,0.772757,18.550500,0
20.420000,0.297673,0.486519,-0.225630,0.487126,-0.282663,-2.844218,0.792171,19.870700,0
20.440000,0.334821,0.475229,-0.315100,0.486247,-0.285532,-2.844218,0.775685,18.886300,0
20.460000,0.343990,0.469199,-0.328292,0.485368,-0.288400,-2.844218,0.770678,19.389800,0
20.480000,0.348570,0.466746,-0.327611,0.484489,-0.291269,-2.844218,0.770105,20.273100,0
20.500000,0.345824,0.466867,-0.336440,0.483610,-0.294137,-2.844218,0.773377,19.953400,0
20.520000,0.346114,0.468866,-0.337636,0.482731,-0.297006,-2.844218,0.777961,19.898900,0
20.540000,0.344373,0.468952,-0.325267,0.481852,-0.299874,-2.844218,0.781021,20.265700,0
20.560000,0.350671,0.464123,-0.336705,0.480973,-0.302742,-2.844218,0.777856,21.434300,0
20.580000,0.352633,0.463938,-0.337600,0.480094,-0.305611,-2.844218,0.780033,20.059700,0
20.600000,0.356146,0.464757,-0.348647,0.479215,-0.308479,-2.844218,0.782968,19.573800,0
20.620000,0.363804,0.460375,-0.345000,0.478336,-0.311347,-2.844218,0.780175,20.624600,0
20.640000,0.377358,0.457962,-0.358088,0.477456,-0.314216,-2.844218,0.778639,20.448600,0
20.660000,0.373829,0.461880,-0.334585,0.476577,-0.317084,-2.844218,0.785711,21.151200,0
20.680000,0.372246,0.459037,-0.326146,0.475698,-0.319952,-2.844218,0.785829,21.108000,0
20.700000,0.361169,0.463887,-0.315758,0.474819,-0.322821,-2.844218,0.794875,21.391800,0
20.720000,0.374091,0.458451,-0.382073,0.473940,-0.325689,-2.844218,0.790471,21.288500,0
20.740000,0.373422,0.459643,-0.323809,0.473061,-0.328557,-2.844218,0.794473,21.376900,0
20.760000,0.382654,0.455342,-0.343244,0.472182,-0.331426,-2.844218,0.791846,21.793700,0
20.780000,0.391582,0.452342,-0.348981,0.471303,-0.334294,-2.844218,0.790665,21.699100,0
20.800000,0.387782,0.455614,-0.371376,0.470424,-0.337162,-2.844218,0.797072,21.371700,0
20.820000,0.388169,0.454306,-0.331729,0.469545,-0.340031,-2.844218,0.798494,20.822100,0
20.840000,0.394659,0.450948,-0.350900,0.468666,-0.342899,-2.844218,0.797289,21.251700,0
20.860000,0.389916,0.450124,-0.310800,0.467787,-0.345767,-2.844218,0.799691,22.155100,0
20.880000,0.338616,0.468448,-0.169581,0.466908,-0.348636,-2.844218,0.827094,21.914300,0
20.900000,0.378367,0.455292,-0.304594,0.466029,-0.351504,-2.844218,0.811544,20.941800,0
20.920000,0.387164,0.453782,-0.302323,0.465150,-0.354372,-2.844218,0.811908,18.193400,0
20.940000,0.397795,0.449255,-0.285226,0.464271,-0.357241,-2.844218,0.809231,19.235300,0
20.960000,0.397465,0.452178,-0.292729,0.463392,-0.360109,-2.844218,0.814958,18.889900,0
20.980000,0.401620,0.447458,-0.299953,0.462513,-0.362977,-2.844218,0.812720,18.676200,0
21.000000,0.395061,0.450676,-0.286663,0.461634,-0.365846,-2.844218,0.819231,18.582000,0
21.020000,0.409982,0.448087,-0.295172,0.460755,-0.368714,-2.844218,0.818378,18.868200,0
21.040000,0.416001,0.445803,-0.305713,0.459876,-0.371582,-2.844218,0.818562,18.121000,0
21.060000,0.414186,0.446729,-0.302084,0.458997,-0.374451,-2.844218,0.822402,18.674600,0
21.080000,0.407547,0.448737,-0.292919,0.458118,-0.377319,-2.844218,0.827602,18.084600,0
21.100000,0.409947,0.450154,-0.279455,0.457239,-0.380187,-2.844218,0.831687,18.883500,0
21.120000,0.425733,0.441625,-0.309298,0.456360,-0.383056,-2.844218,0.825249,18.557400,0
21.140000,0.420912,0.443853,-0.293992,0.455481,-0.385924,-2.844218,0.830497,18.329100,0
21.160000,0.422661,0.445444,-0.295546,0.454602,-0.388792,-2.844218,0.834847,18.546600,0
21.180000,0.426433,0.443402,-0.295004,0.453723,-0.391661,-2.844218,0.835509,18.279100,0
21.200000,0.424332,0.444657,-0.306906,0.452844,-0.394529,-2.844218,0.839670,18.250800,0
21.220000,0.434898,0.440095,-0.302587,0.451965,-0.397397,-2.844218,0.837666,18.679000,0
21.240000,0.411312,0.443463,-0.289412,0.451086,-0.400266,-2.844218,0.844666,18.414500,0
21.260000,0.436412,0.435999,-0.299640,0.450207,-0.403134,-2.844218,0.839247,18.320500,0
21.280000,0.441568,0.436154,-0.292794,0.449327,-0.406002,-2.844218,0.842192,18.806400,0
21.300000,0.442463,0.437578,-0.298107,0.448448,-0.408871,-2.844218,0.846470,19.224400,0
21.320000,0.435943,0.437274,-0.268217,0.447569,-0.411739,-2.844218,0.849093,19.914100,0
21.340000,0.467322,0.424711,-0.325302,0.446690,-0.414607,-2.844218,0.839572,19.500900,0
21.360000,0.475020,0.423660,-0.349179,0.445811,-0.417476,-2.844218,0.841643,19.669500,0
21.380000,0.469702,0.426753,-0.362542,0.444932,-0.420344,-2.844218,0.847459,19.883400,0
21.400000,0.446219,0.437486,-0.292458,0.444053,-0.423212,-2.844218,0.860701,19.877000,0
21.420000,0.459049,0.431172,-0.293569,0.443174,-0.426081,-2.844218,0.857400,19.052700,0
21.440000,0.460293,0.429834,-0.309931,0.443066,-0.426669,-2.830387,0.856676,18.541400,0
21.460000,0.461319,0.429883,-0.339936,0.443026,-0.426791,-2.810903,0.856869,18.580400,0
21.480000,0.467916,0.429589,-0.360128,0.443027,-0.426789,-2.792893,0.856739,18.115700,0
21.500000,0.457559,0.432753,-0.368008,0.443027,-0.426784,-2.774886,0.859659,19.025400,0
21.520000,0.463065,0.430926,-0.371501,0.443026,-0.426779,-2.756874,0.857940,19.639000,0
21.540000,0.451290,0.433825,-0.395089,0.443026,-0.426775,-2.738859,0.860640,19.856200,0
21.560000,0.472063,0.426699,-0.439243,0.443025,-0.426770,-2.720844,0.853962,19.878900,0
21.580000,0.483425,0.418824,-0.462752,0.441945,-0.429181,-2.716779,0.849019,19.664100,0
21.600000,0.488201,0.415088,-0.473070,0.440706,-0.431917,-2.716777,0.848336,20.124900,0
21.620000,0.481695,0.424169,-0.446758,0.439468,-0.434653,-2.716779,0.859859,19.498300,0
21.640000,0.492258,0.419831,-0.462362,0.438230,-0.437388,-2.716783,0.858920,19.494000,0
21.660000,0.508172,0.413906,-0.493237,0.436993,-0.440123,-2.716786,0.856990,19.949900,0
21.680000,0.481999,0.425344,-0.434382,0.435755,-0.442857,-2.716788,0.869432,19.987100,0
21.700000,0.476952,0.427918,-0.408659,0.434519,-0.445592,-2.716790,0.874540,19.503800,0
21.720000,0.496408,0.418964,-0.458357,0.433282,-0.448326,-2.716791,0.869585,20.181700,0
21.740000,0.496366,0.416340,-0.462547,0.432045,-0.451060,-2.716793,0.869781,19.641300,0
21.760000,0.502064,0.416142,-0.462829,0.430808,-0.453794,-2.716794,0.872850,19.811100,0
21.780000,0.514426,0.412710,-0.473417,0.429572,-0.456528,-2.716794,0.873370,19.763300,0
21.800000,0.504690,0.414181,-0.449188,0.428335,-0.459261,-2.716795,0.876773,19.636900,0
21.820000,0.497810,0.418785,-0.454611,0.428138,-0.459697,-2.701032,0.881240,19.763800,0
21.840000,0.500223,0.416439,-0.459284,0.428105,-0.459765,-2.682142,0.879167,20.033900,0
21.860000,0.492548,0.420725,-0.461837,0.428106,-0.459761,-2.664151,0.882841,19.419200,0
21.880000,0.500749,0.417537,-0.504021,0.428106,-0.459758,-2.646156,0.880298,19.628400,0
21.900000,0.503779,0.418026,-0.506681,0.428107,-0.459754,-2.628156,0.881036,20.633300,0
21.920000,0.493323,0.423973,-0.517764,0.428106,-0.459751,-2.610153,0.886127,18.697600,0
21.940000,0.499150,0.422377,-0.570698,0.428106,-0.459747,-2.592149,0.884980,17.996300,0
21.960000,0.498115,0.418396,-0.553823,0.428106,-0.459744,-2.574143,0.880926,19.423900,0
21.980000,0.504729,0.418756,-0.581717,0.428105,-0.459741,-2.556138,0.881832,18.647800,0
22.000000,0.501301,0.421769,-0.596382,0.428105,-0.459738,-2.538134,0.884541,18.635600,0
22.020000,0.500892,0.422020,-0.627468,0.428104,-0.459735,-2.520130,0.884754,18.361500,0
22.040000,0.502944,0.421364,-0.647972,0.428103,-0.459732,-2.502128,0.884269,18.253600,0
22.060000,0.503620,0.423590,-0.655577,0.428103,-0.459729,-2.484126,0.886541,18.265300,0
22.080000,0.502635,0.426973,-0.679163,0.428102,-0.459727,-2.466126,0.889827,18.618400,0
22.100000,0.506746,0.422268,-0.698207,0.428101,-0.459724,-2.448127,0.885492,19.804900,0
22.120000,0.504876,0.422292,-0.706842,0.428100,-0.459722,-2.430129,0.885349,18.295600,0
22.140000,0.503489,0.424643,-0.729474,0.428099,-0.459720,-2.412132,0.887571,17.600900,0
22.160000,0.507772,0.419648,-0.771735,0.428099,-0.459717,-2.394136,0.882967,18.516900,0
22.180000,0.503782,0.426354,-0.752400,0.428098,-0.459715,-2.376141,0.889296,18.578800,0
22.200000,0.502335,0.426545,-0.776148,0.428097,-0.459713,-2.358147,0.889362,18.908900,0
22.220000,0.507894,0.422534,-0.805305,0.428096,-0.459711,-2.340154,0.885847,19.456200,0
22.240000,0.501446,0.428520,-0.820014,0.428095,-0.459709,-2.322161,0.891253,19.242400,0
22.260000,0.510716,0.420590,-0.843456,0.428094,-0.459707,-2.304169,0.884166,19.083100,0
22.280000,0.507625,0.429296,-0.852628,0.428094,-0.459705,-2.286177,0.892551,19.331600,0
22.300000,0.502048,0.435223,-0.870203,0.428093,-0.459703,-2.268186,0.897976,20.331000,0
22.320000,0.510740,0.427115,-0.871182,0.428092,-0.459701,-2.250195,0.890659,19.452200,0
22.340000,0.511811,0.426713,-0.880249,0.426020,-0.461545,-2.249426,0.892392,19.790900,0
22.360000,0.514869,0.419227,-0.896017,0.423681,-0.463431,-2.249433,0.887356,19.885200,0
22.380000,0.513065,0.418885,-0.888587,0.421343,-0.465317,-2.249443,0.888947,19.943800,0
22.400000,0.514878,0.417776,-0.891246,0.419006,-0.467202,-2.249451,0.890155,20.296500,0
22.420000,0.515511,0.419571,-0.866750,0.416669,-0.469087,-2.249458,0.894138,18.686000,0
22.440000,0.516234,0.416147,-0.868028,0.414333,-0.470972,-2.249462,0.892952,18.406300,0
22.460000,0.523009,0.409787,-0.879221,0.411997,-0.472857,-2.249465,0.889598,18.555300,0
22.480000,0.522870,0.412046,-0.874949,0.409661,-0.474741,-2.249468,0.893984,19.393900,0
22.500000,0.526726,0.407423,-0.886038,0.407325,-0.476625,-2.249469,0.892075,19.150400,0
22.520000,0.527707,0.406130,-0.880525,0.404990,-0.478509,-2.249471,0.893110,19.886400,0
22.540000,0.529449,0.400911,-0.882592,0.402654,-0.480393,-2.249471,0.890378,18.930900,0
22.560000,0.529702,0.404315,-0.874107,0.400319,-0.482277,-2.249472,0.895983,19.434300,0
22.580000,0.535451,0.396306,-0.882343,0.397983,-0.484161,-2.249473,0.891134,18.665700,0
22.600000,0.524776,0.400736,-0.885872,0.395648,-0.486044,-2.249473,0.896132,19.535400,0
22.620000,0.532376,0.394180,-0.883040,0.393313,-0.487928,-2.249474,0.893003,19.402900,0
22.640000,0.533294,0.395024,-0.863154,0.390977,-0.489811,-2.249474,0.896207,19.668300,0
22.660000,0.548925,0.373939,-0.933078,0.388642,-0.491695,-2.249475,0.880348,19.570800,0
22.680000,0.552968,0.369316,-0.938782,0.386307,-0.493578,-2.249475,0.878841,19.926500,0
22.700000,0.551868,0.371406,-0.935428,0.383972,-0.495462,-2.249475,0.882978,20.678700,0
22.720000,0.550324,0.369549,-0.944006,0.381636,-0.497345,-2.249475,0.883154,20.090100,0
22.740000,0.566238,0.354915,-0.956504,0.379301,-0.499228,-2.249475,0.874360,20.904200,0
22.760000,0.551320,0.369826,-0.931237,0.376966,-0.501112,-2.249475,0.888218,19.823900,0
22.780000,0.552185,0.370054,-0.928571,0.374631,-0.502995,-2.249475,0.890921,20.273400,0
22.800000,0.556330,0.368830,-0.917403,0.372295,-0.504878,-2.249475,0.892880,19.542500,0
22.820000,0.554306,0.364658,-0.915789,0.369960,-0.506762,-2.249475,0.890706,19.922000,0
22.840000,0.561785,0.359179,-0.933681,0.367625,-0.508645,-2.249475,0.889279,19.455300,0
22.860000,0.564438,0.356699,-0.939660,0.365290,-0.510528,-2.249475,0.889800,20.123800,0
22.880000,0.565083,0.356027,-0.919673,0.362955,-0.512412,-2.249475,0.891652,18.627200,0
22.900000,0.559507,0.360882,-0.917739,0.362675,-0.512612,-2.232048,0.895396,18.910700,0
22.920000,0.563905,0.357139,-0.917778,0.362667,-0.512616,-2.213917,0.892732,18.475500,0
22.940000,0.558717,0.361016,-0.958891,0.362670,-0.512613,-2.195929,0.895356,18.899800,0
22.960000,0.563899,0.359992,-0.961212,0.362671,-0.512610,-2.177937,0.895504,19.484500,0
22.980000,0.560073,0.366110,-0.978927,0.362673,-0.512607,-2.159943,0.900617,20.327100,0
23.000000,0.564114,0.357520,-1.025693,0.362673,-0.512605,-2.141948,0.893138,20.099400,0
23.020000,0.561074,0.361926,-1.020673,0.362674,-0.512602,-2.123952,0.896751,19.806800,0
23.040000,0.565507,0.362316,-1.027638,0.362674,-0.512599,-2.105957,0.898119,19.892800,0
23.060000,0.564976,0.367527,-1.053199,0.362675,-0.512597,-2.087962,0.903075,20.239100,0
23.080000,0.568590,0.358530,-1.089330,0.362675,-0.512594,-2.069968,0.895130,20.303600,0
23.100000,0.566092,0.369978,-1.083347,0.362675,-0.512592,-2.051975,0.905708,20.164200,0
23.120000,0.565634,0.367782,-1.100704,0.362674,-0.512589,-2.033983,0.903464,19.746500,0
23.140000,0.569041,0.362679,-1.137146,0.362674,-0.512587,-2.015991,0.899265,20.039900,0
23.160000,0.567379,0.368979,-1.137186,0.362674,-0.512585,-1.998000,0.905019,19.924300,0
23.180000,0.568427,0.364726,-1.141341,0.360494,-0.513827,-1.997921,0.902824,19.726300,0
23.200000,0.567933,0.360187,-1.146786,0.357761,-0.515072,-1.997926,0.900139,19.791000,0
23.220000,0.568689,0.360275,-1.137473,0.355027,-0.516316,-1.997936,0.902255,19.868500,0
23.240000,0.562708,0.368373,-1.121628,0.352294,-0.517561,-1.997944,0.910579,19.880400,0
23.260000,0.571297,0.352693,-1.123658,0.349562,-0.518805,-1.997949,0.899263,19.805400,0
23.280000,0.574795,0.344987,-1.139863,0.346830,-0.520049,-1.997953,0.894570,19.831500,0
23.300000,0.579332,0.343851,-1.141242,0.344099,-0.521293,-1.997956,0.896554,19.950400,0
23.320000,0.579717,0.339641,-1.152279,0.341367,-0.522537,-1.997957,0.894518,19.494800,0
23.340000,0.579030,0.338875,-1.143035,0.338636,-0.523780,-1.997958,0.895523,19.565700,0
23.360000,0.577388,0.332803,-1.146297,0.335905,-0.525024,-1.997959,0.891168,19.441600,0
23.380000,0.582541,0.334048,-1.136313,0.333174,-0.526267,-1.997960,0.895727,18.707400,0
23.400000,0.582200,0.332409,-1.133146,0.330443,-0.527510,-1.997960,0.896015,19.306500,0
23.420000,0.582055,0.334515,-1.132087,0.327713,-0.528753,-1.997961,0.899956,18.413300,0
23.440000,0.585316,0.328991,-1.138707,0.324982,-0.529997,-1.997961,0.897571,18.232100,0
23.460000,0.577254,0.342023,-1.104530,0.322252,-0.531240,-1.997962,0.909733,18.383200,0
23.480000,0.576925,0.338326,-1.138270,0.319521,-0.532483,-1.997962,0.908056,18.952700,0
23.500000,0.584936,0.318224,-1.136243,0.316791,-0.533726,-1.997962,0.893152,19.795400,0
23.520000,0.588094,0.318454,-1.128343,0.314060,-0.534969,-1.997962,0.896340,19.234900,0
23.540000,0.586111,0.320545,-1.179457,0.313588,-0.534974,-1.980198,0.897876,19.323100,0
23.560000,0.589772,0.318070,-1.169599,0.313523,-0.534968,-1.961369,0.896653,18.998400,0
23.580000,0.592369,0.310540,-1.197666,0.313525,-0.534966,-1.943381,0.890300,19.300700,0
23.600000,0.588500,0.321332,-1.210408,0.313528,-0.534963,-1.925392,0.899361,19.415700,0
23.620000,0.593110,0.315006,-1.225389,0.313529,-0.534961,-1.907402,0.894768,19.340800,0
23.640000,0.587758,0.326830,-1.253943,0.313531,-0.534959,-1.889410,0.904368,19.731200,0
23.660000,0.601536,0.290319,-1.351993,0.313531,-0.534957,-1.871419,0.874087,19.184400,0
23.680000,0.598712,0.303295,-1.332524,0.313532,-0.534955,-1.853427,0.885432,18.613700,0
23.700000,0.595650,0.312940,-1.342728,0.313533,-0.534953,-1.835436,0.893595,18.434100,0
23.720000,0.590811,0.318608,-1.324417,0.313533,-0.534951,-1.817446,0.897467,19.736900,0
23.740000,0.591246,0.332489,-1.334541,0.313533,-0.534949,-1.799456,0.910809,19.576700,0
23.760000,0.588894,0.344767,-1.335026,0.313534,-0.534947,-1.781468,0.921803,19.883800,0
23.780000,0.591712,0.329344,-1.386864,0.313534,-0.534945,-1.763480,0.907953,20.113100,0
23.800000,0.595542,0.329581,-1.375474,0.313534,-0.534942,-1.745492,0.909356,19.622200,0
23.820000,0.598514,0.296935,-1.461210,0.313534,-0.534940,-1.727506,0.879335,19.791400,0
23.840000,0.601410,0.301460,-1.474270,0.311237,-0.535324,-1.719883,0.885668,20.113500,0
23.860000,0.600524,0.305858,-1.438956,0.308266,-0.535769,-1.719886,0.890927,20.015500,0
23.880000,0.596376,0.312454,-1.422156,0.305296,-0.536214,-1.719897,0.897198,19.584900,0
23.900000,0.598268,0.312966,-1.406520,0.302326,-0.536659,-1.719905,0.899691,19.611400,0
23.920000,0.598936,0.315414,-1.415781,0.299357,-0.537105,-1.719911,0.903624,19.149600,0
23.940000,0.596156,0.322572,-1.403539,0.296388,-0.537550,-1.719916,0.910863,19.757600,0
23.960000,0.599952,0.291680,-1.428185,0.293420,-0.537996,-1.719919,0.884491,20.410300,0
23.980000,0.608478,0.248392,-1.543615,0.290452,-0.538442,-1.719921,0.848675,20.114700,0
24.000000,0.602740,0.287903,-1.433454,0.287485,-0.538888,-1.719922,0.884855,20.038100,0
24.020000,0.592103,0.332257,-1.339350,0.284517,-0.539334,-1.719923,0.924272,20.135600,0
24.040000,0.600301,0.293653,-1.426090,0.281550,-0.539780,-1.719924,0.892307,19.239400,0
24.060000,0.601048,0.295642,-1.431174,0.278583,-0.540226,-1.719924,0.895913,19.359800,0
24.080000,0.601025,0.296109,-1.432711,0.275615,-0.540672,-1.719925,0.897827,18.384300,0
24.100000,0.599835,0.287776,-1.417793,0.272649,-0.541118,-1.719926,0.891132,19.284900,0
24.120000,0.597041,0.308156,-1.362764,0.269682,-0.541563,-1.719927,0.910597,18.557800,0
24.140000,0.605391,0.269935,-1.414005,0.266715,-0.542009,-1.719927,0.879747,18.855300,0
24.160000,0.603815,0.270963,-1.414991,0.263748,-0.542455,-1.719928,0.881643,18.964100,0
24.180000,0.603072,0.271600,-1.421301,0.260781,-0.542901,-1.719928,0.883501,18.956000,0
24.200000,0.604383,0.267597,-1.393849,0.257814,-0.543347,-1.719928,0.881896,19.333400,0
24.220000,0.601572,0.277094,-1.393950,0.254847,-0.543793,-1.719928,0.891108,19.370800,0
24.240000,0.604166,0.256259,-1.421451,0.251881,-0.544238,-1.719928,0.874586,19.497800,0
24.260000,0.605624,0.260245,-1.401358,0.248914,-0.544684,-1.719928,0.880428,19.096400,0
24.280000,0.605620,0.267143,-1.388920,0.245947,-0.545130,-1.719928,0.888342,19.917600,0
24.300000,0.605608,0.266353,-1.421643,0.242981,-0.545576,-1.719928,0.889228,18.587300,0
24.320000,0.604183,0.257216,-1.438184,0.242275,-0.545621,-1.707469,0.880638,18.309500,0
24.340000,0.604312,0.260604,-1.416231,0.242103,-0.545595,-1.687471,0.883828,19.151500,0
24.360000,0.605624,0.263251,-1.464735,0.242106,-0.545593,-1.669483,0.886777,19.408400,0
24.380000,0.609315,0.253241,-1.496713,0.242109,-0.545592,-1.651495,0.879189,19.628200,0
24.400000,0.606345,0.254076,-1.497259,0.242111,-0.545590,-1.633505,0.878711,19.660300,0
24.420000,0.611192,0.255554,-1.542901,0.242113,-0.545589,-1.615515,0.882071,19.765300,0
24.440000,0.606230,0.262663,-1.546562,0.242115,-0.545587,-1.597525,0.886481,19.943200,0
24.460000,0.608566,0.253541,-1.556826,0.239968,-0.545685,-1.587914,0.880129,19.930200,0
24.480000,0.610983,0.252228,-1.551635,0.236966,-0.545734,-1.587917,0.881267,19.502800,0
24.500000,0.609283,0.251414,-1.549905,0.233963,-0.545783,-1.587921,0.881129,20.070500,0
24.520000,0.612178,0.250391,-1.537833,0.230961,-0.545833,-1.587925,0.882779,19.910900,0
24.540000,0.612126,0.241888,-1.535423,0.227960,-0.545884,-1.587928,0.876452,20.184600,0
24.560000,0.611221,0.227534,-1.563590,0.224958,-0.545935,-1.587931,0.864554,20.316500,0
24.580000,0.611253,0.240929,-1.541872,0.221958,-0.545985,-1.587933,0.877943,19.611200,0
24.600000,0.611534,0.239667,-1.554551,0.218957,-0.546037,-1.587935,0.878321,19.121200,0
24.620000,0.611667,0.230735,-1.543286,0.215957,-0.546088,-1.587937,0.871803,19.484300,0
24.640000,0.610801,0.226272,-1.540454,0.212957,-0.546139,-1.587938,0.868849,19.180100,0
24.660000,0.610533,0.221671,-1.539941,0.209956,-0.546191,-1.587939,0.866067,19.636300,0
24.680000,0.612486,0.220921,-1.546486,0.206957,-0.546242,-1.587940,0.867751,19.847500,0
24.700000,0.609950,0.220859,-1.533452,0.203957,-0.546293,-1.587940,0.867959,19.920700,0
24.720000,0.608685,0.222437,-1.560474,0.200957,-0.546345,-1.587941,0.870211,20.400400,0
24.740000,0.609499,0.222181,-1.556959,0.197957,-0.546396,-1.587941,0.871824,20.012300,0
24.760000,0.609858,0.209831,-1.568620,0.194957,-0.546448,-1.587941,0.862612,20.094800,0
24.780000,0.611746,0.205795,-1.569554,0.191958,-0.546499,-1.587941,0.861492,19.705800,0
24.800000,0.609271,0.267079,-1.490344,0.188958,-0.546551,-1.587942,0.915782,20.433000,0
24.820000,0.611374,0.166666,-1.580128,0.185958,-0.546602,-1.587942,0.830500,19.692700,0
24.840000,0.609576,0.172077,-1.569653,0.182959,-0.546654,-1.587942,0.835809,18.298600,0
24.860000,0.610760,0.162270,-1.592188,0.179959,-0.546705,-1.587942,0.829599,18.469600,0
24.880000,0.610515,0.169753,-1.586731,0.176959,-0.546757,-1.587942,0.837471,20.733400,0
24.900000,0.609970,0.186036,-1.577258,0.173960,-0.546808,-1.587942,0.852740,18.267200,0
24.920000,0.609592,0.187990,-1.569240,0.170960,-0.546860,-1.587942,0.855805,18.188900,0
24.940000,0.610509,0.173652,-1.564364,0.167961,-0.546911,-1.587942,0.845612,19.052200,0
24.960000,0.610953,0.177269,-1.542208,0.164961,-0.546962,-1.587942,0.850540,20.549900,0
24.980000,0.611102,0.180358,-1.541700,0.161962,-0.547014,-1.587942,0.854867,19.240400,0
25.000000,0.615630,0.165955,-1.554803,0.158962,-0.547065,-1.587942,0.846725,18.928100,0
25.020000,0.608049,0.171117,-1.544653,0.155962,-0.547117,-1.587942,0.848671,18.483200,0
25.040000,0.612142,0.144953,-1.572247,0.152963,-0.547168,-1.587942,0.830588,18.856500,0
25.060000,0.612194,0.140485,-1.575154,0.149963,-0.547220,-1.587942,0.828611,19.054200,0
25.080000,0.613588,0.124518,-1.592137,0.146964,-0.547271,-1.587942,0.817948,19.579200,0
25.100000,0.611436,0.123830,-1.599564,0.143964,-0.547322,-1.587942,0.817909,19.333900,0
25.120000,0.608119,0.127227,-1.613072,0.140965,-0.547374,-1.587942,0.820561,20.035500,0
25.140000,0.611314,0.131036,-1.590141,0.137965,-0.547425,-1.587942,0.827266,19.700500,0
25.160000,0.609730,0.132722,-1.593509,0.134966,-0.547477,-1.587942,0.829500,19.776600,0
25.180000,0.609005,0.133812,-1.595572,0.131966,-0.547528,-1.587942,0.831739,20.084000,0
25.200000,0.609008,0.130209,-1.582963,0.128966,-0.547580,-1.587942,0.830565,18.920000,0
25.220000,0.610410,0.115838,-1.612398,0.125967,-0.547631,-1.587942,0.821509,19.344300,0
25.240000,0.612097,0.116921,-1.570997,0.122967,-0.547683,-1.587942,0.825195,18.812800,0
25.260000,0.612840,0.106556,-1.582140,0.119968,-0.547734,-1.587942,0.819157,18.076500,0
25.280000,0.606648,0.105509,-1.586424,0.116968,-0.547785,-1.587942,0.816443,18.922600,0
25.300000,0.610447,0.106499,-1.588665,0.113969,-0.547837,-1.587942,0.821369,18.541800,0
25.320000,0.610165,0.109670,-1.572694,0.110969,-0.547888,-1.587942,0.825578,19.177200,0
25.340000,0.610222,0.118461,-1.550673,0.107969,-0.547940,-1.587942,0.834475,19.251800,0
25.360000,0.610240,0.111021,-1.560319,0.104970,-0.547991,-1.587942,0.830419,20.765200,0
25.380000,0.612543,0.106509,-1.556413,0.101970,-0.548043,-1.587942,0.830134,21.174200,0
25.400000,0.610610,0.105548,-1.542089,0.098971,-0.548094,-1.587942,0.830074,20.227000,0
25.420000,0.610148,0.099047,-1.543473,0.095971,-0.548145,-1.587942,0.826581,19.989100,0
25.440000,0.608499,0.105327,-1.544755,0.092972,-0.548197,-1.587942,0.832383,20.376300,0
25.460000,0.606863,0.109162,-1.546316,0.089972,-0.548248,-1.587942,0.836280,20.104300,0
25.480000,0.608373,0.098414,-1.535201,0.086973,-0.548300,-1.587942,0.830721,20.229600,0
25.500000,0.612952,0.099157,-1.537853,0.083973,-0.548351,-1.587942,0.836113,20.105200,0
25.520000,0.611722,0.101434,-1.536331,0.080973,-0.548403,-1.587942,0.839037,19.673700,0
25.540000,0.611451,0.096643,-1.565570,0.077974,-0.548454,-1.587942,0.837107,20.354100,0
25.560000,0.610634,0.093369,-1.556077,0.074974,-0.548505,-1.587942,0.836023,19.987600,0
25.580000,0.610416,0.093295,-1.552481,0.071975,-0.548557,-1.587942,0.837790,20.121400,0
25.600000,0.608476,0.096852,-1.547470,0.068975,-0.548608,-1.587942,0.841237,20.695500,0
25.620000,0.611966,0.072531,-1.553026,0.065976,-0.548660,-1.587942,0.827033,18.793000,0
25.640000,0.609794,0.073772,-1.533086,0.062976,-0.548711,-1.587942,0.828550,20.459800,0
25.660000,0.609723,0.066774,-1.537335,0.059977,-0.548763,-1.587942,0.825291,21.857700,0
25.680000,0.609076,0.068118,-1.564240,0.056977,-0.548814,-1.587942,0.827900,21.686800,0
25.700000,0.610535,0.069162,-1.566576,0.053977,-0.548865,-1.587942,0.831693,19.197000,0
25.720000,0.608471,0.061118,-1.558230,0.050978,-0.548917,-1.587942,0.826403,17.831800,0
25.740000,0.609151,0.065039,-1.547159,0.047978,-0.548968,-1.587942,0.831817,18.295400,0
25.760000,0.612689,0.058985,-1.546982,0.044979,-0.549020,-1.587942,0.831844,18.365600,0
25.780000,0.612021,0.060860,-1.546176,0.041979,-0.549071,-1.587942,0.834843,18.732800,0
25.800000,0.611117,0.043232,-1.561884,0.038980,-0.549123,-1.587942,0.823544,18.867500,0
25.820000,0.608787,0.042738,-1.559652,0.035980,-0.549174,-1.587942,0.823692,19.330800,0
25.840000,0.608839,0.050409,-1.550671,0.032980,-0.549226,-1.587942,0.831370,19.080300,0
25.860000,0.608082,0.032158,-1.569459,0.029981,-0.549277,-1.587942,0.819919,19.147600,0
25.880000,0.608998,0.044311,-1.549516,0.026981,-0.549328,-1.587942,0.831355,18.961400,0
25.900000,0.608341,0.039479,-1.539690,0.023982,-0.549380,-1.587942,0.829597,19.834800,0
25.920000,0.614515,0.020043,-1.569635,0.020982,-0.549431,-1.587942,0.822546,20.113800,0
25.940000,0.611163,-0.006416,-1.614426,0.017983,-0.549483,-1.587942,0.804229,22.066800,0
25.960000,0.609415,0.018259,-1.591597,0.014983,-0.549534,-1.587942,0.822033,19.931000,0
25.980000,0.610533,0.004742,-1.598884,0.011984,-0.549586,-1.587942,0.815807,20.155700,0
26.000000,0.610998,0.000896,-1.599453,0.008984,-0.549637,-1.587942,0.815786,20.053500,0
26.020000,0.610029,-0.003827,-1.595781,0.005984,-0.549688,-1.587942,0.814147,20.040400,0
26.040000,0.608461,-0.009402,-1.576609,0.002985,-0.549740,-1.587942,0.811521,19.688400,0
26.060000,0.609439,-0.017280,-1.572064,-0.000015,-0.549791,-1.587942,0.809322,19.832000,0
26.080000,0.609533,-0.016036,-1.565439,-0.003014,-0.549843,-1.587942,0.812505,19.463600,0
26.100000,0.608717,-0.017042,-1.574654,-0.006014,-0.549894,-1.587942,0.813526,20.197700,0
26.120000,0.610665,-0.026941,-1.585710,-0.009013,-0.549946,-1.587942,0.810885,20.313600,0
26.140000,0.610464,-0.029410,-1.589700,-0.012013,-0.549997,-1.587942,0.811473,19.802900,0
26.160000,0.610640,-0.028362,-1.593217,-0.015012,-0.550048,-1.587942,0.814615,19.619800,0
26.180000,0.607236,-0.019750,-1.592623,-0.018012,-0.550100,-1.587942,0.819882,19.680600,0
26.200000,0.607835,-0.020164,-1.588612,-0.021012,-0.550151,-1.587942,0.822396,20.121400,0
26.220000,0.605539,-0.043479,-1.603588,-0.024011,-0.550203,-1.587942,0.808148,19.709400,0
26.240000,0.609490,-0.026109,-1.590061,-0.027011,-0.550254,-1.587942,0.824537,20.152800,0
26.260000,0.610879,-0.029595,-1.571210,-0.030010,-0.550306,-1.587942,0.825760,19.532700,0
26.280000,0.611149,-0.017345,-1.599335,-0.033010,-0.550357,-1.587942,0.836088,19.724800,0
26.300000,0.608359,-0.039141,-1.576960,-0.036009,-0.550408,-1.587942,0.822559,19.940200,0
26.320000,0.610981,-0.041418,-1.571486,-0.039009,-0.550460,-1.587942,0.825597,20.185800,0
26.340000,0.609193,-0.039334,-1.559552,-0.042008,-0.550511,-1.587942,0.827868,20.005800,0
26.360000,0.613634,-0.044233,-1.550745,-0.045008,-0.550563,-1.587942,0.830770,20.156600,0
26.380000,0.614059,-0.042086,-1.537511,-0.048008,-0.550614,-1.587942,0.834826,19.834100,0
26.400000,0.610692,-0.038542,-1.539744,-0.051007,-0.550666,-1.587942,0.836730,19.462700,0
26.420000,0.609009,-0.045156,-1.529373,-0.054007,-0.550717,-1.587942,0.833776,20.433000,0
26.440000,0.611979,-0.043521,-1.553549,-0.057006,-0.550769,-1.587942,0.839548,20.041200,0
26.460000,0.609641,-0.050737,-1.552913,-0.060006,-0.550820,-1.587942,0.835769,19.811700,0
26.480000,0.610182,-0.053896,-1.545887,-0.063005,-0.550871,-1.587942,0.836759,19.476500,0
26.500000,0.610360,-0.047152,-1.538646,-0.066005,-0.550923,-1.587942,0.843360,19.828200,0
26.520000,0.610793,-0.050614,-1.567676,-0.069005,-0.550974,-1.587942,0.844088,19.766600,0
26.540000,0.611001,-0.052266,-1.560290,-0.072004,-0.551026,-1.587942,0.845729,20.105600,0
26.560000,0.609851,-0.050910,-1.560002,-0.075004,-0.551077,-1.587942,0.848053,19.791200,0
26.580000,0.608969,-0.060448,-1.565892,-0.078003,-0.551129,-1.587942,0.844215,20.421300,0
26.600000,0.610719,-0.062368,-1.541016,-0.078928,-0.551116,-1.578443,0.845274,19.936500,0
26.620000,0.610062,-0.067472,-1.591458,-0.079101,-0.551114,-1.558446,0.841936,19.586300,0
26.640000,0.614592,-0.041869,-1.569995,-0.079117,-0.551113,-1.540232,0.860559,20.116800,0
26.660000,0.610141,-0.073210,-1.639255,-0.079114,-0.551112,-1.522244,0.838727,20.572300,0
26.680000,0.614721,-0.058999,-1.628422,-0.079112,-0.551111,-1.504254,0.850634,21.155600,0
26.700000,0.612206,-0.060226,-1.644359,-0.079110,-0.551110,-1.486265,0.847871,19.946700,0
26.720000,0.614652,-0.065829,-1.667393,-0.079108,-0.551109,-1.468275,0.846640,19.842900,0
26.740000,0.615472,-0.066801,-1.683546,-0.079106,-0.551108,-1.450286,0.846754,19.481600,0
26.760000,0.615607,-0.070081,-1.709877,-0.079100,-0.551107,-1.432235,0.844987,20.297200,0
26.780000,0.614966,-0.064972,-1.703221,-0.079093,-0.551106,-1.414178,0.847375,20.298300,0
26.800000,0.615743,-0.062646,-1.706649,-0.081386,-0.550720,-1.406519,0.851002,20.057800,0
26.820000,0.618408,-0.063148,-1.697390,-0.084348,-0.550228,-1.406521,0.855052,19.887500,0
26.840000,0.615428,-0.081198,-1.754854,-0.087311,-0.549735,-1.406523,0.844612,19.639900,0
26.860000,0.611065,-0.093980,-1.787051,-0.090273,-0.549243,-1.406529,0.836146,20.818000,0
26.880000,0.610864,-0.101357,-1.780786,-0.093234,-0.548752,-1.406534,0.834216,19.944600,0
26.900000,0.606844,-0.112035,-1.785178,-0.096196,-0.548260,-1.406537,0.827379,19.792300,0
26.920000,0.608242,-0.110641,-1.789011,-0.099157,-0.547769,-1.406540,0.831561,19.788900,0
26.940000,0.608656,-0.118747,-1.779652,-0.102117,-0.547278,-1.406543,0.829962,20.095600,0
26.960000,0.609277,-0.107992,-1.773779,-0.105078,-0.546788,-1.406545,0.838358,18.187500,0
26.980000,0.609016,-0.113773,-1.788978,-0.108038,-0.546297,-1.406547,0.837403,18.964000,0
27.000000,0.609220,-0.125109,-1.783353,-0.110998,-0.545807,-1.406548,0.834086,18.019600,0
27.020000,0.607438,-0.118624,-1.748094,-0.113958,-0.545316,-1.406549,0.838140,18.756100,0
27.040000,0.609953,-0.104310,-1.716487,-0.116918,-0.544826,-1.406550,0.849938,19.452900,0
27.060000,0.609188,-0.105826,-1.732232,-0.117644,-0.544741,-1.394393,0.849077,19.537100,0
27.080000,0.610541,-0.102627,-1.766925,-0.117815,-0.544710,-1.374393,0.852021,19.722900,0
27.100000,0.609935,-0.104466,-1.796202,-0.117813,-0.544710,-1.356386,0.850549,19.391500,0
27.120000,0.610271,-0.120773,-1.816029,-0.117809,-0.544709,-1.338398,0.842510,19.674900,0
27.140000,0.612403,-0.108155,-1.815781,-0.117806,-0.544709,-1.320396,0.850755,19.602600,0
27.160000,0.612582,-0.109242,-1.824060,-0.117801,-0.544708,-1.302384,0.850347,19.716500,0
27.180000,0.611278,-0.113183,-1.871237,-0.117797,-0.544708,-1.284367,0.847210,19.812300,0
27.200000,0.613341,-0.100257,-1.861549,-0.117793,-0.544707,-1.266348,0.855624,19.921100,0
27.220000,0.611406,-0.111483,-1.932345,-0.117789,-0.544706,-1.248328,0.848179,19.845200,0
27.240000,0.615563,-0.112313,-1.910342,-0.117785,-0.544705,-1.230309,0.851329,20.321900,0
27.260000,0.616713,-0.110653,-1.927087,-0.117781,-0.544704,-1.212291,0.853159,19.839800,0
27.280000,0.615644,-0.104491,-1.969227,-0.117777,-0.544703,-1.194274,0.855391,20.717200,0
27.300000,0.613430,-0.109872,-1.972018,-0.117773,-0.544702,-1.176259,0.850727,19.726100,0
27.320000,0.620582,-0.107632,-1.975379,-0.117770,-0.544701,-1.158247,0.858017,19.268000,0
27.340000,0.613480,-0.125927,-2.054897,-0.117767,-0.544700,-1.140236,0.842670,18.666600,0
27.360000,0.596935,-0.161496,-2.132894,-0.117764,-0.544699,-1.122227,0.810950,18.563500,0
27.380000,0.615920,-0.116087,-2.063597,-0.117761,-0.544698,-1.104220,0.849703,18.434900,0
27.400000,0.616771,-0.115014,-2.047532,-0.117758,-0.544697,-1.086214,0.850976,19.159300,0
27.420000,0.622202,-0.113051,-2.053263,-0.117755,-0.544696,-1.068210,0.856652,19.041600,0
27.440000,0.612407,-0.120729,-2.081715,-0.117753,-0.544695,-1.050207,0.844323,19.730600,0
27.460000,0.623190,-0.106759,-2.094968,-0.117750,-0.544694,-1.032205,0.860685,19.987400,0
27.480000,0.622068,-0.116687,-2.139059,-0.117748,-0.544693,-1.014205,0.854703,19.071000,0
27.500000,0.612324,-0.133959,-2.181299,-0.117745,-0.544692,-0.996205,0.837677,19.423100,0
27.520000,0.622920,-0.113865,-2.151334,-0.117743,-0.544691,-0.978207,0.856851,19.639800,0
27.540000,0.620327,-0.117814,-2.188946,-0.117741,-0.544690,-0.960209,0.852624,19.617500,0
27.560000,0.627156,-0.117379,-2.180210,-0.117739,-0.544689,-0.942212,0.858757,19.512500,0
27.580000,0.622662,-0.120496,-2.241715,-0.117736,-0.544688,-0.924216,0.853304,19.514300,0
27.600000,0.616372,-0.128683,-2.277473,-0.117734,-0.544687,-0.906221,0.843784,19.596100,0
27.620000,0.625769,-0.118678,-2.244382,-0.117732,-0.544686,-0.888226,0.856899,19.727000,0
27.640000,0.618988,-0.126465,-2.302232,-0.117730,-0.544685,-0.870232,0.847149,19.767100,0
27.660000,0.623363,-0.126242,-2.295049,-0.117728,-0.544684,-0.852238,0.851064,19.827500,0
27.680000,0.623396,-0.121366,-2.299442,-0.117726,-0.544683,-0.834245,0.853498,19.917900,0
27.700000,0.629347,-0.117053,-2.311847,-0.117724,-0.544682,-0.816252,0.860803,20.405000,0
27.720000,0.620854,-0.119246,-2.344944,-0.117722,-0.544681,-0.798260,0.852343,19.688200,0
27.740000,0.628872,-0.111296,-2.340284,-0.117720,-0.544680,-0.780268,0.863262,19.490900,0
27.760000,0.622423,-0.124261,-2.413332,-0.117718,-0.544680,-0.762276,0.851212,19.536300,0
27.780000,0.618664,-0.129074,-2.424268,-0.119653,-0.542653,-0.759999,0.846262,20.057100,0
27.800000,0.615129,-0.130143,-2.421822,-0.121722,-0.540475,-0.760006,0.843399,19.853000,0
27.820000,0.608561,-0.133740,-2.434393,-0.123791,-0.538298,-0.760015,0.836664,19.698800,0
27.840000,0.611870,-0.131077,-2.377118,-0.125860,-0.536122,-0.760024,0.841610,19.700600,0
27.860000,0.614318,-0.134434,-2.382326,-0.127929,-0.533946,-0.760030,0.842936,19.848200,0
27.880000,0.610924,-0.133028,-2.367000,-0.129997,-0.531770,-0.760035,0.841403,19.893500,0
27.900000,0.615472,-0.135252,-2.364694,-0.132065,-0.529595,-0.760039,0.845173,19.637900,0
27.920000,0.614038,-0.132908,-2.366394,-0.134133,-0.527420,-0.760041,0.845813,19.760600,0
27.940000,0.612258,-0.138050,-2.384360,-0.136201,-0.525245,-0.760043,0.842681,19.986600,0
27.960000,0.604899,-0.139442,-2.369071,-0.138269,-0.523070,-0.760045,0.836343,20.200300,0
27.980000,0.603601,-0.144371,-2.371943,-0.140336,-0.520896,-0.760046,0.833794,18.958500,0
28.000000,0.572986,-0.170028,-2.455980,-0.142403,-0.518721,-0.760047,0.795844,19.647800,0
28.020000,0.594830,-0.151587,-2.419408,-0.144471,-0.516546,-0.760047,0.824476,18.767400,0
28.040000,0.590562,-0.153359,-2.418148,-0.146538,-0.514372,-0.760048,0.820760,18.990700,0
28.060000,0.582127,-0.158845,-2.429153,-0.148605,-0.512197,-0.760048,0.811682,19.198000,0
28.080000,0.592117,-0.155213,-2.404230,-0.150672,-0.510023,-0.760049,0.823180,19.584500,0
28.100000,0.585212,-0.161987,-2.427168,-0.152739,-0.507849,-0.760049,0.814980,19.955500,0
28.120000,0.580942,-0.164615,-2.425249,-0.154806,-0.505674,-0.760049,0.810954,19.296700,0
28.140000,0.584937,-0.162517,-2.414841,-0.156873,-0.503500,-0.760049,0.816426,20.089200,0
28.160000,0.581860,-0.162594,-2.405036,-0.158940,-0.501325,-0.760049,0.814570,19.763200,0
28.180000,0.582945,-0.157356,-2.389495,-0.159176,-0.501076,-0.742412,0.817855,21.136700,0
28.200000,0.588982,-0.158886,-2.401335,-0.159186,-0.501062,-0.724181,0.822703,20.181200,0
28.220000,0.587708,-0.157444,-2.432682,-0.159183,-0.501064,-0.706193,0.822144,20.220900,0
28.240000,0.583662,-0.164295,-2.480550,-0.159181,-0.501066,-0.688203,0.815616,20.764900,0
28.260000,0.581303,-0.166755,-2.461213,-0.159178,-0.501067,-0.670210,0.812451,20.223900,0
28.280000,0.584987,-0.164236,-2.491004,-0.159175,-0.501067,-0.652215,0.816842,19.725400,0
28.300000,0.579860,-0.169016,-2.528259,-0.159172,-0.501068,-0.634219,0.810201,19.463100,0
28.320000,0.588983,-0.163242,-2.510406,-0.159170,-0.501068,-0.616223,0.820889,20.959400,0
28.340000,0.580157,-0.168464,-2.575608,-0.159167,-0.501068,-0.598228,0.810694,18.322500,0
28.360000,0.585414,-0.168212,-2.554325,-0.159165,-0.501068,-0.580233,0.815592,18.102600,0
28.380000,0.581260,-0.169350,-2.552881,-0.159162,-0.501068,-0.562238,0.811334,18.189700,0
28.400000,0.579047,-0.170758,-2.597589,-0.159160,-0.501067,-0.544245,0.808736,18.434500,0
28.420000,0.585897,-0.165667,-2.629209,-0.159158,-0.501067,-0.526252,0.817068,18.367400,0
28.440000,0.586242,-0.171829,-2.645685,-0.159155,-0.501067,-0.508261,0.814871,18.827400,0
28.460000,0.582705,-0.174262,-2.636937,-0.159153,-0.501066,-0.490270,0.810651,19.148800,0
28.480000,0.587566,-0.171304,-2.638213,-0.160565,-0.498918,-0.490200,0.816720,18.994100,0
28.500000,0.582617,-0.170904,-2.600152,-0.161979,-0.496269,-0.490207,0.812580,18.796800,0
28.520000,0.581131,-0.170741,-2.650400,-0.163394,-0.493619,-0.490217,0.811521,18.518700,0
28.540000,0.581338,-0.172929,-2.653289,-0.164808,-0.490970,-0.490224,0.811100,20.867600,0
28.560000,0.586753,-0.167552,-2.631837,-0.166222,-0.488322,-0.490230,0.818453,19.631800,0
28.580000,0.574735,-0.176759,-2.642747,-0.167636,-0.485674,-0.490234,0.804079,18.362300,0
28.600000,0.572247,-0.179527,-2.625770,-0.169050,-0.483026,-0.490237,0.801020,18.595000,0
28.620000,0.580951,-0.174594,-2.624073,-0.170463,-0.480378,-0.490238,0.811250,18.010100,0
28.640000,0.563938,-0.183336,-2.634236,-0.171876,-0.477731,-0.490239,0.792521,18.846500,0
28.660000,0.549809,-0.190242,-2.715059,-0.171884,-0.477310,-0.472503,0.776691,18.405400,0
28.680000,0.553091,-0.194578,-2.722471,-0.171890,-0.477296,-0.454301,0.778156,18.336000,0
28.700000,0.561973,-0.185202,-2.705154,-0.171887,-0.477299,-0.436314,0.789855,19.190600,0
28.720000,0.567118,-0.186090,-2.712234,-0.171885,-0.477301,-0.418325,0.794310,18.813200,0
28.740000,0.553278,-0.186588,-2.772525,-0.171883,-0.477303,-0.400335,0.781264,20.368600,0
28.760000,0.566529,-0.179691,-2.755225,-0.171881,-0.477304,-0.382343,0.796130,20.261500,0
28.780000,0.563131,-0.188066,-2.767114,-0.171879,-0.477305,-0.364351,0.789873,20.506200,0
28.800000,0.572654,-0.189829,-2.800449,-0.171877,-0.477305,-0.346360,0.798103,20.772100,0
28.820000,0.561335,-0.191542,-2.817038,-0.171875,-0.477306,-0.328368,0.786929,20.809700,0
28.840000,0.565532,-0.186369,-2.816839,-0.171873,-0.477306,-0.310378,0.792723,21.042600,0
28.860000,0.564666,-0.187186,-2.867781,-0.171871,-0.477306,-0.292388,0.791617,21.505600,0
28.880000,0.566839,-0.191005,-2.876601,-0.171869,-0.477306,-0.274399,0.792249,21.149500,0
28.900000,0.568559,-0.185005,-2.871813,-0.171867,-0.477307,-0.256410,0.796035,20.998600,0
28.920000,0.570033,-0.190243,-2.910207,-0.171865,-0.477307,-0.238422,0.795499,20.884800,0
28.940000,0.564261,-0.190797,-2.924164,-0.171863,-0.477306,-0.220435,0.789916,21.272900,0
28.960000,0.572651,-0.195154,-2.939265,-0.171861,-0.477306,-0.202449,0.796184,20.886400,0
28.980000,0.574495,-0.190739,-2.956890,-0.171859,-0.477306,-0.184463,0.799478,22.238400,0
29.000000,0.561260,-0.197509,-2.947986,-0.171857,-0.477306,-0.166477,0.784696,19.213700,0
29.020000,0.567894,-0.196120,-2.989995,-0.172266,-0.475000,-0.158996,0.790956,18.604200,0
29.040000,0.568478,-0.194798,-2.977707,-0.172740,-0.472035,-0.158999,0.791369,18.151800,0
29.060000,0.558545,-0.193184,-2.977034,-0.173215,-0.469068,-0.159011,0.782039,18.840400,0
29.080000,0.557015,-0.193009,-2.979231,-0.173689,-0.466103,-0.159020,0.780070,19.035500,0
29.100000,0.546375,-0.193300,-2.977543,-0.174164,-0.463139,-0.159027,0.769409,18.856200,0
29.120000,0.546428,-0.196775,-2.976992,-0.174640,-0.460175,-0.159031,0.767671,19.713900,0
29.140000,0.545360,-0.199513,-2.983841,-0.175115,-0.457211,-0.159034,0.765175,20.477500,0
29.160000,0.549712,-0.197072,-2.985115,-0.175590,-0.454247,-0.159036,0.769546,19.815100,0
29.180000,0.553654,-0.195043,-2.964076,-0.176066,-0.451284,-0.159037,0.773402,18.131100,0
29.200000,0.533251,-0.195972,-2.961361,-0.176541,-0.448321,-0.159038,0.753316,18.593200,0
29.220000,0.536806,-0.200788,-2.965300,-0.177016,-0.445359,-0.159039,0.754557,18.539300,0
29.240000,0.539037,-0.196840,-2.984790,-0.177492,-0.442396,-0.159040,0.757437,18.440000,0
29.260000,0.528489,-0.196740,-2.981692,-0.177967,-0.439433,-0.159041,0.746981,19.445000,0
29.280000,0.528618,-0.199198,-2.973748,-0.178442,-0.436471,-0.159041,0.745810,19.232900,0
29.300000,0.525683,-0.194077,-2.962705,-0.178917,-0.433509,-0.159042,0.744170,19.502600,0
29.320000,0.528397,-0.198665,-2.983621,-0.179393,-0.430546,-0.159043,0.744806,20.260000,0
29.340000,0.514691,-0.200040,-2.959770,-0.179868,-0.427584,-0.159043,0.730882,19.843400,0
29.360000,0.520976,-0.195467,-2.991765,-0.179938,-0.426889,-0.146440,0.738131,20.729400,0
29.380000,0.525393,-0.200271,-3.027570,-0.179910,-0.426717,-0.126441,0.740763,19.361200,0
29.400000,0.512132,-0.201747,-3.022497,-0.179909,-0.426720,-0.108439,0.727691,19.213000,0
29.420000,0.530854,-0.202085,-3.050627,-0.179907,-0.426722,-0.090450,0.745414,19.994600,0
29.440000,0.512759,-0.202323,-3.056529,-0.179906,-0.426725,-0.072461,0.728108,19.432300,0
29.460000,0.521648,-0.203486,-3.062922,-0.179904,-0.426727,-0.054471,0.736215,20.055500,0
29.480000,0.509145,-0.205289,-3.112734,-0.179903,-0.426728,-0.036482,0.723756,19.831400,0
29.500000,0.519382,-0.207346,-3.125920,-0.179901,-0.426729,-0.018492,0.732889,20.071200,0
29.520000,0.512889,-0.210176,3.129789,-0.179900,-0.426730,-0.000504,0.725846,20.573100,0
29.540000,0.519154,-0.208529,3.095707,-0.179899,-0.426731,0.017484,0.732316,20.638200,0
29.560000,0.511354,-0.206161,3.076106,-0.179898,-0.426732,0.035471,0.725590,19.993900,0
29.580000,0.511023,-0.206234,3.047913,-0.179813,-0.424575,0.044975,0.724519,20.390700,0
29.600000,0.500299,-0.204244,3.113970,-0.179676,-0.421575,0.044972,0.713862,20.349300,0
29.620000,0.509385,-0.208089,3.107978,-0.179539,-0.418575,0.044968,0.720361,20.049400,0
29.640000,0.513165,-0.206342,3.077593,-0.179403,-0.415575,0.044961,0.723484,20.171800,0
29.660000,0.498857,-0.204287,3.049144,-0.179267,-0.412576,0.044956,0.709392,20.446600,0
29.680000,0.493921,-0.205987,3.034131,-0.179132,-0.409578,0.044951,0.703171,20.017600,0
29.700000,0.491622,-0.202673,3.082294,-0.178996,-0.406579,0.044948,0.700932,19.732000,0
29.720000,0.485981,-0.207125,3.049881,-0.178861,-0.403581,0.044945,0.693260,20.675200,0
29.740000,0.486527,-0.210043,3.061587,-0.178726,-0.400583,0.044942,0.692002,20.930800,0
29.760000,0.486803,-0.208903,3.062116,-0.178592,-0.397586,0.044940,0.691630,21.077300,0
29.780000,0.483398,-0.201375,3.083172,-0.178457,-0.394588,0.044939,0.689481,20.023500,0
29.800000,0.481976,-0.204776,3.096910,-0.178322,-0.391591,0.044938,0.686217,20.401900,0
29.820000,0.471156,-0.205030,3.104818,-0.178187,-0.388593,0.044937,0.674790,20.171500,0
29.840000,0.475297,-0.204066,3.099708,-0.178052,-0.385596,0.044936,0.678099,20.094000,0
29.860000,0.471598,-0.202484,3.102973,-0.177917,-0.382599,0.044936,0.674026,19.947100,0
29.880000,0.464730,-0.203174,3.089424,-0.177783,-0.379602,0.044936,0.666296,20.148200,0
29.900000,0.460210,-0.205911,3.091157,-0.177648,-0.376605,0.044936,0.660302,20.191400,0
29.920000,0.458629,-0.200120,3.115045,-0.177513,-0.373608,0.044935,0.659375,19.888800,0
29.940000,0.464080,-0.204009,3.103329,-0.177379,-0.370610,0.044935,0.662741,19.371200,0
29.960000,0.450070,-0.204955,3.098005,-0.177244,-0.367613,0.044935,0.648059,20.046000,0
29.980000,0.448711,-0.203578,3.096029,-0.177109,-0.364616,0.044935,0.646208,19.925100,0
30.000000,0.443698,-0.203150,3.103674,-0.176974,-0.361619,0.044935,0.640582,20.108400,0
30.020000,0.446004,-0.204451,3.099193,-0.176840,-0.358622,0.044935,0.641642,19.872200,0
30.040000,0.448197,-0.204067,3.089895,-0.176705,-0.355625,0.044935,0.643018,20.106500,0
30.060000,0.450911,-0.200460,3.106498,-0.176570,-0.352628,0.044935,0.645668,19.891000,0
30.080000,0.435239,-0.199881,3.098119,-0.176435,-0.349631,0.044935,0.629738,19.954800,0
30.100000,0.432543,-0.200695,3.106433,-0.176301,-0.346634,0.044935,0.626091,20.309400,0
30.120000,0.439331,-0.203885,3.109532,-0.176166,-0.343637,0.044935,0.631163,20.442200,0
30.140000,0.417221,-0.203420,3.088071,-0.176031,-0.340640,0.044935,0.608915,19.860700,0
30.160000,0.420913,-0.200298,3.061589,-0.175896,-0.337643,0.044935,0.612409,20.049300,0
30.180000,0.428293,-0.200479,3.054165,-0.175762,-0.334646,0.044935,0.618775,20.336200,0
30.200000,0.410669,-0.200119,3.060795,-0.175627,-0.331649,0.044935,0.600869,20.605500,0
30.220000,0.418774,-0.200936,3.070975,-0.175492,-0.328652,0.044935,0.607835,20.072500,0
30.240000,0.422872,-0.198524,3.055733,-0.175357,-0.325656,0.044935,0.611588,20.677400,0
30.260000,0.404719,-0.196493,3.059382,-0.175223,-0.322659,0.044935,0.593507,20.263100,0
30.280000,0.412960,-0.197607,3.075644,-0.175088,-0.319662,0.044935,0.600582,19.580400,0
30.300000,0.406010,-0.199276,3.070163,-0.174953,-0.316665,0.044935,0.592705,20.304900,0
30.320000,0.401239,-0.199656,3.057489,-0.174818,-0.313668,0.044935,0.587231,19.793900,0
30.340000,0.392463,-0.197170,3.059541,-0.174684,-0.310671,0.044935,0.578393,20.080700,0
30.360000,0.395944,-0.198983,3.084947,-0.174549,-0.307674,0.044935,0.580755,19.920900,0
30.380000,0.396566,-0.197095,3.081900,-0.174414,-0.304677,0.044935,0.581026,19.163000,0
30.400000,0.391128,-0.200317,3.076725,-0.174279,-0.301680,0.044935,0.574421,20.210700,0
30.420000,0.390445,-0.195907,3.063652,-0.174145,-0.298683,0.044935,0.573868,19.593900,0
30.440000,0.385788,-0.197317,3.060625,-0.174010,-0.295686,0.044935,0.568375,19.878900,0
30.460000,0.382014,-0.199311,3.059481,-0.173875,-0.292689,0.044935,0.563677,19.887900,0
30.480000,0.376054,-0.198397,3.059640,-0.173740,-0.289692,0.044935,0.557323,19.899500,0
30.500000,0.368443,-0.196949,3.071830,-0.173606,-0.286695,0.044935,0.549428,20.067100,0
30.520000,0.371371,-0.198254,3.032701,-0.173471,-0.283698,0.044935,0.551501,20.448500,0
30.540000,0.349558,-0.194972,3.075463,-0.173336,-0.280701,0.044935,0.529875,19.033000,0
30.560000,0.356982,-0.197929,3.054236,-0.173201,-0.277704,0.044935,0.536152,18.838600,0
30.580000,0.368452,-0.196822,3.077984,-0.173067,-0.274707,0.044935,0.547092,18.530800,0
30.600000,0.364637,-0.195788,3.096133,-0.172932,-0.271710,0.044935,0.542904,18.262600,0
30.620000,0.360714,-0.197232,3.105674,-0.172797,-0.268713,0.044935,0.538278,18.880900,0
30.640000,0.354659,-0.195769,3.102309,-0.172662,-0.265716,0.044935,0.531940,18.818100,0
30.660000,0.347914,-0.194816,3.109129,-0.172527,-0.262719,0.044935,0.524852,18.207500,0
30.680000,0.353333,-0.194249,3.100248,-0.172393,-0.259722,0.044935,0.529787,18.487900,0
30.700000,0.351296,-0.193773,3.108342,-0.172258,-0.256725,0.044935,0.527326,18.520200,0
30.720000,0.346003,-0.196683,3.117045,-0.172123,-0.253728,0.044935,0.521257,18.406400,0
30.740000,0.331544,-0.194586,3.117550,-0.171988,-0.250731,0.044935,0.506652,18.918600,0
30.760000,0.340984,-0.197387,3.103927,-0.171854,-0.247734,0.044935,0.515303,19.055300,0
30.780000,0.325759,-0.194377,3.091684,-0.171719,-0.244737,0.044935,0.500020,19.054300,0
30.800000,0.326397,-0.195807,3.091805,-0.171584,-0.241740,0.044935,0.500095,18.906800,0
30.820000,0.326391,-0.195166,3.100109,-0.171449,-0.238743,0.044935,0.499744,19.217300,0
30.840000,0.321061,-0.192959,3.106608,-0.171315,-0.235746,0.044935,0.494232,19.444700,0
30.860000,0.322450,-0.193212,3.110691,-0.171180,-0.232749,0.044935,0.495211,19.420400,0
30.880000,0.313421,-0.189029,3.099540,-0.171045,-0.229752,0.044935,0.486174,19.822200,0
30.900000,0.319881,-0.191089,3.108357,-0.170910,-0.226755,0.044935,0.492085,19.656700,0
30.920000,0.300062,-0.193668,3.091374,-0.170776,-0.223758,0.044935,0.471798,19.685800,0
30.940000,0.302860,-0.189357,3.109129,-0.170641,-0.220761,0.044935,0.474542,19.242900,0
30.960000,0.314061,-0.192689,3.105515,-0.170506,-0.217765,0.044935,0.485216,19.671000,0
30.980000,0.304096,-0.192871,3.104245,-0.170371,-0.214768,0.044935,0.474972,20.139500,0
31.000000,0.304799,-0.194153,3.116521,-0.170237,-0.211771,0.044935,0.475362,19.926400,0
31.020000,0.301491,-0.194354,3.096135,-0.170102,-0.208774,0.044935,0.471814,19.627800,0
31.040000,0.302283,-0.194016,3.109617,-0.169967,-0.205777,0.044935,0.472396,20.369000,0
31.060000,0.281565,-0.193470,3.070570,-0.169832,-0.202780,0.044935,0.451493,20.101200,0
31.080000,0.281714,-0.190750,3.060823,-0.169698,-0.199783,0.044935,0.451503,19.531900,0
31.100000,0.262866,-0.187839,3.053857,-0.169563,-0.196786,0.044935,0.432522,20.056700,0
31.120000,0.290712,-0.190585,3.077336,-0.169428,-0.193789,0.044935,0.460152,19.833800,0
31.140000,0.288928,-0.191595,3.066734,-0.169293,-0.190792,0.044935,0.458222,19.715400,0
31.160000,0.283434,-0.190741,3.068769,-0.169158,-0.187795,0.044935,0.452601,19.159400,0
31.180000,0.272977,-0.188875,3.058217,-0.169024,-0.184798,0.044935,0.442020,18.868800,0
31.200000,0.267257,-0.188988,3.045151,-0.168889,-0.181801,0.044935,0.436205,19.488900,0
31.220000,0.258025,-0.188081,3.039314,-0.168754,-0.178804,0.044935,0.426880,20.053100,0
31.240000,0.269877,-0.189615,3.073763,-0.168619,-0.175807,0.044935,0.438713,22.092700,0
31.260000,0.267577,-0.189092,3.039422,-0.168485,-0.172810,0.044935,0.436366,20.148800,0
31.280000,0.250237,-0.186711,3.059689,-0.168350,-0.169813,0.044935,0.418928,19.331900,0
31.300000,0.250524,-0.186495,3.043464,-0.168215,-0.166816,0.044935,0.419201,20.682000,0
31.320000,0.235395,-0.187328,3.068968,-0.168080,-0.163819,0.044935,0.404159,19.882900,0
31.340000,0.246368,-0.186787,3.072123,-0.167946,-0.160822,0.044935,0.415127,20.249800,0
31.360000,0.240587,-0.186296,3.057569,-0.167811,-0.157825,0.044935,0.409389,19.821700,0
31.380000,0.251857,-0.188867,3.089073,-0.167676,-0.154828,0.044935,0.420912,20.098000,0
31.400000,0.251913,-0.188380,3.116545,-0.167541,-0.151831,0.044935,0.421043,20.041900,0
31.420000,0.239425,-0.189406,3.118662,-0.167407,-0.148834,0.044935,0.408850,20.294500,0
31.440000,0.241073,-0.186606,3.080442,-0.167272,-0.145837,0.044935,0.410375,19.717500,0
31.460000,0.224416,-0.185559,2.995960,-0.167137,-0.142840,0.044935,0.393876,20.115600,0
31.480000,0.217139,-0.186381,3.082514,-0.167002,-0.139843,0.044935,0.386950,20.638000,0
31.500000,0.194857,-0.185678,3.026113,-0.166868,-0.136846,0.044935,0.365006,20.176700,0
31.520000,0.221872,-0.187145,3.081239,-0.166733,-0.133849,0.044935,0.392243,19.492200,0
31.540000,0.223587,-0.188247,3.097852,-0.166598,-0.130852,0.044935,0.394384,20.339000,0
31.560000,0.208455,-0.186639,3.111172,-0.166463,-0.127855,0.044935,0.379499,20.230400,0
31.580000,0.212940,-0.185780,3.102617,-0.166329,-0.124858,0.044935,0.384130,19.626800,0
31.600000,0.202016,-0.183834,3.103354,-0.166194,-0.121861,0.044935,0.373389,19.646700,0
31.620000,0.206195,-0.185318,3.106422,-0.166059,-0.118864,0.044935,0.378139,20.012900,0
31.640000,0.211106,-0.185604,3.077006,-0.165924,-0.115867,0.044935,0.383425,19.678800,0
31.660000,0.215025,-0.186473,3.121363,-0.165789,-0.112871,0.044935,0.387862,20.091400,0
31.680000,0.193872,-0.185286,3.094366,-0.165655,-0.109874,0.044935,0.367351,19.624000,0
31.700000,0.188977,-0.183210,3.105994,-0.165520,-0.106877,0.044935,0.362622,20.111000,0
31.720000,0.190912,-0.183855,3.094653,-0.165385,-0.103880,0.044935,0.365162,19.486800,0
31.740000,0.186947,-0.185070,3.104297,-0.165250,-0.100883,0.044935,0.362119,19.841300,0
31.760000,0.189908,-0.186570,3.096162,-0.165116,-0.097886,0.044935,0.365933,20.309900,0
31.780000,0.182521,-0.183895,3.107512,-0.164981,-0.094889,0.044935,0.358720,19.985200,0
31.800000,0.186961,-0.183369,3.081172,-0.164846,-0.091892,0.044935,0.363505,19.554400,0
31.820000,0.169245,-0.181207,3.075197,-0.164814,-0.091006,0.054966,0.346022,19.763200,0
31.840000,0.183568,-0.187543,3.065539,-0.164804,-0.090833,0.074963,0.361547,19.856200,0
31.860000,0.187298,-0.185008,3.035529,-0.164804,-0.090824,0.093088,0.364481,21.523200,0
31.880000,0.175939,-0.184836,3.037746,-0.164803,-0.090828,0.111077,0.353472,20.129100,0
31.900000,0.184923,-0.187947,3.013401,-0.164802,-0.090832,0.129084,0.362959,19.951400,0
31.920000,0.165805,-0.185004,2.984889,-0.164801,-0.090838,0.147117,0.343755,20.932600,0
31.940000,0.185577,-0.190103,2.977338,-0.164800,-0.090845,0.165160,0.364165,20.205200,0
31.960000,0.174216,-0.185716,2.954085,-0.164799,-0.090851,0.183207,0.352038,20.267400,0
31.980000,0.186141,-0.188677,2.941930,-0.164798,-0.090858,0.201254,0.364317,19.582600,0
32.000000,0.167936,-0.188961,2.925022,-0.164797,-0.090864,0.219298,0.346893,19.889600,0
32.020000,0.173647,-0.190579,2.921645,-0.164246,-0.088516,0.226016,0.352971,20.044100,0
32.040000,0.174269,-0.190343,2.921373,-0.163571,-0.085589,0.226016,0.353708,20.174700,0
32.060000,0.169256,-0.187589,2.889285,-0.162897,-0.082663,0.226013,0.348332,20.227900,0
32.080000,0.162366,-0.182572,2.876960,-0.162223,-0.079737,0.226008,0.340490,20.219500,0
32.100000,0.162132,-0.185611,2.886895,-0.161550,-0.076811,0.226004,0.341479,19.556600,0
32.120000,0.158042,-0.182009,2.882876,-0.160877,-0.073886,0.226001,0.336749,19.605900,0
32.140000,0.154248,-0.185583,2.850072,-0.160204,-0.070961,0.225998,0.334691,20.321400,0
32.160000,0.144394,-0.182920,2.893377,-0.159532,-0.068036,0.225995,0.324915,19.221200,0
32.180000,0.150609,-0.182153,2.880559,-0.158860,-0.065112,0.225993,0.330862,18.574000,0
32.200000,0.140580,-0.177590,2.894882,-0.158187,-0.062187,0.225991,0.320280,19.469500,0
32.220000,0.138827,-0.178755,2.879580,-0.157515,-0.059263,0.225990,0.319526,20.279500,0
32.240000,0.136408,-0.179127,2.866909,-0.156843,-0.056339,0.225989,0.317920,19.738200,0
32.260000,0.139777,-0.180868,2.903999,-0.156171,-0.053415,0.225988,0.322226,19.470100,0
32.280000,0.137097,-0.180284,2.908426,-0.155498,-0.050491,0.225988,0.320091,19.775400,0
32.300000,0.137478,-0.177924,2.922699,-0.154826,-0.047567,0.225988,0.320054,20.147000,0
32.320000,0.132097,-0.177187,2.948135,-0.154154,-0.044643,0.225987,0.315448,20.660700,0
32.340000,0.132870,-0.177386,2.928021,-0.153482,-0.041719,0.225987,0.316864,19.679300,0
32.360000,0.119918,-0.172204,2.922658,-0.152810,-0.038795,0.225987,0.303609,19.923200,0
32.380000,0.120936,-0.174034,2.912872,-0.152138,-0.035872,0.225987,0.306036,20.330800,0
32.400000,0.124437,-0.172737,2.897420,-0.151465,-0.032948,0.225987,0.309295,19.770600,0
32.420000,0.117190,-0.172727,2.905389,-0.151367,-0.032292,0.239012,0.303059,19.964500,0
32.440000,0.135793,-0.180262,2.897905,-0.151329,-0.032139,0.258823,0.323078,19.853500,0
32.460000,0.109118,-0.170590,2.872353,-0.151329,-0.032142,0.276825,0.294959,20.328600,0
32.480000,0.121799,-0.176444,2.849435,-0.151329,-0.032146,0.294821,0.308902,19.705100,0
32.500000,0.129299,-0.178206,2.833830,-0.151328,-0.032150,0.312827,0.316360,19.909500,0
32.520000,0.112522,-0.174721,2.833628,-0.151328,-0.032154,0.330838,0.299904,20.016500,0
32.540000,0.126291,-0.183182,2.784404,-0.151327,-0.032158,0.348853,0.316038,19.769200,0
32.560000,0.109109,-0.175638,2.768918,-0.151326,-0.032162,0.366869,0.297341,19.687400,0
32.580000,0.115825,-0.177571,2.739536,-0.151326,-0.032166,0.384885,0.304158,20.685100,0
32.600000,0.120332,-0.179678,2.751505,-0.151325,-0.032170,0.402901,0.309121,20.080600,0
32.620000,0.124085,-0.182902,2.714145,-0.151324,-0.032174,0.420915,0.313957,20.713100,0
32.640000,0.108229,-0.178551,2.710340,-0.151323,-0.032177,0.438927,0.297981,19.728200,0
32.660000,0.118223,-0.179396,2.694544,-0.151322,-0.032180,0.456938,0.307127,20.155100,0
32.680000,0.116035,-0.178287,2.642626,-0.151321,-0.032184,0.474947,0.304672,20.156500,0
32.700000,0.110994,-0.178344,2.615842,-0.150091,-0.029795,0.478516,0.300387,19.647500,0
32.720000,0.110115,-0.174720,2.652198,-0.148707,-0.027129,0.478514,0.297946,19.910800,0
32.740000,0.111950,-0.179600,2.664032,-0.147324,-0.024463,0.478510,0.302144,19.960800,0
32.760000,0.106420,-0.175208,2.676184,-0.145941,-0.021798,0.478504,0.295331,20.622500,0
32.780000,0.107440,-0.176413,2.659085,-0.144559,-0.019133,0.478499,0.297053,19.098500,0
32.800000,0.102735,-0.173142,2.664228,-0.143177,-0.016468,0.478495,0.291581,18.499900,0
32.820000,0.085764,-0.163657,2.692029,-0.141795,-0.013803,0.478491,0.272469,18.666300,0
32.840000,0.099770,-0.169756,2.694391,-0.140413,-0.011139,0.478488,0.287832,18.620400,0
32.860000,0.095419,-0.168278,2.652854,-0.139032,-0.008475,0.478486,0.283733,19.166600,0
32.880000,0.091362,-0.168204,2.665323,-0.137650,-0.005812,0.478484,0.280744,19.117700,0
32.900000,0.085282,-0.163645,2.664853,-0.136269,-0.003148,0.478483,0.273577,19.175300,0
32.920000,0.086285,-0.166107,2.666831,-0.134888,-0.000484,0.478482,0.276312,22.078400,0
32.940000,0.088389,-0.163233,2.660368,-0.133506,0.002179,0.478481,0.276764,19.685900,0
32.960000,0.081016,-0.159388,2.659195,-0.132125,0.004842,0.478481,0.269074,19.271400,0
32.980000,0.077003,-0.158086,2.672053,-0.130744,0.007506,0.478480,0.265668,19.595600,0
33.000000,0.074118,-0.160512,2.671735,-0.129362,0.010169,0.478480,0.265587,19.451700,0
33.020000,0.071823,-0.159095,2.672511,-0.127981,0.012832,0.478480,0.263592,19.645200,0
33.040000,0.067188,-0.155705,2.662399,-0.126600,0.015496,0.478480,0.258580,19.771400,0
33.060000,0.066402,-0.153417,2.659210,-0.125219,0.018159,0.478479,0.257210,19.648100,0
33.080000,0.068384,-0.156933,2.669308,-0.123837,0.020822,0.478479,0.261812,19.489300,0
33.100000,0.053430,-0.148237,2.662964,-0.122456,0.023485,0.478479,0.245813,19.542400,0
33.120000,0.052506,-0.144355,2.672349,-0.121075,0.026148,0.478479,0.243314,18.860000,0
33.140000,0.058397,-0.146188,2.686160,-0.119693,0.028811,0.478479,0.249681,19.126300,0
33.160000,0.055178,-0.150297,2.677361,-0.118312,0.031475,0.478479,0.251277,19.305300,0
33.180000,0.050229,-0.145799,2.671296,-0.116931,0.034138,0.478479,0.245601,19.921000,0
33.200000,0.049258,-0.144292,2.678016,-0.115550,0.036801,0.478479,0.244860,20.297200,0
33.220000,0.048678,-0.145988,2.669426,-0.114168,0.039464,0.478479,0.246802,20.162200,0
33.240000,0.041618,-0.142693,2.680325,-0.112787,0.042127,0.478479,0.240831,20.265000,0
33.260000,0.046448,-0.142565,2.665475,-0.111406,0.044790,0.478479,0.244990,20.265200,0
33.280000,0.040905,-0.138163,2.673075,-0.110024,0.047453,0.478479,0.239234,19.564800,0
33.300000,0.031860,-0.133475,2.662834,-0.108643,0.050116,0.478479,0.231186,18.795800,0
33.320000,0.032501,-0.132106,2.678441,-0.107262,0.052779,0.478479,0.231768,18.409100,0
33.340000,0.030350,-0.132893,2.668480,-0.105881,0.055442,0.478479,0.232442,18.673800,0
33.360000,0.024096,-0.129944,2.667356,-0.104499,0.058106,0.478479,0.227815,18.454400,0
33.380000,0.026693,-0.130414,2.661865,-0.103118,0.060769,0.478479,0.231089,18.173900,0
33.400000,0.024498,-0.132415,2.650075,-0.101737,0.063432,0.478479,0.233005,18.028100,0
33.420000,0.021035,-0.128985,2.658479,-0.100355,0.066095,0.478479,0.229765,18.785200,0
33.440000,0.015289,-0.125552,2.657462,-0.098974,0.068758,0.478479,0.225416,18.674000,0
33.460000,0.012883,-0.122482,2.661811,-0.097593,0.071421,0.478479,0.223167,18.237100,0
33.480000,0.014483,-0.123402,2.651796,-0.096212,0.074084,0.478479,0.226394,18.156200,0
33.500000,0.016956,-0.125852,2.653991,-0.094830,0.076747,0.478479,0.231392,18.612600,0
33.520000,0.019517,-0.128250,2.673053,-0.093449,0.079410,0.478479,0.236398,18.440900,0
33.540000,0.001829,-0.119536,2.663277,-0.092068,0.082073,0.478479,0.222403,18.443600,0
33.560000,-0.006827,-0.113551,2.635847,-0.090686,0.084736,0.478479,0.215290,19.654600,0
33.580000,-0.010453,-0.112435,2.623294,-0.089305,0.087400,0.478479,0.214830,18.272400,0
33.600000,-0.004515,-0.114346,2.621857,-0.087924,0.090063,0.478479,0.220771,18.827900,0
33.620000,-0.012988,-0.111119,2.625345,-0.086543,0.092726,0.478479,0.216710,19.250000,0
33.640000,-0.011498,-0.112219,2.627746,-0.085161,0.095389,0.478479,0.220289,19.926100,0
33.660000,-0.016585,-0.106928,2.618940,-0.083780,0.098052,0.478479,0.215713,20.531200,0
33.680000,-0.026853,-0.103934,2.622505,-0.082399,0.100715,0.478479,0.212053,20.298500,0
33.700000,-0.024189,-0.103682,2.619269,-0.081017,0.103378,0.478479,0.214716,20.101200,0
33.720000,-0.026486,-0.103889,2.652235,-0.079636,0.106041,0.478479,0.216554,20.227800,0
33.740000,-0.020864,-0.106475,2.641212,-0.079619,0.106463,0.461008,0.220895,21.178200,0
33.760000,-0.028719,-0.099776,2.663078,-0.079616,0.106472,0.442873,0.212436,20.408500,0
33.780000,-0.017953,-0.106731,2.671720,-0.079618,0.106469,0.424884,0.221939,20.393600,0
33.800000,-0.033701,-0.101284,2.714711,-0.079620,0.106467,0.406893,0.212765,20.652200,0
33.820000,-0.027198,-0.101022,2.697689,-0.079623,0.106465,0.388900,0.214008,21.353900,0
33.840000,-0.023425,-0.101335,2.755663,-0.079626,0.106464,0.370906,0.215265,20.960500,0
33.860000,-0.028827,-0.099040,2.761018,-0.079628,0.106463,0.352913,0.211689,20.519700,0
33.880000,-0.025394,-0.099847,2.756952,-0.078615,0.108694,0.351931,0.215225,20.522000,0
33.900000,-0.029145,-0.098081,2.784402,-0.077580,0.111513,0.351932,0.215118,20.647600,0
33.920000,-0.029610,-0.096667,2.794014,-0.076545,0.114332,0.351938,0.216157,20.391200,0
33.940000,-0.038353,-0.093592,2.792954,-0.075509,0.117150,0.351942,0.213992,21.325100,0
33.960000,-0.038269,-0.092252,2.795907,-0.074474,0.119968,0.351945,0.215286,21.272600,0
33.980000,-0.040259,-0.093745,2.793507,-0.073440,0.122785,0.351947,0.219058,21.006800,0
34.000000,-0.039331,-0.092984,2.796431,-0.072405,0.125602,0.351949,0.221074,21.462300,0
34.020000,-0.042214,-0.092769,2.795588,-0.071370,0.128419,0.351950,0.223101,21.090800,0
34.040000,-0.042843,-0.092465,2.798634,-0.070336,0.131236,0.351951,0.225384,21.185900,0
34.060000,-0.059113,-0.087249,2.810144,-0.069301,0.134052,0.351952,0.221536,19.408800,0
34.080000,-0.052065,-0.088365,2.801326,-0.068267,0.136869,0.351953,0.225816,22.019800,0
34.100000,-0.054027,-0.087174,2.814700,-0.067232,0.139685,0.351953,0.227243,19.938800,0
34.120000,-0.044780,-0.089656,2.777534,-0.066198,0.142502,0.351953,0.233144,19.145700,0
34.140000,-0.053583,-0.085955,2.779219,-0.065163,0.145318,0.351954,0.231563,20.906100,0
34.160000,-0.054434,-0.088263,2.793284,-0.064129,0.148134,0.351954,0.236596,20.352800,0
34.180000,-0.056350,-0.087111,2.793911,-0.063095,0.150950,0.351954,0.238157,20.349100,0
34.200000,-0.070714,-0.082184,2.789353,-0.062060,0.153767,0.351954,0.236110,20.717100,0
34.220000,-0.078289,-0.079658,2.789757,-0.061026,0.156583,0.351954,0.236871,20.330200,0
34.240000,-0.085508,-0.075998,2.745002,-0.059992,0.159399,0.351954,0.236776,20.613900,0
34.260000,-0.067573,-0.084551,2.770188,-0.059940,0.159896,0.335759,0.244566,20.302600,0
34.280000,-0.075835,-0.079530,2.786886,-0.059959,0.159984,0.316677,0.240039,19.686700,0
34.300000,-0.077810,-0.078147,2.806135,-0.059961,0.159981,0.298690,0.238796,19.288300,0
34.320000,-0.077876,-0.080985,2.840058,-0.059963,0.159979,0.280700,0.241629,22.417200,0
34.340000,-0.064821,-0.081649,2.817219,-0.059965,0.159977,0.262709,0.241675,22.568100,0
34.360000,-0.083783,-0.073944,2.848343,-0.059967,0.159976,0.244718,0.235129,20.984100,0
34.380000,-0.063924,-0.080414,2.882307,-0.059969,0.159974,0.226727,0.240420,19.500100,0
34.400000,-0.082001,-0.077066,2.895969,-0.059971,0.159974,0.208736,0.238062,19.907500,0
34.420000,-0.067168,-0.082947,2.907013,-0.059974,0.159973,0.190745,0.243027,20.458100,0
34.440000,-0.074622,-0.078423,2.942735,-0.059976,0.159972,0.172755,0.238844,19.885200,0
34.460000,-0.064470,-0.077995,2.976511,-0.059978,0.159972,0.154766,0.238010,20.086300,0
34.480000,-0.081325,-0.074695,2.943029,-0.059600,0.162263,0.147071,0.237952,20.193700,0
34.500000,-0.076628,-0.075717,2.927851,-0.059161,0.165234,0.147074,0.241583,20.687300,0
34.520000,-0.085262,-0.075913,2.972411,-0.058723,0.168206,0.147083,0.245557,20.914400,0
34.540000,-0.088768,-0.076535,2.959427,-0.058283,0.171176,0.147090,0.249580,20.964800,0
34.560000,-0.098655,-0.073551,2.958084,-0.057844,0.174146,0.147095,0.251036,20.887700,0
34.580000,-0.089840,-0.072708,2.959596,-0.057404,0.177116,0.147099,0.251921,20.691700,0
34.600000,-0.094170,-0.071089,2.979686,-0.056965,0.180085,0.147102,0.253914,20.641400,0
34.620000,-0.095164,-0.071753,2.988263,-0.056906,0.180801,0.134775,0.255436,20.959300,0
34.640000,-0.098964,-0.069444,3.006198,-0.056932,0.180975,0.114772,0.253922,21.797400,0
34.660000,-0.089607,-0.070441,3.046292,-0.056933,0.180972,0.096779,0.253527,20.679100,0
34.680000,-0.096756,-0.070353,3.032538,-0.056934,0.180970,0.078792,0.254458,20.683500,0
34.700000,-0.085837,-0.070533,3.062970,-0.056936,0.180967,0.060804,0.253155,19.387700,0
34.720000,-0.098844,-0.068326,3.065164,-0.056936,0.180966,0.042815,0.252790,19.745600,0
34.740000,-0.090361,-0.069191,3.107204,-0.056937,0.180964,0.024827,0.252378,20.858000,0
34.760000,-0.098518,-0.067918,3.118223,-0.056938,0.180963,0.006839,0.252331,20.444400,0
34.780000,-0.100914,-0.068688,3.109759,-0.056913,0.183076,-0.003168,0.255581,20.468900,0
34.800000,-0.096644,-0.067358,3.132656,-0.056925,0.186079,-0.003166,0.256530,19.273900,0
34.820000,-0.100217,-0.066149,3.141471,-0.056936,0.189082,-0.003162,0.258874,19.189700,0
34.840000,-0.099059,-0.067471,-3.139235,-0.056947,0.192085,-0.003156,0.262951,18.964300,0
34.860000,-0.104886,-0.068657,-3.126699,-0.056958,0.195087,-0.003152,0.268064,21.379100,0
34.880000,-0.115670,-0.065413,-3.126483,-0.056968,0.198088,-0.003148,0.269961,19.460500,0
34.900000,-0.116108,-0.065827,-3.130102,-0.056978,0.201090,-0.003145,0.273388,20.952500,0
34.920000,-0.107226,-0.066846,-3.137426,-0.056987,0.204091,-0.003142,0.275556,20.965000,0
34.940000,-0.120082,-0.067139,3.141327,-0.056997,0.207091,-0.003140,0.281392,20.525200,0
34.960000,-0.116714,-0.067033,3.124106,-0.057006,0.210092,-0.003139,0.283484,20.696700,0
34.980000,-0.116823,-0.067384,3.106209,-0.057015,0.213093,-0.003137,0.286783,21.148600,0
35.000000,-0.129784,-0.068684,3.105799,-0.057025,0.216093,-0.003136,0.293925,21.798500,0
35.020000,-0.135167,-0.064781,3.102067,-0.057034,0.219093,-0.003136,0.294431,21.006500,0
35.040000,-0.136724,-0.068195,3.104906,-0.057043,0.222094,-0.003135,0.301026,22.464800,0
35.060000,-0.137289,-0.066152,3.112619,-0.057052,0.225094,-0.003135,0.302097,21.213100,0
35.080000,-0.145405,-0.064135,3.115632,-0.057062,0.228094,-0.003134,0.305291,21.507700,0
35.100000,-0.148915,-0.066475,3.084111,-0.057071,0.231094,-0.003134,0.311421,21.507100,0
35.120000,-0.149089,-0.065877,3.123818,-0.057080,0.234094,-0.003134,0.313765,20.172500,0
35.140000,-0.150798,-0.067656,3.099641,-0.057090,0.237094,-0.003134,0.318832,21.093100,0
35.160000,-0.150045,-0.067252,3.109379,-0.057099,0.240094,-0.003134,0.321093,23.208600,0
35.180000,-0.158019,-0.065283,3.137879,-0.057108,0.243094,-0.003134,0.324468,19.429800,0
35.200000,-0.152200,-0.066568,3.125472,-0.057110,0.244048,-0.012225,0.324845,20.042000,0
35.220000,-0.166510,-0.065752,-3.136297,-0.057113,0.244222,-0.032222,0.328712,21.319700,0
35.240000,-0.151887,-0.066500,-3.134031,-0.057114,0.244231,-0.050359,0.324863,20.273900,0
35.260000,-0.166523,-0.064318,-3.083370,-0.057115,0.244228,-0.068348,0.327370,21.066700,0
35.280000,-0.152278,-0.062495,-3.092725,-0.057116,0.244225,-0.086337,0.321143,20.517400,0
35.300000,-0.167187,-0.065980,-3.029375,-0.057117,0.244223,-0.104327,0.329152,21.072500,0
35.320000,-0.167192,-0.065361,-3.025991,-0.057369,0.246462,-0.112775,0.330597,22.495100,0
35.340000,-0.168999,-0.066016,-3.018331,-0.057709,0.249445,-0.112773,0.334516,22.660000,0
35.360000,-0.167997,-0.064409,-3.028063,-0.058049,0.252428,-0.112770,0.335371,21.540700,0
35.380000,-0.171893,-0.066119,-3.018922,-0.058388,0.255411,-0.112767,0.340977,20.721100,0
35.400000,-0.174041,-0.063318,-3.002621,-0.058727,0.258394,-0.112765,0.341754,20.720300,0
35.420000,-0.167510,-0.062663,-3.024501,-0.059065,0.261376,-0.112762,0.341704,20.722800,0
35.440000,-0.172030,-0.061465,-3.023326,-0.059403,0.264358,-0.112761,0.344740,20.176900,0
35.460000,-0.181017,-0.064220,-3.024093,-0.059741,0.267340,-0.112759,0.353043,20.431800,0
35.480000,-0.180267,-0.067081,-3.027529,-0.060079,0.270322,-0.112758,0.358170,20.593600,0
35.500000,-0.180353,-0.066121,-3.031935,-0.060417,0.273303,-0.112757,0.359991,21.221800,0
35.520000,-0.190197,-0.066733,-3.035350,-0.060754,0.276284,-0.112756,0.366628,20.746600,0
35.540000,-0.194284,-0.065528,-3.020023,-0.061092,0.279266,-0.112756,0.369626,18.961700,0
35.560000,-0.196287,-0.064056,-3.032970,-0.061430,0.282247,-0.112755,0.371634,21.545000,0
35.580000,-0.198424,-0.065762,-3.024358,-0.061767,0.285228,-0.112755,0.376655,22.053600,0
35.600000,-0.204007,-0.067790,-2.982739,-0.062105,0.288209,-0.112755,0.383238,22.084000,0
35.620000,-0.198201,-0.066543,-3.029045,-0.062442,0.291190,-0.112755,0.382627,21.038500,0
35.640000,-0.196247,-0.068222,-3.066236,-0.062780,0.294171,-0.112754,0.386189,21.542500,0
35.660000,-0.217247,-0.067791,-3.053582,-0.062847,0.294966,-0.124009,0.394249,19.948400,0
35.680000,-0.204395,-0.065015,-3.033495,-0.062869,0.295138,-0.144007,0.386962,21.310200,0
35.700000,-0.214991,-0.068136,-3.013279,-0.062869,0.295138,-0.162030,0.393839,21.574500,0
35.720000,-0.201278,-0.066258,-2.977146,-0.062870,0.295134,-0.180018,0.386990,20.491300,0
35.740000,-0.214712,-0.069519,-2.975865,-0.062870,0.295130,-0.198022,0.394999,21.008000,0
35.760000,-0.202223,-0.064845,-2.979593,-0.062871,0.295126,-0.216038,0.386003,21.564900,0
35.780000,-0.209936,-0.066181,-2.928653,-0.063413,0.297469,-0.222826,0.392059,21.556000,0
35.800000,-0.198825,-0.067815,-2.903828,-0.064078,0.300397,-0.222825,0.392093,20.293200,0
35.820000,-0.213663,-0.067375,-2.907635,-0.064743,0.303325,-0.222823,0.399494,19.332900,0
35.840000,-0.230206,-0.067071,-2.908138,-0.065407,0.306253,-0.222820,0.408080,19.742900,0
35.860000,-0.227782,-0.067980,-2.890123,-0.066071,0.309180,-0.222817,0.410366,20.623100,0
35.880000,-0.221255,-0.066182,-2.909353,-0.066735,0.312107,-0.222815,0.408631,20.878900,0
35.900000,-0.217750,-0.068076,-2.899501,-0.067399,0.315034,-0.222813,0.411557,19.730500,0
35.920000,-0.230900,-0.069954,-2.908572,-0.068062,0.317960,-0.222812,0.420706,20.250300,0
35.940000,-0.245429,-0.073972,-2.901720,-0.068725,0.320887,-0.222810,0.432594,20.400500,0
35.960000,-0.231570,-0.068374,-2.901888,-0.069388,0.323813,-0.222809,0.424398,20.577100,0
35.980000,-0.246310,-0.071779,-2.904039,-0.070051,0.326740,-0.222809,0.435757,19.803500,0
36.000000,-0.248035,-0.070571,-2.899494,-0.070714,0.329666,-0.222808,0.437758,19.935500,0
36.020000,-0.246839,-0.067825,-2.911413,-0.071377,0.332592,-0.222808,0.437173,21.351000,0
36.040000,-0.252441,-0.073317,-2.907686,-0.072040,0.335518,-0.222808,0.446868,21.568400,0
36.060000,-0.256099,-0.074728,-2.896089,-0.072703,0.338444,-0.222807,0.452046,20.173000,0
36.080000,-0.251663,-0.072960,-2.907887,-0.073366,0.341370,-0.222807,0.451064,20.184900,0
36.100000,-0.260575,-0.075144,-2.908395,-0.074029,0.344296,-0.222807,0.459053,21.142300,0
36.120000,-0.259445,-0.073229,-2.903923,-0.074692,0.347222,-0.222807,0.459253,21.330300,0
36.140000,-0.249467,-0.075491,-2.910724,-0.075355,0.350148,-0.222807,0.459873,21.276300,0
36.160000,-0.265256,-0.078026,-2.912376,-0.076018,0.353074,-0.222807,0.470806,21.216200,0
36.180000,-0.268807,-0.075474,-2.908113,-0.076680,0.356000,-0.222807,0.472316,21.592000,0
36.200000,-0.271405,-0.076407,-2.901603,-0.077343,0.358926,-0.222807,0.476628,22.607700,0
36.220000,-0.273006,-0.076094,-2.940717,-0.077442,0.359589,-0.235729,0.477562,23.348200,0
36.240000,-0.270117,-0.077147,-2.891500,-0.077480,0.359743,-0.255555,0.477475,23.565500,0
36.260000,-0.275101,-0.079425,-2.869698,-0.077480,0.359741,-0.273562,0.481581,24.021600,0
36.280000,-0.272807,-0.078604,-2.887543,-0.077480,0.359737,-0.291561,0.479892,22.936100,0
36.300000,-0.277278,-0.076416,-2.842951,-0.077481,0.359732,-0.309569,0.479734,18.657300,0
36.320000,-0.271343,-0.074100,-2.838271,-0.077481,0.359728,-0.327582,0.475173,19.631500,0
36.340000,-0.267009,-0.072439,-2.814498,-0.077482,0.359724,-0.345598,0.471895,19.787200,0
36.360000,-0.265508,-0.070675,-2.802468,-0.077483,0.359720,-0.363616,0.469673,20.328600,0
36.380000,-0.274024,-0.074311,-2.801010,-0.078404,0.362136,-0.368309,0.478282,19.141300,0
36.400000,-0.277318,-0.074816,-2.782804,-0.079487,0.364938,-0.368311,0.482204,18.904400,0
36.420000,-0.273219,-0.075032,-2.765595,-0.080569,0.367739,-0.368309,0.482867,18.808000,0
36.440000,-0.281182,-0.078741,-2.773633,-0.081650,0.370540,-0.368305,0.491595,19.298900,0
36.460000,-0.284851,-0.078399,-2.770743,-0.082731,0.373340,-0.368301,0.494894,19.675600,0
36.480000,-0.292757,-0.080971,-2.770450,-0.083812,0.376140,-0.368299,0.502601,19.768800,0
36.500000,-0.295505,-0.080894,-2.771159,-0.084892,0.378940,-0.368296,0.505772,19.529000,0
36.520000,-0.296901,-0.080603,-2.765458,-0.085973,0.381740,-0.368294,0.508185,19.500000,0
36.540000,-0.298877,-0.080759,-2.756844,-0.087053,0.384539,-0.368293,0.511245,21.432600,0
36.560000,-0.303302,-0.087083,-2.763638,-0.088133,0.387339,-0.368291,0.520936,19.511900,0
36.580000,-0.301672,-0.082136,-2.761617,-0.089214,0.390138,-0.368290,0.517862,20.282900,0
36.600000,-0.311392,-0.085499,-2.776591,-0.090294,0.392937,-0.368290,0.527054,20.425900,0
36.620000,-0.313398,-0.087872,-2.767359,-0.091374,0.395737,-0.368289,0.532140,20.829400,0
36.640000,-0.314120,-0.088089,-2.758974,-0.092454,0.398536,-0.368289,0.534733,19.174200,0
36.660000,-0.320341,-0.090672,-2.778533,-0.093534,0.401335,-0.368289,0.541768,19.856800,0
36.680000,-0.323316,-0.089993,-2.763356,-0.094614,0.404134,-0.368288,0.544487,20.986200,0
36.700000,-0.325760,-0.091020,-2.766386,-0.095694,0.406933,-0.368288,0.548532,21.387000,0
36.720000,-0.327548,-0.090772,-2.761889,-0.096774,0.409732,-0.368288,0.551145,20.806200,0
36.740000,-0.332483,-0.091088,-2.765739,-0.097854,0.412531,-0.368288,0.555592,22.228200,0
36.760000,-0.335715,-0.091781,-2.760019,-0.098934,0.415329,-0.368288,0.559666,20.369600,0
36.780000,-0.337859,-0.092012,-2.770660,-0.100014,0.418128,-0.368288,0.562861,19.919800,0
36.800000,-0.337876,-0.094065,-2.786871,-0.100204,0.418620,-0.383358,0.565096,19.956900,0
36.820000,-0.335635,-0.092980,-2.767356,-0.100239,0.418704,-0.402419,0.563234,19.426100,0
36.840000,-0.330770,-0.094028,-2.732194,-0.100238,0.418701,-0.420412,0.562171,20.345100,0
36.860000,-0.335000,-0.095992,-2.730344,-0.100238,0.418697,-0.438410,0.565701,20.032600,0
36.880000,-0.327529,-0.088838,-2.721270,-0.100238,0.418693,-0.456413,0.556101,21.017900,0
36.900000,-0.324548,-0.085141,-2.704791,-0.100238,0.418689,-0.474419,0.551507,21.678500,0
36.920000,-0.330923,-0.088458,-2.662382,-0.100239,0.418685,-0.492427,0.557144,20.095800,0
36.940000,-0.337474,-0.093599,-2.661708,-0.100239,0.418682,-0.510436,0.564546,19.879900,0
36.960000,-0.329992,-0.089550,-2.665053,-0.100240,0.418678,-0.528444,0.557747,20.877300,0
36.980000,-0.334221,-0.089664,-2.622678,-0.101611,0.421025,-0.531664,0.561169,21.426900,0
37.000000,-0.342227,-0.094093,-2.598204,-0.103134,0.423613,-0.531663,0.570249,21.278000,0
37.020000,-0.341710,-0.091555,-2.603069,-0.104657,0.426201,-0.531659,0.569443,21.495200,0
37.040000,-0.347365,-0.097246,-2.602772,-0.106180,0.428789,-0.531655,0.578691,22.437900,0
37.060000,-0.348297,-0.097807,-2.599819,-0.107702,0.431377,-0.531651,0.581311,21.531800,0
37.080000,-0.348719,-0.098064,-2.610936,-0.109223,0.433964,-0.531648,0.583449,21.519400,0
37.100000,-0.350727,-0.100427,-2.610421,-0.110745,0.436551,-0.531646,0.588163,22.648200,0
37.120000,-0.356153,-0.105340,-2.602885,-0.112266,0.439138,-0.531644,0.596605,21.678700,0
37.140000,-0.358483,-0.105023,-2.604050,-0.113787,0.441725,-0.531642,0.599007,20.876700,0
37.160000,-0.366581,-0.111155,-2.594372,-0.115308,0.444311,-0.531641,0.609656,22.373800,0
37.180000,-0.362176,-0.106923,-2.601878,-0.116829,0.446898,-0.531640,0.605734,21.818600,0
37.200000,-0.369759,-0.110025,-2.598198,-0.118350,0.449484,-0.531639,0.613398,21.509200,0
37.220000,-0.371993,-0.110484,-2.604362,-0.119871,0.452070,-0.531639,0.616468,20.436300,0
37.240000,-0.383523,-0.115010,-2.579078,-0.121392,0.454656,-0.531638,0.627083,20.724800,0
37.260000,-0.375809,-0.111527,-2.584389,-0.121602,0.455014,-0.548277,0.620959,21.869600,0
37.280000,-0.373871,-0.112131,-2.618091,-0.121628,0.455053,-0.566841,0.620745,22.088500,0
37.300000,-0.367875,-0.105824,-2.600237,-0.121627,0.455050,-0.584828,0.612550,21.720200,0
37.320000,-0.366130,-0.103041,-2.563099,-0.121626,0.455047,-0.602821,0.609298,22.120300,0
37.340000,-0.361615,-0.101615,-2.544117,-0.121625,0.455043,-0.620818,0.606187,20.683500,0
37.360000,-0.378010,-0.112975,-2.539708,-0.121625,0.455040,-0.638818,0.623197,19.039900,0
37.380000,-0.372305,-0.105693,-2.505889,-0.121625,0.455037,-0.656819,0.614214,18.832000,0
37.400000,-0.367453,-0.102800,-2.485652,-0.121626,0.455034,-0.674820,0.609598,18.962700,0
37.420000,-0.376041,-0.111921,-2.482051,-0.121626,0.455031,-0.692822,0.621419,18.994700,0
37.440000,-0.374516,-0.108932,-2.470722,-0.121626,0.455028,-0.710823,0.618064,19.592200,0
37.460000,-0.376199,-0.104976,-2.431892,-0.121627,0.455026,-0.728823,0.615150,19.396500,0
37.480000,-0.371192,-0.104975,-2.445950,-0.121627,0.455023,-0.746822,0.613091,18.729500,0
37.500000,-0.378876,-0.109512,-2.403462,-0.121628,0.455020,-0.764820,0.620381,19.012300,0
37.520000,-0.371778,-0.104777,-2.354860,-0.121629,0.455018,-0.782817,0.613144,18.892300,0
37.540000,-0.370626,-0.099992,-2.389944,-0.121630,0.455016,-0.800813,0.608303,19.244200,0
37.560000,-0.367374,-0.093803,-2.366233,-0.121630,0.455013,-0.818809,0.601323,19.138000,0
37.580000,-0.381788,-0.106633,-2.330706,-0.121631,0.455011,-0.836803,0.618971,20.482300,0
37.600000,-0.375796,-0.101464,-2.323425,-0.121632,0.455009,-0.854796,0.611769,21.615600,0
37.620000,-0.381192,-0.105514,-2.255324,-0.121632,0.455007,-0.872789,0.617701,21.434800,0
37.640000,-0.377377,-0.105597,-2.271613,-0.121633,0.455005,-0.890781,0.616181,21.546200,0
37.660000,-0.374986,-0.101659,-2.271927,-0.121634,0.455003,-0.908772,0.611605,21.989600,0
37.680000,-0.377526,-0.104987,-2.271353,-0.123713,0.456821,-0.909301,0.616481,21.294200,0
37.700000,-0.376676,-0.101825,-2.284797,-0.126084,0.458666,-0.909293,0.613960,22.067400,0
37.720000,-0.381594,-0.109052,-2.260342,-0.128454,0.460512,-0.909283,0.623284,21.832100,0
37.740000,-0.384620,-0.110503,-2.259576,-0.130823,0.462357,-0.909275,0.626563,22.011000,0
37.760000,-0.388273,-0.112421,-2.272078,-0.133191,0.464201,-0.909269,0.630524,21.975300,0
37.780000,-0.388471,-0.112678,-2.278650,-0.135560,0.466046,-0.909265,0.631574,21.309300,0
37.800000,-0.387119,-0.114227,-2.267921,-0.137928,0.467890,-0.909262,0.633211,21.461600,0
37.820000,-0.392055,-0.120127,-2.263544,-0.140296,0.469734,-0.909260,0.641341,21.176600,0
37.840000,-0.395746,-0.124355,-2.259250,-0.142663,0.471578,-0.909258,0.647447,22.208900,0
37.860000,-0.399942,-0.126476,-2.258828,-0.145031,0.473422,-0.909257,0.651811,21.389200,0
37.880000,-0.399975,-0.128176,-2.265348,-0.147398,0.475265,-0.909256,0.654168,21.430000,0
37.900000,-0.399369,-0.123518,-2.277214,-0.149766,0.477109,-0.909255,0.650427,21.971600,0
37.920000,-0.394630,-0.123100,-2.283017,-0.152133,0.478952,-0.909255,0.649054,21.198300,0
37.940000,-0.402115,-0.127369,-2.249917,-0.154500,0.480795,-0.909254,0.656641,21.538400,0
37.960000,-0.395776,-0.120916,-2.340422,-0.156867,0.482639,-0.909254,0.649120,21.440300,0
37.980000,-0.406798,-0.136123,-2.249641,-0.159235,0.484482,-0.909253,0.668160,21.713200,0
38.000000,-0.417517,-0.149545,-2.119282,-0.161602,0.486325,-0.909253,0.685437,22.088100,0
38.020000,-0.412544,-0.144428,-2.227855,-0.163969,0.488168,-0.909253,0.679682,21.494500,0
38.040000,-0.414301,-0.141174,-2.238265,-0.166336,0.490011,-0.909253,0.678145,21.038900,0
38.060000,-0.423272,-0.153638,-2.225974,-0.168703,0.491855,-0.909253,0.693878,21.189000,0
38.080000,-0.423605,-0.150858,-2.210172,-0.171071,0.493698,-0.909253,0.692262,21.811700,0
38.100000,-0.429787,-0.161168,-2.219037,-0.173438,0.495541,-0.909252,0.704969,21.719600,0
38.120000,-0.425034,-0.158589,-2.216937,-0.175805,0.497384,-0.909252,0.701723,22.049000,0
38.140000,-0.432645,-0.167612,-2.204616,-0.178172,0.499227,-0.909252,0.713744,21.497500,0
38.160000,-0.422390,-0.153399,-2.223084,-0.180539,0.501070,-0.909252,0.697726,21.922800,0
38.180000,-0.429338,-0.162436,-2.228108,-0.182906,0.502913,-0.909252,0.709519,21.601200,0
38.200000,-0.433265,-0.164093,-2.229598,-0.185273,0.504756,-0.909252,0.713344,21.224900,0
38.220000,-0.436265,-0.168054,-2.227118,-0.187641,0.506599,-0.909252,0.719006,21.450300,0
38.240000,-0.438317,-0.170484,-2.220952,-0.190008,0.508442,-0.909252,0.722910,21.866800,0
38.260000,-0.442431,-0.176005,-2.225483,-0.192375,0.510285,-0.909252,0.730426,21.459600,0
38.280000,-0.441905,-0.175310,-2.254517,-0.194742,0.512128,-0.909252,0.730521,21.103700,0
38.300000,-0.440728,-0.177469,-2.263765,-0.197109,0.513971,-0.909252,0.733102,21.445600,0
38.320000,-0.439714,-0.171971,-2.280151,-0.199476,0.515814,-0.909252,0.728535,21.548600,0
38.340000,-0.443069,-0.180363,-2.203009,-0.199772,0.515977,-0.926467,0.737620,21.590000,0
38.360000,-0.441162,-0.180349,-2.231179,-0.199769,0.515974,-0.944452,0.736978,21.217400,0
38.380000,-0.442164,-0.175167,-2.201511,-0.199767,0.515971,-0.962441,0.732412,20.968400,0
38.400000,-0.440087,-0.167487,-2.208267,-0.199765,0.515968,-0.980433,0.724476,21.755300,0
38.420000,-0.441616,-0.173348,-2.165889,-0.199763,0.515965,-0.998427,0.730510,18.431700,0
38.440000,-0.438118,-0.167996,-2.167758,-0.199763,0.515962,-1.016423,0.724301,18.291800,0
38.460000,-0.440538,-0.173242,-2.128103,-0.199762,0.515959,-1.034418,0.730049,18.818700,0
38.480000,-0.441486,-0.172782,-2.128445,-0.199762,0.515956,-1.052414,0.729925,18.447000,0
38.500000,-0.438862,-0.167628,-2.138421,-0.201899,0.517440,-1.052511,0.724893,18.299500,0
38.520000,-0.447577,-0.181937,-2.132724,-0.204508,0.518928,-1.052504,0.741818,18.806700,0
38.540000,-0.445808,-0.175952,-2.151258,-0.207117,0.520416,-1.052498,0.736140,19.514300,0
38.560000,-0.451338,-0.191774,-2.087359,-0.209724,0.521904,-1.052493,0.753468,19.192300,0
38.580000,-0.455632,-0.194133,-2.099251,-0.212332,0.523391,-1.052490,0.757651,19.316500,0
38.600000,-0.460354,-0.197148,-2.085314,-0.214939,0.524879,-1.052487,0.762595,19.030000,0
38.620000,-0.458027,-0.200098,-2.074764,-0.217546,0.526366,-1.052485,0.765233,19.439900,0
38.640000,-0.459591,-0.194729,-2.092740,-0.220153,0.527853,-1.052484,0.761220,18.129400,0
38.660000,-0.458628,-0.196038,-2.108992,-0.220533,0.527887,-1.069616,0.762074,18.871600,0
38.680000,-0.456340,-0.190547,-2.068678,-0.220531,0.527885,-1.087605,0.756141,18.572100,0
38.700000,-0.454452,-0.185318,-2.076198,-0.220528,0.527882,-1.105593,0.750583,18.551600,0
38.720000,-0.458859,-0.192492,-2.026948,-0.220526,0.527880,-1.123583,0.758774,18.839400,0
38.740000,-0.455754,-0.188647,-2.040831,-0.220524,0.527878,-1.141575,0.754150,18.917400,0
38.760000,-0.457245,-0.192529,-1.994500,-0.220523,0.527875,-1.159568,0.758300,19.198200,0
38.780000,-0.456680,-0.183023,-1.983132,-0.220522,0.527873,-1.177561,0.749096,20.925200,0
38.800000,-0.461595,-0.189692,-1.951585,-0.220522,0.527871,-1.195553,0.756976,20.105700,0
38.820000,-0.461945,-0.191825,-1.944720,-0.220521,0.527868,-1.213545,0.759107,19.670700,0
38.840000,-0.459423,-0.189020,-1.948883,-0.220521,0.527866,-1.231537,0.755646,20.212400,0
38.860000,-0.456044,-0.182464,-1.942796,-0.220521,0.527864,-1.249527,0.748357,19.423900,0
38.880000,-0.462548,-0.187853,-1.889299,-0.220521,0.527862,-1.267517,0.755530,18.056200,0
38.900000,-0.459895,-0.188563,-1.853392,-0.220521,0.527860,-1.285506,0.755356,18.684300,0
38.920000,-0.460450,-0.185225,-1.876562,-0.220521,0.527858,-1.303495,0.752365,18.361200,0
38.940000,-0.464279,-0.199042,-1.809817,-0.220521,0.527856,-1.321482,0.766680,17.981300,0
38.960000,-0.464428,-0.194085,-1.840513,-0.220521,0.527854,-1.339469,0.762028,18.286600,0
38.980000,-0.461582,-0.177530,-1.831003,-0.220521,0.527852,-1.357456,0.745436,19.494400,0
39.000000,-0.464260,-0.190213,-1.773365,-0.222859,0.528384,-1.364329,0.758061,18.637900,0
39.020000,-0.466921,-0.207551,-1.755961,-0.225799,0.528998,-1.364326,0.775013,19.143000,0
39.040000,-0.470235,-0.202678,-1.792852,-0.228739,0.529613,-1.364314,0.771084,19.326500,0
39.060000,-0.470394,-0.210056,-1.782768,-0.231679,0.530228,-1.364305,0.777821,18.231900,0
39.080000,-0.470852,-0.206766,-1.793618,-0.234617,0.530843,-1.364299,0.774516,19.189300,0
39.100000,-0.467806,-0.201805,-1.806479,-0.237555,0.531459,-1.364294,0.768564,19.595200,0
39.120000,-0.468761,-0.202434,-1.823903,-0.240493,0.532074,-1.364292,0.769161,20.568500,0
39.140000,-0.467256,-0.208278,-1.778551,-0.243431,0.532690,-1.364290,0.774036,20.288200,0
39.160000,-0.473057,-0.223242,-1.765472,-0.246368,0.533305,-1.364289,0.789779,21.599000,0
39.180000,-0.475294,-0.233025,-1.751015,-0.249305,0.533920,-1.364288,0.799547,19.927100,0
39.200000,-0.478649,-0.238131,-1.773293,-0.252242,0.534536,-1.364287,0.805155,20.324900,0
39.220000,-0.471862,-0.227802,-1.786300,-0.255179,0.535151,-1.364286,0.793126,19.901500,0
39.240000,-0.476514,-0.234235,-1.765034,-0.258115,0.535767,-1.364285,0.800376,19.858500,0
39.260000,-0.479378,-0.245744,-1.772214,-0.261052,0.536382,-1.364285,0.812027,19.967400,0
39.280000,-0.479974,-0.239721,-1.758705,-0.263988,0.536997,-1.364284,0.806189,19.878000,0
39.300000,-0.480420,-0.251903,-1.778694,-0.266925,0.537613,-1.364284,0.817872,19.840000,0
39.320000,-0.481755,-0.253074,-1.772668,-0.269861,0.538228,-1.364283,0.819181,19.839700,0
39.340000,-0.481705,-0.255507,-1.758737,-0.272797,0.538843,-1.364283,0.821361,19.801200,0
39.360000,-0.481681,-0.252378,-1.792869,-0.275734,0.539458,-1.364283,0.818180,20.101400,0
39.380000,-0.480184,-0.236647,-1.839995,-0.278670,0.540074,-1.364283,0.802436,20.425000,0
39.400000,-0.477582,-0.237490,-1.798481,-0.281606,0.540689,-1.364283,0.802477,19.518900,0
39.420000,-0.479858,-0.246253,-1.798897,-0.284543,0.541304,-1.364283,0.811415,19.385200,0
39.440000,-0.477246,-0.245938,-1.819882,-0.287479,0.541919,-1.364283,0.810389,20.562400,0
39.460000,-0.483448,-0.264569,-1.809347,-0.290415,0.542534,-1.364283,0.829865,20.502200,0
39.480000,-0.481499,-0.262394,-1.827453,-0.293351,0.543150,-1.364283,0.827225,18.627200,0
39.500000,-0.481765,-0.261271,-1.797246,-0.296288,0.543765,-1.364283,0.826127,19.918800,0
39.520000,-0.479206,-0.251378,-1.831576,-0.299224,0.544380,-1.364283,0.815858,20.508400,0
39.540000,-0.488212,-0.281983,-1.802403,-0.302160,0.544995,-1.364282,0.847649,19.857300,0
39.560000,-0.490398,-0.279647,-1.813015,-0.305097,0.545610,-1.364282,0.845805,20.054500,0
39.580000,-0.490270,-0.293554,-1.858905,-0.308033,0.546225,-1.364282,0.859325,20.797000,0
39.600000,-0.485135,-0.273486,-1.816829,-0.310969,0.546840,-1.364282,0.838611,19.943500,0
39.620000,-0.490707,-0.294304,-1.795759,-0.313905,0.547456,-1.364282,0.860127,19.705800,0
39.640000,-0.491822,-0.289944,-1.833154,-0.316842,0.548071,-1.364282,0.856088,20.749900,0
39.660000,-0.489015,-0.283682,-1.822197,-0.319778,0.548686,-1.364282,0.849398,20.065300,0
39.680000,-0.491226,-0.284036,-1.806358,-0.322714,0.549301,-1.364282,0.850205,18.023800,0
39.700000,-0.490513,-0.291458,-1.820542,-0.325650,0.549916,-1.364282,0.857374,18.291200,0
39.720000,-0.487788,-0.292557,-1.804840,-0.328587,0.550531,-1.364282,0.857988,17.960000,0
39.740000,-0.485752,-0.277090,-1.838608,-0.331523,0.551147,-1.364282,0.842475,18.388600,0
39.760000,-0.493237,-0.305090,-1.819693,-0.334459,0.551762,-1.364282,0.871439,18.226100,0
39.780000,-0.492300,-0.303648,-1.821512,-0.337395,0.552377,-1.364282,0.869928,18.959800,0
39.800000,-0.488895,-0.300656,-1.805404,-0.340332,0.552992,-1.364282,0.866479,18.798400,0
39.820000,-0.493191,-0.317068,-1.813092,-0.343268,0.553607,-1.364282,0.883488,18.617600,0
39.840000,-0.490444,-0.315185,-1.820754,-0.346204,0.554222,-1.364282,0.881291,18.426100,0
39.860000,-0.491867,-0.314601,-1.827147,-0.349140,0.554837,-1.364282,0.881075,18.396800,0
39.880000,-0.495564,-0.313609,-1.780353,-0.349773,0.554919,-1.377692,0.880679,20.043200,0
39.900000,-0.493766,-0.315295,-1.764275,-0.349941,0.554882,-1.397663,0.881982,19.211900,0
39.920000,-0.495571,-0.318215,-1.758387,-0.349937,0.554881,-1.415651,0.885159,19.326600,0
39.940000,-0.496690,-0.319901,-1.742673,-0.349935,0.554879,-1.433640,0.887004,19.562900,0
39.960000,-0.497659,-0.312510,-1.719198,-0.349932,0.554877,-1.451631,0.879877,20.661300,0
39.980000,-0.494803,-0.310732,-1.718268,-0.349931,0.554875,-1.469621,0.877646,19.945700,0
40.000000,-0.498207,-0.309939,-1.693087,-0.352175,0.555167,-1.478018,0.877345,18.702400,0
40.020000,-0.498994,-0.318319,-1.702786,-0.355165,0.555443,-1.478016,0.885521,19.130200,0
40.040000,-0.499674,-0.318032,-1.711640,-0.358155,0.555720,-1.478010,0.885138,20.227500,0
40.060000,-0.499514,-0.313281,-1.732807,-0.361144,0.555996,-1.478007,0.880221,21.485600,0
40.080000,-0.498625,-0.332123,-1.662316,-0.364133,0.556274,-1.478004,0.898520,21.168600,0
40.100000,-0.502367,-0.337393,-1.666728,-0.367122,0.556551,-1.478002,0.904116,20.927000,0
40.120000,-0.502703,-0.353264,-1.664699,-0.370110,0.556829,-1.478000,0.919701,21.023200,0
40.140000,-0.505717,-0.359980,-1.651403,-0.373098,0.557106,-1.477999,0.926625,21.619700,0
40.160000,-0.505476,-0.343639,-1.653961,-0.376086,0.557384,-1.477997,0.910266,21.921500,0
40.180000,-0.504196,-0.351480,-1.679252,-0.379074,0.557662,-1.477996,0.917712,21.299100,0
40.200000,-0.503499,-0.348141,-1.738911,-0.382061,0.557940,-1.477996,0.914183,18.802900,0
40.220000,-0.504125,-0.348395,-1.679923,-0.382845,0.557885,-1.489429,0.914359,18.045300,0
40.240000,-0.502876,-0.342686,-1.651825,-0.383019,0.557869,-1.509429,0.908496,17.885300,0
40.260000,-0.503905,-0.334407,-1.624936,-0.383017,0.557868,-1.527441,0.900427,18.573600,0
40.280000,-0.508559,-0.365701,-1.613816,-0.383014,0.557867,-1.545429,0.932062,18.518100,0
40.300000,-0.505155,-0.348967,-1.600031,-0.383012,0.557866,-1.563417,0.915022,19.338300,0
40.320000,-0.505773,-0.340963,-1.583366,-0.383010,0.557864,-1.581407,0.907172,19.482900,0
40.340000,-0.508567,-0.342749,-1.544815,-0.383008,0.557863,-1.599396,0.909323,19.090400,0
40.360000,-0.508220,-0.341133,-1.576205,-0.383007,0.557862,-1.617384,0.907673,19.568700,0
40.380000,-0.507498,-0.341561,-1.533655,-0.383006,0.557860,-1.635373,0.907996,19.447700,0
40.400000,-0.506435,-0.346575,-1.525303,-0.383005,0.557859,-1.653360,0.912818,19.307100,0
40.420000,-0.509144,-0.337052,-1.509313,-0.383004,0.557857,-1.671347,0.903755,19.389000,0
40.440000,-0.507943,-0.352204,-1.481160,-0.383004,0.557856,-1.689334,0.918597,19.850700,0
40.460000,-0.508994,-0.345099,-1.454923,-0.382998,0.557855,-1.707377,0.911702,19.681000,0
40.480000,-0.512585,-0.338916,-1.443721,-0.382992,0.557853,-1.725426,0.906085,19.486600,0
40.500000,-0.513758,-0.340127,-1.445433,-0.382986,0.557852,-1.743473,0.907451,19.988600,0
40.520000,-0.513166,-0.345432,-1.418646,-0.382980,0.557851,-1.761516,0.912617,20.307700,0
40.540000,-0.511585,-0.356020,-1.369155,-0.382975,0.557850,-1.779554,0.922876,18.463800,0
40.560000,-0.512429,-0.347516,-1.372501,-0.382970,0.557849,-1.797588,0.914574,18.936400,0
40.580000,-0.515683,-0.336446,-1.356854,-0.382965,0.557847,-1.815618,0.904088,18.792500,0
40.600000,-0.514897,-0.353880,-1.343524,-0.382961,0.557846,-1.833644,0.921223,18.762100,0
40.620000,-0.514506,-0.345274,-1.333291,-0.382957,0.557845,-1.851667,0.912650,19.486400,0
40.640000,-0.512067,-0.351407,-1.310643,-0.382953,0.557844,-1.869687,0.918372,19.307200,0
40.660000,-0.517219,-0.338956,-1.302669,-0.382950,0.557843,-1.887704,0.906794,19.602500,0
40.680000,-0.517499,-0.340813,-1.248037,-0.382946,0.557841,-1.905718,0.908671,18.393700,0
40.700000,-0.516789,-0.355948,-1.248660,-0.382943,0.557840,-1.923731,0.923538,18.513400,0
40.720000,-0.519595,-0.353704,-1.243469,-0.382940,0.557839,-1.941741,0.921729,18.748900,0
40.740000,-0.523205,-0.339683,-1.229898,-0.382937,0.557838,-1.959750,0.908416,18.796000,0
40.760000,-0.513132,-0.363990,-1.165731,-0.382934,0.557837,-1.977757,0.930976,18.717800,0
40.780000,-0.522602,-0.346934,-1.183674,-0.382932,0.557836,-1.995763,0.915487,18.719200,0
40.800000,-0.520115,-0.349137,-1.150567,-0.382929,0.557835,-2.013767,0.917288,18.617500,0
40.820000,-0.518994,-0.350936,-1.104008,-0.382926,0.557833,-2.031771,0.918899,18.249300,0
40.840000,-0.529871,-0.340312,-1.140192,-0.382924,0.557832,-2.049773,0.910085,18.201100,0
40.860000,-0.524817,-0.342287,-1.135751,-0.382921,0.557831,-2.067774,0.911233,18.777000,0
40.880000,-0.514439,-0.376485,-1.040471,-0.385294,0.556543,-2.071205,0.941923,19.745800,0
40.900000,-0.514776,-0.369384,-1.063782,-0.387929,0.555102,-2.071202,0.933147,19.354000,0
40.920000,-0.516979,-0.364739,-1.080657,-0.390564,0.553660,-2.071195,0.927058,19.441400,0
40.940000,-0.512489,-0.372647,-1.064950,-0.393199,0.552220,-2.071186,0.932528,19.197500,0
40.960000,-0.511382,-0.375892,-1.058193,-0.395833,0.550779,-2.071180,0.933847,19.306700,0
40.980000,-0.507464,-0.379391,-1.052890,-0.398467,0.549339,-2.071174,0.935104,18.984100,0
41.000000,-0.512461,-0.371426,-1.113164,-0.401100,0.547900,-2.071170,0.926046,19.416700,0
41.020000,-0.506498,-0.380242,-1.101353,-0.403734,0.546460,-2.071166,0.932382,19.874400,0
41.040000,-0.505225,-0.378303,-1.093153,-0.406367,0.545021,-2.071164,0.928601,19.495700,0
41.060000,-0.513654,-0.363953,-1.110046,-0.406747,0.544813,-2.087558,0.915033,19.607100,0
41.080000,-0.509384,-0.378671,-1.053711,-0.406799,0.544782,-2.106274,0.929133,18.864000,0
41.100000,-0.508049,-0.382525,-1.035461,-0.406796,0.544783,-2.124261,0.932819,18.259000,0
41.120000,-0.516291,-0.371487,-1.033843,-0.406793,0.544784,-2.142252,0.922791,19.008400,0
41.140000,-0.512391,-0.380543,-0.984263,-0.406790,0.544784,-2.160248,0.931333,19.128400,0
41.160000,-0.511278,-0.380633,-0.992093,-0.406787,0.544785,-2.178247,0.931299,19.330200,0
41.180000,-0.517469,-0.364700,-0.985149,-0.406784,0.544784,-2.196248,0.916195,19.991500,0
41.200000,-0.515235,-0.379235,-0.975970,-0.406781,0.544784,-2.214249,0.930362,19.983900,0
41.220000,-0.515157,-0.381167,-0.954333,-0.406778,0.544784,-2.232250,0.932272,19.941100,0
41.240000,-0.518096,-0.378511,-0.899930,-0.406775,0.544783,-2.250251,0.929981,20.274500,0
41.260000,-0.517192,-0.377471,-0.912230,-0.406772,0.544783,-2.268251,0.928840,19.675800,0
41.280000,-0.513270,-0.383668,-0.882539,-0.406770,0.544782,-2.286250,0.934538,20.089600,0
41.300000,-0.515692,-0.379412,-0.860765,-0.406767,0.544782,-2.304248,0.930590,20.068200,0
41.320000,-0.518273,-0.375725,-0.857606,-0.406765,0.544781,-2.322246,0.927235,19.941700,0
41.340000,-0.511231,-0.389647,-0.805790,-0.406763,0.544780,-2.340242,0.940249,19.537900,0
41.360000,-0.521544,-0.377760,-0.825341,-0.406760,0.544780,-2.358237,0.929653,20.435100,0
41.380000,-0.517656,-0.381139,-0.820008,-0.406758,0.544779,-2.376232,0.932536,20.046300,0
41.400000,-0.518105,-0.382628,-0.776525,-0.406756,0.544778,-2.394226,0.934066,19.629700,0
41.420000,-0.517033,-0.383558,-0.758374,-0.406754,0.544777,-2.412219,0.934862,19.821700,0
41.440000,-0.520443,-0.384616,-0.747887,-0.406752,0.544777,-2.430211,0.936321,19.714500,0
41.460000,-0.523680,-0.378444,-0.735029,-0.406750,0.544776,-2.448203,0.930595,19.424600,0
41.480000,-0.505134,-0.403712,-0.648640,-0.408590,0.542693,-2.449613,0.951316,19.661600,0
41.500000,-0.508349,-0.395756,-0.669850,-0.410507,0.540379,-2.449606,0.941235,20.373900,0
41.520000,-0.510003,-0.399559,-0.678995,-0.412423,0.538067,-2.449596,0.942690,19.745000,0
41.540000,-0.507540,-0.391456,-0.683405,-0.414339,0.535755,-2.449588,0.931883,19.693400,0
41.560000,-0.507393,-0.397469,-0.690719,-0.416255,0.533443,-2.449582,0.935363,20.204600,0
41.580000,-0.500877,-0.399759,-0.686474,-0.418171,0.531132,-2.449578,0.934557,19.652500,0
41.600000,-0.502909,-0.399291,-0.690420,-0.420087,0.528822,-2.449574,0.931801,19.854700,0
41.620000,-0.495160,-0.399614,-0.677392,-0.422002,0.526511,-2.449572,0.929010,19.796400,0
41.640000,-0.496098,-0.405816,-0.682671,-0.423917,0.524201,-2.449570,0.932814,19.824500,0
41.660000,-0.496054,-0.406139,-0.679673,-0.425832,0.521891,-2.449569,0.930683,19.897400,0
41.680000,-0.491379,-0.410056,-0.685348,-0.427747,0.519580,-2.449568,0.931811,20.342100,0
41.700000,-0.485694,-0.414473,-0.686567,-0.429662,0.517270,-2.449568,0.933426,20.088300,0
41.720000,-0.483723,-0.413227,-0.688710,-0.431576,0.514960,-2.449567,0.929651,20.190000,0
41.740000,-0.484628,-0.407998,-0.690842,-0.433491,0.512650,-2.449566,0.922067,19.639300,0
41.760000,-0.479219,-0.416699,-0.694863,-0.435406,0.510340,-2.449566,0.928073,20.059400,0
41.780000,-0.477817,-0.417937,-0.684898,-0.437320,0.508030,-2.449566,0.926852,20.433400,0
41.800000,-0.476195,-0.422409,-0.685276,-0.439235,0.505720,-2.449565,0.928864,19.952600,0
41.820000,-0.475798,-0.424947,-0.680928,-0.441149,0.503410,-2.449565,0.929004,20.346500,0
41.840000,-0.472393,-0.426492,-0.669727,-0.443063,0.501101,-2.449565,0.928057,20.608300,0
41.860000,-0.467508,-0.427588,-0.685489,-0.444978,0.498791,-2.449565,0.926653,20.460200,0
41.880000,-0.465339,-0.430813,-0.674751,-0.446892,0.496481,-2.449565,0.927478,20.189100,0
41.900000,-0.464076,-0.435778,-0.717524,-0.448807,0.494171,-2.449565,0.930075,20.428600,0
41.920000,-0.469719,-0.429698,-0.726638,-0.450721,0.491861,-2.449565,0.921755,21.084000,0
41.940000,-0.470643,-0.428028,-0.739939,-0.452635,0.489551,-2.449565,0.917755,21.553300,0
41.960000,-0.462382,-0.434368,-0.731016,-0.454550,0.487241,-2.449565,0.921643,20.390600,0
41.980000,-0.461803,-0.434012,-0.730428,-0.456464,0.484931,-2.449565,0.918958,19.996800,0
42.000000,-0.459524,-0.440497,-0.725029,-0.458378,0.482622,-2.449565,0.923120,19.782900,0
42.020000,-0.456913,-0.441092,-0.730401,-0.460292,0.480312,-2.449565,0.921410,19.878800,0
42.040000,-0.453297,-0.447036,-0.737382,-0.462207,0.478002,-2.449564,0.925080,19.922800,0
42.060000,-0.454177,-0.445345,-0.728322,-0.464121,0.475692,-2.449564,0.921091,19.789700,0
42.080000,-0.454188,-0.444774,-0.726166,-0.466035,0.473382,-2.449564,0.918232,20.139800,0
42.100000,-0.445905,-0.445514,-0.691269,-0.467950,0.471072,-2.449564,0.916851,19.529400,0
42.120000,-0.438228,-0.455183,-0.679170,-0.469864,0.468762,-2.449564,0.924487,18.136700,0
42.140000,-0.441028,-0.450273,-0.673877,-0.471778,0.466452,-2.449564,0.917240,18.214100,0
42.160000,-0.430972,-0.463817,-0.674960,-0.473693,0.464143,-2.449564,0.928943,18.721800,0
42.180000,-0.430896,-0.462889,-0.674348,-0.475607,0.461833,-2.449564,0.925803,18.426500,0
42.200000,-0.433244,-0.459139,-0.704927,-0.477521,0.459523,-2.449564,0.919728,18.997700,0
42.220000,-0.426031,-0.463212,-0.689950,-0.479436,0.457213,-2.449564,0.921973,18.856100,0
42.240000,-0.423088,-0.469232,-0.684152,-0.481350,0.454903,-2.449564,0.925970,18.911400,0
42.260000,-0.407794,-0.477222,-0.659851,-0.483264,0.452593,-2.449564,0.932872,18.864300,0
42.280000,-0.413731,-0.476015,-0.659757,-0.485178,0.450283,-2.449564,0.929050,19.627200,0
42.300000,-0.422355,-0.472055,-0.724714,-0.487093,0.447974,-2.449564,0.922304,19.666200,0
42.320000,-0.423613,-0.469753,-0.733348,-0.489007,0.445664,-2.449564,0.917750,18.875400,0
42.340000,-0.417830,-0.475160,-0.726981,-0.490921,0.443354,-2.449564,0.921418,18.236200,0
42.360000,-0.421139,-0.467467,-0.722570,-0.492836,0.441044,-2.449564,0.911336,18.961600,0
42.380000,-0.419821,-0.467033,-0.724347,-0.494750,0.438734,-2.449564,0.908861,18.039800,0
42.400000,-0.416717,-0.472365,-0.729643,-0.496664,0.436424,-2.449564,0.912299,18.152400,0
42.420000,-0.415724,-0.474067,-0.741434,-0.498579,0.434114,-2.449564,0.911953,18.484100,0
42.440000,-0.395454,-0.492308,-0.678402,-0.500493,0.431805,-2.449564,0.930063,18.431600,0
42.460000,-0.390864,-0.498311,-0.665607,-0.502407,0.429495,-2.449564,0.934487,18.997100,0
42.480000,-0.401952,-0.487604,-0.687012,-0.504321,0.427185,-2.449564,0.920499,19.289300,0
42.500000,-0.396911,-0.490491,-0.675980,-0.506236,0.424875,-2.449564,0.921871,18.236000,0
42.520000,-0.390081,-0.498901,-0.671314,-0.508150,0.422565,-2.449564,0.929000,19.249800,0
42.540000,-0.393909,-0.492891,-0.672934,-0.510064,0.420255,-2.449564,0.920504,18.673100,0
42.560000,-0.389489,-0.498951,-0.695363,-0.511979,0.417945,-2.449564,0.925042,18.798000,0
42.580000,-0.378449,-0.510342,-0.665322,-0.513893,0.415636,-2.449564,0.935831,20.081100,0
42.600000,-0.372981,-0.512383,-0.675754,-0.515807,0.413326,-2.449564,0.936662,18.341600,0
42.620000,-0.376227,-0.506704,-0.678028,-0.517722,0.411016,-2.449564,0.928564,18.432800,0
42.640000,-0.374883,-0.508596,-0.670688,-0.519636,0.408706,-2.449564,0.928653,18.003100,0
42.660000,-0.377205,-0.505852,-0.662856,-0.521550,0.406396,-2.449564,0.923597,18.827400,0
42.680000,-0.377015,-0.508462,-0.688814,-0.523464,0.404086,-2.449564,0.924225,19.190100,0
42.700000,-0.374111,-0.507764,-0.681635,-0.525379,0.401776,-2.449564,0.922033,19.835700,0
42.720000,-0.371023,-0.509600,-0.694341,-0.527293,0.399467,-2.449564,0.922401,18.766000,0
42.740000,-0.378053,-0.506151,-0.722889,-0.527519,0.399191,-2.467016,0.917597,20.534900,0
42.760000,-0.382686,-0.502773,-0.703538,-0.527532,0.399174,-2.485294,0.913503,20.434700,0
42.780000,-0.376394,-0.514024,-0.693684,-0.527529,0.399176,-2.503285,0.925622,19.936400,0
42.800000,-0.386408,-0.508926,-0.663072,-0.527526,0.399178,-2.521278,0.919003,20.071800,0
42.820000,-0.378775,-0.511995,-0.632761,-0.527523,0.399179,-2.539274,0.923235,19.172000,0
42.840000,-0.372691,-0.515683,-0.619518,-0.527520,0.399180,-2.557270,0.927872,18.360200,0
42.860000,-0.383074,-0.508641,-0.627235,-0.529171,0.397075,-2.557388,0.917423,18.457100,0
42.880000,-0.382651,-0.509007,-0.618503,-0.530827,0.394570,-2.557382,0.915646,17.719400,0
42.900000,-0.379158,-0.511171,-0.624678,-0.532484,0.392065,-2.557378,0.916158,18.261600,0
42.920000,-0.369972,-0.519401,-0.619809,-0.534140,0.389561,-2.557374,0.923669,18.272900,0
42.940000,-0.366221,-0.519635,-0.626398,-0.535795,0.387057,-2.557372,0.922413,18.382900,0
42.960000,-0.364534,-0.521470,-0.638105,-0.537451,0.384554,-2.557370,0.922377,18.556200,0
42.980000,-0.362536,-0.520439,-0.615648,-0.539106,0.382050,-2.557369,0.919599,18.578700,0
43.000000,-0.360348,-0.526808,-0.624628,-0.540762,0.379547,-2.557368,0.924137,18.131700,0
43.020000,-0.356153,-0.529845,-0.619845,-0.542417,0.377045,-2.557367,0.925820,18.053800,0
43.040000,-0.356872,-0.529719,-0.619828,-0.544072,0.374542,-2.557366,0.923434,19.084500,0
43.060000,-0.347888,-0.535201,-0.611777,-0.545727,0.372039,-2.557366,0.928560,19.603300,0
43.080000,-0.349184,-0.533392,-0.618380,-0.547382,0.369536,-2.557365,0.924425,20.012600,0
43.100000,-0.348098,-0.532883,-0.631731,-0.549037,0.367034,-2.557365,0.922078,19.775200,0
43.120000,-0.332683,-0.545103,-0.605168,-0.550692,0.364531,-2.557365,0.935394,19.343300,0
43.140000,-0.332386,-0.543029,-0.580883,-0.552347,0.362029,-2.557365,0.931403,18.526300,0
43.160000,-0.320347,-0.551691,-0.553146,-0.554001,0.359526,-2.557365,0.940697,18.424800,0
43.180000,-0.320506,-0.553862,-0.579928,-0.555656,0.357024,-2.557365,0.940749,18.691000,0
43.200000,-0.326439,-0.549422,-0.595421,-0.557311,0.354521,-2.557364,0.932960,18.374400,0
43.220000,-0.314146,-0.555194,-0.571994,-0.558966,0.352019,-2.557364,0.939666,18.438600,0
43.240000,-0.322940,-0.551340,-0.579087,-0.560620,0.349516,-2.557364,0.931683,18.627500,0
43.260000,-0.323839,-0.553651,-0.567768,-0.562275,0.347014,-2.557364,0.931692,19.087700,0
43.280000,-0.319312,-0.554589,-0.567481,-0.563930,0.344511,-2.557364,0.931783,19.167900,0
43.300000,-0.307719,-0.557005,-0.563257,-0.565584,0.342009,-2.557364,0.935265,18.990400,0
43.320000,-0.308844,-0.558670,-0.607849,-0.567239,0.339507,-2.557364,0.934607,19.084800,0
43.340000,-0.312847,-0.555594,-0.615778,-0.568894,0.337004,-2.557364,0.928597,19.336400,0
43.360000,-0.315728,-0.559484,-0.614545,-0.570548,0.334502,-2.557364,0.929593,18.714400,0
43.380000,-0.308460,-0.560577,-0.620407,-0.572203,0.331999,-2.557364,0.930727,18.846100,0
43.400000,-0.308800,-0.561104,-0.617959,-0.573858,0.329497,-2.557364,0.929207,18.450100,0
43.420000,-0.304719,-0.563018,-0.614866,-0.575512,0.326994,-2.557364,0.930296,18.677800,0
43.440000,-0.297511,-0.564340,-0.603233,-0.577167,0.324492,-2.557364,0.931789,19.609200,0
43.460000,-0.301429,-0.566387,-0.607099,-0.578822,0.321990,-2.557364,0.930678,20.158500,0
43.480000,-0.299592,-0.566980,-0.615275,-0.580476,0.319487,-2.557364,0.929903,19.519800,0
43.500000,-0.295654,-0.569289,-0.611286,-0.582131,0.316985,-2.557364,0.931424,19.508000,0
43.520000,-0.291488,-0.574912,-0.616280,-0.583786,0.314482,-2.557364,0.936194,19.268000,0
43.540000,-0.292905,-0.575433,-0.619005,-0.585440,0.311980,-2.557364,0.934387,19.464600,0
43.560000,-0.281061,-0.579995,-0.611790,-0.587095,0.309478,-2.557364,0.940648,19.461300,0
43.580000,-0.284954,-0.579537,-0.627574,-0.588750,0.306975,-2.557364,0.937121,19.457800,0
43.600000,-0.291600,-0.572566,-0.604451,-0.588802,0.306641,-2.574216,0.928080,19.940700,0
43.620000,-0.283210,-0.580262,-0.565219,-0.588799,0.306644,-2.592201,0.938076,19.202600,0
43.640000,-0.281763,-0.579676,-0.564185,-0.588796,0.306647,-2.610190,0.937996,18.486000,0
43.660000,-0.286757,-0.578947,-0.540037,-0.588793,0.306649,-2.628183,0.935685,19.193300,0
43.680000,-0.283686,-0.580841,-0.525929,-0.588790,0.306650,-2.646177,0.938472,19.292800,0
43.700000,-0.290232,-0.579394,-0.520309,-0.588787,0.306651,-2.664172,0.934992,19.591200,0
43.720000,-0.287970,-0.579151,-0.515573,-0.590163,0.304495,-2.664261,0.933890,19.612800,0
43.740000,-0.283612,-0.582729,-0.496737,-0.591543,0.301828,-2.664256,0.936623,20.453800,0
43.760000,-0.238360,-0.606871,-0.375676,-0.592923,0.299161,-2.664252,0.972938,19.635000,0
43.780000,-0.283964,-0.585316,-0.516110,-0.594302,0.296494,-2.664248,0.934826,19.921200,0
43.800000,-0.284302,-0.582596,-0.495047,-0.595681,0.293828,-2.664246,0.930094,20.013100,0
43.820000,-0.278942,-0.585270,-0.505106,-0.597060,0.291162,-2.664244,0.932380,19.730100,0
43.840000,-0.273062,-0.588777,-0.506141,-0.598439,0.288497,-2.664243,0.935671,18.238300,0
43.860000,-0.270177,-0.589320,-0.510423,-0.599818,0.285832,-2.664241,0.935176,20.888400,0
43.880000,-0.272418,-0.586731,-0.524826,-0.601197,0.283166,-2.664241,0.929955,21.053800,0
43.900000,-0.256018,-0.596616,-0.481677,-0.602576,0.280501,-2.664240,0.943099,20.898200,0
43.920000,-0.252268,-0.597831,-0.478863,-0.603954,0.277836,-2.664240,0.943650,21.187800,0
43.940000,-0.248250,-0.600133,-0.474672,-0.605333,0.275172,-2.664239,0.945340,20.755900,0
43.960000,-0.250440,-0.597045,-0.505316,-0.606711,0.272507,-2.664239,0.939707,20.844100,0
43.980000,-0.254867,-0.598188,-0.491490,-0.606729,0.272083,-2.681710,0.938711,21.362500,0
44.000000,-0.271707,-0.591534,-0.481511,-0.606734,0.272071,-2.699893,0.926314,21.887600,0
44.020000,-0.242840,-0.605424,-0.415081,-0.606731,0.272074,-2.717881,0.949958,21.354900,0
44.040000,-0.258502,-0.599058,-0.437970,-0.606729,0.272076,-2.735871,0.938156,21.257500,0
44.060000,-0.251791,-0.601824,-0.416069,-0.606727,0.272077,-2.753862,0.943230,21.854900,0
44.080000,-0.258110,-0.604168,-0.414955,-0.606724,0.272079,-2.771855,0.943048,21.634400,0
44.100000,-0.261294,-0.602505,-0.387603,-0.606722,0.272080,-2.789847,0.940329,20.942700,0
44.120000,-0.253441,-0.603042,-0.375717,-0.606720,0.272080,-2.807840,0.943739,21.289000,0
44.140000,-0.259810,-0.602014,-0.363067,-0.606718,0.272081,-2.825832,0.940418,21.370000,0
44.160000,-0.260458,-0.603307,-0.295984,-0.606715,0.272081,-2.843823,0.941381,21.133800,0
44.180000,-0.260929,-0.604045,-0.315494,-0.606713,0.272081,-2.861813,0.941894,21.456900,0
44.200000,-0.261146,-0.606488,-0.304126,-0.606711,0.272082,-2.879803,0.944087,21.695000,0
44.220000,-0.264673,-0.604875,-0.291869,-0.606709,0.272082,-2.897791,0.941298,21.383900,0
44.240000,-0.274354,-0.605401,-0.268335,-0.606707,0.272082,-2.915780,0.938315,21.186600,0
44.260000,-0.265839,-0.606922,-0.212340,-0.606705,0.272082,-2.933767,0.942782,19.466300,0
44.280000,-0.256097,-0.610012,-0.216759,-0.606703,0.272082,-2.951753,0.949218,19.351200,0
44.300000,-0.263814,-0.607760,-0.197481,-0.606701,0.272082,-2.969740,0.944295,19.920900,0
44.320000,-0.261021,-0.609793,-0.202747,-0.607123,0.269775,-2.977185,0.945213,19.976500,0
44.340000,-0.254306,-0.608882,-0.212692,-0.607614,0.266811,-2.977182,0.944280,18.064500,0
44.360000,-0.261962,-0.606690,-0.207325,-0.608104,0.263848,-2.977170,0.936830,18.344600,0
44.380000,-0.249213,-0.613951,-0.197845,-0.608595,0.260885,-2.977162,0.945777,18.219900,0
44.400000,-0.248809,-0.610351,-0.196726,-0.609086,0.257923,-2.977155,0.940052,18.360300,0
44.420000,-0.242969,-0.610600,-0.182297,-0.609577,0.254962,-2.977151,0.940000,18.291100,0
44.440000,-0.277587,-0.605915,-0.247128,-0.610068,0.252001,-2.977148,0.920089,18.656800,0
44.460000,-0.225108,-0.613976,-0.210954,-0.610560,0.249040,-2.977146,0.945183,19.031200,0
44.480000,-0.239639,-0.613375,-0.200470,-0.611051,0.246079,-2.977145,0.936273,18.982900,0
44.500000,-0.225067,-0.616506,-0.180541,-0.611543,0.243119,-2.977144,0.942507,19.093800,0
44.520000,-0.228678,-0.617131,-0.200434,-0.612034,0.240159,-2.977143,0.939099,19.263300,0
44.540000,-0.230956,-0.615028,-0.203618,-0.612525,0.237199,-2.977143,0.933748,18.951900,0
44.560000,-0.218695,-0.613105,-0.216892,-0.613017,0.234239,-2.977142,0.934603,19.481400,0
44.580000,-0.226878,-0.616217,-0.206215,-0.613508,0.231279,-2.977141,0.931521,19.268300,0
44.600000,-0.225529,-0.614154,-0.203477,-0.613999,0.228320,-2.977140,0.927724,19.425900,0
44.620000,-0.217601,-0.616520,-0.189979,-0.614491,0.225360,-2.977140,0.930743,19.681300,0
44.640000,-0.214110,-0.615577,-0.200211,-0.614567,0.224668,-2.989778,0.930793,19.620700,0
44.660000,-0.213255,-0.618212,-0.144866,-0.614538,0.224496,-3.009778,0.933373,19.106600,0
44.680000,-0.219422,-0.615855,-0.154804,-0.614537,0.224498,-3.027780,0.928606,19.696100,0
44.700000,-0.219269,-0.618708,-0.130550,-0.614536,0.224501,-3.045769,0.931256,19.459100,0
44.720000,-0.220014,-0.620541,-0.109744,-0.614534,0.224504,-3.063758,0.932602,19.379300,0
44.740000,-0.214475,-0.624226,-0.099739,-0.614533,0.224505,-3.081748,0.938291,18.865500,0
44.760000,-0.222437,-0.622802,-0.079428,-0.614749,0.222308,-3.090756,0.931730,19.159700,0
44.780000,-0.224915,-0.624004,-0.083644,-0.614900,0.219309,-3.090754,0.929120,19.985000,0
44.800000,-0.218750,-0.620243,-0.094051,-0.615051,0.216310,-3.090750,0.925676,19.207500,0
44.820000,-0.170692,-0.623366,-0.011932,-0.615202,0.213312,-3.090747,0.947428,19.818800,0
44.840000,-0.173617,-0.623669,-0.053441,-0.615353,0.210314,-3.090744,0.943747,19.874100,0
44.860000,-0.187172,-0.624771,-0.049927,-0.615505,0.207316,-3.090741,0.935862,19.833900,0
44.880000,-0.170025,-0.624938,-0.058156,-0.615657,0.204319,-3.090739,0.941411,20.370700,0
44.900000,-0.180699,-0.624738,-0.050306,-0.615809,0.201322,-3.090738,0.933646,19.835100,0
44.920000,-0.153646,-0.624013,-0.001602,-0.615962,0.198325,-3.090736,0.943385,20.144000,0
44.940000,-0.160868,-0.624053,-0.070374,-0.616114,0.195328,-3.090735,0.937354,18.825400,0
44.960000,-0.154801,-0.625971,-0.031839,-0.616267,0.192332,-3.090735,0.939453,18.981900,0
44.980000,-0.176279,-0.625781,-0.043181,-0.616419,0.189335,-3.090734,0.926357,18.957400,0
45.000000,-0.154379,-0.623856,-0.074898,-0.616572,0.186339,-3.090734,0.932759,19.943300,0
45.020000,-0.141692,-0.626209,-0.042515,-0.616724,0.183343,-3.090733,0.938632,19.461800,0
45.040000,-0.146715,-0.626021,-0.041566,-0.616877,0.180346,-3.090733,0.933424,19.727800,0
45.060000,-0.156022,-0.625367,-0.044359,-0.617029,0.177350,-3.090733,0.925679,19.992600,0
45.080000,-0.155930,-0.626126,-0.037027,-0.617182,0.174354,-3.090733,0.923862,19.929400,0
45.100000,-0.148755,-0.625831,-0.065647,-0.617334,0.171358,-3.090733,0.924704,20.456400,0
45.120000,-0.153711,-0.626479,-0.090315,-0.617487,0.168361,-3.090733,0.920250,20.247700,0
45.140000,-0.154315,-0.628819,-0.067013,-0.617452,0.167496,-3.101051,0.921202,20.239900,0
45.160000,-0.157669,-0.628478,-0.037965,-0.617443,0.167323,-3.121049,0.919071,20.344700,0
45.180000,-0.165509,-0.629150,-0.036136,-0.617442,0.167321,-3.139098,0.915757,19.304900,0
45.200000,-0.168715,-0.628354,0.001551,-0.617441,0.167324,3.126099,0.913487,18.450400,0
45.220000,-0.166580,-0.629808,0.021724,-0.617440,0.167326,3.108110,0.915804,18.571400,0
45.240000,-0.158767,-0.632099,0.020309,-0.617439,0.167329,3.090121,0.921664,18.009500,0
45.260000,-0.163332,-0.632918,0.024824,-0.617316,0.165156,3.080828,0.918164,18.393900,0
45.280000,-0.146306,-0.629060,0.032015,-0.617131,0.162159,3.080830,0.920709,19.055700,0
45.300000,-0.149274,-0.628388,0.018357,-0.616947,0.159162,3.080836,0.915944,19.008700,0
45.320000,-0.159630,-0.629485,0.021289,-0.616763,0.156165,3.080839,0.908965,18.952600,0
45.340000,-0.167609,-0.632198,-0.013773,-0.616580,0.153169,3.080842,0.904641,19.631800,0
45.360000,-0.123883,-0.630082,0.053639,-0.616397,0.150173,3.080844,0.922696,20.588600,0
45.380000,-0.118053,-0.628839,0.063527,-0.616214,0.147178,3.080846,0.922153,19.212100,0
45.400000,-0.114336,-0.625204,0.069455,-0.616032,0.144182,3.080848,0.918506,19.080100,0
45.420000,-0.117110,-0.628705,0.068505,-0.615849,0.141187,3.080849,0.917319,19.153000,0
45.440000,-0.113179,-0.628509,0.056766,-0.615667,0.138192,3.080850,0.916692,18.378900,0
45.460000,-0.114162,-0.627805,0.065675,-0.615485,0.135197,3.080851,0.912960,18.553700,0
45.480000,-0.103415,-0.627114,0.083836,-0.615303,0.132202,3.080851,0.915746,19.390700,0
45.500000,-0.108656,-0.625102,0.032225,-0.615121,0.129208,3.080852,0.908565,19.849600,0
45.520000,-0.116308,-0.627850,0.018757,-0.614938,0.126213,3.080852,0.904015,19.591200,0
45.540000,-0.126621,-0.631026,0.027640,-0.614756,0.123218,3.080852,0.898421,20.371700,0
45.560000,-0.119750,-0.626245,0.020612,-0.614574,0.120224,3.080853,0.895581,19.807800,0
45.580000,-0.124767,-0.628396,0.026954,-0.614392,0.117229,3.080853,0.892014,19.943200,0
45.600000,-0.109490,-0.628254,-0.000753,-0.614210,0.114234,3.080853,0.897792,20.567500,0
45.620000,-0.115247,-0.628645,0.020203,-0.614028,0.111240,3.080853,0.892307,20.096500,0
45.640000,-0.116928,-0.625024,0.011585,-0.613846,0.108245,3.080853,0.885783,18.287100,0
45.660000,-0.084127,-0.628514,0.047014,-0.613664,0.105251,3.080853,0.904887,17.702200,0
45.680000,-0.084590,-0.626552,0.096003,-0.613482,0.102256,3.080853,0.900493,18.620600,0
45.700000,-0.062275,-0.626178,0.071549,-0.613522,0.101412,3.091463,0.912831,18.370500,0
45.720000,-0.078954,-0.626696,0.023157,-0.613533,0.101239,3.111461,0.903141,18.291600,0
45.740000,-0.063980,-0.628477,0.008581,-0.613534,0.101240,3.129475,0.913507,19.214200,0
45.760000,-0.075595,-0.625188,-0.026585,-0.613535,0.101243,-3.135722,0.903926,18.473100,0
45.780000,-0.070285,-0.627072,0.012157,-0.613536,0.101246,-3.117733,0.908608,18.659800,0
45.800000,-0.089151,-0.624633,-0.065047,-0.613537,0.101248,-3.099743,0.895480,18.086600,0
45.820000,-0.102608,-0.622969,-0.066314,-0.613637,0.099085,-3.090332,0.884597,18.857900,0
45.840000,-0.095621,-0.623936,-0.078428,-0.613793,0.096086,-3.090334,0.887093,18.216500,0
45.860000,-0.099028,-0.620354,-0.095254,-0.613949,0.093088,-3.090338,0.879854,18.872600,0
45.880000,-0.103916,-0.619939,-0.105816,-0.614105,0.090089,-3.090341,0.874318,19.265400,0
45.900000,-0.079444,-0.623851,-0.094826,-0.614259,0.087092,-3.090344,0.889644,19.645900,0
45.920000,-0.088268,-0.622485,-0.089705,-0.614414,0.084094,-3.090346,0.880956,20.206200,0
45.940000,-0.084291,-0.623877,-0.108108,-0.614568,0.081097,-3.090348,0.882147,18.669100,0
45.960000,-0.074675,-0.624551,-0.064610,-0.614722,0.078100,-3.090350,0.886211,18.175200,0
45.980000,-0.103565,-0.622224,-0.099759,-0.614876,0.075103,-3.090351,0.864698,18.995900,0
46.000000,-0.069392,-0.622874,-0.089157,-0.615030,0.072107,-3.090352,0.883583,17.793500,0
46.020000,-0.068915,-0.625289,-0.081431,-0.615184,0.069110,-3.090353,0.883516,18.012500,0
46.040000,-0.106571,-0.620541,-0.123266,-0.615337,0.066114,-3.090354,0.854599,18.907100,0
46.060000,-0.053663,-0.626199,-0.086992,-0.615491,0.063117,-3.090354,0.889273,19.004400,0
46.080000,-0.058214,-0.626306,-0.105642,-0.615645,0.060121,-3.090354,0.884258,19.674500,0
46.100000,-0.048760,-0.628409,-0.064439,-0.615798,0.057125,-3.090355,0.889657,18.944600,0
46.120000,-0.049931,-0.626814,-0.065217,-0.615952,0.054129,-3.090355,0.885474,18.922200,0
46.140000,-0.059864,-0.625540,-0.070661,-0.616106,0.051132,-3.090355,0.875952,19.216500,0
46.160000,-0.055979,-0.626241,-0.079686,-0.616259,0.048136,-3.090355,0.876754,20.134700,0
46.180000,-0.032223,-0.627126,-0.080542,-0.616413,0.045140,-3.090355,0.890628,19.540000,0
46.200000,-0.038250,-0.625710,-0.106874,-0.616566,0.042144,-3.090355,0.883446,19.922900,0
46.220000,-0.037890,-0.627654,-0.075364,-0.616720,0.039148,-3.090355,0.882989,19.763900,0
46.240000,-0.038609,-0.629198,-0.094355,-0.616874,0.036152,-3.090355,0.881522,20.377700,0
46.260000,-0.022977,-0.627190,-0.088252,-0.617027,0.033156,-3.090355,0.888230,19.938400,0
46.280000,-0.023770,-0.629750,-0.099321,-0.617181,0.030160,-3.090355,0.887479,20.390300,0
46.300000,-0.020367,-0.628111,-0.060313,-0.617335,0.027164,-3.090355,0.886429,20.077300,0
46.320000,-0.043307,-0.624258,-0.088644,-0.617488,0.024167,-3.090355,0.866105,20.656500,0
46.340000,-0.026902,-0.627639,-0.103537,-0.617642,0.021171,-3.090355,0.877456,19.154300,0
46.360000,-0.024789,-0.627083,-0.073618,-0.617795,0.018175,-3.090355,0.876365,18.621700,0
46.380000,-0.037326,-0.626537,-0.081691,-0.617949,0.015179,-3.090355,0.865403,19.284400,0
46.400000,-0.017013,-0.628191,-0.098302,-0.618103,0.012183,-3.090355,0.878287,18.788900,0
46.420000,0.018411,-0.632040,-0.059627,-0.618256,0.009187,-3.090355,0.903613,19.690500,0
46.440000,0.029926,-0.633376,-0.054227,-0.618410,0.006191,-3.090355,0.910706,19.834700,0
46.460000,0.021353,-0.630452,-0.036835,-0.618564,0.003195,-3.090355,0.900556,19.565900,0
46.480000,0.022511,-0.631108,-0.032391,-0.618717,0.000199,-3.090355,0.899845,19.505500,0
46.500000,0.025044,-0.631098,-0.082217,-0.618871,-0.002797,-3.090355,0.899660,19.077700,0
46.520000,0.018579,-0.632442,-0.082983,-0.619025,-0.005793,-3.090355,0.893995,19.563900,0
46.540000,0.021884,-0.631527,-0.080329,-0.619178,-0.008789,-3.090355,0.893735,19.896200,0
46.560000,0.022128,-0.632539,-0.090954,-0.619332,-0.011785,-3.090355,0.892640,19.299700,0
46.580000,0.015342,-0.633051,-0.087198,-0.619486,-0.014781,-3.090355,0.886151,19.731300,0
46.600000,0.017642,-0.634193,-0.096290,-0.619639,-0.017778,-3.090355,0.886620,19.604700,0
46.620000,0.026928,-0.632099,-0.072630,-0.619793,-0.020774,-3.090355,0.889925,19.444800,0
46.640000,0.027595,-0.631268,-0.085635,-0.619946,-0.023770,-3.090355,0.887898,19.370200,0
46.660000,0.026213,-0.630273,-0.082352,-0.620100,-0.026766,-3.090355,0.884275,19.721000,0
46.680000,0.030305,-0.630723,-0.096889,-0.620254,-0.029762,-3.090355,0.885653,18.485600,0
46.700000,0.046866,-0.632782,-0.034983,-0.620407,-0.032758,-3.090355,0.897375,18.672200,0
46.720000,0.059426,-0.633885,-0.046764,-0.620561,-0.035754,-3.090355,0.905618,18.547300,0
46.740000,0.057400,-0.633615,-0.045135,-0.620715,-0.038750,-3.090355,0.902056,19.269500,0
46.760000,0.068072,-0.633897,-0.023244,-0.620868,-0.041746,-3.090355,0.908450,19.332300,0
46.780000,0.065277,-0.635372,-0.042893,-0.621022,-0.044742,-3.090355,0.905455,18.919000,0
46.800000,0.068238,-0.635447,-0.047220,-0.621176,-0.047738,-3.090355,0.905921,18.176300,0
46.820000,0.083330,-0.633258,-0.026646,-0.621329,-0.050734,-3.090355,0.914264,18.313900,0
46.840000,0.050155,-0.635097,-0.114658,-0.621483,-0.053730,-3.090355,0.888305,19.387300,0
46.860000,0.064823,-0.634886,-0.069827,-0.621637,-0.056726,-3.090355,0.897495,19.978000,0
46.880000,0.041585,-0.634552,-0.105612,-0.621790,-0.059722,-3.090355,0.877779,19.667500,0
46.900000,0.086392,-0.634939,-0.080643,-0.621944,-0.062718,-3.090355,0.910592,19.132700,0
46.920000,0.117837,-0.636522,-0.024482,-0.622098,-0.065715,-3.090355,0.934518,17.984900,0
46.940000,0.108146,-0.635664,-0.033441,-0.622251,-0.068711,-3.090355,0.924616,19.057700,0
46.960000,0.088977,-0.636219,-0.046425,-0.622405,-0.071707,-3.090355,0.908150,18.703400,0
46.980000,0.098209,-0.636025,-0.031312,-0.622558,-0.074703,-3.090355,0.913557,19.506100,0
47.000000,0.070458,-0.633100,-0.104268,-0.622712,-0.077699,-3.090355,0.888231,19.803700,0
47.020000,0.098111,-0.637618,-0.064172,-0.622866,-0.080695,-3.090355,0.911027,20.181700,0
47.040000,0.064395,-0.634279,-0.094528,-0.623019,-0.083691,-3.090355,0.880730,20.144500,0
47.060000,0.088041,-0.632838,-0.094396,-0.623173,-0.086687,-3.090355,0.896720,20.267900,0
47.080000,0.086242,-0.635536,-0.081850,-0.623327,-0.089683,-3.090355,0.895234,20.025300,0
47.100000,0.096838,-0.636863,-0.087235,-0.623480,-0.092679,-3.090355,0.902770,20.485000,0
47.120000,0.107320,-0.638723,-0.082649,-0.623634,-0.095675,-3.090355,0.910601,19.983500,0
47.140000,0.102303,-0.636526,-0.085127,-0.623788,-0.098671,-3.090355,0.903601,19.943500,0
47.160000,0.120181,-0.638394,-0.059721,-0.623941,-0.101667,-3.090355,0.917493,20.039000,0
47.180000,0.126387,-0.637476,-0.014822,-0.624095,-0.104663,-3.090355,0.920388,20.557800,0
47.200000,0.141751,-0.637764,-0.037524,-0.624249,-0.107659,-3.090355,0.931540,19.884400,0
47.220000,0.134251,-0.638824,-0.075152,-0.624402,-0.110655,-3.090355,0.924401,19.972000,0
47.240000,0.143808,-0.636616,-0.067589,-0.624556,-0.113652,-3.090355,0.929449,20.100200,0
47.260000,0.158860,-0.640287,-0.056783,-0.624709,-0.116648,-3.090355,0.942432,20.446700,0
47.280000,0.141329,-0.639818,-0.060920,-0.624863,-0.119644,-3.090355,0.926083,20.086800,0
47.300000,0.145524,-0.638618,-0.061095,-0.625017,-0.122640,-3.090355,0.927344,20.111400,0
47.320000,0.163861,-0.638337,-0.037652,-0.625170,-0.125636,-3.090355,0.940974,20.244200,0
47.340000,0.138969,-0.640227,-0.065981,-0.625324,-0.128632,-3.090355,0.919714,19.947000,0
47.360000,0.127923,-0.638004,-0.082770,-0.625478,-0.131628,-3.090355,0.907760,19.450600,0
47.380000,0.124687,-0.635162,-0.086767,-0.625631,-0.134624,-3.090355,0.901951,19.634000,0
47.400000,0.148013,-0.642202,-0.077901,-0.625785,-0.137620,-3.090355,0.923778,19.839800,0
47.420000,0.133154,-0.640010,-0.106596,-0.625939,-0.140616,-3.090355,0.908635,19.647600,0
47.440000,0.137659,-0.638228,-0.073117,-0.626092,-0.143612,-3.090355,0.909924,19.560700,0
47.460000,0.158611,-0.637147,-0.081419,-0.626246,-0.146608,-3.090355,0.925543,19.882900,0
47.480000,0.152415,-0.641549,-0.109025,-0.626400,-0.149604,-3.090355,0.921175,19.757000,0
47.500000,0.154447,-0.638585,-0.087895,-0.626553,-0.152600,-3.090355,0.919860,19.177300,0
47.520000,0.156110,-0.642346,-0.058874,-0.626707,-0.155596,-3.090355,0.921806,19.478600,0
47.540000,0.189349,-0.642834,-0.047594,-0.626861,-0.158592,-3.090355,0.949046,19.790300,0
47.560000,0.190638,-0.644594,-0.053615,-0.627014,-0.161589,-3.090355,0.949657,19.917800,0
47.580000,0.188531,-0.646140,-0.060008,-0.627168,-0.164585,-3.090355,0.947238,19.885100,0
47.600000,0.206632,-0.645016,-0.039807,-0.627321,-0.167581,-3.090355,0.960948,19.638900,0
47.620000,0.198260,-0.643730,-0.037773,-0.627475,-0.170577,-3.090355,0.951689,19.011000,0
47.640000,0.200179,-0.643450,-0.040407,-0.627629,-0.173573,-3.090355,0.951867,19.268200,0
47.660000,0.194380,-0.642392,-0.049583,-0.627782,-0.176569,-3.090355,0.944956,19.256400,0
47.680000,0.196125,-0.644319,-0.055711,-0.627936,-0.179565,-3.090355,0.946083,19.234500,0
47.700000,0.197003,-0.643607,-0.041640,-0.628090,-0.182561,-3.090355,0.945168,19.392900,0
47.720000,0.211135,-0.644142,-0.038935,-0.628243,-0.185557,-3.090355,0.956481,19.171100,0
47.740000,0.216128,-0.645142,-0.054332,-0.628397,-0.188553,-3.090355,0.960050,19.509200,0
47.760000,0.217552,-0.642203,-0.049264,-0.628551,-0.191549,-3.090355,0.958634,18.717700,0
47.780000,0.218036,-0.645381,-0.041767,-0.628704,-0.194545,-3.090355,0.959281,18.428600,0
47.800000,0.193153,-0.643456,-0.058458,-0.628858,-0.197541,-3.090355,0.935169,18.585700,0
47.820000,0.207046,-0.643004,-0.085736,-0.629012,-0.200537,-3.090355,0.945923,19.158000,0
47.840000,0.204794,-0.644613,-0.096510,-0.629165,-0.203533,-3.090355,0.943419,18.900900,0
47.860000,0.219969,-0.644471,-0.052819,-0.629319,-0.206529,-3.090355,0.955554,18.483500,0
47.880000,0.222012,-0.643391,-0.060018,-0.629472,-0.209526,-3.090355,0.955648,18.159100,0
47.900000,0.210531,-0.643193,-0.101988,-0.629626,-0.212522,-3.090355,0.944109,18.246200,0
47.920000,0.214489,-0.645421,-0.062854,-0.629591,-0.213386,-3.100681,0.948222,18.855400,0
47.940000,0.235970,-0.643558,-0.024849,-0.629583,-0.213560,-3.120678,0.966478,18.418100,0
47.960000,0.219867,-0.647300,-0.048255,-0.629582,-0.213559,-3.138698,0.953779,18.886100,0
47.980000,0.216269,-0.645013,-0.019893,-0.629581,-0.213556,3.126499,0.949536,17.838400,0
48.000000,0.211283,-0.650171,-0.003024,-0.629580,-0.213553,3.108509,0.947463,17.685800,0
48.020000,0.240872,-0.646998,0.058197,-0.629501,-0.215700,3.098912,0.971374,17.872600,0
48.040000,0.248885,-0.646682,0.045255,-0.629498,-0.215712,3.098826,0.978413,16.597900,0
48.060000,0.251079,-0.643303,0.051830,-0.629368,-0.218245,3.098808,0.977682,16.309500,0
48.080000,0.248780,-0.645853,0.053931,-0.629238,-0.221244,3.098810,0.975299,16.119000,0
48.100000,0.244018,-0.647167,0.015431,-0.629108,-0.224243,3.098812,0.970161,16.226700,0
48.120000,0.248807,-0.648953,0.007814,-0.628979,-0.227241,3.098814,0.973833,16.822400,0
48.140000,0.233810,-0.646726,-0.000246,-0.628850,-0.230240,3.098815,0.957937,17.058800,0
48.160000,0.225826,-0.648342,-0.011679,-0.628721,-0.233238,3.098817,0.950032,16.969400,0
48.180000,0.256276,-0.646301,0.016585,-0.628592,-0.236236,3.098818,0.975266,17.434300,0
48.200000,0.269360,-0.647534,0.039681,-0.628464,-0.239233,3.098818,0.986305,16.950300,0
48.220000,0.267272,-0.646790,0.038600,-0.628335,-0.242231,3.098819,0.982741,17.702700,0
48.240000,0.274314,-0.645081,0.048327,-0.628207,-0.245229,3.098820,0.987130,17.855400,0
48.260000,0.292004,-0.646198,0.075136,-0.628079,-0.248226,3.098820,1.002464,18.093600,0
48.280000,0.271914,-0.647039,0.059044,-0.627950,-0.251224,3.098820,0.983069,17.968900,0
48.300000,0.286644,-0.649405,0.056246,-0.627822,-0.254221,3.098820,0.996202,17.968900,0
48.320000,0.284437,-0.645910,0.069604,-0.627694,-0.257219,3.098821,0.991495,18.731300,0
48.340000,0.293987,-0.643653,0.055979,-0.627565,-0.260216,3.098821,0.998140,17.982600,0
48.360000,0.288005,-0.645291,0.053655,-0.627437,-0.263213,3.098821,0.991977,17.749900,0
48.380000,0.299481,-0.642242,0.072642,-0.627309,-0.266211,3.098821,1.000169,18.276800,0
48.400000,0.272106,-0.646677,-0.015557,-0.627181,-0.269208,3.098821,0.975295,18.403400,0
48.420000,0.277598,-0.644535,0.004102,-0.627052,-0.272205,3.098821,0.978275,18.519500,0
48.440000,0.281138,-0.645868,0.005904,-0.626924,-0.275203,3.098821,0.980800,18.153000,0
48.460000,0.286187,-0.646174,-0.006762,-0.626796,-0.278200,3.098821,0.984349,18.739800,0
48.480000,0.282237,-0.647829,0.018903,-0.626668,-0.281197,3.098821,0.980065,18.360300,0
48.500000,0.275103,-0.644192,0.025426,-0.626539,-0.284194,3.098821,0.970854,21.373100,0
48.520000,0.292858,-0.648127,0.015118,-0.626411,-0.287192,3.098821,0.987588,19.110000,0
48.540000,0.284791,-0.646218,-0.014816,-0.626283,-0.290189,3.098821,0.978168,18.857600,0
48.560000,0.297425,-0.646167,0.023055,-0.626155,-0.293186,3.098821,0.988734,19.061900,0
48.580000,0.295334,-0.650019,0.012124,-0.626026,-0.296183,3.098821,0.986967,18.676800,0
48.600000,0.287687,-0.643836,-0.001532,-0.625898,-0.299181,3.098821,0.976434,19.505500,0
48.620000,0.312917,-0.645884,0.006811,-0.625770,-0.302178,3.098821,0.999634,18.642200,0
48.640000,0.311461,-0.644531,0.003447,-0.625642,-0.305175,3.098821,0.996657,19.496500,0
48.660000,0.314047,-0.646877,0.025970,-0.625513,-0.308173,3.098821,0.998746,17.772800,0
48.680000,0.312648,-0.644914,0.018988,-0.625385,-0.311170,3.098821,0.995636,18.067000,0
48.700000,0.306830,-0.646392,0.006385,-0.625257,-0.314167,3.098821,0.989525,18.619600,0
48.720000,0.313274,-0.644938,0.016613,-0.625128,-0.317164,3.098821,0.993999,18.611600,0
48.740000,0.321939,-0.647670,0.021673,-0.625000,-0.320162,3.098821,1.001975,18.892500,0
48.760000,0.316281,-0.645273,0.022019,-0.624872,-0.323159,3.098821,0.994750,18.660500,0
48.780000,0.349567,-0.645728,0.058830,-0.624744,-0.326156,3.098821,1.025382,17.836500,0
48.800000,0.354148,-0.645133,-0.000203,-0.624615,-0.329153,3.098821,1.028504,18.775700,0
48.820000,0.354308,-0.644504,0.042178,-0.624487,-0.332151,3.098821,1.027426,18.544400,0
48.840000,0.369896,-0.645800,0.050730,-0.624359,-0.335148,3.098821,1.041656,19.036400,0
48.860000,0.372110,-0.642243,0.060247,-0.624231,-0.338145,3.098821,1.041715,18.684700,0
48.880000,0.375544,-0.645902,0.079229,-0.624102,-0.341142,3.098821,1.045070,18.192400,0
48.900000,0.371938,-0.645430,0.029013,-0.623974,-0.344140,3.098821,1.040489,18.015300,0
48.920000,0.376657,-0.644051,0.040339,-0.623846,-0.347137,3.098821,1.043631,18.772100,0
48.940000,0.381895,-0.644104,0.039273,-0.623717,-0.350134,3.098821,1.047699,18.930400,0
48.960000,0.368430,-0.641844,0.023686,-0.623589,-0.353131,3.098821,1.033178,19.653200,0
48.980000,0.375206,-0.645360,0.029093,-0.623461,-0.356129,3.098821,1.039707,19.137800,0
49.000000,0.366197,-0.645267,0.003857,-0.623333,-0.359126,3.098821,1.030071,19.069800,0
49.020000,0.360240,-0.644784,0.022715,-0.623302,-0.360019,3.088889,1.023936,19.225300,0
49.040000,0.346478,-0.644279,-0.009960,-0.623293,-0.360192,3.068892,1.010525,18.223700,0
49.060000,0.360449,-0.645707,0.066232,-0.623292,-0.360200,3.050769,1.024334,17.833400,0
49.080000,0.369188,-0.649873,0.065433,-0.623291,-0.360197,3.032781,1.033889,19.028400,0
49.100000,0.362474,-0.646512,0.100754,-0.623290,-0.360193,3.014777,1.026503,17.216900,0
49.120000,0.362863,-0.649415,0.122985,-0.623289,-0.360187,2.996747,1.027691,18.010900,0
49.140000,0.360181,-0.651674,0.108322,-0.623288,-0.360181,2.978704,1.025758,18.210700,0
49.160000,0.361336,-0.649948,0.113537,-0.622887,-0.362477,2.971108,1.025346,18.451400,0
49.180000,0.369765,-0.649846,0.153374,-0.622375,-0.365436,2.971109,1.032100,18.878500,0
49.200000,0.335853,-0.655062,0.079111,-0.621864,-0.368395,2.971111,0.999699,18.721800,0
49.220000,0.397277,-0.649849,0.144614,-0.621354,-0.371353,2.971114,1.056016,18.817000,0
49.240000,0.436597,-0.638747,0.245235,-0.620844,-0.374311,2.971118,1.090003,18.396200,0
49.260000,0.400460,-0.646292,0.144943,-0.620334,-0.377269,2.971120,1.055649,17.982800,0
49.280000,0.370736,-0.652744,0.108421,-0.619825,-0.380227,2.971122,1.027364,18.261300,0
49.300000,0.412640,-0.643197,0.156301,-0.619315,-0.383184,2.971124,1.064208,18.899200,0
49.320000,0.427070,-0.642473,0.166642,-0.618806,-0.386142,2.971125,1.076830,19.128200,0
49.340000,0.404780,-0.645565,0.186305,-0.618297,-0.389099,2.971126,1.054733,18.420600,0
49.360000,0.418816,-0.641012,0.192263,-0.617788,-0.392056,2.971127,1.066080,19.149900,0
49.380000,0.400334,-0.646676,0.121014,-0.617279,-0.395013,2.971128,1.048271,18.736200,0
49.400000,0.398200,-0.645078,0.123099,-0.616770,-0.397969,2.971128,1.044618,19.504000,0
49.420000,0.418752,-0.643138,0.165505,-0.616261,-0.400926,2.971129,1.062976,19.455600,0
49.440000,0.424244,-0.641771,0.194937,-0.615752,-0.403883,2.971129,1.066857,18.092500,0
49.460000,0.381699,-0.649357,0.101322,-0.615243,-0.406840,2.971129,1.026016,17.828000,0
49.480000,0.421849,-0.642861,0.129647,-0.614734,-0.409796,2.971129,1.062461,18.326200,0
49.500000,0.425054,-0.642621,0.119189,-0.614226,-0.412753,2.971129,1.064398,18.811900,0
49.520000,0.411986,-0.641149,0.114867,-0.613717,-0.415710,2.971129,1.050185,19.027500,0
49.540000,0.415311,-0.642114,0.114841,-0.613208,-0.418666,2.971129,1.052511,19.334300,0
49.560000,0.436666,-0.640228,0.169231,-0.612699,-0.421623,2.971129,1.071893,18.746800,0
49.580000,0.447311,-0.636300,0.186257,-0.612190,-0.424579,2.971129,1.080448,18.820700,0
49.600000,0.462157,-0.640836,0.197762,-0.611681,-0.427536,2.971129,1.094818,17.605500,0
49.620000,0.463078,-0.638206,0.200020,-0.611172,-0.430492,2.971129,1.094147,17.649300,0
49.640000,0.466202,-0.631983,0.185111,-0.610663,-0.433449,2.971129,1.095013,18.080000,0
49.660000,0.463834,-0.634619,0.183778,-0.610576,-0.434171,2.958936,1.092948,18.678800,0
49.680000,0.443971,-0.638344,0.174033,-0.610544,-0.434341,2.938938,1.074067,18.394600,0
49.700000,0.442114,-0.640131,0.178867,-0.610544,-0.434340,2.920919,1.072585,18.343000,0
49.720000,0.445923,-0.640261,0.204497,-0.610544,-0.434336,2.902921,1.076349,18.497600,0
49.740000,0.431199,-0.644361,0.204254,-0.610543,-0.434331,2.884910,1.062704,18.676900,0
49.760000,0.444856,-0.639631,0.274276,-0.610542,-0.434327,2.866892,1.075181,18.536200,0
49.780000,0.449636,-0.643886,0.281405,-0.609841,-0.436706,2.860932,1.079544,19.146600,0
49.800000,0.461851,-0.640719,0.289196,-0.609008,-0.439591,2.860930,1.089584,18.393300,0
49.820000,0.494500,-0.633305,0.380082,-0.608175,-0.442476,2.860931,1.119066,18.716900,0
49.840000,0.468053,-0.638691,0.302450,-0.607343,-0.445361,2.860935,1.092635,18.739700,0
49.860000,0.478027,-0.634476,0.297656,-0.606511,-0.448245,2.860937,1.100411,18.935100,0
49.880000,0.465581,-0.635501,0.260310,-0.605679,-0.451129,2.860939,1.087010,18.179400,0
49.900000,0.457684,-0.641256,0.232871,-0.604848,-0.454012,2.860941,1.078904,18.697200,0
49.920000,0.465239,-0.637301,0.234461,-0.604016,-0.456896,2.860942,1.084367,17.800800,0
49.940000,0.459415,-0.637020,0.216555,-0.603185,-0.459779,2.860943,1.077280,18.222400,0
49.960000,0.479289,-0.637061,0.257010,-0.602354,-0.462662,2.860944,1.095613,18.245900,0
49.980000,0.476369,-0.637446,0.240020,-0.601523,-0.465545,2.860945,1.091513,18.292100,0
50.000000,0.485255,-0.636148,0.237505,-0.600692,-0.468428,2.860945,1.098822,18.280400,0
50.020000,0.482888,-0.635267,0.242250,-0.599861,-0.471311,2.860946,1.095092,17.757400,0
50.040000,0.482151,-0.637948,0.234268,-0.599030,-0.474194,2.860946,1.093512,18.874700,0
50.060000,0.476447,-0.635073,0.259542,-0.598199,-0.477077,2.860946,1.086198,18.815600,0
50.080000,0.511583,-0.626506,0.299433,-0.597368,-0.479959,2.860946,1.118592,19.471100,0
50.100000,0.533484,-0.622612,0.281127,-0.596537,-0.482842,2.860946,1.138632,20.391500,0
50.120000,0.507247,-0.627520,0.293772,-0.595706,-0.485725,2.860947,1.112030,19.453900,0
50.140000,0.492878,-0.629637,0.286353,-0.594875,-0.488608,2.860947,1.096858,19.361700,0
50.160000,0.514458,-0.624738,0.275637,-0.594044,-0.491490,2.860947,1.116481,19.681500,0
50.180000,0.524281,-0.621891,0.278666,-0.593214,-0.494373,2.860947,1.124747,20.083000,0
50.200000,0.528294,-0.620662,0.276674,-0.592383,-0.497256,2.860947,1.127451,18.365800,0
50.220000,0.532624,-0.619728,0.289108,-0.591552,-0.500138,2.860947,1.130519,29.628500,0
50.240000,0.542802,-0.618642,0.308067,-0.590721,-0.503021,2.860947,1.139404,30.312800,0
50.260000,0.521164,-0.626231,0.243151,-0.589890,-0.505904,2.860947,1.117551,20.438500,0
50.280000,0.519247,-0.620552,0.249537,-0.589059,-0.508786,2.860947,1.113928,20.172200,0
50.300000,0.518585,-0.622706,0.240532,-0.588228,-0.511669,2.860947,1.112368,19.283700,0
50.320000,0.535537,-0.623165,0.293234,-0.587397,-0.514552,2.860947,1.128174,19.552500,0
50.340000,0.519857,-0.624676,0.246408,-0.587289,-0.515159,2.847351,1.112550,20.663600,0
50.360000,0.529281,-0.622739,0.293572,-0.587250,-0.515288,2.827789,1.121689,22.614000,0
50.380000,0.527811,-0.622761,0.334065,-0.587250,-0.515286,2.809784,1.120229,20.686100,0
50.400000,0.524911,-0.624888,0.310325,-0.587250,-0.515281,2.791782,1.117549,19.468400,0
50.420000,0.527248,-0.623967,0.305989,-0.587249,-0.515277,2.773773,1.119784,18.937700,0
50.440000,0.524378,-0.625296,0.345932,-0.587249,-0.515272,2.755761,1.117059,19.471500,0
50.460000,0.533646,-0.625245,0.411302,-0.587248,-0.515268,2.737746,1.126276,19.932500,0
50.480000,0.533488,-0.626337,0.395587,-0.587248,-0.515264,2.719732,1.126227,18.955400,0
50.500000,0.535580,-0.624233,0.405104,-0.587247,-0.515260,2.701718,1.128103,19.779900,0
50.520000,0.525672,-0.629313,0.422298,-0.587246,-0.515257,2.683705,1.118747,18.668900,0
50.540000,0.515771,-0.630917,0.421512,-0.587245,-0.515253,2.665694,1.109064,19.869300,0
50.560000,0.530826,-0.628438,0.466598,-0.587244,-0.515250,2.647684,1.123784,19.843900,0
50.580000,0.528909,-0.629757,0.466762,-0.587244,-0.515247,2.629676,1.122011,18.862900,0
50.600000,0.530575,-0.629998,0.494507,-0.587243,-0.515244,2.611669,1.123693,18.705600,0
50.620000,0.538383,-0.624670,0.567051,-0.587242,-0.515241,2.593664,1.130932,18.722300,0
50.640000,0.526766,-0.629189,0.523438,-0.587241,-0.515238,2.575661,1.119820,18.962200,0
50.660000,0.527693,-0.633984,0.541858,-0.587240,-0.515236,2.557659,1.121239,18.118800,0
50.680000,0.524764,-0.635833,0.563270,-0.587239,-0.515233,2.539658,1.118524,18.409200,0
50.700000,0.543548,-0.625286,0.604988,-0.587238,-0.515231,2.521659,1.136129,18.765000,0
50.720000,0.528102,-0.632759,0.591655,-0.587237,-0.515228,2.503660,1.121514,18.535900,0
50.740000,0.523712,-0.636105,0.602897,-0.587236,-0.515226,2.485663,1.117505,17.992200,0
50.760000,0.517529,-0.644691,0.590522,-0.587235,-0.515224,2.467666,1.112324,18.381300,0
50.780000,0.544616,-0.627690,0.680808,-0.587234,-0.515222,2.449671,1.137424,18.282000,0
50.800000,0.533197,-0.634804,0.682416,-0.587233,-0.515219,2.431676,1.126794,18.198900,0
50.820000,0.533932,-0.638974,0.684265,-0.587232,-0.515217,2.413682,1.127974,17.710500,0
50.840000,0.550366,-0.625336,0.770037,-0.587231,-0.515215,2.395688,1.142915,17.765300,0
50.860000,0.536521,-0.633325,0.728986,-0.587230,-0.515213,2.377695,1.129942,18.671200,0
50.880000,0.534404,-0.637287,0.770676,-0.587230,-0.515211,2.359702,1.128258,19.928200,0
50.900000,0.530476,-0.641107,0.751753,-0.587229,-0.515209,2.341710,1.124773,18.666700,0
50.920000,0.540176,-0.631641,0.809925,-0.587228,-0.515207,2.323719,1.133400,18.652800,0
50.940000,0.535350,-0.640983,0.793669,-0.587227,-0.515205,2.305727,1.129601,18.930700,0
50.960000,0.534465,-0.639036,0.829203,-0.587226,-0.515203,2.287737,1.128505,52.023600,0
50.980000,0.534365,-0.643691,0.845694,-0.587225,-0.515201,2.269746,1.128926,18.518300,0
51.000000,0.549635,-0.627251,0.924639,-0.587225,-0.515199,2.251756,1.142369,18.322500,0
51.020000,0.545687,-0.630163,0.910437,-0.587224,-0.515197,2.233766,1.138730,18.368000,0
51.040000,0.538329,-0.637972,0.896555,-0.587223,-0.515195,2.215777,1.132229,18.441000,0
51.060000,0.530585,-0.654636,0.892466,-0.587223,-0.515193,2.197788,1.126472,17.793800,0
51.080000,0.560926,-0.613528,0.969967,-0.587222,-0.515192,2.179799,1.152352,18.572400,0
51.100000,0.535977,-0.646567,0.942267,-0.587221,-0.515190,2.161811,1.130856,17.919700,0
51.120000,0.550354,-0.629554,0.965680,-0.587221,-0.515188,2.143822,1.143310,18.028600,0
51.140000,0.537691,-0.645572,0.978435,-0.587220,-0.515186,2.125834,1.132442,18.107800,0
51.160000,0.541333,-0.639884,0.987355,-0.587219,-0.515184,2.107847,1.135420,17.912900,0
51.180000,0.546023,-0.640443,1.031650,-0.587219,-0.515182,2.089859,1.140144,18.010900,0
51.200000,0.541809,-0.646728,1.031464,-0.587218,-0.515180,2.071872,1.136665,19.117700,0
51.220000,0.541323,-0.639776,1.037572,-0.587218,-0.515178,2.053885,1.135399,18.661700,0
51.240000,0.543814,-0.644942,1.081875,-0.587217,-0.515176,2.035898,1.138451,18.492700,0
51.260000,0.541545,-0.652961,1.068530,-0.587216,-0.515175,2.017912,1.137140,18.619900,0
51.280000,0.534934,-0.656906,1.087597,-0.587216,-0.515173,1.999925,1.131066,18.730500,0
51.300000,0.544054,-0.639532,1.154631,-0.587216,-0.515171,1.981939,1.138085,18.469000,0
51.320000,0.545431,-0.653006,1.120481,-0.587215,-0.515169,1.963953,1.141002,18.756100,0
51.340000,0.545420,-0.649119,1.142924,-0.587215,-0.515167,1.945967,1.140529,18.371600,0
51.360000,0.547763,-0.652659,1.166703,-0.587214,-0.515165,1.927982,1.143275,18.514900,0
51.380000,0.552120,-0.637658,1.212614,-0.587214,-0.515163,1.909997,1.145900,18.541900,0
51.400000,0.552275,-0.642598,1.207421,-0.584968,-0.516128,1.908522,1.144254,19.152400,0
51.420000,0.550320,-0.639394,1.203673,-0.582134,-0.517123,1.908524,1.139035,19.038200,0
51.440000,0.554316,-0.646950,1.197916,-0.579300,-0.518119,1.908537,1.140913,19.797200,0
51.460000,0.544962,-0.653198,1.182376,-0.576467,-0.519114,1.908546,1.129417,19.612300,0
51.480000,0.560373,-0.613384,1.263474,-0.573635,-0.520110,1.908553,1.137838,20.319300,0
51.500000,0.559493,-0.614174,1.239553,-0.570802,-0.521105,1.908558,1.134120,19.679700,0
51.520000,0.556750,-0.622765,1.244153,-0.567971,-0.522100,1.908561,1.129217,20.141400,0
51.540000,0.562044,-0.621650,1.253088,-0.565139,-0.523095,1.908563,1.131484,21.723100,0
51.560000,0.561438,-0.616726,1.224477,-0.562308,-0.524090,1.908564,1.127558,26.769500,0
51.580000,0.563563,-0.608232,1.267501,-0.559477,-0.525084,1.908565,1.126114,20.536000,0
51.600000,0.559021,-0.616899,1.249713,-0.556646,-0.526079,1.908566,1.119357,20.738900,0
51.620000,0.567345,-0.606115,1.241941,-0.553815,-0.527073,1.908567,1.123943,19.396200,0
51.640000,0.567277,-0.603829,1.244835,-0.550984,-0.528068,1.908567,1.120824,20.066900,0
51.660000,0.565553,-0.604100,1.255723,-0.548153,-0.529062,1.908568,1.116231,19.791500,0
51.680000,0.569484,-0.590973,1.254534,-0.545323,-0.530057,1.908569,1.116470,20.090800,0
51.700000,0.567378,-0.597955,1.247085,-0.542492,-0.531051,1.908569,1.111885,20.138200,0
51.720000,0.572665,-0.589760,1.246095,-0.539662,-0.532045,1.908569,1.113824,19.526400,0
51.740000,0.570257,-0.593878,1.229904,-0.536831,-0.533040,1.908569,1.108759,19.718200,0
51.760000,0.570039,-0.589845,1.263100,-0.534000,-0.534034,1.908570,1.105449,20.296000,0
51.780000,0.574215,-0.581053,1.239983,-0.531170,-0.535028,1.908570,1.106343,20.100800,0
51.800000,0.570910,-0.582137,1.226554,-0.528339,-0.536022,1.908570,1.100216,20.194900,0
51.820000,0.574001,-0.583795,1.220780,-0.525509,-0.537017,1.908570,1.100505,21.401100,0
51.840000,0.573075,-0.584238,1.229634,-0.522678,-0.538011,1.908570,1.096727,22.067900,0
51.860000,0.579677,-0.565359,1.253229,-0.519848,-0.539005,1.908570,1.099841,21.836900,0
51.880000,0.575401,-0.570799,1.227661,-0.517017,-0.539999,1.908570,1.092852,20.249800,0
51.900000,0.576071,-0.571638,1.207501,-0.514187,-0.540993,1.908570,1.090688,19.722100,0
51.920000,0.577092,-0.574997,1.218894,-0.513685,-0.541055,1.892752,1.091305,21.219900,0
51.940000,0.581655,-0.570294,1.227640,-0.513597,-0.541031,1.873670,1.095643,21.584500,0
51.960000,0.578523,-0.580307,1.246895,-0.513600,-0.541029,1.855682,1.092830,21.457800,0
51.980000,0.579637,-0.571844,1.284031,-0.513603,-0.541027,1.837693,1.093674,19.669800,0
52.000000,0.580581,-0.573909,1.296785,-0.513605,-0.541025,1.819702,1.094680,19.211600,0
52.020000,0.581573,-0.578934,1.300870,-0.513606,-0.541023,1.801710,1.095835,19.830900,0
52.040000,0.581611,-0.580748,1.319208,-0.513607,-0.541021,1.783719,1.095939,20.048500,0
52.060000,0.577899,-0.584904,1.342017,-0.513608,-0.541018,1.765728,1.092389,19.758500,0
52.080000,0.576788,-0.600323,1.315673,-0.511284,-0.541501,1.758592,1.089661,20.057700,0
52.100000,0.586806,-0.572792,1.387470,-0.508334,-0.542060,1.758595,1.095571,19.578100,0
52.120000,0.588195,-0.546561,1.398607,-0.505383,-0.542620,1.758602,1.093586,18.248100,0
52.140000,0.589278,-0.549343,1.421965,-0.502433,-0.543179,1.758607,1.091729,18.827600,0
52.160000,0.585320,-0.555345,1.389304,-0.499484,-0.543739,1.758611,1.084866,19.286000,0
52.180000,0.586364,-0.556383,1.382458,-0.496535,-0.544299,1.758614,1.082966,21.627900,0
52.200000,0.591357,-0.538348,1.414948,-0.493587,-0.544859,1.758616,1.084963,25.304400,0
52.220000,0.587463,-0.535567,1.399031,-0.490638,-0.545420,1.758618,1.078146,21.848200,0
52.240000,0.588260,-0.538773,1.402004,-0.487690,-0.545980,1.758619,1.075974,20.659300,0
52.260000,0.587658,-0.534415,1.379022,-0.484742,-0.546540,1.758620,1.072468,20.470900,0
52.280000,0.589652,-0.535661,1.376882,-0.481795,-0.547100,1.758620,1.071508,20.588600,0
52.300000,0.586257,-0.538613,1.347171,-0.478847,-0.547661,1.758621,1.065143,19.957000,0
52.320000,0.590048,-0.546119,1.356424,-0.478188,-0.547741,1.745548,1.068237,19.767600,0
52.340000,0.590365,-0.535979,1.382963,-0.478017,-0.547708,1.725547,1.068446,19.517700,0
52.360000,0.588660,-0.544061,1.399184,-0.478019,-0.547706,1.707550,1.066685,19.980000,0
52.380000,0.591743,-0.541962,1.435199,-0.478022,-0.547705,1.689562,1.069780,19.187000,0
52.400000,0.589154,-0.564417,1.421756,-0.478024,-0.547703,1.671573,1.067309,20.713700,0
52.420000,0.596588,-0.536178,1.445610,-0.478026,-0.547702,1.653583,1.074676,21.789700,0
52.440000,0.594077,-0.544427,1.471061,-0.478028,-0.547700,1.635593,1.072110,21.280000,0
52.460000,0.595594,-0.541087,1.476984,-0.478029,-0.547698,1.617604,1.073643,21.973100,0
52.480000,0.596190,-0.549687,1.508232,-0.478030,-0.547696,1.599616,1.074222,22.511800,0
52.500000,0.598336,-0.529878,1.523417,-0.475881,-0.547802,1.590020,1.074367,21.721700,0
52.520000,0.599000,-0.534789,1.512387,-0.472879,-0.547857,1.590022,1.071958,21.943500,0
52.540000,0.598632,-0.538303,1.516148,-0.469876,-0.547913,1.590026,1.068551,22.026300,0
52.560000,0.597631,-0.515226,1.509412,-0.466874,-0.547969,1.590032,1.065008,22.280500,0
52.580000,0.597243,-0.530579,1.530820,-0.463872,-0.548026,1.590036,1.061259,21.213200,0
52.600000,0.599629,-0.531820,1.528393,-0.460871,-0.548083,1.590040,1.060624,20.423600,0
52.620000,0.597543,-0.527753,1.530538,-0.457870,-0.548141,1.590043,1.055610,19.022700,0
52.640000,0.595907,-0.521340,1.543542,-0.454870,-0.548198,1.590046,1.051120,18.443000,0
52.660000,0.599586,-0.503672,1.566884,-0.451869,-0.548256,1.590048,1.052400,17.984700,0
52.680000,0.598661,-0.501847,1.571008,-0.448869,-0.548314,1.590050,1.048560,18.692100,0
52.700000,0.597733,-0.501575,1.558892,-0.445869,-0.548372,1.590051,1.044651,20.685600,0
52.720000,0.594138,-0.496190,1.564124,-0.442869,-0.548429,1.590052,1.038322,21.721600,0
52.740000,0.599986,-0.495018,1.570032,-0.439870,-0.548487,1.590052,1.041230,21.694900,0
52.760000,0.597640,-0.490182,1.560879,-0.436870,-0.548545,1.590053,1.036155,21.048800,0
52.780000,0.596636,-0.489947,1.559836,-0.433870,-0.548603,1.590053,1.032174,21.444300,0
52.800000,0.598485,-0.481018,1.579291,-0.430871,-0.548661,1.590054,1.031577,21.414300,0
52.820000,0.597778,-0.481366,1.555781,-0.427871,-0.548719,1.590054,1.027858,21.748700,0
52.840000,0.597462,-0.478571,1.564552,-0.424872,-0.548777,1.590054,1.024742,21.197900,0
52.860000,0.598526,-0.475756,1.569232,-0.421872,-0.548835,1.590054,1.023012,19.532500,0
52.880000,0.599033,-0.473415,1.544730,-0.418872,-0.548892,1.590054,1.020700,21.099700,0
52.900000,0.602269,-0.454685,1.567745,-0.415873,-0.548950,1.590054,1.022497,26.971800,0
52.920000,0.600585,-0.469610,1.563290,-0.412873,-0.549008,1.590054,1.016564,21.244500,0
52.940000,0.597543,-0.464838,1.554253,-0.409874,-0.549066,1.590054,1.010932,18.950700,0
52.960000,0.597437,-0.464087,1.554595,-0.406874,-0.549124,1.590054,1.007905,19.258700,0
52.980000,0.599602,-0.455453,1.558848,-0.403875,-0.549181,1.590054,1.007845,19.199300,0
53.000000,0.598209,-0.451240,1.564097,-0.400876,-0.549239,1.590054,1.003880,19.885400,0
53.020000,0.597605,-0.453811,1.538559,-0.397876,-0.549297,1.590054,1.000050,21.307400,0
53.040000,0.601939,-0.441854,1.551540,-0.394877,-0.549355,1.590054,1.002596,20.175800,0
53.060000,0.600379,-0.430193,1.579558,-0.391877,-0.549413,1.590054,0.999393,19.707500,0
53.080000,0.600995,-0.446157,1.551229,-0.388878,-0.549470,1.590054,0.995249,19.658100,0
53.100000,0.599622,-0.441952,1.563800,-0.385878,-0.549528,1.590054,0.991354,20.480900,0
53.120000,0.598929,-0.438407,1.574286,-0.382879,-0.549586,1.590054,0.988083,21.021800,0
53.140000,0.600311,-0.435126,1.553037,-0.379879,-0.549644,1.590054,0.986857,20.280100,0
53.160000,0.599357,-0.437787,1.565429,-0.376880,-0.549701,1.590054,0.982631,20.558200,0
53.180000,0.602337,-0.424755,1.556100,-0.373881,-0.549759,1.590054,0.984189,20.059300,0
53.200000,0.601998,-0.424244,1.569346,-0.370881,-0.549817,1.590054,0.980950,20.414900,0
53.220000,0.601692,-0.414447,1.565884,-0.367882,-0.549875,1.590054,0.978986,20.014800,0
53.240000,0.603000,-0.432684,1.528741,-0.364882,-0.549933,1.590054,0.974958,19.957700,0
53.260000,0.602092,-0.427319,1.525564,-0.361883,-0.549990,1.590054,0.971749,21.011900,0
53.280000,0.604334,-0.434122,1.509154,-0.358883,-0.550048,1.590054,0.970168,20.830100,0
53.300000,0.602430,-0.427523,1.517558,-0.355884,-0.550106,1.590054,0.966122,20.444000,0
53.320000,0.601390,-0.428375,1.504891,-0.352884,-0.550164,1.590054,0.962014,20.478400,0
53.340000,0.604630,-0.413379,1.497718,-0.349885,-0.550221,1.590054,0.964274,20.374800,0
53.360000,0.600756,-0.412633,1.499533,-0.346886,-0.550279,1.590054,0.957587,20.297000,0
53.380000,0.600082,-0.411526,1.512172,-0.343886,-0.550337,1.590054,0.954120,20.131800,0
53.400000,0.601591,-0.406694,1.521483,-0.340887,-0.550395,1.590054,0.953370,19.937900,0
53.420000,0.605133,-0.409269,1.526376,-0.337887,-0.550452,1.590054,0.953530,19.789900,0
53.440000,0.604159,-0.410908,1.509979,-0.334888,-0.550510,1.590054,0.949367,19.468500,0
53.460000,0.604179,-0.391355,1.506647,-0.331888,-0.550568,1.590054,0.949510,19.442400,0
53.480000,0.603919,-0.400492,1.523360,-0.330964,-0.550553,1.580549,0.946850,18.416000,0
53.500000,0.603379,-0.362152,1.595329,-0.330791,-0.550551,1.560552,0.952978,20.350700,0
53.520000,0.607128,-0.425319,1.503122,-0.330777,-0.550550,1.542365,0.946229,18.868600,0
53.540000,0.603912,-0.407845,1.567850,-0.330780,-0.550549,1.524376,0.945523,18.838400,0
53.560000,0.604376,-0.400464,1.605494,-0.330783,-0.550548,1.506387,0.947126,18.567400,0
53.580000,0.607114,-0.395731,1.606659,-0.328594,-0.550394,1.497300,0.948404,19.013400,0
53.600000,0.604222,-0.380897,1.620366,-0.325600,-0.550171,1.497302,0.945105,19.127400,0
53.620000,0.608462,-0.382714,1.609947,-0.322605,-0.549949,1.497306,0.945967,19.547200,0
53.640000,0.605964,-0.385420,1.609492,-0.319612,-0.549727,1.497308,0.940046,18.687600,0
53.660000,0.610064,-0.384076,1.619808,-0.316618,-0.549505,1.497310,0.941332,18.764400,0
53.680000,0.606550,-0.394314,1.590603,-0.313625,-0.549284,1.497312,0.933133,19.444000,0
53.700000,0.605606,-0.367872,1.624529,-0.310632,-0.549063,1.497313,0.933982,19.219300,0
53.720000,0.605661,-0.371255,1.607441,-0.307640,-0.548842,1.497315,0.930407,19.674400,0
53.740000,0.609610,-0.367048,1.614213,-0.304647,-0.548622,1.497316,0.932113,19.306200,0
53.760000,0.608582,-0.377294,1.630867,-0.301655,-0.548401,1.497316,0.926180,19.814500,0
53.780000,0.604902,-0.367754,1.631399,-0.298662,-0.548181,1.497317,0.921402,19.509300,0
53.800000,0.608272,-0.356612,1.640026,-0.295670,-0.547961,1.497317,0.923972,19.291400,0
53.820000,0.603047,-0.295980,1.737083,-0.292678,-0.547740,1.497318,0.930433,19.858200,0
53.840000,0.607860,-0.348116,1.651405,-0.289686,-0.547520,1.497318,0.919430,19.782600,0
53.860000,0.604110,-0.334918,1.663099,-0.286694,-0.547300,1.497318,0.915772,19.887400,0
53.880000,0.602119,-0.335575,1.661780,-0.283702,-0.547080,1.497318,0.910721,19.974300,0
53.900000,0.603157,-0.337104,1.661009,-0.280710,-0.546860,1.497318,0.908416,20.034500,0
53.920000,0.604278,-0.359028,1.613623,-0.277718,-0.546639,1.497319,0.901729,19.914400,0
53.940000,0.602974,-0.337816,1.632801,-0.276869,-0.546591,1.486783,0.904273,19.368800,0
53.960000,0.602951,-0.342095,1.641983,-0.276696,-0.546576,1.466785,0.903101,19.890800,0
53.980000,0.607738,-0.347521,1.658116,-0.276695,-0.546575,1.448740,0.906557,20.227500,0
54.000000,0.606988,-0.335356,1.687586,-0.276698,-0.546575,1.430751,0.908578,19.835300,0
54.020000,0.607526,-0.345247,1.700455,-0.276701,-0.546574,1.412754,0.906857,20.577100,0
54.040000,0.607481,-0.346895,1.712293,-0.276706,-0.546573,1.394737,0.906453,20.066700,0
54.060000,0.607798,-0.344022,1.751437,-0.276711,-0.546572,1.376709,0.907404,20.231400,0
54.080000,0.608331,-0.351785,1.748568,-0.276717,-0.546571,1.358676,0.906229,20.013600,0
54.100000,0.608756,-0.344476,1.779614,-0.276722,-0.546570,1.340642,0.908247,20.115200,0
54.120000,0.610919,-0.343594,1.803413,-0.276727,-0.546569,1.322609,0.910557,19.744700,0
54.140000,0.610235,-0.340193,1.771258,-0.274363,-0.545940,1.316272,0.908210,19.632100,0
54.160000,0.611079,-0.343444,1.806968,-0.271456,-0.545183,1.316272,0.905299,19.564800,0
54.180000,0.611571,-0.344688,1.806934,-0.268550,-0.544426,1.316275,0.902501,20.550000,0
54.200000,0.610406,-0.344114,1.795392,-0.265645,-0.543669,1.316281,0.898492,20.681300,0
54.220000,0.608196,-0.318557,1.790344,-0.262739,-0.542913,1.316285,0.899368,21.372500,0
54.240000,0.608162,-0.324353,1.777318,-0.259835,-0.542157,1.316289,0.894906,20.764000,0
54.260000,0.606173,-0.324307,1.787743,-0.256930,-0.541401,1.316292,0.889987,20.539300,0
54.280000,0.607851,-0.326550,1.803189,-0.254026,-0.540645,1.316294,0.888070,20.293000,0
54.300000,0.603106,-0.311851,1.792717,-0.251121,-0.539890,1.316296,0.884142,21.107900,0
54.320000,0.605950,-0.306987,1.799087,-0.248217,-0.539134,1.316298,0.885151,20.586600,0
54.340000,0.603121,-0.311726,1.766661,-0.245314,-0.538379,1.316299,0.878188,20.623200,0
54.360000,0.606305,-0.315680,1.803795,-0.242410,-0.537624,1.316300,0.877256,20.354900,0
54.380000,0.600976,-0.296337,1.800490,-0.239506,-0.536868,1.316301,0.874222,20.455100,0
54.400000,0.601460,-0.294889,1.790608,-0.236602,-0.536113,1.316301,0.872088,20.239300,0
54.420000,0.601611,-0.297384,1.791322,-0.233699,-0.535358,1.316302,0.868547,20.360200,0
54.440000,0.598720,-0.291985,1.833520,-0.230795,-0.534603,1.316302,0.864268,20.130400,0
54.460000,0.594146,-0.273057,1.836581,-0.227892,-0.533847,1.316302,0.862414,20.052300,0
54.480000,0.594842,-0.273684,1.821618,-0.224988,-0.533092,1.316302,0.859892,19.602500,0
54.500000,0.590056,-0.269489,1.835299,-0.222085,-0.532337,1.316302,0.853617,20.473800,0
54.520000,0.591364,-0.282373,1.823183,-0.219181,-0.531582,1.316302,0.847990,20.701600,0
54.540000,0.597138,-0.279848,1.834061,-0.216278,-0.530827,1.316302,0.851255,21.519800,0
54.560000,0.597250,-0.275047,1.829132,-0.213374,-0.530071,1.316302,0.849793,21.328300,0
54.580000,0.598864,-0.278878,1.820038,-0.212743,-0.529967,1.302994,0.849560,21.279600,0
54.600000,0.595932,-0.276334,1.838312,-0.212603,-0.529928,1.283325,0.847372,20.840200,0
54.620000,0.598786,-0.283547,1.849228,-0.212606,-0.529928,1.265323,0.847974,19.884200,0
54.640000,0.599166,-0.277058,1.876426,-0.212610,-0.529928,1.247326,0.850250,21.434600,0
54.660000,0.602247,-0.276883,1.873597,-0.212614,-0.529928,1.229319,0.853247,23.595900,0
54.680000,0.601270,-0.277425,1.914588,-0.212618,-0.529927,1.211308,0.852156,23.148500,0
54.700000,0.602859,-0.278033,1.934580,-0.212622,-0.529927,1.193294,0.853499,24.418800,0
54.720000,0.599383,-0.269818,1.946932,-0.212626,-0.529926,1.175280,0.852651,20.631300,0
54.740000,0.605145,-0.281978,1.946239,-0.212630,-0.529925,1.157265,0.854537,20.833400,0
54.760000,0.596807,-0.265412,1.973767,-0.212634,-0.529924,1.139252,0.851565,20.733500,0
54.780000,0.596056,-0.267368,1.964993,-0.210229,-0.528815,1.135251,0.847615,20.566800,0
54.800000,0.600850,-0.267457,1.972633,-0.207506,-0.527547,1.135251,0.849168,19.620700,0
54.820000,0.601929,-0.271584,1.965115,-0.204784,-0.526279,1.135254,0.845964,19.252400,0
54.840000,0.596903,-0.256022,1.996707,-0.202062,-0.525012,1.135258,0.843030,19.966700,0
54.860000,0.593557,-0.253145,2.014369,-0.199340,-0.523746,1.135262,0.837801,20.740200,0
54.880000,0.591697,-0.251830,2.016924,-0.196619,-0.522479,1.135266,0.833483,22.518700,0
54.900000,0.592163,-0.248585,2.014389,-0.193898,-0.521213,1.135269,0.831996,20.128300,0
54.920000,0.587900,-0.242790,2.022430,-0.191177,-0.519947,1.135271,0.826908,19.959000,0
54.940000,0.582580,-0.233594,2.024215,-0.188456,-0.518681,1.135273,0.822053,20.145600,0
54.960000,0.585551,-0.238662,1.995893,-0.185735,-0.517415,1.135274,0.820113,19.661300,0
54.980000,0.587422,-0.242179,1.989192,-0.185305,-0.517215,1.119470,0.820215,19.537300,0
55.000000,0.581541,-0.229866,2.061789,-0.185238,-0.517182,1.100590,0.818841,20.762800,0
55.020000,0.585013,-0.238468,2.041029,-0.185241,-0.517182,1.082601,0.819130,21.037300,0
55.040000,0.589897,-0.248259,2.034346,-0.185244,-0.517183,1.064608,0.820465,21.044500,0
55.060000,0.593586,-0.252933,2.068079,-0.185248,-0.517183,1.046609,0.822442,22.095500,0
55.080000,0.585464,-0.234582,2.081343,-0.185251,-0.517183,1.028607,0.820893,20.843100,0
55.100000,0.590680,-0.241437,2.092255,-0.185255,-0.517183,1.010603,0.823475,20.570100,0
55.120000,0.592972,-0.246875,2.109843,-0.185258,-0.517182,0.992599,0.823838,19.827600,0
55.140000,0.595308,-0.246910,2.130449,-0.185261,-0.517182,0.974595,0.826035,19.541900,0
55.160000,0.589420,-0.244722,2.152483,-0.185264,-0.517181,0.956592,0.821200,19.464600,0
55.180000,0.588058,-0.232460,2.199405,-0.185266,-0.517181,0.938589,0.824073,19.539400,0
55.200000,0.591124,-0.234969,2.177555,-0.185269,-0.517180,0.920587,0.826093,20.254200,0
55.220000,0.598780,-0.245113,2.207137,-0.185272,-0.517179,0.902586,0.829914,22.184700,0
55.240000,0.586044,-0.223924,2.223030,-0.185274,-0.517179,0.884587,0.825185,22.178800,0
55.260000,0.597730,-0.238919,2.245397,-0.185277,-0.517178,0.866588,0.830980,23.010800,0
55.280000,0.593270,-0.234020,2.271757,-0.185279,-0.517177,0.848591,0.828442,22.112300,0
55.300000,0.597514,-0.240809,2.268076,-0.185281,-0.517176,0.830595,0.830148,21.964500,0
55.320000,0.593514,-0.239104,2.320471,-0.185284,-0.517175,0.812599,0.826952,22.697800,0
55.340000,0.602360,-0.241849,2.314673,-0.185286,-0.517175,0.794604,0.834380,27.973400,0
55.360000,0.597311,-0.238286,2.349836,-0.185288,-0.517174,0.776610,0.830806,41.486700,0
55.380000,0.594432,-0.232474,2.334910,-0.185290,-0.517173,0.758617,0.830072,27.835700,0
55.400000,0.599167,-0.235491,2.364249,-0.185292,-0.517172,0.740625,0.833498,34.869100,0
55.420000,0.593949,-0.235271,2.383971,-0.183406,-0.515109,0.738279,0.826190,38.272500,0
55.440000,0.596868,-0.238664,2.355621,-0.181384,-0.512886,0.738286,0.825151,21.458400,0
55.460000,0.583880,-0.222116,2.430325,-0.179363,-0.510665,0.738295,0.815966,20.657900,0
55.480000,0.583180,-0.221499,2.382829,-0.177342,-0.508444,0.738304,0.812854,20.030600,0
55.500000,0.582918,-0.225516,2.356826,-0.175321,-0.506224,0.738310,0.808532,21.107600,0
55.520000,0.584349,-0.228974,2.395907,-0.173300,-0.504004,0.738315,0.806024,20.517000,0
55.540000,0.579131,-0.224302,2.402353,-0.171280,-0.501784,0.738318,0.800071,23.950100,0
55.560000,0.572568,-0.213990,2.412931,-0.169260,-0.499565,0.738320,0.794897,19.776900,0
55.580000,0.572563,-0.216199,2.400819,-0.167240,-0.497345,0.738322,0.791423,20.973600,0
55.600000,0.568692,-0.207421,2.417539,-0.165220,-0.495126,0.738324,0.788290,28.264600,0
55.620000,0.562947,-0.202930,2.432505,-0.163201,-0.492907,0.738325,0.781907,20.160300,0
55.640000,0.571068,-0.210579,2.421603,-0.161181,-0.490688,0.738325,0.783996,21.179900,0
55.660000,0.559880,-0.200297,2.427191,-0.159161,-0.488469,0.738326,0.774637,19.827600,0
55.680000,0.556382,-0.194322,2.397826,-0.157142,-0.486250,0.738326,0.770933,19.658100,0
55.700000,0.562477,-0.200317,2.403299,-0.155122,-0.484031,0.738327,0.771648,19.085200,0
55.720000,0.560386,-0.199885,2.407924,-0.153103,-0.481812,0.738327,0.767170,19.059800,0
55.740000,0.557255,-0.194646,2.408024,-0.151084,-0.479593,0.738328,0.763504,22.007000,0
55.760000,0.553783,-0.197246,2.417232,-0.149064,-0.477375,0.738328,0.756615,27.451800,0
55.780000,0.549426,-0.190440,2.400495,-0.147045,-0.475156,0.738328,0.752420,38.136300,0
55.800000,0.547312,-0.185820,2.427378,-0.145026,-0.472937,0.738328,0.749512,35.066100,0
55.820000,0.549933,-0.189460,2.400545,-0.143007,-0.470718,0.738328,0.747845,26.272100,0
55.840000,0.545567,-0.186077,2.409905,-0.140988,-0.468499,0.738328,0.742375,29.385000,0
55.860000,0.540413,-0.178664,2.424395,-0.138968,-0.466281,0.738328,0.737755,25.225000,0
55.880000,0.543029,-0.181414,2.405461,-0.136949,-0.464062,0.738328,0.736383,19.509700,0
55.900000,0.533720,-0.172527,2.424874,-0.134930,-0.461843,0.738328,0.728558,20.192900,0
55.920000,0.541572,-0.182383,2.417852,-0.132911,-0.459624,0.738329,0.729239,20.398400,0
55.940000,0.534481,-0.174224,2.415873,-0.130892,-0.457405,0.738329,0.723127,19.378000,0
55.960000,0.528421,-0.170296,2.408211,-0.128872,-0.455187,0.738329,0.716378,40.245100,0
55.980000,0.531705,-0.174656,2.403545,-0.126853,-0.452968,0.738329,0.714952,36.637800,0
56.000000,0.529343,-0.172804,2.416596,-0.124834,-0.450749,0.738329,0.710775,25.911500,0
56.020000,0.528531,-0.170812,2.408904,-0.122815,-0.448530,0.738329,0.708081,26.207800,0
56.040000,0.535142,-0.170908,2.383788,-0.122581,-0.448271,0.720784,0.713814,29.534700,0
56.060000,0.523646,-0.161199,2.387488,-0.122569,-0.448256,0.702545,0.707103,28.164800,0
56.080000,0.531625,-0.171613,2.412998,-0.122572,-0.448259,0.684556,0.710286,22.237900,0
56.100000,0.533946,-0.170075,2.450927,-0.122575,-0.448260,0.666564,0.713027,20.288200,0
56.120000,0.525934,-0.160340,2.488701,-0.122578,-0.448261,0.648569,0.709553,19.817500,0
56.140000,0.537899,-0.170350,2.468414,-0.122581,-0.448262,0.630573,0.716567,27.376900,0
56.160000,0.527760,-0.160206,2.513485,-0.122584,-0.448262,0.612576,0.711283,30.308700,0
56.180000,0.535168,-0.164140,2.516502,-0.122587,-0.448263,0.594580,0.716497,29.560100,0
56.200000,0.529806,-0.160758,2.549895,-0.122589,-0.448263,0.576584,0.712936,30.419100,0
56.220000,0.538726,-0.167687,2.540907,-0.122592,-0.448263,0.558589,0.718376,29.504800,0
56.240000,0.540718,-0.169335,2.568289,-0.122594,-0.448262,0.540595,0.719572,29.974300,0
56.260000,0.529383,-0.162255,2.617627,-0.122597,-0.448262,0.522601,0.711953,46.722100,0
56.280000,0.537357,-0.167051,2.606127,-0.122599,-0.448262,0.504609,0.717371,48.995500,0
56.300000,0.532575,-0.163065,2.642749,-0.122601,-0.448262,0.486617,0.714558,21.586100,0
56.320000,0.536127,-0.164494,2.626844,-0.122604,-0.448261,0.468626,0.717252,24.066600,0
56.340000,0.540817,-0.166506,2.657123,-0.122606,-0.448261,0.450636,0.720775,35.324900,0
56.360000,0.524786,-0.157340,2.658822,-0.122608,-0.448261,0.432647,0.709757,31.040400,0
56.380000,0.543559,-0.162370,2.680806,-0.122610,-0.448260,0.414658,0.724924,23.368300,0
56.400000,0.531404,-0.158230,2.727841,-0.122612,-0.448260,0.396670,0.715440,22.298900,0
56.420000,0.540455,-0.162562,2.733391,-0.122614,-0.448259,0.378683,0.722000,20.523000,0
56.440000,0.531555,-0.157740,2.731460,-0.122616,-0.448259,0.360696,0.715780,22.865900,0
56.460000,0.542598,-0.163531,2.762231,-0.122618,-0.448259,0.342709,0.723590,29.603100,0
56.480000,0.529059,-0.156968,2.780530,-0.122620,-0.448258,0.324723,0.713817,34.656900,0
56.500000,0.535983,-0.156754,2.825116,-0.122622,-0.448258,0.306737,0.720233,25.927400,0
56.520000,0.536120,-0.156036,2.818095,-0.122624,-0.448258,0.288752,0.720651,22.118700,0
56.540000,0.527247,-0.155931,2.858964,-0.121839,-0.445969,0.285271,0.710940,21.071700,0
56.560000,0.528046,-0.156137,2.854980,-0.120994,-0.443087,0.285273,0.709643,21.551000,0
56.580000,0.528000,-0.156282,2.851686,-0.120149,-0.440205,0.285286,0.707608,19.957000,0
56.600000,0.528495,-0.156721,2.857157,-0.119304,-0.437323,0.285295,0.705961,20.275000,0
56.620000,0.526001,-0.158754,2.852068,-0.118459,-0.434442,0.285302,0.700951,22.087600,0
56.640000,0.524926,-0.157648,2.859924,-0.117613,-0.431562,0.285307,0.698488,25.081200,0
56.660000,0.510452,-0.156229,2.862414,-0.116768,-0.428682,0.285310,0.683839,27.002000,0
56.680000,0.516527,-0.153968,2.865526,-0.115923,-0.425802,0.285312,0.688395,27.183300,0
56.700000,0.501472,-0.147759,2.864105,-0.115078,-0.422922,0.285313,0.675166,20.279700,0
56.720000,0.507445,-0.148377,2.854087,-0.114234,-0.420043,0.285314,0.678444,18.695200,0
56.740000,0.504372,-0.147002,2.855832,-0.113389,-0.417163,0.285315,0.674252,19.864000,0
56.760000,0.507211,-0.149829,2.855414,-0.112544,-0.414284,0.285316,0.673820,21.784900,0
56.780000,0.502367,-0.147812,2.865852,-0.111699,-0.411405,0.285317,0.668250,21.041700,0
56.800000,0.495369,-0.143430,2.870693,-0.110855,-0.408526,0.285317,0.661652,20.795900,0
56.820000,0.501195,-0.146378,2.852578,-0.110010,-0.405647,0.285318,0.663922,19.889200,0
56.840000,0.507869,-0.147986,2.865737,-0.109166,-0.402769,0.285318,0.667568,21.191800,0
56.860000,0.485672,-0.141120,2.861938,-0.108321,-0.399890,0.285319,0.647912,20.382300,0
56.880000,0.495268,-0.142389,2.834707,-0.107477,-0.397011,0.285319,0.654319,21.600800,0
56.900000,0.483667,-0.141737,2.820578,-0.106632,-0.394132,0.285319,0.641994,20.976300,0
56.920000,0.471400,-0.136283,2.843134,-0.105788,-0.391253,0.285319,0.630996,24.251800,0
56.940000,0.486289,-0.138327,2.832903,-0.105706,-0.390718,0.270671,0.643553,20.391100,0
56.960000,0.467941,-0.132864,2.848802,-0.105740,-0.390608,0.251344,0.628921,20.112200,0
56.980000,0.486387,-0.137505,2.880709,-0.105742,-0.390611,0.233357,0.643956,18.776800,0
57.000000,0.464577,-0.134698,2.921260,-0.105744,-0.390614,0.215368,0.625107,19.270000,0
57.020000,0.478981,-0.138950,2.916410,-0.105746,-0.390616,0.197378,0.636586,18.756100,0
57.040000,0.469104,-0.131209,2.960120,-0.105748,-0.390617,0.179387,0.630672,20.665100,0
57.060000,0.485192,-0.136767,2.933970,-0.105750,-0.390619,0.161396,0.643159,20.247000,0
57.080000,0.462777,-0.129117,2.988761,-0.105752,-0.390620,0.143406,0.625787,21.115400,0
57.100000,0.483202,-0.132067,2.992570,-0.105754,-0.390620,0.125416,0.643210,19.122500,0
57.120000,0.480068,-0.131017,3.014812,-0.105756,-0.390621,0.107427,0.640768,19.334500,0
57.140000,0.472530,-0.129955,3.044035,-0.105758,-0.390622,0.089439,0.634322,28.584600,0
57.160000,0.481546,-0.133056,3.048182,-0.105760,-0.390622,0.071451,0.641302,32.213700,0
57.180000,0.472157,-0.132742,3.070055,-0.105762,-0.390622,0.053464,0.632845,32.396100,0
57.200000,0.479924,-0.131715,3.076027,-0.105764,-0.390623,0.035478,0.640362,30.698400,0
57.220000,0.481506,-0.129277,3.066109,-0.105634,-0.388462,0.026017,0.641803,20.988000,0
57.240000,0.474034,-0.128950,3.069507,-0.105558,-0.385460,0.026019,0.633817,23.300800,0
57.260000,0.467608,-0.130994,3.081695,-0.105482,-0.382458,0.026024,0.625832,21.020600,0
57.280000,0.459843,-0.132444,3.081808,-0.105405,-0.379456,0.026032,0.616864,21.386400,0
57.300000,0.463739,-0.131878,3.075989,-0.105328,-0.376454,0.026038,0.619399,21.973200,0
57.320000,0.457839,-0.131533,3.058919,-0.105250,-0.373453,0.026043,0.612857,22.640800,0
57.340000,0.450122,-0.132286,3.077226,-0.105172,-0.370453,0.026047,0.604214,19.661300,0
57.360000,0.459145,-0.132610,3.073474,-0.105094,-0.367453,0.026050,0.611160,19.850600,0
57.380000,0.446815,-0.129569,3.071671,-0.105016,-0.364453,0.026053,0.599740,21.362400,0
57.400000,0.455768,-0.127942,3.077364,-0.104937,-0.361453,0.026055,0.607386,21.909800,0
57.420000,0.455186,-0.130038,3.067455,-0.104859,-0.358454,0.026057,0.604834,21.023800,0
57.440000,0.441006,-0.132360,3.091623,-0.104781,-0.355454,0.026058,0.589623,20.989700,0
57.460000,0.436982,-0.126238,3.066345,-0.104702,-0.352455,0.026059,0.587022,20.922100,0
57.480000,0.443278,-0.125931,3.089645,-0.104624,-0.349456,0.026060,0.591743,20.782500,0
57.500000,0.436935,-0.126037,3.074884,-0.104545,-0.346456,0.026061,0.584624,19.212600,0
57.520000,0.431560,-0.125868,3.107602,-0.104467,-0.343457,0.026061,0.578507,19.596200,0
57.540000,0.425067,-0.127897,3.126669,-0.104389,-0.340458,0.026061,0.570531,19.958100,0
57.560000,0.424953,-0.128731,3.122064,-0.104310,-0.337459,0.026062,0.568934,19.982600,0
57.580000,0.428291,-0.128170,3.125598,-0.104232,-0.334460,0.026062,0.571084,21.406400,0
57.600000,0.421102,-0.128050,3.133734,-0.104154,-0.331461,0.026062,0.563267,20.575400,0
57.620000,0.422498,-0.128482,3.094970,-0.104076,-0.328462,0.026062,0.563269,20.760700,0
57.640000,0.414315,-0.128614,3.070607,-0.103998,-0.325463,0.026062,0.554435,22.990000,0
57.660000,0.399017,-0.125162,3.094772,-0.103998,-0.324954,0.025798,0.541241,20.935300,0
57.680000,0.410368,-0.124882,3.085608,-0.103997,-0.324953,0.025798,0.551906,20.309500,0
57.700000,0.417410,-0.126598,3.092210,-0.103997,-0.324954,0.025798,0.557862,19.894600,0
57.720000,0.418112,-0.125776,3.080118,-0.103997,-0.324954,0.025798,0.558811,20.542200,0
57.740000,0.421256,-0.126394,3.074281,-0.103997,-0.324954,0.025798,0.561531,20.842400,0
57.760000,0.413776,-0.127392,3.088237,-0.103997,-0.324954,0.025798,0.554183,20.767900,0
57.780000,0.412479,-0.127800,3.062862,-0.103997,-0.324954,0.025798,0.552826,32.097100,0
57.800000,0.409346,-0.126010,3.088522,-0.103997,-0.324954,0.025798,0.550545,29.370000,0
57.820000,0.416673,-0.125603,3.098786,-0.103997,-0.324954,0.025798,0.557529,26.267200,0
57.840000,0.417362,-0.125688,3.088073,-0.103997,-0.324954,0.025798,0.558142,36.643600,0
57.860000,0.417534,-0.126304,3.076131,-0.103997,-0.324954,0.025798,0.558082,24.030500,0
57.880000,0.415262,-0.127438,3.055640,-0.103997,-0.324954,0.025798,0.555556,21.667900,0
57.900000,0.403523,-0.125788,3.089736,-0.103997,-0.324954,0.025798,0.545200,20.710300,0
57.920000,0.410373,-0.126347,3.091770,-0.103997,-0.324954,0.025798,0.551381,20.923800,0
57.940000,0.415999,-0.126680,3.082981,-0.103997,-0.324954,0.025798,0.556515,22.328900,0
57.960000,0.417299,-0.127639,3.065747,-0.103997,-0.324954,0.025798,0.557390,20.391100,0
57.980000,0.406753,-0.126921,3.081832,-0.103997,-0.324954,0.025798,0.547798,21.675400,0
58.000000,0.415900,-0.128038,3.069451,-0.103997,-0.324954,0.025798,0.555939,21.008400,0
58.020000,0.413217,-0.127104,3.095201,-0.103997,-0.324954,0.025798,0.553765,19.902100,0
58.040000,0.419492,-0.127621,3.069305,-0.103997,-0.324954,0.025798,0.559447,26.622200,0
58.060000,0.403710,-0.123990,3.087620,-0.103997,-0.324954,0.025798,0.546034,20.121800,0
58.080000,0.409903,-0.125623,3.060402,-0.103997,-0.324954,0.025798,0.551204,20.694200,0
58.100000,0.416014,-0.127501,3.119276,-0.103997,-0.324954,0.025798,0.556237,21.045700,0
58.120000,0.418538,-0.129409,3.122464,-0.103997,-0.324954,0.025798,0.557925,20.123700,0
58.140000,0.403547,-0.129190,3.110143,-0.103997,-0.324954,0.025798,0.543990,20.883200,0
58.160000,0.408558,-0.131180,3.108561,-0.103997,-0.324954,0.025798,0.547961,22.339900,0
58.180000,0.408751,-0.130711,3.113734,-0.103997,-0.324954,0.025798,0.548307,21.057100,0
58.200000,0.407963,-0.129061,3.110182,-0.103997,-0.324954,0.025798,0.548158,20.384900,0
58.220000,0.407290,-0.130054,3.124516,-0.103997,-0.324954,0.025798,0.547175,21.060800,0
58.240000,0.412146,-0.129610,3.121808,-0.103997,-0.324954,0.025798,0.551872,20.880900,0
58.260000,0.418975,-0.131212,3.113176,-0.103997,-0.324954,0.025798,0.557706,21.040500,0
58.280000,0.418437,-0.129990,3.120112,-0.103997,-0.324954,0.025798,0.557627,20.841200,0
58.300000,0.413138,-0.130551,3.128215,-0.103997,-0.324954,0.025798,0.552468,20.815300,0
58.320000,0.427259,-0.133120,3.096431,-0.103997,-0.324954,0.025798,0.564830,22.385900,0
58.340000,0.431548,-0.130616,3.105740,-0.103997,-0.324954,0.025798,0.569715,21.833400,0
58.360000,0.410659,-0.129740,3.105000,-0.103997,-0.324954,0.025798,0.550436,20.437400,0
58.380000,0.411211,-0.130215,3.094184,-0.103997,-0.324954,0.025798,0.550784,20.969400,0
58.400000,0.411856,-0.128148,3.079621,-0.103997,-0.324954,0.025798,0.552120,27.004300,0
58.420000,0.407895,-0.129044,3.064265,-0.103997,-0.324954,0.025798,0.548101,30.875100,0
58.440000,0.421987,-0.126728,3.080446,-0.103997,-0.324954,0.025798,0.562097,27.723000,0
58.460000,0.411865,-0.125775,3.085194,-0.103997,-0.324954,0.025798,0.552979,27.728700,0
58.480000,0.421694,-0.124283,3.112240,-0.103997,-0.324954,0.025798,0.562690,21.587300,0
58.500000,0.427408,-0.127388,3.135638,-0.103997,-0.324954,0.025798,0.566942,20.025600,0
58.520000,0.415225,-0.126249,3.126431,-0.103997,-0.324954,0.025798,0.555945,23.973900,0
58.540000,0.418042,-0.126830,3.124987,-0.103997,-0.324954,0.025798,0.558370,19.859500,0
58.560000,0.409657,-0.127217,3.118216,-0.103997,-0.324954,0.025798,0.550400,19.503200,0
58.580000,0.413312,-0.128197,3.118413,-0.103997,-0.324954,0.025798,0.553464,19.577100,0
58.600000,0.414547,-0.128933,3.119862,-0.103997,-0.324954,0.025798,0.554357,20.724200,0
58.620000,0.414431,-0.130106,3.121776,-0.103997,-0.324954,0.025798,0.553835,20.290600,0
58.640000,0.415994,-0.127954,3.126914,-0.103997,-0.324954,0.025798,0.556057,20.132200,0
58.660000,0.416506,-0.124498,3.127699,-0.103997,-0.324954,0.025798,0.557769,20.645100,0
58.680000,0.410040,-0.125832,3.117066,-0.103997,-0.324954,0.025798,0.551257,20.337700,0
58.700000,0.407056,-0.125792,3.114774,-0.103997,-0.324954,0.025798,0.548490,20.268900,0
58.720000,0.411706,-0.126955,3.126852,-0.103997,-0.324954,0.025798,0.552407,20.477200,0
58.740000,0.413431,-0.126423,3.109382,-0.103997,-0.324954,0.025798,0.554208,19.820700,0
58.760000,0.421608,-0.126640,3.126832,-0.103997,-0.324954,0.025798,0.561773,20.570800,0
58.780000,0.413932,-0.128104,3.121546,-0.103997,-0.324954,0.025798,0.554076,20.178700,0
58.800000,0.409475,-0.126879,3.119139,-0.103997,-0.324954,0.025798,0.550352,20.555700,0
58.820000,0.416826,-0.127685,3.115305,-0.103997,-0.324954,0.025798,0.556931,19.827200,0
58.840000,0.413635,-0.128617,3.121569,-0.103997,-0.324954,0.025798,0.553616,19.794000,0
58.860000,0.415700,-0.129989,3.123941,-0.103997,-0.324954,0.025798,0.555064,20.467700,0
58.880000,0.416036,-0.130123,3.120359,-0.103997,-0.324954,0.025798,0.555332,20.625400,0
58.900000,0.421719,-0.127212,3.125714,-0.103997,-0.324954,0.025798,0.561675,20.202700,0
58.920000,0.420630,-0.127988,3.128558,-0.103997,-0.324954,0.025798,0.560383,27.883200,0
58.940000,0.407236,-0.128349,3.124589,-0.103997,-0.324954,0.025798,0.547734,24.715200,0
58.960000,0.410784,-0.128628,3.125013,-0.103997,-0.324954,0.025798,0.550947,21.729200,0
58.980000,0.422519,-0.127297,3.112065,-0.103997,-0.324954,0.025798,0.562395,21.332500,0
59.000000,0.417416,-0.128972,3.110457,-0.103997,-0.324954,0.025798,0.557028,19.915200,0
59.020000,0.418614,-0.128442,3.127611,-0.103997,-0.324954,0.025798,0.558336,19.978300,0
59.040000,0.413669,-0.129557,3.117018,-0.103997,-0.324954,0.025798,0.553315,19.859300,0
59.060000,0.419337,-0.129520,3.099208,-0.103997,-0.324954,0.025798,0.558635,19.087700,0
59.080000,0.417825,-0.127850,3.138087,-0.103997,-0.324954,0.025798,0.557807,19.411200,0
59.100000,0.416899,-0.127752,3.109801,-0.103997,-0.324954,0.025798,0.556975,20.171100,0
59.120000,0.415684,-0.127981,3.118078,-0.103997,-0.324954,0.025798,0.555758,20.051800,0
59.140000,0.416133,-0.129410,3.112578,-0.103997,-0.324954,0.025798,0.555673,19.588600,0
59.160000,0.411173,-0.127961,3.124362,-0.103997,-0.324954,0.025798,0.551549,20.387700,0
59.180000,0.420389,-0.130593,3.127029,-0.103997,-0.324954,0.025798,0.559246,20.178300,0
59.200000,0.415352,-0.129828,3.138282,-0.103997,-0.324954,0.025798,0.554795,24.663000,0
59.220000,0.414886,-0.128618,3.118452,-0.103997,-0.324954,0.025798,0.554786,23.913800,0
59.240000,0.410113,-0.128365,3.128223,-0.103997,-0.324954,0.025798,0.550414,24.091800,0
59.260000,0.413880,-0.129143,3.119159,-0.103997,-0.324954,0.025798,0.553659,26.017800,0
59.280000,0.412509,-0.129259,3.116683,-0.103997,-0.324954,0.025798,0.552336,23.340500,0
59.300000,0.418035,-0.131893,3.121115,-0.103997,-0.324954,0.025798,0.556587,22.931100,0
59.320000,0.416709,-0.131720,3.128027,-0.103997,-0.324954,0.025798,0.555404,19.316500,0
59.340000,0.412818,-0.127970,3.118052,-0.103997,-0.324954,0.025798,0.553083,19.260700,0
59.360000,0.420659,-0.128598,3.118089,-0.103997,-0.324954,0.025798,0.560196,19.749400,0
59.380000,0.418083,-0.128423,3.122591,-0.103997,-0.324954,0.025798,0.557846,19.637000,0
59.400000,0.416447,-0.128412,3.125613,-0.103997,-0.324954,0.025798,0.556318,20.012700,0
59.420000,0.418296,-0.128200,3.101313,-0.103997,-0.324954,0.025798,0.558124,25.840300,0
59.440000,0.423211,-0.129781,3.102253,-0.103997,-0.324954,0.025798,0.562175,23.489200,0
59.460000,0.425871,-0.128693,3.127146,-0.103997,-0.324954,0.025798,0.565048,23.561900,0
59.480000,0.411314,-0.129507,3.125338,-0.103997,-0.324954,0.025798,0.551131,23.266600,0
59.500000,0.426344,-0.129643,3.122707,-0.103997,-0.324954,0.025798,0.565162,21.321800,0
59.520000,0.415534,-0.129867,3.117108,-0.103997,-0.324954,0.025798,0.554951,19.370100,0
59.540000,0.410966,-0.128384,3.092848,-0.103997,-0.324954,0.025798,0.551205,19.960400,0
59.560000,0.417172,-0.129999,3.088398,-0.103997,-0.324954,0.025798,0.556440,19.639000,0
59.580000,0.415428,-0.127469,3.077176,-0.103997,-0.324954,0.025798,0.555700,19.480800,0
59.600000,0.415818,-0.129366,3.076359,-0.103997,-0.324954,0.025798,0.555394,20.073100,0
59.620000,0.408849,-0.128252,3.066811,-0.103997,-0.324954,0.025798,0.549274,20.274800,0
59.640000,0.412393,-0.127177,3.096012,-0.103997,-0.324954,0.025798,0.552969,20.357900,0
59.660000,0.411817,-0.126877,3.080524,-0.103997,-0.324954,0.025798,0.552539,20.327400,0
59.680000,0.420956,-0.127947,3.084527,-0.103997,-0.324954,0.025798,0.560703,20.276100,0
59.700000,0.418490,-0.127255,3.071005,-0.103997,-0.324954,0.025798,0.558639,20.475500,0
59.720000,0.415560,-0.126818,3.079366,-0.103997,-0.324954,0.025798,0.556055,20.349900,0
59.740000,0.411214,-0.125791,3.077074,-0.103997,-0.324954,0.025798,0.552366,20.281300,0
