timestamp,est_x,est_y,est_theta,gt_x,gt_y,gt_theta,error_m,update_time_ms,kidnapped
0.020000,1.602864,-2.718367,-1.002524,-0.550000,-0.458800,0.000000,3.120972,23.075900,0
0.040000,1.249655,-2.298828,-0.982625,-0.550000,-0.458800,0.000000,2.573803,11.831100,0
0.060000,0.609620,-1.280502,-0.821300,-0.550000,-0.458800,0.000000,1.421237,18.880500,0
0.080000,0.184802,-0.846227,-0.638525,-0.550000,-0.458800,0.000000,0.830683,89.689400,0
0.100000,-0.183168,-0.510257,-0.073486,-0.550000,-0.458800,0.000000,0.370424,49.300200,0
0.120000,0.067976,-0.513997,-0.533019,-0.550000,-0.458800,0.000000,0.620436,42.223000,0
0.140000,-0.669081,-0.093842,0.780628,-0.550000,-0.458800,0.000000,0.383894,51.685400,0
0.160000,-0.558075,-0.262759,1.070903,-0.550000,-0.458800,0.000000,0.196207,44.810500,0
0.180000,-0.534164,-0.405977,1.445301,-0.550000,-0.458800,0.000000,0.055145,45.293700,0
0.200000,-0.493500,-0.487455,1.522904,-0.550000,-0.458800,0.000000,0.063351,49.365300,0
0.220000,-0.501508,-0.478942,1.462640,-0.550000,-0.458800,0.000000,0.052509,45.943700,0
0.240000,-0.497250,-0.482433,1.636329,-0.550000,-0.458800,0.000000,0.057802,43.933900,0
0.260000,-0.493919,-0.420234,1.489299,-0.550000,-0.458800,0.000000,0.068062,45.164000,0
0.280000,-0.497328,-0.472163,1.477753,-0.550000,-0.458800,0.000000,0.054341,41.393200,0
0.300000,-0.495871,-0.500382,1.500183,-0.550000,-0.458800,0.000000,0.068257,48.305500,0
0.320000,-0.502082,-0.501549,1.538003,-0.550000,-0.458800,0.000000,0.064215,23.939900,0
0.340000,-0.501553,-0.521077,1.675757,-0.550000,-0.458800,0.000000,0.078902,28.961500,0
0.360000,-0.505557,-0.529216,1.610197,-0.550000,-0.458800,0.000000,0.083268,27.088200,0
0.380000,-0.499753,-0.449999,1.517296,-0.550000,-0.458800,0.000000,0.051012,30.212900,0
0.400000,-0.502510,-0.472690,1.517173,-0.550000,-0.458800,0.000000,0.049480,37.918000,0
0.420000,-0.500688,-0.498468,1.435856,-0.550000,-0.458800,0.000000,0.063287,40.389700,0
0.440000,-0.493873,-0.485649,1.573154,-0.550000,-0.458800,0.000000,0.062218,38.471500,0
0.460000,-0.489106,-0.493131,1.627299,-0.550000,-0.458800,0.000000,0.069904,40.589000,0
0.480000,-0.497789,-0.447463,1.524592,-0.550000,-0.458800,0.000000,0.053427,39.169400,0
0.500000,-0.498946,-0.465032,1.508418,-0.550000,-0.458800,0.000000,0.051433,28.518700,0
0.520000,-0.500928,-0.478778,1.468068,-0.550000,-0.458800,0.000000,0.052983,41.756200,0
0.540000,-0.499710,-0.486832,1.645728,-0.550000,-0.458800,0.000000,0.057575,40.907300,0
0.560000,-0.498190,-0.445646,1.489815,-0.550000,-0.458800,0.000000,0.053453,39.938700,0
0.580000,-0.503210,-0.496038,1.501574,-0.550000,-0.458800,0.000000,0.059800,39.480000,0
0.600000,-0.514024,-0.426407,1.426498,-0.550000,-0.458800,0.000000,0.048410,27.965000,0
0.620000,-0.498819,-0.490644,1.490166,-0.550000,-0.458800,0.000000,0.060278,20.271500,0
0.640000,-0.511760,-0.589597,1.493916,-0.550000,-0.458800,0.000000,0.136272,20.326000,0
0.660000,-0.499676,-0.516514,1.597970,-0.550000,-0.458800,0.000000,0.076573,35.966100,0
0.680000,-0.503427,-0.483857,1.668793,-0.550000,-0.458800,0.000000,0.052886,28.034500,0
0.700000,-0.492200,-0.520537,1.638055,-0.550000,-0.458800,0.000000,0.084571,19.666600,0
0.720000,-0.496692,-0.484396,1.601162,-0.550000,-0.458800,0.000000,0.059134,19.825300,0
0.740000,-0.497451,-0.447925,1.534915,-0.550000,-0.458800,0.000000,0.053662,20.902400,0
0.760000,-0.499280,-0.479819,1.495690,-0.550000,-0.458800,0.000000,0.054903,18.851900,0
0.780000,-0.504586,-0.499595,1.452170,-0.550000,-0.458800,0.000000,0.061047,23.033600,0
0.800000,-0.517410,-0.372586,1.504534,-0.550000,-0.458800,0.000000,0.092168,28.685700,0
0.820000,-0.497052,-0.404303,1.381176,-0.550000,-0.458800,0.000000,0.075983,20.789600,0
0.840000,-0.493534,-0.471320,1.466492,-0.550000,-0.458800,0.000000,0.057838,20.498800,0
0.860000,-0.497130,-0.469066,1.506258,-0.550000,-0.458800,0.000000,0.053857,25.903500,0
0.880000,-0.500636,-0.466458,1.458172,-0.550000,-0.458800,0.000000,0.049955,21.375600,0
0.900000,-0.501654,-0.516152,1.523957,-0.550000,-0.458800,0.000000,0.075011,18.007900,0
0.920000,-0.491194,-0.443965,1.510499,-0.550000,-0.458800,0.000000,0.060649,19.147200,0
0.940000,-0.495436,-0.487777,1.540214,-0.550000,-0.458800,0.000000,0.061781,20.240300,0
0.960000,-0.503299,-0.495386,1.600019,-0.550000,-0.458800,0.000000,0.059325,22.591900,0
0.980000,-0.502280,-0.503734,1.530204,-0.550000,-0.458800,0.000000,0.065546,22.975300,0
1.000000,-0.504997,-0.482973,1.560674,-0.550000,-0.458800,0.000000,0.051084,18.892400,0
1.020000,-0.497022,-0.479601,1.563795,-0.550000,-0.458800,0.000000,0.056915,19.306400,0
1.040000,-0.504480,-0.397625,1.402832,-0.550000,-0.458800,0.000000,0.076253,17.343200,0
1.060000,-0.504343,-0.476000,1.496616,-0.550000,-0.458800,0.000000,0.048789,17.994600,0
1.080000,-0.495111,-0.467154,1.538451,-0.550000,-0.458800,0.000000,0.055521,18.708700,0
1.100000,-0.498038,-0.454254,1.482525,-0.550000,-0.458800,0.000000,0.052161,18.415600,0
1.120000,-0.495039,-0.468015,1.665152,-0.550000,-0.458800,0.000000,0.055729,17.681400,0
1.140000,-0.484034,-0.515294,1.627727,-0.550000,-0.458800,0.000000,0.086851,17.804400,0
1.160000,-0.499448,-0.544312,1.504932,-0.550000,-0.458800,0.000000,0.099337,18.143800,0
1.180000,-0.500462,-0.512468,1.644017,-0.550000,-0.458800,0.000000,0.073037,18.330900,0
1.200000,-0.495178,-0.463958,1.535401,-0.550000,-0.458800,0.000000,0.055064,19.055300,0
1.220000,-0.501374,-0.492675,1.485696,-0.550000,-0.458800,0.000000,0.059263,19.581100,0
1.240000,-0.495494,-0.505878,1.495965,-0.550000,-0.458800,0.000000,0.072022,20.128200,0
1.260000,-0.501769,-0.409025,1.489334,-0.550000,-0.458800,0.000000,0.069309,20.255800,0
1.280000,-0.500084,-0.495596,1.546276,-0.550000,-0.458800,0.000000,0.062013,20.917600,0
1.300000,-0.501587,-0.423726,1.383129,-0.550000,-0.458800,0.000000,0.059783,21.750400,0
1.320000,-0.500374,-0.498027,1.491995,-0.550000,-0.458800,0.000000,0.063258,19.548000,0
1.340000,-0.497457,-0.459212,1.605092,-0.550000,-0.458800,0.000000,0.052544,19.233200,0
1.360000,-0.497359,-0.510859,1.592655,-0.550000,-0.458800,0.000000,0.074036,19.915800,0
1.380000,-0.501974,-0.531922,1.686540,-0.550000,-0.458800,0.000000,0.087483,19.159700,0
1.400000,-0.497283,-0.454152,1.592439,-0.550000,-0.458800,0.000000,0.052921,27.307700,0
1.420000,-0.494391,-0.472525,1.608212,-0.550000,-0.458800,0.000000,0.057278,21.820800,0
1.440000,-0.502361,-0.486773,1.614784,-0.550000,-0.458800,0.000000,0.055244,20.517900,0
1.460000,-0.498588,-0.459017,1.533239,-0.550000,-0.458800,0.000000,0.051413,19.462300,0
1.480000,-0.495768,-0.481478,1.432076,-0.550000,-0.458800,0.000000,0.058783,19.231000,0
1.500000,-0.491598,-0.483132,1.543292,-0.550000,-0.458800,0.000000,0.063268,18.202900,0
1.520000,-0.509372,-0.598461,1.561115,-0.550000,-0.458800,0.000000,0.145450,17.355200,0
1.540000,-0.497971,-0.460027,1.451073,-0.550000,-0.458800,0.000000,0.052043,18.632600,0
1.560000,-0.498088,-0.470613,1.581213,-0.550000,-0.458800,0.000000,0.053239,18.188500,0
1.580000,-0.491975,-0.506248,1.575674,-0.550000,-0.458800,0.000000,0.074955,18.363100,0
1.600000,-0.495811,-0.455586,1.597590,-0.550000,-0.458800,0.000000,0.054284,18.650700,0
1.620000,-0.503190,-0.483500,1.558260,-0.550000,-0.458800,0.000000,0.052927,18.305500,0
1.640000,-0.505630,-0.462446,1.552188,-0.550000,-0.458800,0.000000,0.044520,18.915500,0
1.660000,-0.496200,-0.493978,1.619117,-0.550000,-0.458800,0.000000,0.064280,19.102900,0
1.680000,-0.501923,-0.411822,1.525131,-0.550000,-0.458800,0.000000,0.067218,20.826800,0
1.700000,-0.506685,-0.486971,1.543712,-0.550000,-0.458800,0.000000,0.051671,19.984900,0
1.720000,-0.507203,-0.453729,1.494832,-0.550000,-0.458800,0.000000,0.043096,18.271100,0
1.740000,-0.499178,-0.484769,1.541360,-0.550000,-0.458800,0.000000,0.057073,17.301500,0
1.760000,-0.494815,-0.516244,1.511067,-0.550000,-0.458800,0.000000,0.079657,18.448000,0
1.780000,-0.501467,-0.503796,1.568973,-0.550000,-0.458800,0.000000,0.066183,17.554600,0
1.800000,-0.512250,-0.594067,1.475238,-0.550000,-0.458800,0.000000,0.140436,20.042400,0
1.820000,-0.494886,-0.473897,1.490608,-0.550000,-0.458800,0.000000,0.057144,18.770400,0
1.840000,-0.497217,-0.469176,1.495999,-0.550000,-0.458800,0.000000,0.053793,18.645300,0
1.860000,-0.504026,-0.499367,1.550857,-0.550000,-0.458800,0.000000,0.061313,18.502200,0
1.880000,-0.512829,-0.593892,1.588429,-0.550000,-0.458800,0.000000,0.140112,18.316500,0
1.900000,-0.501282,-0.468059,1.451193,-0.550000,-0.458800,0.000000,0.049590,26.473600,0
1.920000,-0.496190,-0.474334,1.497639,-0.550000,-0.458800,0.000000,0.056007,18.203900,0
1.940000,-0.499540,-0.487846,1.492681,-0.550000,-0.458800,0.000000,0.058222,17.596400,0
1.960000,-0.498168,-0.477355,1.595080,-0.550000,-0.458800,0.000000,0.055053,26.799600,0
1.980000,-0.502713,-0.510428,1.605814,-0.550000,-0.458800,0.000000,0.070011,21.228700,0
2.000000,-0.499255,-0.487848,1.715909,-0.550000,-0.458800,0.000000,0.058471,21.492000,0
2.020000,-0.503240,-0.472943,1.596815,-0.550000,-0.458800,0.000000,0.048852,17.477400,0
2.040000,-0.498427,-0.510157,1.590812,-0.550000,-0.458800,0.000000,0.072783,17.941000,0
2.060000,-0.504625,-0.502210,1.580097,-0.550000,-0.458800,0.000000,0.062796,18.474600,0
2.080000,-0.497358,-0.529309,1.609437,-0.550000,-0.458800,0.000000,0.087992,20.513000,0
2.100000,-0.509961,-0.458375,1.542982,-0.550000,-0.458800,0.000000,0.040041,20.937300,0
2.120000,-0.496522,-0.496363,1.600574,-0.550000,-0.458800,0.000000,0.065352,19.354900,0
2.140000,-0.504995,-0.446186,1.487783,-0.550000,-0.458800,0.000000,0.046739,18.798300,0
2.160000,-0.510978,-0.428414,1.430414,-0.550000,-0.458800,0.000000,0.049458,18.952000,0
2.180000,-0.495580,-0.447304,1.631469,-0.550000,-0.458800,0.000000,0.055621,20.064900,0
2.200000,-0.499879,-0.449909,1.515171,-0.550000,-0.458800,0.000000,0.050903,18.186900,0
2.220000,-0.498778,-0.479103,1.471022,-0.550000,-0.458800,0.000000,0.055099,17.903100,0
2.240000,-0.498262,-0.488201,1.601863,-0.550000,-0.458800,0.000000,0.059508,37.648400,0
2.260000,-0.501365,-0.515740,1.621520,-0.550000,-0.458800,0.000000,0.074883,22.763400,0
2.280000,-0.493057,-0.512992,1.634431,-0.550000,-0.458800,0.000000,0.078608,20.699800,0
2.300000,-0.497454,-0.411772,1.494467,-0.550000,-0.458800,0.000000,0.070517,26.483700,0
2.320000,-0.498138,-0.518422,1.560533,-0.550000,-0.458800,0.000000,0.079021,19.345900,0
2.340000,-0.502149,-0.432602,1.487669,-0.550000,-0.458800,0.000000,0.054553,28.263800,0
2.360000,-0.498679,-0.496323,1.558759,-0.550000,-0.458800,0.000000,0.063576,26.985000,0
2.380000,-0.497347,-0.471433,1.514263,-0.550000,-0.458800,0.000000,0.054147,18.000900,0
2.400000,-0.499443,-0.489097,1.670812,-0.550000,-0.458800,0.000000,0.058940,23.001200,0
2.420000,-0.501287,-0.441894,1.500942,-0.550000,-0.458800,0.000000,0.051563,20.341700,0
2.440000,-0.501051,-0.486031,1.519235,-0.550000,-0.458800,0.000000,0.056014,21.783500,0
2.460000,-0.492098,-0.492712,1.674403,-0.550000,-0.458800,0.000000,0.067102,21.957700,0
2.480000,-0.495441,-0.501499,1.589573,-0.550000,-0.458800,0.000000,0.069281,28.419100,0
2.500000,-0.500468,-0.511008,1.609490,-0.550000,-0.458800,0.000000,0.071966,19.196500,0
2.520000,-0.500878,-0.527144,1.517328,-0.550000,-0.458800,0.000000,0.084165,30.008000,0
2.540000,-0.507110,-0.495999,1.578004,-0.550000,-0.458800,0.000000,0.056774,19.969100,0
2.560000,-0.514314,-0.401367,1.493031,-0.550000,-0.458800,0.000000,0.067617,21.379500,0
2.580000,-0.493821,-0.472795,1.636749,-0.550000,-0.458800,0.000000,0.057896,20.563200,0
2.600000,-0.497237,-0.501067,1.573201,-0.550000,-0.458800,0.000000,0.067605,19.939000,0
2.620000,-0.496970,-0.405828,1.547832,-0.550000,-0.458800,0.000000,0.074955,23.570600,0
2.640000,-0.494704,-0.459515,1.612251,-0.550000,-0.458800,0.000000,0.055300,19.940300,0
2.660000,-0.492188,-0.522056,1.584448,-0.550000,-0.458800,0.000000,0.085695,31.509000,0
2.680000,-0.500755,-0.476758,1.560408,-0.550000,-0.458800,0.000000,0.052417,20.110500,0
2.700000,-0.498155,-0.423709,1.531492,-0.550000,-0.458800,0.000000,0.062604,18.736000,0
2.720000,-0.502034,-0.492899,1.508719,-0.550000,-0.458800,0.000000,0.058852,26.330100,0
2.740000,-0.502065,-0.463993,1.568939,-0.550000,-0.458800,0.000000,0.048216,27.454800,0
2.760000,-0.494689,-0.488518,1.608994,-0.550000,-0.458800,0.000000,0.062789,19.350700,0
2.780000,-0.497590,-0.520622,1.620839,-0.550000,-0.458800,0.000000,0.081048,21.588200,0
2.800000,-0.499663,-0.491788,1.568397,-0.550000,-0.458800,0.000000,0.060183,34.481700,0
2.820000,-0.495876,-0.504405,1.624436,-0.550000,-0.458800,0.000000,0.070775,36.502100,0
2.840000,-0.504514,-0.425677,1.526521,-0.550000,-0.458800,0.000000,0.056268,37.018700,0
2.860000,-0.495560,-0.424073,1.506784,-0.550000,-0.458800,0.000000,0.064573,38.614100,0
2.880000,-0.489779,-0.487162,1.523437,-0.550000,-0.458800,0.000000,0.066566,19.795200,0
2.900000,-0.496027,-0.514375,1.544849,-0.550000,-0.458800,0.000000,0.077471,22.388900,0
2.920000,-0.505266,-0.514149,1.564717,-0.550000,-0.458800,0.000000,0.071166,26.033200,0
2.940000,-0.509349,-0.508411,1.553668,-0.550000,-0.458800,0.000000,0.064138,19.747200,0
2.960000,-0.498877,-0.592360,1.615955,-0.550000,-0.458800,0.000000,0.143010,22.776100,0
2.980000,-0.493092,-0.489546,1.530567,-0.550000,-0.458800,0.000000,0.064682,19.631500,0
3.000000,-0.499675,-0.503567,1.707993,-0.550000,-0.458800,0.000000,0.067354,19.533000,0
3.020000,-0.502825,-0.451373,1.483391,-0.550000,-0.458800,0.000000,0.047756,19.331700,0
3.040000,-0.496518,-0.492301,1.537313,-0.550000,-0.458800,0.000000,0.063108,22.939300,0
3.060000,-0.500571,-0.508575,1.626132,-0.550000,-0.458800,0.000000,0.070149,19.672100,0
3.080000,-0.505869,-0.534305,1.603364,-0.550000,-0.458800,0.000000,0.087456,19.021400,0
3.100000,-0.503667,-0.490577,1.600272,-0.550000,-0.458800,0.000000,0.056183,19.571600,0
3.120000,-0.496841,-0.539002,1.653130,-0.550000,-0.458800,0.000000,0.096220,19.009300,0
3.140000,-0.487083,-0.505394,1.623397,-0.550000,-0.458800,0.000000,0.078292,18.936700,0
3.160000,-0.496024,-0.458031,1.465347,-0.550000,-0.458800,0.000000,0.053981,19.252100,0
3.180000,-0.495557,-0.501873,1.582679,-0.550000,-0.458800,0.000000,0.069421,17.957700,0
3.200000,-0.510191,-0.372438,1.468694,-0.550000,-0.458800,0.000000,0.095096,19.050600,0
3.220000,-0.493733,-0.459157,1.586091,-0.550000,-0.458800,0.000000,0.056268,19.539900,0
3.240000,-0.493775,-0.496283,1.587634,-0.550000,-0.458800,0.000000,0.067574,19.990100,0
3.260000,-0.504260,-0.515482,1.595342,-0.550000,-0.458800,0.000000,0.072835,18.106300,0
3.280000,-0.504641,-0.460806,1.642491,-0.550000,-0.458800,0.000000,0.045403,18.601200,0
3.300000,-0.496279,-0.504099,1.612555,-0.550000,-0.458800,0.000000,0.070270,18.547900,0
3.320000,-0.503264,-0.413001,1.495963,-0.550000,-0.458800,0.000000,0.065436,20.069800,0
3.340000,-0.488221,-0.452661,1.511648,-0.550000,-0.456378,-0.000076,0.061891,17.246000,0
3.360000,-0.513339,-0.481931,1.531529,-0.550000,-0.453378,-0.000076,0.046469,18.536900,0
3.380000,-0.505990,-0.423520,1.498336,-0.550000,-0.450378,-0.000076,0.051558,20.113400,0
3.400000,-0.498432,-0.473751,1.515930,-0.550001,-0.447378,-0.000076,0.057921,18.690100,0
3.420000,-0.495826,-0.467939,1.640479,-0.550001,-0.444378,-0.000076,0.059077,18.874600,0
3.440000,-0.499047,-0.484028,1.582862,-0.550001,-0.441377,-0.000076,0.066448,18.479100,0
3.460000,-0.501461,-0.464441,1.450868,-0.550001,-0.438377,-0.000076,0.055095,18.367600,0
3.480000,-0.495348,-0.452501,1.640148,-0.550002,-0.435377,-0.000076,0.057274,19.367500,0
3.500000,-0.502036,-0.459018,1.546136,-0.550002,-0.432377,-0.000076,0.054868,19.402900,0
3.520000,-0.502734,-0.479748,1.563439,-0.550002,-0.429377,-0.000076,0.069076,19.321800,0
3.540000,-0.491436,-0.487861,1.613570,-0.550002,-0.426377,-0.000076,0.084913,20.299900,0
3.560000,-0.499674,-0.464902,1.647775,-0.550003,-0.423377,-0.000076,0.065248,21.697400,0
3.580000,-0.497495,-0.492853,1.617107,-0.550003,-0.420377,-0.000076,0.089498,26.210000,0
3.600000,-0.499405,-0.406750,1.550827,-0.550003,-0.417377,-0.000076,0.051702,19.665700,0
3.620000,-0.492489,-0.416668,1.516732,-0.550003,-0.414377,-0.000076,0.057560,23.448200,0
3.640000,-0.494536,-0.437301,1.515285,-0.550004,-0.411377,-0.000076,0.061227,24.474000,0
3.660000,-0.501985,-0.460535,1.675741,-0.550004,-0.408377,-0.000076,0.070897,21.284200,0
3.680000,-0.500995,-0.476702,1.534509,-0.550004,-0.405377,-0.000076,0.086540,20.749500,0
3.700000,-0.500321,-0.475989,1.638081,-0.550004,-0.402377,-0.000076,0.088809,21.369600,0
3.720000,-0.496854,-0.411089,1.556472,-0.550004,-0.399377,-0.000076,0.054425,17.807800,0
3.740000,-0.491330,-0.405038,1.574785,-0.550005,-0.396377,-0.000076,0.059311,18.155200,0
3.760000,-0.492942,-0.433665,1.647018,-0.550005,-0.393377,-0.000076,0.069852,19.279000,0
3.780000,-0.503748,-0.399552,1.539513,-0.550005,-0.390377,-0.000076,0.047158,18.965500,0
3.800000,-0.490368,-0.422004,1.676573,-0.550005,-0.389867,-0.000003,0.067745,20.025600,0
3.820000,-0.500952,-0.372695,1.652737,-0.550005,-0.389867,-0.000003,0.051972,20.579800,0
3.840000,-0.489152,-0.444568,1.583674,-0.550005,-0.389867,-0.000003,0.081825,17.915000,0
3.860000,-0.503765,-0.338626,1.478153,-0.550005,-0.389867,-0.000003,0.069020,18.926900,0
3.880000,-0.497326,-0.402034,1.505809,-0.550005,-0.389867,-0.000003,0.054066,19.081100,0
3.900000,-0.498587,-0.413707,1.471987,-0.550005,-0.389867,-0.000003,0.056676,17.791500,0
3.920000,-0.498421,-0.390722,1.557587,-0.550005,-0.389868,-0.000003,0.051591,18.776400,0
3.940000,-0.505869,-0.432777,1.610341,-0.550005,-0.389868,-0.000003,0.061556,18.704500,0
3.960000,-0.507660,-0.349422,1.453102,-0.550005,-0.389868,-0.000003,0.058558,19.162500,0
3.980000,-0.498286,-0.413891,1.474421,-0.550005,-0.389868,-0.000003,0.057026,18.665100,0
4.000000,-0.496354,-0.409704,1.500437,-0.550005,-0.389868,-0.000003,0.057201,19.881800,0
4.020000,-0.501109,-0.436940,1.497893,-0.550005,-0.389868,-0.000003,0.067872,18.821200,0
4.040000,-0.490884,-0.301063,1.500695,-0.550005,-0.389868,-0.000003,0.106685,16.789800,0
4.060000,-0.499049,-0.377606,1.483237,-0.550005,-0.389868,-0.000003,0.052411,17.650700,0
4.080000,-0.499560,-0.416706,1.585099,-0.550005,-0.389868,-0.000003,0.057141,18.041500,0
4.100000,-0.494029,-0.398463,1.637393,-0.550005,-0.389868,-0.000003,0.056632,19.558800,0
4.120000,-0.492631,-0.454296,1.621283,-0.550005,-0.389868,-0.000003,0.086271,20.415800,0
4.140000,-0.491630,-0.409905,1.611088,-0.550005,-0.389868,-0.000003,0.061719,21.849600,0
4.160000,-0.498033,-0.416577,1.580235,-0.550005,-0.389868,-0.000003,0.058434,17.152500,0
4.180000,-0.499768,-0.409381,1.536523,-0.550005,-0.389868,-0.000003,0.053894,17.625900,0
4.200000,-0.493304,-0.389094,1.524523,-0.550005,-0.387445,-0.000078,0.056725,17.766000,0
4.220000,-0.495165,-0.412314,1.520037,-0.550005,-0.384446,-0.000078,0.061515,17.212300,0
4.240000,-0.496569,-0.392132,1.665491,-0.550006,-0.381445,-0.000078,0.054495,17.994700,0
4.260000,-0.500108,-0.418227,1.580696,-0.550006,-0.378445,-0.000078,0.063816,17.233900,0
4.280000,-0.507256,-0.343610,1.478896,-0.550006,-0.375445,-0.000078,0.053301,17.182800,0
4.300000,-0.498892,-0.404542,1.587279,-0.550006,-0.372445,-0.000078,0.060356,17.617900,0
4.320000,-0.500116,-0.379993,1.568152,-0.550007,-0.369445,-0.000078,0.050993,17.208500,0
4.340000,-0.500901,-0.420210,1.633913,-0.550007,-0.366445,-0.000078,0.072816,17.927800,0
4.360000,-0.504564,-0.347324,1.534188,-0.550007,-0.363445,-0.000078,0.048217,17.186600,0
4.380000,-0.499494,-0.319249,1.475853,-0.550007,-0.360445,-0.000078,0.065182,15.186500,0
4.400000,-0.493139,-0.367108,1.484183,-0.550008,-0.357445,-0.000078,0.057684,15.931400,0
4.420000,-0.493617,-0.387715,1.477741,-0.550008,-0.354445,-0.000078,0.065474,18.465600,0
4.440000,-0.499573,-0.400871,1.614740,-0.550008,-0.351445,-0.000078,0.070616,17.321800,0
4.460000,-0.489377,-0.341934,1.542976,-0.550008,-0.348445,-0.000078,0.060980,15.711100,0
4.480000,-0.497812,-0.364335,1.524950,-0.550009,-0.345445,-0.000078,0.055510,15.964500,0
4.500000,-0.497993,-0.388177,1.516257,-0.550009,-0.342445,-0.000078,0.069261,16.164500,0
4.520000,-0.492805,-0.321963,1.608418,-0.550009,-0.339445,-0.000078,0.059816,17.202100,0
4.540000,-0.492503,-0.393369,1.644434,-0.550009,-0.336445,-0.000078,0.080915,16.604800,0
4.560000,-0.501891,-0.259269,1.541064,-0.550009,-0.333445,-0.000078,0.088416,17.108500,0
4.580000,-0.491919,-0.329568,1.491162,-0.550010,-0.330445,-0.000078,0.058097,16.260600,0
4.600000,-0.501436,-0.352855,1.518450,-0.550010,-0.327445,-0.000078,0.054819,16.642000,0
4.620000,-0.495530,-0.355342,1.511481,-0.550010,-0.324445,-0.000078,0.062632,16.238700,0
4.640000,-0.498150,-0.325249,1.610393,-0.550010,-0.321445,-0.000078,0.051999,16.986000,0
4.660000,-0.502370,-0.403370,1.561944,-0.550011,-0.318445,-0.000078,0.097375,16.357500,0
4.680000,-0.500848,-0.397214,1.649546,-0.550011,-0.315445,-0.000078,0.095411,16.520400,0
4.700000,-0.495382,-0.316287,1.576630,-0.550011,-0.312445,-0.000078,0.054764,16.797400,0
4.720000,-0.489418,-0.374112,1.606819,-0.550011,-0.309445,-0.000078,0.088619,16.731400,0
4.740000,-0.503521,-0.269821,1.635817,-0.550012,-0.306445,-0.000078,0.059184,17.427300,0
4.760000,-0.497366,-0.386104,1.635136,-0.550012,-0.303445,-0.000078,0.098001,17.242300,0
4.780000,-0.502817,-0.344028,1.594174,-0.550012,-0.300445,-0.000078,0.064240,17.565400,0
4.800000,-0.503338,-0.343768,1.590441,-0.550012,-0.297445,-0.000078,0.065760,18.715300,0
4.820000,-0.498454,-0.345486,1.622635,-0.550013,-0.294445,-0.000078,0.072550,17.586200,0
4.840000,-0.495212,-0.268246,1.514582,-0.550013,-0.291445,-0.000078,0.059509,16.836100,0
4.860000,-0.495973,-0.346940,1.507271,-0.550013,-0.288445,-0.000078,0.079637,17.219900,0
4.880000,-0.499518,-0.350840,1.565882,-0.550013,-0.285445,-0.000078,0.082621,15.875500,0
4.900000,-0.494091,-0.354760,1.585945,-0.550013,-0.282445,-0.000078,0.091416,17.161600,0
4.920000,-0.500915,-0.271232,1.581835,-0.550014,-0.279445,-0.000078,0.049781,15.940300,0
4.940000,-0.494777,-0.359751,1.561097,-0.550014,-0.276445,-0.000078,0.099955,16.950800,0
4.960000,-0.499655,-0.278260,1.491884,-0.550014,-0.273445,-0.000078,0.050588,16.969600,0
4.980000,-0.502105,-0.270142,1.654903,-0.550014,-0.270445,-0.000078,0.047910,16.595300,0
5.000000,-0.491525,-0.270301,1.538981,-0.550015,-0.267445,-0.000078,0.058560,16.780700,0
5.020000,-0.492785,-0.224531,1.484536,-0.550015,-0.264445,-0.000078,0.069774,17.063900,0
5.040000,-0.490891,-0.298696,1.479287,-0.550015,-0.261445,-0.000078,0.069881,16.045900,0
5.060000,-0.491856,-0.286144,1.554614,-0.550015,-0.258445,-0.000078,0.064418,15.227500,0
5.080000,-0.496385,-0.299719,1.497720,-0.550016,-0.255445,-0.000078,0.069545,15.925800,0
5.100000,-0.491016,-0.237106,1.516874,-0.550016,-0.252445,-0.000078,0.060962,17.243200,0
5.120000,-0.486426,-0.250618,1.523669,-0.550016,-0.249445,-0.000078,0.063601,17.480000,0
5.140000,-0.491589,-0.261221,1.451038,-0.550016,-0.246445,-0.000078,0.060266,17.686800,0
5.160000,-0.499580,-0.217904,1.502145,-0.550016,-0.243445,-0.000078,0.056534,18.116800,0
5.180000,-0.502563,-0.298293,1.536261,-0.550017,-0.240445,-0.000078,0.074821,18.592400,0
5.200000,-0.489985,-0.280376,1.585194,-0.550017,-0.237445,-0.000078,0.073803,17.610000,0
5.220000,-0.498763,-0.315579,1.570121,-0.550017,-0.234445,-0.000078,0.095967,17.848000,0
5.240000,-0.487350,-0.298216,1.610801,-0.550017,-0.231445,-0.000078,0.091572,18.192700,0
5.260000,-0.497625,-0.254509,1.613705,-0.550018,-0.228445,-0.000078,0.058518,18.992900,0
5.280000,-0.495729,-0.257387,1.554842,-0.550018,-0.225445,-0.000078,0.062989,16.093000,0
5.300000,-0.494629,-0.348345,1.725035,-0.550018,-0.222445,-0.000078,0.137546,15.935600,0
5.320000,-0.493796,-0.272296,1.639128,-0.550018,-0.219445,-0.000078,0.077163,15.551800,0
5.340000,-0.492772,-0.275273,1.579359,-0.550019,-0.216445,-0.000078,0.082085,16.637600,0
5.360000,-0.494256,-0.224211,1.583771,-0.550019,-0.213445,-0.000078,0.056792,15.402200,0
5.380000,-0.490904,-0.246036,1.593414,-0.550019,-0.210445,-0.000078,0.069002,16.004500,0
5.400000,-0.496573,-0.254708,1.524412,-0.550019,-0.207445,-0.000078,0.071346,16.272600,0
5.420000,-0.493393,-0.122446,1.491359,-0.550020,-0.204445,-0.000078,0.099652,16.984700,0
5.440000,-0.497636,-0.186489,1.518067,-0.550020,-0.201445,-0.000078,0.054477,15.497800,0
5.460000,-0.492380,-0.194919,1.481183,-0.550020,-0.198445,-0.000078,0.057748,15.271800,0
5.480000,-0.491072,-0.205996,1.589645,-0.550020,-0.195445,-0.000078,0.059885,14.718100,0
5.500000,-0.485819,-0.306106,1.717700,-0.550020,-0.192445,-0.000078,0.130539,16.105100,0
5.520000,-0.498097,-0.203997,1.532256,-0.550021,-0.189445,-0.000078,0.053924,15.142000,0
5.540000,-0.491156,-0.156556,1.490573,-0.550021,-0.186445,-0.000078,0.066019,16.360800,0
5.560000,-0.481319,-0.165780,1.432948,-0.550021,-0.183445,-0.000078,0.070936,15.710500,0
5.580000,-0.497959,-0.221245,1.628451,-0.550021,-0.180445,-0.000078,0.066144,16.114600,0
5.600000,-0.490156,-0.243732,1.578243,-0.550022,-0.177445,-0.000078,0.089319,17.598500,0
5.620000,-0.490982,-0.173405,1.537998,-0.550022,-0.174445,-0.000078,0.059050,17.219600,0
5.640000,-0.494840,-0.185653,1.519104,-0.550022,-0.171445,-0.000078,0.056982,14.686400,0
5.660000,-0.491925,-0.153663,1.587524,-0.550022,-0.168445,-0.000078,0.059949,15.438100,0
5.680000,-0.496333,-0.166563,1.524831,-0.550023,-0.165445,-0.000078,0.053702,15.668200,0
5.700000,-0.491038,-0.192102,1.526574,-0.550023,-0.162445,-0.000078,0.066021,16.341500,0
5.720000,-0.493128,-0.168234,1.509011,-0.550023,-0.159445,-0.000078,0.057570,15.513200,0
5.740000,-0.493249,-0.201444,1.508401,-0.550023,-0.156445,-0.000078,0.072444,16.199300,0
5.760000,-0.495062,-0.194133,1.475235,-0.550024,-0.153445,-0.000078,0.068384,16.378100,0
5.780000,-0.491076,-0.186154,1.649855,-0.550024,-0.150445,-0.000078,0.068920,16.289500,0
5.800000,-0.489248,-0.193597,1.611768,-0.550024,-0.147445,-0.000078,0.076313,16.221000,0
5.820000,-0.487050,-0.236974,1.540491,-0.550024,-0.144445,-0.000078,0.111926,17.931100,0
5.840000,-0.494470,-0.209783,1.608924,-0.550025,-0.141445,-0.000078,0.088071,14.834100,0
5.860000,-0.485049,-0.144214,1.632614,-0.550025,-0.138445,-0.000078,0.065231,15.880300,0
5.880000,-0.494991,-0.197083,1.593495,-0.550025,-0.135445,-0.000078,0.082632,16.054800,0
5.900000,-0.481374,-0.231621,1.695776,-0.550025,-0.132445,-0.000078,0.120618,16.676200,0
5.920000,-0.491550,-0.121640,1.516568,-0.550025,-0.129445,-0.000078,0.058993,16.912500,0
5.940000,-0.493502,-0.179365,1.598776,-0.550026,-0.126445,-0.000078,0.077431,16.606500,0
5.960000,-0.491878,-0.175918,1.554116,-0.550026,-0.123445,-0.000078,0.078324,16.174300,0
5.980000,-0.505991,-0.181625,1.563410,-0.550026,-0.120445,-0.000078,0.075380,16.358300,0
6.000000,-0.490728,-0.201042,1.587401,-0.550026,-0.117445,-0.000078,0.102492,16.575800,0
6.020000,-0.488845,-0.114345,1.564782,-0.550027,-0.114445,-0.000078,0.061183,16.631900,0
6.040000,-0.487146,-0.098590,1.436303,-0.550027,-0.111445,-0.000078,0.064181,16.854100,0
6.060000,-0.491548,-0.163178,1.579244,-0.550027,-0.108445,-0.000078,0.080096,16.471400,0
6.080000,-0.491605,-0.181813,1.675088,-0.550027,-0.105445,-0.000078,0.096152,16.731200,0
6.100000,-0.487773,-0.172656,1.570409,-0.550028,-0.102445,-0.000078,0.093836,16.636700,0
6.120000,-0.496634,-0.040480,1.495602,-0.550028,-0.099445,-0.000078,0.079547,16.432400,0
6.140000,-0.495296,-0.128273,1.535679,-0.550028,-0.096445,-0.000078,0.063314,16.617200,0
6.160000,-0.495676,-0.134143,1.516198,-0.550028,-0.093445,-0.000078,0.067900,16.738200,0
6.180000,-0.504541,-0.256737,1.697819,-0.550029,-0.090445,-0.000078,0.172401,16.693800,0
6.200000,-0.505234,-0.080183,1.508077,-0.550029,-0.087445,-0.000078,0.045380,16.938100,0
6.220000,-0.482569,-0.065771,1.422663,-0.550029,-0.084445,-0.000078,0.069997,16.866800,0
6.240000,-0.498027,-0.140609,1.521670,-0.550029,-0.081445,-0.000078,0.078770,17.311000,0
6.260000,-0.494369,-0.163292,1.666289,-0.550029,-0.078445,-0.000078,0.101474,16.052700,0
6.280000,-0.490283,-0.073750,1.585172,-0.550030,-0.075445,-0.000078,0.059771,15.042800,0
6.300000,-0.494308,-0.088461,1.534781,-0.550030,-0.072445,-0.000078,0.057978,15.911100,0
6.320000,-0.493424,-0.090852,1.658163,-0.550030,-0.069445,-0.000078,0.060519,17.148200,0
6.340000,-0.489038,-0.124342,1.607046,-0.550030,-0.066445,-0.000078,0.084096,17.331900,0
6.360000,-0.491403,-0.090938,1.536454,-0.550031,-0.063445,-0.000078,0.064754,17.267600,0
6.380000,-0.488836,-0.067681,1.471577,-0.550031,-0.060445,-0.000078,0.061622,17.932600,0
6.400000,-0.493038,-0.017340,1.477904,-0.550031,-0.057445,-0.000078,0.069690,17.617600,0
6.420000,-0.496170,-0.107536,1.516798,-0.550031,-0.054445,-0.000078,0.075629,18.123400,0
6.440000,-0.482215,-0.062066,1.524866,-0.550032,-0.051445,-0.000078,0.068643,18.012600,0
6.460000,-0.496833,-0.084779,1.488402,-0.550032,-0.048445,-0.000078,0.064423,17.413000,0
6.480000,-0.486366,-0.034012,1.538202,-0.550032,-0.045445,-0.000078,0.064685,17.787700,0
6.500000,-0.494640,-0.120790,1.605406,-0.550032,-0.042445,-0.000078,0.095949,18.402000,0
6.520000,-0.496125,-0.122734,1.516876,-0.550032,-0.039445,-0.000078,0.099212,18.034000,0
6.540000,-0.492902,-0.180939,1.628675,-0.550033,-0.036445,-0.000078,0.155379,18.341300,0
6.560000,-0.493232,-0.028863,1.565047,-0.550033,-0.033445,-0.000078,0.056986,18.023500,0
6.580000,-0.483282,-0.064187,1.628754,-0.550033,-0.030445,-0.000078,0.074795,18.301200,0
6.600000,-0.487501,-0.103733,1.581560,-0.550033,-0.027445,-0.000078,0.098642,18.239900,0
6.620000,-0.491335,-0.025541,1.568779,-0.550034,-0.024445,-0.000078,0.058709,17.937800,0
6.640000,-0.485855,-0.041310,1.431720,-0.550034,-0.021445,-0.000078,0.067183,15.624400,0
6.660000,-0.487892,-0.008822,1.559142,-0.550034,-0.018445,-0.000078,0.062882,15.491200,0
6.680000,-0.490477,-0.122012,1.630430,-0.550034,-0.015445,-0.000078,0.122080,15.261500,0
6.700000,-0.490859,-0.009043,1.568610,-0.550035,-0.012445,-0.000078,0.059274,15.778400,0
6.720000,-0.488468,0.000535,1.550214,-0.550035,-0.009445,-0.000078,0.062370,15.748200,0
6.740000,-0.483491,-0.026124,1.526592,-0.550035,-0.006445,-0.000078,0.069393,15.996300,0
6.760000,-0.489808,-0.120745,1.607780,-0.550035,-0.003445,-0.000078,0.131858,16.113500,0
6.780000,-0.487509,-0.051000,1.657969,-0.550035,-0.002491,0.009002,0.079136,16.760500,0
6.800000,-0.493712,-0.069441,1.498027,-0.550033,-0.002317,0.029000,0.087622,16.527700,0
6.820000,-0.500606,-0.146376,1.631734,-0.550032,-0.002300,0.047227,0.152318,16.025400,0
6.840000,-0.491861,-0.035350,1.556762,-0.550031,-0.002303,0.065216,0.066902,16.064600,0
6.860000,-0.489598,-0.071830,1.520640,-0.550030,-0.002306,0.083205,0.092117,15.131500,0
6.880000,-0.495534,-0.075231,1.460382,-0.550029,-0.002308,0.101195,0.091036,15.637300,0
6.900000,-0.489302,-0.021807,1.430469,-0.550028,-0.002309,0.119185,0.063780,17.440700,0
6.920000,-0.496702,-0.047603,1.504059,-0.550027,-0.002316,0.137231,0.069960,16.824300,0
6.940000,-0.501382,-0.061207,1.358692,-0.550026,-0.002323,0.155285,0.076378,17.837600,0
6.960000,-0.493664,-0.022792,1.315857,-0.550025,-0.002330,0.173339,0.059960,17.881900,0
6.980000,-0.480006,-0.024878,1.328822,-0.550024,-0.002337,0.191390,0.073557,18.572100,0
7.000000,-0.487146,0.000034,1.199495,-0.550023,-0.002343,0.209436,0.062922,18.179300,0
7.020000,-0.506886,-0.060355,1.405023,-0.550023,-0.002338,0.209435,0.072297,18.098200,0
7.040000,-0.507590,-0.104833,1.379466,-0.550022,-0.002334,0.209429,0.110935,18.919000,0
7.060000,-0.489191,0.042332,1.320598,-0.550022,-0.002331,0.209423,0.075466,18.258900,0
7.080000,-0.497551,-0.018977,1.357459,-0.550021,-0.002328,0.209418,0.055048,18.723100,0
7.100000,-0.501305,-0.044681,1.402706,-0.550021,-0.002326,0.209414,0.064554,18.732600,0
7.120000,-0.502884,-0.070521,1.343776,-0.550021,-0.002325,0.209411,0.082901,17.552900,0
7.140000,-0.481552,0.005144,1.279555,-0.549397,0.000099,0.209456,0.068032,18.177500,0
7.160000,-0.493933,-0.031610,1.311800,-0.548773,0.003035,0.209456,0.064867,18.456100,0
7.180000,-0.489675,-0.012949,1.338416,-0.548150,0.005970,0.209454,0.061459,17.527700,0
7.200000,-0.495390,-0.053641,1.333041,-0.547526,0.008905,0.209453,0.081426,17.933500,0
7.220000,-0.495515,-0.006790,1.330657,-0.546902,0.011840,0.209452,0.054660,17.308600,0
7.240000,-0.477144,0.038656,1.230010,-0.546278,0.014775,0.209451,0.073142,18.049800,0
7.260000,-0.504359,-0.055706,1.332736,-0.545655,0.017710,0.209451,0.084233,18.069400,0
7.280000,-0.482982,0.034551,1.286470,-0.545031,0.020645,0.209450,0.063588,17.520200,0
7.300000,-0.490420,-0.036960,1.298917,-0.544407,0.023579,0.209450,0.081114,15.260200,0
7.320000,-0.478352,0.048258,1.330661,-0.543783,0.026514,0.209450,0.068950,15.785500,0
7.340000,-0.489888,-0.012157,1.328231,-0.543160,0.029449,0.209450,0.067594,15.377600,0
7.360000,-0.489433,-0.062863,1.282283,-0.542536,0.032383,0.209450,0.109049,14.985600,0
7.380000,-0.476123,0.044113,1.313582,-0.541912,0.035318,0.209449,0.066375,15.088100,0
7.400000,-0.484011,0.012089,1.319068,-0.541288,0.038252,0.209449,0.062970,15.797500,0
7.420000,-0.481658,0.029233,1.355560,-0.540665,0.041187,0.209449,0.060206,15.532700,0
7.440000,-0.479035,0.028587,1.265866,-0.540041,0.044121,0.209449,0.062953,15.440000,0
7.460000,-0.472531,0.033797,1.369119,-0.539417,0.047056,0.209449,0.068187,15.479100,0
7.480000,-0.470064,0.063956,1.279234,-0.539321,0.047729,0.222260,0.071133,15.018800,0
7.500000,-0.468851,0.063722,1.130832,-0.539285,0.047888,0.242145,0.072192,16.053100,0
7.520000,-0.493348,-0.005491,1.330184,-0.539285,0.047888,0.260167,0.070424,15.810100,0
7.540000,-0.489529,-0.014734,1.281276,-0.539285,0.047883,0.278176,0.079978,16.219100,0
7.560000,-0.493141,0.015799,1.285193,-0.539284,0.047878,0.296192,0.056198,16.240800,0
7.580000,-0.500482,-0.026670,1.278722,-0.539283,0.047873,0.314212,0.084037,15.944600,0
7.600000,-0.481546,0.043703,1.279052,-0.539283,0.047868,0.332233,0.057887,16.206900,0
7.620000,-0.489019,-0.024120,1.248620,-0.539282,0.047863,0.350255,0.087795,16.124700,0
7.640000,-0.484759,0.011640,1.242246,-0.539281,0.047859,0.368275,0.065456,15.799300,0
7.660000,-0.492110,0.005901,1.126304,-0.539280,0.047855,0.386294,0.063129,16.956300,0
7.680000,-0.518916,-0.037328,1.233551,-0.539279,0.047851,0.404311,0.087579,18.019000,0
7.700000,-0.485438,0.014563,1.105809,-0.539278,0.047847,0.422326,0.063297,18.982800,0
7.720000,-0.480239,0.051694,1.063860,-0.539277,0.047844,0.440339,0.059163,17.498600,0
7.740000,-0.473503,0.044134,1.054177,-0.539276,0.047841,0.458350,0.065878,18.076200,0
7.760000,-0.484080,0.036671,1.016436,-0.539275,0.047838,0.476359,0.056313,15.273500,0
7.780000,-0.480532,0.026862,0.960519,-0.539274,0.047835,0.494366,0.062373,14.910800,0
7.800000,-0.482855,0.032782,1.060682,-0.539273,0.047832,0.512372,0.058391,14.529100,0
7.820000,-0.484955,0.047880,0.960587,-0.539272,0.047829,0.530376,0.054317,15.685600,0
7.840000,-0.471982,0.047812,0.914382,-0.539271,0.047827,0.548378,0.067289,15.845600,0
7.860000,-0.479898,0.023755,0.968403,-0.539270,0.047824,0.566379,0.064065,16.185900,0
7.880000,-0.481406,0.054662,0.966897,-0.539269,0.047822,0.584379,0.058266,15.860400,0
7.900000,-0.473991,0.042184,0.866710,-0.539268,0.047819,0.602378,0.065520,17.361200,0
7.920000,-0.470046,0.048641,0.830760,-0.539267,0.047817,0.620376,0.069225,15.701800,0
7.940000,-0.475852,0.034986,0.822456,-0.539266,0.047815,0.638373,0.064699,16.652200,0
7.960000,-0.490900,0.006358,0.868910,-0.539265,0.047812,0.656369,0.063699,15.902600,0
7.980000,-0.484053,0.046995,0.806763,-0.539264,0.047810,0.674365,0.055217,16.718900,0
8.000000,-0.510759,0.004638,0.829730,-0.539263,0.047808,0.692360,0.051732,16.310500,0
8.020000,-0.505095,0.031182,0.779566,-0.539261,0.047813,0.692353,0.037998,17.228100,0
8.040000,-0.513602,0.002198,0.819285,-0.537345,0.050123,0.692363,0.053484,17.272800,0
8.060000,-0.473355,0.036183,0.866767,-0.535427,0.052434,0.692357,0.064164,16.888900,0
8.080000,-0.489818,0.045109,0.891950,-0.533511,0.054746,0.692351,0.044744,15.900400,0
8.100000,-0.501403,0.007642,0.907569,-0.531595,0.057057,0.692345,0.057908,16.343900,0
8.120000,-0.509771,0.005260,0.941064,-0.529679,0.059368,0.692340,0.057654,16.980400,0
8.140000,-0.466035,0.078739,0.784572,-0.527763,0.061679,0.692336,0.064042,16.531000,0
8.160000,-0.465798,0.049529,0.825189,-0.525848,0.063990,0.692333,0.061766,16.231100,0
8.180000,-0.457209,0.066880,0.789010,-0.523933,0.066300,0.692331,0.066727,16.491000,0
8.200000,-0.471998,0.057986,0.794186,-0.522017,0.068610,0.692329,0.051135,15.859300,0
8.220000,-0.480341,0.033241,0.919772,-0.520102,0.070920,0.692328,0.054778,16.159900,0
8.240000,-0.467595,0.049466,0.968694,-0.518187,0.073230,0.692327,0.055895,16.698700,0
8.260000,-0.467787,0.042420,0.863043,-0.516272,0.075539,0.692326,0.058717,16.495000,0
8.280000,-0.453429,0.061782,1.017908,-0.514357,0.077849,0.692326,0.063011,16.916500,0
8.300000,-0.480847,0.031784,0.922536,-0.514132,0.078119,0.709845,0.057051,16.130500,0
8.320000,-0.464835,0.048007,0.888772,-0.514116,0.078136,0.728137,0.057762,16.394500,0
8.340000,-0.455265,0.078177,0.836976,-0.514118,0.078133,0.746124,0.058853,17.676300,0
8.360000,-0.478983,0.047280,0.820451,-0.514119,0.078130,0.764116,0.046757,16.395400,0
8.380000,-0.450167,0.072168,0.738471,-0.514120,0.078127,0.782110,0.064230,17.290100,0
8.400000,-0.484553,0.037640,0.835427,-0.514120,0.078124,0.800107,0.050132,16.155800,0
8.420000,-0.459145,0.052607,0.727413,-0.514121,0.078121,0.818104,0.060608,16.777900,0
8.440000,-0.420877,0.105729,0.580646,-0.514121,0.078118,0.836102,0.097246,16.581000,0
8.460000,-0.479671,0.052323,0.789082,-0.512044,0.079994,0.838423,0.042588,16.943700,0
8.480000,-0.458662,0.069954,0.775092,-0.509811,0.082002,0.838417,0.052549,17.259600,0
8.500000,-0.498455,0.028740,0.763610,-0.507577,0.084009,0.838412,0.056017,16.910400,0
8.520000,-0.442825,0.070966,0.727606,-0.505345,0.086017,0.838407,0.064306,15.590000,0
8.540000,-0.462459,0.070384,0.666529,-0.503113,0.088024,0.838404,0.044316,16.612100,0
8.560000,-0.429952,0.084492,0.673150,-0.500881,0.090031,0.838401,0.071145,16.401800,0
8.580000,-0.483458,0.034689,0.791429,-0.500622,0.090262,0.856005,0.058164,16.520300,0
8.600000,-0.454210,0.068631,0.732440,-0.500599,0.090281,0.874365,0.051192,16.030300,0
8.620000,-0.478662,0.055478,0.746495,-0.500601,0.090278,0.892354,0.041138,16.551900,0
8.640000,-0.477633,0.038619,0.709984,-0.500602,0.090275,0.910345,0.056532,17.296300,0
8.660000,-0.460304,0.074285,0.600248,-0.500603,0.090273,0.928339,0.043355,16.678000,0
8.680000,-0.460667,0.061634,0.707566,-0.500604,0.090270,0.946333,0.049143,15.114500,0
8.700000,-0.484971,0.056135,0.651315,-0.500604,0.090268,0.964328,0.037543,16.042900,0
8.720000,-0.450439,0.078981,0.559987,-0.498513,0.091975,0.964436,0.049799,16.330300,0
8.740000,-0.484520,0.045205,0.539274,-0.496045,0.093686,0.964429,0.049832,17.196600,0
8.760000,-0.440640,0.068075,0.541188,-0.493578,0.095398,0.964423,0.059573,17.211100,0
8.780000,-0.469075,0.056463,0.605445,-0.491111,0.097109,0.964418,0.046234,17.260800,0
8.800000,-0.488830,0.039804,0.603095,-0.488644,0.098821,0.964415,0.059018,17.058700,0
8.820000,-0.463280,0.074887,0.614088,-0.486178,0.100531,0.964412,0.034380,15.204900,0
8.840000,-0.441772,0.071731,0.542646,-0.485852,0.100583,0.981334,0.052682,15.398100,0
8.860000,-0.440881,0.076845,0.522964,-0.485855,0.100580,0.999319,0.050853,15.031000,0
8.880000,-0.461184,0.081669,0.607865,-0.485857,0.100577,1.017308,0.031085,14.198000,0
8.900000,-0.517154,0.019154,0.625859,-0.485859,0.100575,1.035299,0.087229,15.009300,0
8.920000,-0.452367,0.078402,0.553534,-0.485860,0.100572,1.053292,0.040166,14.856500,0
8.940000,-0.410028,0.093535,0.499073,-0.485861,0.100570,1.071285,0.076158,15.173200,0
8.960000,-0.434193,0.084783,0.423100,-0.485862,0.100568,1.089279,0.054026,15.881400,0
8.980000,-0.425610,0.095784,0.373414,-0.485862,0.100565,1.107272,0.060442,15.181100,0
9.000000,-0.450523,0.086717,0.407634,-0.485863,0.100563,1.125265,0.037955,15.528000,0
9.020000,-0.444850,0.075122,0.456608,-0.485863,0.100561,1.143257,0.048262,16.070500,0
9.040000,-0.471603,0.076603,0.407099,-0.485863,0.100559,1.161249,0.027879,16.531400,0
9.060000,-0.479932,0.065468,0.387875,-0.485863,0.100556,1.179239,0.035586,16.394100,0
9.080000,-0.438404,0.084992,0.418197,-0.485863,0.100554,1.197229,0.049945,16.844700,0
9.100000,-0.421827,0.098783,0.348082,-0.485862,0.100552,1.215218,0.064059,15.365100,0
9.120000,-0.459346,0.083635,0.256453,-0.485862,0.100550,1.233207,0.031452,15.515300,0
9.140000,-0.452597,0.074190,0.412556,-0.485862,0.100548,1.251195,0.042442,15.399300,0
9.160000,-0.417673,0.080308,0.247908,-0.485862,0.100546,1.269182,0.071128,16.046400,0
9.180000,-0.452565,0.089590,0.185623,-0.485862,0.100544,1.287168,0.035052,16.421200,0
9.200000,-0.429967,0.093763,0.236022,-0.485861,0.100542,1.305155,0.056304,15.968000,0
9.220000,-0.439921,0.097556,0.301716,-0.485861,0.100540,1.323140,0.046037,16.260100,0
9.240000,-0.468701,0.092598,0.247469,-0.485861,0.100538,1.341126,0.018908,17.309400,0
9.260000,-0.457942,0.090995,0.288715,-0.485861,0.100537,1.359111,0.029505,15.802800,0
9.280000,-0.397129,0.096019,0.151037,-0.485861,0.100535,1.377095,0.088847,16.608300,0
9.300000,-0.451770,0.085493,0.122849,-0.483533,0.101015,1.384194,0.035353,18.185700,0
9.320000,-0.432170,0.089005,0.215541,-0.480581,0.101571,1.384191,0.050015,17.232900,0
9.340000,-0.447856,0.095196,0.202540,-0.477629,0.102128,1.384178,0.030570,17.170300,0
9.360000,-0.406011,0.103384,0.037792,-0.474678,0.102684,1.384169,0.068671,17.666200,0
9.380000,-0.452113,0.097957,0.120515,-0.471728,0.103241,1.384162,0.020315,17.596500,0
9.400000,-0.413582,0.098773,0.117468,-0.468778,0.103798,1.384157,0.055425,18.586900,0
9.420000,-0.447752,0.083997,0.105052,-0.465829,0.104355,1.384154,0.027226,18.718100,0
9.440000,-0.405664,0.106338,0.121938,-0.462879,0.104912,1.384152,0.057233,18.160100,0
9.460000,-0.420635,0.092472,0.136701,-0.459931,0.105469,1.384151,0.041390,18.111700,0
9.480000,-0.400671,0.087197,0.246882,-0.456982,0.106026,1.384150,0.059376,17.773500,0
9.500000,-0.436811,0.100874,0.182824,-0.454033,0.106583,1.384149,0.018144,18.462700,0
9.520000,-0.378951,0.100836,0.114988,-0.451085,0.107140,1.384148,0.072409,18.077500,0
9.540000,-0.414883,0.092675,0.122890,-0.448137,0.107697,1.384147,0.036490,18.105000,0
9.560000,-0.384500,0.091354,0.204697,-0.445188,0.108253,1.384146,0.062997,15.191800,0
9.580000,-0.426044,0.087426,0.248635,-0.442240,0.108810,1.384146,0.026825,15.085100,0
9.600000,-0.399643,0.097346,0.218858,-0.439292,0.109367,1.384145,0.041431,14.745900,0
9.620000,-0.435345,0.095905,0.231524,-0.436344,0.109924,1.384145,0.014055,15.232300,0
9.640000,-0.379273,0.093861,0.250195,-0.433396,0.110481,1.384145,0.056617,14.780900,0
9.660000,-0.422493,0.094872,0.267412,-0.432741,0.110560,1.397258,0.018738,15.319800,0
9.680000,-0.374234,0.106434,0.079138,-0.432570,0.110527,1.417257,0.058480,15.203900,0
9.700000,-0.412266,0.089438,0.097219,-0.432572,0.110525,1.435255,0.029275,15.772000,0
9.720000,-0.379074,0.092296,0.129116,-0.432575,0.110524,1.453244,0.056521,16.524300,0
9.740000,-0.342708,0.106360,-0.064158,-0.432577,0.110522,1.471233,0.089966,15.334600,0
9.760000,-0.422437,0.100619,0.036711,-0.432579,0.110521,1.489223,0.014174,15.399600,0
9.780000,-0.374312,0.103063,0.170648,-0.432580,0.110519,1.507213,0.058744,15.152000,0
9.800000,-0.417615,0.104218,0.050603,-0.432581,0.110518,1.525203,0.016238,15.317400,0
9.820000,-0.321404,0.085037,0.061638,-0.432582,0.110517,1.543191,0.114061,16.162700,0
9.840000,-0.395010,0.101165,0.078392,-0.432583,0.110517,1.561179,0.038719,15.763900,0
9.860000,-0.371070,0.108796,-0.030453,-0.432584,0.110516,1.579167,0.061538,14.988200,0
9.880000,-0.399799,0.114670,0.009605,-0.432584,0.110515,1.597153,0.033048,15.537400,0
9.900000,-0.350905,0.106731,-0.156275,-0.432585,0.110514,1.615139,0.081768,15.346300,0
9.920000,-0.409961,0.110568,-0.148974,-0.430416,0.110408,1.624495,0.020455,15.873900,0
9.940000,-0.386853,0.099503,-0.122030,-0.427417,0.110244,1.624492,0.041962,15.072800,0
9.960000,-0.418483,0.115174,-0.118109,-0.424418,0.110082,1.624487,0.007820,14.770700,0
9.980000,-0.306890,0.094902,-0.096237,-0.421420,0.109919,1.624479,0.115510,15.121400,0
10.000000,-0.392828,0.117153,-0.130790,-0.418422,0.109757,1.624474,0.026641,14.923300,0
10.020000,-0.371260,0.107050,-0.100788,-0.415424,0.109596,1.624469,0.044238,14.823300,0
10.040000,-0.385076,0.103264,-0.090974,-0.412427,0.109435,1.624465,0.028039,15.376000,0
10.060000,-0.358367,0.102810,0.022017,-0.409430,0.109274,1.624461,0.051471,15.570500,0
10.080000,-0.341292,0.111423,-0.147996,-0.406434,0.109112,1.624458,0.065183,14.907100,0
10.100000,-0.374406,0.114125,-0.114965,-0.403437,0.108951,1.624456,0.029489,14.648700,0
10.120000,-0.366264,0.099469,0.036275,-0.400441,0.108790,1.624455,0.035425,15.722700,0
10.140000,-0.374029,0.109454,-0.102918,-0.397445,0.108630,1.624454,0.023431,15.737600,0
10.160000,-0.343563,0.107943,-0.104561,-0.394449,0.108469,1.624453,0.050888,15.193900,0
10.180000,-0.375081,0.102714,-0.074246,-0.391453,0.108308,1.624452,0.017301,14.992900,0
10.200000,-0.408013,0.109473,-0.122564,-0.388457,0.108147,1.624452,0.019601,15.514400,0
10.220000,-0.336426,0.108799,-0.058155,-0.385461,0.107986,1.624451,0.049041,15.156800,0
10.240000,-0.349396,0.101386,-0.038623,-0.382465,0.107825,1.624451,0.033690,14.864400,0
10.260000,-0.432097,0.115571,0.006259,-0.379469,0.107664,1.624451,0.053218,14.904700,0
10.280000,-0.322892,0.109681,-0.111167,-0.376474,0.107503,1.624451,0.053626,15.178100,0
10.300000,-0.345129,0.100029,-0.075192,-0.373478,0.107343,1.624451,0.029278,15.538600,0
10.320000,-0.353724,0.110256,-0.122785,-0.370482,0.107182,1.624451,0.017037,15.190600,0
10.340000,-0.362298,0.111174,-0.096871,-0.367486,0.107021,1.624451,0.006645,15.181100,0
10.360000,-0.371898,0.111556,-0.072113,-0.364491,0.106860,1.624451,0.008770,15.397400,0
10.380000,-0.315997,0.099749,-0.034124,-0.361495,0.106699,1.624451,0.046026,15.181300,0
10.400000,-0.333999,0.101401,0.042129,-0.358499,0.106538,1.624451,0.025033,15.459000,0
10.420000,-0.329641,0.107607,-0.026789,-0.355504,0.106377,1.624451,0.025892,14.849500,0
10.440000,-0.372479,0.093235,-0.022663,-0.352508,0.106217,1.624451,0.023820,15.384300,0
10.460000,-0.253014,0.099782,-0.044166,-0.349512,0.106056,1.624451,0.096702,15.464900,0
10.480000,-0.282661,0.103856,-0.101632,-0.346516,0.105895,1.624451,0.063888,14.857300,0
10.500000,-0.313104,0.097628,-0.108159,-0.343521,0.105734,1.624451,0.031479,15.875900,0
10.520000,-0.354651,0.103337,-0.038112,-0.340525,0.105573,1.624451,0.014302,15.362300,0
10.540000,-0.295081,0.100041,-0.052223,-0.337529,0.105412,1.624451,0.042787,15.712000,0
10.560000,-0.303953,0.099277,0.006769,-0.334534,0.105251,1.624451,0.031160,14.986400,0
10.580000,-0.276826,0.106564,-0.077299,-0.331538,0.105090,1.624451,0.054732,14.968800,0
10.600000,-0.293769,0.105180,0.136308,-0.328542,0.104930,1.624451,0.034774,16.172300,0
10.620000,-0.260761,0.101102,-0.139536,-0.325547,0.104769,1.624451,0.064890,14.985100,0
10.640000,-0.276650,0.092821,-0.072234,-0.322551,0.104608,1.624451,0.047390,15.124100,0
10.660000,-0.285090,0.095241,-0.146025,-0.319555,0.104447,1.624451,0.035673,14.683600,0
10.680000,-0.251127,0.089693,-0.076668,-0.316560,0.104286,1.624451,0.067040,15.721900,0
10.700000,-0.294346,0.104291,-0.115300,-0.313564,0.104125,1.624451,0.019219,15.498700,0
10.720000,-0.256006,0.093426,-0.057697,-0.310568,0.103964,1.624451,0.055571,14.493300,0
10.740000,-0.252481,0.098070,-0.152813,-0.307573,0.103803,1.624451,0.055390,15.107000,0
10.760000,-0.227851,0.082842,0.025453,-0.304577,0.103642,1.624451,0.079495,15.232300,0
10.780000,-0.296964,0.098705,0.023801,-0.301581,0.103482,1.624451,0.006644,15.741100,0
10.800000,-0.263616,0.105250,0.001201,-0.298585,0.103321,1.624451,0.035022,14.475200,0
10.820000,-0.253046,0.099890,-0.082732,-0.295590,0.103160,1.624451,0.042670,15.669500,0
10.840000,-0.293789,0.100720,-0.050076,-0.292594,0.102999,1.624451,0.002574,14.853300,0
10.860000,-0.228733,0.099354,-0.156451,-0.289598,0.102838,1.624451,0.060964,15.430100,0
10.880000,-0.263307,0.088365,-0.088437,-0.286603,0.102677,1.624451,0.027341,15.094200,0
10.900000,-0.321582,0.094183,-0.167117,-0.283607,0.102516,1.624451,0.038879,16.223800,0
10.920000,-0.256448,0.093142,-0.111444,-0.280611,0.102355,1.624451,0.025860,18.476100,0
10.940000,-0.239710,0.102410,-0.089846,-0.277616,0.102194,1.624451,0.037906,17.661300,0
10.960000,-0.211698,0.092044,0.091218,-0.274620,0.102034,1.624451,0.063710,17.909900,0
10.980000,-0.251778,0.092277,-0.031631,-0.271624,0.101873,1.624451,0.022045,18.309400,0
11.000000,-0.120091,0.102336,-0.063304,-0.268629,0.101712,1.624451,0.148539,18.015700,0
11.020000,-0.225824,0.098209,-0.110334,-0.265633,0.101551,1.624451,0.039949,18.027600,0
11.040000,-0.277593,0.102105,-0.079640,-0.262637,0.101390,1.624451,0.014973,18.453200,0
11.060000,-0.191040,0.093267,-0.141845,-0.259642,0.101229,1.624451,0.069062,17.223900,0
11.080000,-0.235086,0.087535,-0.074069,-0.256646,0.101068,1.624451,0.025456,17.917000,0
11.100000,-0.263035,0.087271,-0.135345,-0.253650,0.100907,1.624451,0.016553,17.558100,0
11.120000,-0.198647,0.090324,-0.105008,-0.250655,0.100746,1.624451,0.053042,17.884700,0
11.140000,-0.205783,0.099782,-0.139343,-0.247659,0.100586,1.624451,0.041883,17.742300,0
11.160000,-0.255274,0.109367,-0.060046,-0.244663,0.100425,1.624451,0.013876,19.056900,0
11.180000,-0.196752,0.105431,-0.178283,-0.241668,0.100264,1.624451,0.045212,18.264500,0
11.200000,-0.242276,0.112486,-0.045008,-0.238672,0.100103,1.624451,0.012896,18.397200,0
11.220000,-0.169158,0.093897,-0.026412,-0.235676,0.099942,1.624451,0.066792,18.843900,0
11.240000,-0.211840,0.099025,-0.026234,-0.232680,0.099781,1.624451,0.020854,17.778600,0
11.260000,-0.153713,0.091356,-0.066880,-0.229685,0.099620,1.624451,0.076420,17.615500,0
11.280000,-0.192860,0.092301,-0.001099,-0.226689,0.099459,1.624451,0.034578,18.086300,0
11.300000,-0.211657,0.091192,-0.091035,-0.223693,0.099299,1.624451,0.014512,17.810600,0
11.320000,-0.212256,0.095118,-0.038479,-0.220698,0.099138,1.624451,0.009350,17.300800,0
11.340000,-0.161890,0.092534,-0.037291,-0.217702,0.098977,1.624451,0.056183,17.962100,0
11.360000,-0.184408,0.090880,-0.146870,-0.214706,0.098816,1.624451,0.031320,17.528500,0
11.380000,-0.216685,0.094505,-0.072615,-0.211711,0.098655,1.624451,0.006478,17.824200,0
11.400000,-0.199930,0.086678,-0.123386,-0.208715,0.098494,1.624451,0.014724,18.177600,0
11.420000,-0.170135,0.090298,-0.142710,-0.205719,0.098333,1.624451,0.036480,17.856700,0
11.440000,-0.133191,0.089746,-0.062857,-0.202724,0.098172,1.624451,0.070042,18.182100,0
11.460000,-0.147130,0.090398,0.050490,-0.199728,0.098011,1.624451,0.053146,19.290900,0
11.480000,-0.168511,0.101286,-0.010692,-0.196732,0.097851,1.624451,0.028430,16.067200,0
11.500000,-0.127348,0.087124,0.025470,-0.193737,0.097690,1.624451,0.067225,14.475500,0
11.520000,-0.150185,0.084051,-0.046182,-0.192877,0.097726,1.614062,0.044829,15.193600,0
11.540000,-0.148444,0.082040,-0.076559,-0.192703,0.097734,1.594064,0.046959,15.076900,0
11.560000,-0.175974,0.087440,-0.003473,-0.192704,0.097735,1.576047,0.019643,15.612100,0
11.580000,-0.215028,0.080235,-0.075918,-0.192707,0.097736,1.558059,0.028364,16.537000,0
11.600000,-0.169281,0.086395,-0.080848,-0.190590,0.097767,1.548127,0.024154,17.510500,0
11.620000,-0.143636,0.087740,-0.038936,-0.187589,0.097838,1.548129,0.045098,17.516200,0
11.640000,-0.156868,0.087199,0.013385,-0.184587,0.097908,1.548132,0.029716,17.946100,0
11.660000,-0.194122,0.089506,0.084027,-0.181586,0.097978,1.548134,0.015130,18.890600,0
11.680000,-0.144977,0.092963,0.103037,-0.178586,0.098047,1.548135,0.033991,18.372600,0
11.700000,-0.150771,0.085482,0.010928,-0.175585,0.098116,1.548137,0.027846,17.898800,0
11.720000,-0.112019,0.083388,-0.090594,-0.172585,0.098185,1.548138,0.062347,18.423400,0
11.740000,-0.160556,0.089505,0.029759,-0.169585,0.098254,1.548139,0.012572,18.972500,0
11.760000,-0.145392,0.093753,-0.063873,-0.166585,0.098322,1.548140,0.021680,18.419900,0
11.780000,-0.102291,0.077816,0.035137,-0.163586,0.098390,1.548141,0.064656,19.266800,0
11.800000,-0.065684,0.089912,-0.035216,-0.160586,0.098458,1.548141,0.095287,18.254300,0
11.820000,-0.119780,0.088641,-0.046434,-0.157587,0.098526,1.548141,0.039078,18.196400,0
11.840000,-0.146024,0.093077,-0.037396,-0.154587,0.098594,1.548142,0.010186,17.772700,0
11.860000,-0.111628,0.086250,0.069094,-0.151588,0.098662,1.548142,0.041843,17.663200,0
11.880000,-0.061923,0.091841,-0.050319,-0.148588,0.098730,1.548142,0.086939,17.638500,0
11.900000,-0.140024,0.084519,-0.042594,-0.145589,0.098798,1.548142,0.015325,19.296000,0
11.920000,-0.150357,0.092556,-0.024386,-0.142590,0.098866,1.548142,0.010007,17.721700,0
11.940000,-0.105616,0.094966,0.130943,-0.139590,0.098934,1.548142,0.034204,17.905900,0
11.960000,-0.119512,0.086491,0.006203,-0.136591,0.099002,1.548143,0.021171,17.807500,0
11.980000,-0.122402,0.083273,0.181341,-0.133592,0.099070,1.548143,0.019359,15.655300,0
12.000000,-0.107885,0.089791,-0.016721,-0.130593,0.099138,1.548143,0.024556,15.053500,0
12.020000,-0.091544,0.086923,-0.105946,-0.127593,0.099206,1.548143,0.038084,16.218800,0
12.040000,-0.072917,0.081964,-0.018669,-0.124594,0.099274,1.548142,0.054499,15.776000,0
12.060000,-0.078941,0.087175,-0.057544,-0.121595,0.099342,1.548142,0.044355,16.335300,0
12.080000,-0.135384,0.089497,-0.009043,-0.118596,0.099410,1.548142,0.019496,15.740900,0
12.100000,-0.064351,0.089137,0.087817,-0.115596,0.099478,1.548142,0.052278,15.953500,0
12.120000,-0.100740,0.086520,0.045418,-0.112597,0.099545,1.548142,0.017614,16.408500,0
12.140000,-0.042395,0.080962,-0.046459,-0.109598,0.099613,1.548142,0.069743,16.267900,0
12.160000,-0.083720,0.096168,-0.036236,-0.106599,0.099681,1.548142,0.023147,16.167300,0
12.180000,-0.075802,0.078398,0.060732,-0.103599,0.099749,1.548142,0.035051,17.293600,0
12.200000,-0.117955,0.088974,0.056923,-0.100600,0.099817,1.548142,0.020464,16.853300,0
12.220000,0.001374,0.079785,0.021423,-0.097601,0.099885,1.548142,0.100996,16.360900,0
12.240000,0.017440,0.091926,-0.212869,-0.094602,0.099953,1.548142,0.112329,17.806200,0
12.260000,-0.049794,0.086922,-0.022251,-0.091602,0.100021,1.548142,0.043812,18.306700,0
12.280000,-0.056221,0.087403,-0.039443,-0.088603,0.100089,1.548142,0.034778,17.646400,0
12.300000,-0.005992,0.086338,-0.010901,-0.085604,0.100157,1.548142,0.080803,18.558200,0
12.320000,-0.041392,0.089231,-0.066517,-0.082605,0.100225,1.548142,0.042655,18.183800,0
12.340000,-0.018152,0.082433,-0.003281,-0.079605,0.100293,1.548142,0.063996,18.534300,0
12.360000,-0.026969,0.082232,-0.046032,-0.076606,0.100361,1.548142,0.052844,14.969800,0
12.380000,0.003823,0.089044,0.146965,-0.073607,0.100429,1.548142,0.078263,15.629200,0
12.400000,-0.057005,0.090152,0.054799,-0.070608,0.100497,1.548142,0.017090,15.890600,0
12.420000,-0.026552,0.086649,-0.077921,-0.067609,0.100565,1.548142,0.043351,16.125200,0
12.440000,-0.042955,0.084289,0.066806,-0.064609,0.100633,1.548142,0.027130,15.924800,0
12.460000,-0.075386,0.086538,0.071290,-0.061610,0.100701,1.548142,0.019757,16.501100,0
12.480000,0.011209,0.089384,-0.011582,-0.058611,0.100769,1.548142,0.070742,16.361400,0
12.500000,-0.034146,0.087776,-0.036567,-0.055612,0.100837,1.548142,0.025127,16.668200,0
12.520000,-0.026486,0.085287,0.068879,-0.052612,0.100905,1.548142,0.030439,15.578100,0
12.540000,-0.002850,0.084607,0.062563,-0.049613,0.100973,1.548142,0.049544,17.709600,0
12.560000,0.013385,0.089636,-0.076241,-0.046614,0.101040,1.548142,0.061073,18.209900,0
12.580000,-0.021475,0.081908,-0.013817,-0.043615,0.101108,1.548142,0.029306,18.194700,0
12.600000,0.017966,0.088441,-0.006107,-0.040615,0.101176,1.548142,0.059949,17.728600,0
12.620000,-0.006695,0.077825,-0.030806,-0.037616,0.101244,1.548142,0.038789,17.858800,0
12.640000,-0.065292,0.092707,0.039502,-0.034617,0.101312,1.548142,0.031859,17.458000,0
12.660000,0.058173,0.082973,0.060236,-0.031618,0.101380,1.548142,0.091658,16.280300,0
12.680000,-0.002420,0.085096,0.078271,-0.028619,0.101448,1.548142,0.030883,14.962500,0
12.700000,0.020097,0.092444,0.046260,-0.025619,0.101516,1.548142,0.046608,14.755500,0
12.720000,0.005485,0.086318,0.044300,-0.022620,0.101584,1.548142,0.031984,15.351300,0
12.740000,0.019395,0.092058,0.049756,-0.019621,0.101652,1.548142,0.040178,15.131600,0
12.760000,-0.000391,0.096814,0.069032,-0.016622,0.101720,1.548142,0.016956,14.978700,0
12.780000,0.053008,0.091509,-0.002257,-0.013622,0.101788,1.548142,0.067419,14.917300,0
12.800000,0.046041,0.082069,0.081311,-0.010623,0.101856,1.548142,0.060019,15.168500,0
12.820000,0.016369,0.091303,0.029126,-0.007624,0.101924,1.548142,0.026239,14.811200,0
12.840000,0.052736,0.083041,0.019909,-0.004625,0.101992,1.548142,0.060411,15.375100,0
12.860000,0.017413,0.084740,0.057051,-0.001625,0.102060,1.548142,0.025737,14.748100,0
12.880000,0.027608,0.089894,0.109878,0.001374,0.102128,1.548142,0.028946,16.406800,0
12.900000,-0.079402,0.093023,0.064651,0.004373,0.102196,1.548142,0.084276,15.779100,0
12.920000,0.025293,0.094309,0.011440,0.007372,0.102264,1.548142,0.019607,15.003400,0
12.940000,0.020337,0.084159,0.146338,0.010371,0.102332,1.548142,0.020726,15.696400,0
12.960000,0.057226,0.090377,-0.035832,0.013371,0.102400,1.548142,0.045473,16.432200,0
12.980000,0.008669,0.087921,-0.076580,0.016370,0.102468,1.548142,0.016459,16.244100,0
13.000000,0.055187,0.084437,-0.153909,0.019369,0.102536,1.548142,0.040131,15.654800,0
13.020000,0.078968,0.081486,-0.069902,0.022368,0.102603,1.548142,0.060411,15.339700,0
13.040000,0.236774,0.078983,-0.071238,0.025368,0.102671,1.548142,0.212729,16.077200,0
13.060000,0.103006,0.082186,-0.034858,0.028367,0.102739,1.548142,0.077417,16.158800,0
13.080000,0.049775,0.085415,-0.022361,0.031366,0.102807,1.548142,0.025326,16.434400,0
13.100000,0.062340,0.095075,-0.117291,0.034365,0.102875,1.548142,0.029042,16.063200,0
13.120000,0.092249,0.087036,-0.006668,0.037364,0.102943,1.548142,0.057144,16.411000,0
13.140000,0.070896,0.086811,0.037645,0.040364,0.103011,1.548142,0.034563,15.505700,0
13.160000,0.041047,0.084724,0.078053,0.043363,0.103079,1.548142,0.018501,15.843500,0
13.180000,0.083436,0.090842,0.048521,0.046362,0.103147,1.548142,0.039063,16.259500,0
13.200000,0.052372,0.082568,0.049660,0.049361,0.103215,1.548142,0.020866,15.957300,0
13.220000,0.054025,0.076609,0.090111,0.052361,0.103283,1.548142,0.026726,16.497200,0
13.240000,0.119001,0.087857,0.045735,0.055360,0.103351,1.548142,0.065500,16.342600,0
13.260000,0.069463,0.088252,0.080918,0.058359,0.103419,1.548142,0.018797,15.399200,0
13.280000,0.107253,0.088823,0.034427,0.061358,0.103487,1.548142,0.048181,15.199200,0
13.300000,0.104372,0.082700,0.072680,0.064358,0.103555,1.548142,0.045123,15.512900,0
13.320000,0.033885,0.077957,0.015974,0.067357,0.103623,1.548142,0.042180,16.361900,0
13.340000,0.101796,0.095255,0.039787,0.070356,0.103691,1.548142,0.032552,16.121500,0
13.360000,0.154139,0.091574,0.062956,0.073355,0.103759,1.548142,0.081697,16.279100,0
13.380000,0.101729,0.090614,0.027404,0.076354,0.103827,1.548142,0.028609,17.187300,0
13.400000,0.118068,0.084791,0.110346,0.079354,0.103895,1.548142,0.043171,17.113500,0
13.420000,0.081104,0.083620,0.072866,0.082353,0.103963,1.548142,0.020381,16.891900,0
13.440000,0.116129,0.090783,0.073616,0.085352,0.104031,1.548142,0.033507,17.516400,0
13.460000,0.084329,0.076996,-0.025134,0.088351,0.104099,1.548142,0.027400,16.833100,0
13.480000,0.132485,0.083470,0.031618,0.091351,0.104166,1.548142,0.046047,17.080900,0
13.500000,0.095330,0.088864,-0.008010,0.094350,0.104234,1.548142,0.015401,17.001400,0
13.520000,0.155411,0.082247,-0.075979,0.097349,0.104302,1.548142,0.062110,16.972900,0
13.540000,0.128602,0.091555,-0.037832,0.100348,0.104370,1.548142,0.031024,16.914300,0
13.560000,0.161707,0.093470,-0.024477,0.103348,0.104438,1.548142,0.059381,16.951100,0
13.580000,0.130037,0.088407,-0.040750,0.106347,0.104506,1.548142,0.028643,17.070500,0
13.600000,0.173920,0.086960,-0.081081,0.109346,0.104574,1.548142,0.066933,16.000800,0
13.620000,0.083651,0.091884,0.042235,0.112345,0.104642,1.548142,0.031402,15.279500,0
13.640000,0.140681,0.083772,0.069993,0.115344,0.104710,1.548142,0.032869,15.148300,0
13.660000,0.183451,0.089715,0.023107,0.118344,0.104778,1.548142,0.066826,15.411300,0
13.680000,0.149068,0.084730,-0.106673,0.121343,0.104846,1.548142,0.034254,16.527700,0
13.700000,0.173747,0.086423,-0.025920,0.124342,0.104914,1.548142,0.052752,16.117700,0
13.720000,0.158106,0.081240,-0.053061,0.127341,0.104982,1.548142,0.038861,16.090900,0
13.740000,0.202912,0.086240,-0.054711,0.130341,0.105050,1.548142,0.074969,15.524200,0
13.760000,0.157006,0.084491,-0.023307,0.133340,0.105118,1.548142,0.031394,16.424100,0
13.780000,0.196984,0.089282,-0.092488,0.136339,0.105186,1.548142,0.062696,15.596500,0
13.800000,0.154420,0.088259,-0.053870,0.139338,0.105254,1.548142,0.022723,15.478500,0
13.820000,0.176426,0.094337,-0.054392,0.142338,0.105322,1.548142,0.035814,15.985500,0
13.840000,0.202861,0.081367,-0.064061,0.145337,0.105390,1.548142,0.062338,17.166900,0
13.860000,0.165969,0.081411,0.025464,0.148336,0.105458,1.548142,0.029819,16.758300,0
13.880000,0.154886,0.088276,0.054205,0.151335,0.105526,1.548142,0.017612,17.737200,0
13.900000,0.153730,0.089016,0.163269,0.154334,0.105594,1.548142,0.016589,17.656300,0
13.920000,0.237865,0.093073,-0.004759,0.157334,0.105662,1.548142,0.081509,17.893700,0
13.940000,0.204247,0.079934,-0.048312,0.160333,0.105729,1.548142,0.050930,17.418900,0
13.960000,0.164188,0.090775,0.054402,0.163332,0.105797,1.548142,0.015046,18.122700,0
13.980000,0.217668,0.087469,0.063906,0.166331,0.105865,1.548142,0.054534,17.955000,0
14.000000,0.157014,0.085193,0.045142,0.169331,0.105933,1.548142,0.024122,17.936700,0
14.020000,0.212853,0.089277,-0.073529,0.172330,0.106001,1.548142,0.043838,17.805800,0
14.040000,0.169835,0.087234,0.006573,0.175329,0.106069,1.548142,0.019620,17.765000,0
14.060000,0.252275,0.088388,0.119984,0.178328,0.106137,1.548142,0.076048,18.718600,0
14.080000,0.169313,0.080705,-0.008457,0.181328,0.106205,1.548142,0.028189,18.345600,0
14.100000,0.173404,0.090682,-0.003834,0.184327,0.106273,1.548142,0.019037,18.656400,0
14.120000,0.110627,0.078155,0.161525,0.187326,0.106341,1.548142,0.081714,18.822800,0
14.140000,0.218162,0.098845,0.072645,0.190325,0.106409,1.548142,0.028846,16.371600,0
14.160000,0.250732,0.085490,-0.050394,0.193324,0.106477,1.548142,0.061124,15.684400,0
14.180000,0.214416,0.083189,-0.040037,0.196324,0.106545,1.548142,0.029544,15.556600,0
14.200000,0.277153,0.078908,-0.087070,0.199323,0.106613,1.548142,0.082614,15.720600,0
14.220000,0.230769,0.094888,-0.010815,0.202322,0.106681,1.548142,0.030794,15.183300,0
14.240000,0.259653,0.085956,0.041580,0.205321,0.106749,1.548142,0.058174,15.423400,0
14.260000,0.236306,0.087945,0.107937,0.208321,0.106817,1.548142,0.033754,16.072100,0
14.280000,0.287144,0.087140,0.027545,0.211320,0.106885,1.548142,0.078353,16.300400,0
14.300000,0.222705,0.089687,0.090446,0.214319,0.106953,1.548142,0.019195,15.850000,0
14.320000,0.267914,0.085932,0.107833,0.217318,0.107021,1.548142,0.054816,16.466100,0
14.340000,0.242622,0.080154,0.087933,0.220318,0.107089,1.548142,0.034971,15.949400,0
14.360000,0.223643,0.081399,0.024750,0.223317,0.107157,1.548142,0.025760,15.836700,0
14.380000,0.267863,0.087266,0.022712,0.226316,0.107225,1.548142,0.046093,17.049100,0
14.400000,0.288700,0.081330,0.045339,0.229315,0.107292,1.548142,0.064812,16.280200,0
14.420000,0.283536,0.094508,0.092549,0.232314,0.107360,1.548142,0.052810,17.211900,0
14.440000,0.249893,0.083267,0.077431,0.235314,0.107428,1.548142,0.028219,16.083800,0
14.460000,0.275015,0.081929,0.079711,0.238313,0.107496,1.548142,0.044729,16.673600,0
14.480000,0.228324,0.086795,-0.018424,0.241312,0.107564,1.548142,0.024496,16.452800,0
14.500000,0.249904,0.085009,-0.080301,0.244311,0.107632,1.548142,0.023304,15.892800,0
14.520000,0.196302,0.092129,0.159426,0.247311,0.107700,1.548142,0.053333,17.302000,0
14.540000,0.270442,0.089057,0.051855,0.250310,0.107768,1.548142,0.027484,16.621600,0
14.560000,0.332828,0.087721,-0.053171,0.253309,0.107836,1.548142,0.082023,16.726000,0
14.580000,0.295531,0.078125,-0.037035,0.256308,0.107904,1.548142,0.049246,16.500100,0
14.600000,0.259529,0.095752,0.016822,0.259308,0.107972,1.548142,0.012222,16.663700,0
14.620000,0.217754,0.079119,0.024216,0.262307,0.108040,1.548142,0.053117,16.592100,0
14.640000,0.310673,0.081490,0.058308,0.265306,0.108108,1.548142,0.052600,15.847700,0
14.660000,0.299478,0.093035,0.116549,0.268305,0.108176,1.548142,0.034655,16.416000,0
14.680000,0.309667,0.083794,-0.081371,0.271304,0.108244,1.548142,0.045492,16.683300,0
14.700000,0.270316,0.087758,0.032174,0.274304,0.108312,1.548142,0.020937,15.965000,0
14.720000,0.313308,0.083491,0.067126,0.277303,0.108380,1.548142,0.043770,15.477600,0
14.740000,0.261886,0.086182,0.058381,0.280302,0.108448,1.548142,0.028895,15.334900,0
14.760000,0.322737,0.084039,0.061409,0.283301,0.108516,1.548142,0.046415,15.126800,0
14.780000,0.285675,0.088409,0.074696,0.286301,0.108584,1.548142,0.020185,14.870600,0
14.800000,0.325433,0.082405,0.023279,0.289300,0.108652,1.548142,0.044660,15.109500,0
14.820000,0.288318,0.088669,0.028496,0.292299,0.108720,1.548142,0.020442,16.107100,0
14.840000,0.281724,0.080638,0.018555,0.295298,0.108788,1.548142,0.031252,16.158700,0
14.860000,0.316076,0.071397,0.073365,0.298298,0.108855,1.548142,0.041463,16.028500,0
14.880000,0.330086,0.083466,0.042020,0.301297,0.108923,1.548142,0.038430,16.588500,0
14.900000,0.377021,0.087168,0.046135,0.304296,0.108991,1.548142,0.075929,16.190200,0
14.920000,0.340929,0.093217,0.080168,0.307295,0.109059,1.548142,0.037179,15.734700,0
14.940000,0.304267,0.089632,0.007217,0.308210,0.109042,1.557778,0.019807,15.941100,0
14.960000,0.311489,0.091894,-0.017934,0.308383,0.109040,1.577775,0.017425,16.302900,0
14.980000,0.330803,0.097762,0.081590,0.308396,0.109039,1.595953,0.025085,16.061800,0
15.000000,0.304447,0.089612,-0.075195,0.308393,0.109038,1.613942,0.019822,16.053100,0
15.020000,0.310475,0.085597,0.024455,0.308391,0.109037,1.631931,0.023533,16.347300,0
15.040000,0.372849,0.088399,-0.094788,0.308389,0.109036,1.649921,0.067682,15.944700,0
15.060000,0.336455,0.086259,-0.069022,0.308387,0.109035,1.667911,0.036147,16.341900,0
15.080000,0.328567,0.094412,-0.172673,0.308385,0.109034,1.685900,0.024922,16.177600,0
15.100000,0.319055,0.096334,-0.121008,0.308379,0.109033,1.703950,0.016590,15.992000,0
15.120000,0.324742,0.091413,-0.123174,0.308372,0.109032,1.722008,0.024050,16.546000,0
15.140000,0.341723,0.093606,-0.090659,0.310660,0.108660,1.729750,0.034519,16.674500,0
15.160000,0.306819,0.096430,-0.147910,0.313625,0.108183,1.729749,0.013582,16.583900,0
15.180000,0.412279,0.078720,-0.261330,0.316589,0.107706,1.729746,0.099984,16.660700,0
15.200000,0.322385,0.091163,-0.231472,0.319554,0.107230,1.729740,0.016315,16.037800,0
15.220000,0.347917,0.083474,-0.228250,0.322518,0.106754,1.729736,0.034454,17.614300,0
15.240000,0.364833,0.088524,-0.201493,0.325482,0.106279,1.729732,0.043171,18.207800,0
15.260000,0.412334,0.089017,-0.226578,0.328446,0.105804,1.729729,0.085551,18.066600,0
15.280000,0.355792,0.087644,-0.232038,0.331409,0.105329,1.729726,0.030121,18.074000,0
15.300000,0.403047,0.074653,-0.207522,0.334372,0.104854,1.729724,0.075022,18.552300,0
15.320000,0.381316,0.085346,-0.219132,0.337335,0.104379,1.729722,0.047923,18.220400,0
15.340000,0.347455,0.083138,-0.237050,0.340297,0.103904,1.729721,0.021965,18.296200,0
15.360000,0.374128,0.084448,-0.194523,0.343260,0.103429,1.729720,0.036237,17.302000,0
15.380000,0.409076,0.088167,-0.117285,0.346223,0.102955,1.729719,0.064569,18.438200,0
15.400000,0.259036,0.098872,-0.111390,0.349185,0.102480,1.729719,0.090221,19.125500,0
15.420000,0.370463,0.084680,-0.089566,0.352147,0.102005,1.729719,0.025212,18.793900,0
15.440000,0.412470,0.082468,-0.188150,0.355110,0.101530,1.729718,0.060444,17.336200,0
15.460000,0.426774,0.070519,-0.257699,0.358072,0.101056,1.729718,0.075183,17.288800,0
15.480000,0.377717,0.089517,-0.195754,0.361035,0.100581,1.729718,0.020017,17.996300,0
15.500000,0.415697,0.078402,-0.245590,0.363997,0.100106,1.729718,0.056071,17.414900,0
15.520000,0.393815,0.086473,-0.208202,0.366959,0.099632,1.729718,0.029906,18.335700,0
15.540000,0.405233,0.084554,-0.177608,0.369921,0.099157,1.729718,0.038213,17.972700,0
15.560000,0.470037,0.078011,-0.261495,0.372884,0.098682,1.729718,0.099327,18.125400,0
15.580000,0.388065,0.076997,-0.247826,0.373615,0.098599,1.741794,0.025989,18.578600,0
15.600000,0.394212,0.093977,-0.251083,0.373786,0.098569,1.761792,0.020935,18.343000,0
15.620000,0.411755,0.081958,-0.286166,0.373785,0.098569,1.779808,0.041444,17.377300,0
15.640000,0.411155,0.076381,-0.311905,0.373781,0.098568,1.797801,0.043464,15.284600,0
15.660000,0.405052,0.080772,-0.336747,0.373777,0.098568,1.815809,0.035984,14.596400,0
15.680000,0.372701,0.089155,-0.278917,0.373772,0.098567,1.833825,0.009472,15.249400,0
15.700000,0.398031,0.082392,-0.237871,0.373768,0.098566,1.851846,0.029160,15.237300,0
15.720000,0.366012,0.099621,-0.254903,0.373763,0.098565,1.869868,0.007823,15.968200,0
15.740000,0.410224,0.083925,-0.272253,0.373758,0.098564,1.887891,0.039294,15.481600,0
15.760000,0.428087,0.080146,-0.444764,0.373754,0.098564,1.905912,0.057369,15.998300,0
15.780000,0.376566,0.097055,-0.413335,0.373750,0.098563,1.923932,0.003194,16.132500,0
15.800000,0.392663,0.090823,-0.323897,0.373746,0.098561,1.941950,0.020439,15.285700,0
15.820000,0.422285,0.078644,-0.393705,0.373743,0.098560,1.959966,0.052468,15.722900,0
15.840000,0.372699,0.089205,-0.378340,0.373739,0.098559,1.977980,0.009412,16.169500,0
15.860000,0.403489,0.085183,-0.367434,0.373736,0.098558,1.995992,0.032621,15.342800,0
15.880000,0.349947,0.099672,-0.348462,0.373733,0.098557,2.014002,0.023812,16.657000,0
15.900000,0.411131,0.092271,-0.365783,0.373730,0.098556,2.032010,0.037925,15.994700,0
15.920000,0.398374,0.087249,-0.446706,0.373727,0.098555,2.050016,0.027116,16.224700,0
15.940000,0.391578,0.094260,-0.508665,0.373724,0.098554,2.068021,0.018364,15.527900,0
15.960000,0.407221,0.090379,-0.496548,0.376099,0.097264,2.071408,0.031875,16.329600,0
15.980000,0.384168,0.104002,-0.434083,0.378734,0.095821,2.071405,0.009821,16.025900,0
16.000000,0.422360,0.083668,-0.580617,0.381369,0.094379,2.071400,0.042368,14.681300,0
16.020000,0.441879,0.072114,-0.559088,0.384003,0.092938,2.071392,0.061509,14.940600,0
16.040000,0.429818,0.081507,-0.566578,0.386637,0.091498,2.071386,0.044322,16.274900,0
16.060000,0.433405,0.071293,-0.438491,0.389271,0.090057,2.071381,0.047958,16.248200,0
16.080000,0.402535,0.082243,-0.432859,0.391904,0.088617,2.071377,0.012395,16.756000,0
16.100000,0.446533,0.081744,-0.443292,0.394537,0.087177,2.071374,0.052279,16.165100,0
16.120000,0.434509,0.072305,-0.555321,0.397170,0.085737,2.071371,0.039681,16.353900,0
16.140000,0.463730,0.057785,-0.567222,0.399803,0.084297,2.071369,0.069206,16.419400,0
16.160000,0.461186,0.057749,-0.574040,0.402435,0.082857,2.071368,0.063891,16.384600,0
16.180000,0.428844,0.082625,-0.460085,0.405068,0.081417,2.071367,0.023807,16.276100,0
16.200000,0.415330,0.077845,-0.541942,0.407700,0.079977,2.071366,0.007922,16.643200,0
16.220000,0.411084,0.090055,-0.477244,0.410332,0.078537,2.071365,0.011543,16.606300,0
16.240000,0.411690,0.088295,-0.434967,0.412964,0.077098,2.071365,0.011269,16.406400,0
16.260000,0.450624,0.071358,-0.447087,0.415596,0.075658,2.071365,0.035291,16.535100,0
16.280000,0.428198,0.078689,-0.461830,0.418229,0.074218,2.071364,0.010926,16.528900,0
16.300000,0.444054,0.069537,-0.549303,0.420861,0.072778,2.071364,0.023419,16.275600,0
16.320000,0.475188,0.043389,-0.587996,0.423493,0.071339,2.071364,0.058767,16.640500,0
16.340000,0.430182,0.066537,-0.512226,0.426125,0.069899,2.071364,0.005269,15.896100,0
16.360000,0.441873,0.062340,-0.494307,0.428757,0.068459,2.071364,0.014473,15.374300,0
16.380000,0.441389,0.072306,-0.411937,0.431389,0.067019,2.071364,0.011311,15.257300,0
16.400000,0.476245,0.044404,-0.486150,0.434021,0.065580,2.071364,0.047236,15.105200,0
16.420000,0.426924,0.074453,-0.507587,0.434395,0.065374,2.087830,0.011758,15.799600,0
16.440000,0.454791,0.058813,-0.519718,0.434439,0.065348,2.106444,0.021376,15.651400,0
16.460000,0.411376,0.096892,-0.478268,0.434436,0.065349,2.124433,0.039073,16.273300,0
16.480000,0.449632,0.070920,-0.503576,0.434432,0.065350,2.142428,0.016188,15.672300,0
16.500000,0.488186,0.043053,-0.578918,0.434429,0.065350,2.160427,0.058198,15.950500,0
16.520000,0.442908,0.066630,-0.650634,0.434425,0.065350,2.178429,0.008579,15.893100,0
16.540000,0.453880,0.076588,-0.558950,0.434422,0.065350,2.196432,0.022470,16.184000,0
16.560000,0.450117,0.067600,-0.628495,0.434419,0.065350,2.214435,0.015858,15.614900,0
16.580000,0.479204,0.056751,-0.588893,0.434416,0.065349,2.232438,0.045606,16.379500,0
16.600000,0.435106,0.099259,-0.690938,0.434413,0.065349,2.250440,0.033917,16.578900,0
16.620000,0.441253,0.080939,-0.569963,0.434410,0.065348,2.268442,0.017027,16.585200,0
16.640000,0.483066,0.045749,-0.729379,0.436549,0.063554,2.270830,0.049808,16.656800,0
16.660000,0.500381,0.027764,-0.787151,0.438846,0.061618,2.270825,0.070233,16.053700,0
16.680000,0.459728,0.076243,-0.673266,0.441143,0.059683,2.270820,0.024892,16.527100,0
16.700000,0.482117,0.046531,-0.790100,0.443439,0.057749,2.270815,0.040273,18.273000,0
16.720000,0.428731,0.095949,-0.639063,0.445735,0.055815,2.270810,0.043588,17.773000,0
16.740000,0.470102,0.051862,-0.641205,0.448031,0.053881,2.270806,0.022164,17.450100,0
16.760000,0.453037,0.058208,-0.653019,0.450327,0.051948,2.270804,0.006822,17.303400,0
16.780000,0.508105,0.039598,-0.759005,0.452622,0.050015,2.270801,0.056452,17.677100,0
16.800000,0.488449,0.044402,-0.651228,0.454918,0.048082,2.270800,0.033733,17.852300,0
16.820000,0.495013,0.033521,-0.768183,0.457213,0.046149,2.270799,0.039853,17.181300,0
16.840000,0.482291,0.040842,-0.668278,0.459508,0.044216,2.270798,0.023031,17.346500,0
16.860000,0.516649,0.018814,-0.642653,0.461803,0.042283,2.270797,0.059656,18.664200,0
16.880000,0.488356,0.027941,-0.784338,0.464098,0.040350,2.270797,0.027247,18.919100,0
16.900000,0.508193,0.023448,-0.757047,0.466393,0.038418,2.270796,0.044400,17.371900,0
16.920000,0.533883,0.000986,-0.761581,0.468687,0.036485,2.270796,0.074234,17.957700,0
16.940000,0.512981,0.023853,-0.774118,0.470982,0.034552,2.270796,0.043341,17.161800,0
16.960000,0.504070,0.024611,-0.657703,0.473277,0.032619,2.270795,0.031818,14.847800,0
16.980000,0.514497,0.019571,-0.654655,0.475571,0.030687,2.270795,0.040482,15.732800,0
17.000000,0.522166,0.017235,-0.787857,0.475839,0.030461,2.288335,0.048178,15.959900,0
17.020000,0.496515,0.050400,-0.603097,0.475853,0.030446,2.306599,0.028724,15.041400,0
17.040000,0.483105,0.047399,-0.677389,0.475850,0.030448,2.324587,0.018438,14.898900,0
17.060000,0.483117,0.043182,-0.748539,0.475847,0.030449,2.342578,0.014662,15.402300,0
17.080000,0.511764,0.033140,-0.776250,0.475844,0.030450,2.360572,0.036021,16.354200,0
17.100000,0.483419,0.037112,-0.761384,0.475841,0.030450,2.378569,0.010090,16.118900,0
17.120000,0.519083,0.011700,-0.899844,0.475838,0.030451,2.396566,0.047135,16.237900,0
17.140000,0.532906,0.008607,-0.962309,0.475835,0.030451,2.414564,0.061108,16.124000,0
17.160000,0.518790,0.020934,-0.781120,0.475833,0.030450,2.432562,0.043998,16.097600,0
17.180000,0.524560,0.019407,-0.981748,0.475830,0.030450,2.450559,0.049966,16.768800,0
17.200000,0.532332,0.030649,-0.964231,0.475828,0.030450,2.468555,0.056505,16.647000,0
17.220000,0.528082,0.010513,-1.047127,0.475825,0.030449,2.486550,0.055931,16.092900,0
17.240000,0.529444,0.001943,-0.972848,0.475823,0.030449,2.504545,0.060727,15.335500,0
17.260000,0.516753,0.027088,-1.006177,0.475820,0.030449,2.522538,0.041070,15.606300,0
17.280000,0.510840,0.033733,-0.896783,0.477558,0.028362,2.522659,0.033712,14.938000,0
17.300000,0.539532,-0.007436,-1.114080,0.479301,0.025915,2.522651,0.068848,16.611000,0
17.320000,0.512338,0.045048,-0.901637,0.481043,0.023469,2.522643,0.038013,15.807200,0
17.340000,0.514905,0.005674,-0.930372,0.482786,0.021023,2.522636,0.035598,16.801500,0
17.360000,0.540776,-0.007205,-1.029484,0.484528,0.018579,2.522630,0.061876,15.842800,0
17.380000,0.519627,0.047442,-0.982844,0.486270,0.016134,2.522626,0.045748,16.485000,0
17.400000,0.536570,-0.020247,-1.055004,0.488012,0.013690,2.522624,0.059242,16.176500,0
17.420000,0.548348,0.002053,-0.953329,0.489754,0.011246,2.522622,0.059311,16.746700,0
17.440000,0.535481,-0.010539,-0.918005,0.491495,0.008802,2.522620,0.048051,16.658200,0
17.460000,0.523376,0.029010,-0.936971,0.491552,0.008480,2.539562,0.037871,15.616100,0
17.480000,0.564222,-0.032303,-1.059391,0.491549,0.008483,2.557551,0.083336,16.075800,0
17.500000,0.540514,-0.001652,-1.007629,0.491547,0.008485,2.575538,0.050005,16.012800,0
17.520000,0.526917,0.026905,-0.964514,0.491544,0.008487,2.593528,0.039881,16.221600,0
17.540000,0.528796,0.004873,-1.137691,0.491542,0.008488,2.611520,0.037429,16.386400,0
17.560000,0.533331,0.024993,-1.020569,0.491539,0.008489,2.629513,0.044933,15.430000,0
17.580000,0.536875,0.014541,-1.011744,0.491537,0.008490,2.647507,0.045740,15.936600,0
17.600000,0.536757,0.011969,-1.134703,0.491535,0.008491,2.665500,0.045356,15.823700,0
17.620000,0.527823,0.043387,-1.042510,0.491532,0.008491,2.683493,0.050347,16.267900,0
17.640000,0.545572,0.002758,-1.182171,0.491530,0.008491,2.701486,0.054345,15.964000,0
17.660000,0.543287,-0.002387,-1.178381,0.491528,0.008491,2.719478,0.052889,16.240500,0
17.680000,0.538714,0.019186,-1.124562,0.491526,0.008491,2.737469,0.048385,16.657800,0
17.700000,0.524453,0.038367,-1.169421,0.491523,0.008491,2.755459,0.044463,16.770100,0
17.720000,0.531790,0.009878,-1.168221,0.491521,0.008491,2.773449,0.040293,16.060800,0
17.740000,0.544697,-0.000781,-1.311433,0.491519,0.008491,2.791437,0.053980,16.282700,0
17.760000,0.545803,-0.019087,-1.213760,0.491517,0.008491,2.809425,0.060889,17.013700,0
17.780000,0.520903,0.071876,-1.266517,0.492464,0.006247,2.810826,0.071526,14.830600,0
17.800000,0.538907,-0.019413,-1.344543,0.493440,0.003407,2.810825,0.050872,14.975700,0
17.820000,0.549859,-0.038029,-1.304037,0.494415,0.000566,2.810814,0.067554,15.763600,0
17.840000,0.548886,-0.018928,-1.311049,0.495391,-0.002274,2.810805,0.056028,16.379400,0
17.860000,0.546953,-0.019492,-1.226483,0.496367,-0.005114,2.810799,0.052589,15.096200,0
17.880000,0.538561,0.021986,-1.222422,0.497342,-0.007952,2.810795,0.050944,16.007300,0
17.900000,0.538254,0.002142,-1.198736,0.498317,-0.010791,2.810792,0.041979,15.087800,0
17.920000,0.533280,0.002583,-1.241027,0.499292,-0.013629,2.810790,0.037657,17.506400,0
17.940000,0.542425,0.004303,-1.221842,0.500268,-0.016468,2.810789,0.046996,17.203900,0
17.960000,0.533992,0.007322,-1.114635,0.501242,-0.019306,2.810788,0.042209,17.409100,0
17.980000,0.554650,-0.019121,-1.326305,0.502217,-0.022143,2.810788,0.052520,17.713600,0
18.000000,0.558780,-0.048701,-1.235651,0.503192,-0.024981,2.810787,0.060437,18.281500,0
18.020000,0.559206,-0.040662,-1.205899,0.504167,-0.027819,2.810786,0.056517,18.392500,0
18.040000,0.541370,-0.001799,-1.195039,0.505141,-0.030656,2.810786,0.046317,17.671600,0
18.060000,0.551138,-0.047875,-1.223573,0.506116,-0.033494,2.810785,0.047264,17.400000,0
18.080000,0.532769,-0.010996,-1.271798,0.507091,-0.036331,2.810785,0.036073,18.182500,0
18.100000,0.554059,-0.039330,-1.200510,0.508065,-0.039169,2.810785,0.045995,17.623600,0
18.120000,0.568771,-0.077929,-1.321949,0.509040,-0.042006,2.810785,0.069701,15.142100,0
18.140000,0.555796,-0.033529,-1.328615,0.510014,-0.044844,2.810785,0.047159,15.651200,0
18.160000,0.569023,-0.076502,-1.285093,0.510070,-0.045354,2.826752,0.066676,15.761600,0
18.180000,0.544298,0.010791,-1.206202,0.510043,-0.045457,2.845994,0.065857,15.173100,0
18.200000,0.557317,-0.044466,-1.273008,0.510041,-0.045453,2.863981,0.047287,15.531000,0
18.220000,0.559301,-0.041384,-1.388338,0.510039,-0.045451,2.881970,0.049429,15.728700,0
18.240000,0.558154,-0.066433,-1.300690,0.510037,-0.045449,2.899960,0.052493,16.449600,0
18.260000,0.550845,-0.034369,-1.354523,0.510035,-0.045448,2.917951,0.042287,16.062500,0
18.280000,0.552195,-0.008299,-1.356202,0.510033,-0.045446,2.935942,0.056192,15.848600,0
18.300000,0.556635,-0.030600,-1.338357,0.510031,-0.045445,2.953933,0.048911,15.582300,0
18.320000,0.561977,-0.034982,-1.457215,0.510029,-0.045445,2.971923,0.052991,16.265700,0
18.340000,0.563357,-0.062860,-1.498923,0.510027,-0.045444,2.989913,0.056102,16.314400,0
18.360000,0.571680,-0.107185,-1.490696,0.510397,-0.047736,2.997614,0.085380,16.592900,0
18.380000,0.569791,-0.042403,-1.517988,0.510827,-0.050708,2.997612,0.059546,16.666300,0
18.400000,0.571272,-0.073872,-1.489367,0.511256,-0.053681,2.997603,0.063322,15.803300,0
18.420000,0.554163,-0.059528,-1.376043,0.511686,-0.056653,2.997596,0.042574,16.769800,0
18.440000,0.559879,-0.017782,-1.411285,0.512116,-0.059624,2.997592,0.063498,16.639700,0
18.460000,0.559970,-0.049690,-1.380228,0.512547,-0.062595,2.997588,0.049148,16.405000,0
18.480000,0.578616,-0.088399,-1.510574,0.512977,-0.065565,2.997585,0.069497,16.688600,0
18.500000,0.565285,-0.061160,-1.377460,0.513408,-0.068535,2.997584,0.052399,16.880400,0
18.520000,0.569960,-0.010666,-1.380505,0.513839,-0.071505,2.997583,0.082770,16.709900,0
18.540000,0.563079,-0.019002,-1.460998,0.513872,-0.072218,3.009962,0.072479,17.282400,0
18.560000,0.558453,-0.074249,-1.463589,0.513846,-0.072391,3.029964,0.044646,16.710900,0
18.580000,0.563362,-0.001358,-1.529568,0.513845,-0.072389,3.047967,0.086587,16.426100,0
18.600000,0.563112,-0.062205,-1.512377,0.513844,-0.072386,3.065954,0.050309,16.638700,0
18.620000,0.567897,-0.018874,-1.414773,0.513842,-0.072384,3.083943,0.076061,16.017400,0
18.640000,0.570010,-0.054441,-1.572329,0.513841,-0.072382,3.101931,0.058965,16.307200,0
18.660000,0.577211,-0.151562,-1.659553,0.513841,-0.072381,3.119920,0.101417,16.981700,0
18.680000,0.571137,-0.054751,-1.558444,0.513840,-0.072379,3.137909,0.059948,16.686600,0
18.700000,0.570253,-0.053343,-1.655748,0.513839,-0.072378,-3.127289,0.059539,15.764100,0
18.720000,0.567442,-0.069612,-1.680172,0.513838,-0.072378,-3.109302,0.053675,15.327800,0
18.740000,0.566074,-0.122877,-1.677019,0.513761,-0.074529,-3.099745,0.071234,14.887700,0
18.760000,0.577662,-0.041178,-1.681648,0.513633,-0.077530,-3.099748,0.073628,15.450600,0
18.780000,0.562654,-0.111131,-1.716547,0.513505,-0.080531,-3.099758,0.057896,15.896000,0
18.800000,0.571294,-0.124707,-1.610267,0.513379,-0.083531,-3.099764,0.071061,15.394100,0
18.820000,0.567929,-0.118295,-1.642433,0.513252,-0.086530,-3.099769,0.063235,15.761600,0
18.840000,0.565929,-0.024435,-1.658830,0.513126,-0.089530,-3.099773,0.083818,16.698500,0
18.860000,0.572094,-0.075736,-1.562460,0.513000,-0.092528,-3.099777,0.061434,15.932500,0
18.880000,0.572892,-0.101219,-1.719332,0.512875,-0.095527,-3.099780,0.060286,15.618800,0
18.900000,0.573454,-0.119721,-1.659861,0.512749,-0.098525,-3.099782,0.064299,16.337300,0
18.920000,0.569835,-0.035448,-1.578454,0.512623,-0.101523,-3.099784,0.087403,17.419100,0
18.940000,0.574959,-0.091030,-1.595182,0.512498,-0.104521,-3.099785,0.063902,16.762800,0
18.960000,0.575638,-0.073276,-1.570722,0.512372,-0.107519,-3.099786,0.071939,17.777400,0
18.980000,0.562970,-0.103845,-1.595965,0.512247,-0.110516,-3.099787,0.051160,17.662400,0
19.000000,0.576525,-0.156657,-1.782166,0.512121,-0.113514,-3.099788,0.077519,17.258600,0
19.020000,0.558925,-0.131176,-1.617877,0.511996,-0.116512,-3.099788,0.049166,18.295700,0
19.040000,0.571384,-0.118984,-1.732155,0.511871,-0.119509,-3.099788,0.059515,18.191100,0
19.060000,0.563961,-0.163843,-1.704115,0.511745,-0.122507,-3.099789,0.066597,17.854300,0
19.080000,0.571050,-0.125286,-1.706750,0.511620,-0.125504,-3.099789,0.059431,18.180200,0
19.100000,0.566459,-0.158552,-1.533659,0.511495,-0.128502,-3.099789,0.062642,18.218200,0
19.120000,0.567315,-0.155023,-1.701115,0.511369,-0.131499,-3.099789,0.060690,17.798100,0
19.140000,0.559109,-0.164018,-1.648037,0.511244,-0.134497,-3.099789,0.056237,16.654900,0
19.160000,0.566144,-0.051096,-1.542867,0.511119,-0.137494,-3.099789,0.102433,17.570300,0
19.180000,0.560647,-0.141454,-1.583941,0.510993,-0.140492,-3.099789,0.049663,18.148300,0
19.200000,0.571698,-0.145303,-1.682182,0.510868,-0.143489,-3.099789,0.060857,17.219600,0
19.220000,0.572038,-0.173534,-1.666448,0.510743,-0.146486,-3.099789,0.066998,18.108500,0
19.240000,0.562115,-0.159156,-1.710712,0.510617,-0.149484,-3.099789,0.052398,17.392900,0
19.260000,0.565371,-0.161326,-1.584885,0.510492,-0.152481,-3.099789,0.055587,17.572100,0
19.280000,0.563998,-0.119745,-1.684469,0.510367,-0.155479,-3.099789,0.064445,18.726100,0
19.300000,0.556826,-0.215545,-1.638213,0.510241,-0.158476,-3.099789,0.073668,18.134800,0
19.320000,0.563173,-0.226661,-1.658191,0.510116,-0.161473,-3.099789,0.084051,17.481400,0
19.340000,0.570919,-0.143442,-1.621192,0.509991,-0.164471,-3.099789,0.064455,15.020300,0
19.360000,0.566664,-0.130115,-1.578358,0.509865,-0.167468,-3.099789,0.067981,14.873600,0
19.380000,0.573466,-0.119631,-1.608606,0.509836,-0.168359,-3.089823,0.080145,15.038400,0
19.400000,0.566840,-0.106073,-1.644548,0.509826,-0.168532,-3.069826,0.084568,14.578300,0
19.420000,0.561620,-0.189448,-1.593690,0.509825,-0.168538,-3.051727,0.055857,14.863100,0
19.440000,0.574221,-0.124330,-1.603095,0.509825,-0.168535,-3.033739,0.078109,15.629100,0
19.460000,0.570776,-0.135355,-1.745328,0.509824,-0.168532,-3.015749,0.069396,15.021500,0
19.480000,0.565407,-0.204234,-1.808931,0.509517,-0.170798,-3.007673,0.065128,16.877300,0
19.500000,0.569180,-0.174301,-1.642710,0.509114,-0.173773,-3.007674,0.060068,14.723200,0
19.520000,0.577056,-0.139622,-1.685603,0.508711,-0.176748,-3.007676,0.077778,15.593800,0
19.540000,0.566664,-0.214005,-1.751624,0.508309,-0.179723,-3.007678,0.067679,17.610000,0
19.560000,0.561890,-0.183775,-1.765034,0.507907,-0.182697,-3.007680,0.053994,18.110200,0
19.580000,0.559281,-0.218275,-1.771269,0.507506,-0.185672,-3.007682,0.061185,17.626700,0
19.600000,0.565718,-0.194780,-1.782982,0.507105,-0.188646,-3.007684,0.058933,17.986900,0
19.620000,0.555516,-0.221855,-1.752975,0.506704,-0.191620,-3.007685,0.057417,19.116700,0
19.640000,0.542050,-0.147732,-1.726173,0.506303,-0.194594,-3.007686,0.058940,18.098000,0
19.660000,0.564687,-0.154946,-1.645303,0.505902,-0.197567,-3.007686,0.072610,17.907300,0
19.680000,0.555031,-0.260611,-1.758528,0.505502,-0.200541,-3.007687,0.077856,17.885900,0
19.700000,0.563340,-0.211977,-1.786758,0.505101,-0.203514,-3.007687,0.058851,17.882800,0
19.720000,0.553094,-0.225511,-1.761021,0.504701,-0.206488,-3.007688,0.051998,18.137600,0
19.740000,0.558243,-0.229032,-1.827827,0.504300,-0.209461,-3.007688,0.057384,15.248700,0
19.760000,0.566743,-0.162191,-1.651224,0.503900,-0.212434,-3.007688,0.080458,15.562000,0
19.780000,0.556344,-0.266289,-1.729311,0.503499,-0.215408,-3.007688,0.073358,15.254100,0
19.800000,0.555213,-0.246957,-1.793968,0.503099,-0.218381,-3.007688,0.059434,14.969000,0
19.820000,0.564706,-0.179905,-1.809692,0.502698,-0.221354,-3.007689,0.074586,15.220200,0
19.840000,0.547314,-0.272110,-1.791068,0.502298,-0.224327,-3.007689,0.065648,15.278300,0
19.860000,0.567947,-0.188186,-1.721317,0.501897,-0.227300,-3.007689,0.076762,14.358000,0
19.880000,0.572952,-0.171411,-1.657860,0.501497,-0.230274,-3.007689,0.092578,14.621100,0
19.900000,0.557213,-0.223858,-1.658484,0.501096,-0.233247,-3.007689,0.056897,15.422000,0
19.920000,0.563334,-0.184516,-1.698167,0.500696,-0.236220,-3.007689,0.081221,14.025000,0
19.940000,0.556477,-0.236443,-1.650250,0.500295,-0.239193,-3.007689,0.056250,14.686400,0
19.960000,0.564221,-0.175327,-1.725664,0.500220,-0.239956,-2.996014,0.090956,14.975900,0
19.980000,0.556648,-0.275589,-1.740372,0.500195,-0.240127,-2.976016,0.066667,15.323500,0
20.000000,0.554137,-0.274050,-1.816782,0.500194,-0.240127,-2.957988,0.063723,15.287900,0
20.020000,0.573440,-0.163310,-1.799010,0.500194,-0.240123,-2.939993,0.106138,15.021100,0
20.040000,0.570919,-0.209332,-1.733853,0.500193,-0.240119,-2.921981,0.077136,15.156400,0
20.060000,0.583110,-0.174507,-1.787127,0.500192,-0.240114,-2.903960,0.105734,15.289100,0
20.080000,0.566399,-0.241599,-1.816820,0.500191,-0.240109,-2.885935,0.066224,15.179900,0
20.100000,0.563471,-0.206054,-1.943056,0.500191,-0.240104,-2.867908,0.071859,16.162900,0
20.120000,0.558101,-0.249699,-1.928831,0.500190,-0.240099,-2.849882,0.058701,15.600000,0
20.140000,0.536124,-0.254012,-1.858438,0.499441,-0.242491,-2.844195,0.038449,16.479300,0
20.160000,0.530392,-0.299362,-2.008710,0.498559,-0.245362,-2.844192,0.062684,15.518600,0
20.180000,0.550462,-0.262495,-1.946900,0.497679,-0.248233,-2.844195,0.054676,15.919900,0
20.200000,0.548525,-0.261139,-1.932346,0.496798,-0.251103,-2.844199,0.052691,15.990000,0
20.220000,0.555803,-0.250450,-1.979285,0.495918,-0.253973,-2.844203,0.059988,17.001100,0
20.240000,0.540438,-0.275162,-1.841392,0.495038,-0.256843,-2.844206,0.048956,16.321800,0
20.260000,0.556499,-0.237273,-1.803841,0.494159,-0.259713,-2.844209,0.066256,16.797300,0
20.280000,0.571330,-0.223767,-1.834454,0.493279,-0.262582,-2.844211,0.087170,16.002600,0
20.300000,0.553665,-0.278632,-1.839302,0.492400,-0.265451,-2.844213,0.062667,16.057100,0
20.320000,0.558943,-0.242032,-1.814454,0.491521,-0.268320,-2.844214,0.072365,15.617800,0
20.340000,0.565376,-0.215447,-1.847165,0.490642,-0.271189,-2.844216,0.093232,16.503500,0
20.360000,0.560310,-0.236884,-1.819864,0.489763,-0.274057,-2.844216,0.079742,16.420500,0
20.380000,0.551298,-0.240020,-1.880845,0.488884,-0.276926,-2.844217,0.072509,16.072800,0
20.400000,0.564539,-0.207028,-1.759246,0.488005,-0.279795,-2.844217,0.105605,16.849300,0
20.420000,0.550988,-0.278034,-1.854835,0.487126,-0.282663,-2.844218,0.064030,16.246600,0
20.440000,0.551592,-0.250808,-1.902965,0.486247,-0.285532,-2.844218,0.073999,16.383200,0
20.460000,0.544680,-0.293363,-1.934223,0.485368,-0.288400,-2.844218,0.059520,16.466000,0
20.480000,0.540029,-0.310974,-1.846875,0.484489,-0.291269,-2.844218,0.058932,16.249800,0
20.500000,0.541457,-0.281021,-1.917521,0.483610,-0.294137,-2.844218,0.059315,16.298100,0
20.520000,0.532243,-0.323656,-1.944970,0.482731,-0.297006,-2.844218,0.056228,15.929600,0
20.540000,0.557030,-0.251690,-1.812842,0.481852,-0.299874,-2.844218,0.089294,15.301000,0
20.560000,0.544658,-0.285097,-1.824527,0.480973,-0.302742,-2.844218,0.066084,15.538300,0
20.580000,0.550149,-0.291106,-1.933643,0.480094,-0.305611,-2.844218,0.071540,17.189500,0
20.600000,0.549528,-0.276431,-1.924630,0.479215,-0.308479,-2.844218,0.077272,17.637800,0
20.620000,0.537304,-0.329039,-1.968798,0.478336,-0.311347,-2.844218,0.061565,16.538000,0
20.640000,0.550556,-0.271905,-1.858146,0.477456,-0.314216,-2.844218,0.084461,15.094800,0
20.660000,0.534768,-0.330243,-1.878421,0.476577,-0.317084,-2.844218,0.059660,15.280900,0
20.680000,0.554529,-0.240513,-1.796029,0.475698,-0.319952,-2.844218,0.111914,16.279800,0
20.700000,0.541455,-0.293280,-1.805440,0.474819,-0.322821,-2.844218,0.072890,15.463200,0
20.720000,0.542528,-0.257886,-1.835339,0.473940,-0.325689,-2.844218,0.096445,14.834900,0
20.740000,0.545810,-0.269630,-1.843051,0.473061,-0.328557,-2.844218,0.093621,15.112900,0
20.760000,0.541500,-0.315894,-1.846447,0.472182,-0.331426,-2.844218,0.071037,15.779400,0
20.780000,0.543657,-0.294009,-1.828195,0.471303,-0.334294,-2.844218,0.082813,16.194900,0
20.800000,0.535193,-0.326352,-1.840435,0.470424,-0.337162,-2.844218,0.065665,15.591500,0
20.820000,0.523411,-0.343543,-1.975517,0.469545,-0.340031,-2.844218,0.053980,16.593000,0
20.840000,0.543043,-0.317873,-1.896513,0.468666,-0.342899,-2.844218,0.078474,17.120900,0
20.860000,0.526985,-0.349068,-1.952016,0.467787,-0.345767,-2.844218,0.059290,16.298100,0
20.880000,0.542500,-0.296761,-1.784614,0.466908,-0.348636,-2.844218,0.091680,16.548700,0
20.900000,0.522552,-0.387630,-1.929790,0.466029,-0.351504,-2.844218,0.067081,16.352200,0
20.920000,0.519237,-0.314821,-1.900713,0.465150,-0.354372,-2.844218,0.067005,16.947100,0
20.940000,0.531236,-0.374875,-1.952638,0.464271,-0.357241,-2.844218,0.069248,16.315500,0
20.960000,0.529853,-0.348847,-1.827359,0.463392,-0.360109,-2.844218,0.067408,16.935300,0
20.980000,0.516344,-0.352442,-1.905893,0.462513,-0.362977,-2.844218,0.054852,17.591100,0
21.000000,0.503034,-0.385746,-2.026541,0.461634,-0.365846,-2.844218,0.045934,17.332900,0
21.020000,0.518186,-0.371292,-1.913788,0.460755,-0.368714,-2.844218,0.057489,17.130300,0
21.040000,0.521364,-0.371323,-1.863290,0.459876,-0.371582,-2.844218,0.061489,17.346400,0
21.060000,0.494495,-0.416297,-2.067586,0.458997,-0.374451,-2.844218,0.054875,17.064200,0
21.080000,0.506064,-0.390552,-1.939179,0.458118,-0.377319,-2.844218,0.049739,17.530900,0
21.100000,0.506454,-0.376741,-1.869895,0.457239,-0.380187,-2.844218,0.049335,16.517800,0
21.120000,0.527420,-0.347122,-1.757542,0.456360,-0.383056,-2.844218,0.079629,17.302600,0
21.140000,0.526397,-0.338295,-1.843883,0.455481,-0.385924,-2.844218,0.085426,16.250400,0
21.160000,0.527878,-0.333560,-1.781206,0.454602,-0.388792,-2.844218,0.091760,17.605100,0
21.180000,0.511592,-0.399157,-1.821719,0.453723,-0.391661,-2.844218,0.058353,16.643400,0
21.200000,0.487651,-0.490298,-2.011494,0.452844,-0.394529,-2.844218,0.101898,16.620900,0
21.220000,0.508841,-0.391121,-1.938183,0.451965,-0.397397,-2.844218,0.057221,16.286400,0
21.240000,0.495624,-0.424999,-1.935094,0.451086,-0.400266,-2.844218,0.050945,16.497300,0
21.260000,0.522151,-0.372553,-1.826052,0.450207,-0.403134,-2.844218,0.078174,16.867600,0
21.280000,0.514029,-0.372844,-1.780308,0.449327,-0.406002,-2.844218,0.072704,16.802500,0
21.300000,0.522262,-0.345144,-1.796575,0.448448,-0.408871,-2.844218,0.097517,17.093100,0
21.320000,0.497074,-0.404527,-1.802562,0.447569,-0.411739,-2.844218,0.050027,16.755600,0
21.340000,0.509182,-0.399229,-1.916471,0.446690,-0.414607,-2.844218,0.064357,16.752700,0
21.360000,0.491290,-0.425446,-1.896004,0.445811,-0.417476,-2.844218,0.046172,16.904500,0
21.380000,0.517865,-0.330339,-1.774074,0.444932,-0.420344,-2.844218,0.115845,16.621500,0
21.400000,0.510243,-0.395349,-1.816221,0.444053,-0.423212,-2.844218,0.071816,17.179700,0
21.420000,0.501416,-0.409693,-1.923785,0.443174,-0.426081,-2.844218,0.060504,16.946600,0
21.440000,0.505600,-0.425885,-1.936842,0.443066,-0.426669,-2.830387,0.062539,16.288900,0
21.460000,0.515583,-0.380688,-1.835970,0.443026,-0.426791,-2.810903,0.085965,15.878300,0
21.480000,0.504588,-0.400922,-1.919847,0.443027,-0.426789,-2.792893,0.066774,15.237300,0
21.500000,0.510036,-0.420644,-1.976473,0.443027,-0.426784,-2.774886,0.067290,16.423200,0
21.520000,0.486137,-0.455027,-2.145931,0.443026,-0.426779,-2.756874,0.051541,17.226000,0
21.540000,0.467083,-0.461190,-2.098100,0.443026,-0.426775,-2.738859,0.041989,15.954800,0
21.560000,0.502977,-0.400379,-1.957979,0.443025,-0.426770,-2.720844,0.065504,16.405700,0
21.580000,0.491157,-0.436658,-2.046576,0.441945,-0.429181,-2.716779,0.049777,16.191100,0
21.600000,0.521361,-0.386626,-1.906736,0.440706,-0.431917,-2.716777,0.092502,14.927400,0
21.620000,0.495807,-0.445692,-1.951885,0.439468,-0.434653,-2.716779,0.057410,16.222500,0
21.640000,0.510229,-0.370908,-2.024151,0.438230,-0.437388,-2.716783,0.097997,16.062400,0
21.660000,0.488722,-0.453634,-2.090940,0.436993,-0.440123,-2.716786,0.053464,15.692900,0
21.680000,0.477874,-0.455857,-2.074193,0.435755,-0.442857,-2.716788,0.044080,15.381600,0
21.700000,0.490047,-0.465789,-2.119331,0.434519,-0.445592,-2.716790,0.059088,16.717600,0
21.720000,0.490711,-0.456798,-1.996351,0.433282,-0.448326,-2.716791,0.058050,16.325000,0
21.740000,0.493545,-0.416522,-2.127301,0.432045,-0.451060,-2.716793,0.070535,15.778600,0
21.760000,0.481692,-0.466940,-2.080373,0.430808,-0.453794,-2.716794,0.052555,14.988700,0
21.780000,0.495040,-0.444495,-1.958157,0.429572,-0.456528,-2.716794,0.066565,15.562100,0
21.800000,0.482826,-0.465047,-2.087885,0.428335,-0.459261,-2.716795,0.054797,16.944700,0
21.820000,0.460329,-0.519854,-2.133039,0.428138,-0.459697,-2.701032,0.068228,17.068600,0
21.840000,0.493236,-0.453413,-2.071888,0.428105,-0.459765,-2.682142,0.065440,17.213500,0
21.860000,0.503462,-0.423522,-1.951321,0.428106,-0.459761,-2.664151,0.083617,18.187400,0
21.880000,0.486383,-0.460630,-2.157536,0.428106,-0.459758,-2.646156,0.058284,17.233800,0
21.900000,0.489033,-0.465583,-2.101686,0.428107,-0.459754,-2.628156,0.061204,17.554700,0
21.920000,0.489880,-0.447618,-1.997729,0.428106,-0.459751,-2.610153,0.062954,15.659300,0
21.940000,0.482308,-0.435849,-2.207356,0.428106,-0.459747,-2.592149,0.059237,15.482400,0
21.960000,0.482924,-0.467282,-2.231723,0.428106,-0.459744,-2.574143,0.055334,15.181800,0
21.980000,0.497909,-0.454183,-2.239637,0.428105,-0.459741,-2.556138,0.070025,14.836900,0
22.000000,0.490051,-0.462801,-2.248631,0.428105,-0.459738,-2.538134,0.062021,14.809300,0
22.020000,0.483785,-0.459352,-2.264104,0.428104,-0.459735,-2.520130,0.055683,15.284700,0
22.040000,0.499437,-0.437261,-2.155216,0.428103,-0.459732,-2.502128,0.074790,14.348600,0
22.060000,0.514924,-0.424125,-2.201301,0.428103,-0.459729,-2.484126,0.093838,15.390400,0
22.080000,0.486899,-0.467374,-2.227720,0.428102,-0.459727,-2.466126,0.059292,15.636700,0
22.100000,0.509452,-0.441473,-2.238064,0.428101,-0.459724,-2.448127,0.083373,14.491500,0
22.120000,0.482698,-0.482979,-2.326883,0.428100,-0.459722,-2.430129,0.059345,15.901000,0
22.140000,0.459454,-0.491583,-2.290531,0.428099,-0.459720,-2.412132,0.044704,16.593600,0
22.160000,0.514016,-0.422882,-2.241196,0.428099,-0.459717,-2.394136,0.093480,15.631700,0
22.180000,0.474950,-0.485751,-2.451533,0.428098,-0.459715,-2.376141,0.053600,15.969400,0
22.200000,0.506192,-0.461295,-2.466799,0.428097,-0.459713,-2.358147,0.078111,16.045100,0
22.220000,0.494130,-0.470842,-2.453375,0.428096,-0.459711,-2.340154,0.066965,16.309500,0
22.240000,0.527418,-0.430508,-2.298827,0.428095,-0.459709,-2.322161,0.103527,16.397100,0
22.260000,0.496889,-0.463730,-2.480808,0.428094,-0.459707,-2.304169,0.068912,16.656600,0
22.280000,0.463566,-0.488231,-2.496746,0.428094,-0.459705,-2.286177,0.045519,15.647100,0
22.300000,0.489811,-0.474163,-2.540214,0.428093,-0.459703,-2.268186,0.063389,16.594600,0
22.320000,0.456728,-0.491389,-2.546182,0.428092,-0.459701,-2.250195,0.042710,16.521800,0
22.340000,0.511933,-0.445899,-2.541607,0.426020,-0.461545,-2.249426,0.087326,16.057500,0
22.360000,0.482957,-0.476823,-2.527269,0.423681,-0.463431,-2.249433,0.060770,17.206100,0
22.380000,0.491338,-0.467106,-2.420600,0.421343,-0.465317,-2.249443,0.070017,16.393200,0
22.400000,0.480653,-0.465682,-2.545475,0.419006,-0.467202,-2.249451,0.061666,16.204300,0
22.420000,0.499294,-0.460437,-2.522186,0.416669,-0.469087,-2.249458,0.083077,15.656000,0
22.440000,0.466699,-0.492104,-2.454282,0.414333,-0.470972,-2.249462,0.056469,16.234000,0
22.460000,0.478636,-0.482880,-2.556385,0.411997,-0.472857,-2.249465,0.067389,15.653100,0
22.480000,0.477368,-0.461508,-2.420462,0.409661,-0.474741,-2.249468,0.068988,15.916200,0
22.500000,0.491662,-0.486181,-2.376983,0.407325,-0.476625,-2.249469,0.084877,16.260200,0
22.520000,0.480291,-0.478428,-2.542451,0.404990,-0.478509,-2.249471,0.075302,16.886400,0
22.540000,0.480360,-0.464164,-2.406136,0.402654,-0.480393,-2.249471,0.079382,16.435700,0
22.560000,0.463113,-0.500021,-2.521915,0.400319,-0.482277,-2.249472,0.065253,16.207700,0
22.580000,0.436366,-0.510266,-2.554139,0.397983,-0.484161,-2.249473,0.046419,16.304900,0
22.600000,0.451591,-0.483675,-2.569654,0.395648,-0.486044,-2.249473,0.055993,16.323000,0
22.620000,0.470926,-0.478745,-2.366723,0.393313,-0.487928,-2.249474,0.078155,16.323300,0
22.640000,0.465613,-0.482714,-2.552831,0.390977,-0.489811,-2.249474,0.074973,15.964600,0
22.660000,0.442299,-0.498768,-2.475866,0.388642,-0.491695,-2.249475,0.054121,16.558400,0
22.680000,0.406396,-0.532010,-2.617679,0.386307,-0.493578,-2.249475,0.043365,17.080300,0
22.700000,0.467864,-0.481581,-2.429853,0.383972,-0.495462,-2.249475,0.085032,16.793900,0
22.720000,0.449093,-0.496473,-2.422106,0.381636,-0.497345,-2.249475,0.067463,16.291800,0
22.740000,0.452428,-0.490575,-2.536149,0.379301,-0.499228,-2.249475,0.073638,15.669200,0
22.760000,0.439424,-0.520779,-2.516959,0.376966,-0.501112,-2.249475,0.065482,15.736500,0
22.780000,0.426807,-0.518400,-2.559979,0.374631,-0.502995,-2.249475,0.054402,15.659900,0
22.800000,0.426663,-0.511694,-2.407566,0.372295,-0.504878,-2.249475,0.054793,17.730500,0
22.820000,0.417500,-0.522977,-2.603090,0.369960,-0.506762,-2.249475,0.050229,17.908000,0
22.840000,0.427708,-0.508754,-2.445137,0.367625,-0.508645,-2.249475,0.060083,17.808800,0
22.860000,0.447808,-0.505909,-2.419986,0.365290,-0.510528,-2.249475,0.082647,17.228200,0
22.880000,0.449755,-0.503812,-2.536070,0.362955,-0.512412,-2.249475,0.087225,17.401200,0
22.900000,0.431886,-0.517870,-2.552909,0.362675,-0.512612,-2.232048,0.069411,17.265300,0
22.920000,0.478502,-0.489467,-2.439191,0.362667,-0.512616,-2.213917,0.118125,17.815800,0
22.940000,0.416455,-0.526524,-2.614821,0.362670,-0.512613,-2.195929,0.055555,16.896800,0
22.960000,0.382742,-0.542294,-2.645408,0.362671,-0.512610,-2.177937,0.035833,15.404700,0
22.980000,0.403277,-0.536460,-2.601272,0.362673,-0.512607,-2.159943,0.047092,14.923000,0
23.000000,0.439424,-0.517124,-2.475366,0.362673,-0.512605,-2.141948,0.076884,14.906500,0
23.020000,0.438083,-0.518565,-2.676348,0.362674,-0.512602,-2.123952,0.075645,15.266200,0
23.040000,0.399192,-0.540866,-2.711985,0.362674,-0.512599,-2.105957,0.046180,14.990300,0
23.060000,0.399263,-0.527689,-2.705265,0.362675,-0.512597,-2.087962,0.039578,15.858100,0
23.080000,0.410675,-0.531802,-2.704440,0.362675,-0.512594,-2.069968,0.051701,15.730300,0
23.100000,0.369348,-0.533884,-2.721480,0.362675,-0.512592,-2.051975,0.022313,15.716900,0
23.120000,0.441104,-0.518723,-2.592740,0.362674,-0.512589,-2.033983,0.078670,15.537400,0
23.140000,0.411789,-0.535268,-2.809662,0.362674,-0.512587,-2.015991,0.054099,16.913000,0
23.160000,0.461553,-0.516561,-2.700612,0.362674,-0.512585,-1.998000,0.098959,15.997800,0
23.180000,0.456029,-0.501633,-2.744319,0.360494,-0.513827,-1.997921,0.096310,16.752000,0
23.200000,0.404519,-0.530654,-2.792534,0.357761,-0.515072,-1.997926,0.049286,15.599000,0
23.220000,0.445871,-0.518301,-2.654850,0.355027,-0.516316,-1.997936,0.090866,16.280000,0
23.240000,0.400356,-0.533860,-2.823916,0.352294,-0.517561,-1.997944,0.050751,16.203500,0
23.260000,0.435860,-0.526338,-2.667161,0.349562,-0.518805,-1.997949,0.086626,16.376400,0
23.280000,0.427409,-0.527588,-2.662020,0.346830,-0.520049,-1.997953,0.080931,15.566100,0
23.300000,0.401585,-0.542328,-2.790407,0.344099,-0.521293,-1.997956,0.061213,16.119900,0
23.320000,0.346175,-0.549290,-2.773749,0.341367,-0.522537,-1.997957,0.027181,17.025600,0
23.340000,0.365166,-0.545534,-2.801350,0.338636,-0.523780,-1.997958,0.034309,16.498700,0
23.360000,0.423920,-0.523736,-2.679290,0.335905,-0.525024,-1.997959,0.088025,16.493200,0
23.380000,0.393271,-0.538327,-2.773735,0.333174,-0.526267,-1.997960,0.061295,16.568900,0
23.400000,0.365164,-0.552937,-2.734342,0.330443,-0.527510,-1.997960,0.043036,15.983600,0
23.420000,0.428621,-0.529263,-2.773657,0.327713,-0.528753,-1.997961,0.100910,17.706300,0
23.440000,0.411685,-0.542002,-2.719670,0.324982,-0.529997,-1.997961,0.087531,16.264000,0
23.460000,0.385052,-0.550785,-2.853749,0.322252,-0.531240,-1.997962,0.065771,15.657300,0
23.480000,0.422827,-0.527494,-2.594682,0.319521,-0.532483,-1.997962,0.103427,15.577600,0
23.500000,0.391740,-0.545875,-2.683904,0.316791,-0.533726,-1.997962,0.075927,16.112700,0
23.520000,0.416261,-0.527589,-2.788330,0.314060,-0.534969,-1.997962,0.102467,16.877900,0
23.540000,0.332186,-0.556221,-2.842575,0.313588,-0.534974,-1.980198,0.028237,16.803300,0
23.560000,0.389184,-0.530110,-2.787728,0.313523,-0.534968,-1.961369,0.075817,16.772200,0
23.580000,0.370247,-0.551859,-2.791583,0.313525,-0.534966,-1.943381,0.059184,16.786700,0
23.600000,0.425355,-0.539305,-2.765311,0.313528,-0.534963,-1.925392,0.111911,17.364900,0
23.620000,0.393479,-0.535769,-2.734931,0.313529,-0.534961,-1.907402,0.079954,14.642000,0
23.640000,0.420795,-0.537663,-2.847203,0.313531,-0.534959,-1.889410,0.107298,15.127700,0
23.660000,0.409442,-0.541739,-2.917391,0.313531,-0.534957,-1.871419,0.096150,14.665400,0
23.680000,0.308496,-0.555419,-2.900144,0.313532,-0.534955,-1.853427,0.021074,14.870900,0
23.700000,0.299787,-0.568399,-3.022892,0.313533,-0.534953,-1.835436,0.036160,15.097200,0
23.720000,0.352027,-0.558810,-2.949877,0.313533,-0.534951,-1.817446,0.045289,14.748500,0
23.740000,0.436066,-0.543080,-2.860382,0.313533,-0.534949,-1.799456,0.122802,15.451200,0
23.760000,0.368343,-0.559264,-2.823700,0.313534,-0.534947,-1.781468,0.059961,15.789400,0
23.780000,0.387854,-0.546819,-2.969997,0.313534,-0.534945,-1.763480,0.075263,15.486900,0
23.800000,0.405465,-0.548049,-2.960186,0.313534,-0.534942,-1.745492,0.092861,15.607500,0
23.820000,0.406271,-0.546574,-2.999292,0.313534,-0.534940,-1.727506,0.093464,15.351500,0
23.840000,0.448559,-0.533817,-2.870915,0.311237,-0.535324,-1.719883,0.137330,16.607500,0
23.860000,0.363594,-0.549327,-2.969097,0.308266,-0.535769,-1.719886,0.056965,16.357500,0
23.880000,0.394166,-0.548123,-2.898164,0.305296,-0.536214,-1.719897,0.089664,15.495500,0
23.900000,0.358935,-0.552462,-3.033977,0.302326,-0.536659,-1.719905,0.058774,15.756700,0
23.920000,0.380260,-0.552076,-3.033918,0.299357,-0.537105,-1.719911,0.082276,15.812000,0
23.940000,0.331674,-0.552766,-3.094207,0.296388,-0.537550,-1.719916,0.038427,15.761100,0
23.960000,0.388343,-0.550305,-3.089235,0.293420,-0.537996,-1.719919,0.095717,15.373000,0
23.980000,0.337001,-0.554997,-3.036724,0.290452,-0.538442,-1.719921,0.049405,16.500000,0
24.000000,0.369736,-0.562368,-3.094389,0.287485,-0.538888,-1.719922,0.085536,16.815200,0
24.020000,0.319319,-0.556946,-3.074630,0.284517,-0.539334,-1.719923,0.039005,15.608100,0
24.040000,0.339245,-0.563452,-3.112156,0.281550,-0.539780,-1.719924,0.062363,15.827900,0
24.060000,0.347387,-0.556004,-2.949483,0.278583,-0.540226,-1.719924,0.070590,16.122600,0
24.080000,0.381220,-0.556532,-2.973449,0.275615,-0.540672,-1.719925,0.106789,16.472100,0
24.100000,0.285621,-0.571870,-3.032770,0.272649,-0.541118,-1.719926,0.033376,15.051700,0
24.120000,0.256368,-0.568522,3.097869,0.269682,-0.541563,-1.719927,0.030067,15.769200,0
24.140000,0.326389,-0.562880,-3.027737,0.266715,-0.542009,-1.719927,0.063219,16.168000,0
24.160000,0.373068,-0.556342,-2.968795,0.263748,-0.542455,-1.719928,0.110198,16.346400,0
24.180000,0.337557,-0.545420,-2.867208,0.260781,-0.542901,-1.719928,0.076817,16.979400,0
24.200000,0.295297,-0.568983,-3.026600,0.257814,-0.543347,-1.719928,0.045411,17.603400,0
24.220000,0.367154,-0.557229,-2.979565,0.254847,-0.543793,-1.719928,0.113108,18.578000,0
24.240000,0.326002,-0.554221,-2.931427,0.251881,-0.544238,-1.719928,0.074790,17.484400,0
24.260000,0.316090,-0.557173,-2.972673,0.248914,-0.544684,-1.719928,0.068327,17.452900,0
24.280000,0.268438,-0.567807,-3.111724,0.245947,-0.545130,-1.719928,0.031939,17.744500,0
24.300000,0.324872,-0.571676,-3.060150,0.242981,-0.545576,-1.719928,0.085949,17.766800,0
24.320000,0.190200,-0.563439,3.054140,0.242275,-0.545621,-1.707469,0.055039,15.447900,0
24.340000,0.283484,-0.566251,-3.139854,0.242103,-0.545595,-1.687471,0.046250,14.290500,0
24.360000,0.318227,-0.564483,-3.097818,0.242106,-0.545593,-1.669483,0.078430,16.695400,0
24.380000,0.278540,-0.562531,-3.139564,0.242109,-0.545592,-1.651495,0.040177,15.652400,0
24.400000,0.270580,-0.564504,-3.111514,0.242111,-0.545590,-1.633505,0.034179,15.640600,0
24.420000,0.331178,-0.560247,-3.047031,0.242113,-0.545589,-1.615515,0.090263,15.493500,0
24.440000,0.349648,-0.560663,3.122946,0.242115,-0.545587,-1.597525,0.108585,16.098500,0
24.460000,0.344684,-0.566889,3.138748,0.239968,-0.545685,-1.587914,0.106841,15.934500,0
24.480000,0.241208,-0.564864,-3.106713,0.236966,-0.545734,-1.587917,0.019595,16.231100,0
24.500000,0.299550,-0.562147,-3.102271,0.233963,-0.545783,-1.587921,0.067598,16.384400,0
24.520000,0.335477,-0.566548,-3.127098,0.230961,-0.545833,-1.587925,0.106549,16.433900,0
24.540000,0.353677,-0.565691,-3.099901,0.227960,-0.545884,-1.587928,0.127267,16.703700,0
24.560000,0.300782,-0.565087,-3.063869,0.224958,-0.545935,-1.587931,0.078205,15.999100,0
24.580000,0.346218,-0.563975,-3.130449,0.221958,-0.545985,-1.587933,0.125556,15.907600,0
24.600000,0.347610,-0.567362,-3.091196,0.218957,-0.546037,-1.587935,0.130409,16.050200,0
24.620000,0.278486,-0.564331,-3.048380,0.215957,-0.546088,-1.587937,0.065136,16.935900,0
24.640000,0.303961,-0.557052,3.132284,0.212957,-0.546139,-1.587938,0.091656,16.470900,0
24.660000,0.322126,-0.568442,3.105597,0.209956,-0.546191,-1.587939,0.114355,16.688000,0
24.680000,0.285569,-0.563660,-3.101598,0.206957,-0.546242,-1.587940,0.080519,16.138300,0
24.700000,0.329765,-0.553039,-3.022831,0.203957,-0.546293,-1.587940,0.125989,16.468300,0
24.720000,0.313595,-0.564203,3.111092,0.200957,-0.546345,-1.587941,0.114045,16.683600,0
24.740000,0.342370,-0.565198,-3.069110,0.197957,-0.546396,-1.587941,0.145632,15.901600,0
24.760000,0.215883,-0.563234,-3.128612,0.194957,-0.546448,-1.587941,0.026827,16.115700,0
24.780000,0.265784,-0.560676,3.137913,0.191958,-0.546499,-1.587941,0.075175,16.401300,0
24.800000,0.216242,-0.561489,3.096196,0.188958,-0.546551,-1.587942,0.031106,16.677700,0
24.820000,0.270832,-0.571484,3.101492,0.185958,-0.546602,-1.587942,0.088446,14.856100,0
24.840000,0.249319,-0.561907,-3.080940,0.182959,-0.546654,-1.587942,0.068090,16.043800,0
24.860000,0.302951,-0.562093,3.120958,0.179959,-0.546705,-1.587942,0.123951,16.604300,0
24.880000,0.315668,-0.562435,3.134823,0.176959,-0.546757,-1.587942,0.139593,16.855300,0
24.900000,0.277967,-0.552531,-3.091478,0.173960,-0.546808,-1.587942,0.104164,17.332500,0
24.920000,0.218912,-0.561733,3.134703,0.170960,-0.546860,-1.587942,0.050205,17.645100,0
24.940000,0.270028,-0.565572,-3.114736,0.167961,-0.546911,-1.587942,0.103759,17.890500,0
24.960000,0.259517,-0.557883,-3.131048,0.164961,-0.546962,-1.587942,0.095184,17.738100,0
24.980000,0.356039,-0.567905,-3.033908,0.161962,-0.547014,-1.587942,0.195198,17.260100,0
25.000000,0.238868,-0.568576,-3.110233,0.158962,-0.547065,-1.587942,0.082751,17.666300,0
25.020000,0.262726,-0.564459,-3.094783,0.155962,-0.547117,-1.587942,0.108163,18.155600,0
25.040000,0.278517,-0.565909,-3.118001,0.152963,-0.547168,-1.587942,0.126945,17.335100,0
25.060000,0.196441,-0.563933,-3.095032,0.149963,-0.547220,-1.587942,0.049392,16.787300,0
25.080000,0.266296,-0.563769,-3.019262,0.146964,-0.547271,-1.587942,0.120467,17.743900,0
25.100000,0.206662,-0.566000,-3.128329,0.143964,-0.547322,-1.587942,0.065421,16.966600,0
25.120000,0.183273,-0.565463,3.063786,0.140965,-0.547374,-1.587942,0.046013,17.349000,0
25.140000,0.158364,-0.562684,3.066606,0.137965,-0.547425,-1.587942,0.025475,17.932800,0
25.160000,0.223992,-0.563336,3.070491,0.134966,-0.547477,-1.587942,0.090427,18.683200,0
25.180000,0.110596,-0.557372,-3.134752,0.131966,-0.547528,-1.587942,0.023528,17.935500,0
25.200000,0.212642,-0.566087,3.136650,0.128966,-0.547580,-1.587942,0.085698,17.423100,0
25.220000,0.201305,-0.565383,2.996815,0.125967,-0.547631,-1.587942,0.077401,17.437000,0
25.240000,0.172383,-0.552746,-3.134872,0.122967,-0.547683,-1.587942,0.049675,15.938200,0
25.260000,0.106506,-0.554948,3.125015,0.119968,-0.547734,-1.587942,0.015273,15.148700,0
25.280000,0.236997,-0.564184,-3.106931,0.116968,-0.547785,-1.587942,0.121144,16.029000,0
25.300000,0.200412,-0.560540,-3.134639,0.113969,-0.547837,-1.587942,0.087372,15.628700,0
25.320000,0.060704,-0.559646,3.067088,0.110969,-0.547888,-1.587942,0.051622,16.053300,0
25.340000,0.140153,-0.561449,3.076382,0.107969,-0.547940,-1.587942,0.034905,14.798100,0
25.360000,0.175213,-0.554115,3.098052,0.104970,-0.547991,-1.587942,0.070509,15.902700,0
25.380000,0.125778,-0.565968,2.998529,0.101970,-0.548043,-1.587942,0.029802,16.080500,0
25.400000,0.206757,-0.567158,-3.078464,0.098971,-0.548094,-1.587942,0.109459,16.304900,0
25.420000,0.217902,-0.562696,-3.101544,0.095971,-0.548145,-1.587942,0.122796,15.933300,0
25.440000,0.134262,-0.562285,-3.100639,0.092972,-0.548197,-1.587942,0.043627,15.777400,0
25.460000,0.141439,-0.566103,-3.136997,0.089972,-0.548248,-1.587942,0.054477,16.254300,0
25.480000,0.089351,-0.562403,3.135878,0.086973,-0.548300,-1.587942,0.014302,16.408700,0
25.500000,0.147877,-0.559721,3.067574,0.083973,-0.548351,-1.587942,0.064907,16.861300,0
25.520000,0.180757,-0.565116,-3.054880,0.080973,-0.548403,-1.587942,0.101174,16.205200,0
25.540000,0.128561,-0.566625,3.090041,0.077974,-0.548454,-1.587942,0.053752,15.523600,0
25.560000,0.192026,-0.570014,-3.089899,0.074974,-0.548505,-1.587942,0.119012,15.558100,0
25.580000,0.139831,-0.564004,-3.091762,0.071975,-0.548557,-1.587942,0.069592,14.850100,0
25.600000,0.137989,-0.563270,3.087990,0.068975,-0.548608,-1.587942,0.070555,15.724100,0
25.620000,0.093154,-0.565682,3.075896,0.065976,-0.548660,-1.587942,0.032068,15.727800,0
25.640000,0.151250,-0.562837,3.089095,0.062976,-0.548711,-1.587942,0.089397,14.921700,0
25.660000,0.165751,-0.566478,3.118310,0.059977,-0.548763,-1.587942,0.107247,15.070300,0
25.680000,0.148360,-0.562517,-3.083000,0.056977,-0.548814,-1.587942,0.092405,14.561100,0
25.700000,0.128837,-0.556642,3.074423,0.053977,-0.548865,-1.587942,0.075263,14.793600,0
25.720000,0.102311,-0.561708,3.107005,0.050978,-0.548917,-1.587942,0.052903,14.923300,0
25.740000,0.113853,-0.557535,3.111544,0.047978,-0.548968,-1.587942,0.066430,14.373800,0
25.760000,0.196439,-0.556815,-3.109832,0.044979,-0.549020,-1.587942,0.151660,15.245100,0
25.780000,0.175594,-0.564891,-3.073204,0.041979,-0.549071,-1.587942,0.134548,15.274500,0
25.800000,0.037934,-0.565527,3.040032,0.038980,-0.549123,-1.587942,0.016437,15.367800,0
25.820000,0.126749,-0.564398,3.064757,0.035980,-0.549174,-1.587942,0.092037,14.563200,0
25.840000,0.123894,-0.561843,-3.030564,0.032980,-0.549226,-1.587942,0.091786,15.390300,0
25.860000,0.132485,-0.559910,-3.136024,0.029981,-0.549277,-1.587942,0.103054,15.191700,0
25.880000,0.044974,-0.561385,3.127630,0.026981,-0.549328,-1.587942,0.021659,15.320400,0
25.900000,0.128747,-0.561853,3.058657,0.023982,-0.549380,-1.587942,0.105505,15.039300,0
25.920000,0.092653,-0.563783,3.101913,0.020982,-0.549431,-1.587942,0.073094,14.478300,0
25.940000,0.084799,-0.561759,-3.064786,0.017983,-0.549483,-1.587942,0.067935,15.035100,0
25.960000,0.097953,-0.559857,-3.087865,0.014983,-0.549534,-1.587942,0.083610,14.201900,0
25.980000,0.119714,-0.561517,-3.021175,0.011984,-0.549586,-1.587942,0.108388,14.798700,0
26.000000,0.126653,-0.562607,-3.130343,0.008984,-0.549637,-1.587942,0.118381,15.404500,0
26.020000,0.096976,-0.557980,-3.103777,0.005984,-0.549688,-1.587942,0.091369,15.786700,0
26.040000,0.069221,-0.565084,3.049551,0.002985,-0.549740,-1.587942,0.067990,16.619700,0
26.060000,0.070354,-0.563438,3.084723,-0.000015,-0.549791,-1.587942,0.071680,15.892700,0
26.080000,0.059219,-0.557688,3.108406,-0.003014,-0.549843,-1.587942,0.062725,15.912700,0
26.100000,0.151097,-0.556843,-3.040246,-0.006014,-0.549894,-1.587942,0.157264,16.100100,0
26.120000,0.052738,-0.563918,-3.107730,-0.009013,-0.549946,-1.587942,0.063312,16.340000,0
26.140000,0.134812,-0.560435,-3.088661,-0.012013,-0.549997,-1.587942,0.147196,15.827000,0
26.160000,0.060239,-0.562964,-3.072337,-0.015012,-0.550048,-1.587942,0.076351,16.491100,0
26.180000,0.090395,-0.563091,-3.117498,-0.018012,-0.550100,-1.587942,0.109183,15.924500,0
26.200000,0.121780,-0.560179,-3.035343,-0.021012,-0.550151,-1.587942,0.143143,16.348100,0
26.220000,0.044088,-0.559766,-3.067069,-0.024011,-0.550203,-1.587942,0.068767,16.213600,0
26.240000,0.065155,-0.565303,3.080747,-0.027011,-0.550254,-1.587942,0.093387,15.902000,0
26.260000,-0.011084,-0.560577,3.081631,-0.030010,-0.550306,-1.587942,0.021533,16.236800,0
26.280000,0.081289,-0.566738,-3.115053,-0.033010,-0.550357,-1.587942,0.115466,16.155400,0
26.300000,0.069993,-0.551884,-3.117458,-0.036009,-0.550408,-1.587942,0.106012,16.544700,0
26.320000,0.023523,-0.555362,-3.124304,-0.039009,-0.550460,-1.587942,0.062724,15.938400,0
26.340000,0.147904,-0.559269,-2.960178,-0.042008,-0.550511,-1.587942,0.190114,16.073500,0
26.360000,0.009416,-0.561210,-3.064685,-0.045008,-0.550563,-1.587942,0.055455,16.210300,0
26.380000,0.050370,-0.555867,3.118731,-0.048008,-0.550614,-1.587942,0.098518,16.908600,0
26.400000,0.008943,-0.561012,3.099707,-0.051007,-0.550666,-1.587942,0.060836,16.482300,0
26.420000,-0.053313,-0.569576,3.076262,-0.054007,-0.550717,-1.587942,0.018872,16.933100,0
26.440000,0.080795,-0.561569,-3.130321,-0.057006,-0.550769,-1.587942,0.138223,15.384100,0
26.460000,0.028096,-0.557894,-3.103952,-0.060006,-0.550820,-1.587942,0.088385,16.412100,0
26.480000,0.095880,-0.557059,-2.940913,-0.063005,-0.550871,-1.587942,0.159006,16.397200,0
26.500000,0.036584,-0.560676,-3.117206,-0.066005,-0.550923,-1.587942,0.103052,16.334800,0
26.520000,-0.042628,-0.565771,3.105720,-0.069005,-0.550974,-1.587942,0.030244,16.092700,0
26.540000,-0.012541,-0.560860,3.065297,-0.072004,-0.551026,-1.587942,0.060271,16.126700,0
26.560000,-0.031218,-0.568005,3.096399,-0.075004,-0.551077,-1.587942,0.046945,16.687500,0
26.580000,-0.007155,-0.563039,3.060905,-0.078003,-0.551129,-1.587942,0.071842,16.660700,0
26.600000,-0.024438,-0.562977,3.107338,-0.078928,-0.551116,-1.578443,0.055766,15.951600,0
26.620000,-0.039010,-0.561156,3.007536,-0.079101,-0.551114,-1.558446,0.041330,15.994400,0
26.640000,-0.047341,-0.564564,3.109840,-0.079117,-0.551113,-1.540232,0.034505,16.074100,0
26.660000,0.038913,-0.560957,3.130202,-0.079114,-0.551112,-1.522244,0.118437,16.568000,0
26.680000,-0.026019,-0.565850,3.110381,-0.079112,-0.551111,-1.504254,0.055101,15.746100,0
26.700000,0.017474,-0.567949,3.008612,-0.079110,-0.551110,-1.486265,0.098041,16.008600,0
26.720000,0.091509,-0.576607,3.120728,-0.079108,-0.551109,-1.468275,0.172512,15.992900,0
26.740000,-0.027467,-0.565979,3.031955,-0.079106,-0.551108,-1.450286,0.053737,16.113800,0
26.760000,-0.074560,-0.564743,2.943202,-0.079100,-0.551107,-1.432235,0.014372,16.275700,0
26.780000,0.050102,-0.575976,2.976401,-0.079093,-0.551106,-1.414178,0.131567,15.824900,0
26.800000,0.029742,-0.570680,3.094985,-0.081386,-0.550720,-1.406519,0.112906,16.588800,0
26.820000,0.024559,-0.569238,2.961430,-0.084348,-0.550228,-1.406521,0.110554,15.827200,0
26.840000,0.006551,-0.566283,3.099508,-0.087311,-0.549735,-1.406523,0.095310,16.514200,0
26.860000,-0.013210,-0.564914,2.860854,-0.090273,-0.549243,-1.406529,0.078640,15.799300,0
26.880000,-0.030195,-0.557551,2.991646,-0.093234,-0.548752,-1.406534,0.063650,16.308500,0
26.900000,-0.013491,-0.554782,2.995728,-0.096196,-0.548260,-1.406537,0.082962,16.460400,0
26.920000,0.042604,-0.573227,3.133843,-0.099157,-0.547769,-1.406540,0.144029,16.135700,0
26.940000,-0.018269,-0.564498,2.909872,-0.102117,-0.547278,-1.406543,0.085598,15.973600,0
26.960000,-0.090469,-0.552947,2.945486,-0.105078,-0.546788,-1.406545,0.015854,16.890400,0
26.980000,-0.075993,-0.556555,2.887788,-0.108038,-0.546297,-1.406547,0.033647,15.986900,0
27.000000,-0.037967,-0.558087,3.004294,-0.110998,-0.545807,-1.406548,0.074057,16.439100,0
27.020000,0.003472,-0.571124,3.041739,-0.113958,-0.545316,-1.406549,0.120233,16.376200,0
27.040000,-0.082073,-0.553214,2.965373,-0.116918,-0.544826,-1.406550,0.035840,16.344900,0
27.060000,-0.054037,-0.556710,2.878177,-0.117644,-0.544741,-1.394393,0.064723,16.020500,0
27.080000,-0.059574,-0.551121,2.902941,-0.117815,-0.544710,-1.374393,0.058593,16.178100,0
27.100000,-0.092005,-0.553606,2.862651,-0.117813,-0.544710,-1.356386,0.027299,16.030500,0
27.120000,-0.038952,-0.555183,2.877632,-0.117809,-0.544709,-1.338398,0.079550,16.620400,0
27.140000,0.011766,-0.567205,2.984307,-0.117806,-0.544709,-1.320396,0.131510,16.225400,0
27.160000,-0.010024,-0.566723,2.870283,-0.117801,-0.544708,-1.302384,0.110002,16.217400,0
27.180000,-0.045602,-0.559062,2.908583,-0.117797,-0.544708,-1.284367,0.073608,16.997000,0
27.200000,-0.016648,-0.574263,2.850383,-0.117793,-0.544707,-1.266348,0.105375,16.435500,0
27.220000,-0.052927,-0.553864,2.780979,-0.117789,-0.544706,-1.248328,0.065505,16.457500,0
27.240000,0.017880,-0.578612,2.883214,-0.117785,-0.544705,-1.230309,0.139838,15.799600,0
27.260000,-0.001376,-0.570686,2.898864,-0.117781,-0.544704,-1.212291,0.119270,15.918900,0
27.280000,-0.001145,-0.573326,2.760578,-0.117777,-0.544703,-1.194274,0.120093,16.606000,0
27.300000,-0.011652,-0.575006,2.771197,-0.117773,-0.544702,-1.176259,0.110363,16.080200,0
27.320000,-0.010677,-0.573786,2.713830,-0.117770,-0.544701,-1.158247,0.110972,16.143800,0
27.340000,-0.041220,-0.565790,2.741081,-0.117767,-0.544700,-1.140236,0.079399,15.199000,0
27.360000,-0.059755,-0.558686,2.601874,-0.117764,-0.544699,-1.122227,0.059671,16.245800,0
27.380000,-0.033915,-0.577710,2.586554,-0.117761,-0.544698,-1.104220,0.090111,16.153000,0
27.400000,-0.018977,-0.564754,2.622049,-0.117758,-0.544697,-1.086214,0.100797,16.440700,0
27.420000,-0.001009,-0.583927,2.705580,-0.117755,-0.544696,-1.068210,0.123161,15.980000,0
27.440000,-0.033566,-0.567872,2.530639,-0.117753,-0.544695,-1.050207,0.087319,16.503500,0
27.460000,-0.016005,-0.599174,2.613640,-0.117750,-0.544694,-1.032205,0.115412,16.532900,0
27.480000,-0.081507,-0.554405,2.570628,-0.117748,-0.544693,-1.014205,0.037520,16.021400,0
27.500000,-0.007892,-0.584561,2.685896,-0.117745,-0.544692,-0.996205,0.116864,15.303600,0
27.520000,-0.030955,-0.583900,2.560947,-0.117743,-0.544691,-0.978207,0.095233,15.510700,0
27.540000,-0.042615,-0.572850,2.625449,-0.117741,-0.544690,-0.960209,0.080231,15.502900,0
27.560000,-0.020416,-0.585944,2.456511,-0.117739,-0.544689,-0.942212,0.105706,15.422200,0
27.580000,-0.039120,-0.576542,2.422298,-0.117736,-0.544688,-0.924216,0.084824,16.225000,0
27.600000,-0.018699,-0.595860,2.518449,-0.117734,-0.544687,-0.906221,0.111475,16.854000,0
27.620000,-0.045428,-0.578200,2.542593,-0.117732,-0.544686,-0.888226,0.079694,16.134800,0
27.640000,-0.045782,-0.575275,2.369456,-0.117730,-0.544685,-0.870232,0.078181,15.537600,0
27.660000,-0.034027,-0.590389,2.367572,-0.117728,-0.544684,-0.852238,0.095366,15.802400,0
27.680000,0.002382,-0.609713,2.358349,-0.117726,-0.544683,-0.834245,0.136582,16.852400,0
27.700000,-0.069921,-0.550739,2.318648,-0.117724,-0.544682,-0.816252,0.048185,16.424100,0
27.720000,-0.071789,-0.553961,2.270478,-0.117722,-0.544681,-0.798260,0.046861,16.336100,0
27.740000,-0.049067,-0.575302,2.299736,-0.117720,-0.544680,-0.780268,0.075172,15.788600,0
27.760000,-0.067582,-0.561373,2.228635,-0.117718,-0.544680,-0.762276,0.052842,15.830500,0
27.780000,-0.038034,-0.572590,2.270398,-0.119653,-0.542653,-0.759999,0.086937,16.424300,0
27.800000,-0.049401,-0.555120,2.398900,-0.121722,-0.540475,-0.760006,0.073789,16.394600,0
27.820000,-0.059719,-0.567731,2.365501,-0.123791,-0.538298,-0.760015,0.070509,14.075300,0
27.840000,-0.066690,-0.563806,2.201198,-0.125860,-0.536122,-0.760024,0.065326,15.208500,0
27.860000,-0.067887,-0.560949,2.259427,-0.127929,-0.533946,-0.760030,0.065835,14.516900,0
27.880000,-0.085427,-0.543264,2.225389,-0.129997,-0.531770,-0.760035,0.046029,16.127300,0
27.900000,-0.066506,-0.568319,2.295699,-0.132065,-0.529595,-0.760039,0.076141,14.850900,0
27.920000,-0.049076,-0.574573,2.275221,-0.134133,-0.527420,-0.760041,0.097252,16.285600,0
27.940000,-0.079064,-0.546547,2.263913,-0.136201,-0.525245,-0.760043,0.060979,15.856000,0
27.960000,-0.079972,-0.531504,2.264326,-0.138269,-0.523070,-0.760045,0.058904,15.236400,0
27.980000,-0.064508,-0.555458,2.271988,-0.140336,-0.520896,-0.760046,0.083333,15.920800,0
28.000000,-0.081126,-0.548318,2.227736,-0.142403,-0.518721,-0.760047,0.068050,15.509400,0
28.020000,-0.078066,-0.549568,2.392093,-0.144471,-0.516546,-0.760047,0.074162,16.051500,0
28.040000,-0.088897,-0.535354,2.342603,-0.146538,-0.514372,-0.760048,0.061341,15.914400,0
28.060000,-0.049211,-0.559481,2.406828,-0.148605,-0.512197,-0.760048,0.110068,15.861800,0
28.080000,-0.130176,-0.486536,2.262726,-0.150672,-0.510023,-0.760049,0.031172,17.031000,0
28.100000,-0.088024,-0.534047,2.273728,-0.152739,-0.507849,-0.760049,0.069816,15.889900,0
28.120000,-0.073799,-0.553505,2.340931,-0.154806,-0.505674,-0.760049,0.094075,16.755000,0
28.140000,-0.096260,-0.519202,2.232730,-0.156873,-0.503500,-0.760049,0.062614,16.013300,0
28.160000,-0.073675,-0.534322,2.418443,-0.158940,-0.501325,-0.760049,0.091427,15.002100,0
28.180000,-0.070171,-0.539617,2.220332,-0.159176,-0.501076,-0.742412,0.096992,16.290300,0
28.200000,-0.089400,-0.535760,2.227756,-0.159186,-0.501062,-0.724181,0.077936,15.616700,0
28.220000,-0.102883,-0.505112,2.363825,-0.159183,-0.501064,-0.706193,0.056445,15.915500,0
28.240000,-0.112851,-0.509283,2.292921,-0.159181,-0.501066,-0.688203,0.047053,16.412300,0
28.260000,-0.070883,-0.550045,2.302672,-0.159178,-0.501067,-0.670210,0.100970,15.710900,0
28.280000,-0.105187,-0.531910,2.149892,-0.159175,-0.501067,-0.652215,0.062177,16.483200,0
28.300000,-0.105023,-0.524875,2.163272,-0.159172,-0.501068,-0.634219,0.059151,16.052900,0
28.320000,-0.093598,-0.542197,2.239865,-0.159170,-0.501068,-0.616223,0.077403,16.548600,0
28.340000,-0.092147,-0.520917,2.049784,-0.159167,-0.501068,-0.598228,0.069898,15.996300,0
28.360000,-0.099912,-0.539675,2.125209,-0.159165,-0.501068,-0.580233,0.070721,16.186300,0
28.380000,-0.075398,-0.560640,2.058908,-0.159162,-0.501068,-0.562238,0.102787,16.072800,0
28.400000,-0.116572,-0.503266,2.087493,-0.159160,-0.501067,-0.544245,0.042644,16.317900,0
28.420000,-0.101858,-0.543797,2.134412,-0.159158,-0.501067,-0.526252,0.071478,16.043400,0
28.440000,-0.096540,-0.530585,2.117695,-0.159155,-0.501067,-0.508261,0.069224,16.766100,0
28.460000,-0.102690,-0.544502,1.972932,-0.159153,-0.501066,-0.490270,0.071237,16.214900,0
28.480000,-0.096792,-0.525510,2.109878,-0.160565,-0.498918,-0.490200,0.069095,15.333500,0
28.500000,-0.105504,-0.515625,1.977891,-0.161979,-0.496269,-0.490207,0.059699,16.267100,0
28.520000,-0.051540,-0.531764,2.087952,-0.163394,-0.493619,-0.490217,0.118179,16.982700,0
28.540000,-0.072080,-0.550188,2.131839,-0.164808,-0.490970,-0.490224,0.110024,17.486100,0
28.560000,-0.101050,-0.533709,1.977551,-0.166222,-0.488322,-0.490230,0.079419,17.477600,0
28.580000,-0.104096,-0.498985,2.001032,-0.167636,-0.485674,-0.490234,0.064920,17.579000,0
28.600000,-0.067064,-0.527418,2.067864,-0.169050,-0.483026,-0.490237,0.111228,17.404300,0
28.620000,-0.091199,-0.529810,1.951976,-0.170463,-0.480378,-0.490238,0.093414,17.635700,0
28.640000,-0.107643,-0.502049,1.992289,-0.171876,-0.477731,-0.490239,0.068682,17.711600,0
28.660000,-0.099002,-0.515410,2.034585,-0.171884,-0.477310,-0.472503,0.082240,17.593600,0
28.680000,-0.121778,-0.479621,2.039643,-0.171890,-0.477296,-0.454301,0.050166,17.352900,0
28.700000,-0.106842,-0.519210,2.006316,-0.171887,-0.477299,-0.436314,0.077378,17.407700,0
28.720000,-0.104748,-0.532507,2.054452,-0.171885,-0.477301,-0.418325,0.086919,18.312100,0
28.740000,-0.107358,-0.540604,1.972587,-0.171883,-0.477303,-0.400335,0.090391,17.401100,0
28.760000,-0.115680,-0.506723,1.856572,-0.171881,-0.477304,-0.382343,0.063435,17.739800,0
28.780000,-0.111370,-0.524856,1.790831,-0.171879,-0.477305,-0.364351,0.076957,17.098800,0
28.800000,-0.107250,-0.492042,1.953708,-0.171877,-0.477305,-0.346360,0.066286,17.518500,0
28.820000,-0.106332,-0.530195,1.994049,-0.171875,-0.477306,-0.328368,0.084220,18.445800,0
28.840000,-0.135929,-0.452477,1.789349,-0.171873,-0.477306,-0.310378,0.043686,17.884400,0
28.860000,-0.125981,-0.500584,1.776377,-0.171871,-0.477306,-0.292388,0.051457,16.614300,0
28.880000,-0.110055,-0.509808,1.769614,-0.171869,-0.477306,-0.274399,0.069838,15.583200,0
28.900000,-0.120447,-0.471435,1.763800,-0.171867,-0.477307,-0.256410,0.051754,15.654600,0
28.920000,-0.124616,-0.509058,1.726065,-0.171865,-0.477307,-0.238422,0.056927,14.818000,0
28.940000,-0.112442,-0.525861,1.765954,-0.171863,-0.477306,-0.220435,0.076736,15.761400,0
28.960000,-0.107384,-0.520268,1.860087,-0.171861,-0.477306,-0.202449,0.077479,15.530100,0
28.980000,-0.115957,-0.502641,1.693378,-0.171859,-0.477306,-0.184463,0.061375,16.524200,0
29.000000,-0.120270,-0.523198,1.711717,-0.171857,-0.477306,-0.166477,0.069045,16.672400,0
29.020000,-0.124553,-0.240259,1.517641,-0.172266,-0.475000,-0.158996,0.239541,17.136000,0
29.040000,-0.119205,-0.517409,1.641661,-0.172740,-0.472035,-0.158999,0.070177,16.164000,0
29.060000,-0.120149,-0.498370,1.606543,-0.173215,-0.469068,-0.159011,0.060619,16.562000,0
29.080000,-0.108896,-0.519448,1.735001,-0.173689,-0.466103,-0.159020,0.083928,16.352000,0
29.100000,-0.113934,-0.540018,1.780821,-0.174164,-0.463139,-0.159027,0.097663,16.441600,0
29.120000,-0.109261,-0.511367,1.610722,-0.174640,-0.460175,-0.159031,0.083037,20.511700,0
29.140000,-0.114013,-0.477932,1.767276,-0.175115,-0.457211,-0.159034,0.064520,16.655000,0
29.160000,-0.118895,-0.490302,1.752825,-0.175590,-0.454247,-0.159036,0.067189,16.439700,0
29.180000,-0.119652,-0.502163,1.728910,-0.176066,-0.451284,-0.159037,0.075968,16.756700,0
29.200000,-0.126365,-0.445612,1.567921,-0.176541,-0.448321,-0.159038,0.050249,16.407000,0
29.220000,-0.130326,-0.514972,1.574577,-0.177016,-0.445359,-0.159039,0.083821,16.595800,0
29.240000,-0.129575,-0.424690,1.697048,-0.177492,-0.442396,-0.159040,0.051084,15.866000,0
29.260000,-0.120826,-0.468171,1.695878,-0.177967,-0.439433,-0.159041,0.063961,16.390700,0
29.280000,-0.117483,-0.478908,1.658055,-0.178442,-0.436471,-0.159041,0.074276,17.433400,0
29.300000,-0.124894,-0.460414,1.718795,-0.178917,-0.433509,-0.159042,0.060352,16.714200,0
29.320000,-0.116083,-0.463695,1.798800,-0.179393,-0.430546,-0.159043,0.071463,18.149400,0
29.340000,-0.131077,-0.469011,1.652169,-0.179868,-0.427584,-0.159043,0.064006,17.663800,0
29.360000,-0.136165,-0.443658,1.658699,-0.179938,-0.426889,-0.146440,0.046875,17.309900,0
29.380000,-0.133892,-0.423522,1.615528,-0.179910,-0.426717,-0.126441,0.046129,17.410700,0
29.400000,-0.130891,-0.469203,1.659085,-0.179909,-0.426720,-0.108439,0.064866,17.236700,0
29.420000,-0.122669,-0.502563,1.659018,-0.179907,-0.426722,-0.090450,0.095016,17.905700,0
29.440000,-0.126323,-0.457491,1.734672,-0.179906,-0.426725,-0.072461,0.061787,16.975500,0
29.460000,-0.136340,-0.417557,1.607155,-0.179904,-0.426727,-0.054471,0.044519,18.023800,0
29.480000,-0.123747,-0.463963,1.661744,-0.179903,-0.426728,-0.036482,0.067379,17.836600,0
29.500000,-0.122508,-0.483404,1.608752,-0.179901,-0.426729,-0.018492,0.080660,16.910100,0
29.520000,-0.124302,-0.496436,1.582002,-0.179900,-0.426730,-0.000504,0.089163,17.583300,0
29.540000,-0.130647,-0.473656,1.608161,-0.179899,-0.426731,0.017484,0.068028,17.511700,0
29.560000,-0.132080,-0.460991,1.439232,-0.179898,-0.426732,0.035471,0.058824,18.217400,0
29.580000,-0.132097,-0.451786,1.522274,-0.179813,-0.424575,0.044975,0.054930,17.432600,0
29.600000,-0.134488,-0.477273,1.583862,-0.179676,-0.421575,0.044972,0.071724,17.678900,0
29.620000,-0.127898,-0.430400,1.520670,-0.179539,-0.418575,0.044968,0.052977,17.586300,0
29.640000,-0.123274,-0.437052,1.495953,-0.179403,-0.415575,0.044961,0.060098,17.758800,0
29.660000,-0.135971,-0.467856,1.574168,-0.179267,-0.412576,0.044956,0.070217,15.014800,0
29.680000,-0.136118,-0.436561,1.554458,-0.179132,-0.409578,0.044951,0.050777,14.802000,0
29.700000,-0.131559,-0.464226,1.584868,-0.178996,-0.406579,0.044948,0.074655,15.499200,0
29.720000,-0.121073,-0.414523,1.499087,-0.178861,-0.403581,0.044945,0.058815,15.309100,0
29.740000,-0.129796,-0.432644,1.476587,-0.178726,-0.400583,0.044942,0.058498,15.176800,0
29.760000,-0.141012,-0.468972,1.512776,-0.178592,-0.397586,0.044940,0.080674,14.917700,0
29.780000,-0.113111,-0.460656,1.610708,-0.178457,-0.394588,0.044939,0.092925,15.776400,0
29.800000,-0.121891,-0.432895,1.624850,-0.178322,-0.391591,0.044938,0.069932,14.796200,0
29.820000,-0.153805,-0.387143,1.443581,-0.178187,-0.388593,0.044937,0.024425,15.736900,0
29.840000,-0.133469,-0.430658,1.438108,-0.178052,-0.385596,0.044936,0.063390,15.209200,0
29.860000,-0.131889,-0.401385,1.549744,-0.177917,-0.382599,0.044936,0.049715,15.591600,0
29.880000,-0.123059,-0.441956,1.599462,-0.177783,-0.379602,0.044936,0.082962,15.945600,0
29.900000,-0.125274,-0.388162,1.559245,-0.177648,-0.376605,0.044936,0.053634,15.547800,0
29.920000,-0.124705,-0.414881,1.530342,-0.177513,-0.373608,0.044935,0.067023,15.577500,0
29.940000,-0.124893,-0.408629,1.539390,-0.177379,-0.370610,0.044935,0.064810,15.190000,0
29.960000,-0.118514,-0.416968,1.564324,-0.177244,-0.367613,0.044935,0.076715,15.409300,0
29.980000,-0.125516,-0.447038,1.516743,-0.177109,-0.364616,0.044935,0.097238,15.470300,0
30.000000,-0.128309,-0.359418,1.531251,-0.176974,-0.361619,0.044935,0.048715,16.447700,0
30.020000,-0.116193,-0.387097,1.475210,-0.176840,-0.358622,0.044935,0.066999,16.210100,0
30.040000,-0.117094,-0.403483,1.516645,-0.176705,-0.355625,0.044935,0.076445,16.268200,0
30.060000,-0.132405,-0.417269,1.402942,-0.176570,-0.352628,0.044935,0.078288,16.221100,0
30.080000,-0.115621,-0.374846,1.530125,-0.176435,-0.349631,0.044935,0.065834,15.615200,0
30.100000,-0.115648,-0.370915,1.493643,-0.176301,-0.346634,0.044935,0.065332,16.216200,0
30.120000,-0.119650,-0.384997,1.467204,-0.176166,-0.343637,0.044935,0.070034,16.115900,0
30.140000,-0.120835,-0.396765,1.405784,-0.176031,-0.340640,0.044935,0.078719,16.351200,0
30.160000,-0.120863,-0.355839,1.469598,-0.175896,-0.337643,0.044935,0.057963,16.888300,0
30.180000,-0.130397,-0.418758,1.525939,-0.175762,-0.334646,0.044935,0.095566,16.282600,0
30.200000,-0.124075,-0.377503,1.563481,-0.175627,-0.331649,0.044935,0.068994,15.509000,0
30.220000,-0.122303,-0.354761,1.504945,-0.175492,-0.328652,0.044935,0.059252,16.550900,0
30.240000,-0.126820,-0.347928,1.464129,-0.175357,-0.325656,0.044935,0.053403,15.795000,0
30.260000,-0.124123,-0.394685,1.510079,-0.175223,-0.322659,0.044935,0.088311,16.352800,0
30.280000,-0.122619,-0.388093,1.467646,-0.175088,-0.319662,0.044935,0.086231,16.396700,0
30.300000,-0.117657,-0.325912,1.549158,-0.174953,-0.316665,0.044935,0.058038,16.519300,0
30.320000,-0.123833,-0.429140,1.572828,-0.174818,-0.313668,0.044935,0.126227,16.639500,0
30.340000,-0.119637,-0.358874,1.571483,-0.174684,-0.310671,0.044935,0.073169,19.386900,0
30.360000,-0.124791,-0.372063,1.489461,-0.174549,-0.307674,0.044935,0.081374,15.816900,0
30.380000,-0.125342,-0.263315,1.363247,-0.174414,-0.304677,0.044935,0.064178,16.972300,0
30.400000,-0.110881,-0.332773,1.475855,-0.174279,-0.301680,0.044935,0.070612,16.410700,0
30.420000,-0.122681,-0.384393,1.560821,-0.174145,-0.298683,0.044935,0.099974,16.978600,0
30.440000,-0.116711,-0.338635,1.590254,-0.174010,-0.295686,0.044935,0.071608,15.815200,0
30.460000,-0.121830,-0.344992,1.590692,-0.173875,-0.292689,0.044935,0.073785,15.755700,0
30.480000,-0.116753,-0.365409,1.560158,-0.173740,-0.289692,0.044935,0.094766,16.326600,0
30.500000,-0.129848,-0.286243,1.580481,-0.173606,-0.286695,0.044935,0.043760,15.010900,0
30.520000,-0.123501,-0.368842,1.581621,-0.173471,-0.283698,0.044935,0.098724,15.351700,0
30.540000,-0.114498,-0.297400,1.568908,-0.173336,-0.280701,0.044935,0.061162,14.875300,0
30.560000,-0.119465,-0.333116,1.567224,-0.173201,-0.277704,0.044935,0.077188,15.955400,0
30.580000,-0.118722,-0.269203,1.481392,-0.173067,-0.274707,0.044935,0.054623,16.187000,0
30.600000,-0.116991,-0.319974,1.452688,-0.172932,-0.271710,0.044935,0.073884,16.187600,0
30.620000,-0.113590,-0.298958,1.505311,-0.172797,-0.268713,0.044935,0.066485,15.481700,0
30.640000,-0.119468,-0.311440,1.488370,-0.172662,-0.265716,0.044935,0.070145,16.110900,0
30.660000,-0.111028,-0.307205,1.437527,-0.172527,-0.262719,0.044935,0.075902,16.159500,0
30.680000,-0.113549,-0.277264,1.511415,-0.172393,-0.259722,0.044935,0.061404,15.894300,0
30.700000,-0.115793,-0.260781,1.600895,-0.172258,-0.256725,0.044935,0.056611,17.041700,0
30.720000,-0.115086,-0.304659,1.542618,-0.172123,-0.253728,0.044935,0.076467,16.344400,0
30.740000,-0.124691,-0.388497,1.444896,-0.171988,-0.250731,0.044935,0.145659,16.592700,0
30.760000,-0.134976,-0.316453,1.599526,-0.171854,-0.247734,0.044935,0.077989,17.294200,0
30.780000,-0.119864,-0.291290,1.612010,-0.171719,-0.244737,0.044935,0.069686,16.663300,0
30.800000,-0.116497,-0.237958,1.454002,-0.171584,-0.241740,0.044935,0.055217,16.390500,0
30.820000,-0.117196,-0.284646,1.469552,-0.171449,-0.238743,0.044935,0.071067,16.034000,0
30.840000,-0.113525,-0.224207,1.550984,-0.171315,-0.235746,0.044935,0.058931,16.981700,0
30.860000,-0.117790,-0.262460,1.522334,-0.171180,-0.232749,0.044935,0.061100,16.467000,0
30.880000,-0.121502,-0.274693,1.314849,-0.171045,-0.229752,0.044935,0.066890,17.024900,0
30.900000,-0.111799,-0.234287,1.520135,-0.170910,-0.226755,0.044935,0.059589,16.640200,0
30.920000,-0.122073,-0.263836,1.573334,-0.170776,-0.223758,0.044935,0.063073,16.330500,0
30.940000,-0.115975,-0.282565,1.525544,-0.170641,-0.220761,0.044935,0.082511,16.582600,0
30.960000,-0.132392,-0.309719,1.520821,-0.170506,-0.217765,0.044935,0.099540,16.163300,0
30.980000,-0.112059,-0.277420,1.452326,-0.170371,-0.214768,0.044935,0.085590,15.929500,0
31.000000,-0.114123,-0.221205,1.588004,-0.170237,-0.211771,0.044935,0.056901,16.715200,0
31.020000,-0.115302,-0.253565,1.510668,-0.170102,-0.208774,0.044935,0.070776,16.683400,0
31.040000,-0.112693,-0.257438,1.538495,-0.169967,-0.205777,0.044935,0.077131,15.792900,0
31.060000,-0.122118,-0.191688,1.282630,-0.169832,-0.202780,0.044935,0.048986,17.104800,0
31.080000,-0.112513,-0.239248,1.570460,-0.169698,-0.199783,0.044935,0.069481,16.228200,0
31.100000,-0.119508,-0.264444,1.548340,-0.169563,-0.196786,0.044935,0.084161,15.324100,0
31.120000,-0.116887,-0.280025,1.549588,-0.169428,-0.193789,0.044935,0.100981,15.700000,0
31.140000,-0.105112,-0.178858,1.580816,-0.169293,-0.190792,0.044935,0.065281,15.223700,0
31.160000,-0.119291,-0.248146,1.540475,-0.169158,-0.187795,0.044935,0.078287,15.381800,0
31.180000,-0.111186,-0.224393,1.565319,-0.169024,-0.184798,0.044935,0.070093,15.242600,0
31.200000,-0.116802,-0.049209,1.417839,-0.168889,-0.181801,0.044935,0.142456,15.553200,0
31.220000,-0.124512,-0.209644,1.556838,-0.168754,-0.178804,0.044935,0.053930,15.406500,0
31.240000,-0.118686,-0.248380,1.543775,-0.168619,-0.175807,0.044935,0.088091,14.770600,0
31.260000,-0.116167,-0.203827,1.578539,-0.168485,-0.172810,0.044935,0.060821,15.623700,0
31.280000,-0.118135,-0.227752,1.586228,-0.168350,-0.169813,0.044935,0.076671,15.452700,0
31.300000,-0.119703,-0.175172,1.573524,-0.168215,-0.166816,0.044935,0.049227,15.239600,0
31.320000,-0.109363,-0.213361,1.528964,-0.168080,-0.163819,0.044935,0.076825,14.953600,0
31.340000,-0.111200,-0.186403,1.427393,-0.167946,-0.160822,0.044935,0.062245,15.516000,0
31.360000,-0.107883,-0.169755,1.484707,-0.167811,-0.157825,0.044935,0.061104,15.034200,0
31.380000,-0.117834,-0.207231,1.482429,-0.167676,-0.154828,0.044935,0.072321,16.041800,0
31.400000,-0.114528,-0.186701,1.647836,-0.167541,-0.151831,0.044935,0.063453,15.408500,0
31.420000,-0.109488,-0.182622,1.422340,-0.167407,-0.148834,0.044935,0.067054,15.303600,0
31.440000,-0.105811,-0.161986,1.481341,-0.167272,-0.145837,0.044935,0.063547,15.486600,0
31.460000,-0.112225,-0.204260,1.465320,-0.167137,-0.142840,0.044935,0.082387,15.151900,0
31.480000,-0.104723,-0.165097,1.483939,-0.167002,-0.139843,0.044935,0.067205,16.539700,0
31.500000,-0.116050,-0.215152,1.514473,-0.166868,-0.136846,0.044935,0.093350,16.019700,0
31.520000,-0.118015,-0.189420,1.576075,-0.166733,-0.133849,0.044935,0.073903,15.439500,0
31.540000,-0.110891,-0.195474,1.508423,-0.166598,-0.130852,0.044935,0.085319,16.387200,0
31.560000,-0.109710,-0.126205,1.609201,-0.166463,-0.127855,0.044935,0.056777,16.237200,0
31.580000,-0.109052,-0.185295,1.603438,-0.166329,-0.124858,0.044935,0.083267,16.190400,0
31.600000,-0.102803,-0.133747,1.532080,-0.166194,-0.121861,0.044935,0.064496,15.773000,0
31.620000,-0.102698,-0.153378,1.565787,-0.166059,-0.118864,0.044935,0.072152,16.746900,0
31.640000,-0.111122,-0.195040,1.591907,-0.165924,-0.115867,0.044935,0.096290,16.651600,0
31.660000,-0.113267,-0.145463,1.570359,-0.165789,-0.112871,0.044935,0.061812,16.428100,0
31.680000,-0.112493,-0.174853,1.581176,-0.165655,-0.109874,0.044935,0.083955,17.412300,0
31.700000,-0.115754,-0.205407,1.546858,-0.165520,-0.106877,0.044935,0.110385,16.591200,0
31.720000,-0.106991,-0.149502,1.549310,-0.165385,-0.103880,0.044935,0.074103,16.009300,0
31.740000,-0.113707,-0.215260,1.516973,-0.165250,-0.100883,0.044935,0.125454,16.989600,0
31.760000,-0.111867,-0.139915,1.613215,-0.165116,-0.097886,0.044935,0.067837,15.413300,0
31.780000,-0.117191,-0.177542,1.570381,-0.164981,-0.094889,0.044935,0.095475,16.958200,0
31.800000,-0.106067,-0.105742,1.513918,-0.164846,-0.091892,0.044935,0.060388,16.977900,0
31.820000,-0.104382,-0.057205,1.308747,-0.164814,-0.091006,0.054966,0.069243,17.027500,0
31.840000,-0.098464,-0.121461,1.417077,-0.164804,-0.090833,0.074963,0.073069,16.725100,0
31.860000,-0.102642,-0.151653,1.452925,-0.164804,-0.090824,0.093088,0.086973,16.134000,0
31.880000,-0.100552,-0.104005,1.470015,-0.164803,-0.090828,0.111077,0.065588,16.676800,0
31.900000,-0.097597,-0.129415,1.457719,-0.164802,-0.090832,0.129084,0.077493,15.801900,0
31.920000,-0.112941,-0.140081,1.381800,-0.164801,-0.090838,0.147117,0.071514,16.583000,0
31.940000,-0.107764,-0.141498,1.491615,-0.164800,-0.090845,0.165160,0.076281,15.880600,0
31.960000,-0.108863,-0.126396,1.445136,-0.164799,-0.090851,0.183207,0.066274,16.724700,0
31.980000,-0.117757,-0.155937,1.356468,-0.164798,-0.090858,0.201254,0.080300,16.921500,0
32.000000,-0.108599,-0.098018,1.324121,-0.164797,-0.090864,0.219298,0.056652,16.454600,0
32.020000,-0.119649,-0.148756,1.398273,-0.164246,-0.088516,0.226016,0.074952,16.555500,0
32.040000,-0.114288,-0.095547,1.275118,-0.163571,-0.085589,0.226016,0.050279,16.482200,0
32.060000,-0.105208,-0.116046,1.246462,-0.162897,-0.082663,0.226013,0.066651,16.350000,0
32.080000,-0.101758,-0.090938,1.313554,-0.162223,-0.079737,0.226008,0.061494,16.584800,0
32.100000,-0.105636,-0.098158,1.452619,-0.161550,-0.076811,0.226004,0.059850,16.190900,0
32.120000,-0.111920,-0.133365,1.364131,-0.160877,-0.073886,0.226001,0.077036,15.075600,0
32.140000,-0.104788,-0.086868,1.363762,-0.160204,-0.070961,0.225998,0.057654,15.815800,0
32.160000,-0.113248,-0.131617,1.400267,-0.159532,-0.068036,0.225995,0.078643,15.724500,0
32.180000,-0.115312,-0.085575,1.360428,-0.158860,-0.065112,0.225993,0.048116,15.723900,0
32.200000,-0.096914,-0.095945,1.317111,-0.158187,-0.062187,0.225991,0.069957,15.171600,0
32.220000,-0.104469,-0.086679,1.217897,-0.157515,-0.059263,0.225990,0.059712,15.106500,0
32.240000,-0.104485,-0.114165,1.289586,-0.156843,-0.056339,0.225989,0.078008,16.700100,0
32.260000,-0.099473,-0.065732,1.324431,-0.156171,-0.053415,0.225988,0.058020,16.895600,0
32.280000,-0.096714,-0.085330,1.404009,-0.155498,-0.050491,0.225988,0.068332,17.343000,0
32.300000,-0.080194,-0.014198,1.277834,-0.154826,-0.047567,0.225988,0.081752,17.564600,0
32.320000,-0.105371,-0.081407,1.275884,-0.154154,-0.044643,0.225987,0.061085,17.352600,0
32.340000,-0.094005,-0.066168,1.298810,-0.153482,-0.041719,0.225987,0.064307,17.274100,0
32.360000,-0.093918,-0.066507,1.401141,-0.152810,-0.038795,0.225987,0.065086,17.282300,0
32.380000,-0.107037,-0.104675,1.383070,-0.152138,-0.035872,0.225987,0.082268,17.804000,0
32.400000,-0.099211,-0.058535,1.396380,-0.151465,-0.032948,0.225987,0.058183,17.801800,0
32.420000,-0.104063,-0.104607,1.364389,-0.151367,-0.032292,0.239012,0.086413,18.048700,0
32.440000,-0.095788,-0.048321,1.260799,-0.151329,-0.032139,0.258823,0.057850,17.543700,0
32.460000,-0.097633,-0.088119,1.301871,-0.151329,-0.032142,0.276825,0.077567,17.605800,0
32.480000,-0.098117,-0.074802,1.263345,-0.151329,-0.032146,0.294821,0.068199,17.736100,0
32.500000,-0.100217,-0.071633,1.195641,-0.151328,-0.032150,0.312827,0.064585,18.581700,0
32.520000,-0.093917,-0.067254,1.073985,-0.151328,-0.032154,0.330838,0.067290,17.182200,0
32.540000,-0.106381,-0.059381,1.276760,-0.151327,-0.032158,0.348853,0.052547,17.582100,0
32.560000,-0.117410,-0.112662,1.244064,-0.151326,-0.032162,0.366869,0.087353,18.135800,0
32.580000,-0.109698,-0.070660,1.248856,-0.151326,-0.032166,0.384885,0.056698,18.054900,0
32.600000,-0.111435,-0.114997,1.206768,-0.151325,-0.032170,0.402901,0.091932,17.601600,0
32.620000,-0.104640,-0.055503,1.171867,-0.151324,-0.032174,0.420915,0.052188,16.930500,0
32.640000,-0.121521,-0.094249,1.177134,-0.151323,-0.032177,0.438927,0.068855,17.777300,0
32.660000,-0.096368,-0.033829,1.107494,-0.151322,-0.032180,0.456938,0.054978,17.723900,0
32.680000,-0.106099,-0.079370,1.139691,-0.151321,-0.032184,0.474947,0.065357,18.013400,0
32.700000,-0.112325,-0.082248,0.990411,-0.150091,-0.029795,0.478516,0.064634,19.321600,0
32.720000,-0.093484,-0.060209,0.980847,-0.148707,-0.027129,0.478514,0.064373,17.473000,0
32.740000,-0.111714,-0.062857,0.995495,-0.147324,-0.024463,0.478510,0.052366,18.580400,0
32.760000,-0.123524,-0.084453,1.139306,-0.145941,-0.021798,0.478504,0.066544,17.799900,0
32.780000,-0.106239,-0.061149,1.124910,-0.144559,-0.019133,0.478499,0.056866,18.026400,0
32.800000,-0.084636,-0.049981,1.142066,-0.143177,-0.016468,0.478495,0.067455,18.523400,0
32.820000,-0.103284,-0.070353,1.043450,-0.141795,-0.013803,0.478491,0.068418,17.094800,0
32.840000,-0.090265,-0.040272,1.015356,-0.140413,-0.011139,0.478488,0.057996,18.314600,0
32.860000,-0.101501,-0.057146,1.086787,-0.139032,-0.008475,0.478486,0.061460,17.501300,0
32.880000,-0.083324,-0.016864,1.091903,-0.137650,-0.005812,0.478484,0.055438,18.435900,0
32.900000,-0.082360,-0.037914,0.984043,-0.136269,-0.003148,0.478483,0.064147,17.857800,0
32.920000,-0.094083,-0.040304,1.133789,-0.134888,-0.000484,0.478482,0.057014,17.840200,0
32.940000,-0.116399,-0.060030,1.154229,-0.133506,0.002179,0.478481,0.064518,17.698400,0
32.960000,-0.086406,-0.027165,1.155718,-0.132125,0.004842,0.478481,0.055809,15.339800,0
32.980000,-0.096586,-0.035037,1.117515,-0.130744,0.007506,0.478480,0.054559,14.591500,0
33.000000,-0.072391,-0.009409,1.206942,-0.129362,0.010169,0.478480,0.060241,15.944000,0
33.020000,-0.086039,-0.026689,1.141546,-0.127981,0.012832,0.478480,0.057628,15.704200,0
33.040000,-0.090297,-0.044767,1.133719,-0.126600,0.015496,0.478480,0.070353,16.275900,0
33.060000,-0.084796,-0.033147,1.005155,-0.125219,0.018159,0.478479,0.065317,16.389900,0
33.080000,-0.085053,-0.028526,1.126410,-0.123837,0.020822,0.478479,0.062765,16.710400,0
33.100000,-0.080470,-0.028215,1.131194,-0.122456,0.023485,0.478479,0.066601,15.813400,0
33.120000,-0.066396,0.013015,1.100824,-0.121075,0.026148,0.478479,0.056234,16.063100,0
33.140000,-0.071471,-0.017766,1.111110,-0.119693,0.028811,0.478479,0.067043,16.785600,0
33.160000,-0.050582,-0.001449,1.152542,-0.118312,0.031475,0.478479,0.075308,16.290800,0
33.180000,-0.077259,-0.026947,1.127930,-0.116931,0.034138,0.478479,0.072837,16.799400,0
33.200000,-0.066460,-0.000930,1.094258,-0.115550,0.036801,0.478479,0.061915,17.251300,0
33.220000,-0.046290,0.052497,0.905545,-0.114168,0.039464,0.478479,0.069118,15.408800,0
33.240000,-0.072759,0.007315,0.984085,-0.112787,0.042127,0.478479,0.053048,16.293300,0
33.260000,-0.054528,0.016922,1.039762,-0.111406,0.044790,0.478479,0.063338,17.274400,0
33.280000,-0.070661,-0.015935,1.059942,-0.110024,0.047453,0.478479,0.074615,15.684100,0
33.300000,-0.050556,0.021255,1.001879,-0.108643,0.050116,0.478479,0.064862,16.028200,0
33.320000,-0.076777,-0.004856,1.094900,-0.107262,0.052779,0.478479,0.065201,15.572000,0
33.340000,-0.054249,0.016171,1.115274,-0.105881,0.055442,0.478479,0.064870,15.096400,0
33.360000,-0.070168,-0.000860,1.144496,-0.104499,0.058106,0.478479,0.068232,15.302400,0
33.380000,-0.041864,0.031770,1.105464,-0.103118,0.060769,0.478479,0.067771,15.405900,0
33.400000,-0.049392,0.031483,1.109685,-0.101737,0.063432,0.478479,0.061324,15.915600,0
33.420000,-0.059041,0.006630,1.046573,-0.100355,0.066095,0.478479,0.072409,16.271100,0
33.440000,-0.056366,0.027718,0.914033,-0.098974,0.068758,0.478479,0.059158,17.669800,0
33.460000,-0.048104,0.029310,1.139677,-0.097593,0.071421,0.478479,0.064980,17.885300,0
33.480000,-0.072841,-0.001514,1.168348,-0.096212,0.074084,0.478479,0.079128,17.735400,0
33.500000,-0.025663,0.099362,1.098061,-0.094830,0.076747,0.478479,0.072770,18.075200,0
33.520000,-0.047552,0.037584,1.106028,-0.093449,0.079410,0.478479,0.062096,18.391800,0
33.540000,-0.055535,0.027000,1.258144,-0.092068,0.082073,0.478479,0.066089,18.230400,0
33.560000,-0.037797,0.044223,1.087494,-0.090686,0.084736,0.478479,0.066622,17.824400,0
33.580000,-0.036686,0.042721,1.153828,-0.089305,0.087400,0.478479,0.069029,19.314400,0
33.600000,-0.062294,-0.002265,1.142328,-0.087924,0.090063,0.478479,0.095819,17.902200,0
33.620000,-0.038458,0.059004,1.085088,-0.086543,0.092726,0.478479,0.058731,17.654400,0
33.640000,-0.025817,0.061456,0.881754,-0.085161,0.095389,0.478479,0.068360,17.711000,0
33.660000,-0.014563,0.084236,0.975927,-0.083780,0.098052,0.478479,0.070582,18.091500,0
33.680000,-0.044082,0.058308,0.958093,-0.082399,0.100715,0.478479,0.057153,17.790800,0
33.700000,-0.055483,0.037561,1.152805,-0.081017,0.103378,0.478479,0.070597,18.877600,0
33.720000,-0.040598,0.074511,1.171737,-0.079636,0.106041,0.478479,0.050181,18.120500,0
33.740000,-0.043793,0.042960,1.136421,-0.079619,0.106463,0.461008,0.072912,18.478000,0
33.760000,-0.037282,0.041036,1.188630,-0.079616,0.106472,0.442873,0.077936,18.285300,0
33.780000,-0.025953,0.064106,1.170802,-0.079618,0.106469,0.424884,0.068371,17.391500,0
33.800000,-0.019373,0.084907,1.210515,-0.079620,0.106467,0.406893,0.063988,18.267100,0
33.820000,-0.023014,0.056802,1.145788,-0.079623,0.106465,0.388900,0.075306,18.099000,0
33.840000,-0.024491,0.064053,1.190857,-0.079626,0.106464,0.370906,0.069559,18.279300,0
33.860000,-0.023588,0.077398,1.179366,-0.079628,0.106463,0.352913,0.063129,18.136300,0
33.880000,-0.028026,0.065488,1.157064,-0.078615,0.108694,0.351931,0.066528,17.180900,0
33.900000,-0.029891,0.075649,1.264609,-0.077580,0.111513,0.351932,0.059670,18.476400,0
33.920000,-0.033091,0.029242,1.221596,-0.076545,0.114332,0.351938,0.095543,17.736000,0
33.940000,-0.025226,0.074976,1.171872,-0.075509,0.117150,0.351942,0.065628,18.668300,0
33.960000,-0.018871,0.111759,1.107849,-0.074474,0.119968,0.351945,0.056205,18.486600,0
33.980000,-0.027487,0.066188,1.207585,-0.073440,0.122785,0.351947,0.072904,17.886700,0
34.000000,-0.028601,0.065701,1.272306,-0.072405,0.125602,0.351949,0.074209,17.368800,0
34.020000,-0.013271,0.120864,1.284067,-0.071370,0.128419,0.351950,0.058588,15.230200,0
34.040000,-0.019000,0.068593,1.266801,-0.070336,0.131236,0.351951,0.080991,15.555700,0
34.060000,-0.000799,0.121988,1.213540,-0.069301,0.134052,0.351952,0.069556,15.346800,0
34.080000,-0.023634,0.056328,1.090564,-0.068267,0.136869,0.351953,0.092081,15.264600,0
34.100000,-0.012776,0.111525,1.121261,-0.067232,0.139685,0.351953,0.061306,15.371900,0
34.120000,-0.027359,0.073017,1.201043,-0.066198,0.142502,0.351953,0.079603,16.858400,0
34.140000,-0.023893,0.068226,1.310885,-0.065163,0.145318,0.351954,0.087444,16.431700,0
34.160000,-0.016445,0.104413,1.290595,-0.064129,0.148134,0.351954,0.064694,15.949900,0
34.180000,-0.010102,0.096872,1.248739,-0.063095,0.150950,0.351954,0.075714,16.240500,0
34.200000,-0.004344,0.119949,1.137490,-0.062060,0.153767,0.351954,0.066894,16.724900,0
34.220000,-0.012091,0.099944,1.102965,-0.061026,0.156583,0.351954,0.074851,16.770700,0
34.240000,-0.037011,0.088029,1.212017,-0.059992,0.159399,0.351954,0.074978,16.289600,0
34.260000,-0.026271,0.060316,1.454089,-0.059940,0.159896,0.335759,0.105118,16.401900,0
34.280000,-0.015811,0.116735,1.298142,-0.059959,0.159984,0.316677,0.061802,16.515800,0
34.300000,0.003474,0.117131,1.363993,-0.059961,0.159981,0.298690,0.076552,16.853600,0
34.320000,-0.004609,0.102124,1.294756,-0.059963,0.159979,0.280700,0.080070,15.542400,0
34.340000,-0.008489,0.128010,1.104777,-0.059965,0.159977,0.262709,0.060594,16.655500,0
34.360000,0.007753,0.136467,1.377036,-0.059967,0.159976,0.244718,0.071684,17.782500,0
34.380000,-0.009294,0.103763,1.317616,-0.059969,0.159974,0.226727,0.075681,16.552900,0
34.400000,-0.001001,0.149640,1.252678,-0.059971,0.159974,0.208736,0.059868,16.607500,0
34.420000,-0.013257,0.089721,1.302357,-0.059974,0.159973,0.190745,0.084367,16.202000,0
34.440000,-0.003722,0.117220,1.320725,-0.059976,0.159972,0.172755,0.070656,15.949600,0
34.460000,0.006934,0.146986,1.345733,-0.059978,0.159972,0.154766,0.068161,16.600800,0
34.480000,0.003805,0.125637,1.330906,-0.059600,0.162263,0.147071,0.073223,16.952100,0
34.500000,0.006281,0.128204,1.418576,-0.059161,0.165234,0.147074,0.075192,16.762200,0
34.520000,-0.006794,0.086138,1.426308,-0.058723,0.168206,0.147083,0.097118,17.029400,0
34.540000,-0.015584,0.088698,1.517739,-0.058283,0.171176,0.147090,0.092876,16.949100,0
34.560000,-0.001277,0.141465,1.500218,-0.057844,0.174146,0.147095,0.065329,16.362700,0
34.580000,-0.000806,0.082504,1.433303,-0.057404,0.177116,0.147099,0.110248,16.793400,0
34.600000,-0.004330,0.142819,1.457354,-0.056965,0.180085,0.147102,0.064492,15.630100,0
34.620000,-0.006357,0.114109,1.507483,-0.056906,0.180801,0.134775,0.083684,24.066500,0
34.640000,0.003290,0.151972,1.495569,-0.056932,0.180975,0.114772,0.066842,17.289000,0
34.660000,0.007085,0.134374,1.603405,-0.056933,0.180972,0.096779,0.079181,16.651600,0
34.680000,0.013497,0.138517,1.555006,-0.056934,0.180970,0.078792,0.082236,16.564300,0
34.700000,0.005795,0.125676,1.424796,-0.056936,0.180967,0.060804,0.083620,16.092500,0
34.720000,0.006472,0.145377,1.465660,-0.056936,0.180966,0.042815,0.072713,16.263500,0
34.740000,0.000889,0.154411,1.561674,-0.056937,0.180964,0.024827,0.063631,16.225500,0
34.760000,0.011985,0.148685,1.606877,-0.056938,0.180963,0.006839,0.076107,16.306900,0
34.780000,0.005005,0.099001,1.500840,-0.056913,0.183076,-0.003168,0.104415,16.929000,0
34.800000,0.007766,0.084711,1.477321,-0.056925,0.186079,-0.003166,0.120251,17.126200,0
34.820000,0.012124,0.132628,1.530267,-0.056936,0.189082,-0.003162,0.089199,15.952800,0
34.840000,0.002125,0.124156,1.614346,-0.056947,0.192085,-0.003156,0.090022,16.571800,0
34.860000,0.005154,0.184041,1.591422,-0.056958,0.195087,-0.003152,0.063087,16.329400,0
34.880000,0.000390,0.154376,1.635947,-0.056968,0.198088,-0.003148,0.072116,16.499000,0
34.900000,0.007879,0.137382,1.511723,-0.056978,0.201090,-0.003145,0.090913,16.670400,0
34.920000,0.014232,0.162427,1.511793,-0.056987,0.204091,-0.003142,0.082511,16.359500,0
34.940000,0.004271,0.165257,1.456316,-0.056997,0.207091,-0.003140,0.074188,17.048900,0
34.960000,-0.003103,0.118573,1.655354,-0.057006,0.210092,-0.003139,0.106213,16.157900,0
34.980000,0.010305,0.175792,1.656862,-0.057015,0.213093,-0.003137,0.076964,17.486600,0
35.000000,0.012458,0.170339,1.455489,-0.057025,0.216093,-0.003136,0.083194,16.532700,0
35.020000,-0.000393,0.165011,1.540924,-0.057034,0.219093,-0.003136,0.078314,16.653400,0
35.040000,0.008087,0.205621,1.480214,-0.057043,0.222094,-0.003135,0.067181,16.820600,0
35.060000,0.008090,0.152867,1.440035,-0.057052,0.225094,-0.003135,0.097264,16.738900,0
35.080000,0.008176,0.205529,1.510966,-0.057062,0.228094,-0.003134,0.069030,16.830600,0
35.100000,0.004218,0.194808,1.467655,-0.057071,0.231094,-0.003134,0.071225,16.993300,0
35.120000,0.003698,0.204149,1.554845,-0.057080,0.234094,-0.003134,0.067754,15.944200,0
35.140000,0.015407,0.247855,1.462232,-0.057090,0.237094,-0.003134,0.073291,15.316400,0
35.160000,0.007128,0.183471,1.537284,-0.057099,0.240094,-0.003134,0.085623,16.172400,0
35.180000,0.003614,0.222396,1.518806,-0.057108,0.243094,-0.003134,0.064153,17.127800,0
35.200000,0.013890,0.203249,1.529006,-0.057110,0.244048,-0.012225,0.081888,17.221300,0
35.220000,0.012753,0.231943,1.596013,-0.057113,0.244222,-0.032222,0.070937,17.580400,0
35.240000,0.008102,0.198627,1.545667,-0.057114,0.244231,-0.050359,0.079579,16.857500,0
35.260000,0.006912,0.228904,1.631638,-0.057115,0.244228,-0.068348,0.065835,17.319900,0
35.280000,0.017283,0.198535,1.600410,-0.057116,0.244225,-0.086337,0.087308,17.669500,0
35.300000,0.009540,0.173978,1.641175,-0.057117,0.244223,-0.104327,0.096837,17.670000,0
35.320000,0.015821,0.211857,1.655353,-0.057369,0.246462,-0.112775,0.080959,19.830000,0
35.340000,0.011170,0.226439,1.638362,-0.057709,0.249445,-0.112773,0.072620,16.214900,0
35.360000,0.008298,0.214679,1.577720,-0.058049,0.252428,-0.112770,0.076334,15.580300,0
35.380000,0.009014,0.176534,1.625492,-0.058388,0.255411,-0.112767,0.103752,16.171800,0
35.400000,0.007202,0.203246,1.570833,-0.058727,0.258394,-0.112765,0.085954,14.770900,0
35.420000,0.012848,0.279768,1.649907,-0.059065,0.261376,-0.112762,0.074228,15.916700,0
35.440000,0.002365,0.195663,1.593085,-0.059403,0.264358,-0.112761,0.092381,15.936200,0
35.460000,0.008904,0.226520,1.625028,-0.059741,0.267340,-0.112759,0.079865,16.172300,0
35.480000,0.009169,0.234059,1.603201,-0.060079,0.270322,-0.112758,0.078168,17.732500,0
35.500000,0.007894,0.176620,1.623643,-0.060417,0.273303,-0.112757,0.118380,18.127700,0
35.520000,0.006967,0.223521,1.649990,-0.060754,0.276284,-0.112756,0.085850,17.617900,0
35.540000,0.009619,0.237338,1.617393,-0.061092,0.279266,-0.112756,0.082207,18.492100,0
35.560000,0.001237,0.194498,1.544494,-0.061430,0.282247,-0.112755,0.107829,19.229200,0
35.580000,0.003381,0.202471,1.741931,-0.061767,0.285228,-0.112755,0.105323,18.199600,0
35.600000,0.018479,0.225406,1.634122,-0.062105,0.288209,-0.112755,0.102166,15.049900,0
35.620000,0.005059,0.239698,1.588976,-0.062442,0.291190,-0.112755,0.084899,15.616900,0
35.640000,0.007041,0.260546,1.629349,-0.062780,0.294171,-0.112754,0.077496,15.566400,0
35.660000,0.006190,0.244705,1.612669,-0.062847,0.294966,-0.124009,0.085395,16.169200,0
35.680000,0.009869,0.275835,1.705106,-0.062869,0.295138,-0.144007,0.075256,17.025600,0
35.700000,0.002608,0.231307,1.695255,-0.062869,0.295138,-0.162030,0.091442,16.355400,0
35.720000,0.005524,0.288652,1.700799,-0.062870,0.295134,-0.180018,0.068700,16.139700,0
35.740000,0.017835,0.221265,1.727951,-0.062870,0.295130,-0.198022,0.109404,16.385300,0
35.760000,0.001008,0.287280,1.718629,-0.062871,0.295126,-0.216038,0.064359,16.599500,0
35.780000,0.013441,0.259178,1.728613,-0.063413,0.297469,-0.222826,0.085864,15.840100,0
35.800000,0.005620,0.270323,1.719102,-0.064078,0.300397,-0.222825,0.075909,15.635500,0
35.820000,0.001374,0.229417,1.842334,-0.064743,0.303325,-0.222823,0.099166,15.840200,0
35.840000,0.000433,0.270946,1.943546,-0.065407,0.306253,-0.222820,0.074710,15.177800,0
35.860000,-0.002977,0.299157,1.842238,-0.066071,0.309180,-0.222817,0.063885,15.427700,0
35.880000,-0.000122,0.281792,1.862791,-0.066735,0.312107,-0.222815,0.073186,16.125000,0
35.900000,0.005913,0.256597,1.885285,-0.067399,0.315034,-0.222813,0.093752,16.956600,0
35.920000,0.010635,0.287543,1.838609,-0.068062,0.317960,-0.222812,0.084371,15.756500,0
35.940000,0.005411,0.270820,1.892734,-0.068725,0.320887,-0.222810,0.089458,16.519700,0
35.960000,-0.004001,0.315849,1.802676,-0.069388,0.323813,-0.222809,0.065870,15.873300,0
35.980000,-0.004591,0.298583,1.771969,-0.070051,0.326740,-0.222809,0.071259,15.963900,0
36.000000,0.000888,0.288688,1.698203,-0.070714,0.329666,-0.222808,0.082499,15.641900,0
36.020000,0.001182,0.330812,1.754991,-0.071377,0.332592,-0.222808,0.072580,16.213000,0
36.040000,-0.003916,0.308997,1.695809,-0.072040,0.335518,-0.222808,0.073104,15.842200,0
36.060000,0.009105,0.274687,1.735158,-0.072703,0.338444,-0.222807,0.103719,15.947400,0
36.080000,-0.002232,0.298528,1.720143,-0.073366,0.341370,-0.222807,0.083039,15.605300,0
36.100000,0.000407,0.263555,1.793909,-0.074029,0.344296,-0.222807,0.109817,16.623700,0
36.120000,0.001598,0.263226,1.735862,-0.074692,0.347222,-0.222807,0.113470,15.910800,0
36.140000,0.009004,0.294032,1.708911,-0.075355,0.350148,-0.222807,0.101318,16.408900,0
36.160000,-0.006327,0.311914,1.740353,-0.076018,0.353074,-0.222807,0.080938,15.836100,0
36.180000,-0.001957,0.352598,1.729780,-0.076680,0.356000,-0.222807,0.074801,15.471800,0
36.200000,-0.009313,0.293630,1.748152,-0.077343,0.358926,-0.222807,0.094296,17.102700,0
36.220000,-0.010096,0.309657,1.786984,-0.077442,0.359589,-0.235729,0.083838,16.530300,0
36.240000,-0.013864,0.340782,1.761756,-0.077480,0.359743,-0.255555,0.066381,16.405700,0
36.260000,-0.003544,0.282770,1.856471,-0.077480,0.359741,-0.273562,0.106729,16.285200,0
36.280000,0.000677,0.321470,1.814458,-0.077480,0.359737,-0.291561,0.087022,16.715000,0
36.300000,0.008080,0.296831,1.797219,-0.077481,0.359732,-0.309569,0.106195,16.248700,0
36.320000,0.006700,0.303514,1.966810,-0.077481,0.359728,-0.327582,0.101225,17.043600,0
36.340000,0.010575,0.320621,1.935372,-0.077482,0.359724,-0.345598,0.096349,16.590600,0
36.360000,-0.000968,0.323367,2.003324,-0.077483,0.359720,-0.363616,0.084711,16.169200,0
36.380000,-0.011190,0.356981,1.992198,-0.078404,0.362136,-0.368309,0.067411,16.156100,0
36.400000,-0.003953,0.313375,1.983240,-0.079487,0.364938,-0.368311,0.091456,16.692400,0
36.420000,-0.006815,0.341135,1.997787,-0.080569,0.367739,-0.368309,0.078406,16.695300,0
36.440000,-0.004771,0.325708,2.013714,-0.081650,0.370540,-0.368305,0.088996,16.644500,0
36.460000,-0.005129,0.346627,1.870005,-0.082731,0.373340,-0.368301,0.082071,16.452700,0
36.480000,-0.023348,0.345148,1.969284,-0.083812,0.376140,-0.368299,0.067944,16.426300,0
36.500000,0.002225,0.318397,1.905683,-0.084892,0.378940,-0.368296,0.106089,16.462400,0
36.520000,0.003319,0.321420,1.843859,-0.085973,0.381740,-0.368294,0.107758,16.605600,0
36.540000,-0.026129,0.338088,1.890619,-0.087053,0.384539,-0.368293,0.076612,17.385100,0
36.560000,-0.005561,0.298062,1.858993,-0.088133,0.387339,-0.368291,0.121608,16.456100,0
36.580000,-0.007969,0.339997,1.863252,-0.089214,0.390138,-0.368290,0.095472,16.604200,0
36.600000,-0.013485,0.384069,1.970015,-0.090294,0.392937,-0.368290,0.077319,16.477400,0
36.620000,-0.019180,0.353263,2.006524,-0.091374,0.395737,-0.368289,0.083761,16.138100,0
36.640000,0.001271,0.313697,1.991480,-0.092454,0.398536,-0.368289,0.126420,16.045900,0
36.660000,-0.014463,0.367856,1.997760,-0.093534,0.401335,-0.368289,0.085867,16.705000,0
36.680000,-0.009049,0.351117,1.872366,-0.094614,0.404134,-0.368288,0.100659,16.583800,0
36.700000,-0.024848,0.365991,1.868521,-0.095694,0.406933,-0.368288,0.081826,16.605000,0
36.720000,-0.025180,0.375622,1.926284,-0.096774,0.409732,-0.368288,0.079304,15.801000,0
36.740000,-0.020141,0.354631,1.785965,-0.097854,0.412531,-0.368288,0.096911,16.722600,0
36.760000,-0.029138,0.388929,1.946603,-0.098934,0.415329,-0.368288,0.074622,16.345000,0
36.780000,-0.024904,0.382557,1.833022,-0.100014,0.418128,-0.368288,0.083107,16.673100,0
36.800000,-0.016228,0.361425,1.924513,-0.100204,0.418620,-0.383358,0.101603,15.723300,0
36.820000,-0.035471,0.387437,1.906055,-0.100239,0.418704,-0.402419,0.071920,16.083100,0
36.840000,-0.019746,0.350270,1.964636,-0.100238,0.418701,-0.420412,0.105649,16.614300,0
36.860000,-0.026309,0.389312,2.052462,-0.100238,0.418697,-0.438410,0.079555,16.048700,0
36.880000,-0.012625,0.351033,2.013747,-0.100238,0.418693,-0.456413,0.110697,16.132200,0
36.900000,-0.014884,0.367785,1.952138,-0.100238,0.418689,-0.474419,0.099381,15.996400,0
36.920000,-0.032925,0.398747,2.075790,-0.100239,0.418685,-0.492427,0.070205,15.779400,0
36.940000,-0.035892,0.402156,2.100810,-0.100239,0.418682,-0.510436,0.066435,16.142900,0
36.960000,0.012095,0.332779,1.941945,-0.100240,0.418678,-0.528444,0.141413,16.977400,0
36.980000,-0.033544,0.402554,2.077451,-0.101611,0.421025,-0.531664,0.070528,17.322900,0
37.000000,-0.019806,0.376562,1.998936,-0.103134,0.423613,-0.531663,0.095694,15.865200,0
37.020000,-0.030412,0.400347,2.072092,-0.104657,0.426201,-0.531659,0.078618,16.382300,0
37.040000,-0.021749,0.394548,2.007768,-0.106180,0.428789,-0.531655,0.091110,16.955400,0
37.060000,-0.013079,0.373120,2.092571,-0.107702,0.431377,-0.531651,0.111119,16.395000,0
37.080000,-0.022802,0.382783,2.155732,-0.109223,0.433964,-0.531648,0.100440,16.131100,0
37.100000,-0.017325,0.388581,2.127792,-0.110745,0.436551,-0.531646,0.105017,15.642000,0
37.120000,-0.031764,0.410758,2.137798,-0.112266,0.439138,-0.531644,0.085358,16.412100,0
37.140000,-0.020340,0.380460,2.108669,-0.113787,0.441725,-0.531642,0.111740,16.132400,0
37.160000,-0.030505,0.406842,2.138776,-0.115308,0.444311,-0.531641,0.092711,16.155700,0
37.180000,-0.024174,0.385909,2.182996,-0.116829,0.446898,-0.531640,0.110926,16.321700,0
37.200000,-0.006377,0.381724,1.947845,-0.118350,0.449484,-0.531639,0.130879,17.014000,0
37.220000,-0.032617,0.433281,2.037301,-0.119871,0.452070,-0.531639,0.089254,16.133100,0
37.240000,-0.042316,0.404690,2.070279,-0.121392,0.454656,-0.531638,0.093540,16.391000,0
37.260000,-0.046841,0.404236,2.086376,-0.121602,0.455014,-0.548277,0.090375,16.277600,0
37.280000,-0.020275,0.372107,2.046423,-0.121628,0.455053,-0.566841,0.130968,16.757500,0
37.300000,-0.027321,0.399854,2.074245,-0.121627,0.455050,-0.584828,0.109272,15.671500,0
37.320000,-0.043857,0.416401,2.242180,-0.121626,0.455047,-0.602821,0.086842,16.259300,0
37.340000,-0.046409,0.426250,2.213868,-0.121625,0.455043,-0.620818,0.080538,15.416300,0
37.360000,-0.039607,0.443310,2.163717,-0.121625,0.455040,-0.638818,0.082853,15.893900,0
37.380000,-0.023001,0.399091,2.163060,-0.121625,0.455037,-0.656819,0.113387,16.191800,0
37.400000,-0.037870,0.420050,2.168146,-0.121626,0.455034,-0.674820,0.090769,16.362900,0
37.420000,-0.018827,0.405499,2.257718,-0.121626,0.455031,-0.692822,0.114109,16.757200,0
37.440000,-0.026418,0.419081,2.265634,-0.121626,0.455028,-0.710823,0.101768,16.321800,0
37.460000,-0.039288,0.438161,2.187009,-0.121627,0.455026,-0.728823,0.084049,15.986000,0
37.480000,-0.041145,0.429379,2.355907,-0.121627,0.455023,-0.746822,0.084469,14.705600,0
37.500000,-0.003397,0.386561,2.249093,-0.121628,0.455020,-0.764820,0.136621,14.221200,0
37.520000,-0.040170,0.429706,2.255957,-0.121629,0.455018,-0.782817,0.085301,15.215900,0
37.540000,-0.028281,0.417275,2.431436,-0.121630,0.455016,-0.800813,0.100690,15.467100,0
37.560000,-0.047063,0.432283,2.453593,-0.121630,0.455013,-0.818809,0.077955,15.547800,0
37.580000,-0.022789,0.411494,2.400381,-0.121631,0.455011,-0.836803,0.107997,14.799100,0
37.600000,-0.040056,0.416791,2.338833,-0.121632,0.455009,-0.854796,0.090085,15.877300,0
37.620000,-0.005403,0.411359,2.368631,-0.121632,0.455007,-0.872789,0.124155,15.311300,0
37.640000,-0.027409,0.419107,2.403321,-0.121633,0.455005,-0.890781,0.100831,15.933100,0
37.660000,-0.014270,0.410625,2.526305,-0.121634,0.455003,-0.908772,0.116174,15.982400,0
37.680000,-0.062393,0.448948,2.546353,-0.123713,0.456821,-0.909301,0.061823,14.778900,0
37.700000,-0.029500,0.417618,2.417405,-0.126084,0.458666,-0.909293,0.104945,15.498200,0
37.720000,0.010774,0.379983,2.305222,-0.128454,0.460512,-0.909283,0.160840,16.885700,0
37.740000,-0.043530,0.432505,2.441750,-0.130823,0.462357,-0.909275,0.092256,17.307800,0
37.760000,-0.007890,0.406303,2.503518,-0.133191,0.464201,-0.909269,0.138031,17.422100,0
37.780000,-0.045067,0.445460,2.539991,-0.135560,0.466046,-0.909265,0.092805,17.982100,0
37.800000,-0.028334,0.428165,2.411397,-0.137928,0.467890,-0.909262,0.116571,17.175900,0
37.820000,-0.052557,0.443328,2.417820,-0.140296,0.469734,-0.909260,0.091627,16.712000,0
37.840000,-0.030347,0.419744,2.461313,-0.142663,0.471578,-0.909258,0.123700,15.709600,0
37.860000,-0.042322,0.438512,2.325670,-0.145031,0.473422,-0.909257,0.108480,15.213600,0
37.880000,-0.030642,0.426871,2.468412,-0.147398,0.475265,-0.909256,0.126388,15.087400,0
37.900000,-0.043850,0.434897,2.470365,-0.149766,0.477109,-0.909255,0.114018,15.534700,0
37.920000,-0.039648,0.441664,2.503144,-0.152133,0.478952,-0.909255,0.118504,15.649800,0
37.940000,-0.064744,0.450846,2.489146,-0.154500,0.480795,-0.909254,0.094621,15.818000,0
37.960000,-0.053847,0.455167,2.456003,-0.156867,0.482639,-0.909254,0.106620,15.905700,0
37.980000,-0.056620,0.425862,2.385570,-0.159235,0.484482,-0.909253,0.118178,16.299500,0
38.000000,-0.085370,0.477475,2.539750,-0.161602,0.486325,-0.909253,0.076744,16.051700,0
38.020000,-0.065148,0.456042,2.391138,-0.163969,0.488168,-0.909253,0.103912,17.067700,0
38.040000,-0.048742,0.440022,2.388840,-0.166336,0.490011,-0.909253,0.127778,18.026300,0
38.060000,-0.076761,0.461256,2.435250,-0.168703,0.491855,-0.909253,0.096900,17.998200,0
38.080000,-0.073695,0.458520,2.455901,-0.171071,0.493698,-0.909253,0.103535,17.414700,0
38.100000,-0.042772,0.440984,2.246213,-0.173438,0.495541,-0.909252,0.141598,17.241600,0
38.120000,-0.102736,0.488294,2.436190,-0.175805,0.497384,-0.909252,0.073633,17.837500,0
38.140000,-0.090162,0.473856,2.427189,-0.178172,0.499227,-0.909252,0.091594,17.838100,0
38.160000,-0.067766,0.451650,2.456331,-0.180539,0.501070,-0.909252,0.123127,15.665200,0
38.180000,-0.057386,0.454278,2.384435,-0.182906,0.502913,-0.909252,0.134613,15.949600,0
38.200000,-0.111452,0.466714,2.444710,-0.185273,0.504756,-0.909252,0.083047,17.124700,0
38.220000,-0.081209,0.476657,2.355064,-0.187641,0.506599,-0.909252,0.110564,15.165500,0
38.240000,-0.065061,0.450603,2.487471,-0.190008,0.508442,-0.909252,0.137684,14.670400,0
38.260000,-0.115145,0.483094,2.554085,-0.192375,0.510285,-0.909252,0.081877,15.231800,0
38.280000,-0.113648,0.516354,2.501117,-0.194742,0.512128,-0.909252,0.081204,16.332700,0
38.300000,-0.071258,0.467359,2.442435,-0.197109,0.513971,-0.909252,0.134205,15.999300,0
38.320000,-0.105055,0.483901,2.444426,-0.199476,0.515814,-0.909252,0.099668,16.247000,0
38.340000,-0.088308,0.469410,2.444819,-0.199772,0.515977,-0.926467,0.120800,15.734700,0
38.360000,-0.128586,0.501788,2.566228,-0.199769,0.515974,-0.944452,0.072583,16.583200,0
38.380000,-0.135621,0.496804,2.631079,-0.199767,0.515971,-0.962441,0.066948,16.143500,0
38.400000,-0.102377,0.485179,2.621720,-0.199765,0.515968,-0.980433,0.102139,16.604600,0
38.420000,-0.124977,0.500543,2.574433,-0.199763,0.515965,-0.998427,0.076359,15.844400,0
38.440000,-0.082368,0.481198,2.645495,-0.199763,0.515962,-1.016423,0.122434,16.174100,0
38.460000,-0.104444,0.495976,2.580311,-0.199762,0.515959,-1.034418,0.097390,16.050000,0
38.480000,-0.088259,0.483573,2.603190,-0.199762,0.515956,-1.052414,0.116110,15.205500,0
38.500000,-0.093889,0.477454,2.624384,-0.201899,0.517440,-1.052511,0.115174,16.571100,0
38.520000,-0.082555,0.477678,2.668380,-0.204508,0.518928,-1.052504,0.128740,16.457600,0
38.540000,-0.146927,0.503808,2.711321,-0.207117,0.520416,-1.052498,0.062440,16.879300,0
38.560000,-0.102253,0.500605,2.684533,-0.209724,0.521904,-1.052493,0.109561,16.361200,0
38.580000,-0.126742,0.510669,2.638664,-0.212332,0.523391,-1.052490,0.086530,18.054200,0
38.600000,-0.091939,0.491918,2.608318,-0.214939,0.524879,-1.052487,0.127340,30.012600,0
38.620000,-0.106881,0.489323,2.587464,-0.217546,0.526366,-1.052485,0.116700,15.571500,0
38.640000,-0.119387,0.498354,2.744704,-0.220153,0.527853,-1.052484,0.104995,19.284400,0
38.660000,-0.158987,0.512125,2.664418,-0.220533,0.527887,-1.069616,0.063533,16.073900,0
38.680000,-0.112770,0.498886,2.740953,-0.220531,0.527885,-1.087605,0.111594,16.549500,0
38.700000,-0.166256,0.528821,2.689677,-0.220528,0.527882,-1.105593,0.054280,17.327300,0
38.720000,-0.111072,0.499430,2.793137,-0.220526,0.527880,-1.123583,0.113091,17.132200,0
38.740000,-0.140671,0.506867,2.716315,-0.220524,0.527878,-1.141575,0.082571,16.586500,0
38.760000,-0.100677,0.492810,2.697290,-0.220523,0.527875,-1.159568,0.124870,17.369700,0
38.780000,-0.117205,0.510143,2.850528,-0.220522,0.527873,-1.177561,0.104827,17.281000,0
38.800000,-0.134871,0.516448,2.761082,-0.220522,0.527871,-1.195553,0.086409,18.452100,0
38.820000,-0.073064,0.495669,2.727425,-0.220521,0.527868,-1.213545,0.150931,15.927800,0
38.840000,-0.121490,0.506485,2.775468,-0.220521,0.527866,-1.231537,0.101312,16.151100,0
38.860000,-0.072391,0.504557,2.822887,-0.220521,0.527864,-1.249527,0.149953,16.038700,0
38.880000,-0.137221,0.514527,2.808972,-0.220521,0.527862,-1.267517,0.084361,16.517400,0
38.900000,-0.054552,0.489887,2.852015,-0.220521,0.527860,-1.285506,0.170258,16.354300,0
38.920000,-0.120621,0.511085,2.926761,-0.220521,0.527858,-1.303495,0.101298,17.231600,0
38.940000,-0.136360,0.511715,2.918351,-0.220521,0.527856,-1.321482,0.085695,17.091000,0
38.960000,-0.092600,0.504013,2.827140,-0.220521,0.527854,-1.339469,0.130123,16.961600,0
38.980000,-0.084858,0.505992,2.923100,-0.220521,0.527852,-1.357456,0.137413,17.001600,0
39.000000,-0.104839,0.498630,2.989014,-0.222859,0.528384,-1.364329,0.121713,17.375300,0
39.020000,-0.157992,0.513268,2.966841,-0.225799,0.528998,-1.364326,0.069608,18.505400,0
39.040000,-0.074513,0.506749,2.791480,-0.228739,0.529613,-1.364314,0.155912,16.221700,0
39.060000,-0.144607,0.518091,2.977084,-0.231679,0.530228,-1.364305,0.087914,16.242300,0
39.080000,-0.166568,0.533323,2.904392,-0.234617,0.530843,-1.364299,0.068095,17.267100,0
39.100000,-0.133044,0.520687,2.911505,-0.237555,0.531459,-1.364294,0.105065,16.595400,0
39.120000,-0.088467,0.505739,2.824987,-0.240493,0.532074,-1.364292,0.154290,16.720800,0
39.140000,-0.149407,0.512136,2.886864,-0.243431,0.532690,-1.364290,0.096244,16.268300,0
39.160000,-0.133692,0.528694,3.008971,-0.246368,0.533305,-1.364289,0.112770,17.040800,0
39.180000,-0.164820,0.516826,2.941150,-0.249305,0.533920,-1.364288,0.086196,16.752300,0
39.200000,-0.157309,0.529836,2.722934,-0.252242,0.534536,-1.364287,0.095049,17.053100,0
39.220000,-0.130943,0.509099,2.963002,-0.255179,0.535151,-1.364286,0.126938,17.355500,0
39.240000,-0.211370,0.515649,2.966491,-0.258115,0.535767,-1.364285,0.050891,17.634900,0
39.260000,-0.162244,0.534174,2.603258,-0.261052,0.536382,-1.364285,0.098832,17.997700,0
39.280000,-0.120485,0.507097,2.878401,-0.263988,0.536997,-1.364284,0.146584,16.724600,0
39.300000,-0.198580,0.525783,2.879237,-0.266925,0.537613,-1.364284,0.069361,16.428700,0
39.320000,-0.116921,0.514335,2.832801,-0.269861,0.538228,-1.364283,0.154795,16.460000,0
39.340000,-0.206812,0.524816,2.933254,-0.272797,0.538843,-1.364283,0.067460,16.700400,0
39.360000,-0.159816,0.510444,2.842235,-0.275734,0.539458,-1.364283,0.119494,17.228100,0
39.380000,-0.162696,0.516156,2.949417,-0.278670,0.540074,-1.364283,0.118415,16.976800,0
39.400000,-0.204611,0.515633,2.956787,-0.281606,0.540689,-1.364283,0.080970,16.956700,0
39.420000,-0.156142,0.518200,2.915737,-0.284543,0.541304,-1.364283,0.130463,16.546700,0
39.440000,-0.164136,0.525863,2.935921,-0.287479,0.541919,-1.364283,0.124384,17.125400,0
39.460000,-0.212305,0.533236,2.959115,-0.290415,0.542534,-1.364283,0.078662,16.213400,0
39.480000,-0.228512,0.528599,2.998341,-0.293351,0.543150,-1.364283,0.066452,16.503700,0
39.500000,-0.174854,0.525811,3.008049,-0.296288,0.543765,-1.364283,0.122754,16.816700,0
39.520000,-0.201675,0.533695,2.930597,-0.299224,0.544380,-1.364283,0.098133,17.040500,0
39.540000,-0.243359,0.541752,2.962123,-0.302160,0.544995,-1.364282,0.058890,16.821400,0
39.560000,-0.149940,0.525386,2.853997,-0.305097,0.545610,-1.364282,0.156469,16.997200,0
39.580000,-0.206077,0.531163,2.874744,-0.308033,0.546225,-1.364282,0.103063,17.205200,0
39.600000,-0.184748,0.523694,2.903925,-0.310969,0.546840,-1.364282,0.128325,16.165200,0
39.620000,-0.232592,0.535349,2.964452,-0.313905,0.547456,-1.364282,0.082209,17.514800,0
39.640000,-0.233446,0.546842,2.979950,-0.316842,0.548071,-1.364282,0.083405,17.149800,0
39.660000,-0.306857,0.549041,2.977420,-0.319778,0.548686,-1.364282,0.012926,16.911600,0
39.680000,-0.201574,0.532561,2.910429,-0.322714,0.549301,-1.364282,0.122291,16.586800,0
39.700000,-0.186635,0.524864,2.967361,-0.325650,0.549916,-1.364282,0.141254,17.529000,0
39.720000,-0.225716,0.529908,3.041579,-0.328587,0.550531,-1.364282,0.104918,17.462600,0
39.740000,-0.151525,0.531731,2.824246,-0.331523,0.551147,-1.364282,0.181042,17.356100,0
39.760000,-0.211415,0.526024,2.875911,-0.334459,0.551762,-1.364282,0.125707,16.801300,0
39.780000,-0.221094,0.531870,3.016853,-0.337395,0.552377,-1.364282,0.118095,16.113400,0
39.800000,-0.259305,0.531044,2.958191,-0.340332,0.552992,-1.364282,0.083947,16.118800,0
39.820000,-0.232448,0.535469,2.958488,-0.343268,0.553607,-1.364282,0.112295,16.816200,0
39.840000,-0.262833,0.538108,2.977360,-0.346204,0.554222,-1.364282,0.084914,17.382000,0
39.860000,-0.321528,0.548976,2.839114,-0.349140,0.554837,-1.364282,0.028228,19.053500,0
39.880000,-0.227175,0.543093,2.953278,-0.349773,0.554919,-1.377692,0.123167,16.703600,0
39.900000,-0.240637,0.542260,2.935861,-0.349941,0.554882,-1.397663,0.110030,16.071000,0
39.920000,-0.231803,0.541770,2.908682,-0.349937,0.554881,-1.415651,0.118859,16.271200,0
39.940000,-0.317354,0.574145,2.957558,-0.349935,0.554879,-1.433640,0.037851,17.330400,0
39.960000,-0.270382,0.547739,3.100928,-0.349932,0.554877,-1.451631,0.079869,17.239700,0
39.980000,-0.227919,0.542061,3.002745,-0.349931,0.554875,-1.469621,0.122683,16.868000,0
40.000000,-0.297327,0.540633,3.072408,-0.352175,0.555167,-1.478018,0.056741,16.586600,0
40.020000,-0.318830,0.552767,-3.131904,-0.355165,0.555443,-1.478016,0.036434,16.224200,0
40.040000,-0.276635,0.544318,3.110966,-0.358155,0.555720,-1.478010,0.082313,17.593200,0
40.060000,-0.314896,0.545911,3.086385,-0.361144,0.555996,-1.478007,0.047334,18.144500,0
40.080000,-0.294057,0.546615,3.099521,-0.364133,0.556274,-1.478004,0.070738,19.432400,0
40.100000,-0.303048,0.551849,3.032082,-0.367122,0.556551,-1.478002,0.064247,19.179500,0
40.120000,-0.230885,0.545661,3.019642,-0.370110,0.556829,-1.478000,0.139672,19.975300,0
40.140000,-0.263334,0.540700,2.995460,-0.373098,0.557106,-1.477999,0.110983,19.132500,0
40.160000,-0.266284,0.542792,3.107488,-0.376086,0.557384,-1.477997,0.110768,18.199300,0
40.180000,-0.303507,0.542474,3.090755,-0.379074,0.557662,-1.477996,0.077078,18.695800,0
40.200000,-0.309453,0.555295,3.067808,-0.382061,0.557940,-1.477996,0.072656,18.810800,0
40.220000,-0.329999,0.548454,3.047985,-0.382845,0.557885,-1.489429,0.053681,15.670900,0
40.240000,-0.233810,0.540720,3.042752,-0.383019,0.557869,-1.509429,0.150191,15.499200,0
40.260000,-0.348527,0.546291,3.049453,-0.383017,0.557868,-1.527441,0.036381,15.997300,0
40.280000,-0.200157,0.546606,3.058223,-0.383014,0.557867,-1.545429,0.183204,17.084500,0
40.300000,-0.291500,0.553664,3.133833,-0.383012,0.557866,-1.563417,0.091608,17.154300,0
40.320000,-0.278343,0.558891,-3.135591,-0.383010,0.557864,-1.581407,0.104672,17.668600,0
40.340000,-0.308287,0.550223,-2.969896,-0.383008,0.557863,-1.599396,0.075110,17.425200,0
40.360000,-0.192567,0.559253,-3.106841,-0.383007,0.557862,-1.617384,0.190445,19.188800,0
40.380000,-0.248067,0.545320,-3.125494,-0.383006,0.557860,-1.635373,0.135520,18.724800,0
40.400000,-0.242348,0.556464,-3.113492,-0.383005,0.557859,-1.653360,0.140664,15.786400,0
40.420000,-0.227296,0.549399,-3.068126,-0.383004,0.557857,-1.671347,0.155938,17.278600,0
40.440000,-0.246845,0.558805,-3.105189,-0.383004,0.557856,-1.689334,0.136162,16.060500,0
40.460000,-0.268538,0.555299,-2.948350,-0.382998,0.557855,-1.707377,0.114489,16.251700,0
40.480000,-0.315809,0.553016,-2.917311,-0.382992,0.557853,-1.725426,0.067357,16.821300,0
40.500000,-0.248354,0.559063,-2.986237,-0.382986,0.557852,-1.743473,0.134638,17.277300,0
40.520000,-0.278290,0.556122,-2.930752,-0.382980,0.557851,-1.761516,0.104705,17.296700,0
40.540000,-0.244559,0.559973,-3.010918,-0.382975,0.557850,-1.779554,0.138432,16.613400,0
40.560000,-0.306535,0.543997,-2.929617,-0.382970,0.557849,-1.797588,0.077680,17.231300,0
40.580000,-0.307811,0.543927,-2.728516,-0.382965,0.557847,-1.815618,0.076432,17.066600,0
40.600000,-0.231493,0.578375,-2.976480,-0.382961,0.557846,-1.833644,0.152853,16.986600,0
40.620000,-0.231906,0.560713,-2.909837,-0.382957,0.557845,-1.851667,0.151078,16.809000,0
40.640000,-0.240792,0.555250,-2.982514,-0.382953,0.557844,-1.869687,0.142185,17.169000,0
40.660000,-0.321593,0.542330,-2.885860,-0.382950,0.557843,-1.887704,0.063287,17.860000,0
40.680000,-0.332184,0.546225,-2.773969,-0.382946,0.557841,-1.905718,0.052074,17.010300,0
40.700000,-0.302586,0.547706,-2.763723,-0.382943,0.557840,-1.923731,0.080994,16.817000,0
40.720000,-0.227257,0.572227,-2.808486,-0.382940,0.557839,-1.941741,0.156346,17.298700,0
40.740000,-0.265986,0.565161,-2.845370,-0.382937,0.557838,-1.959750,0.117180,16.578300,0
40.760000,-0.247689,0.576509,-2.775273,-0.382934,0.557837,-1.977757,0.136528,17.174400,0
40.780000,-0.289825,0.550386,-2.806902,-0.382932,0.557836,-1.995763,0.093405,17.213400,0
40.800000,-0.251010,0.559822,-2.669936,-0.382929,0.557835,-2.013767,0.131934,16.548300,0
40.820000,-0.275714,0.569291,-2.613532,-0.382926,0.557833,-2.031771,0.107823,16.907400,0
40.840000,-0.292486,0.560900,-2.612903,-0.382924,0.557832,-2.049773,0.090490,16.758100,0
40.860000,-0.259813,0.572646,-2.710757,-0.382921,0.557831,-2.067774,0.123996,16.124400,0
40.880000,-0.293168,0.561268,-2.621562,-0.385294,0.556543,-2.071205,0.092247,16.286200,0
40.900000,-0.266623,0.571482,-2.748382,-0.387929,0.555102,-2.071202,0.122407,16.990200,0
40.920000,-0.185983,0.594993,-2.750854,-0.390564,0.553660,-2.071195,0.208715,17.208300,0
40.940000,-0.242244,0.570879,-2.768684,-0.393199,0.552220,-2.071186,0.152104,16.290600,0
40.960000,-0.261879,0.557622,-2.721648,-0.395833,0.550779,-2.071180,0.134129,16.221600,0
40.980000,-0.252185,0.570293,-2.669702,-0.398467,0.549339,-2.071174,0.147776,16.648900,0
41.000000,-0.318090,0.545642,-2.583331,-0.401100,0.547900,-2.071170,0.083041,16.422200,0
41.020000,-0.303605,0.542384,-2.689641,-0.403734,0.546460,-2.071166,0.100212,16.674800,0
41.040000,-0.250866,0.575199,-2.595494,-0.406367,0.545021,-2.071164,0.158402,16.648500,0
41.060000,-0.308998,0.548445,-2.630811,-0.406747,0.544813,-2.087558,0.097816,15.972100,0
41.080000,-0.332502,0.541321,-2.708058,-0.406799,0.544782,-2.106274,0.074378,16.564600,0
41.100000,-0.271643,0.553714,-2.640300,-0.406796,0.544783,-2.124261,0.135448,16.590700,0
41.120000,-0.282779,0.558263,-2.725860,-0.406793,0.544784,-2.142252,0.124744,16.479500,0
41.140000,-0.247325,0.571846,-2.625289,-0.406790,0.544784,-2.160248,0.161745,15.952400,0
41.160000,-0.333855,0.537894,-2.502381,-0.406787,0.544785,-2.178247,0.073257,16.894000,0
41.180000,-0.314828,0.547073,-2.631110,-0.406784,0.544784,-2.196248,0.091985,17.786400,0
41.200000,-0.297741,0.562272,-2.644503,-0.406781,0.544784,-2.214249,0.110433,16.172900,0
41.220000,-0.299070,0.557105,-2.456166,-0.406778,0.544784,-2.232250,0.108410,16.142900,0
41.240000,-0.283638,0.567688,-2.496201,-0.406775,0.544783,-2.250251,0.125249,16.456500,0
41.260000,-0.292028,0.563389,-2.553566,-0.406772,0.544783,-2.268251,0.116242,16.429300,0
41.280000,-0.304633,0.559030,-2.395503,-0.406770,0.544782,-2.286250,0.103126,16.055400,0
41.300000,-0.334716,0.551737,-2.198742,-0.406767,0.544782,-2.304248,0.072386,17.183800,0
41.320000,-0.323008,0.538307,-2.298340,-0.406765,0.544781,-2.322246,0.084006,16.357100,0
41.340000,-0.295271,0.566784,-2.425981,-0.406763,0.544780,-2.340242,0.113642,16.587100,0
41.360000,-0.284409,0.582340,-2.407669,-0.406760,0.544780,-2.358237,0.127986,16.205500,0
41.380000,-0.295316,0.570142,-2.411529,-0.406758,0.544779,-2.376232,0.114292,15.144500,0
41.400000,-0.281955,0.571957,-2.343409,-0.406756,0.544778,-2.394226,0.127727,15.170900,0
41.420000,-0.301215,0.572259,-2.338094,-0.406754,0.544777,-2.412219,0.109058,14.199700,0
41.440000,-0.291954,0.568671,-2.330816,-0.406752,0.544777,-2.430211,0.117259,15.798500,0
41.460000,-0.310351,0.574123,-2.310949,-0.406750,0.544776,-2.448203,0.100767,15.469100,0
41.480000,-0.285790,0.578805,-2.322833,-0.408590,0.542693,-2.449613,0.128000,15.176100,0
41.500000,-0.335477,0.533736,-2.193792,-0.410507,0.540379,-2.449606,0.075323,16.172900,0
41.520000,-0.308096,0.555974,-2.320352,-0.412423,0.538067,-2.449596,0.105853,15.740900,0
41.540000,-0.296064,0.572818,-2.190381,-0.414339,0.535755,-2.449588,0.123946,17.086500,0
41.560000,-0.335592,0.536380,-2.328000,-0.416255,0.533443,-2.449582,0.080716,16.541200,0
41.580000,-0.311739,0.548555,-2.327829,-0.418171,0.531132,-2.449578,0.107849,17.203400,0
41.600000,-0.367002,0.505776,-2.262063,-0.420087,0.528822,-2.449574,0.057872,14.933300,0
41.620000,-0.336838,0.534414,-2.221756,-0.422002,0.526511,-2.449572,0.085530,14.288200,0
41.640000,-0.304997,0.570375,-2.377105,-0.423917,0.524201,-2.449570,0.127570,14.583900,0
41.660000,-0.331021,0.518142,-2.322212,-0.425832,0.521891,-2.449569,0.094885,15.141100,0
41.680000,-0.358742,0.512475,-2.322112,-0.427747,0.519580,-2.449568,0.069370,15.709500,0
41.700000,-0.329671,0.543521,-2.362052,-0.429662,0.517270,-2.449568,0.103379,16.084600,0
41.720000,-0.416662,0.455919,-2.192850,-0.431576,0.514960,-2.449567,0.060895,16.539700,0
41.740000,-0.331556,0.537533,-2.342192,-0.433491,0.512650,-2.449566,0.104928,16.522100,0
41.760000,-0.374948,0.485548,-2.214490,-0.435406,0.510340,-2.449566,0.065344,15.966200,0
41.780000,-0.354993,0.510131,-2.227069,-0.437320,0.508030,-2.449566,0.082354,16.667900,0
41.800000,-0.350123,0.521700,-2.370114,-0.439235,0.505720,-2.449565,0.090533,16.152400,0
41.820000,-0.366856,0.505352,-2.297401,-0.441149,0.503410,-2.449565,0.074319,16.111200,0
41.840000,-0.331935,0.525873,-2.366444,-0.443063,0.501101,-2.449565,0.113855,16.350200,0
41.860000,-0.324117,0.525270,-2.272776,-0.444978,0.498791,-2.449565,0.123728,16.632200,0
41.880000,-0.349870,0.519938,-2.186357,-0.446892,0.496481,-2.449565,0.099817,16.985200,0
41.900000,-0.367775,0.489640,-2.231946,-0.448807,0.494171,-2.449565,0.081159,16.821300,0
41.920000,-0.319294,0.564959,-2.341685,-0.450721,0.491861,-2.449565,0.150387,16.664400,0
41.940000,-0.359418,0.517692,-2.329253,-0.452635,0.489551,-2.449565,0.097372,17.675300,0
41.960000,-0.371365,0.495974,-2.183120,-0.454550,0.487241,-2.449565,0.083643,17.932000,0
41.980000,-0.366060,0.493862,-2.352407,-0.456464,0.484931,-2.449565,0.090844,18.487200,0
42.000000,-0.354788,0.500696,-2.325022,-0.458378,0.482622,-2.449565,0.105155,17.751500,0
42.020000,-0.358778,0.500113,-2.380485,-0.460292,0.480312,-2.449565,0.103427,16.759300,0
42.040000,-0.364953,0.489926,-2.311727,-0.462207,0.478002,-2.449564,0.097983,16.307600,0
42.060000,-0.367362,0.501962,-2.243825,-0.464121,0.475692,-2.449564,0.100262,16.838000,0
42.080000,-0.392186,0.467886,-2.205368,-0.466035,0.473382,-2.449564,0.074053,17.312600,0
42.100000,-0.390935,0.460676,-2.251433,-0.467950,0.471072,-2.449564,0.077714,17.741800,0
42.120000,-0.389141,0.476157,-2.233848,-0.469864,0.468762,-2.449564,0.081061,17.210400,0
42.140000,-0.350737,0.515908,-2.243657,-0.471778,0.466452,-2.449564,0.130755,17.380200,0
42.160000,-0.390606,0.460179,-2.273180,-0.473693,0.464143,-2.449564,0.083181,17.641200,0
42.180000,-0.411113,0.445335,-2.186540,-0.475607,0.461833,-2.449564,0.066571,18.754500,0
42.200000,-0.381715,0.474359,-2.287078,-0.477521,0.459523,-2.449564,0.096948,18.265800,0
42.220000,-0.417697,0.423994,-2.230065,-0.479436,0.457213,-2.449564,0.070109,17.269500,0
42.240000,-0.382695,0.466689,-2.272305,-0.481350,0.454903,-2.449564,0.099356,16.983200,0
42.260000,-0.361058,0.492452,-2.379856,-0.483264,0.452593,-2.449564,0.128542,17.461300,0
42.280000,-0.383514,0.470132,-2.235768,-0.485178,0.450283,-2.449564,0.103584,17.858200,0
42.300000,-0.390430,0.477863,-2.213160,-0.487093,0.447974,-2.449564,0.101179,17.099400,0
42.320000,-0.410908,0.438620,-2.213198,-0.489007,0.445664,-2.449564,0.078416,16.763200,0
42.340000,-0.407048,0.446852,-2.184066,-0.490921,0.443354,-2.449564,0.083946,18.931600,0
42.360000,-0.440925,0.404789,-2.163933,-0.492836,0.441044,-2.449564,0.063318,16.885200,0
42.380000,-0.412796,0.445954,-2.326522,-0.494750,0.438734,-2.449564,0.082272,17.507100,0
42.400000,-0.411419,0.430223,-2.166039,-0.496664,0.436424,-2.449564,0.085471,17.224300,0
42.420000,-0.409224,0.453497,-2.354077,-0.498579,0.434114,-2.449564,0.091433,17.041700,0
42.440000,-0.404239,0.464744,-2.305187,-0.500493,0.431805,-2.449564,0.101734,16.923900,0
42.460000,-0.402687,0.440058,-2.334301,-0.502407,0.429495,-2.449564,0.100278,16.938900,0
42.480000,-0.381463,0.458639,-2.208158,-0.504321,0.427185,-2.449564,0.126821,16.630900,0
42.500000,-0.358344,0.499789,-2.385626,-0.506236,0.424875,-2.449564,0.165783,18.528700,0
42.520000,-0.417518,0.450781,-2.320691,-0.508150,0.422565,-2.449564,0.094922,17.528400,0
42.540000,-0.447401,0.402463,-2.146521,-0.510064,0.420255,-2.449564,0.065140,17.151300,0
42.560000,-0.418806,0.449388,-2.295163,-0.511979,0.417945,-2.449564,0.098336,16.147500,0
42.580000,-0.384810,0.468093,-2.400156,-0.513893,0.415636,-2.449564,0.139335,16.754300,0
42.600000,-0.432853,0.424708,-2.228200,-0.515807,0.413326,-2.449564,0.083731,17.374600,0
42.620000,-0.418707,0.440169,-2.349977,-0.517722,0.411016,-2.449564,0.103218,15.760400,0
42.640000,-0.429194,0.439561,-2.377617,-0.519636,0.408706,-2.449564,0.095561,15.597300,0
42.660000,-0.447625,0.406608,-2.184440,-0.521550,0.406396,-2.449564,0.073925,14.966900,0
42.680000,-0.429986,0.429780,-2.313556,-0.523464,0.404086,-2.449564,0.096945,15.970900,0
42.700000,-0.425621,0.438179,-2.314120,-0.525379,0.401776,-2.449564,0.106192,16.453300,0
42.720000,-0.440838,0.420462,-2.262045,-0.527293,0.399467,-2.449564,0.088968,17.340200,0
42.740000,-0.433638,0.417484,-2.139566,-0.527519,0.399191,-2.467016,0.095647,17.438800,0
42.760000,-0.459194,0.382128,-2.230078,-0.527532,0.399174,-2.485294,0.070432,16.520700,0
42.780000,-0.438759,0.415972,-2.266807,-0.527529,0.399176,-2.503285,0.090345,15.454200,0
42.800000,-0.451542,0.398816,-2.111198,-0.527526,0.399178,-2.521278,0.075985,16.231400,0
42.820000,-0.434729,0.445338,-2.209116,-0.527523,0.399179,-2.539274,0.103641,16.314300,0
42.840000,-0.417450,0.423088,-2.223770,-0.527520,0.399180,-2.557270,0.112636,16.642800,0
42.860000,-0.441365,0.422090,-2.249991,-0.529171,0.397075,-2.557388,0.091300,16.463400,0
42.880000,-0.425520,0.440227,-2.140371,-0.530827,0.394570,-2.557382,0.114779,15.303900,0
42.900000,-0.448659,0.392847,-2.151278,-0.532484,0.392065,-2.557378,0.083829,14.965300,0
42.920000,-0.463629,0.376788,-2.057865,-0.534140,0.389561,-2.557374,0.071659,15.364400,0
42.940000,-0.469857,0.366087,-2.112269,-0.535795,0.387057,-2.557372,0.069192,15.729700,0
42.960000,-0.463887,0.366878,-2.108364,-0.537451,0.384554,-2.557370,0.075658,15.576300,0
42.980000,-0.435147,0.419494,-2.209243,-0.539106,0.382050,-2.557369,0.110497,15.721500,0
43.000000,-0.452186,0.395997,-2.224740,-0.540762,0.379547,-2.557368,0.090090,15.309800,0
43.020000,-0.480556,0.356193,-2.061514,-0.542417,0.377045,-2.557367,0.065281,60.418900,0
43.040000,-0.476660,0.344853,-2.158271,-0.544072,0.374542,-2.557366,0.073660,26.668600,0
43.060000,-0.429096,0.415205,-2.259177,-0.545727,0.372039,-2.557366,0.124362,16.228800,0
43.080000,-0.470531,0.384106,-2.136226,-0.547382,0.369536,-2.557365,0.078219,15.726800,0
43.100000,-0.446721,0.421913,-2.202802,-0.549037,0.367034,-2.557365,0.116104,49.124900,0
43.120000,-0.449956,0.411924,-2.213448,-0.550692,0.364531,-2.557365,0.111328,16.684400,0
43.140000,-0.444380,0.422230,-2.247140,-0.552347,0.362029,-2.557365,0.123617,16.753800,0
43.160000,-0.463643,0.370012,-2.284898,-0.554001,0.359526,-2.557365,0.090964,16.089800,0
43.180000,-0.441331,0.395525,-2.100306,-0.555656,0.357024,-2.557365,0.120634,16.206100,0
43.200000,-0.458042,0.363957,-2.194144,-0.557311,0.354521,-2.557364,0.099717,16.803000,0
43.220000,-0.484696,0.353799,-2.149096,-0.558966,0.352019,-2.557364,0.074291,16.645100,0
43.240000,-0.498748,0.341173,-2.116053,-0.560620,0.349516,-2.557364,0.062432,16.315100,0
43.260000,-0.478059,0.362711,-2.153835,-0.562275,0.347014,-2.557364,0.085666,15.885700,0
43.280000,-0.440503,0.429203,-2.357895,-0.563930,0.344511,-2.557364,0.149689,16.620500,0
43.300000,-0.466194,0.358451,-2.238790,-0.565584,0.342009,-2.557364,0.100740,17.225500,0
43.320000,-0.442769,0.385649,-2.117259,-0.567239,0.339507,-2.557364,0.132748,16.547300,0
43.340000,-0.474273,0.375960,-2.198632,-0.568894,0.337004,-2.557364,0.102326,15.640900,0
43.360000,-0.459419,0.390275,-2.253072,-0.570548,0.334502,-2.557364,0.124340,16.473000,0
43.380000,-0.489221,0.332525,-2.189691,-0.572203,0.331999,-2.557364,0.082984,17.932100,0
43.400000,-0.484850,0.354819,-2.189748,-0.573858,0.329497,-2.557364,0.092539,18.278400,0
43.420000,-0.491237,0.323371,-2.092001,-0.575512,0.326994,-2.557364,0.084353,17.387500,0
43.440000,-0.453498,0.412794,-2.271172,-0.577167,0.324492,-2.557364,0.151958,14.858500,0
43.460000,-0.479160,0.355236,-2.227600,-0.578822,0.321990,-2.557364,0.105061,14.530600,0
43.480000,-0.503881,0.304399,-2.106796,-0.580476,0.319487,-2.557364,0.078067,16.096800,0
43.500000,-0.468818,0.364032,-2.230574,-0.582131,0.316985,-2.557364,0.122691,15.394200,0
43.520000,-0.513796,0.312904,-2.072506,-0.583786,0.314482,-2.557364,0.070008,15.706200,0
43.540000,-0.484367,0.360266,-2.180126,-0.585440,0.311980,-2.557364,0.112015,15.104700,0
43.560000,-0.487504,0.346693,-2.113046,-0.587095,0.309478,-2.557364,0.106317,15.537900,0
43.580000,-0.494909,0.340665,-2.143272,-0.588750,0.306975,-2.557364,0.099706,15.152200,0
43.600000,-0.485503,0.361601,-2.229573,-0.588802,0.306641,-2.574216,0.117010,15.523200,0
43.620000,-0.495581,0.308328,-2.224805,-0.588799,0.306644,-2.592201,0.093233,15.635800,0
43.640000,-0.481480,0.368364,-2.210101,-0.588796,0.306647,-2.610190,0.123797,17.459400,0
43.660000,-0.504945,0.286349,-2.103424,-0.588793,0.306649,-2.628183,0.086270,18.029800,0
43.680000,-0.483115,0.353685,-2.134345,-0.588790,0.306650,-2.646177,0.115669,18.331600,0
43.700000,-0.490446,0.330166,-2.008621,-0.588787,0.306651,-2.664172,0.101114,17.863900,0
43.720000,-0.516573,0.307929,-1.980909,-0.590163,0.304495,-2.664261,0.073670,18.049500,0
43.740000,-0.522353,0.287193,-2.047166,-0.591543,0.301828,-2.664256,0.070721,17.877900,0
43.760000,-0.494099,0.347006,-2.119453,-0.592923,0.299161,-2.664252,0.109797,17.625600,0
43.780000,-0.503479,0.310273,-2.117700,-0.594302,0.296494,-2.664248,0.091862,17.433300,0
43.800000,-0.496499,0.350992,-2.019345,-0.595681,0.293828,-2.664246,0.114476,17.493900,0
43.820000,-0.499967,0.334392,-2.184758,-0.597060,0.291162,-2.664244,0.106282,17.715600,0
43.840000,-0.518543,0.304924,-2.023408,-0.598439,0.288497,-2.664243,0.081567,17.700100,0
43.860000,-0.533311,0.287163,-2.006004,-0.599818,0.285832,-2.664241,0.066520,16.970500,0
43.880000,-0.508643,0.317161,-2.108226,-0.601197,0.283166,-2.664241,0.098600,17.428100,0
43.900000,-0.541169,0.266816,-1.955241,-0.602576,0.280501,-2.664240,0.062913,17.547700,0
43.920000,-0.522923,0.302371,-2.070710,-0.603954,0.277836,-2.664240,0.084664,17.250300,0
43.940000,-0.509653,0.308661,-2.090899,-0.605333,0.275172,-2.664239,0.101372,18.015700,0
43.960000,-0.503315,0.340817,-2.098939,-0.606711,0.272507,-2.664239,0.123924,18.025000,0
43.980000,-0.516524,0.305210,-2.015283,-0.606729,0.272083,-2.681710,0.096095,17.434200,0
44.000000,-0.558343,0.214653,-1.914058,-0.606734,0.272071,-2.699893,0.075090,15.381100,0
44.020000,-0.528879,0.285396,-1.963677,-0.606731,0.272074,-2.717881,0.078984,14.790300,0
44.040000,-0.545360,0.233398,-1.906161,-0.606729,0.272076,-2.735871,0.072540,15.078700,0
44.060000,-0.513685,0.296663,-2.001437,-0.606727,0.272077,-2.753862,0.096235,14.658100,0
44.080000,-0.530721,0.284258,-1.852567,-0.606724,0.272079,-2.771855,0.076973,14.973600,0
44.100000,-0.538470,0.275452,-1.929379,-0.606722,0.272080,-2.789847,0.068335,14.747400,0
44.120000,-0.533519,0.285758,-1.926423,-0.606720,0.272080,-2.807840,0.074467,15.649200,0
44.140000,-0.540118,0.263592,-1.957000,-0.606718,0.272081,-2.825832,0.067139,16.390500,0
44.160000,-0.520488,0.318555,-1.903886,-0.606715,0.272081,-2.843823,0.097954,16.112500,0
44.180000,-0.522983,0.297994,-1.950245,-0.606713,0.272081,-2.861813,0.087649,17.531600,0
44.200000,-0.529620,0.290229,-1.791649,-0.606711,0.272082,-2.879803,0.079198,17.838800,0
44.220000,-0.540211,0.243257,-1.805909,-0.606709,0.272082,-2.897791,0.072476,17.935500,0
44.240000,-0.520935,0.342696,-1.902500,-0.606707,0.272082,-2.915780,0.111100,17.716900,0
44.260000,-0.545037,0.252870,-1.772774,-0.606705,0.272082,-2.933767,0.064591,17.691600,0
44.280000,-0.545077,0.255230,-1.684289,-0.606703,0.272082,-2.951753,0.063889,17.101800,0
44.300000,-0.529105,0.334277,-1.749254,-0.606701,0.272082,-2.969740,0.099445,17.986400,0
44.320000,-0.528699,0.311846,-1.803120,-0.607123,0.269775,-2.977185,0.088996,18.339200,0
44.340000,-0.532849,0.277879,-1.689299,-0.607614,0.266811,-2.977182,0.075579,18.023700,0
44.360000,-0.534473,0.258672,-1.747207,-0.608104,0.263848,-2.977170,0.073813,17.153800,0
44.380000,-0.550658,0.239103,-1.532029,-0.608595,0.260885,-2.977162,0.061896,17.717700,0
44.400000,-0.541535,0.236388,-1.659163,-0.609086,0.257923,-2.977155,0.070901,18.565200,0
44.420000,-0.537744,0.296475,-1.761652,-0.609577,0.254962,-2.977151,0.082965,15.901100,0
44.440000,-0.524869,0.364959,-1.923582,-0.610068,0.252001,-2.977148,0.141487,16.006200,0
44.460000,-0.523399,0.347867,-1.819872,-0.610560,0.249040,-2.977146,0.131772,15.569700,0
44.480000,-0.547659,0.256341,-1.764850,-0.611051,0.246079,-2.977145,0.064217,15.770300,0
44.500000,-0.552017,0.214000,-1.789121,-0.611543,0.243119,-2.977144,0.066267,15.875400,0
44.520000,-0.536255,0.302198,-1.809936,-0.612034,0.240159,-2.977143,0.097935,15.845700,0
44.540000,-0.538361,0.292717,-1.712075,-0.612525,0.237199,-2.977143,0.092642,15.615300,0
44.560000,-0.534556,0.301572,-1.783042,-0.613017,0.234239,-2.977142,0.103391,15.783800,0
44.580000,-0.550523,0.218671,-1.728632,-0.613508,0.231279,-2.977141,0.064234,16.204900,0
44.600000,-0.548299,0.232081,-1.692253,-0.613999,0.228320,-2.977140,0.065807,15.738100,0
44.620000,-0.537619,0.258390,-1.706313,-0.614491,0.225360,-2.977140,0.083667,16.280700,0
44.640000,-0.556026,0.169010,-1.619810,-0.614567,0.224668,-2.989778,0.080777,15.533500,0
44.660000,-0.546946,0.217185,-1.628609,-0.614538,0.224496,-3.009778,0.067986,17.149300,0
44.680000,-0.547137,0.279852,-1.700083,-0.614537,0.224498,-3.027780,0.087217,16.820700,0
44.700000,-0.544087,0.280189,-1.649114,-0.614536,0.224501,-3.045769,0.089801,16.755500,0
44.720000,-0.537091,0.327999,-1.657132,-0.614534,0.224504,-3.063758,0.129262,17.686800,0
44.740000,-0.547941,0.264084,-1.702646,-0.614533,0.224505,-3.081748,0.077467,17.508300,0
44.760000,-0.533058,0.300871,-1.594427,-0.614749,0.222308,-3.090756,0.113338,14.912900,0
44.780000,-0.547084,0.277190,-1.691056,-0.614900,0.219309,-3.090754,0.089159,15.636100,0
44.800000,-0.546798,0.243770,-1.711136,-0.615051,0.216310,-3.090750,0.073570,16.269200,0
44.820000,-0.541006,0.277265,-1.695746,-0.615202,0.213312,-3.090747,0.097954,15.937000,0
44.840000,-0.542376,0.195567,-1.588766,-0.615353,0.210314,-3.090744,0.074453,16.828500,0
44.860000,-0.549531,0.199997,-1.579263,-0.615505,0.207316,-3.090741,0.066378,16.210800,0
44.880000,-0.554141,0.223368,-1.547694,-0.615657,0.204319,-3.090739,0.064397,16.289000,0
44.900000,-0.553295,0.293002,-1.702019,-0.615809,0.201322,-3.090738,0.110966,16.876600,0
44.920000,-0.548236,0.210105,-1.655018,-0.615962,0.198325,-3.090736,0.068743,16.094500,0
44.940000,-0.544691,0.223750,-1.691282,-0.616114,0.195328,-3.090735,0.076871,16.524000,0
44.960000,-0.555531,0.134495,-1.525408,-0.616267,0.192332,-3.090735,0.083868,16.610700,0
44.980000,-0.542376,0.264118,-1.692288,-0.616419,0.189335,-3.090734,0.105237,16.313200,0
45.000000,-0.555535,0.166297,-1.671568,-0.616572,0.186339,-3.090734,0.064244,15.902900,0
45.020000,-0.548477,0.253797,-1.684702,-0.616724,0.183343,-3.090733,0.098089,15.585100,0
45.040000,-0.554996,0.169755,-1.626362,-0.616877,0.180346,-3.090733,0.062781,16.538600,0
45.060000,-0.558411,0.155165,-1.511100,-0.617029,0.177350,-3.090733,0.062675,16.753400,0
45.080000,-0.546931,0.116721,-1.581516,-0.617182,0.174354,-3.090733,0.090867,16.876800,0
45.100000,-0.552882,0.247303,-1.722860,-0.617334,0.171358,-3.090733,0.099608,16.513600,0
45.120000,-0.553648,0.212721,-1.638837,-0.617487,0.168361,-3.090733,0.077738,15.873100,0
45.140000,-0.544447,0.233018,-1.674228,-0.617452,0.167496,-3.101051,0.098096,15.811900,0
45.160000,-0.556092,0.167260,-1.576668,-0.617443,0.167323,-3.121049,0.061351,16.417800,0
45.180000,-0.558713,0.147879,-1.478827,-0.617442,0.167321,-3.139098,0.061864,15.775200,0
45.200000,-0.555508,0.186243,-1.496993,-0.617441,0.167324,3.126099,0.064758,16.478500,0
45.220000,-0.557683,0.207672,-1.701070,-0.617440,0.167326,3.108110,0.072102,16.528800,0
45.240000,-0.546750,0.230160,-1.559767,-0.617439,0.167329,3.090121,0.094577,16.110500,0
45.260000,-0.553169,0.217703,-1.595901,-0.617316,0.165156,3.080828,0.082921,16.443500,0
45.280000,-0.548463,0.303502,-1.528808,-0.617131,0.162159,3.080830,0.157140,17.923200,0
45.300000,-0.557296,0.225426,-1.583927,-0.616947,0.159162,3.080836,0.089158,17.448900,0
45.320000,-0.552871,0.165455,-1.591856,-0.616763,0.156165,3.080839,0.064564,17.543900,0
45.340000,-0.556096,0.187637,-1.559230,-0.616580,0.153169,3.080842,0.069616,17.073500,0
45.360000,-0.553919,0.175131,-1.505901,-0.616397,0.150173,3.080844,0.067279,15.070600,0
45.380000,-0.549903,0.237060,-1.665280,-0.616214,0.147178,3.080846,0.111696,15.068100,0
45.400000,-0.555071,0.186641,-1.519611,-0.616032,0.144182,3.080848,0.074290,15.685800,0
45.420000,-0.546376,0.045010,-1.347030,-0.615849,0.141187,3.080849,0.118645,15.595800,0
45.440000,-0.546736,0.099413,-1.370869,-0.615667,0.138192,3.080850,0.079090,15.749300,0
45.460000,-0.552373,0.190656,-1.523761,-0.615485,0.135197,3.080851,0.084017,15.090100,0
45.480000,-0.553188,0.179622,-1.526120,-0.615303,0.132202,3.080851,0.078147,16.014900,0
45.500000,-0.550614,0.089390,-1.466454,-0.615121,0.129208,3.080852,0.075806,15.356000,0
45.520000,-0.550199,0.131752,-1.467803,-0.614938,0.126213,3.080852,0.064975,15.414800,0
45.540000,-0.551103,0.158140,-1.589359,-0.614756,0.123218,3.080852,0.072603,15.501000,0
45.560000,-0.556398,0.174827,-1.547800,-0.614574,0.120224,3.080853,0.079787,15.914200,0
45.580000,-0.556545,0.191677,-1.579779,-0.614392,0.117229,3.080853,0.094281,16.271300,0
45.600000,-0.553962,0.097405,-1.454961,-0.614210,0.114234,3.080853,0.062554,16.113700,0
45.620000,-0.546887,0.178022,-1.480804,-0.614028,0.111240,3.080853,0.094698,16.867000,0
45.640000,-0.536218,0.023113,-1.454818,-0.613846,0.108245,3.080853,0.115211,16.974200,0
45.660000,-0.540292,0.064439,-1.426419,-0.613664,0.105251,3.080853,0.083958,16.151700,0
45.680000,-0.556938,0.164058,-1.491227,-0.613482,0.102256,3.080853,0.083766,15.950100,0
45.700000,-0.554418,0.161541,-1.596119,-0.613522,0.101412,3.091463,0.084314,15.088800,0
45.720000,-0.548111,0.130498,-1.594141,-0.613533,0.101239,3.111461,0.071666,15.990300,0
45.740000,-0.549428,0.093201,-1.537866,-0.613534,0.101240,3.129475,0.064608,16.561300,0
45.760000,-0.550285,0.076228,-1.612714,-0.613535,0.101243,-3.135722,0.068017,17.023900,0
45.780000,-0.550170,0.097810,-1.507022,-0.613536,0.101246,-3.117733,0.063459,17.063600,0
45.800000,-0.537766,0.066852,-1.632447,-0.613537,0.101248,-3.099743,0.083213,16.856500,0
45.820000,-0.555578,0.060060,-1.534771,-0.613637,0.099085,-3.090332,0.069955,17.949300,0
45.840000,-0.551730,0.194433,-1.675240,-0.613793,0.096086,-3.090334,0.116293,17.442500,0
45.860000,-0.539897,0.135807,-1.665516,-0.613949,0.093088,-3.090338,0.085491,18.111600,0
45.880000,-0.543216,0.186852,-1.705178,-0.614105,0.090089,-3.090341,0.119952,17.894500,0
45.900000,-0.548563,0.127193,-1.731586,-0.614259,0.087092,-3.090344,0.076968,17.841700,0
45.920000,-0.543765,0.123925,-1.579457,-0.614414,0.084094,-3.090346,0.081104,17.706200,0
45.940000,-0.547853,0.030904,-1.576524,-0.614568,0.081097,-3.090348,0.083488,18.075500,0
45.960000,-0.548605,0.054979,-1.512579,-0.614722,0.078100,-3.090350,0.070043,15.557000,0
45.980000,-0.543154,0.023577,-1.639271,-0.614876,0.075103,-3.090351,0.088312,14.802100,0
46.000000,-0.545978,0.040484,-1.644213,-0.615030,0.072107,-3.090352,0.075948,15.049900,0
46.020000,-0.557611,0.034702,-1.617494,-0.615184,0.069110,-3.090353,0.067071,14.905600,0
46.040000,-0.547398,0.126397,-1.570934,-0.615337,0.066114,-3.090354,0.090828,15.628800,0
46.060000,-0.553295,0.095280,-1.599264,-0.615491,0.063117,-3.090354,0.070020,15.389900,0
46.080000,-0.548155,0.092229,-1.708260,-0.615645,0.060121,-3.090354,0.074739,15.284400,0
46.100000,-0.542306,0.116760,-1.614775,-0.615798,0.057125,-3.090355,0.094643,15.345900,0
46.120000,-0.548295,0.096308,-1.698661,-0.615952,0.054129,-3.090355,0.079728,14.830900,0
46.140000,-0.549320,-0.002326,-1.666393,-0.616106,0.051132,-3.090355,0.085546,16.001600,0
46.160000,-0.549096,0.094227,-1.592353,-0.616259,0.048136,-3.090355,0.081457,15.790300,0
46.180000,-0.554655,0.074482,-1.565697,-0.616413,0.045140,-3.090355,0.068374,14.818800,0
46.200000,-0.554253,0.049314,-1.675750,-0.616566,0.042144,-3.090355,0.062724,15.054200,0
46.220000,-0.550291,0.121912,-1.645704,-0.616720,0.039148,-3.090355,0.106126,15.629200,0
46.240000,-0.550776,0.079293,-1.677208,-0.616874,0.036152,-3.090355,0.078931,14.692700,0
46.260000,-0.543978,0.116635,-1.672904,-0.617027,0.033156,-3.090355,0.110927,15.665100,0
46.280000,-0.555709,0.013613,-1.630967,-0.617181,0.030160,-3.090355,0.063660,16.320800,0
46.300000,-0.555348,0.038152,-1.627549,-0.617335,0.027164,-3.090355,0.062954,15.864800,0
46.320000,-0.554145,0.085541,-1.657531,-0.617488,0.024167,-3.090355,0.088199,16.012900,0
46.340000,-0.543582,0.072415,-1.685202,-0.617642,0.021171,-3.090355,0.090060,16.264500,0
46.360000,-0.554548,0.062077,-1.638470,-0.617795,0.018175,-3.090355,0.076991,17.375900,0
46.380000,-0.553173,0.028121,-1.549144,-0.617949,0.015179,-3.090355,0.066056,17.879300,0
46.400000,-0.551674,-0.017209,-1.529983,-0.618103,0.012183,-3.090355,0.072641,18.349700,0
46.420000,-0.555900,0.004731,-1.621184,-0.618256,0.009187,-3.090355,0.062515,17.176300,0
46.440000,-0.553173,-0.011342,-1.575922,-0.618410,0.006191,-3.090355,0.067552,18.227900,0
46.460000,-0.555844,0.063880,-1.590339,-0.618564,0.003195,-3.090355,0.087272,17.650700,0
46.480000,-0.555326,-0.016256,-1.570852,-0.618717,0.000199,-3.090355,0.065491,18.724100,0
46.500000,-0.550906,0.019402,-1.572517,-0.618871,-0.002797,-3.090355,0.071498,17.398100,0
46.520000,-0.557663,-0.123969,-1.536175,-0.619025,-0.005793,-3.090355,0.133157,18.189400,0
46.540000,-0.556011,-0.014334,-1.560083,-0.619178,-0.008789,-3.090355,0.063410,17.964200,0
46.560000,-0.558043,-0.041084,-1.593289,-0.619332,-0.011785,-3.090355,0.067932,17.692300,0
46.580000,-0.555457,0.108055,-1.614143,-0.619486,-0.014781,-3.090355,0.138522,15.612900,0
46.600000,-0.552787,0.016839,-1.659513,-0.619639,-0.017778,-3.090355,0.075283,16.371800,0
46.620000,-0.555901,-0.076870,-1.591063,-0.619793,-0.020774,-3.090355,0.085024,17.783600,0
46.640000,-0.554210,-0.052685,-1.517150,-0.619946,-0.023770,-3.090355,0.071814,17.756600,0
46.660000,-0.558254,-0.064569,-1.626463,-0.620100,-0.026766,-3.090355,0.072484,17.617300,0
46.680000,-0.554317,-0.030936,-1.535197,-0.620254,-0.029762,-3.090355,0.065948,17.845200,0
46.700000,-0.558511,-0.018285,-1.672259,-0.620407,-0.032758,-3.090355,0.063566,17.136000,0
46.720000,-0.554957,-0.051428,-1.500537,-0.620561,-0.035754,-3.090355,0.067451,17.836900,0
46.740000,-0.556536,-0.027304,-1.678878,-0.620715,-0.038750,-3.090355,0.065191,17.963000,0
46.760000,-0.556624,0.019787,-1.747568,-0.620868,-0.041746,-3.090355,0.088959,17.965600,0
46.780000,-0.562818,-0.006332,-1.612040,-0.621022,-0.044742,-3.090355,0.069736,18.262000,0
46.800000,-0.556304,-0.047280,-1.497599,-0.621176,-0.047738,-3.090355,0.064873,17.647600,0
46.820000,-0.560815,-0.066326,-1.616429,-0.621329,-0.050734,-3.090355,0.062490,37.577100,0
46.840000,-0.550060,0.031400,-1.677369,-0.621483,-0.053730,-3.090355,0.111123,17.722600,0
46.860000,-0.549010,0.023592,-1.733302,-0.621637,-0.056726,-3.090355,0.108284,15.685700,0
46.880000,-0.559995,0.027956,-1.626326,-0.621790,-0.059722,-3.090355,0.107266,14.783300,0
46.900000,-0.553298,-0.021703,-1.653089,-0.621944,-0.062718,-3.090355,0.079965,15.808400,0
46.920000,-0.558317,0.027937,-1.755459,-0.622098,-0.065715,-3.090355,0.113308,16.242100,0
46.940000,-0.557400,-0.019827,-1.640016,-0.622251,-0.068711,-3.090355,0.081211,15.414500,0
46.960000,-0.555200,-0.026473,-1.662941,-0.622405,-0.071707,-3.090355,0.081010,16.070200,0
46.980000,-0.557509,-0.064665,-1.630791,-0.622558,-0.074703,-3.090355,0.065819,15.925900,0
47.000000,-0.547681,0.095740,-1.638953,-0.622712,-0.077699,-3.090355,0.188973,16.573600,0
47.020000,-0.563886,-0.000466,-1.577659,-0.622866,-0.080695,-3.090355,0.099576,16.927500,0
47.040000,-0.559360,-0.094105,-1.564404,-0.623019,-0.083691,-3.090355,0.064505,17.029800,0
47.060000,-0.567076,-0.113063,-1.603295,-0.623173,-0.086687,-3.090355,0.061988,17.010600,0
47.080000,-0.560433,-0.052929,-1.584980,-0.623327,-0.089683,-3.090355,0.072846,16.883200,0
47.100000,-0.564732,-0.032246,-1.639195,-0.623480,-0.092679,-3.090355,0.084282,16.143500,0
47.120000,-0.558457,0.018268,-1.682747,-0.623634,-0.095675,-3.090355,0.131267,16.449700,0
47.140000,-0.564791,-0.166082,-1.490099,-0.623788,-0.098671,-3.090355,0.089582,17.036500,0
47.160000,-0.560900,-0.029567,-1.632336,-0.623941,-0.101667,-3.090355,0.095773,17.423300,0
47.180000,-0.560068,-0.029125,-1.711715,-0.624095,-0.104663,-3.090355,0.099022,16.936900,0
47.200000,-0.560259,-0.070652,-1.727077,-0.624249,-0.107659,-3.090355,0.073920,18.308500,0
47.220000,-0.581583,-0.227931,-1.598038,-0.624402,-0.110655,-3.090355,0.124848,18.065900,0
47.240000,-0.563604,-0.105135,-1.621735,-0.624556,-0.113652,-3.090355,0.061544,16.236500,0
47.260000,-0.564560,-0.018823,-1.675477,-0.624709,-0.116648,-3.090355,0.114837,16.267300,0
47.280000,-0.561050,-0.039552,-1.756733,-0.624863,-0.119644,-3.090355,0.102405,15.727100,0
47.300000,-0.562112,-0.095053,-1.608440,-0.625017,-0.122640,-3.090355,0.068688,15.387900,0
47.320000,-0.556551,-0.072462,-1.577438,-0.625170,-0.125636,-3.090355,0.086811,15.843300,0
47.340000,-0.563347,-0.156979,-1.651409,-0.625324,-0.128632,-3.090355,0.068152,15.606700,0
47.360000,-0.563362,-0.111784,-1.615836,-0.625478,-0.131628,-3.090355,0.065208,15.464000,0
47.380000,-0.561835,-0.120532,-1.675899,-0.625631,-0.134624,-3.090355,0.065334,16.356400,0
47.400000,-0.563082,-0.135745,-1.573241,-0.625785,-0.137620,-3.090355,0.062731,15.819700,0
47.420000,-0.564034,-0.129417,-1.633846,-0.625939,-0.140616,-3.090355,0.062910,16.034800,0
47.440000,-0.560471,-0.179879,-1.584473,-0.626092,-0.143612,-3.090355,0.074976,15.949800,0
47.460000,-0.560019,-0.036982,-1.627891,-0.626246,-0.146608,-3.090355,0.128077,16.815300,0
47.480000,-0.566437,-0.064374,-1.697224,-0.626400,-0.149604,-3.090355,0.104210,16.234000,0
47.500000,-0.564203,-0.134028,-1.682520,-0.626553,-0.152600,-3.090355,0.065057,16.024000,0
47.520000,-0.572588,-0.158871,-1.679563,-0.626707,-0.155596,-3.090355,0.054218,17.127100,0
47.540000,-0.562859,-0.085886,-1.670162,-0.626861,-0.158592,-3.090355,0.096863,16.048600,0
47.560000,-0.557379,-0.121275,-1.742697,-0.627014,-0.161589,-3.090355,0.080463,16.334900,0
47.580000,-0.563560,-0.139040,-1.559488,-0.627168,-0.164585,-3.090355,0.068545,15.655900,0
47.600000,-0.563204,-0.206069,-1.589109,-0.627321,-0.167581,-3.090355,0.074782,15.709000,0
47.620000,-0.560118,-0.075701,-1.647676,-0.627475,-0.170577,-3.090355,0.116355,16.094000,0
47.640000,-0.564741,-0.096326,-1.697567,-0.627629,-0.173573,-3.090355,0.099609,15.384000,0
47.660000,-0.569177,-0.165850,-1.645179,-0.627782,-0.176569,-3.090355,0.059577,15.034900,0
47.680000,-0.566665,-0.177720,-1.578403,-0.627936,-0.179565,-3.090355,0.061299,15.803900,0
47.700000,-0.567227,-0.189793,-1.609891,-0.628090,-0.182561,-3.090355,0.061292,15.356900,0
47.720000,-0.569613,-0.164870,-1.552012,-0.628243,-0.185557,-3.090355,0.062173,15.582000,0
47.740000,-0.571160,-0.035824,-1.814280,-0.628397,-0.188553,-3.090355,0.163102,15.961700,0
47.760000,-0.560288,-0.146425,-1.707449,-0.628551,-0.191549,-3.090355,0.081830,15.193900,0
47.780000,-0.571316,-0.185932,-1.603984,-0.628704,-0.194545,-3.090355,0.058031,15.945400,0
47.800000,-0.558614,-0.037789,-1.646274,-0.628858,-0.197541,-3.090355,0.174514,15.942800,0
47.820000,-0.572002,-0.178058,-1.562367,-0.629012,-0.200537,-3.090355,0.061282,15.639200,0
47.840000,-0.569405,-0.204579,-1.650297,-0.629165,-0.203533,-3.090355,0.059769,15.215300,0
47.860000,-0.566865,-0.193118,-1.575261,-0.629319,-0.206529,-3.090355,0.063878,14.806300,0
47.880000,-0.568716,-0.201199,-1.670982,-0.629472,-0.209526,-3.090355,0.061324,15.355900,0
47.900000,-0.569316,-0.193639,-1.602037,-0.629626,-0.212522,-3.090355,0.063197,15.678600,0
47.920000,-0.569186,-0.123803,-1.689055,-0.629591,-0.213386,-3.100681,0.108045,15.057100,0
47.940000,-0.563697,-0.148661,-1.587865,-0.629583,-0.213560,-3.120678,0.092482,15.532400,0
47.960000,-0.565207,-0.166991,-1.608459,-0.629582,-0.213559,-3.138698,0.079452,14.766400,0
47.980000,-0.567091,-0.065226,-1.553805,-0.629581,-0.213556,3.126499,0.160956,14.169500,0
48.000000,-0.565876,-0.149662,-1.613199,-0.629580,-0.213553,3.108509,0.090224,14.055700,0
48.020000,-0.571019,-0.114456,-1.498394,-0.629501,-0.215700,3.098912,0.116921,15.065000,0
48.040000,-0.569423,-0.197558,-1.456701,-0.629498,-0.215712,3.098826,0.062758,14.782900,0
48.060000,-0.567731,-0.209160,-1.608492,-0.629368,-0.218245,3.098808,0.062303,16.730300,0
48.080000,-0.574769,-0.278067,-1.398819,-0.629238,-0.221244,3.098810,0.078713,28.428400,0
48.100000,-0.567544,-0.197060,-1.494937,-0.629108,-0.224243,3.098812,0.067298,16.616000,0
48.120000,-0.558259,-0.213842,-1.609711,-0.628979,-0.227241,3.098814,0.071978,16.411800,0
48.140000,-0.571631,-0.196749,-1.593679,-0.628850,-0.230240,3.098815,0.066300,17.252500,0
48.160000,-0.570306,-0.200037,-1.493538,-0.628721,-0.233238,3.098817,0.067191,17.229700,0
48.180000,-0.569084,-0.205159,-1.586495,-0.628592,-0.236236,3.098818,0.067134,17.310600,0
48.200000,-0.577408,-0.156261,-1.622480,-0.628464,-0.239233,3.098818,0.097422,16.871500,0
48.220000,-0.571013,-0.181697,-1.641790,-0.628335,-0.242231,3.098819,0.083367,17.808700,0
48.240000,-0.576507,-0.210787,-1.456964,-0.628207,-0.245229,3.098820,0.062122,17.089800,0
48.260000,-0.567889,-0.279032,-1.449054,-0.628079,-0.248226,3.098820,0.067615,16.597800,0
48.280000,-0.572076,-0.227763,-1.456677,-0.627950,-0.251224,3.098820,0.060600,16.677500,0
48.300000,-0.571394,-0.153463,-1.664580,-0.627822,-0.254221,3.098820,0.115483,15.754400,0
48.320000,-0.568829,-0.262194,-1.564038,-0.627694,-0.257219,3.098821,0.059075,15.034200,0
48.340000,-0.573152,-0.255359,-1.499085,-0.627565,-0.260216,3.098821,0.054629,15.080200,0
48.360000,-0.567351,-0.232130,-1.498158,-0.627437,-0.263213,3.098821,0.067649,15.205400,0
48.380000,-0.574911,-0.160402,-1.515527,-0.627309,-0.266211,3.098821,0.118072,15.786000,0
48.400000,-0.573051,-0.306466,-1.417629,-0.627181,-0.269208,3.098821,0.065714,16.729200,0
48.420000,-0.561749,-0.218346,-1.514991,-0.627052,-0.272205,3.098821,0.084647,16.246300,0
48.440000,-0.571657,-0.263504,-1.402845,-0.626924,-0.275203,3.098821,0.056492,15.790000,0
48.460000,-0.570208,-0.269429,-1.524594,-0.626796,-0.278200,3.098821,0.057264,14.749400,0
48.480000,-0.564827,-0.295937,-1.422714,-0.626668,-0.281197,3.098821,0.063574,15.150700,0
48.500000,-0.569926,-0.214368,-1.573094,-0.626539,-0.284194,3.098821,0.089892,15.573700,0
48.520000,-0.573084,-0.242700,-1.557378,-0.626411,-0.287192,3.098821,0.069450,15.239800,0
48.540000,-0.571744,-0.226910,-1.567521,-0.626283,-0.290189,3.098821,0.083538,16.146300,0
48.560000,-0.570831,-0.172920,-1.665205,-0.626155,-0.293186,3.098821,0.132380,15.905600,0
48.580000,-0.571174,-0.235955,-1.486304,-0.626026,-0.296183,3.098821,0.081462,16.332200,0
48.600000,-0.568523,-0.263697,-1.507796,-0.625898,-0.299181,3.098821,0.067461,15.932500,0
48.620000,-0.574173,-0.262495,-1.572387,-0.625770,-0.302178,3.098821,0.065092,15.991800,0
48.640000,-0.567370,-0.281627,-1.403078,-0.625642,-0.305175,3.098821,0.062850,15.913700,0
48.660000,-0.572856,-0.292440,-1.443103,-0.625513,-0.308173,3.098821,0.054957,17.502400,0
48.680000,-0.571767,-0.315912,-1.481910,-0.625385,-0.311170,3.098821,0.053827,16.235900,0
48.700000,-0.566056,-0.163973,-1.675413,-0.625257,-0.314167,3.098821,0.161440,16.387500,0
48.720000,-0.570608,-0.309397,-1.523798,-0.625128,-0.317164,3.098821,0.055070,16.222900,0
48.740000,-0.567264,-0.231027,-1.628029,-0.625000,-0.320162,3.098821,0.106200,16.038800,0
48.760000,-0.572269,-0.257494,-1.685014,-0.624872,-0.323159,3.098821,0.084137,16.520800,0
48.780000,-0.576207,-0.339542,-1.436923,-0.624744,-0.326156,3.098821,0.050350,15.999700,0
48.800000,-0.574612,-0.266164,-1.527929,-0.624615,-0.329153,3.098821,0.080423,16.605500,0
48.820000,-0.570564,-0.174156,-1.694837,-0.624487,-0.332151,3.098821,0.166943,16.942100,0
48.840000,-0.561356,-0.285979,-1.540828,-0.624359,-0.335148,3.098821,0.079919,17.184500,0
48.860000,-0.573351,-0.215839,-1.582363,-0.624231,-0.338145,3.098821,0.132467,16.876700,0
48.880000,-0.567784,-0.298372,-1.589386,-0.624102,-0.341142,3.098821,0.070717,17.222400,0
48.900000,-0.577003,-0.244461,-1.650218,-0.623974,-0.344140,3.098821,0.110192,15.801100,0
48.920000,-0.560324,-0.332692,-1.636052,-0.623846,-0.347137,3.098821,0.065144,16.279800,0
48.940000,-0.570376,-0.325257,-1.491238,-0.623717,-0.350134,3.098821,0.058857,16.853700,0
48.960000,-0.571397,-0.290942,-1.629267,-0.623589,-0.353131,3.098821,0.081188,16.132300,0
48.980000,-0.565325,-0.320010,-1.588286,-0.623461,-0.356129,3.098821,0.068443,16.285600,0
49.000000,-0.559043,-0.337068,-1.511522,-0.623333,-0.359126,3.098821,0.067969,16.815500,0
49.020000,-0.568168,-0.283792,-1.601295,-0.623302,-0.360019,3.088889,0.094076,17.345500,0
49.040000,-0.568063,-0.289168,-1.466937,-0.623293,-0.360192,3.068892,0.089971,17.894000,0
49.060000,-0.565533,-0.341257,-1.453753,-0.623292,-0.360200,3.050769,0.060786,15.852100,0
49.080000,-0.559191,-0.345283,-1.518241,-0.623291,-0.360197,3.032781,0.065812,15.493900,0
49.100000,-0.565039,-0.321051,-1.455852,-0.623290,-0.360193,3.014777,0.070180,15.750400,0
49.120000,-0.562436,-0.326945,-1.339783,-0.623289,-0.360187,2.996747,0.069341,16.028600,0
49.140000,-0.572282,-0.294640,-1.468784,-0.623288,-0.360181,2.978704,0.083050,15.460800,0
49.160000,-0.575987,-0.284650,-1.453202,-0.622887,-0.362477,2.971108,0.090866,16.295900,0
49.180000,-0.575540,-0.274615,-1.467718,-0.622375,-0.365436,2.971109,0.102186,15.398700,0
49.200000,-0.553506,-0.398603,-1.225411,-0.621864,-0.368395,2.971111,0.074735,15.937000,0
49.220000,-0.599485,-0.245641,-1.529066,-0.621354,-0.371353,2.971114,0.127600,16.585400,0
49.240000,-0.570935,-0.372120,-1.321045,-0.620844,-0.374311,2.971118,0.049957,14.912200,0
49.260000,-0.579456,-0.311815,-1.442988,-0.620334,-0.377269,2.971120,0.077170,16.163800,0
49.280000,-0.567468,-0.330791,-1.466967,-0.619825,-0.380227,2.971122,0.072008,17.641600,0
49.300000,-0.570493,-0.303472,-1.478568,-0.619315,-0.383184,2.971124,0.093475,20.702200,0
49.320000,-0.562577,-0.335865,-1.481691,-0.618806,-0.386142,2.971125,0.075428,16.082500,0
49.340000,-0.573142,-0.301436,-1.469062,-0.618297,-0.389099,2.971126,0.098609,15.339800,0
49.360000,-0.563071,-0.366299,-1.406172,-0.617788,-0.392056,2.971127,0.060476,14.377200,0
49.380000,-0.567045,-0.337852,-1.307271,-0.617279,-0.395013,2.971128,0.076098,15.406700,0
49.400000,-0.563962,-0.373791,-1.370795,-0.616770,-0.397969,2.971128,0.058079,15.628800,0
49.420000,-0.554788,-0.404761,-1.501256,-0.616261,-0.400926,2.971129,0.061592,15.845700,0
49.440000,-0.572171,-0.265953,-1.586118,-0.615752,-0.403883,2.971129,0.144651,16.484700,0
49.460000,-0.563641,-0.388481,-1.464877,-0.615243,-0.406840,2.971129,0.054770,15.923500,0
49.480000,-0.574293,-0.330758,-1.380259,-0.614734,-0.409796,2.971129,0.088783,14.866100,0
49.500000,-0.565105,-0.415446,-1.324344,-0.614226,-0.412753,2.971129,0.049195,14.962300,0
49.520000,-0.575501,-0.348678,-1.467096,-0.613717,-0.415710,2.971129,0.077160,14.708700,0
49.540000,-0.566885,-0.412420,-1.397335,-0.613208,-0.418666,2.971129,0.046743,14.727000,0
49.560000,-0.557459,-0.344294,-1.351848,-0.612699,-0.421623,2.971129,0.095033,15.052600,0
49.580000,-0.557926,-0.413134,-1.369969,-0.612190,-0.424579,2.971129,0.055458,15.190800,0
49.600000,-0.559748,-0.307968,-1.425201,-0.611681,-0.427536,2.971129,0.130359,16.071500,0
49.620000,-0.562325,-0.386513,-1.470079,-0.611172,-0.430492,2.971129,0.065728,15.182000,0
49.640000,-0.556076,-0.434686,-1.302697,-0.610663,-0.433449,2.971129,0.054601,15.326600,0
49.660000,-0.552187,-0.407243,-1.408505,-0.610576,-0.434171,2.958936,0.064300,15.552400,0
49.680000,-0.558823,-0.388087,-1.308916,-0.610544,-0.434341,2.938938,0.069387,15.533800,0
49.700000,-0.567859,-0.412234,-1.291154,-0.610544,-0.434340,2.920919,0.048070,15.475700,0
49.720000,-0.571803,-0.369308,-1.417266,-0.610544,-0.434336,2.902921,0.075694,15.452700,0
49.740000,-0.550633,-0.416269,-1.232221,-0.610543,-0.434331,2.884910,0.062573,16.633700,0
49.760000,-0.546560,-0.406105,-1.411022,-0.610542,-0.434327,2.866892,0.069930,15.894400,0
49.780000,-0.566707,-0.377234,-1.401898,-0.609841,-0.436706,2.860932,0.073468,15.164600,0
49.800000,-0.555627,-0.416960,-1.306113,-0.609008,-0.439591,2.860930,0.057980,16.269800,0
49.820000,-0.592246,-0.274913,-1.433567,-0.608175,-0.442476,2.860931,0.168318,15.895200,0
49.840000,-0.559175,-0.389875,-1.179665,-0.607343,-0.445361,2.860935,0.073477,16.729600,0
49.860000,-0.562764,-0.406479,-1.279976,-0.606511,-0.448245,2.860937,0.060483,16.313700,0
49.880000,-0.557386,-0.425635,-1.275841,-0.605679,-0.451129,2.860939,0.054610,15.786900,0
49.900000,-0.548884,-0.432012,-1.421954,-0.604848,-0.454012,2.860941,0.060133,16.137600,0
49.920000,-0.559508,-0.445789,-1.325510,-0.604016,-0.456896,2.860942,0.045873,16.015500,0
49.940000,-0.563218,-0.419701,-1.378278,-0.603185,-0.459779,2.860943,0.056600,17.692700,0
49.960000,-0.554050,-0.425877,-1.206165,-0.602354,-0.462662,2.860944,0.060716,19.629100,0
49.980000,-0.550941,-0.444582,-1.367466,-0.601523,-0.465545,2.860945,0.054754,18.404900,0
50.000000,-0.565225,-0.427473,-1.293259,-0.600692,-0.468428,2.860945,0.054178,15.291000,0
50.020000,-0.547911,-0.472598,-1.226778,-0.599861,-0.471311,2.860946,0.051966,15.686600,0
50.040000,-0.540681,-0.438336,-1.212521,-0.599030,-0.474194,2.860946,0.068486,16.287500,0
50.060000,-0.545081,-0.469506,-1.268224,-0.598199,-0.477077,2.860946,0.053655,16.120000,0
50.080000,-0.552254,-0.431106,-1.461539,-0.597368,-0.479959,2.860946,0.066498,16.860500,0
50.100000,-0.532361,-0.519976,-1.199827,-0.596537,-0.482842,2.860946,0.074145,15.143500,0
50.120000,-0.549434,-0.478286,-1.333884,-0.595706,-0.485725,2.860947,0.046866,15.907800,0
50.140000,-0.536182,-0.462921,-1.277842,-0.594875,-0.488608,2.860947,0.064068,15.723300,0
50.160000,-0.555254,-0.418131,-1.420846,-0.594044,-0.491490,2.860947,0.082983,16.172900,0
50.180000,-0.554060,-0.439393,-1.258840,-0.593214,-0.494373,2.860947,0.067497,16.296400,0
50.200000,-0.548517,-0.444458,-1.329117,-0.592383,-0.497256,2.860947,0.068644,15.984400,0
50.220000,-0.552857,-0.453099,-1.320277,-0.591552,-0.500138,2.860947,0.060909,15.671800,0
50.240000,-0.552698,-0.427620,-1.335987,-0.590721,-0.503021,2.860947,0.084446,16.819100,0
50.260000,-0.547979,-0.456601,-1.344578,-0.589890,-0.505904,2.860947,0.064709,15.128600,0
50.280000,-0.545238,-0.474754,-1.423133,-0.589059,-0.508786,2.860947,0.055484,15.494700,0
50.300000,-0.545139,-0.396861,-1.438797,-0.588228,-0.511669,2.860947,0.122628,15.455900,0
50.320000,-0.549511,-0.464969,-1.379704,-0.587397,-0.514552,2.860947,0.062400,18.635900,0
50.340000,-0.550519,-0.455782,-1.241966,-0.587289,-0.515159,2.847351,0.069840,14.873000,0
50.360000,-0.546653,-0.485757,-1.303925,-0.587250,-0.515288,2.827789,0.050201,15.380000,0
50.380000,-0.541946,-0.476739,-1.217551,-0.587250,-0.515286,2.809784,0.059484,15.419000,0
50.400000,-0.549991,-0.461409,-1.240135,-0.587250,-0.515281,2.791782,0.065501,15.783900,0
50.420000,-0.543659,-0.489700,-1.290540,-0.587249,-0.515277,2.773773,0.050540,15.393400,0
50.440000,-0.548817,-0.489648,-1.250875,-0.587249,-0.515272,2.755761,0.046191,15.833700,0
50.460000,-0.533452,-0.471149,-1.100716,-0.587248,-0.515268,2.737746,0.069573,15.978400,0
50.480000,-0.546771,-0.466708,-1.178856,-0.587248,-0.515264,2.719732,0.063214,15.996400,0
50.500000,-0.531389,-0.501455,-1.054867,-0.587247,-0.515260,2.701718,0.057538,15.849500,0
50.520000,-0.531415,-0.484934,-1.141737,-0.587246,-0.515257,2.683705,0.063534,16.490700,0
50.540000,-0.564213,-0.447506,-1.139275,-0.587245,-0.515253,2.665694,0.071555,15.541100,0
50.560000,-0.561778,-0.482750,-1.212221,-0.587244,-0.515250,2.647684,0.041289,15.911700,0
50.580000,-0.557335,-0.448645,-1.135545,-0.587244,-0.515247,2.629676,0.073009,15.911200,0
50.600000,-0.533073,-0.493472,-1.059861,-0.587243,-0.515244,2.611669,0.058382,15.434700,0
50.620000,-0.560451,-0.457303,-1.096079,-0.587242,-0.515241,2.593664,0.063832,15.975900,0
50.640000,-0.550544,-0.477086,-0.954979,-0.587241,-0.515238,2.575661,0.052937,14.992100,0
50.660000,-0.540499,-0.481821,-0.946592,-0.587240,-0.515236,2.557659,0.057457,15.918000,0
50.680000,-0.543018,-0.459144,-1.036084,-0.587239,-0.515233,2.539658,0.071424,15.852300,0
50.700000,-0.557208,-0.457886,-0.936967,-0.587238,-0.515231,2.521659,0.064732,15.435300,0
50.720000,-0.584451,-0.439339,-0.969098,-0.587237,-0.515228,2.503660,0.075940,15.321300,0
50.740000,-0.563499,-0.473626,-1.052762,-0.587236,-0.515226,2.485663,0.047895,15.881300,0
50.760000,-0.564620,-0.449587,-0.929365,-0.587235,-0.515224,2.467666,0.069424,15.746200,0
50.780000,-0.552828,-0.483145,-0.938040,-0.587234,-0.515222,2.449671,0.047039,16.121600,0
50.800000,-0.524471,-0.524829,-0.738586,-0.587233,-0.515219,2.431676,0.063493,15.878600,0
50.820000,-0.563126,-0.478890,-0.852033,-0.587232,-0.515217,2.413682,0.043598,16.741600,0
50.840000,-0.534934,-0.501270,-0.805540,-0.587231,-0.515215,2.395688,0.054125,16.163600,0
50.860000,-0.554941,-0.483658,-0.848127,-0.587230,-0.515213,2.377695,0.045148,16.207200,0
50.880000,-0.505030,-0.523624,-0.692990,-0.587230,-0.515211,2.359702,0.082629,15.913600,0
50.900000,-0.517535,-0.521624,-0.718558,-0.587229,-0.515209,2.341710,0.069989,16.181200,0
50.920000,-0.526812,-0.498644,-0.670049,-0.587228,-0.515207,2.323719,0.062645,15.569900,0
50.940000,-0.555128,-0.484000,-0.671900,-0.587227,-0.515205,2.305727,0.044768,15.511800,0
50.960000,-0.556791,-0.490770,-0.662082,-0.587226,-0.515203,2.287737,0.039029,14.321500,0
50.980000,-0.524859,-0.521843,-0.647854,-0.587225,-0.515201,2.269746,0.062719,15.943800,0
51.000000,-0.535068,-0.506176,-0.669052,-0.587225,-0.515199,2.251756,0.052932,14.899900,0
51.020000,-0.567786,-0.482881,-0.711039,-0.587224,-0.515197,2.233766,0.037712,15.483300,0
51.040000,-0.519002,-0.511882,-0.687985,-0.587223,-0.515195,2.215777,0.068301,18.145100,0
51.060000,-0.558714,-0.491860,-0.683751,-0.587223,-0.515193,2.197788,0.036840,14.683500,0
51.080000,-0.505280,-0.526768,-0.462539,-0.587222,-0.515192,2.179799,0.082755,15.321500,0
51.100000,-0.539716,-0.510574,-0.377952,-0.587221,-0.515190,2.161811,0.047729,15.956500,0
51.120000,-0.539128,-0.510416,-0.617661,-0.587221,-0.515188,2.143822,0.048330,16.249800,0
51.140000,-0.549299,-0.489925,-0.552218,-0.587220,-0.515186,2.125834,0.045564,16.062700,0
51.160000,-0.569452,-0.481749,-0.513412,-0.587219,-0.515184,2.107847,0.037862,15.755900,0
51.180000,-0.571021,-0.474605,-0.513797,-0.587219,-0.515182,2.089859,0.043691,15.694200,0
51.200000,-0.511948,-0.524638,-0.402775,-0.587218,-0.515180,2.071872,0.075862,15.048100,0
51.220000,-0.554393,-0.500000,-0.416313,-0.587218,-0.515178,2.053885,0.036164,15.281500,0
51.240000,-0.536736,-0.501211,-0.558557,-0.587217,-0.515176,2.035898,0.052377,15.315000,0
51.260000,-0.561148,-0.484826,-0.438326,-0.587216,-0.515175,2.017912,0.040008,14.921500,0
51.280000,-0.548710,-0.501679,-0.328738,-0.587216,-0.515173,1.999925,0.040802,15.747600,0
51.300000,-0.574887,-0.485184,-0.383763,-0.587216,-0.515171,1.981939,0.032423,16.493600,0
51.320000,-0.512363,-0.519399,-0.229683,-0.587215,-0.515169,1.963953,0.074972,16.413100,0
51.340000,-0.581565,-0.500543,-0.361250,-0.587215,-0.515167,1.945967,0.015678,15.482300,0
51.360000,-0.509352,-0.524764,-0.285331,-0.587214,-0.515165,1.927982,0.078452,14.667700,0
51.380000,-0.543999,-0.503307,-0.293463,-0.587214,-0.515163,1.909997,0.044812,14.972300,0
51.400000,-0.574608,-0.491287,-0.383393,-0.584968,-0.516128,1.908522,0.026915,14.837100,0
51.420000,-0.527619,-0.502229,-0.350176,-0.582134,-0.517123,1.908524,0.056512,14.865500,0
51.440000,-0.528177,-0.504831,-0.323768,-0.579300,-0.518119,1.908537,0.052821,15.216400,0
51.460000,-0.563876,-0.495291,-0.486757,-0.576467,-0.519114,1.908546,0.026945,15.043600,0
51.480000,-0.511687,-0.500633,-0.276811,-0.573635,-0.520110,1.908553,0.064938,16.843700,0
51.500000,-0.531030,-0.510113,-0.251177,-0.570802,-0.521105,1.908558,0.041263,17.561700,0
51.520000,-0.529097,-0.519712,-0.286627,-0.567971,-0.522100,1.908561,0.038947,16.555000,0
51.540000,-0.543105,-0.502053,-0.334887,-0.565139,-0.523095,1.908563,0.030468,16.489700,0
51.560000,-0.480965,-0.528602,-0.189007,-0.562308,-0.524090,1.908564,0.081468,16.791000,0
51.580000,-0.526730,-0.507952,-0.315141,-0.559477,-0.525084,1.908565,0.036958,16.068900,0
51.600000,-0.518290,-0.518456,-0.440148,-0.556646,-0.526079,1.908566,0.039106,15.518500,0
51.620000,-0.528473,-0.508108,-0.351148,-0.553815,-0.527073,1.908567,0.031653,15.956100,0
51.640000,-0.527912,-0.512026,-0.377850,-0.550984,-0.528068,1.908567,0.028101,15.174300,0
51.660000,-0.469277,-0.533708,-0.252978,-0.548153,-0.529062,1.908568,0.079012,15.348200,0
51.680000,-0.505604,-0.512810,-0.265501,-0.545323,-0.530057,1.908569,0.043302,16.993400,0
51.700000,-0.495661,-0.518675,-0.416351,-0.542492,-0.531051,1.908569,0.048439,16.567700,0
51.720000,-0.527947,-0.508740,-0.381889,-0.539662,-0.532045,1.908569,0.026084,15.103600,0
51.740000,-0.476835,-0.537107,-0.136310,-0.536831,-0.533040,1.908569,0.060134,16.087600,0
51.760000,-0.496416,-0.532224,-0.257327,-0.534000,-0.534034,1.908570,0.037628,15.971500,0
51.780000,-0.510799,-0.525818,-0.263659,-0.531170,-0.535028,1.908570,0.022357,18.399900,0
51.800000,-0.491755,-0.533343,-0.301277,-0.528339,-0.536022,1.908570,0.036682,14.926800,0
51.820000,-0.507032,-0.520816,-0.285007,-0.525509,-0.537017,1.908570,0.024573,16.707700,0
51.840000,-0.510679,-0.526296,-0.352359,-0.522678,-0.538011,1.908570,0.016770,15.804500,0
51.860000,-0.457236,-0.530422,-0.322697,-0.519848,-0.539005,1.908570,0.063197,15.995800,0
51.880000,-0.514026,-0.525910,-0.280228,-0.517017,-0.539999,1.908570,0.014403,17.499700,0
51.900000,-0.471719,-0.538111,-0.338945,-0.514187,-0.540993,1.908570,0.042566,16.533800,0
51.920000,-0.462505,-0.542857,-0.237404,-0.513685,-0.541055,1.892752,0.051212,16.992300,0
51.940000,-0.495587,-0.523612,-0.346145,-0.513597,-0.541031,1.873670,0.025056,16.410700,0
51.960000,-0.483704,-0.522851,-0.424551,-0.513600,-0.541029,1.855682,0.034989,16.842300,0
51.980000,-0.474641,-0.537259,-0.294786,-0.513603,-0.541027,1.837693,0.039144,16.116800,0
52.000000,-0.508808,-0.519808,-0.292299,-0.513605,-0.541025,1.819702,0.021752,16.828300,0
52.020000,-0.448006,-0.539792,-0.257508,-0.513606,-0.541023,1.801710,0.065612,17.357400,0
52.040000,-0.474989,-0.539292,-0.205049,-0.513607,-0.541021,1.783719,0.038657,17.046100,0
52.060000,-0.476569,-0.544686,-0.142676,-0.513608,-0.541018,1.765728,0.037220,16.550100,0
52.080000,-0.510336,-0.532270,-0.138132,-0.511284,-0.541501,1.758592,0.009280,16.893600,0
52.100000,-0.517363,-0.528360,-0.199348,-0.508334,-0.542060,1.758595,0.016408,16.688600,0
52.120000,-0.493431,-0.534204,-0.326225,-0.505383,-0.542620,1.758602,0.014618,17.248500,0
52.140000,-0.445120,-0.543895,-0.189713,-0.502433,-0.543179,1.758607,0.057318,16.474200,0
52.160000,-0.468305,-0.545848,-0.166306,-0.499484,-0.543739,1.758611,0.031250,16.303900,0
52.180000,-0.457647,-0.541502,-0.218438,-0.496535,-0.544299,1.758614,0.038989,20.693200,0
52.200000,-0.409798,-0.548899,-0.107343,-0.493587,-0.544859,1.758616,0.083886,16.411000,0
52.220000,-0.487327,-0.533143,-0.169717,-0.490638,-0.545420,1.758618,0.012716,15.092100,0
52.240000,-0.428488,-0.548938,-0.162228,-0.487690,-0.545980,1.758619,0.059276,14.735700,0
52.260000,-0.421521,-0.554697,-0.139940,-0.484742,-0.546540,1.758620,0.063745,15.488100,0
52.280000,-0.450846,-0.541032,-0.135778,-0.481795,-0.547100,1.758620,0.031538,15.147100,0
52.300000,-0.500797,-0.535660,-0.212536,-0.478847,-0.547661,1.758621,0.025017,16.236100,0
52.320000,-0.441775,-0.545353,-0.130072,-0.478188,-0.547741,1.745548,0.036491,15.981900,0
52.340000,-0.465333,-0.538210,-0.108425,-0.478017,-0.547708,1.725547,0.015846,16.082000,0
52.360000,-0.470842,-0.542070,-0.097953,-0.478019,-0.547706,1.707550,0.009125,16.158400,0
52.380000,-0.456891,-0.549403,-0.073172,-0.478022,-0.547705,1.689562,0.021199,16.262400,0
52.400000,-0.467642,-0.541493,-0.028158,-0.478024,-0.547703,1.671573,0.012097,16.052600,0
52.420000,-0.485974,-0.542682,-0.108064,-0.478026,-0.547702,1.653583,0.009400,16.474300,0
52.440000,-0.381472,-0.544935,-0.037854,-0.478028,-0.547700,1.635593,0.096596,16.951900,0
52.460000,-0.453501,-0.543003,-0.020582,-0.478029,-0.547698,1.617604,0.024973,15.893600,0
52.480000,-0.468353,-0.534899,0.036674,-0.478030,-0.547696,1.599616,0.016044,15.480300,0
52.500000,-0.458950,-0.550364,-0.053210,-0.475881,-0.547802,1.590020,0.017124,16.757000,0
52.520000,-0.464603,-0.550316,-0.098156,-0.472879,-0.547857,1.590022,0.008634,15.394200,0
52.540000,-0.483941,-0.548433,-0.004519,-0.469876,-0.547913,1.590026,0.014075,16.119500,0
52.560000,-0.430284,-0.544012,-0.059900,-0.466874,-0.547969,1.590032,0.036803,17.118400,0
52.580000,-0.449133,-0.548007,-0.014109,-0.463872,-0.548026,1.590036,0.014739,15.943300,0
52.600000,-0.426830,-0.549173,-0.028893,-0.460871,-0.548083,1.590040,0.034059,17.146900,0
52.620000,-0.415990,-0.551278,-0.037808,-0.457870,-0.548141,1.590043,0.041998,15.271400,0
52.640000,-0.458315,-0.549258,-0.041787,-0.454870,-0.548198,1.590046,0.003605,14.565800,0
52.660000,-0.363038,-0.550013,0.003739,-0.451869,-0.548256,1.590048,0.088849,16.120500,0
52.680000,-0.381559,-0.547227,0.016735,-0.448869,-0.548314,1.590050,0.067318,15.887000,0
52.700000,-0.413537,-0.549868,0.050245,-0.445869,-0.548372,1.590051,0.032366,16.150400,0
52.720000,-0.413165,-0.546017,-0.138679,-0.442869,-0.548429,1.590052,0.029802,16.625000,0
52.740000,-0.449998,-0.547744,-0.097336,-0.439870,-0.548487,1.590052,0.010155,16.067200,0
52.760000,-0.415786,-0.541950,-0.085492,-0.436870,-0.548545,1.590053,0.022091,16.549700,0
52.780000,-0.378685,-0.547426,-0.114372,-0.433870,-0.548603,1.590053,0.055197,16.677100,0
52.800000,-0.435227,-0.545821,-0.100165,-0.430871,-0.548661,1.590054,0.005199,16.863000,0
52.820000,-0.356966,-0.549167,0.011643,-0.427871,-0.548719,1.590054,0.070907,16.427400,0
52.840000,-0.405119,-0.548290,0.020808,-0.424872,-0.548777,1.590054,0.019759,16.789000,0
52.860000,-0.381795,-0.546952,-0.015943,-0.421872,-0.548835,1.590054,0.040121,17.518500,0
52.880000,-0.365742,-0.545967,0.052763,-0.418872,-0.548892,1.590054,0.053211,15.477400,0
52.900000,-0.403801,-0.547981,0.078834,-0.415873,-0.548950,1.590054,0.012111,16.701500,0
52.920000,-0.364276,-0.546719,-0.017119,-0.412873,-0.549008,1.590054,0.048651,16.540500,0
52.940000,-0.374498,-0.549785,0.060240,-0.409874,-0.549066,1.590054,0.035384,16.865100,0
52.960000,-0.380363,-0.554201,0.052523,-0.406874,-0.549124,1.590054,0.026993,17.070100,0
52.980000,-0.368884,-0.553673,-0.079669,-0.403875,-0.549181,1.590054,0.035278,16.481600,0
53.000000,-0.383793,-0.544305,-0.036526,-0.400876,-0.549239,1.590054,0.017781,16.995800,0
53.020000,-0.350891,-0.559909,0.033990,-0.397876,-0.549297,1.590054,0.048168,16.493800,0
53.040000,-0.372731,-0.547162,0.039658,-0.394877,-0.549355,1.590054,0.022254,16.570200,0
53.060000,-0.356666,-0.543757,-0.034371,-0.391877,-0.549413,1.590054,0.035662,15.740100,0
53.080000,-0.267803,-0.548174,0.064371,-0.388878,-0.549470,1.590054,0.121082,17.230400,0
53.100000,-0.313995,-0.546007,0.184213,-0.385878,-0.549528,1.590054,0.071969,16.789700,0
53.120000,-0.333231,-0.555846,0.067032,-0.382879,-0.549586,1.590054,0.050041,16.213700,0
53.140000,-0.343024,-0.546871,-0.047606,-0.379879,-0.549644,1.590054,0.036960,16.877700,0
53.160000,-0.354180,-0.557040,-0.127468,-0.376880,-0.549701,1.590054,0.023857,16.527900,0
53.180000,-0.348729,-0.549704,-0.160996,-0.373881,-0.549759,1.590054,0.025152,16.860600,0
53.200000,-0.332802,-0.555441,-0.027818,-0.370881,-0.549817,1.590054,0.038492,16.483800,0
53.220000,-0.268779,-0.556465,0.094258,-0.367882,-0.549875,1.590054,0.099321,16.402500,0
53.240000,-0.353919,-0.553152,0.007635,-0.364882,-0.549933,1.590054,0.011426,16.471700,0
53.260000,-0.318244,-0.552092,-0.109894,-0.361883,-0.549990,1.590054,0.043690,16.147200,0
53.280000,-0.379043,-0.551661,-0.066313,-0.358883,-0.550048,1.590054,0.020224,16.672100,0
53.300000,-0.297361,-0.553137,-0.054596,-0.355884,-0.550106,1.590054,0.058601,15.870000,0
53.320000,-0.291111,-0.552386,-0.006439,-0.352884,-0.550164,1.590054,0.061812,15.679900,0
53.340000,-0.281304,-0.558431,0.019216,-0.349885,-0.550221,1.590054,0.069071,15.981400,0
53.360000,-0.338587,-0.548502,-0.002425,-0.346886,-0.550279,1.590054,0.008487,16.198600,0
53.380000,-0.374031,-0.557581,-0.191479,-0.343886,-0.550337,1.590054,0.031003,16.796900,0
53.400000,-0.367374,-0.544677,-0.124585,-0.340887,-0.550395,1.590054,0.027097,17.121400,0
53.420000,-0.318595,-0.553580,-0.130474,-0.337887,-0.550452,1.590054,0.019544,15.112000,0
53.440000,-0.278087,-0.557287,0.017778,-0.334888,-0.550510,1.590054,0.057204,15.301800,0
53.460000,-0.318037,-0.557455,0.036154,-0.331888,-0.550568,1.590054,0.015469,15.322400,0
53.480000,-0.311977,-0.560056,-0.077740,-0.330964,-0.550553,1.580549,0.021232,14.652400,0
53.500000,-0.276874,-0.559397,-0.005482,-0.330791,-0.550551,1.560552,0.054638,15.435000,0
53.520000,-0.355928,-0.554583,-0.048603,-0.330777,-0.550550,1.542365,0.025472,16.565700,0
53.540000,-0.302502,-0.560558,-0.017316,-0.330780,-0.550549,1.524376,0.029997,16.472100,0
53.560000,-0.318900,-0.558480,0.018138,-0.330783,-0.550548,1.506387,0.014287,15.840000,0
53.580000,-0.330729,-0.559602,-0.026691,-0.328594,-0.550394,1.497300,0.009453,16.072700,0
53.600000,-0.246722,-0.555960,0.085491,-0.325600,-0.550171,1.497302,0.079090,16.516300,0
53.620000,-0.266836,-0.558523,0.161611,-0.322605,-0.549949,1.497306,0.056424,16.536900,0
53.640000,-0.313611,-0.558241,-0.042388,-0.319612,-0.549727,1.497308,0.010416,16.454700,0
53.660000,-0.209817,-0.556891,0.146570,-0.316618,-0.549505,1.497310,0.107056,16.646100,0
53.680000,-0.290859,-0.549681,0.113262,-0.313625,-0.549284,1.497312,0.022770,16.464100,0
53.700000,-0.257342,-0.561277,0.003782,-0.310632,-0.549063,1.497313,0.054671,15.900100,0
53.720000,-0.306280,-0.552022,0.047323,-0.307640,-0.548842,1.497315,0.003458,17.075400,0
53.740000,-0.309349,-0.555506,0.078084,-0.304647,-0.548622,1.497316,0.008336,16.278300,0
53.760000,-0.302385,-0.553569,0.037623,-0.301655,-0.548401,1.497316,0.005220,16.649200,0
53.780000,-0.261539,-0.558110,0.070113,-0.298662,-0.548181,1.497317,0.038428,16.342500,0
53.800000,-0.254469,-0.552203,0.119244,-0.295670,-0.547961,1.497317,0.041419,16.764200,0
53.820000,-0.232059,-0.571803,-0.026998,-0.292678,-0.547740,1.497318,0.065220,16.484100,0
53.840000,-0.280307,-0.554398,0.104583,-0.289686,-0.547520,1.497318,0.011631,16.478400,0
53.860000,-0.243061,-0.555370,0.007591,-0.286694,-0.547300,1.497318,0.044373,16.644200,0
53.880000,-0.289927,-0.551791,0.058714,-0.283702,-0.547080,1.497318,0.007807,15.848200,0
53.900000,-0.313390,-0.557802,0.016564,-0.280710,-0.546860,1.497318,0.034463,16.554600,0
53.920000,-0.273776,-0.556478,-0.035648,-0.277718,-0.546639,1.497319,0.010599,16.085400,0
53.940000,-0.213056,-0.557501,0.156432,-0.276869,-0.546591,1.486783,0.064739,17.039500,0
53.960000,-0.223882,-0.558165,0.079122,-0.276696,-0.546576,1.466785,0.054070,16.316800,0
53.980000,-0.304288,-0.561131,0.100830,-0.276695,-0.546575,1.448740,0.031197,16.314600,0
54.000000,-0.226995,-0.557207,0.027853,-0.276698,-0.546575,1.430751,0.050827,16.742600,0
54.020000,-0.254886,-0.552864,0.146731,-0.276701,-0.546574,1.412754,0.022704,16.377300,0
54.040000,-0.247499,-0.555380,0.187223,-0.276706,-0.546573,1.394737,0.030506,16.926200,0
54.060000,-0.215571,-0.549257,0.259042,-0.276711,-0.546572,1.376709,0.061199,14.904600,0
54.080000,-0.233803,-0.555270,0.192665,-0.276717,-0.546571,1.358676,0.043787,15.221900,0
54.100000,-0.292202,-0.567463,0.243549,-0.276722,-0.546570,1.340642,0.026003,15.035700,0
54.120000,-0.273233,-0.567447,0.281790,-0.276727,-0.546569,1.322609,0.021169,15.364500,0
54.140000,-0.207116,-0.551081,0.322850,-0.274363,-0.545940,1.316272,0.067443,15.518700,0
54.160000,-0.230866,-0.556215,0.300071,-0.271456,-0.545183,1.316272,0.042063,16.569500,0
54.180000,-0.222520,-0.560691,0.255420,-0.268550,-0.544426,1.316275,0.048819,15.978400,0
54.200000,-0.227060,-0.561178,0.199059,-0.265645,-0.543669,1.316281,0.042371,15.996500,0
54.220000,-0.272030,-0.556698,0.246173,-0.262739,-0.542913,1.316285,0.016623,17.809900,0
54.240000,-0.260732,-0.570559,0.307089,-0.259835,-0.542157,1.316289,0.028416,16.070300,0
54.260000,-0.203742,-0.554147,0.291808,-0.256930,-0.541401,1.316292,0.054694,15.648700,0
54.280000,-0.251110,-0.557217,0.278206,-0.254026,-0.540645,1.316294,0.016826,15.918600,0
54.300000,-0.194925,-0.551039,0.247935,-0.251121,-0.539890,1.316296,0.057291,15.955400,0
54.320000,-0.164102,-0.542596,0.256785,-0.248217,-0.539134,1.316298,0.084186,16.030600,0
54.340000,-0.206910,-0.555291,0.208730,-0.245314,-0.538379,1.316299,0.041963,15.405100,0
54.360000,-0.190710,-0.551632,0.290544,-0.242410,-0.537624,1.316300,0.053564,16.688800,0
54.380000,-0.216920,-0.545578,0.311876,-0.239506,-0.536868,1.316301,0.024207,16.681100,0
54.400000,-0.196532,-0.545406,0.239618,-0.236602,-0.536113,1.316301,0.041134,16.421000,0
54.420000,-0.225655,-0.555636,0.192265,-0.233699,-0.535358,1.316302,0.021816,17.071900,0
54.440000,-0.283281,-0.575269,0.150585,-0.230795,-0.534603,1.316302,0.066396,17.525700,0
54.460000,-0.207706,-0.549037,0.203359,-0.227892,-0.533847,1.316302,0.025263,16.043000,0
54.480000,-0.224725,-0.560223,0.205924,-0.224988,-0.533092,1.316302,0.027132,17.059900,0
54.500000,-0.183770,-0.558447,0.164281,-0.222085,-0.532337,1.316302,0.046366,16.401800,0
54.520000,-0.150874,-0.538569,0.281856,-0.219181,-0.531582,1.316302,0.068663,16.777900,0
54.540000,-0.187596,-0.540070,0.309296,-0.216278,-0.530827,1.316302,0.030135,15.382500,0
54.560000,-0.219170,-0.552367,0.144297,-0.213374,-0.530071,1.316302,0.023037,16.559800,0
54.580000,-0.163694,-0.539417,0.307846,-0.212743,-0.529967,1.302994,0.049950,15.375300,0
54.600000,-0.153578,-0.540133,0.251813,-0.212603,-0.529928,1.283325,0.059900,15.921600,0
54.620000,-0.203895,-0.549773,0.238961,-0.212606,-0.529928,1.265323,0.021673,16.219200,0
54.640000,-0.237439,-0.558157,0.318250,-0.212610,-0.529928,1.247326,0.037594,17.329100,0
54.660000,-0.164669,-0.544658,0.300210,-0.212614,-0.529928,1.229319,0.050157,17.227200,0
54.680000,-0.198682,-0.550205,0.310598,-0.212618,-0.529927,1.211308,0.024606,15.243800,0
54.700000,-0.190217,-0.549268,0.407579,-0.212622,-0.529927,1.193294,0.029598,15.681500,0
54.720000,-0.135387,-0.534230,0.490633,-0.212626,-0.529926,1.175280,0.077358,15.055100,0
54.740000,-0.171996,-0.543712,0.479566,-0.212630,-0.529925,1.157265,0.042909,16.149900,0
54.760000,-0.206540,-0.556868,0.478100,-0.212634,-0.529924,1.139252,0.027625,16.290100,0
54.780000,-0.150946,-0.526168,0.486891,-0.210229,-0.528815,1.135251,0.059342,16.637500,0
54.800000,-0.191702,-0.550314,0.474378,-0.207506,-0.527547,1.135251,0.027714,15.814700,0
54.820000,-0.172819,-0.541601,0.327832,-0.204784,-0.526279,1.135254,0.035448,16.259400,0
54.840000,-0.205960,-0.548547,0.310669,-0.202062,-0.525012,1.135258,0.023856,16.715200,0
54.860000,-0.182546,-0.555900,0.426899,-0.199340,-0.523746,1.135262,0.036275,16.568400,0
54.880000,-0.240094,-0.572457,0.335345,-0.196619,-0.522479,1.135266,0.066242,16.370000,0
54.900000,-0.174417,-0.551060,0.328269,-0.193898,-0.521213,1.135269,0.035642,16.225000,0
54.920000,-0.189807,-0.546827,0.434724,-0.191177,-0.519947,1.135271,0.026915,16.921100,0
54.940000,-0.110699,-0.512759,0.386859,-0.188456,-0.518681,1.135273,0.077982,16.358300,0
54.960000,-0.167026,-0.536645,0.394700,-0.185735,-0.517415,1.135274,0.026829,16.439200,0
54.980000,-0.166520,-0.547387,0.386111,-0.185305,-0.517215,1.119470,0.035542,16.169300,0
55.000000,-0.183691,-0.554822,0.408129,-0.185238,-0.517182,1.100590,0.037671,16.472500,0
55.020000,-0.140046,-0.534840,0.399891,-0.185241,-0.517182,1.082601,0.048522,16.181600,0
55.040000,-0.158905,-0.537364,0.468651,-0.185244,-0.517183,1.064608,0.033182,15.898000,0
55.060000,-0.173879,-0.549661,0.519758,-0.185248,-0.517183,1.046609,0.034410,17.278800,0
55.080000,-0.183065,-0.549545,0.431984,-0.185251,-0.517183,1.028607,0.032436,16.043100,0
55.100000,-0.166287,-0.551180,0.557474,-0.185255,-0.517183,1.010603,0.038930,16.579400,0
55.120000,-0.118242,-0.522756,0.586184,-0.185258,-0.517182,0.992599,0.067247,16.563300,0
55.140000,-0.154963,-0.543000,0.531826,-0.185261,-0.517182,0.974595,0.039807,16.321600,0
55.160000,-0.186848,-0.547532,0.549890,-0.185264,-0.517181,0.956592,0.030393,16.333400,0
55.180000,-0.173700,-0.551192,0.591673,-0.185266,-0.517181,0.938589,0.035924,15.950800,0
55.200000,-0.171982,-0.565220,0.600307,-0.185269,-0.517180,0.920587,0.049843,16.015600,0
55.220000,-0.149983,-0.535732,0.677955,-0.185272,-0.517179,0.902586,0.039869,16.581500,0
55.240000,-0.127656,-0.539852,0.664442,-0.185274,-0.517179,0.884587,0.061918,17.332700,0
55.260000,-0.176486,-0.558399,0.642728,-0.185277,-0.517178,0.866588,0.042148,16.486600,0
55.280000,-0.150298,-0.537567,0.640880,-0.185279,-0.517177,0.848591,0.040490,16.560400,0
55.300000,-0.150105,-0.560040,0.691895,-0.185281,-0.517176,0.830595,0.055450,15.850100,0
55.320000,-0.162567,-0.563530,0.736860,-0.185284,-0.517175,0.812599,0.051622,15.262600,0
55.340000,-0.164050,-0.539565,0.652103,-0.185286,-0.517175,0.794604,0.030859,15.291900,0
55.360000,-0.144086,-0.540275,0.852664,-0.185288,-0.517174,0.776610,0.047236,15.358300,0
55.380000,-0.163251,-0.547670,0.861514,-0.185290,-0.517173,0.758617,0.037628,16.668500,0
55.400000,-0.166026,-0.529118,0.752883,-0.185292,-0.517172,0.740625,0.022669,15.559000,0
55.420000,-0.170977,-0.543220,0.786144,-0.183406,-0.515109,0.738279,0.030736,14.842400,0
55.440000,-0.150128,-0.543371,0.865690,-0.181384,-0.512886,0.738286,0.043661,15.915200,0
55.460000,-0.139082,-0.520662,0.900185,-0.179363,-0.510665,0.738295,0.041503,15.729000,0
55.480000,-0.147964,-0.529867,0.913179,-0.177342,-0.508444,0.738304,0.036359,15.843800,0
55.500000,-0.143145,-0.553047,0.813192,-0.175321,-0.506224,0.738310,0.056813,15.823700,0
55.520000,-0.151386,-0.537227,0.683113,-0.173300,-0.504004,0.738315,0.039799,15.818000,0
55.540000,-0.156254,-0.540379,0.791850,-0.171280,-0.501784,0.738318,0.041417,16.299100,0
55.560000,-0.132191,-0.536997,0.801074,-0.169260,-0.499565,0.738320,0.052681,15.512700,0
55.580000,-0.118997,-0.506977,0.940677,-0.167240,-0.497345,0.738322,0.049195,15.912800,0
55.600000,-0.139218,-0.527941,0.860834,-0.165220,-0.495126,0.738324,0.041868,16.013600,0
55.620000,-0.105501,-0.491644,0.843436,-0.163201,-0.492907,0.738325,0.057714,15.830500,0
55.640000,-0.121946,-0.512941,0.890456,-0.161181,-0.490688,0.738325,0.045107,16.259600,0
55.660000,-0.101980,-0.491935,0.828842,-0.159161,-0.488469,0.738326,0.057286,16.173600,0
55.680000,-0.139907,-0.523202,0.747017,-0.157142,-0.486250,0.738326,0.040773,16.463300,0
55.700000,-0.112832,-0.509519,0.794712,-0.155122,-0.484031,0.738327,0.049377,16.449200,0
55.720000,-0.109297,-0.503546,0.811758,-0.153103,-0.481812,0.738327,0.048901,17.097200,0
55.740000,-0.114550,-0.510829,0.750601,-0.151084,-0.479593,0.738328,0.048067,16.549400,0
55.760000,-0.128159,-0.517452,0.790363,-0.149064,-0.477375,0.738328,0.045202,16.716400,0
55.780000,-0.102212,-0.491280,0.783490,-0.147045,-0.475156,0.738328,0.047644,16.913500,0
55.800000,-0.127281,-0.507322,0.793066,-0.145026,-0.472937,0.738328,0.038693,16.471300,0
55.820000,-0.106834,-0.503740,0.760203,-0.143007,-0.470718,0.738328,0.048979,16.468000,0
55.840000,-0.093889,-0.486423,0.899811,-0.140988,-0.468499,0.738328,0.050394,16.262300,0
55.860000,-0.119532,-0.513602,0.862602,-0.138968,-0.466281,0.738328,0.051157,16.693600,0
55.880000,-0.103055,-0.486287,0.876198,-0.136949,-0.464062,0.738328,0.040531,16.222900,0
55.900000,-0.082956,-0.474619,0.836302,-0.134930,-0.461843,0.738328,0.053522,16.818000,0
55.920000,-0.098855,-0.490514,0.842379,-0.132911,-0.459624,0.738329,0.045978,17.271900,0
55.940000,-0.111891,-0.500002,0.734742,-0.130892,-0.457405,0.738329,0.046643,16.308200,0
55.960000,-0.102689,-0.484645,0.861034,-0.128872,-0.455187,0.738329,0.039412,15.934200,0
55.980000,-0.103059,-0.484015,0.743735,-0.126853,-0.452968,0.738329,0.039116,16.642800,0
56.000000,-0.095143,-0.489770,0.755172,-0.124834,-0.450749,0.738329,0.049032,16.372200,0
56.020000,-0.128575,-0.527179,0.741957,-0.122815,-0.448530,0.738329,0.078859,17.186400,0
56.040000,-0.089117,-0.469818,0.771658,-0.122581,-0.448271,0.720784,0.039801,16.872500,0
56.060000,-0.080320,-0.477033,0.887059,-0.122569,-0.448256,0.702545,0.051118,16.151900,0
56.080000,-0.092055,-0.485491,0.857861,-0.122572,-0.448259,0.684556,0.048141,16.574200,0
56.100000,-0.093823,-0.496937,0.876034,-0.122575,-0.448260,0.666564,0.056535,16.450500,0
56.120000,-0.071569,-0.459515,0.975690,-0.122578,-0.448261,0.648569,0.052236,17.063900,0
56.140000,-0.085309,-0.479546,0.985916,-0.122581,-0.448262,0.630573,0.048661,16.709300,0
56.160000,-0.066160,-0.428914,0.973916,-0.122584,-0.448262,0.612576,0.059650,16.821300,0
56.180000,-0.078655,-0.468702,1.041214,-0.122587,-0.448263,0.594580,0.048454,17.223300,0
56.200000,-0.083981,-0.468714,1.087129,-0.122589,-0.448263,0.576584,0.043691,16.209100,0
56.220000,-0.106640,-0.522260,1.076461,-0.122592,-0.448263,0.558589,0.075697,16.147100,0
56.240000,-0.089303,-0.476131,1.028339,-0.122594,-0.448262,0.540595,0.043416,16.577800,0
56.260000,-0.069872,-0.470851,1.017574,-0.122597,-0.448262,0.522601,0.057360,16.972700,0
56.280000,-0.090434,-0.489269,0.997904,-0.122599,-0.448262,0.504609,0.052117,16.362000,0
56.300000,-0.079520,-0.476028,1.167301,-0.122601,-0.448262,0.486617,0.051254,16.555600,0
56.320000,-0.087303,-0.484230,1.148905,-0.122604,-0.448261,0.468626,0.050398,16.731100,0
56.340000,-0.086406,-0.499170,1.137215,-0.122606,-0.448261,0.450636,0.062468,16.368200,0
56.360000,-0.080706,-0.462157,1.143293,-0.122608,-0.448261,0.432647,0.044146,16.282800,0
56.380000,-0.091859,-0.486743,1.071411,-0.122610,-0.448260,0.414658,0.049260,16.498600,0
56.400000,-0.094620,-0.495580,1.113783,-0.122612,-0.448260,0.396670,0.054979,16.625800,0
56.420000,-0.076011,-0.471733,1.218652,-0.122614,-0.448259,0.378683,0.052181,15.967600,0
56.440000,-0.080473,-0.481865,1.169574,-0.122616,-0.448259,0.360696,0.053902,16.290400,0
56.460000,-0.095203,-0.492204,1.196569,-0.122618,-0.448259,0.342709,0.051795,16.242000,0
56.480000,-0.084210,-0.475805,1.193067,-0.122620,-0.448258,0.324723,0.047267,18.374100,0
56.500000,-0.070503,-0.466304,1.335763,-0.122622,-0.448258,0.306737,0.055155,17.790300,0
56.520000,-0.085072,-0.495764,1.320745,-0.122624,-0.448258,0.288752,0.060555,16.845900,0
56.540000,-0.081567,-0.484555,1.342013,-0.121839,-0.445969,0.285271,0.055774,15.375200,0
56.560000,-0.092556,-0.461221,1.245016,-0.120994,-0.443087,0.285273,0.033727,15.503900,0
56.580000,-0.077899,-0.455019,1.331272,-0.120149,-0.440205,0.285286,0.044771,15.636900,0
56.600000,-0.067711,-0.490096,1.289504,-0.119304,-0.437323,0.285295,0.073803,15.517800,0
56.620000,-0.083083,-0.504712,1.242314,-0.118459,-0.434442,0.285302,0.078673,15.188000,0
56.640000,-0.073724,-0.450978,1.227454,-0.117613,-0.431562,0.285307,0.047992,16.192100,0
56.660000,-0.070178,-0.475333,1.255101,-0.116768,-0.428682,0.285310,0.065931,15.969100,0
56.680000,-0.077338,-0.469516,1.190866,-0.115923,-0.425802,0.285312,0.058307,16.472400,0
56.700000,-0.074948,-0.480378,1.319489,-0.115078,-0.422922,0.285313,0.070083,16.469200,0
56.720000,-0.070969,-0.451488,1.307707,-0.114234,-0.420043,0.285314,0.053485,16.620300,0
56.740000,-0.058339,-0.415783,1.243102,-0.113389,-0.417163,0.285315,0.055067,16.882000,0
56.760000,-0.075335,-0.462743,1.239487,-0.112544,-0.414284,0.285316,0.061096,15.814500,0
56.780000,-0.073285,-0.462949,1.160924,-0.111699,-0.411405,0.285317,0.064284,16.325400,0
56.800000,-0.064029,-0.440093,1.173872,-0.110855,-0.408526,0.285317,0.056473,15.922500,0
56.820000,-0.065169,-0.425024,1.287566,-0.110010,-0.405647,0.285318,0.048849,15.992100,0
56.840000,-0.060983,-0.435762,1.301763,-0.109166,-0.402769,0.285318,0.058397,16.470900,0
56.860000,-0.068315,-0.454367,1.309620,-0.108321,-0.399890,0.285319,0.067588,15.705300,0
56.880000,-0.062389,-0.418953,1.320757,-0.107477,-0.397011,0.285319,0.050143,16.204300,0
56.900000,-0.050871,-0.385001,1.177164,-0.106632,-0.394132,0.285319,0.056504,16.403100,0
56.920000,-0.071515,-0.436416,1.191713,-0.105788,-0.391253,0.285319,0.056695,16.163300,0
56.940000,-0.053690,-0.420253,1.330440,-0.105706,-0.390718,0.270671,0.059816,16.151400,0
56.960000,-0.044164,-0.410702,1.315542,-0.105740,-0.390608,0.251344,0.064772,16.229500,0
56.980000,-0.056569,-0.434777,1.276841,-0.105742,-0.390611,0.233357,0.066096,15.789000,0
57.000000,-0.051638,-0.432477,1.305299,-0.105744,-0.390614,0.215368,0.068410,16.267800,0
57.020000,-0.068107,-0.464661,1.380111,-0.105746,-0.390616,0.197378,0.083062,16.598000,0
57.040000,-0.067260,-0.446041,1.315450,-0.105748,-0.390617,0.179387,0.067478,16.264700,0
57.060000,-0.058386,-0.427513,1.334540,-0.105750,-0.390619,0.161396,0.060037,16.325900,0
57.080000,-0.059839,-0.470514,1.418146,-0.105752,-0.390620,0.143406,0.092147,16.128600,0
57.100000,-0.054270,-0.422901,1.379668,-0.105754,-0.390620,0.125416,0.060767,15.285800,0
57.120000,-0.057334,-0.466454,1.374630,-0.105756,-0.390621,0.107427,0.089974,16.040500,0
57.140000,-0.057874,-0.420246,1.418695,-0.105758,-0.390622,0.089439,0.056307,15.141300,0
57.160000,-0.063633,-0.455102,1.410394,-0.105760,-0.390622,0.071451,0.077022,16.130400,0
57.180000,-0.052577,-0.410836,1.392565,-0.105762,-0.390622,0.053464,0.056897,15.727400,0
57.200000,-0.050910,-0.461402,1.480265,-0.105764,-0.390623,0.035478,0.089547,15.857400,0
57.220000,-0.045531,-0.416688,1.486013,-0.105634,-0.388462,0.026017,0.066401,16.512000,0
57.240000,-0.049890,-0.441386,1.527074,-0.105558,-0.385460,0.026019,0.078909,15.487300,0
57.260000,-0.060229,-0.440153,1.512607,-0.105482,-0.382458,0.026024,0.073325,15.843100,0
57.280000,-0.039936,-0.458744,1.482736,-0.105405,-0.379456,0.026032,0.102824,16.100400,0
57.300000,-0.054288,-0.395023,1.486026,-0.105328,-0.376454,0.026038,0.054313,16.040500,0
57.320000,-0.057894,-0.429648,1.482563,-0.105250,-0.373453,0.026043,0.073487,17.405200,0
57.340000,-0.053251,-0.396803,1.525727,-0.105172,-0.370453,0.026047,0.058225,16.224700,0
57.360000,-0.050081,-0.395433,1.484558,-0.105094,-0.367453,0.026050,0.061720,16.258800,0
57.380000,-0.050825,-0.421851,1.518493,-0.105016,-0.364453,0.026053,0.078938,16.959000,0
57.400000,-0.044438,-0.342264,1.606529,-0.104937,-0.361453,0.026055,0.063470,17.055500,0
57.420000,-0.053498,-0.415176,1.616501,-0.104859,-0.358454,0.026057,0.076520,16.059400,0
57.440000,-0.057881,-0.429882,1.574331,-0.104781,-0.355454,0.026058,0.087972,16.592700,0
57.460000,-0.059985,-0.381889,1.557614,-0.104702,-0.352455,0.026059,0.053535,16.817900,0
57.480000,-0.059046,-0.414628,1.579464,-0.104624,-0.349456,0.026060,0.079528,16.622300,0
57.500000,-0.053586,-0.354952,1.499738,-0.104545,-0.346456,0.026061,0.051662,16.976700,0
57.520000,-0.050337,-0.378817,1.489998,-0.104467,-0.343457,0.026061,0.064656,16.892300,0
57.540000,-0.061626,-0.419823,1.532338,-0.104389,-0.340458,0.026061,0.090152,16.819800,0
57.560000,-0.049219,-0.379471,1.507671,-0.104310,-0.337459,0.026062,0.069282,16.507100,0
57.580000,-0.045760,-0.382459,1.504024,-0.104232,-0.334460,0.026062,0.075650,16.371800,0
57.600000,-0.052795,-0.351121,1.576180,-0.104154,-0.331461,0.026062,0.054994,17.376300,0
57.620000,-0.048512,-0.398672,1.605535,-0.104076,-0.328462,0.026062,0.089537,16.892300,0
57.640000,-0.050254,-0.325977,1.659536,-0.103998,-0.325463,0.026062,0.053747,16.052000,0
57.660000,-0.051961,-0.391119,1.579317,-0.103998,-0.324954,0.025798,0.084176,14.693500,0
57.680000,-0.046665,-0.386470,1.392476,-0.103997,-0.324953,0.025798,0.084091,15.793000,0
57.700000,-0.047681,-0.358105,1.474169,-0.103997,-0.324954,0.025798,0.065349,14.728700,0
57.720000,-0.052398,-0.345145,1.521461,-0.103997,-0.324954,0.025798,0.055409,15.754300,0
57.740000,-0.037163,-0.317383,1.590541,-0.103997,-0.324954,0.025798,0.067262,16.036300,0
57.760000,-0.049467,-0.348951,1.552730,-0.103997,-0.324954,0.025798,0.059577,16.292000,0
57.780000,-0.047112,-0.368435,1.572717,-0.103997,-0.324954,0.025798,0.071600,15.536600,0
57.800000,-0.038257,-0.366685,1.607495,-0.103997,-0.324954,0.025798,0.077867,15.142200,0
57.820000,-0.054948,-0.405975,1.565084,-0.103997,-0.324954,0.025798,0.094711,15.237000,0
57.840000,-0.053697,-0.403798,1.517279,-0.103997,-0.324954,0.025798,0.093522,15.302900,0
57.860000,-0.052928,-0.316124,1.490465,-0.103997,-0.324954,0.025798,0.051826,15.505600,0
57.880000,-0.053357,-0.360890,1.502511,-0.103997,-0.324954,0.025798,0.062095,15.342300,0
57.900000,-0.037465,-0.357699,1.547869,-0.103997,-0.324954,0.025798,0.074153,16.905500,0
57.920000,-0.054991,-0.382087,1.631888,-0.103997,-0.324954,0.025798,0.075272,16.144900,0
57.940000,-0.050831,-0.374255,1.491464,-0.103997,-0.324954,0.025798,0.072507,16.293500,0
57.960000,-0.052411,-0.355437,1.461739,-0.103997,-0.324954,0.025798,0.059920,15.645800,0
57.980000,-0.055873,-0.394406,1.575596,-0.103997,-0.324954,0.025798,0.084496,16.310800,0
58.000000,-0.054727,-0.337497,1.616019,-0.103997,-0.324954,0.025798,0.050841,16.403900,0
58.020000,-0.041885,-0.373630,1.584516,-0.103997,-0.324954,0.025798,0.078913,16.079600,0
58.040000,-0.050881,-0.347021,1.550089,-0.103997,-0.324954,0.025798,0.057517,16.293700,0
58.060000,-0.060135,-0.343786,1.449543,-0.103997,-0.324954,0.025798,0.047734,15.812100,0
58.080000,-0.053035,-0.364591,1.460326,-0.103997,-0.324954,0.025798,0.064562,15.709800,0
58.100000,-0.048657,-0.344790,1.523475,-0.103997,-0.324954,0.025798,0.058788,16.444400,0
58.120000,-0.053739,-0.321350,1.477323,-0.103997,-0.324954,0.025798,0.050387,15.984100,0
58.140000,-0.051714,-0.359525,1.491188,-0.103997,-0.324954,0.025798,0.062680,17.127000,0
58.160000,-0.047402,-0.387739,1.508158,-0.103997,-0.324954,0.025798,0.084528,16.689500,0
58.180000,-0.057704,-0.338907,1.578119,-0.103997,-0.324954,0.025798,0.048350,17.121500,0
58.200000,-0.052953,-0.366517,1.611299,-0.103997,-0.324954,0.025798,0.065825,15.983400,0
58.220000,-0.057210,-0.387197,1.585235,-0.103997,-0.324954,0.025798,0.077867,16.116700,0
58.240000,-0.046829,-0.315843,1.530767,-0.103997,-0.324954,0.025798,0.057890,16.572200,0
58.260000,-0.048273,-0.341863,1.480293,-0.103997,-0.324954,0.025798,0.058232,16.018700,0
58.280000,-0.053526,-0.390160,1.465413,-0.103997,-0.324954,0.025798,0.082457,16.541000,0
58.300000,-0.051618,-0.368149,1.476377,-0.103997,-0.324954,0.025798,0.067892,15.657700,0
58.320000,-0.051008,-0.351976,1.539730,-0.103997,-0.324954,0.025798,0.059481,16.098500,0
58.340000,-0.053957,-0.328154,1.514691,-0.103997,-0.324954,0.025798,0.050142,16.310800,0
58.360000,-0.045731,-0.364482,1.492620,-0.103997,-0.324954,0.025798,0.070408,15.258800,0
58.380000,-0.071593,-0.469472,1.563555,-0.103997,-0.324954,0.025798,0.148106,15.601900,0
58.400000,-0.054985,-0.365616,1.626087,-0.103997,-0.324954,0.025798,0.063683,15.157400,0
58.420000,-0.047190,-0.388999,1.559873,-0.103997,-0.324954,0.025798,0.085609,15.187400,0
58.440000,-0.046636,-0.370928,1.590540,-0.103997,-0.324954,0.025798,0.073511,16.315800,0
58.460000,-0.057441,-0.394973,1.613139,-0.103997,-0.324954,0.025798,0.084084,22.232800,0
58.480000,-0.052908,-0.356298,1.602815,-0.103997,-0.324954,0.025798,0.059937,19.508500,0
58.500000,-0.051781,-0.378385,1.578047,-0.103997,-0.324954,0.025798,0.074709,14.633500,0
58.520000,-0.049519,-0.340037,1.525989,-0.103997,-0.324954,0.025798,0.056527,15.781800,0
58.540000,-0.051561,-0.356212,1.576006,-0.103997,-0.324954,0.025798,0.061046,15.310700,0
58.560000,-0.057603,-0.347189,1.446680,-0.103997,-0.324954,0.025798,0.051447,15.537600,0
58.580000,-0.051876,-0.406763,1.548520,-0.103997,-0.324954,0.025798,0.097002,16.150600,0
58.600000,-0.050055,-0.316452,1.426881,-0.103997,-0.324954,0.025798,0.054608,16.639600,0
58.620000,-0.043011,-0.365202,1.538788,-0.103997,-0.324954,0.025798,0.073070,16.682800,0
58.640000,-0.054025,-0.387555,1.587562,-0.103997,-0.324954,0.025798,0.080100,16.464700,0
58.660000,-0.050099,-0.393854,1.629861,-0.103997,-0.324954,0.025798,0.087477,15.727600,0
58.680000,-0.047194,-0.337283,1.585274,-0.103997,-0.324954,0.025798,0.058125,15.487100,0
58.700000,-0.058129,-0.365828,1.528467,-0.103997,-0.324954,0.025798,0.061438,15.676300,0
58.720000,-0.048268,-0.389350,1.594262,-0.103997,-0.324954,0.025798,0.085162,15.516200,0
58.740000,-0.058023,-0.369156,1.640412,-0.103997,-0.324954,0.025798,0.063776,15.367800,0
58.760000,-0.057731,-0.377824,1.540440,-0.103997,-0.324954,0.025798,0.070255,15.542700,0
58.780000,-0.055632,-0.347156,1.474767,-0.103997,-0.324954,0.025798,0.053218,15.990600,0
58.800000,-0.059730,-0.380454,1.460984,-0.103997,-0.324954,0.025798,0.070992,15.921200,0
58.820000,-0.043498,-0.353012,1.496949,-0.103997,-0.324954,0.025798,0.066689,16.654700,0
58.840000,-0.035938,-0.333231,1.651668,-0.103997,-0.324954,0.025798,0.068560,16.904300,0
58.860000,-0.050129,-0.391013,1.536937,-0.103997,-0.324954,0.025798,0.085238,15.682500,0
58.880000,-0.042364,-0.295265,1.563373,-0.103997,-0.324954,0.025798,0.068411,16.790000,0
58.900000,-0.052953,-0.342160,1.471073,-0.103997,-0.324954,0.025798,0.053866,16.355100,0
58.920000,-0.050138,-0.361720,1.459971,-0.103997,-0.324954,0.025798,0.065211,16.507600,0
58.940000,-0.048470,-0.389858,1.470516,-0.103997,-0.324954,0.025798,0.085415,16.267000,0
58.960000,-0.051721,-0.343149,1.610292,-0.103997,-0.324954,0.025798,0.055352,16.626700,0
58.980000,-0.053344,-0.370473,1.573253,-0.103997,-0.324954,0.025798,0.068101,16.648700,0
59.000000,-0.056704,-0.400656,1.526625,-0.103997,-0.324954,0.025798,0.089260,17.062900,0
59.020000,-0.058587,-0.368074,1.589103,-0.103997,-0.324954,0.025798,0.062621,16.500200,0
59.040000,-0.064353,-0.318077,1.493325,-0.103997,-0.324954,0.025798,0.040236,16.700800,0
59.060000,-0.050238,-0.345386,1.467649,-0.103997,-0.324954,0.025798,0.057511,17.608500,0
59.080000,-0.047162,-0.373545,1.474755,-0.103997,-0.324954,0.025798,0.074775,17.214100,0
59.100000,-0.040854,-0.346991,1.568036,-0.103997,-0.324954,0.025798,0.066878,16.633400,0
59.120000,-0.053430,-0.354902,1.564128,-0.103997,-0.324954,0.025798,0.058770,16.979400,0
59.140000,-0.053439,-0.333408,1.439444,-0.103997,-0.324954,0.025798,0.051260,16.680900,0
59.160000,-0.050624,-0.392741,1.474511,-0.103997,-0.324954,0.025798,0.086277,16.363700,0
59.180000,-0.044306,-0.326936,1.575802,-0.103997,-0.324954,0.025798,0.059724,18.120000,0
59.200000,-0.049809,-0.401544,1.529421,-0.103997,-0.324954,0.025798,0.093821,26.165300,0
59.220000,-0.056201,-0.359034,1.645691,-0.103997,-0.324954,0.025798,0.058702,15.513000,0
59.240000,-0.055240,-0.355939,1.627220,-0.103997,-0.324954,0.025798,0.057769,14.566300,0
59.260000,-0.044299,-0.307546,1.507928,-0.103997,-0.324954,0.025798,0.062184,15.409100,0
59.280000,-0.047749,-0.363274,1.483725,-0.103997,-0.324954,0.025798,0.068060,15.892400,0
59.300000,-0.060888,-0.446403,1.544579,-0.103997,-0.324954,0.025798,0.128873,16.210900,0
59.320000,-0.049498,-0.401800,1.572072,-0.103997,-0.324954,0.025798,0.094210,15.248800,0
59.340000,-0.051323,-0.330002,1.583385,-0.103997,-0.324954,0.025798,0.052916,15.212500,0
59.360000,-0.050571,-0.381764,1.603237,-0.103997,-0.324954,0.025798,0.077985,14.783400,0
59.380000,-0.048352,-0.365023,1.613737,-0.103997,-0.324954,0.025798,0.068570,16.261200,0
59.400000,-0.050954,-0.394294,1.518939,-0.103997,-0.324954,0.025798,0.087302,16.172500,0
59.420000,-0.048875,-0.392884,1.446665,-0.103997,-0.324954,0.025798,0.087481,16.181000,0
59.440000,-0.045113,-0.355552,1.585868,-0.103997,-0.324954,0.025798,0.066359,16.505200,0
59.460000,-0.052330,-0.393119,1.553478,-0.103997,-0.324954,0.025798,0.085533,16.328800,0
59.480000,-0.051752,-0.341959,1.388325,-0.103997,-0.324954,0.025798,0.054943,16.472200,0
59.500000,-0.044857,-0.384538,1.520422,-0.103997,-0.324954,0.025798,0.083951,16.642000,0
59.520000,-0.049653,-0.335828,1.599534,-0.103997,-0.324954,0.025798,0.055421,16.905900,0
59.540000,-0.047184,-0.372577,1.560898,-0.103997,-0.324954,0.025798,0.074133,16.575200,0
59.560000,-0.050253,-0.334762,1.445877,-0.103997,-0.324954,0.025798,0.054632,16.775000,0
59.580000,-0.045656,-0.376944,1.521726,-0.103997,-0.324954,0.025798,0.078145,17.112700,0
59.600000,-0.044419,-0.270091,1.517110,-0.103997,-0.324954,0.025798,0.080990,16.203600,0
59.620000,-0.055080,-0.359343,1.500304,-0.103997,-0.324954,0.025798,0.059795,16.680100,0
59.640000,-0.051808,-0.354274,1.649200,-0.103997,-0.324954,0.025798,0.059861,16.708500,0
59.660000,-0.061771,-0.386912,1.551321,-0.103997,-0.324954,0.025798,0.074979,16.712000,0
59.680000,-0.049793,-0.390361,1.488685,-0.103997,-0.324954,0.025798,0.084948,20.882600,0
59.700000,-0.047817,-0.330153,1.576158,-0.103997,-0.324954,0.025798,0.056420,15.703000,0
59.720000,-0.048750,-0.360730,1.629408,-0.103997,-0.324954,0.025798,0.065819,16.905300,0
59.740000,-0.064306,-0.295935,1.477402,-0.103997,-0.324954,0.025798,0.049168,17.274600,0
