timestamp,est_x,est_y,est_theta,gt_x,gt_y,gt_theta,error_m,update_time_ms,kidnapped
0.020000,-0.499453,-0.607525,1.409876,-0.550000,-0.458800,0.000000,0.157080,40.886900,0
0.040000,-0.499915,-0.489949,1.550685,-0.550000,-0.458800,0.000000,0.058981,47.819800,0
0.060000,-0.500582,-0.488213,1.542697,-0.550000,-0.458800,0.000000,0.057509,34.629200,0
0.080000,-0.499357,-0.490354,1.550329,-0.550000,-0.458800,0.000000,0.059668,48.941100,0
0.100000,-0.500624,-0.491680,1.549851,-0.550000,-0.458800,0.000000,0.059322,27.698000,0
0.120000,-0.502827,-0.485228,1.542426,-0.550000,-0.458800,0.000000,0.054071,26.050900,0
0.140000,-0.501888,-0.492916,1.555381,-0.550000,-0.458800,0.000000,0.058980,28.275800,0
0.160000,-0.502337,-0.497478,1.568917,-0.550000,-0.458800,0.000000,0.061382,28.417900,0
0.180000,-0.499685,-0.495850,1.576598,-0.550000,-0.458800,0.000000,0.062484,26.255500,0
0.200000,-0.500754,-0.494546,1.562956,-0.550000,-0.458800,0.000000,0.060852,24.890900,0
0.220000,-0.499245,-0.494793,1.566339,-0.550000,-0.458800,0.000000,0.062222,26.944700,0
0.240000,-0.502596,-0.493703,1.555564,-0.550000,-0.458800,0.000000,0.058867,28.077900,0
0.260000,-0.500925,-0.489918,1.546212,-0.550000,-0.458800,0.000000,0.058109,31.373300,0
0.280000,-0.501287,-0.488560,1.543092,-0.550000,-0.458800,0.000000,0.057084,36.097300,0
0.300000,-0.503395,-0.492220,1.552740,-0.550000,-0.458800,0.000000,0.057349,31.597500,0
0.320000,-0.501142,-0.490925,1.546982,-0.550000,-0.458800,0.000000,0.058473,31.774300,0
0.340000,-0.500467,-0.493294,1.553959,-0.550000,-0.458800,0.000000,0.060360,33.710800,0
0.360000,-0.500284,-0.452284,1.490340,-0.550000,-0.458800,0.000000,0.050141,44.957400,0
0.380000,-0.502172,-0.487816,1.551384,-0.550000,-0.458800,0.000000,0.055942,34.590800,0
0.400000,-0.498351,-0.487479,1.549660,-0.550000,-0.458800,0.000000,0.059077,23.072100,0
0.420000,-0.502326,-0.490701,1.550235,-0.550000,-0.458800,0.000000,0.057363,24.729200,0
0.440000,-0.500298,-0.491297,1.555635,-0.550000,-0.458800,0.000000,0.059383,25.666100,0
0.460000,-0.498046,-0.491213,1.551823,-0.550000,-0.458800,0.000000,0.061236,25.007900,0
0.480000,-0.501067,-0.484750,1.535275,-0.550000,-0.458800,0.000000,0.055388,26.254400,0
0.500000,-0.501817,-0.487692,1.554595,-0.550000,-0.458800,0.000000,0.056182,34.041900,0
0.520000,-0.501811,-0.486017,1.544030,-0.550000,-0.458800,0.000000,0.055344,27.171800,0
0.540000,-0.504072,-0.488552,1.538666,-0.550000,-0.458800,0.000000,0.054722,30.706600,0
0.560000,-0.503746,-0.487313,1.542167,-0.550000,-0.458800,0.000000,0.054336,29.568800,0
0.580000,-0.502403,-0.486416,1.545853,-0.550000,-0.458800,0.000000,0.055029,27.126100,0
0.600000,-0.499630,-0.488811,1.555139,-0.550000,-0.458800,0.000000,0.058633,27.476300,0
0.620000,-0.501821,-0.479256,1.538192,-0.550000,-0.458800,0.000000,0.052342,31.522100,0
0.640000,-0.500046,-0.490261,1.548473,-0.550000,-0.458800,0.000000,0.059036,35.648600,0
0.660000,-0.498751,-0.489383,1.557016,-0.550000,-0.458800,0.000000,0.059680,36.699700,0
0.680000,-0.500067,-0.489971,1.551611,-0.550000,-0.458800,0.000000,0.058864,30.920500,0
0.700000,-0.500168,-0.487996,1.545134,-0.550000,-0.458800,0.000000,0.057755,36.544400,0
0.720000,-0.502144,-0.488641,1.548280,-0.550000,-0.458800,0.000000,0.056398,29.883200,0
0.740000,-0.502295,-0.490153,1.546572,-0.550000,-0.458800,0.000000,0.057086,30.546300,0
0.760000,-0.502956,-0.487929,1.541500,-0.550000,-0.458800,0.000000,0.055332,33.284000,0
0.780000,-0.503762,-0.487890,1.541561,-0.550000,-0.458800,0.000000,0.054628,28.123800,0
0.800000,-0.501593,-0.491311,1.554722,-0.550000,-0.458800,0.000000,0.058312,29.399900,0
0.820000,-0.500274,-0.493605,1.548023,-0.550000,-0.458800,0.000000,0.060696,31.691700,0
0.840000,-0.499852,-0.490151,1.544971,-0.550000,-0.458800,0.000000,0.059142,33.839100,0
0.860000,-0.501979,-0.489016,1.546340,-0.550000,-0.458800,0.000000,0.056736,26.565400,0
0.880000,-0.499222,-0.489757,1.550290,-0.550000,-0.458800,0.000000,0.059470,27.067900,0
0.900000,-0.501559,-0.486279,1.547571,-0.550000,-0.458800,0.000000,0.055692,26.439300,0
0.920000,-0.499321,-0.489393,1.547377,-0.550000,-0.458800,0.000000,0.059197,26.453800,0
0.940000,-0.501067,-0.490957,1.550722,-0.550000,-0.458800,0.000000,0.058554,25.280900,0
0.960000,-0.504645,-0.489966,1.548053,-0.550000,-0.458800,0.000000,0.055031,25.714900,0
0.980000,-0.501781,-0.490537,1.548473,-0.550000,-0.458800,0.000000,0.057726,27.002300,0
1.000000,-0.502473,-0.490620,1.546902,-0.550000,-0.458800,0.000000,0.057195,26.334100,0
1.020000,-0.502450,-0.493768,1.550566,-0.550000,-0.458800,0.000000,0.059024,28.534000,0
1.040000,-0.501455,-0.502773,1.568068,-0.550000,-0.458800,0.000000,0.065500,30.197300,0
1.060000,-0.501670,-0.494949,1.560477,-0.550000,-0.458800,0.000000,0.060353,27.996200,0
1.080000,-0.503174,-0.498523,1.570439,-0.550000,-0.458800,0.000000,0.061405,25.000200,0
1.100000,-0.499835,-0.488320,1.559906,-0.550000,-0.458800,0.000000,0.058206,25.245200,0
1.120000,-0.501756,-0.491781,1.556129,-0.550000,-0.458800,0.000000,0.058440,36.065900,0
1.140000,-0.505090,-0.491932,1.564827,-0.550000,-0.458800,0.000000,0.055809,32.066200,0
1.160000,-0.502940,-0.491842,1.566193,-0.550000,-0.458800,0.000000,0.057501,29.011000,0
1.180000,-0.499920,-0.492920,1.565913,-0.550000,-0.458800,0.000000,0.060598,40.421000,0
1.200000,-0.501433,-0.493942,1.561533,-0.550000,-0.458800,0.000000,0.059948,39.740300,0
1.220000,-0.502003,-0.495771,1.571691,-0.550000,-0.458800,0.000000,0.060585,42.299700,0
1.240000,-0.497580,-0.492191,1.569265,-0.550000,-0.458800,0.000000,0.062152,35.181000,0
1.260000,-0.502379,-0.490499,1.559423,-0.550000,-0.458800,0.000000,0.057206,49.297900,0
1.280000,-0.499202,-0.492106,1.567962,-0.550000,-0.458800,0.000000,0.060743,46.739800,0
1.300000,-0.502934,-0.491407,1.562453,-0.550000,-0.458800,0.000000,0.057257,37.105400,0
1.320000,-0.501444,-0.491661,1.554793,-0.550000,-0.458800,0.000000,0.058630,28.961500,0
1.340000,-0.502273,-0.494892,1.563545,-0.550000,-0.458800,0.000000,0.059837,26.929500,0
1.360000,-0.501035,-0.494188,1.570878,-0.550000,-0.458800,0.000000,0.060414,29.738900,0
1.380000,-0.498458,-0.494848,1.563740,-0.550000,-0.458800,0.000000,0.062897,27.355500,0
1.400000,-0.500316,-0.496312,1.572216,-0.550000,-0.458800,0.000000,0.062254,31.541500,0
1.420000,-0.502353,-0.490989,1.561036,-0.550000,-0.458800,0.000000,0.057502,40.934700,0
1.440000,-0.504279,-0.494958,1.562861,-0.550000,-0.458800,0.000000,0.058291,56.007600,0
1.460000,-0.499815,-0.497181,1.570012,-0.550000,-0.458800,0.000000,0.063179,75.464700,0
1.480000,-0.500030,-0.495291,1.571623,-0.550000,-0.458800,0.000000,0.061875,310.871100,0
1.500000,-0.503396,-0.497085,1.566408,-0.550000,-0.458800,0.000000,0.060313,271.778300,0
1.520000,-0.501661,-0.492067,1.564895,-0.550000,-0.458800,0.000000,0.058680,60.086300,0
1.540000,-0.503845,-0.495499,1.560716,-0.550000,-0.458800,0.000000,0.058967,62.318400,0
1.560000,-0.504817,-0.490807,1.559858,-0.550000,-0.458800,0.000000,0.055371,49.161200,0
1.580000,-0.501469,-0.492007,1.564710,-0.550000,-0.458800,0.000000,0.058804,50.674500,0
1.600000,-0.502001,-0.491412,1.561702,-0.550000,-0.458800,0.000000,0.058030,57.262200,0
1.620000,-0.502380,-0.491611,1.562745,-0.550000,-0.458800,0.000000,0.057830,42.548000,0
1.640000,-0.501612,-0.492312,1.565579,-0.550000,-0.458800,0.000000,0.058860,45.642200,0
1.660000,-0.503962,-0.493592,1.563629,-0.550000,-0.458800,0.000000,0.057706,44.562200,0
1.680000,-0.502065,-0.495542,1.565370,-0.550000,-0.458800,0.000000,0.060396,41.539700,0
1.700000,-0.499694,-0.494372,1.568303,-0.550000,-0.458800,0.000000,0.061612,53.769600,0
1.720000,-0.502511,-0.494842,1.568089,-0.550000,-0.458800,0.000000,0.059617,42.500100,0
1.740000,-0.501523,-0.495093,1.567873,-0.550000,-0.458800,0.000000,0.060558,37.475900,0
1.760000,-0.503853,-0.489813,1.557824,-0.550000,-0.458800,0.000000,0.055600,46.953100,0
1.780000,-0.502609,-0.491069,1.561091,-0.550000,-0.458800,0.000000,0.057334,36.523400,0
1.800000,-0.501547,-0.497230,1.575314,-0.550000,-0.458800,0.000000,0.061843,35.612800,0
1.820000,-0.501469,-0.497871,1.570273,-0.550000,-0.458800,0.000000,0.062304,39.655900,0
1.840000,-0.498428,-0.496451,1.574507,-0.550000,-0.458800,0.000000,0.063853,35.247300,0
1.860000,-0.500726,-0.497995,1.560303,-0.550000,-0.458800,0.000000,0.062962,37.738400,0
1.880000,-0.502583,-0.494500,1.561821,-0.550000,-0.458800,0.000000,0.059354,32.100200,0
1.900000,-0.500494,-0.492722,1.568196,-0.550000,-0.458800,0.000000,0.060012,32.943000,0
1.920000,-0.498949,-0.492844,1.564537,-0.550000,-0.458800,0.000000,0.061362,51.563100,0
1.940000,-0.502373,-0.496718,1.577504,-0.550000,-0.458800,0.000000,0.060878,35.534400,0
1.960000,-0.503032,-0.494569,1.566575,-0.550000,-0.458800,0.000000,0.059037,27.965700,0
1.980000,-0.501291,-0.496963,1.565401,-0.550000,-0.458800,0.000000,0.061879,33.973200,0
2.000000,-0.499373,-0.494102,1.562767,-0.550000,-0.458800,0.000000,0.061720,34.675100,0
2.020000,-0.498908,-0.494596,1.572018,-0.550000,-0.458800,0.000000,0.062384,33.454200,0
2.040000,-0.502817,-0.493715,1.567563,-0.550000,-0.458800,0.000000,0.058697,42.705400,0
2.060000,-0.500618,-0.493705,1.565689,-0.550000,-0.458800,0.000000,0.060472,40.331900,0
2.080000,-0.498754,-0.495068,1.568118,-0.550000,-0.458800,0.000000,0.062781,38.934300,0
2.100000,-0.501115,-0.495480,1.562589,-0.550000,-0.458800,0.000000,0.061116,27.204200,0
2.120000,-0.503398,-0.496815,1.569145,-0.550000,-0.458800,0.000000,0.060141,30.870600,0
2.140000,-0.502980,-0.494948,1.561161,-0.550000,-0.458800,0.000000,0.059309,35.079000,0
2.160000,-0.502495,-0.493781,1.553899,-0.550000,-0.458800,0.000000,0.058995,37.371800,0
2.180000,-0.501439,-0.525621,1.619143,-0.550000,-0.458800,0.000000,0.082602,33.451200,0
2.200000,-0.503622,-0.490468,1.569840,-0.550000,-0.458800,0.000000,0.056158,37.043100,0
2.220000,-0.499408,-0.495068,1.571043,-0.550000,-0.458800,0.000000,0.062249,38.381700,0
2.240000,-0.501360,-0.493785,1.564243,-0.550000,-0.458800,0.000000,0.059915,38.346700,0
2.260000,-0.503419,-0.491882,1.567300,-0.550000,-0.458800,0.000000,0.057133,34.931900,0
2.280000,-0.501668,-0.490757,1.561075,-0.550000,-0.458800,0.000000,0.057942,40.284500,0
2.300000,-0.504728,-0.492281,1.557141,-0.550000,-0.458800,0.000000,0.056307,34.009600,0
2.320000,-0.503349,-0.494855,1.570577,-0.550000,-0.458800,0.000000,0.058960,34.859600,0
2.340000,-0.502106,-0.494243,1.564161,-0.550000,-0.458800,0.000000,0.059582,26.351700,0
2.360000,-0.501527,-0.493223,1.568335,-0.550000,-0.458800,0.000000,0.059452,31.797700,0
2.380000,-0.501861,-0.493370,1.573501,-0.550000,-0.458800,0.000000,0.059265,30.735000,0
2.400000,-0.502496,-0.493050,1.565262,-0.550000,-0.458800,0.000000,0.058564,31.634800,0
2.420000,-0.502068,-0.490616,1.563188,-0.550000,-0.458800,0.000000,0.057530,28.964600,0
2.440000,-0.502612,-0.488629,1.562919,-0.550000,-0.458800,0.000000,0.055995,35.521300,0
2.460000,-0.502332,-0.490525,1.562860,-0.550000,-0.458800,0.000000,0.057260,28.172500,0
2.480000,-0.502851,-0.492006,1.560004,-0.550000,-0.458800,0.000000,0.057669,26.567100,0
2.500000,-0.502090,-0.493437,1.568204,-0.550000,-0.458800,0.000000,0.059119,50.946100,0
2.520000,-0.500883,-0.495346,1.562921,-0.550000,-0.458800,0.000000,0.061221,32.420400,0
2.540000,-0.506501,-0.494919,1.564164,-0.550000,-0.458800,0.000000,0.056540,38.288600,0
2.560000,-0.501043,-0.492973,1.565593,-0.550000,-0.458800,0.000000,0.059704,33.030500,0
2.580000,-0.502171,-0.494671,1.572921,-0.550000,-0.458800,0.000000,0.059786,46.511500,0
2.600000,-0.503032,-0.494774,1.562801,-0.550000,-0.458800,0.000000,0.059162,39.223300,0
2.620000,-0.502255,-0.492001,1.559239,-0.550000,-0.458800,0.000000,0.058154,28.606700,0
2.640000,-0.501350,-0.492342,1.570521,-0.550000,-0.458800,0.000000,0.059093,30.458900,0
2.660000,-0.500406,-0.491923,1.559737,-0.550000,-0.458800,0.000000,0.059638,36.374300,0
2.680000,-0.500736,-0.488676,1.560704,-0.550000,-0.458800,0.000000,0.057615,35.151200,0
2.700000,-0.500425,-0.491714,1.558390,-0.550000,-0.458800,0.000000,0.059506,32.334900,0
2.720000,-0.502528,-0.493540,1.564302,-0.550000,-0.458800,0.000000,0.058825,33.091700,0
2.740000,-0.501424,-0.494334,1.570809,-0.550000,-0.458800,0.000000,0.060185,33.574000,0
2.760000,-0.502284,-0.492706,1.565695,-0.550000,-0.458800,0.000000,0.058536,29.359500,0
2.780000,-0.500750,-0.491172,1.566054,-0.550000,-0.458800,0.000000,0.058936,29.699800,0
2.800000,-0.501671,-0.490433,1.564677,-0.550000,-0.458800,0.000000,0.057761,32.072200,0
2.820000,-0.504227,-0.489781,1.556270,-0.550000,-0.458800,0.000000,0.055272,26.955300,0
2.840000,-0.500625,-0.495893,1.566296,-0.550000,-0.458800,0.000000,0.061756,27.031200,0
2.860000,-0.503332,-0.497582,1.568502,-0.550000,-0.458800,0.000000,0.060679,28.448400,0
2.880000,-0.504315,-0.492700,1.563574,-0.550000,-0.458800,0.000000,0.056888,28.906000,0
2.900000,-0.503269,-0.491165,1.557906,-0.550000,-0.458800,0.000000,0.056845,36.313800,0
2.920000,-0.502843,-0.492464,1.563580,-0.550000,-0.458800,0.000000,0.057940,45.659900,0
2.940000,-0.502898,-0.493463,1.561017,-0.550000,-0.458800,0.000000,0.058482,25.654600,0
2.960000,-0.502386,-0.493574,1.551834,-0.550000,-0.458800,0.000000,0.058961,39.283200,0
2.980000,-0.500508,-0.496791,1.565092,-0.550000,-0.458800,0.000000,0.062392,28.933100,0
3.000000,-0.500515,-0.495718,1.570047,-0.550000,-0.458800,0.000000,0.061739,31.807800,0
3.020000,-0.502565,-0.492708,1.568564,-0.550000,-0.458800,0.000000,0.058308,26.661800,0
3.040000,-0.500692,-0.494978,1.563424,-0.550000,-0.458800,0.000000,0.061156,35.255600,0
3.060000,-0.501447,-0.492163,1.571927,-0.550000,-0.458800,0.000000,0.058911,28.591600,0
3.080000,-0.500869,-0.492066,1.566083,-0.550000,-0.458800,0.000000,0.059333,31.361800,0
3.100000,-0.502667,-0.489984,1.556702,-0.550000,-0.458800,0.000000,0.056682,33.275600,0
3.120000,-0.502163,-0.496530,1.575240,-0.550000,-0.458800,0.000000,0.060926,38.614100,0
3.140000,-0.502072,-0.496251,1.569926,-0.550000,-0.458800,0.000000,0.060824,35.954100,0
3.160000,-0.500958,-0.491005,1.561419,-0.550000,-0.458800,0.000000,0.058671,41.427200,0
3.180000,-0.502468,-0.491554,1.562581,-0.550000,-0.458800,0.000000,0.057725,31.883300,0
3.200000,-0.500932,-0.494546,1.567358,-0.550000,-0.458800,0.000000,0.060708,38.233700,0
3.220000,-0.501914,-0.489927,1.555347,-0.550000,-0.458800,0.000000,0.057281,30.084700,0
3.240000,-0.500171,-0.488357,1.550761,-0.550000,-0.458800,0.000000,0.057936,39.372000,0
3.260000,-0.501124,-0.485437,1.546098,-0.550000,-0.458800,0.000000,0.055663,31.585400,0
3.280000,-0.501080,-0.489301,1.559388,-0.550000,-0.458800,0.000000,0.057650,41.495400,0
3.300000,-0.498795,-0.493938,1.571518,-0.550000,-0.458800,0.000000,0.062101,38.323100,0
3.320000,-0.501236,-0.488646,1.564511,-0.550000,-0.458800,0.000000,0.057172,28.927500,0
3.340000,-0.500603,-0.493639,1.578622,-0.550000,-0.456378,-0.000076,0.061874,42.594300,0
3.360000,-0.501134,-0.490517,1.566877,-0.550000,-0.453378,-0.000076,0.061378,34.835200,0
3.380000,-0.501484,-0.484590,1.566634,-0.550000,-0.450378,-0.000076,0.059366,30.546600,0
3.400000,-0.503916,-0.484733,1.571562,-0.550001,-0.447378,-0.000076,0.059323,32.284200,0
3.420000,-0.502798,-0.482123,1.569403,-0.550001,-0.444378,-0.000076,0.060438,38.610100,0
3.440000,-0.502211,-0.475818,1.571527,-0.550001,-0.441377,-0.000076,0.058908,33.460000,0
3.460000,-0.501087,-0.474622,1.567691,-0.550001,-0.438377,-0.000076,0.060879,32.488400,0
3.480000,-0.500250,-0.467878,1.567007,-0.550002,-0.435377,-0.000076,0.059428,33.535300,0
3.500000,-0.500445,-0.464424,1.556401,-0.550002,-0.432377,-0.000076,0.059016,35.685000,0
3.520000,-0.500748,-0.458321,1.551092,-0.550002,-0.429377,-0.000076,0.057128,37.365000,0
3.540000,-0.501040,-0.458091,1.552952,-0.550002,-0.426377,-0.000076,0.058336,38.027500,0
3.560000,-0.502230,-0.454395,1.549209,-0.550003,-0.423377,-0.000076,0.056960,33.571800,0
3.580000,-0.500579,-0.449956,1.554092,-0.550003,-0.420377,-0.000076,0.057599,35.167500,0
3.600000,-0.500305,-0.451502,1.552279,-0.550003,-0.417377,-0.000076,0.060286,29.069500,0
3.620000,-0.501068,-0.445787,1.547841,-0.550003,-0.414377,-0.000076,0.058148,27.122900,0
3.640000,-0.499825,-0.441404,1.548668,-0.550004,-0.411377,-0.000076,0.058477,30.219700,0
3.660000,-0.499949,-0.438647,1.545156,-0.550004,-0.408377,-0.000076,0.058495,36.631800,0
3.680000,-0.498711,-0.436473,1.552467,-0.550004,-0.405377,-0.000076,0.059983,42.270100,0
3.700000,-0.499035,-0.431188,1.547751,-0.550004,-0.402377,-0.000076,0.058548,33.004800,0
3.720000,-0.500590,-0.431617,1.551226,-0.550004,-0.399377,-0.000076,0.059001,33.841600,0
3.740000,-0.499352,-0.426874,1.547997,-0.550005,-0.396377,-0.000076,0.059125,37.080300,0
3.760000,-0.500594,-0.421654,1.538142,-0.550005,-0.393377,-0.000076,0.056930,45.750700,0
3.780000,-0.499648,-0.423484,1.556328,-0.550005,-0.390377,-0.000076,0.060266,32.747700,0
3.800000,-0.500324,-0.420135,1.545013,-0.550005,-0.389867,-0.000003,0.058175,33.555900,0
3.820000,-0.498928,-0.419152,1.547302,-0.550005,-0.389867,-0.000003,0.058877,47.024200,0
3.840000,-0.499464,-0.421388,1.545685,-0.550005,-0.389867,-0.000003,0.059565,34.676600,0
3.860000,-0.497632,-0.421637,1.556238,-0.550005,-0.389867,-0.000003,0.061256,44.494200,0
3.880000,-0.500536,-0.415851,1.547695,-0.550005,-0.389867,-0.000003,0.055878,37.406400,0
3.900000,-0.501309,-0.415885,1.555540,-0.550005,-0.389867,-0.000003,0.055210,33.872600,0
3.920000,-0.500545,-0.419832,1.559866,-0.550005,-0.389868,-0.000003,0.057829,45.441200,0
3.940000,-0.501928,-0.425470,1.570297,-0.550005,-0.389868,-0.000003,0.059824,39.240200,0
3.960000,-0.501341,-0.424811,1.568390,-0.550005,-0.389868,-0.000003,0.059910,40.633000,0
3.980000,-0.501181,-0.427444,1.565938,-0.550005,-0.389868,-0.000003,0.061610,30.084200,0
4.000000,-0.503067,-0.422435,1.562035,-0.550005,-0.389868,-0.000003,0.057129,34.284700,0
4.020000,-0.498840,-0.426157,1.566664,-0.550005,-0.389868,-0.000003,0.062728,38.503400,0
4.040000,-0.498896,-0.423735,1.565732,-0.550005,-0.389868,-0.000003,0.061311,31.372600,0
4.060000,-0.500334,-0.422581,1.571083,-0.550005,-0.389868,-0.000003,0.059476,29.167900,0
4.080000,-0.499376,-0.424472,1.574121,-0.550005,-0.389868,-0.000003,0.061325,28.365600,0
4.100000,-0.499896,-0.420295,1.563017,-0.550005,-0.389868,-0.000003,0.058623,30.475000,0
4.120000,-0.500243,-0.420162,1.561763,-0.550005,-0.389868,-0.000003,0.058257,31.044100,0
4.140000,-0.500102,-0.421918,1.558722,-0.550005,-0.389868,-0.000003,0.059308,32.289800,0
4.160000,-0.502438,-0.426552,1.568813,-0.550005,-0.389868,-0.000003,0.060069,30.842800,0
4.180000,-0.499363,-0.426187,1.572583,-0.550005,-0.389868,-0.000003,0.062319,31.227200,0
4.200000,-0.499892,-0.419848,1.567972,-0.550005,-0.387445,-0.000078,0.059676,33.884900,0
4.220000,-0.500008,-0.416001,1.564099,-0.550005,-0.384446,-0.000078,0.059122,28.083600,0
4.240000,-0.500590,-0.412231,1.570173,-0.550006,-0.381445,-0.000078,0.058221,48.259100,0
4.260000,-0.499699,-0.409717,1.566281,-0.550006,-0.378445,-0.000078,0.059235,29.920400,0
4.280000,-0.499906,-0.410568,1.565375,-0.550006,-0.375445,-0.000078,0.061185,30.121600,0
4.300000,-0.498191,-0.407846,1.570684,-0.550006,-0.372445,-0.000078,0.062754,33.677200,0
4.320000,-0.498787,-0.405205,1.575839,-0.550007,-0.369445,-0.000078,0.062468,38.219600,0
4.340000,-0.499903,-0.400253,1.571801,-0.550007,-0.366445,-0.000078,0.060443,34.597900,0
4.360000,-0.499392,-0.401489,1.563734,-0.550007,-0.363445,-0.000078,0.063318,38.837700,0
4.380000,-0.498951,-0.397928,1.562946,-0.550007,-0.360445,-0.000078,0.063338,36.437400,0
4.400000,-0.499301,-0.394241,1.568074,-0.550008,-0.357445,-0.000078,0.062651,39.982600,0
4.420000,-0.497501,-0.390374,1.564601,-0.550008,-0.354445,-0.000078,0.063623,41.813700,0
4.440000,-0.499078,-0.385992,1.565226,-0.550008,-0.351445,-0.000078,0.061542,39.380000,0
4.460000,-0.500355,-0.379330,1.560676,-0.550008,-0.348445,-0.000078,0.058475,39.541900,0
4.480000,-0.500535,-0.380189,1.566669,-0.550009,-0.345445,-0.000078,0.060455,35.204000,0
4.500000,-0.498261,-0.380175,1.561672,-0.550009,-0.342445,-0.000078,0.064042,44.077200,0
4.520000,-0.499241,-0.376857,1.561253,-0.550009,-0.339445,-0.000078,0.063064,38.074500,0
4.540000,-0.499696,-0.371032,1.564272,-0.550009,-0.336445,-0.000078,0.061054,38.955400,0
4.560000,-0.500102,-0.370767,1.568603,-0.550009,-0.333445,-0.000078,0.062319,38.138600,0
4.580000,-0.498714,-0.363256,1.565660,-0.550010,-0.330445,-0.000078,0.060892,44.413000,0
4.600000,-0.500068,-0.359435,1.565627,-0.550010,-0.327445,-0.000078,0.059309,41.904300,0
4.620000,-0.498506,-0.363123,1.570248,-0.550010,-0.324445,-0.000078,0.064411,38.624400,0
4.640000,-0.499337,-0.354251,1.566101,-0.550010,-0.321445,-0.000078,0.060366,38.422500,0
4.660000,-0.499254,-0.349906,1.560207,-0.550011,-0.318445,-0.000078,0.059716,41.934800,0
4.680000,-0.499012,-0.349928,1.565425,-0.550011,-0.315445,-0.000078,0.061563,49.554500,0
4.700000,-0.499752,-0.346423,1.560620,-0.550011,-0.312445,-0.000078,0.060667,49.343000,0
4.720000,-0.498468,-0.344936,1.566821,-0.550011,-0.309445,-0.000078,0.062580,43.235800,0
4.740000,-0.498700,-0.341051,1.562280,-0.550012,-0.306445,-0.000078,0.061891,38.525100,0
4.760000,-0.498611,-0.334674,1.560257,-0.550012,-0.303445,-0.000078,0.060144,39.282100,0
4.780000,-0.499438,-0.326153,1.544226,-0.550012,-0.300445,-0.000078,0.056733,40.771900,0
4.800000,-0.498197,-0.333979,1.567916,-0.550012,-0.297445,-0.000078,0.063400,34.150700,0
4.820000,-0.500226,-0.329292,1.558644,-0.550013,-0.294445,-0.000078,0.060770,36.641800,0
4.840000,-0.499550,-0.327886,1.563965,-0.550013,-0.291445,-0.000078,0.062245,37.263500,0
4.860000,-0.498862,-0.319072,1.562295,-0.550013,-0.288445,-0.000078,0.059619,35.247800,0
4.880000,-0.499734,-0.317803,1.566833,-0.550013,-0.285445,-0.000078,0.059792,29.630100,0
4.900000,-0.496642,-0.317047,1.568536,-0.550013,-0.282445,-0.000078,0.063607,31.361900,0
4.920000,-0.496889,-0.320243,1.576889,-0.550014,-0.279445,-0.000078,0.066983,45.029600,0
4.940000,-0.499020,-0.310865,1.553203,-0.550014,-0.276445,-0.000078,0.061524,35.142700,0
4.960000,-0.499298,-0.302135,1.548598,-0.550014,-0.273445,-0.000078,0.058268,31.046200,0
4.980000,-0.496875,-0.298740,1.544612,-0.550014,-0.270445,-0.000078,0.060203,34.094300,0
5.000000,-0.496956,-0.297412,1.546166,-0.550015,-0.267445,-0.000078,0.060936,38.859200,0
5.020000,-0.497365,-0.297392,1.550340,-0.550015,-0.264445,-0.000078,0.062108,33.592100,0
5.040000,-0.496914,-0.293888,1.548805,-0.550015,-0.261445,-0.000078,0.062227,33.662700,0
5.060000,-0.497635,-0.289362,1.547467,-0.550015,-0.258445,-0.000078,0.060823,33.106000,0
5.080000,-0.497094,-0.282564,1.542559,-0.550016,-0.255445,-0.000078,0.059466,37.491900,0
5.100000,-0.497260,-0.284188,1.551841,-0.550016,-0.252445,-0.000078,0.061569,38.790100,0
5.120000,-0.497980,-0.297222,1.585178,-0.550016,-0.249445,-0.000078,0.070642,31.982800,0
5.140000,-0.496763,-0.279304,1.563477,-0.550016,-0.246445,-0.000078,0.062575,39.726800,0
5.160000,-0.497253,-0.276411,1.564265,-0.550016,-0.243445,-0.000078,0.062215,31.782900,0
5.180000,-0.497669,-0.273502,1.559758,-0.550017,-0.240445,-0.000078,0.061912,28.073700,0
5.200000,-0.496904,-0.270879,1.560412,-0.550017,-0.237445,-0.000078,0.062760,35.300400,0
5.220000,-0.495829,-0.269332,1.567105,-0.550017,-0.234445,-0.000078,0.064447,41.825700,0
5.240000,-0.497525,-0.266584,1.565327,-0.550017,-0.231445,-0.000078,0.063168,54.752100,0
5.260000,-0.497232,-0.262843,1.560660,-0.550018,-0.228445,-0.000078,0.063004,43.760700,0
5.280000,-0.497442,-0.261536,1.565956,-0.550018,-0.225445,-0.000078,0.063771,39.963900,0
5.300000,-0.496983,-0.252232,1.570241,-0.550018,-0.222445,-0.000078,0.060827,30.300800,0
5.320000,-0.496323,-0.252241,1.569147,-0.550018,-0.219445,-0.000078,0.062919,28.045700,0
5.340000,-0.497074,-0.246037,1.554026,-0.550019,-0.216445,-0.000078,0.060654,27.535500,0
5.360000,-0.497701,-0.262102,1.589536,-0.550019,-0.213445,-0.000078,0.071447,27.755100,0
5.380000,-0.497367,-0.248064,1.564621,-0.550019,-0.210445,-0.000078,0.064710,26.188300,0
5.400000,-0.497336,-0.249093,1.560759,-0.550019,-0.207445,-0.000078,0.067157,28.111900,0
5.420000,-0.497306,-0.244093,1.558210,-0.550020,-0.204445,-0.000078,0.065960,26.196700,0
5.440000,-0.495558,-0.244297,1.566100,-0.550020,-0.201445,-0.000078,0.069299,26.893000,0
5.460000,-0.494760,-0.238994,1.565986,-0.550020,-0.198445,-0.000078,0.068541,26.008400,0
5.480000,-0.494760,-0.231901,1.566662,-0.550020,-0.195445,-0.000078,0.066202,28.741400,0
5.500000,-0.494826,-0.230654,1.571415,-0.550020,-0.192445,-0.000078,0.067130,30.630500,0
5.520000,-0.496432,-0.227824,1.567596,-0.550021,-0.189445,-0.000078,0.065915,25.266000,0
5.540000,-0.496694,-0.220826,1.558191,-0.550021,-0.186445,-0.000078,0.063450,23.822700,0
5.560000,-0.497227,-0.215577,1.558263,-0.550021,-0.183445,-0.000078,0.061803,26.519100,0
5.580000,-0.495841,-0.207118,1.544211,-0.550021,-0.180445,-0.000078,0.060389,25.514600,0
5.600000,-0.495599,-0.205763,1.548480,-0.550022,-0.177445,-0.000078,0.061349,25.603500,0
5.620000,-0.493610,-0.202067,1.544722,-0.550022,-0.174445,-0.000078,0.062812,25.653300,0
5.640000,-0.493933,-0.199217,1.548595,-0.550022,-0.171445,-0.000078,0.062588,28.697100,0
5.660000,-0.495693,-0.191355,1.554144,-0.550022,-0.168445,-0.000078,0.058962,27.434100,0
5.680000,-0.496564,-0.183646,1.544785,-0.550023,-0.165445,-0.000078,0.056472,27.731500,0
5.700000,-0.496145,-0.191704,1.544518,-0.550023,-0.162445,-0.000078,0.061310,27.046400,0
5.720000,-0.494458,-0.181912,1.543107,-0.550023,-0.159445,-0.000078,0.059935,29.618800,0
5.740000,-0.494267,-0.181621,1.550183,-0.550023,-0.156445,-0.000078,0.061176,32.159500,0
5.760000,-0.494991,-0.180098,1.548490,-0.550024,-0.153445,-0.000078,0.061148,28.367100,0
5.780000,-0.494236,-0.179907,1.550268,-0.550024,-0.150445,-0.000078,0.063089,28.762700,0
5.800000,-0.494776,-0.174469,1.544733,-0.550024,-0.147445,-0.000078,0.061503,27.763400,0
5.820000,-0.496248,-0.183045,1.550242,-0.550024,-0.144445,-0.000078,0.066195,26.538300,0
5.840000,-0.495391,-0.176235,1.557420,-0.550025,-0.141445,-0.000078,0.064771,26.968400,0
5.860000,-0.495275,-0.176338,1.566225,-0.550025,-0.138445,-0.000078,0.066585,25.413400,0
5.880000,-0.495490,-0.171716,1.562643,-0.550025,-0.135445,-0.000078,0.065495,27.596400,0
5.900000,-0.495930,-0.171833,1.573128,-0.550025,-0.132445,-0.000078,0.066916,51.819100,0
5.920000,-0.494934,-0.166980,1.558562,-0.550025,-0.129445,-0.000078,0.066663,67.534600,0
5.940000,-0.495374,-0.163548,1.563178,-0.550026,-0.126445,-0.000078,0.066057,63.157400,0
5.960000,-0.496103,-0.160613,1.569031,-0.550026,-0.123445,-0.000078,0.065492,65.719200,0
5.980000,-0.495564,-0.159602,1.567997,-0.550026,-0.120445,-0.000078,0.067077,61.495900,0
6.000000,-0.493102,-0.154253,1.570491,-0.550026,-0.117445,-0.000078,0.067788,79.114000,0
6.020000,-0.493483,-0.149175,1.565480,-0.550027,-0.114445,-0.000078,0.066358,49.418900,0
6.040000,-0.494481,-0.147057,1.565034,-0.550027,-0.111445,-0.000078,0.065981,28.522000,0
6.060000,-0.494495,-0.149151,1.575076,-0.550027,-0.108445,-0.000078,0.068854,33.687800,0
6.080000,-0.495389,-0.136725,1.558667,-0.550027,-0.105445,-0.000078,0.062958,24.923700,0
6.100000,-0.494999,-0.134926,1.566886,-0.550028,-0.102445,-0.000078,0.063900,29.776100,0
6.120000,-0.494427,-0.133081,1.566634,-0.550028,-0.099445,-0.000078,0.064983,29.096100,0
6.140000,-0.493298,-0.128162,1.562594,-0.550028,-0.096445,-0.000078,0.064994,28.325300,0
6.160000,-0.494097,-0.127908,1.559159,-0.550028,-0.093445,-0.000078,0.065696,27.377900,0
6.180000,-0.493715,-0.128848,1.568390,-0.550029,-0.090445,-0.000078,0.068162,25.187900,0
6.200000,-0.493560,-0.129887,1.570394,-0.550029,-0.087445,-0.000078,0.070640,28.404500,0
6.220000,-0.493098,-0.120780,1.557793,-0.550029,-0.084445,-0.000078,0.067538,29.045500,0
6.240000,-0.493190,-0.120384,1.566157,-0.550029,-0.081445,-0.000078,0.068898,27.693900,0
6.260000,-0.493177,-0.113754,1.559981,-0.550029,-0.078445,-0.000078,0.066924,26.204300,0
6.280000,-0.493594,-0.111688,1.563565,-0.550030,-0.075445,-0.000078,0.067072,24.578400,0
6.300000,-0.494832,-0.109509,1.566010,-0.550030,-0.072445,-0.000078,0.066487,25.798500,0
6.320000,-0.493172,-0.107348,1.572167,-0.550030,-0.069445,-0.000078,0.068334,26.166500,0
6.340000,-0.493049,-0.100646,1.559043,-0.550030,-0.066445,-0.000078,0.066457,25.942400,0
6.360000,-0.493702,-0.096698,1.562077,-0.550031,-0.063445,-0.000078,0.065412,27.422500,0
6.380000,-0.492736,-0.106282,1.582704,-0.550031,-0.060445,-0.000078,0.073374,30.499600,0
6.400000,-0.492557,-0.091472,1.556406,-0.550031,-0.057445,-0.000078,0.066791,29.703900,0
6.420000,-0.492807,-0.083313,1.546360,-0.550031,-0.054445,-0.000078,0.064093,31.654700,0
6.440000,-0.491918,-0.078402,1.542176,-0.550032,-0.051445,-0.000078,0.064062,36.426800,0
6.460000,-0.491498,-0.075208,1.542952,-0.550032,-0.048445,-0.000078,0.064362,30.124900,0
6.480000,-0.491925,-0.069746,1.539047,-0.550032,-0.045445,-0.000078,0.062983,27.887200,0
6.500000,-0.491737,-0.069216,1.549363,-0.550032,-0.042445,-0.000078,0.064148,27.373100,0
6.520000,-0.492801,-0.063858,1.547143,-0.550032,-0.039445,-0.000078,0.062221,25.984700,0
6.540000,-0.492088,-0.060347,1.543030,-0.550033,-0.036445,-0.000078,0.062681,27.241100,0
6.560000,-0.492692,-0.061837,1.554870,-0.550033,-0.033445,-0.000078,0.063985,24.200000,0
6.580000,-0.493671,-0.066256,1.565668,-0.550033,-0.030445,-0.000078,0.066777,28.272900,0
6.600000,-0.492935,-0.060093,1.561887,-0.550033,-0.027445,-0.000078,0.065773,43.941800,0
6.620000,-0.491907,-0.061434,1.570123,-0.550034,-0.024445,-0.000078,0.068898,40.909400,0
6.640000,-0.493066,-0.060142,1.576004,-0.550034,-0.021445,-0.000078,0.068868,32.148300,0
6.660000,-0.491877,-0.054625,1.569545,-0.550034,-0.018445,-0.000078,0.068493,31.211700,0
6.680000,-0.492931,-0.047159,1.566150,-0.550034,-0.015445,-0.000078,0.065319,33.105000,0
6.700000,-0.492268,-0.047806,1.570251,-0.550035,-0.012445,-0.000078,0.067730,33.881100,0
6.720000,-0.491325,-0.043216,1.564105,-0.550035,-0.009445,-0.000078,0.067730,37.784500,0
6.740000,-0.491680,-0.048310,1.578349,-0.550035,-0.006445,-0.000078,0.071819,37.843500,0
6.760000,-0.491088,-0.036780,1.554110,-0.550035,-0.003445,-0.000078,0.067720,30.042400,0
6.780000,-0.490637,-0.039442,1.552170,-0.550035,-0.002491,0.009002,0.069953,31.923400,0
6.800000,-0.491754,-0.039031,1.534716,-0.550033,-0.002317,0.029000,0.068879,28.753800,0
6.820000,-0.493056,-0.041646,1.522605,-0.550032,-0.002300,0.047227,0.069241,27.775100,0
6.840000,-0.493919,-0.033920,1.490237,-0.550031,-0.002303,0.065216,0.064406,30.255100,0
6.860000,-0.494515,-0.036552,1.483590,-0.550030,-0.002306,0.083205,0.065228,32.291200,0
6.880000,-0.494381,-0.033427,1.455983,-0.550029,-0.002308,0.101195,0.063758,25.959900,0
6.900000,-0.494624,-0.039320,1.443834,-0.550028,-0.002309,0.119185,0.066629,25.620600,0
6.920000,-0.495324,-0.040670,1.420411,-0.550027,-0.002316,0.137231,0.066809,25.310400,0
6.940000,-0.496297,-0.037805,1.401044,-0.550026,-0.002323,0.155285,0.064388,24.124500,0
6.960000,-0.496465,-0.033253,1.385347,-0.550025,-0.002330,0.173339,0.061846,23.658500,0
6.980000,-0.496886,-0.037377,1.366394,-0.550024,-0.002337,0.191390,0.063651,21.100400,0
7.000000,-0.498277,-0.037213,1.355467,-0.550023,-0.002343,0.209436,0.062398,22.280300,0
7.020000,-0.498517,-0.035729,1.352825,-0.550023,-0.002338,0.209435,0.061383,25.366600,0
7.040000,-0.499431,-0.041354,1.360327,-0.550022,-0.002334,0.209429,0.063891,29.256900,0
7.060000,-0.497904,-0.029851,1.348707,-0.550022,-0.002331,0.209423,0.058937,32.806200,0
7.080000,-0.501314,-0.045132,1.366303,-0.550021,-0.002328,0.209418,0.064842,32.453000,0
7.100000,-0.500567,-0.041244,1.358502,-0.550021,-0.002326,0.209414,0.062931,30.635700,0
7.120000,-0.499341,-0.036161,1.355245,-0.550021,-0.002325,0.209411,0.060937,33.173200,0
7.140000,-0.498137,-0.035026,1.357033,-0.549397,0.000099,0.209456,0.062140,26.902900,0
7.160000,-0.499663,-0.037091,1.364644,-0.548773,0.003035,0.209456,0.063419,31.541700,0
7.180000,-0.496459,-0.025089,1.350325,-0.548150,0.005970,0.209454,0.060305,36.596400,0
7.200000,-0.497078,-0.021261,1.360730,-0.547526,0.008905,0.209453,0.058779,35.459900,0
7.220000,-0.496312,-0.017131,1.358935,-0.546902,0.011840,0.209452,0.058298,27.449200,0
7.240000,-0.495707,-0.020875,1.360174,-0.546278,0.014775,0.209451,0.061874,27.005100,0
7.260000,-0.496008,-0.017816,1.359744,-0.545655,0.017710,0.209451,0.061049,27.628300,0
7.280000,-0.495761,-0.018018,1.362250,-0.545031,0.020645,0.209450,0.062628,32.495800,0
7.300000,-0.492725,-0.006039,1.352249,-0.544407,0.023579,0.209450,0.059567,30.667800,0
7.320000,-0.492288,-0.008011,1.350162,-0.543783,0.026514,0.209450,0.061998,25.748300,0
7.340000,-0.492290,-0.004512,1.353979,-0.543160,0.029449,0.209450,0.061164,26.018600,0
7.360000,-0.490311,0.004063,1.344198,-0.542536,0.032383,0.209450,0.059410,24.717500,0
7.380000,-0.490809,-0.006512,1.374141,-0.541912,0.035318,0.209449,0.066040,23.864200,0
7.400000,-0.488890,0.007419,1.348409,-0.541288,0.038252,0.209449,0.060796,23.276700,0
7.420000,-0.488306,0.005216,1.357856,-0.540665,0.041187,0.209449,0.063525,25.689600,0
7.440000,-0.487927,0.009263,1.353874,-0.540041,0.044121,0.209449,0.062697,24.488600,0
7.460000,-0.487474,0.012141,1.357794,-0.539417,0.047056,0.209449,0.062587,23.487000,0
7.480000,-0.487215,0.014025,1.341879,-0.539321,0.047729,0.222260,0.062056,22.006400,0
7.500000,-0.486736,0.018962,1.319893,-0.539285,0.047888,0.242145,0.059984,22.439500,0
7.520000,-0.488122,0.012918,1.300172,-0.539285,0.047888,0.260167,0.061972,27.186700,0
7.540000,-0.488827,0.015541,1.282557,-0.539285,0.047883,0.278176,0.059933,26.089200,0
7.560000,-0.488561,0.015415,1.264063,-0.539284,0.047878,0.296192,0.060222,25.084600,0
7.580000,-0.489125,0.010831,1.251656,-0.539283,0.047873,0.314212,0.062353,25.269400,0
7.600000,-0.486770,0.018025,1.219335,-0.539283,0.047868,0.332233,0.060400,24.907100,0
7.620000,-0.490590,0.014575,1.211014,-0.539282,0.047863,0.350255,0.058983,20.281700,0
7.640000,-0.490407,0.011891,1.195323,-0.539281,0.047859,0.368275,0.060682,21.695600,0
7.660000,-0.489875,0.016588,1.168361,-0.539280,0.047855,0.386294,0.058468,25.393900,0
7.680000,-0.492005,0.015175,1.159905,-0.539279,0.047851,0.404311,0.057468,27.559100,0
7.700000,-0.491877,0.017775,1.140957,-0.539278,0.047847,0.422326,0.056135,28.049400,0
7.720000,-0.493378,0.010935,1.126028,-0.539277,0.047844,0.440339,0.058898,27.173000,0
7.740000,-0.494454,0.014874,1.110189,-0.539276,0.047841,0.458350,0.055640,29.137800,0
7.760000,-0.492744,0.020281,1.082256,-0.539275,0.047838,0.476359,0.054079,29.472700,0
7.780000,-0.496901,0.014264,1.069402,-0.539274,0.047835,0.494366,0.054060,30.842300,0
7.800000,-0.495233,0.017085,1.052838,-0.539273,0.047832,0.512372,0.053711,29.946800,0
7.820000,-0.494626,0.017428,1.027131,-0.539272,0.047829,0.530376,0.054014,27.466500,0
7.840000,-0.493347,0.019664,1.008298,-0.539271,0.047827,0.548378,0.053872,28.500800,0
7.860000,-0.496963,0.016140,0.997398,-0.539270,0.047824,0.566379,0.052856,28.564100,0
7.880000,-0.495825,0.019095,0.978394,-0.539269,0.047822,0.584379,0.052082,28.881400,0
7.900000,-0.497526,0.017556,0.958886,-0.539268,0.047819,0.602378,0.051558,29.234900,0
7.920000,-0.496921,0.016158,0.948267,-0.539267,0.047817,0.620376,0.052872,28.034700,0
7.940000,-0.497002,0.019153,0.918806,-0.539266,0.047815,0.638373,0.051066,25.449500,0
7.960000,-0.499010,0.017690,0.915369,-0.539265,0.047812,0.656369,0.050277,25.366200,0
7.980000,-0.498546,0.021073,0.887103,-0.539264,0.047810,0.674365,0.048712,24.452800,0
8.000000,-0.498327,0.018979,0.879793,-0.539263,0.047808,0.692360,0.050069,22.310600,0
8.020000,-0.498862,0.020325,0.871967,-0.539261,0.047813,0.692353,0.048864,23.436500,0
8.040000,-0.493850,0.025454,0.874194,-0.537345,0.050123,0.692363,0.050004,25.541400,0
8.060000,-0.495894,0.023420,0.874678,-0.535427,0.052434,0.692357,0.049037,27.569800,0
8.080000,-0.492682,0.027451,0.870577,-0.533511,0.054746,0.692351,0.049112,29.823600,0
8.100000,-0.489857,0.033869,0.860572,-0.531595,0.057057,0.692345,0.047747,30.176000,0
8.120000,-0.486635,0.036134,0.854086,-0.529679,0.059368,0.692340,0.048914,30.451900,0
8.140000,-0.484669,0.038960,0.856784,-0.527763,0.061679,0.692336,0.048716,34.176900,0
8.160000,-0.486315,0.035588,0.865367,-0.525848,0.063990,0.692333,0.048678,31.055800,0
8.180000,-0.482101,0.044262,0.859040,-0.523933,0.066300,0.692331,0.047282,25.288200,0
8.200000,-0.484093,0.043113,0.860610,-0.522017,0.068610,0.692329,0.045698,25.556100,0
8.220000,-0.477949,0.051692,0.855374,-0.520102,0.070920,0.692328,0.046331,23.196000,0
8.240000,-0.478154,0.050960,0.860567,-0.518187,0.073230,0.692327,0.045810,26.348200,0
8.260000,-0.477385,0.049186,0.869542,-0.516272,0.075539,0.692326,0.046976,24.942300,0
8.280000,-0.473585,0.055305,0.867736,-0.514357,0.077849,0.692326,0.046590,28.451100,0
8.300000,-0.474101,0.056175,0.853269,-0.514132,0.078119,0.709845,0.045651,27.254100,0
8.320000,-0.474942,0.055240,0.827821,-0.514116,0.078136,0.728137,0.045374,27.330000,0
8.340000,-0.474140,0.055919,0.808418,-0.514118,0.078133,0.746124,0.045735,24.964100,0
8.360000,-0.476004,0.053231,0.793237,-0.514119,0.078130,0.764116,0.045527,24.180900,0
8.380000,-0.474983,0.053620,0.780944,-0.514120,0.078127,0.782110,0.046176,24.134400,0
8.400000,-0.475171,0.055167,0.756797,-0.514120,0.078124,0.800107,0.045211,25.292800,0
8.420000,-0.477085,0.053802,0.739966,-0.514121,0.078121,0.818104,0.044307,26.175700,0
8.440000,-0.478871,0.052654,0.726103,-0.514121,0.078118,0.836102,0.043485,28.478500,0
8.460000,-0.474796,0.057256,0.727854,-0.512044,0.079994,0.838423,0.043640,31.062800,0
8.480000,-0.471896,0.061053,0.726947,-0.509811,0.082002,0.838417,0.043318,29.755300,0
8.500000,-0.472498,0.061008,0.726974,-0.507577,0.084009,0.838412,0.041947,24.765200,0
8.520000,-0.468896,0.060846,0.739238,-0.505345,0.086017,0.838407,0.044295,22.238100,0
8.540000,-0.467406,0.063894,0.733565,-0.503113,0.088024,0.838404,0.043096,22.884900,0
8.560000,-0.462534,0.063973,0.724545,-0.500881,0.090031,0.838401,0.046363,23.002700,0
8.580000,-0.460697,0.066326,0.708895,-0.500622,0.090262,0.856005,0.046550,23.945300,0
8.600000,-0.463982,0.065745,0.688441,-0.500599,0.090281,0.874365,0.044077,20.678700,0
8.620000,-0.465320,0.068904,0.663970,-0.500601,0.090278,0.892354,0.041250,21.238800,0
8.640000,-0.463935,0.070511,0.650202,-0.500602,0.090275,0.910345,0.041654,23.069100,0
8.660000,-0.460780,0.074454,0.622002,-0.500603,0.090273,0.928339,0.042850,22.020900,0
8.680000,-0.466985,0.069250,0.614435,-0.500604,0.090270,0.946333,0.039650,22.232600,0
8.700000,-0.464479,0.071040,0.594686,-0.500604,0.090268,0.964328,0.040923,22.139100,0
8.720000,-0.464051,0.073670,0.602921,-0.498513,0.091975,0.964436,0.039022,22.320800,0
8.740000,-0.461458,0.072954,0.595581,-0.496045,0.093686,0.964429,0.040324,22.069500,0
8.760000,-0.460845,0.071726,0.604078,-0.493578,0.095398,0.964423,0.040396,22.119100,0
8.780000,-0.457317,0.074481,0.595453,-0.491111,0.097109,0.964418,0.040670,22.170900,0
8.800000,-0.451952,0.080760,0.598299,-0.488644,0.098821,0.964415,0.040896,21.820600,0
8.820000,-0.451842,0.080344,0.603129,-0.486178,0.100531,0.964412,0.039830,24.297900,0
8.840000,-0.450610,0.081812,0.579530,-0.485852,0.100583,0.981334,0.039929,22.550600,0
8.860000,-0.450691,0.082944,0.555651,-0.485855,0.100580,0.999319,0.039339,22.112600,0
8.880000,-0.450121,0.082259,0.538874,-0.485857,0.100577,1.017308,0.040158,22.598300,0
8.900000,-0.449091,0.083678,0.524622,-0.485859,0.100575,1.035299,0.040465,22.716100,0
8.920000,-0.449631,0.084284,0.507851,-0.485860,0.100572,1.053292,0.039722,25.583800,0
8.940000,-0.452988,0.081075,0.492433,-0.485861,0.100570,1.071285,0.038219,27.745100,0
8.960000,-0.450736,0.082307,0.469711,-0.485862,0.100568,1.089279,0.039589,27.685500,0
8.980000,-0.452942,0.082795,0.456967,-0.485862,0.100565,1.107272,0.037410,24.113100,0
9.000000,-0.454647,0.084675,0.435193,-0.485863,0.100563,1.125265,0.035027,21.444200,0
9.020000,-0.455371,0.082810,0.423052,-0.485863,0.100561,1.143257,0.035283,21.755500,0
9.040000,-0.457571,0.083556,0.408510,-0.485863,0.100559,1.161249,0.033008,22.512300,0
9.060000,-0.453591,0.086177,0.385079,-0.485863,0.100556,1.179239,0.035330,23.196600,0
9.080000,-0.453226,0.086878,0.359308,-0.485863,0.100554,1.197229,0.035387,23.152900,0
9.100000,-0.452751,0.088316,0.347905,-0.485862,0.100552,1.215218,0.035300,27.991200,0
9.120000,-0.454768,0.087207,0.331221,-0.485862,0.100550,1.233207,0.033836,24.241800,0
9.140000,-0.456630,0.089372,0.308698,-0.485862,0.100548,1.251195,0.031296,23.154100,0
9.160000,-0.457103,0.088437,0.294043,-0.485862,0.100546,1.269182,0.031205,24.975300,0
9.180000,-0.456137,0.089082,0.273165,-0.485862,0.100544,1.287168,0.031859,21.480000,0
9.200000,-0.455409,0.087739,0.253531,-0.485861,0.100542,1.305155,0.033034,22.572600,0
9.220000,-0.455125,0.087275,0.237312,-0.485861,0.100540,1.323140,0.033476,22.281100,0
9.240000,-0.452613,0.088766,0.216225,-0.485861,0.100538,1.341126,0.035270,24.600200,0
9.260000,-0.457613,0.089363,0.204917,-0.485861,0.100537,1.359111,0.030378,24.168500,0
9.280000,-0.454675,0.091407,0.179895,-0.485861,0.100535,1.377095,0.032495,24.511500,0
9.300000,-0.451580,0.093447,0.181988,-0.483533,0.101015,1.384194,0.032837,24.388300,0
9.320000,-0.450803,0.094668,0.183173,-0.480581,0.101571,1.384191,0.030567,24.157800,0
9.340000,-0.444349,0.093315,0.173788,-0.477629,0.102128,1.384178,0.034427,24.509500,0
9.360000,-0.443688,0.094166,0.181239,-0.474678,0.102684,1.384169,0.032140,23.605900,0
9.380000,-0.440788,0.096267,0.173013,-0.471728,0.103241,1.384162,0.031716,25.067600,0
9.400000,-0.448617,0.092834,0.233924,-0.468778,0.103798,1.384157,0.022950,27.053900,0
9.420000,-0.435350,0.095421,0.173123,-0.465829,0.104355,1.384154,0.031761,26.095100,0
9.440000,-0.432124,0.095234,0.176091,-0.462879,0.104912,1.384152,0.032242,23.356000,0
9.460000,-0.427581,0.095652,0.172161,-0.459931,0.105469,1.384151,0.033807,23.370300,0
9.480000,-0.426119,0.097567,0.179129,-0.456982,0.106026,1.384150,0.032001,22.903200,0
9.500000,-0.420525,0.098613,0.177648,-0.454033,0.106583,1.384149,0.034443,24.716400,0
9.520000,-0.418847,0.098133,0.181477,-0.451085,0.107140,1.384148,0.033473,24.333900,0
9.540000,-0.416639,0.098864,0.173762,-0.448137,0.107697,1.384147,0.032713,23.524400,0
9.560000,-0.413432,0.099200,0.163008,-0.445188,0.108253,1.384146,0.033021,24.489600,0
9.580000,-0.409266,0.099383,0.165150,-0.442240,0.108810,1.384146,0.034295,23.319000,0
9.600000,-0.406886,0.101650,0.161519,-0.439292,0.109367,1.384145,0.033312,21.389200,0
9.620000,-0.407192,0.100554,0.173890,-0.436344,0.109924,1.384145,0.030621,20.881200,0
9.640000,-0.402457,0.102222,0.179692,-0.433396,0.110481,1.384145,0.032022,20.556600,0
9.660000,-0.402748,0.101753,0.162252,-0.432741,0.110560,1.397258,0.031259,20.915700,0
9.680000,-0.400940,0.100834,0.146125,-0.432570,0.110527,1.417257,0.033081,20.526700,0
9.700000,-0.403753,0.103279,0.121290,-0.432572,0.110525,1.435255,0.029716,19.783500,0
9.720000,-0.401930,0.105043,0.104212,-0.432575,0.110524,1.453244,0.031131,19.667300,0
9.740000,-0.401087,0.104409,0.089376,-0.432577,0.110522,1.471233,0.032078,20.171300,0
9.760000,-0.402287,0.104997,0.074651,-0.432579,0.110521,1.489223,0.030792,21.832900,0
9.780000,-0.403873,0.104798,0.049448,-0.432580,0.110519,1.507213,0.029271,22.361300,0
9.800000,-0.400800,0.107530,0.026822,-0.432581,0.110518,1.525203,0.031921,23.820400,0
9.820000,-0.403106,0.106090,0.018815,-0.432582,0.110517,1.543191,0.029807,23.501000,0
9.840000,-0.402009,0.107804,-0.003347,-0.432583,0.110517,1.561179,0.030694,25.526600,0
9.860000,-0.401187,0.107018,-0.022687,-0.432584,0.110516,1.579167,0.031591,20.494500,0
9.880000,-0.399701,0.106995,-0.035636,-0.432584,0.110515,1.597153,0.033070,20.406200,0
9.900000,-0.401081,0.107350,-0.046555,-0.432585,0.110514,1.615139,0.031662,20.727600,0
9.920000,-0.403007,0.108362,-0.058412,-0.430416,0.110408,1.624495,0.027485,21.407700,0
9.940000,-0.394598,0.107667,-0.055554,-0.427417,0.110244,1.624492,0.032920,24.803600,0
9.960000,-0.397278,0.108236,-0.061254,-0.424418,0.110082,1.624487,0.027203,23.900000,0
9.980000,-0.392027,0.108096,-0.060924,-0.421420,0.109919,1.624479,0.029449,20.468200,0
10.000000,-0.388616,0.108390,-0.062248,-0.418422,0.109757,1.624474,0.029838,20.846500,0
10.020000,-0.386284,0.108298,-0.062505,-0.415424,0.109596,1.624469,0.029169,21.181300,0
10.040000,-0.381060,0.107888,-0.064777,-0.412427,0.109435,1.624465,0.031406,21.514700,0
10.060000,-0.379941,0.110449,-0.059819,-0.409430,0.109274,1.624461,0.029513,22.974100,0
10.080000,-0.374049,0.111065,-0.062800,-0.406434,0.109112,1.624458,0.032444,21.454100,0
10.100000,-0.372446,0.109557,-0.066056,-0.403437,0.108951,1.624456,0.030997,20.472200,0
10.120000,-0.373566,0.109779,-0.055941,-0.400441,0.108790,1.624455,0.026893,21.816100,0
10.140000,-0.366622,0.107895,-0.064726,-0.397445,0.108630,1.624454,0.030831,46.980500,0
10.160000,-0.362848,0.106174,-0.059777,-0.394449,0.108469,1.624453,0.031684,22.770000,0
10.180000,-0.361533,0.104505,-0.053849,-0.391453,0.108308,1.624452,0.030161,24.124100,0
10.200000,-0.358153,0.104412,-0.057277,-0.388457,0.108147,1.624452,0.030533,24.350500,0
10.220000,-0.354782,0.105478,-0.062374,-0.385461,0.107986,1.624451,0.030781,22.667900,0
10.240000,-0.350483,0.105506,-0.058984,-0.382465,0.107825,1.624451,0.032066,22.468400,0
10.260000,-0.345614,0.105745,-0.056926,-0.379469,0.107664,1.624451,0.033909,22.059400,0
10.280000,-0.344566,0.107187,-0.067734,-0.376474,0.107503,1.624451,0.031910,23.367300,0
10.300000,-0.339982,0.104560,-0.058980,-0.373478,0.107343,1.624451,0.033611,20.211600,0
10.320000,-0.338254,0.104692,-0.061558,-0.370482,0.107182,1.624451,0.032324,22.236800,0
10.340000,-0.335488,0.102468,-0.057565,-0.367486,0.107021,1.624451,0.032320,20.462400,0
10.360000,-0.337147,0.103415,-0.063290,-0.364491,0.106860,1.624451,0.027560,20.418700,0
10.380000,-0.335952,0.103793,-0.048192,-0.361495,0.106699,1.624451,0.025707,20.760800,0
10.400000,-0.326646,0.101471,-0.063830,-0.358499,0.106538,1.624451,0.032254,21.392900,0
10.420000,-0.324869,0.099991,-0.051184,-0.355504,0.106377,1.624451,0.031293,22.446800,0
10.440000,-0.323768,0.101908,-0.068310,-0.352508,0.106217,1.624451,0.029062,21.717900,0
10.460000,-0.319599,0.102116,-0.071160,-0.349512,0.106056,1.624451,0.030171,22.361200,0
10.480000,-0.314798,0.101507,-0.074414,-0.346516,0.105895,1.624451,0.032020,21.580900,0
10.500000,-0.313383,0.101660,-0.069917,-0.343521,0.105734,1.624451,0.030412,22.020000,0
10.520000,-0.311464,0.100538,-0.069024,-0.340525,0.105573,1.624451,0.029494,21.964700,0
10.540000,-0.307161,0.100621,-0.074136,-0.337529,0.105412,1.624451,0.030743,23.607700,0
10.560000,-0.301698,0.101138,-0.078486,-0.334534,0.105251,1.624451,0.033092,21.863300,0
10.580000,-0.299248,0.102403,-0.072031,-0.331538,0.105090,1.624451,0.032401,21.605600,0
10.600000,-0.297937,0.101587,-0.079900,-0.328542,0.104930,1.624451,0.030787,21.650900,0
10.620000,-0.295349,0.099977,-0.067304,-0.325547,0.104769,1.624451,0.030576,21.747600,0
10.640000,-0.289669,0.099612,-0.061264,-0.322551,0.104608,1.624451,0.033260,21.706200,0
10.660000,-0.287393,0.100229,-0.054534,-0.319555,0.104447,1.624451,0.032438,22.034500,0
10.680000,-0.283211,0.099605,-0.052685,-0.316560,0.104286,1.624451,0.033676,22.335900,0
10.700000,-0.283906,0.100966,-0.056951,-0.313564,0.104125,1.624451,0.029826,30.166400,0
10.720000,-0.278286,0.099118,-0.062420,-0.310568,0.103964,1.624451,0.032644,35.576900,0
10.740000,-0.273736,0.098271,-0.053610,-0.307573,0.103803,1.624451,0.034286,30.814800,0
10.760000,-0.273171,0.100429,-0.064918,-0.304577,0.103642,1.624451,0.031570,36.845800,0
10.780000,-0.270829,0.099779,-0.061217,-0.301581,0.103482,1.624451,0.030974,26.949200,0
10.800000,-0.269927,0.098576,-0.057834,-0.298585,0.103321,1.624451,0.029048,24.266400,0
10.820000,-0.264432,0.096815,-0.050983,-0.295590,0.103160,1.624451,0.031798,26.758900,0
10.840000,-0.261733,0.098069,-0.052854,-0.292594,0.102999,1.624451,0.031253,24.697800,0
10.860000,-0.260642,0.098989,-0.059766,-0.289598,0.102838,1.624451,0.029211,24.803600,0
10.880000,-0.254356,0.097345,-0.063939,-0.286603,0.102677,1.624451,0.032685,24.134600,0
10.900000,-0.248920,0.097811,-0.067009,-0.283607,0.102516,1.624451,0.035005,26.158700,0
10.920000,-0.249233,0.097706,-0.051909,-0.280611,0.102355,1.624451,0.031721,28.965500,0
10.940000,-0.252357,0.097131,-0.056897,-0.277616,0.102194,1.624451,0.025761,28.376600,0
10.960000,-0.245230,0.095610,-0.057659,-0.274620,0.102034,1.624451,0.030084,28.741500,0
10.980000,-0.240278,0.095725,-0.063248,-0.271624,0.101873,1.624451,0.031943,21.935400,0
11.000000,-0.238435,0.095243,-0.052984,-0.268629,0.101712,1.624451,0.030879,22.228100,0
11.020000,-0.237166,0.095469,-0.057447,-0.265633,0.101551,1.624451,0.029110,21.323000,0
11.040000,-0.233110,0.097660,-0.056163,-0.262637,0.101390,1.624451,0.029762,23.560000,0
11.060000,-0.235136,0.095639,-0.064975,-0.259642,0.101229,1.624451,0.025136,25.093500,0
11.080000,-0.228692,0.096069,-0.056573,-0.256646,0.101068,1.624451,0.028398,26.266500,0
11.100000,-0.221014,0.095925,-0.057312,-0.253650,0.100907,1.624451,0.033014,22.191700,0
11.120000,-0.218365,0.096038,-0.064183,-0.250655,0.100746,1.624451,0.032632,22.945800,0
11.140000,-0.214879,0.094339,-0.053910,-0.247659,0.100586,1.624451,0.033370,22.285800,0
11.160000,-0.215546,0.094197,-0.058714,-0.244663,0.100425,1.624451,0.029776,22.586100,0
11.180000,-0.210432,0.094189,-0.069287,-0.241668,0.100264,1.624451,0.031821,26.534500,0
11.200000,-0.206974,0.092741,-0.072976,-0.238672,0.100103,1.624451,0.032542,26.653400,0
11.220000,-0.202453,0.093839,-0.073596,-0.235676,0.099942,1.624451,0.033779,24.530300,0
11.240000,-0.197901,0.093324,-0.081848,-0.232680,0.099781,1.624451,0.035373,21.546500,0
11.260000,-0.197291,0.094655,-0.075421,-0.229685,0.099620,1.624451,0.032773,21.938700,0
11.280000,-0.194440,0.093977,-0.064623,-0.226689,0.099459,1.624451,0.032711,22.184500,0
11.300000,-0.189064,0.093139,-0.064325,-0.223693,0.099299,1.624451,0.035173,22.397600,0
11.320000,-0.191128,0.093223,-0.066878,-0.220698,0.099138,1.624451,0.030155,22.658800,0
11.340000,-0.187727,0.091942,-0.052066,-0.217702,0.098977,1.624451,0.030790,23.906400,0
11.360000,-0.186128,0.092850,-0.063198,-0.214706,0.098816,1.624451,0.029194,23.866800,0
11.380000,-0.181522,0.092406,-0.065102,-0.211711,0.098655,1.624451,0.030829,34.846300,0
11.400000,-0.182776,0.091642,-0.060596,-0.208715,0.098494,1.624451,0.026829,70.553100,0
11.420000,-0.177691,0.092960,-0.056030,-0.205719,0.098333,1.624451,0.028538,27.873100,0
11.440000,-0.170863,0.092054,-0.060096,-0.202724,0.098172,1.624451,0.032443,28.343500,0
11.460000,-0.171836,0.092101,-0.070269,-0.199728,0.098011,1.624451,0.028511,29.044800,0
11.480000,-0.169058,0.091682,-0.009509,-0.196732,0.097851,1.624451,0.028353,27.739500,0
11.500000,-0.160617,0.090147,-0.059532,-0.193737,0.097690,1.624451,0.033968,26.818300,0
11.520000,-0.161258,0.088718,-0.053042,-0.192877,0.097726,1.614062,0.032877,26.206200,0
11.540000,-0.155364,0.087980,-0.036165,-0.192703,0.097734,1.594064,0.038592,26.002100,0
11.560000,-0.167172,0.088407,-0.022585,-0.192704,0.097735,1.576047,0.027183,24.944300,0
11.580000,-0.161808,0.087809,-0.010013,-0.192707,0.097736,1.558059,0.032454,28.012500,0
11.600000,-0.162881,0.087731,0.001532,-0.190590,0.097767,1.548127,0.029471,21.983200,0
11.620000,-0.157023,0.087591,-0.000612,-0.187589,0.097838,1.548129,0.032238,20.777300,0
11.640000,-0.152668,0.088050,0.002436,-0.184587,0.097908,1.548132,0.033407,21.264300,0
11.660000,-0.154924,0.087844,0.003960,-0.181586,0.097978,1.548134,0.028523,21.571200,0
11.680000,-0.150865,0.089028,0.003021,-0.178586,0.098047,1.548135,0.029151,25.837800,0
11.700000,-0.144984,0.089058,0.005467,-0.175585,0.098116,1.548137,0.031913,23.325000,0
11.720000,-0.143790,0.088451,-0.000730,-0.172585,0.098185,1.548138,0.030396,23.691700,0
11.740000,-0.137689,0.088460,0.004626,-0.169585,0.098254,1.548139,0.033366,24.599700,0
11.760000,-0.136450,0.087880,-0.006157,-0.166585,0.098322,1.548140,0.031892,29.314100,0
11.780000,-0.131849,0.088276,-0.000498,-0.163586,0.098390,1.548141,0.033310,26.042500,0
11.800000,-0.125328,0.088092,-0.008908,-0.160586,0.098458,1.548141,0.036751,22.405600,0
11.820000,-0.125231,0.089081,-0.003556,-0.157587,0.098526,1.548141,0.033707,21.763900,0
11.840000,-0.124198,0.088502,0.007247,-0.154587,0.098594,1.548142,0.032021,25.363500,0
11.860000,-0.119375,0.087722,0.002079,-0.151588,0.098662,1.548142,0.034020,28.235600,0
11.880000,-0.118570,0.086604,0.004267,-0.148588,0.098730,1.548142,0.032374,30.422100,0
11.900000,-0.115795,0.088411,-0.000436,-0.145589,0.098798,1.548142,0.031553,25.846400,0
11.920000,-0.112013,0.089505,-0.007752,-0.142590,0.098866,1.548142,0.031978,24.975400,0
11.940000,-0.108963,0.088443,0.004444,-0.139590,0.098934,1.548142,0.032374,27.417100,0
11.960000,-0.102689,0.087483,0.006682,-0.136591,0.099002,1.548143,0.035806,27.300100,0
11.980000,-0.098396,0.087354,0.002103,-0.133592,0.099070,1.548143,0.037095,22.724700,0
12.000000,-0.097702,0.088235,-0.005983,-0.130593,0.099138,1.548143,0.034651,23.019500,0
12.020000,-0.099875,0.087885,0.010853,-0.127593,0.099206,1.548143,0.029941,22.459500,0
12.040000,-0.099646,0.087490,0.052976,-0.124594,0.099274,1.548142,0.027591,22.255900,0
12.060000,-0.088804,0.087558,0.011989,-0.121595,0.099342,1.548142,0.034844,22.490800,0
12.080000,-0.084652,0.086122,0.016686,-0.118596,0.099410,1.548142,0.036452,22.346900,0
12.100000,-0.083086,0.086269,0.014061,-0.115596,0.099478,1.548142,0.035091,21.020800,0
12.120000,-0.084128,0.087349,0.023221,-0.112597,0.099545,1.548142,0.030971,21.616400,0
12.140000,-0.078162,0.087441,0.017341,-0.109598,0.099613,1.548142,0.033710,22.993200,0
12.160000,-0.076586,0.089069,0.011627,-0.106599,0.099681,1.548142,0.031834,23.960600,0
12.180000,-0.075331,0.089017,0.017154,-0.103599,0.099749,1.548142,0.030237,23.398600,0
12.200000,-0.069174,0.088987,0.023611,-0.100600,0.099817,1.548142,0.033239,24.346800,0
12.220000,-0.066120,0.089275,0.011255,-0.097601,0.099885,1.548142,0.033221,33.175000,0
12.240000,-0.068819,0.088819,0.023059,-0.094602,0.099953,1.548142,0.028084,24.660900,0
12.260000,-0.062473,0.087790,0.016705,-0.091602,0.100021,1.548142,0.031593,24.265800,0
12.280000,-0.053507,0.087918,0.020507,-0.088603,0.100089,1.548142,0.037146,27.519100,0
12.300000,-0.057226,0.086956,0.016920,-0.085604,0.100157,1.548142,0.031298,36.466300,0
12.320000,-0.056021,0.087560,0.022351,-0.082605,0.100225,1.548142,0.029447,33.951800,0
12.340000,-0.046117,0.088363,0.014462,-0.079605,0.100293,1.548142,0.035549,21.627700,0
12.360000,-0.044734,0.088142,0.020731,-0.076606,0.100361,1.548142,0.034134,25.422200,0
12.380000,-0.047576,0.088090,0.014861,-0.073607,0.100429,1.548142,0.028808,22.116800,0
12.400000,-0.042023,0.088027,0.014838,-0.070608,0.100497,1.548142,0.031186,29.656700,0
12.420000,-0.040597,0.087538,0.018863,-0.067609,0.100565,1.548142,0.029989,22.897000,0
12.440000,-0.036541,0.087602,0.019823,-0.064609,0.100633,1.548142,0.030945,23.063000,0
12.460000,-0.032285,0.088010,0.019549,-0.061610,0.100701,1.548142,0.031953,22.133700,0
12.480000,-0.028431,0.087365,0.017395,-0.058611,0.100769,1.548142,0.033023,22.334200,0
12.500000,-0.028019,0.088097,0.019013,-0.055612,0.100837,1.548142,0.030392,22.874300,0
12.520000,-0.020307,0.088862,0.014227,-0.052612,0.100905,1.548142,0.034477,22.295600,0
12.540000,-0.016691,0.089156,0.016159,-0.049613,0.100973,1.548142,0.034979,22.646000,0
12.560000,-0.015338,0.088061,0.015441,-0.046614,0.101040,1.548142,0.033862,25.358600,0
12.580000,-0.013664,0.089842,0.020236,-0.043615,0.101108,1.548142,0.032000,26.462900,0
12.600000,-0.012408,0.087900,0.025929,-0.040615,0.101176,1.548142,0.031175,26.318100,0
12.620000,-0.005371,0.087510,0.007391,-0.037616,0.101244,1.548142,0.035048,25.938100,0
12.640000,-0.003350,0.088214,0.015203,-0.034617,0.101312,1.548142,0.033900,26.769000,0
12.660000,-0.004840,0.088076,0.024699,-0.031618,0.101380,1.548142,0.029901,26.237900,0
12.680000,0.001579,0.086623,0.018803,-0.028619,0.101448,1.548142,0.033640,23.983800,0
12.700000,0.004212,0.086887,0.016164,-0.025619,0.101516,1.548142,0.033225,22.821100,0
12.720000,0.009443,0.087380,0.030514,-0.022620,0.101584,1.548142,0.035069,22.364900,0
12.740000,0.016183,0.086762,0.013737,-0.019621,0.101652,1.548142,0.038776,22.985200,0
12.760000,0.018645,0.087345,-0.022868,-0.016622,0.101720,1.548142,0.038084,21.790500,0
12.780000,0.016015,0.087919,0.011965,-0.013622,0.101788,1.548142,0.032721,22.119000,0
12.800000,0.018584,0.087381,0.023795,-0.010623,0.101856,1.548142,0.032597,23.335700,0
12.820000,0.023532,0.087040,0.028248,-0.007624,0.101924,1.548142,0.034529,23.265400,0
12.840000,0.024704,0.088252,0.012732,-0.004625,0.101992,1.548142,0.032387,22.542100,0
12.860000,0.028037,0.088897,0.010374,-0.001625,0.102060,1.548142,0.032452,24.188700,0
12.880000,0.031389,0.087292,0.052640,0.001374,0.102128,1.548142,0.033481,24.401800,0
12.900000,0.035366,0.087203,0.013512,0.004373,0.102196,1.548142,0.034429,24.060800,0
12.920000,0.039311,0.087309,0.014166,0.007372,0.102264,1.548142,0.035267,23.838400,0
12.940000,0.040207,0.086731,0.009972,0.010371,0.102332,1.548142,0.033669,23.254700,0
12.960000,0.046344,0.088279,-0.000233,0.013371,0.102400,1.548142,0.035869,21.093600,0
12.980000,0.048093,0.088765,0.000577,0.016370,0.102468,1.548142,0.034556,21.716500,0
13.000000,0.056072,0.089292,0.003085,0.019369,0.102536,1.548142,0.039020,23.722000,0
13.020000,0.058284,0.088506,-0.002194,0.022368,0.102603,1.548142,0.038583,19.829100,0
13.040000,0.055690,0.088615,0.006005,0.025368,0.102671,1.548142,0.033422,20.613600,0
13.060000,0.070442,0.089951,-0.069370,0.028367,0.102739,1.548142,0.043975,28.715000,0
13.080000,0.059574,0.090751,0.003641,0.031366,0.102807,1.548142,0.030677,25.206000,0
13.100000,0.067840,0.089769,0.006458,0.034365,0.102875,1.548142,0.035949,21.217600,0
13.120000,0.069048,0.088928,-0.002067,0.037364,0.102943,1.548142,0.034645,23.967400,0
13.140000,0.071403,0.088099,0.004427,0.040364,0.103011,1.548142,0.034436,22.992000,0
13.160000,0.076792,0.087654,0.001358,0.043363,0.103079,1.548142,0.036816,23.767300,0
13.180000,0.077808,0.089448,0.003634,0.046362,0.103147,1.548142,0.034300,26.891300,0
13.200000,0.086289,0.088453,-0.025778,0.049361,0.103215,1.548142,0.039769,27.612200,0
13.220000,0.079858,0.088221,0.005232,0.052361,0.103283,1.548142,0.031352,23.352600,0
13.240000,0.084595,0.089509,-0.005671,0.055360,0.103351,1.548142,0.032346,22.547200,0
13.260000,0.089716,0.088413,0.010518,0.058359,0.103419,1.548142,0.034762,21.541000,0
13.280000,0.092242,0.088155,0.019178,0.061358,0.103487,1.548142,0.034480,21.999300,0
13.300000,0.099047,0.088378,0.005301,0.064358,0.103555,1.548142,0.037864,22.365700,0
13.320000,0.099656,0.088504,0.007580,0.067357,0.103623,1.548142,0.035662,24.098700,0
13.340000,0.105215,0.089436,-0.002073,0.070356,0.103691,1.548142,0.037661,26.891300,0
13.360000,0.108819,0.089907,0.006898,0.073355,0.103759,1.548142,0.038073,24.989900,0
13.380000,0.107725,0.088344,-0.000656,0.076354,0.103827,1.548142,0.034983,22.716800,0
13.400000,0.111177,0.087774,0.007116,0.079354,0.103895,1.548142,0.035673,22.624100,0
13.420000,0.115531,0.087758,-0.002213,0.082353,0.103963,1.548142,0.036924,23.164700,0
13.440000,0.116590,0.087535,0.000646,0.085352,0.104031,1.548142,0.035326,27.138400,0
13.460000,0.123056,0.087209,0.006256,0.088351,0.104099,1.548142,0.038597,27.241000,0
13.480000,0.126432,0.087245,0.002280,0.091351,0.104166,1.548142,0.038949,26.764700,0
13.500000,0.131962,0.087516,0.000296,0.094350,0.104234,1.548142,0.041160,26.226500,0
13.520000,0.131050,0.087954,0.000114,0.097349,0.104302,1.548142,0.037457,25.724300,0
13.540000,0.132107,0.087295,0.001613,0.100348,0.104370,1.548142,0.036058,24.628100,0
13.560000,0.136739,0.087413,-0.005219,0.103348,0.104438,1.548142,0.037481,26.317800,0
13.580000,0.141463,0.087101,0.002844,0.106347,0.104506,1.548142,0.039193,22.220400,0
13.600000,0.144836,0.088196,-0.001582,0.109346,0.104574,1.548142,0.039087,21.015400,0
13.620000,0.147330,0.088817,0.000105,0.112345,0.104642,1.548142,0.038397,21.338900,0
13.640000,0.149177,0.089697,-0.002101,0.115344,0.104710,1.548142,0.037014,21.661200,0
13.660000,0.152534,0.087202,0.007107,0.118344,0.104778,1.548142,0.038444,21.757800,0
13.680000,0.153095,0.086805,0.023644,0.121343,0.104846,1.548142,0.036519,21.480500,0
13.700000,0.151276,0.087349,0.013497,0.124342,0.104914,1.548142,0.032156,22.267400,0
13.720000,0.157446,0.085229,0.008081,0.127341,0.104982,1.548142,0.036007,21.826900,0
13.740000,0.163461,0.085597,-0.010533,0.130341,0.105050,1.548142,0.038411,21.734800,0
13.760000,0.164341,0.087394,0.003026,0.133340,0.105118,1.548142,0.035710,22.583900,0
13.780000,0.166767,0.087543,-0.006827,0.136339,0.105186,1.548142,0.035173,22.492100,0
13.800000,0.170707,0.088719,-0.002609,0.139338,0.105254,1.548142,0.035460,23.741600,0
13.820000,0.175420,0.086987,0.002955,0.142338,0.105322,1.548142,0.037824,23.598300,0
13.840000,0.177650,0.088599,0.003303,0.145337,0.105390,1.548142,0.036416,23.738000,0
13.860000,0.184434,0.088749,0.001737,0.148336,0.105458,1.548142,0.039778,25.552200,0
13.880000,0.185338,0.087792,-0.000840,0.151335,0.105526,1.548142,0.038350,26.162200,0
13.900000,0.186413,0.088285,0.002984,0.154334,0.105594,1.548142,0.036451,25.423600,0
13.920000,0.191032,0.089644,-0.003672,0.157334,0.105662,1.548142,0.037311,22.089400,0
13.940000,0.192545,0.089147,0.004117,0.160333,0.105729,1.548142,0.036229,22.022200,0
13.960000,0.193211,0.088835,-0.010701,0.163332,0.105797,1.548142,0.034358,22.693400,0
13.980000,0.199138,0.089779,-0.000631,0.166331,0.105865,1.548142,0.036538,23.443300,0
14.000000,0.203494,0.089839,0.008917,0.169331,0.105933,1.548142,0.037764,24.155800,0
14.020000,0.201539,0.088661,0.024317,0.172330,0.106001,1.548142,0.033968,22.355100,0
14.040000,0.207432,0.088583,0.007467,0.175329,0.106069,1.548142,0.036556,22.727700,0
14.060000,0.215864,0.088069,-0.005268,0.178328,0.106137,1.548142,0.041658,22.906900,0
14.080000,0.215445,0.087931,0.002656,0.181328,0.106205,1.548142,0.038702,22.924900,0
14.100000,0.217401,0.087331,-0.008174,0.184327,0.106273,1.548142,0.038115,22.075000,0
14.120000,0.220212,0.087501,0.004634,0.187326,0.106341,1.548142,0.037900,24.056800,0
14.140000,0.227452,0.087048,0.010016,0.190325,0.106409,1.548142,0.041872,23.279400,0
14.160000,0.226051,0.089011,0.014198,0.193324,0.106477,1.548142,0.037096,23.945700,0
14.180000,0.228262,0.089720,0.014053,0.196324,0.106545,1.548142,0.036099,23.482400,0
14.200000,0.229083,0.088777,0.012392,0.199323,0.106613,1.548142,0.034695,24.206900,0
14.220000,0.236605,0.087534,0.001616,0.202322,0.106681,1.548142,0.039268,26.666700,0
14.240000,0.237979,0.086896,0.006766,0.205321,0.106749,1.548142,0.038219,24.496900,0
14.260000,0.241333,0.086381,-0.000257,0.208321,0.106817,1.548142,0.038826,31.981500,0
14.280000,0.241754,0.087011,-0.000226,0.211320,0.106885,1.548142,0.036348,27.024400,0
14.300000,0.248950,0.088697,-0.003431,0.214319,0.106953,1.548142,0.039148,26.486000,0
14.320000,0.248549,0.087337,0.004058,0.217318,0.107021,1.548142,0.036917,29.826700,0
14.340000,0.252502,0.088489,0.004777,0.220318,0.107089,1.548142,0.037172,26.956200,0
14.360000,0.258068,0.087759,0.001844,0.223317,0.107157,1.548142,0.039798,25.790100,0
14.380000,0.259528,0.087461,0.002348,0.226316,0.107225,1.548142,0.038648,27.564800,0
14.400000,0.263824,0.088023,0.000951,0.229315,0.107292,1.548142,0.039524,25.902000,0
14.420000,0.266999,0.089166,0.000383,0.232314,0.107360,1.548142,0.039167,24.196000,0
14.440000,0.269866,0.088550,0.000598,0.235314,0.107428,1.548142,0.039372,21.891300,0
14.460000,0.273316,0.088577,-0.006325,0.238313,0.107496,1.548142,0.039788,21.612200,0
14.480000,0.272653,0.087390,0.010050,0.241312,0.107564,1.548142,0.037272,21.567800,0
14.500000,0.283674,0.088884,-0.034987,0.244311,0.107632,1.548142,0.043600,22.048000,0
14.520000,0.278351,0.088895,0.010627,0.247311,0.107700,1.548142,0.036292,22.451400,0
14.540000,0.286773,0.088441,0.000124,0.250310,0.107768,1.548142,0.041269,22.436100,0
14.560000,0.292151,0.088628,-0.017703,0.253309,0.107836,1.548142,0.043332,23.671600,0
14.580000,0.290458,0.088186,-0.003547,0.256308,0.107904,1.548142,0.039433,23.436500,0
14.600000,0.291926,0.087453,0.003100,0.259308,0.107972,1.548142,0.038535,25.136900,0
14.620000,0.290609,0.087304,0.000457,0.262307,0.108040,1.548142,0.035085,25.264000,0
14.640000,0.297042,0.087925,0.011153,0.265306,0.108108,1.548142,0.037610,24.801900,0
14.660000,0.301026,0.087073,0.014857,0.268305,0.108176,1.548142,0.038936,22.675000,0
14.680000,0.302697,0.086898,0.011115,0.271304,0.108244,1.548142,0.037963,22.628900,0
14.700000,0.302236,0.089364,0.045358,0.274304,0.108312,1.548142,0.033753,21.474100,0
14.720000,0.308235,0.087833,0.006497,0.277303,0.108380,1.548142,0.037134,20.081100,0
14.740000,0.313688,0.087513,-0.003485,0.280302,0.108448,1.548142,0.039407,22.323000,0
14.760000,0.316588,0.086638,0.006328,0.283301,0.108516,1.548142,0.039833,23.843800,0
14.780000,0.318787,0.085221,-0.007183,0.286301,0.108584,1.548142,0.040015,22.159900,0
14.800000,0.321318,0.086362,-0.002017,0.289300,0.108652,1.548142,0.039013,22.214200,0
14.820000,0.320756,0.087298,0.008641,0.292299,0.108720,1.548142,0.035619,23.191000,0
14.840000,0.324061,0.087068,0.048250,0.295298,0.108788,1.548142,0.036043,22.082100,0
14.860000,0.336625,0.089181,0.007819,0.298298,0.108855,1.548142,0.043081,25.574200,0
14.880000,0.337145,0.088277,-0.000819,0.301297,0.108923,1.548142,0.041368,27.299200,0
14.900000,0.337198,0.087621,0.003013,0.304296,0.108991,1.548142,0.039233,27.587500,0
14.920000,0.341696,0.087331,0.021157,0.307295,0.109059,1.548142,0.040689,28.309400,0
14.940000,0.338428,0.085907,-0.003915,0.308210,0.109042,1.557778,0.038058,25.143700,0
14.960000,0.340584,0.085517,-0.023064,0.308383,0.109040,1.577775,0.039878,26.089200,0
14.980000,0.340628,0.086933,-0.040924,0.308396,0.109039,1.595953,0.039084,24.487000,0
15.000000,0.342389,0.088617,-0.049257,0.308393,0.109038,1.613942,0.039658,22.173100,0
15.020000,0.342495,0.088850,-0.075569,0.308391,0.109037,1.631931,0.039631,21.593700,0
15.040000,0.342581,0.089464,-0.092712,0.308389,0.109036,1.649921,0.039397,22.625700,0
15.060000,0.336478,0.089540,-0.102387,0.308387,0.109035,1.667911,0.034194,23.165500,0
15.080000,0.335599,0.091546,-0.132001,0.308385,0.109034,1.685900,0.032349,23.766200,0
15.100000,0.335662,0.094254,-0.141868,0.308379,0.109033,1.703950,0.031029,28.694900,0
15.120000,0.337896,0.094989,-0.159668,0.308372,0.109032,1.722008,0.032694,28.251100,0
15.140000,0.341539,0.092702,-0.162057,0.310660,0.108660,1.729750,0.034759,27.728700,0
15.160000,0.347678,0.090963,-0.168980,0.313625,0.108183,1.729749,0.038159,24.457900,0
15.180000,0.349968,0.090681,-0.167880,0.316589,0.107706,1.729746,0.037470,26.537300,0
15.200000,0.352039,0.088933,-0.162035,0.319554,0.107230,1.729740,0.037284,28.646200,0
15.220000,0.354327,0.090641,-0.159523,0.322518,0.106754,1.729736,0.035658,28.226300,0
15.240000,0.357885,0.090209,-0.174362,0.325482,0.106279,1.729732,0.036169,24.141000,0
15.260000,0.358328,0.090271,-0.164830,0.328446,0.105804,1.729729,0.033678,26.630000,0
15.280000,0.363985,0.088586,-0.161831,0.331409,0.105329,1.729726,0.036627,25.368800,0
15.300000,0.366900,0.089183,-0.166088,0.334372,0.104854,1.729724,0.036106,35.126700,0
15.320000,0.372748,0.087861,-0.166508,0.337335,0.104379,1.729722,0.039076,35.641400,0
15.340000,0.368524,0.086771,-0.158598,0.340297,0.103904,1.729721,0.033020,28.222000,0
15.360000,0.371562,0.085744,-0.154017,0.343260,0.103429,1.729720,0.033374,27.313800,0
15.380000,0.379269,0.083784,-0.163818,0.346223,0.102955,1.729719,0.038204,27.931900,0
15.400000,0.380331,0.085184,-0.167000,0.349185,0.102480,1.729719,0.035626,29.450000,0
15.420000,0.385347,0.084710,-0.170879,0.352147,0.102005,1.729719,0.037434,27.526500,0
15.440000,0.386471,0.085152,-0.168313,0.355110,0.101530,1.729718,0.035380,25.636000,0
15.460000,0.392619,0.083799,-0.166937,0.358072,0.101056,1.729718,0.038618,27.625000,0
15.480000,0.388717,0.082676,-0.167523,0.361035,0.100581,1.729718,0.032968,29.469000,0
15.500000,0.396726,0.080789,-0.164956,0.363997,0.100106,1.729718,0.038005,26.594200,0
15.520000,0.400513,0.081370,-0.173459,0.366959,0.099632,1.729718,0.038202,24.211600,0
15.540000,0.402396,0.080005,-0.164122,0.369921,0.099157,1.729718,0.037702,24.919500,0
15.560000,0.409751,0.080706,-0.167050,0.372884,0.098682,1.729718,0.041016,26.949400,0
15.580000,0.401491,0.081440,-0.180170,0.373615,0.098599,1.741794,0.032734,27.981200,0
15.600000,0.408839,0.081075,-0.200364,0.373786,0.098569,1.761792,0.039176,26.421300,0
15.620000,0.403471,0.082325,-0.217897,0.373785,0.098569,1.779808,0.033839,23.623100,0
15.640000,0.405623,0.082447,-0.240265,0.373781,0.098568,1.797801,0.035690,24.882700,0
15.660000,0.405877,0.082760,-0.263934,0.373777,0.098568,1.815809,0.035781,23.001500,0
15.680000,0.406442,0.082546,-0.277593,0.373772,0.098567,1.833825,0.036387,25.245600,0
15.700000,0.407772,0.083636,-0.295110,0.373768,0.098566,1.851846,0.037137,23.138500,0
15.720000,0.406136,0.084890,-0.304227,0.373763,0.098565,1.869868,0.035143,23.576100,0
15.740000,0.406792,0.084670,-0.328457,0.373758,0.098564,1.887891,0.035837,24.241500,0
15.760000,0.406994,0.083790,-0.345774,0.373754,0.098564,1.905912,0.036376,25.433500,0
15.780000,0.409359,0.085565,-0.368196,0.373750,0.098563,1.923932,0.037907,24.151300,0
15.800000,0.404850,0.088986,-0.384368,0.373746,0.098561,1.941950,0.032545,21.076800,0
15.820000,0.405188,0.087851,-0.400231,0.373743,0.098560,1.959966,0.033219,21.394600,0
15.840000,0.407229,0.086047,-0.423819,0.373739,0.098559,1.977980,0.035751,22.865000,0
15.860000,0.408009,0.086777,-0.442924,0.373736,0.098558,1.995992,0.036242,34.411600,0
15.880000,0.406453,0.087882,-0.459172,0.373733,0.098557,2.014002,0.034417,31.719300,0
15.900000,0.409968,0.087814,-0.482023,0.373730,0.098556,2.032010,0.037797,31.934400,0
15.920000,0.406183,0.091677,-0.491996,0.373727,0.098555,2.050016,0.033176,29.375000,0
15.940000,0.408730,0.091713,-0.509662,0.373724,0.098554,2.068021,0.035668,35.092600,0
15.960000,0.408664,0.090752,-0.506365,0.376099,0.097264,2.071408,0.033210,31.392400,0
15.980000,0.415526,0.089611,-0.511524,0.378734,0.095821,2.071405,0.037312,33.776900,0
16.000000,0.415862,0.087286,-0.507935,0.381369,0.094379,2.071400,0.035215,30.260000,0
16.020000,0.418522,0.084908,-0.507953,0.384003,0.092938,2.071392,0.035440,31.049300,0
16.040000,0.422109,0.083227,-0.509961,0.386637,0.091498,2.071386,0.036423,32.435700,0
16.060000,0.438926,0.074635,-0.584438,0.389271,0.090057,2.071381,0.051995,32.567000,0
16.080000,0.428139,0.078901,-0.522757,0.391904,0.088617,2.071377,0.037515,34.760900,0
16.100000,0.429047,0.077461,-0.519812,0.394537,0.087177,2.071374,0.035851,32.180900,0
16.120000,0.430263,0.076515,-0.523031,0.397170,0.085737,2.071371,0.034354,33.579300,0
16.140000,0.436922,0.074513,-0.532755,0.399803,0.084297,2.071369,0.038387,33.346300,0
16.160000,0.439068,0.074341,-0.522134,0.402435,0.082857,2.071368,0.037610,28.251200,0
16.180000,0.441915,0.072768,-0.521553,0.405068,0.081417,2.071367,0.037849,22.543700,0
16.200000,0.440959,0.070662,-0.527094,0.407700,0.079977,2.071366,0.034539,21.541400,0
16.220000,0.448467,0.069205,-0.526252,0.410332,0.078537,2.071365,0.039261,23.394200,0
16.240000,0.448216,0.068062,-0.520814,0.412964,0.077098,2.071365,0.036391,28.788600,0
16.260000,0.452908,0.067036,-0.531780,0.415596,0.075658,2.071365,0.038296,32.430100,0
16.280000,0.456630,0.065569,-0.523164,0.418229,0.074218,2.071364,0.039363,35.512000,0
16.300000,0.460603,0.062616,-0.531757,0.420861,0.072778,2.071364,0.041021,30.806700,0
16.320000,0.460497,0.061053,-0.521352,0.423493,0.071339,2.071364,0.038407,33.458500,0
16.340000,0.459287,0.062400,-0.510132,0.426125,0.069899,2.071364,0.033999,50.575300,0
16.360000,0.461531,0.061775,-0.509994,0.428757,0.068459,2.071364,0.033449,43.951000,0
16.380000,0.462101,0.060811,-0.511388,0.431389,0.067019,2.071364,0.031333,42.719100,0
16.400000,0.467777,0.055525,-0.510106,0.434021,0.065580,2.071364,0.035221,40.518500,0
16.420000,0.470509,0.053796,-0.534136,0.434395,0.065374,2.087830,0.037924,30.672700,0
16.440000,0.468624,0.054941,-0.546767,0.434439,0.065348,2.106444,0.035734,25.475400,0
16.460000,0.471325,0.056167,-0.563476,0.434436,0.065349,2.124433,0.038015,23.326000,0
16.480000,0.467785,0.058465,-0.580870,0.434432,0.065350,2.142428,0.034056,22.201300,0
16.500000,0.470324,0.057647,-0.598459,0.434429,0.065350,2.160427,0.036712,23.552700,0
16.520000,0.469364,0.057275,-0.622377,0.434425,0.065350,2.178429,0.035860,23.905200,0
16.540000,0.472251,0.057518,-0.638410,0.434422,0.065350,2.196432,0.038631,25.015600,0
16.560000,0.471386,0.058440,-0.659114,0.434419,0.065350,2.214435,0.037607,23.932300,0
16.580000,0.471533,0.060168,-0.675589,0.434416,0.065349,2.232438,0.037477,22.973200,0
16.600000,0.473863,0.058633,-0.691312,0.434413,0.065349,2.250440,0.040017,20.962900,0
16.620000,0.471681,0.060735,-0.701685,0.434410,0.065348,2.268442,0.037555,23.085300,0
16.640000,0.474321,0.060196,-0.705110,0.436549,0.063554,2.270830,0.037921,23.179500,0
16.660000,0.477077,0.058424,-0.708529,0.438846,0.061618,2.270825,0.038364,33.974800,0
16.680000,0.478823,0.057039,-0.713365,0.441143,0.059683,2.270820,0.037772,21.287700,0
16.700000,0.478034,0.057353,-0.695696,0.443439,0.057749,2.270815,0.034598,22.164800,0
16.720000,0.483206,0.055201,-0.707362,0.445735,0.055815,2.270810,0.037476,21.530900,0
16.740000,0.482446,0.053064,-0.713937,0.448031,0.053881,2.270806,0.034425,22.589000,0
16.760000,0.485932,0.049081,-0.690679,0.450327,0.051948,2.270804,0.035720,22.149400,0
16.780000,0.489351,0.045539,-0.703923,0.452622,0.050015,2.270801,0.037001,21.871200,0
16.800000,0.489432,0.046617,-0.697928,0.454918,0.048082,2.270800,0.034545,22.399600,0
16.820000,0.494425,0.043078,-0.698573,0.457213,0.046149,2.270799,0.037338,22.149100,0
16.840000,0.495214,0.040332,-0.704817,0.459508,0.044216,2.270798,0.035916,24.887700,0
16.860000,0.498930,0.037132,-0.704252,0.461803,0.042283,2.270797,0.037483,38.228200,0
16.880000,0.500009,0.036283,-0.710549,0.464098,0.040350,2.270797,0.036141,31.751900,0
16.900000,0.501926,0.033104,-0.711320,0.466393,0.038418,2.270796,0.035928,30.979000,0
16.920000,0.504084,0.031538,-0.700690,0.468687,0.036485,2.270796,0.035741,24.262300,0
16.940000,0.508604,0.029131,-0.711657,0.470982,0.034552,2.270796,0.038010,28.020400,0
16.960000,0.511649,0.025378,-0.706852,0.473277,0.032619,2.270795,0.039049,23.036300,0
16.980000,0.512456,0.023978,-0.716435,0.475571,0.030687,2.270795,0.037490,23.009900,0
17.000000,0.513628,0.023788,-0.730938,0.475839,0.030461,2.288335,0.038373,35.443800,0
17.020000,0.514411,0.023787,-0.745699,0.475853,0.030446,2.306599,0.039129,46.122000,0
17.040000,0.513669,0.024058,-0.764665,0.475850,0.030448,2.324587,0.038355,39.806200,0
17.060000,0.514149,0.025087,-0.777641,0.475847,0.030449,2.342578,0.038676,37.222500,0
17.080000,0.515097,0.027730,-0.806956,0.475844,0.030450,2.360572,0.039347,57.109400,0
17.100000,0.515585,0.025568,-0.819433,0.475841,0.030450,2.378569,0.040042,164.018000,0
17.120000,0.514179,0.026866,-0.835277,0.475838,0.030451,2.396566,0.038508,87.174400,0
17.140000,0.516149,0.027892,-0.856087,0.475835,0.030451,2.414564,0.040395,31.780700,0
17.160000,0.515392,0.028458,-0.871047,0.475833,0.030450,2.432562,0.039609,40.388300,0
17.180000,0.515848,0.025164,-0.892893,0.475830,0.030450,2.450559,0.040366,28.342100,0
17.200000,0.516660,0.025815,-0.908417,0.475828,0.030450,2.468555,0.041094,31.530200,0
17.220000,0.517215,0.026761,-0.932976,0.475825,0.030449,2.486550,0.041554,34.913200,0
17.240000,0.518187,0.029121,-0.946860,0.475823,0.030449,2.504545,0.042385,35.656700,0
17.260000,0.518788,0.030047,-0.961655,0.475820,0.030449,2.522538,0.042970,29.197400,0
17.280000,0.521940,0.026354,-0.968633,0.477558,0.028362,2.522659,0.044428,26.218500,0
17.300000,0.520677,0.027137,-0.962941,0.479301,0.025915,2.522651,0.041394,35.022400,0
17.320000,0.520857,0.025821,-0.956478,0.481043,0.023469,2.522643,0.039883,23.100900,0
17.340000,0.525974,0.020116,-0.963575,0.482786,0.021023,2.522636,0.043197,26.376000,0
17.360000,0.526667,0.017838,-0.960026,0.484528,0.018579,2.522630,0.042146,35.579600,0
17.380000,0.529247,0.012583,-0.966416,0.486270,0.016134,2.522626,0.043124,28.103500,0
17.400000,0.530521,0.012205,-0.967857,0.488012,0.013690,2.522624,0.042535,36.674900,0
17.420000,0.531416,0.012664,-0.957935,0.489754,0.011246,2.522622,0.041686,24.517900,0
17.440000,0.530647,0.012633,-0.953994,0.491495,0.008802,2.522620,0.039339,27.615700,0
17.460000,0.531542,0.011023,-0.978589,0.491552,0.008480,2.539562,0.040070,26.358000,0
17.480000,0.534930,0.007165,-0.997949,0.491549,0.008483,2.557551,0.043401,34.132000,0
17.500000,0.534073,0.012070,-1.011728,0.491547,0.008485,2.575538,0.042676,26.825700,0
17.520000,0.536651,0.010885,-1.021467,0.491544,0.008487,2.593528,0.045170,26.809300,0
17.540000,0.535223,0.011348,-1.053712,0.491542,0.008488,2.611520,0.043774,27.290500,0
17.560000,0.536017,0.010475,-1.068864,0.491539,0.008489,2.629513,0.044522,31.719400,0
17.580000,0.536764,0.011287,-1.091673,0.491537,0.008490,2.647507,0.045313,25.055800,0
17.600000,0.536971,0.012011,-1.103085,0.491535,0.008491,2.665500,0.045572,26.898100,0
17.620000,0.538248,0.006284,-1.126570,0.491532,0.008491,2.683493,0.046768,28.677800,0
17.640000,0.539233,0.008892,-1.140831,0.491530,0.008491,2.701486,0.047704,22.854400,0
17.660000,0.537196,0.014495,-1.157457,0.491528,0.008491,2.719478,0.046061,21.730600,0
17.680000,0.536605,0.015331,-1.171352,0.491526,0.008491,2.737469,0.045595,21.456800,0
17.700000,0.538567,0.014638,-1.191939,0.491523,0.008491,2.755459,0.047444,23.068000,0
17.720000,0.541187,0.008325,-1.212572,0.491521,0.008491,2.773449,0.049666,24.398400,0
17.740000,0.541253,0.014188,-1.232978,0.491519,0.008491,2.791437,0.050060,23.585500,0
17.760000,0.541525,0.011893,-1.239881,0.491517,0.008491,2.809425,0.050124,22.869600,0
17.780000,0.543075,0.011435,-1.243220,0.492464,0.006247,2.810826,0.050876,26.626200,0
17.800000,0.544879,0.010118,-1.244977,0.493440,0.003407,2.810825,0.051875,58.883500,0
17.820000,0.545795,0.005415,-1.242587,0.494415,0.000566,2.810814,0.051609,34.090800,0
17.840000,0.544966,0.008003,-1.240450,0.495391,-0.002274,2.810805,0.050629,23.988500,0
17.860000,0.547943,-0.001171,-1.245209,0.496367,-0.005114,2.810799,0.051726,23.568000,0
17.880000,0.547688,-0.003658,-1.244681,0.497342,-0.007952,2.810795,0.050529,22.831400,0
17.900000,0.548205,-0.005399,-1.243084,0.498317,-0.010791,2.810792,0.050179,24.127200,0
17.920000,0.550293,-0.007609,-1.245638,0.499292,-0.013629,2.810790,0.051355,24.148300,0
17.940000,0.550357,-0.009443,-1.244261,0.500268,-0.016468,2.810789,0.050579,22.803700,0
17.960000,0.552136,-0.016968,-1.245072,0.501242,-0.019306,2.810788,0.050948,25.478900,0
17.980000,0.553799,-0.018266,-1.245719,0.502217,-0.022143,2.810788,0.051728,23.578400,0
18.000000,0.553853,-0.019346,-1.238869,0.503192,-0.024981,2.810787,0.050973,23.997400,0
18.020000,0.554750,-0.019829,-1.237273,0.504167,-0.027819,2.810786,0.051210,22.884500,0
18.040000,0.554739,-0.024216,-1.243951,0.505141,-0.030656,2.810786,0.050015,25.603300,0
18.060000,0.556026,-0.030166,-1.238248,0.506116,-0.033494,2.810785,0.050021,23.381600,0
18.080000,0.559626,-0.035757,-1.249508,0.507091,-0.036331,2.810785,0.052538,23.439700,0
18.100000,0.556955,-0.028652,-1.229485,0.508065,-0.039169,2.810785,0.050008,24.004300,0
18.120000,0.557934,-0.037781,-1.246076,0.509040,-0.042006,2.810785,0.049076,23.344100,0
18.140000,0.559501,-0.039433,-1.238008,0.510014,-0.044844,2.810785,0.049782,23.686000,0
18.160000,0.562070,-0.043691,-1.269626,0.510070,-0.045354,2.826752,0.052027,25.605700,0
18.180000,0.559624,-0.036452,-1.275330,0.510043,-0.045457,2.845994,0.050392,24.291300,0
18.200000,0.561193,-0.041731,-1.305182,0.510041,-0.045453,2.863981,0.051287,39.287900,0
18.220000,0.562084,-0.043171,-1.325126,0.510039,-0.045451,2.881970,0.052095,37.566300,0
18.240000,0.563156,-0.045498,-1.346965,0.510037,-0.045449,2.899960,0.053119,32.689300,0
18.260000,0.563520,-0.037064,-1.352629,0.510035,-0.045448,2.917951,0.054138,29.380200,0
18.280000,0.564730,-0.039558,-1.371261,0.510033,-0.045446,2.935942,0.055013,28.125600,0
18.300000,0.564736,-0.037079,-1.390490,0.510031,-0.045445,2.953933,0.055341,36.699300,0
18.320000,0.565824,-0.039013,-1.408907,0.510029,-0.045445,2.971923,0.056165,34.045400,0
18.340000,0.564547,-0.037849,-1.420906,0.510027,-0.045444,2.989913,0.055046,37.464500,0
18.360000,0.566760,-0.045391,-1.435994,0.510397,-0.047736,2.997614,0.056411,57.752900,0
18.380000,0.566525,-0.045573,-1.436108,0.510827,-0.050708,2.997612,0.055935,49.903900,0
18.400000,0.567539,-0.042137,-1.421775,0.511256,-0.053681,2.997603,0.057455,53.911600,0
18.420000,0.569109,-0.053402,-1.440233,0.511686,-0.056653,2.997596,0.057515,51.404600,0
18.440000,0.570429,-0.059517,-1.447062,0.512116,-0.059624,2.997592,0.058313,52.982000,0
18.460000,0.570491,-0.066030,-1.455933,0.512547,-0.062595,2.997588,0.058046,55.736400,0
18.480000,0.569335,-0.060996,-1.445907,0.512977,-0.065565,2.997585,0.056543,61.262700,0
18.500000,0.568185,-0.060992,-1.431765,0.513408,-0.068535,2.997584,0.055294,57.639700,0
18.520000,0.570940,-0.067987,-1.424581,0.513839,-0.071505,2.997583,0.057209,46.537500,0
18.540000,0.570943,-0.065654,-1.449379,0.513872,-0.072218,3.009962,0.057448,54.325300,0
18.560000,0.571049,-0.066264,-1.462201,0.513846,-0.072391,3.029964,0.057531,52.676000,0
18.580000,0.571434,-0.067969,-1.486971,0.513845,-0.072389,3.047967,0.057759,34.949100,0
18.600000,0.570628,-0.066409,-1.499120,0.513844,-0.072386,3.065954,0.057097,33.710000,0
18.620000,0.572289,-0.066571,-1.519623,0.513842,-0.072384,3.083943,0.058735,38.694900,0
18.640000,0.572471,-0.070847,-1.545120,0.513841,-0.072382,3.101931,0.058651,35.712500,0
18.660000,0.572549,-0.068047,-1.560486,0.513841,-0.072381,3.119920,0.058868,32.737000,0
18.680000,0.573618,-0.061265,-1.568401,0.513840,-0.072379,3.137909,0.060802,45.744700,0
18.700000,0.573157,-0.065244,-1.590037,0.513839,-0.072378,-3.127289,0.059745,95.073600,0
18.720000,0.573829,-0.063639,-1.606851,0.513838,-0.072378,-3.109302,0.060624,39.457100,0
18.740000,0.573839,-0.067974,-1.615526,0.513761,-0.074529,-3.099745,0.060435,39.362600,0
18.760000,0.574062,-0.069676,-1.623721,0.513633,-0.077530,-3.099748,0.060937,33.393000,0
18.780000,0.574789,-0.070058,-1.615433,0.513505,-0.080531,-3.099758,0.062173,34.170700,0
18.800000,0.575051,-0.076058,-1.616767,0.513379,-0.083531,-3.099764,0.062123,31.566000,0
18.820000,0.574850,-0.079392,-1.615973,0.513252,-0.086530,-3.099769,0.062010,27.200000,0
18.840000,0.575063,-0.084866,-1.617873,0.513126,-0.089530,-3.099773,0.062112,31.040700,0
18.860000,0.574588,-0.083062,-1.609010,0.513000,-0.092528,-3.099777,0.062312,29.000400,0
18.880000,0.576199,-0.091710,-1.632420,0.512875,-0.095527,-3.099780,0.063439,28.753200,0
18.900000,0.575530,-0.098314,-1.627760,0.512749,-0.098525,-3.099782,0.062781,28.258000,0
18.920000,0.575199,-0.105818,-1.637007,0.512623,-0.101523,-3.099784,0.062723,27.367800,0
18.940000,0.574173,-0.105493,-1.638220,0.512498,-0.104521,-3.099785,0.061683,27.342400,0
18.960000,0.571874,-0.108825,-1.641560,0.512372,-0.107519,-3.099786,0.059516,28.256900,0
18.980000,0.572506,-0.106598,-1.630482,0.512247,-0.110516,-3.099787,0.060386,27.891500,0
19.000000,0.571817,-0.115104,-1.644521,0.512121,-0.113514,-3.099788,0.059717,28.111500,0
19.020000,0.571436,-0.110279,-1.630022,0.511996,-0.116512,-3.099788,0.059766,26.184500,0
19.040000,0.570493,-0.128216,-1.659391,0.511871,-0.119509,-3.099788,0.059265,25.633300,0
19.060000,0.572140,-0.115032,-1.624055,0.511745,-0.122507,-3.099789,0.060856,24.776000,0
19.080000,0.572342,-0.119788,-1.619244,0.511620,-0.125504,-3.099789,0.060990,26.158500,0
19.100000,0.572591,-0.121350,-1.620078,0.511495,-0.128502,-3.099789,0.061513,27.082500,0
19.120000,0.573212,-0.124451,-1.619808,0.511369,-0.131499,-3.099789,0.062244,23.841800,0
19.140000,0.571876,-0.120206,-1.601916,0.511244,-0.134497,-3.099789,0.062293,23.877900,0
19.160000,0.572005,-0.135341,-1.616048,0.511119,-0.137494,-3.099789,0.060924,23.237100,0
19.180000,0.570619,-0.133500,-1.617157,0.510993,-0.140492,-3.099789,0.060034,21.893000,0
19.200000,0.570861,-0.135194,-1.613581,0.510868,-0.143489,-3.099789,0.060564,22.075200,0
19.220000,0.570537,-0.132536,-1.615602,0.510743,-0.146486,-3.099789,0.061400,20.818400,0
19.240000,0.570128,-0.142447,-1.621247,0.510617,-0.149484,-3.099789,0.059926,21.572500,0
19.260000,0.568963,-0.146577,-1.616622,0.510492,-0.152481,-3.099789,0.058768,21.422500,0
19.280000,0.569642,-0.149166,-1.619197,0.510367,-0.155479,-3.099789,0.059610,21.679400,0
19.300000,0.567972,-0.152329,-1.616696,0.510241,-0.158476,-3.099789,0.058057,21.826500,0
19.320000,0.567978,-0.154370,-1.612670,0.510116,-0.161473,-3.099789,0.058296,25.641800,0
19.340000,0.567208,-0.163375,-1.623953,0.509991,-0.164471,-3.099789,0.057227,41.548100,0
19.360000,0.568829,-0.164226,-1.619728,0.509865,-0.167468,-3.099789,0.059053,33.950700,0
19.380000,0.569771,-0.159214,-1.623827,0.509836,-0.168359,-3.089823,0.060629,33.431500,0
19.400000,0.569028,-0.161464,-1.649511,0.509826,-0.168532,-3.069826,0.059622,35.712400,0
19.420000,0.570373,-0.161715,-1.672139,0.509825,-0.168538,-3.051727,0.060931,35.618600,0
19.440000,0.570760,-0.166521,-1.688954,0.509825,-0.168535,-3.033739,0.060968,32.475900,0
19.460000,0.571121,-0.162450,-1.709137,0.509824,-0.168532,-3.015749,0.061598,30.455500,0
19.480000,0.571189,-0.162493,-1.703336,0.509517,-0.170798,-3.007673,0.062229,34.468200,0
19.500000,0.571769,-0.170788,-1.720656,0.509114,-0.173773,-3.007674,0.062727,33.158800,0
19.520000,0.572450,-0.170094,-1.713822,0.508711,-0.176748,-3.007676,0.064086,32.826200,0
19.540000,0.570402,-0.175232,-1.715370,0.508309,-0.179723,-3.007678,0.062255,33.935000,0
19.560000,0.569574,-0.175147,-1.713995,0.507907,-0.182697,-3.007680,0.062127,29.319200,0
19.580000,0.570471,-0.173651,-1.701451,0.507506,-0.185672,-3.007682,0.064102,35.956800,0
19.600000,0.568568,-0.180909,-1.709702,0.507105,-0.188646,-3.007684,0.061948,32.535800,0
19.620000,0.568936,-0.185786,-1.717075,0.506704,-0.191620,-3.007685,0.062505,33.512800,0
19.640000,0.567022,-0.185357,-1.712283,0.506303,-0.194594,-3.007686,0.061418,29.664200,0
19.660000,0.566539,-0.188131,-1.713928,0.505902,-0.197567,-3.007686,0.061367,30.849700,0
19.680000,0.565598,-0.195978,-1.712325,0.505502,-0.200541,-3.007687,0.060269,25.458600,0
19.700000,0.566157,-0.194724,-1.706023,0.505101,-0.203514,-3.007687,0.061686,23.638900,0
19.720000,0.565316,-0.198321,-1.705306,0.504701,-0.206488,-3.007688,0.061162,23.196200,0
19.740000,0.565201,-0.202502,-1.703088,0.504300,-0.209461,-3.007688,0.061298,23.902700,0
19.760000,0.565069,-0.208146,-1.711421,0.503900,-0.212434,-3.007688,0.061319,22.971800,0
19.780000,0.563374,-0.216058,-1.720340,0.503499,-0.215408,-3.007688,0.059879,23.356800,0
19.800000,0.563419,-0.215275,-1.712830,0.503099,-0.218381,-3.007688,0.060400,27.733000,0
19.820000,0.564205,-0.210626,-1.700351,0.502698,-0.221354,-3.007689,0.062435,31.598200,0
19.840000,0.563794,-0.212901,-1.699654,0.502298,-0.224327,-3.007689,0.062548,32.055000,0
19.860000,0.561263,-0.227311,-1.721469,0.501897,-0.227300,-3.007689,0.059366,33.416000,0
19.880000,0.560596,-0.235986,-1.732632,0.501497,-0.230274,-3.007689,0.059374,32.576200,0
19.900000,0.561920,-0.234799,-1.730411,0.501096,-0.233247,-3.007689,0.060843,28.684100,0
19.920000,0.562252,-0.231758,-1.729583,0.500696,-0.236220,-3.007689,0.061718,27.422600,0
19.940000,0.563268,-0.230277,-1.708179,0.500295,-0.239193,-3.007689,0.063601,28.003300,0
19.960000,0.562612,-0.228334,-1.707236,0.500220,-0.239956,-2.996014,0.063465,29.586600,0
19.980000,0.561525,-0.234046,-1.746408,0.500195,-0.240127,-2.976016,0.061631,29.177800,0
20.000000,0.560607,-0.239652,-1.772475,0.500194,-0.240127,-2.957988,0.060415,32.630600,0
20.020000,0.562797,-0.231332,-1.779746,0.500194,-0.240123,-2.939993,0.063217,28.761300,0
20.040000,0.563939,-0.228597,-1.794037,0.500193,-0.240119,-2.921981,0.064779,27.931800,0
20.060000,0.563562,-0.234436,-1.820899,0.500192,-0.240114,-2.903960,0.063623,26.864800,0
20.080000,0.564748,-0.232913,-1.831365,0.500191,-0.240109,-2.885935,0.064957,27.826300,0
20.100000,0.564874,-0.236169,-1.852013,0.500191,-0.240104,-2.867908,0.064802,25.575900,0
20.120000,0.565837,-0.235671,-1.869884,0.500190,-0.240099,-2.849882,0.065796,24.516900,0
20.140000,0.568174,-0.233237,-1.872278,0.499441,-0.242491,-2.844195,0.069353,25.602300,0
20.160000,0.564578,-0.240266,-1.874086,0.498559,-0.245362,-2.844192,0.066215,25.622100,0
20.180000,0.563183,-0.240443,-1.870442,0.497679,-0.248233,-2.844195,0.065965,27.128200,0
20.200000,0.561534,-0.243450,-1.873105,0.496798,-0.251103,-2.844199,0.065186,26.041400,0
20.220000,0.559515,-0.251107,-1.872652,0.495918,-0.253973,-2.844203,0.063661,25.115000,0
20.240000,0.558713,-0.253785,-1.878166,0.495038,-0.256843,-2.844206,0.063748,23.913300,0
20.260000,0.559818,-0.254455,-1.875558,0.494159,-0.259713,-2.844209,0.065870,24.339500,0
20.280000,0.560061,-0.254861,-1.873075,0.493279,-0.262582,-2.844211,0.067227,24.498900,0
20.300000,0.558864,-0.263713,-1.879124,0.492400,-0.265451,-2.844213,0.066486,24.820800,0
20.320000,0.555026,-0.270619,-1.889169,0.491521,-0.268320,-2.844214,0.063546,25.036600,0
20.340000,0.554660,-0.270127,-1.886020,0.490642,-0.271189,-2.844216,0.064027,23.343200,0
20.360000,0.552972,-0.274183,-1.894091,0.489763,-0.274057,-2.844216,0.063209,21.625800,0
20.380000,0.553758,-0.274871,-1.885780,0.488884,-0.276926,-2.844217,0.064906,21.977600,0
20.400000,0.544022,-0.301302,-1.952149,0.488005,-0.279795,-2.844217,0.060004,22.050900,0
20.420000,0.551751,-0.280891,-1.889388,0.487126,-0.282663,-2.844218,0.064650,23.862200,0
20.440000,0.550399,-0.285790,-1.896733,0.486247,-0.285532,-2.844218,0.064152,25.431500,0
20.460000,0.548812,-0.291118,-1.898798,0.485368,-0.288400,-2.844218,0.063502,28.546900,0
20.480000,0.547598,-0.292775,-1.892880,0.484489,-0.291269,-2.844218,0.063127,25.242500,0
20.500000,0.546089,-0.294556,-1.886514,0.483610,-0.294137,-2.844218,0.062480,29.393300,0
20.520000,0.542860,-0.300843,-1.898405,0.482731,-0.297006,-2.844218,0.060251,28.879900,0
20.540000,0.545595,-0.298964,-1.891693,0.481852,-0.299874,-2.844218,0.063749,27.861000,0
20.560000,0.544358,-0.299417,-1.889924,0.480973,-0.302742,-2.844218,0.063472,28.662500,0
20.580000,0.544204,-0.304381,-1.888220,0.480094,-0.305611,-2.844218,0.064122,28.248600,0
20.600000,0.542482,-0.308228,-1.893246,0.479215,-0.308479,-2.844218,0.063268,27.328800,0
20.620000,0.541427,-0.313572,-1.893100,0.478336,-0.311347,-2.844218,0.063131,30.715800,0
20.640000,0.540891,-0.316217,-1.896776,0.477456,-0.314216,-2.844218,0.063466,32.978500,0
20.660000,0.539878,-0.314573,-1.885758,0.476577,-0.317084,-2.844218,0.063351,30.205700,0
20.680000,0.538361,-0.318992,-1.885625,0.475698,-0.319952,-2.844218,0.062671,31.278000,0
20.700000,0.536418,-0.321180,-1.895480,0.474819,-0.322821,-2.844218,0.061621,26.370600,0
20.720000,0.537331,-0.320603,-1.885962,0.473940,-0.325689,-2.844218,0.063595,23.042600,0
20.740000,0.534883,-0.329218,-1.888800,0.473061,-0.328557,-2.844218,0.061825,23.372600,0
20.760000,0.531397,-0.338784,-1.904780,0.472182,-0.331426,-2.844218,0.059671,23.446900,0
20.780000,0.533642,-0.337275,-1.898463,0.471303,-0.334294,-2.844218,0.062410,23.013300,0
20.800000,0.531166,-0.338535,-1.895459,0.470424,-0.337162,-2.844218,0.060758,22.870900,0
20.820000,0.531048,-0.335330,-1.881287,0.469545,-0.340031,-2.844218,0.061682,21.477200,0
20.840000,0.533367,-0.335603,-1.870330,0.468666,-0.342899,-2.844218,0.065111,26.160500,0
20.860000,0.531997,-0.334615,-1.864742,0.467787,-0.345767,-2.844218,0.065171,24.723400,0
20.880000,0.531337,-0.340546,-1.872795,0.466908,-0.348636,-2.844218,0.064935,22.579800,0
20.900000,0.530721,-0.341548,-1.873905,0.466029,-0.351504,-2.844218,0.065454,22.771200,0
20.920000,0.528487,-0.350051,-1.883563,0.465150,-0.354372,-2.844218,0.063484,22.736400,0
20.940000,0.530020,-0.349531,-1.874700,0.464271,-0.357241,-2.844218,0.066199,23.720400,0
20.960000,0.528468,-0.353304,-1.870810,0.463392,-0.360109,-2.844218,0.065431,25.290300,0
20.980000,0.527065,-0.356981,-1.871241,0.462513,-0.362977,-2.844218,0.064829,30.174200,0
21.000000,0.523767,-0.361523,-1.875893,0.461634,-0.365846,-2.844218,0.062283,40.728900,0
21.020000,0.524739,-0.360302,-1.872263,0.460755,-0.368714,-2.844218,0.064535,32.696500,0
21.040000,0.524271,-0.365067,-1.881203,0.459876,-0.371582,-2.844218,0.064724,34.419000,0
21.060000,0.521215,-0.371404,-1.886686,0.458997,-0.374451,-2.844218,0.062292,26.066200,0
21.080000,0.521624,-0.370817,-1.895274,0.458118,-0.377319,-2.844218,0.063838,32.264400,0
21.100000,0.517692,-0.378781,-1.884658,0.457239,-0.380187,-2.844218,0.060470,25.240800,0
21.120000,0.517524,-0.383027,-1.891342,0.456360,-0.383056,-2.844218,0.061164,24.698700,0
21.140000,0.516214,-0.387345,-1.894170,0.455481,-0.385924,-2.844218,0.060749,22.740900,0
21.160000,0.515077,-0.387032,-1.894870,0.454602,-0.388792,-2.844218,0.060500,26.887900,0
21.180000,0.513342,-0.392355,-1.891636,0.453723,-0.391661,-2.844218,0.059623,23.361200,0
21.200000,0.512008,-0.396472,-1.895637,0.452844,-0.394529,-2.844218,0.059196,26.713300,0
21.220000,0.513359,-0.393515,-1.877059,0.451965,-0.397397,-2.844218,0.061517,40.322600,0
21.240000,0.514375,-0.392316,-1.870128,0.451086,-0.400266,-2.844218,0.063786,22.892900,0
21.260000,0.513978,-0.398285,-1.878065,0.450207,-0.403134,-2.844218,0.063955,26.794200,0
21.280000,0.512771,-0.397853,-1.869464,0.449327,-0.406002,-2.844218,0.063965,24.674300,0
21.300000,0.509098,-0.406120,-1.877966,0.448448,-0.408871,-2.844218,0.060713,25.828400,0
21.320000,0.510873,-0.403038,-1.869960,0.447569,-0.411739,-2.844218,0.063899,24.195600,0
21.340000,0.508431,-0.409085,-1.870870,0.446690,-0.414607,-2.844218,0.061987,24.417000,0
21.360000,0.507993,-0.411832,-1.872972,0.445811,-0.417476,-2.844218,0.062438,24.803600,0
21.380000,0.508155,-0.409521,-1.867745,0.444932,-0.420344,-2.844218,0.064143,24.284800,0
21.400000,0.506659,-0.418315,-1.884467,0.444053,-0.423212,-2.844218,0.062797,24.229200,0
21.420000,0.504127,-0.423195,-1.873826,0.443174,-0.426081,-2.844218,0.061021,24.944200,0
21.440000,0.504676,-0.420236,-1.890914,0.443066,-0.426669,-2.830387,0.061945,27.741300,0
21.460000,0.504228,-0.425189,-1.913465,0.443026,-0.426791,-2.810903,0.061223,28.548800,0
21.480000,0.506789,-0.422151,-1.931517,0.443027,-0.426789,-2.792893,0.063931,25.528900,0
21.500000,0.506957,-0.421326,-1.952373,0.443027,-0.426784,-2.774886,0.064163,22.932700,0
21.520000,0.506078,-0.423339,-1.967928,0.443026,-0.426779,-2.756874,0.063146,21.098300,0
21.540000,0.505761,-0.424719,-1.986629,0.443026,-0.426775,-2.738859,0.062768,22.883100,0
21.560000,0.508440,-0.418770,-1.992951,0.443025,-0.426770,-2.720844,0.065902,22.283500,0
21.580000,0.507582,-0.422427,-1.992446,0.441945,-0.429181,-2.716779,0.065984,24.738100,0
21.600000,0.506585,-0.423642,-1.989396,0.440706,-0.431917,-2.716777,0.066397,22.602500,0
21.620000,0.505796,-0.427835,-1.995450,0.439468,-0.434653,-2.716779,0.066678,22.937900,0
21.640000,0.503055,-0.431656,-2.000891,0.438230,-0.437388,-2.716783,0.065078,25.119800,0
21.660000,0.502000,-0.434705,-1.995994,0.436993,-0.440123,-2.716786,0.065233,22.812200,0
21.680000,0.499698,-0.439377,-2.000714,0.435755,-0.442857,-2.716788,0.064037,23.292500,0
21.700000,0.501031,-0.438456,-1.993946,0.434519,-0.445592,-2.716790,0.066894,23.699200,0
21.720000,0.498660,-0.442488,-2.004618,0.433282,-0.448326,-2.716791,0.065638,24.910000,0
21.740000,0.495572,-0.444104,-1.992720,0.432045,-0.451060,-2.716793,0.063907,26.629400,0
21.760000,0.495842,-0.447007,-1.996618,0.430808,-0.453794,-2.716794,0.065387,28.871100,0
21.780000,0.494441,-0.450032,-2.004004,0.429572,-0.456528,-2.716794,0.065193,31.075500,0
21.800000,0.493729,-0.453020,-1.993929,0.428335,-0.459261,-2.716795,0.065691,30.042600,0
21.820000,0.492680,-0.456151,-2.022207,0.428138,-0.459697,-2.701032,0.064639,28.138500,0
21.840000,0.490936,-0.457434,-2.042248,0.428105,-0.459765,-2.682142,0.062874,24.411400,0
21.860000,0.492929,-0.452535,-2.058810,0.428106,-0.459761,-2.664151,0.065225,23.566200,0
21.880000,0.491366,-0.457202,-2.083082,0.428106,-0.459758,-2.646156,0.063312,23.306800,0
21.900000,0.494874,-0.456626,-2.099449,0.428107,-0.459754,-2.628156,0.066840,22.023200,0
21.920000,0.493220,-0.459832,-2.113096,0.428106,-0.459751,-2.610153,0.065114,20.678500,0
21.940000,0.493387,-0.455625,-2.129855,0.428106,-0.459747,-2.592149,0.065411,22.038500,0
21.960000,0.493021,-0.459549,-2.151646,0.428106,-0.459744,-2.574143,0.064915,24.173800,0
21.980000,0.493139,-0.459915,-2.172122,0.428105,-0.459741,-2.556138,0.065034,24.983400,0
22.000000,0.494371,-0.457351,-2.184244,0.428105,-0.459738,-2.538134,0.066309,25.482400,0
22.020000,0.494977,-0.458642,-2.201615,0.428104,-0.459735,-2.520130,0.066882,20.754700,0
22.040000,0.497014,-0.458086,-2.219447,0.428103,-0.459732,-2.502128,0.068931,22.892800,0
22.060000,0.494743,-0.460873,-2.242163,0.428103,-0.459729,-2.484126,0.066650,23.231100,0
22.080000,0.498436,-0.456209,-2.250830,0.428102,-0.459727,-2.466126,0.070422,21.939800,0
22.100000,0.499214,-0.457596,-2.272520,0.428101,-0.459724,-2.448127,0.071145,22.583900,0
22.120000,0.499132,-0.459331,-2.286692,0.428100,-0.459722,-2.430129,0.071033,22.495000,0
22.140000,0.498784,-0.460068,-2.312024,0.428099,-0.459720,-2.412132,0.070685,22.267200,0
22.160000,0.500701,-0.459054,-2.324823,0.428099,-0.459717,-2.394136,0.072605,22.306800,0
22.180000,0.500899,-0.460854,-2.347181,0.428098,-0.459715,-2.376141,0.072810,22.277800,0
22.200000,0.499945,-0.460419,-2.371307,0.428097,-0.459713,-2.358147,0.071852,22.576600,0
22.220000,0.501646,-0.461363,-2.382961,0.428096,-0.459711,-2.340154,0.073569,22.721800,0
22.240000,0.504376,-0.458281,-2.398131,0.428095,-0.459709,-2.322161,0.076295,22.805300,0
22.260000,0.498482,-0.461906,-2.424241,0.428094,-0.459707,-2.304169,0.070423,22.316200,0
22.280000,0.502568,-0.460874,-2.438995,0.428094,-0.459705,-2.286177,0.074483,21.982900,0
22.300000,0.501101,-0.463402,-2.455993,0.428093,-0.459703,-2.268186,0.073102,22.617100,0
22.320000,0.500517,-0.466797,-2.470310,0.428092,-0.459701,-2.250195,0.072772,22.545600,0
22.340000,0.504067,-0.465115,-2.463204,0.426020,-0.461545,-2.249426,0.078129,23.917300,0
22.360000,0.500539,-0.466619,-2.461355,0.423681,-0.463431,-2.249433,0.076924,24.454900,0
22.380000,0.498650,-0.468956,-2.463856,0.421343,-0.465317,-2.249443,0.077393,30.022900,0
22.400000,0.495145,-0.469716,-2.461855,0.419006,-0.467202,-2.249451,0.076180,26.791000,0
22.420000,0.493716,-0.470120,-2.464216,0.416669,-0.469087,-2.249458,0.077054,26.170700,0
22.440000,0.487800,-0.476058,-2.466913,0.414333,-0.470972,-2.249462,0.073643,24.915800,0
22.460000,0.485592,-0.478797,-2.474146,0.411997,-0.472857,-2.249465,0.073834,25.961000,0
22.480000,0.487262,-0.475446,-2.461465,0.409661,-0.474741,-2.249468,0.077604,23.171900,0
22.500000,0.483412,-0.477652,-2.458600,0.407325,-0.476625,-2.249469,0.076094,23.186500,0
22.520000,0.480398,-0.481141,-2.462142,0.404990,-0.478509,-2.249471,0.075454,22.336100,0
22.540000,0.474919,-0.485794,-2.474641,0.402654,-0.480393,-2.249471,0.072467,20.953800,0
22.560000,0.471321,-0.489208,-2.486884,0.400319,-0.482277,-2.249472,0.071339,21.439300,0
22.580000,0.472058,-0.490110,-2.483656,0.397983,-0.484161,-2.249473,0.074314,21.559000,0
22.600000,0.465858,-0.494868,-2.497203,0.395648,-0.486044,-2.249473,0.070763,24.106000,0
22.620000,0.463763,-0.495831,-2.485749,0.393313,-0.487928,-2.249474,0.070892,25.414300,0
22.640000,0.456235,-0.499665,-2.491216,0.390977,-0.489811,-2.249474,0.065998,24.178300,0
22.660000,0.459197,-0.496835,-2.486997,0.388642,-0.491695,-2.249475,0.070742,24.622900,0
22.680000,0.459201,-0.497748,-2.480091,0.386307,-0.493578,-2.249475,0.073014,26.020900,0
22.700000,0.450561,-0.504201,-2.495335,0.383972,-0.495462,-2.249475,0.067160,26.376300,0
22.720000,0.450662,-0.504340,-2.494881,0.381636,-0.497345,-2.249475,0.069379,22.112800,0
22.740000,0.446941,-0.505608,-2.488819,0.379301,-0.499228,-2.249475,0.067940,22.721300,0
22.760000,0.451872,-0.503481,-2.470782,0.376966,-0.501112,-2.249475,0.074943,22.227600,0
22.780000,0.447793,-0.507692,-2.477601,0.374631,-0.502995,-2.249475,0.073312,22.765500,0
22.800000,0.444523,-0.510589,-2.482828,0.372295,-0.504878,-2.249475,0.072453,22.569400,0
22.820000,0.438907,-0.513180,-2.487868,0.369960,-0.506762,-2.249475,0.069245,22.203700,0
22.840000,0.439393,-0.513227,-2.485467,0.367625,-0.508645,-2.249475,0.071914,22.807500,0
22.860000,0.437230,-0.514146,-2.482658,0.365290,-0.510528,-2.249475,0.072031,22.025700,0
22.880000,0.435278,-0.515895,-2.470275,0.362955,-0.512412,-2.249475,0.072407,23.684900,0
22.900000,0.436734,-0.515618,-2.488692,0.362675,-0.512612,-2.232048,0.074120,23.158400,0
22.920000,0.435763,-0.517485,-2.507040,0.362667,-0.512616,-2.213917,0.073258,23.144600,0
22.940000,0.435786,-0.517423,-2.532222,0.362670,-0.512613,-2.195929,0.073274,22.289500,0
22.960000,0.441895,-0.514391,-2.537952,0.362671,-0.512610,-2.177937,0.079244,22.284800,0
22.980000,0.435115,-0.519088,-2.566685,0.362673,-0.512607,-2.159943,0.072731,23.056000,0
23.000000,0.441066,-0.517317,-2.574764,0.362673,-0.512605,-2.141948,0.078535,20.128300,0
23.020000,0.441689,-0.518583,-2.588781,0.362674,-0.512602,-2.123952,0.079241,20.287500,0
23.040000,0.439404,-0.520392,-2.615910,0.362674,-0.512599,-2.105957,0.077125,20.992000,0
23.060000,0.435729,-0.522992,-2.637543,0.362675,-0.512597,-2.087962,0.073790,20.922500,0
23.080000,0.439171,-0.521252,-2.655156,0.362675,-0.512594,-2.069968,0.076984,21.101900,0
23.100000,0.439796,-0.520696,-2.672582,0.362675,-0.512592,-2.051975,0.077546,21.634400,0
23.120000,0.444522,-0.519557,-2.679599,0.362674,-0.512589,-2.033983,0.082144,21.456400,0
23.140000,0.440930,-0.522106,-2.704484,0.362674,-0.512587,-2.015991,0.078832,23.558100,0
23.160000,0.443051,-0.522456,-2.720486,0.362674,-0.512585,-1.998000,0.080981,21.620800,0
23.180000,0.437120,-0.523901,-2.728358,0.360494,-0.513827,-1.997921,0.077286,21.689900,0
23.200000,0.445834,-0.521426,-2.706836,0.357761,-0.515072,-1.997926,0.088302,21.919100,0
23.220000,0.435926,-0.525211,-2.715389,0.355027,-0.516316,-1.997936,0.081387,22.021000,0
23.240000,0.433743,-0.525912,-2.713242,0.352294,-0.517561,-1.997944,0.081876,22.350200,0
23.260000,0.433179,-0.526342,-2.711335,0.349562,-0.518805,-1.997949,0.083956,22.431700,0
23.280000,0.427944,-0.528227,-2.713855,0.346830,-0.520049,-1.997953,0.081526,21.824700,0
23.300000,0.422585,-0.530385,-2.716731,0.344099,-0.521293,-1.997956,0.079011,24.345600,0
23.320000,0.420335,-0.530991,-2.719301,0.341367,-0.522537,-1.997957,0.079420,24.184800,0
23.340000,0.412463,-0.534683,-2.725629,0.338636,-0.523780,-1.997958,0.074628,23.929000,0
23.360000,0.415112,-0.534623,-2.721934,0.335905,-0.525024,-1.997959,0.079786,24.102500,0
23.380000,0.415239,-0.534850,-2.714245,0.333174,-0.526267,-1.997960,0.082513,24.828600,0
23.400000,0.414562,-0.535245,-2.712913,0.330443,-0.527510,-1.997960,0.084474,24.355800,0
23.420000,0.406589,-0.539009,-2.727415,0.327713,-0.528753,-1.997961,0.079540,23.413700,0
23.440000,0.399984,-0.542152,-2.739051,0.324982,-0.529997,-1.997961,0.075981,23.917400,0
23.460000,0.398093,-0.543937,-2.730504,0.322252,-0.531240,-1.997962,0.076896,24.214100,0
23.480000,0.393866,-0.544801,-2.737181,0.319521,-0.532483,-1.997962,0.075359,24.097200,0
23.500000,0.415706,-0.534564,-2.665576,0.316791,-0.533726,-1.997962,0.098919,23.900100,0
23.520000,0.396445,-0.542798,-2.725375,0.314060,-0.534969,-1.997962,0.082756,25.241500,0
23.540000,0.391628,-0.546033,-2.745510,0.313588,-0.534974,-1.980198,0.078819,25.796900,0
23.560000,0.394117,-0.545580,-2.750852,0.313523,-0.534968,-1.961369,0.081289,26.172200,0
23.580000,0.394695,-0.546180,-2.774167,0.313525,-0.534966,-1.943381,0.081941,25.577800,0
23.600000,0.394150,-0.544516,-2.790922,0.313528,-0.534963,-1.925392,0.081186,25.533100,0
23.620000,0.390026,-0.547370,-2.816245,0.313529,-0.534961,-1.907402,0.077497,24.582700,0
23.640000,0.395952,-0.546603,-2.826866,0.313531,-0.534959,-1.889410,0.083240,24.632800,0
23.660000,0.392418,-0.549878,-2.854172,0.313531,-0.534957,-1.871419,0.080286,23.977900,0
23.680000,0.395685,-0.548505,-2.861652,0.313532,-0.534955,-1.853427,0.083263,23.690600,0
23.700000,0.389687,-0.550072,-2.893414,0.313533,-0.534953,-1.835436,0.077640,21.864900,0
23.720000,0.395196,-0.549073,-2.904728,0.313533,-0.534951,-1.817446,0.082875,20.553900,0
23.740000,0.391880,-0.549294,-2.921975,0.313533,-0.534949,-1.799456,0.079650,25.885600,0
23.760000,0.393377,-0.549835,-2.941587,0.313534,-0.534947,-1.781468,0.081220,23.685700,0
23.780000,0.390841,-0.551370,-2.963847,0.313534,-0.534945,-1.763480,0.079033,23.573300,0
23.800000,0.391815,-0.552781,-2.976881,0.313534,-0.534942,-1.745492,0.080288,21.500900,0
23.820000,0.396041,-0.552209,-2.988332,0.313534,-0.534940,-1.727506,0.084295,21.686800,0
23.840000,0.391069,-0.551969,-2.994744,0.311237,-0.535324,-1.719883,0.081549,24.180300,0
23.860000,0.388468,-0.552761,-2.992677,0.308266,-0.535769,-1.719886,0.081982,22.708100,0
23.880000,0.383971,-0.553870,-3.004507,0.305296,-0.536214,-1.719897,0.080631,21.551100,0
23.900000,0.387436,-0.552503,-2.996341,0.302326,-0.536659,-1.719905,0.086572,21.938900,0
23.920000,0.381969,-0.553720,-2.998556,0.299357,-0.537105,-1.719911,0.084266,22.184400,0
23.940000,0.376595,-0.554270,-3.000535,0.296388,-0.537550,-1.719916,0.081932,22.228200,0
23.960000,0.377494,-0.555679,-2.998195,0.293420,-0.537996,-1.719919,0.085914,22.046100,0
23.980000,0.370965,-0.557223,-2.997037,0.290452,-0.538442,-1.719921,0.082674,22.169300,0
24.000000,0.366005,-0.558367,-2.996819,0.287485,-0.538888,-1.719922,0.080900,21.665800,0
24.020000,0.363982,-0.556810,-3.000615,0.284517,-0.539334,-1.719923,0.081364,22.324500,0
24.040000,0.391759,-0.553592,-2.937761,0.281550,-0.539780,-1.719924,0.111071,22.414800,0
24.060000,0.354548,-0.560142,-3.000726,0.278583,-0.540226,-1.719924,0.078532,21.610400,0
24.080000,0.354718,-0.560600,-2.999122,0.275615,-0.540672,-1.719925,0.081575,21.899600,0
24.100000,0.353813,-0.558796,-2.996183,0.272649,-0.541118,-1.719926,0.083067,21.939200,0
24.120000,0.350697,-0.559120,-3.001218,0.269682,-0.541563,-1.719927,0.082896,22.152400,0
24.140000,0.345064,-0.559959,-3.001389,0.266715,-0.542009,-1.719927,0.080379,21.607300,0
24.160000,0.340998,-0.561007,-2.998964,0.263748,-0.542455,-1.719928,0.079446,21.806600,0
24.180000,0.342214,-0.560657,-2.995940,0.260781,-0.542901,-1.719928,0.083346,22.380100,0
24.200000,0.340722,-0.560464,-2.990985,0.257814,-0.543347,-1.719928,0.084656,21.725700,0
24.220000,0.330862,-0.560483,-3.003032,0.254847,-0.543793,-1.719928,0.077826,22.505600,0
24.240000,0.331811,-0.562309,-2.995090,0.251881,-0.544238,-1.719928,0.081948,23.587900,0
24.260000,0.328546,-0.562210,-2.995927,0.248914,-0.544684,-1.719928,0.081538,21.810100,0
24.280000,0.326060,-0.562289,-2.999921,0.245947,-0.545130,-1.719928,0.081930,21.963500,0
24.300000,0.328112,-0.560514,-2.991460,0.242981,-0.545576,-1.719928,0.086432,21.705800,0
24.320000,0.319529,-0.562856,-3.022827,0.242275,-0.545621,-1.707469,0.079153,22.997900,0
24.340000,0.324609,-0.562985,-3.022104,0.242103,-0.545595,-1.687471,0.084319,23.257500,0
24.360000,0.321027,-0.563287,-3.052700,0.242106,-0.545593,-1.669483,0.080880,23.366800,0
24.380000,0.323224,-0.563672,-3.071003,0.242109,-0.545592,-1.651495,0.083106,22.544200,0
24.400000,0.326133,-0.562500,-3.080522,0.242111,-0.545590,-1.633505,0.085707,22.325200,0
24.420000,0.321001,-0.563964,-3.110359,0.242113,-0.545589,-1.615515,0.081000,22.042900,0
24.440000,0.324757,-0.566159,-3.129566,0.242115,-0.545587,-1.597525,0.085164,21.577900,0
24.460000,0.328312,-0.565890,-3.130156,0.239968,-0.545685,-1.587914,0.090625,23.745500,0
24.480000,0.311882,-0.567125,-3.138510,0.236966,-0.545734,-1.587917,0.077910,21.541100,0
24.500000,0.313208,-0.567880,-3.132522,0.233963,-0.545783,-1.587921,0.082268,21.574000,0
24.520000,0.313093,-0.567183,-3.126947,0.230961,-0.545833,-1.587925,0.084862,22.204200,0
24.540000,0.309540,-0.566010,-3.126768,0.227960,-0.545884,-1.587928,0.084026,21.276400,0
24.560000,0.310650,-0.565405,-3.119412,0.224958,-0.545935,-1.587931,0.087876,21.639700,0
24.580000,0.305743,-0.565708,-3.131378,0.221958,-0.545985,-1.587933,0.086075,23.932200,0
24.600000,0.304063,-0.566266,-3.123933,0.218957,-0.546037,-1.587935,0.087477,26.056400,0
24.620000,0.294181,-0.568219,-3.133218,0.215957,-0.546088,-1.587937,0.081294,27.057500,0
24.640000,0.289013,-0.566738,3.140876,0.212957,-0.546139,-1.587938,0.078796,27.968600,0
24.660000,0.279329,-0.566507,3.130468,0.209956,-0.546191,-1.587939,0.072287,25.627300,0
24.680000,0.279866,-0.565471,3.136359,0.206957,-0.546242,-1.587940,0.075402,22.395200,0
24.700000,0.282573,-0.566496,-3.134905,0.203957,-0.546293,-1.587940,0.081170,22.505600,0
24.720000,0.284664,-0.567061,-3.131496,0.200957,-0.546345,-1.587941,0.086232,21.585100,0
24.740000,0.279225,-0.565272,-3.126513,0.197957,-0.546396,-1.587941,0.083432,21.501300,0
24.760000,0.274429,-0.564233,-3.131518,0.194957,-0.546448,-1.587941,0.081438,22.695700,0
24.780000,0.272334,-0.566133,-3.130969,0.191958,-0.546499,-1.587941,0.082740,22.833400,0
24.800000,0.270112,-0.566516,-3.133681,0.188958,-0.546551,-1.587942,0.083574,22.662900,0
24.820000,0.268440,-0.566898,-3.128114,0.185958,-0.546602,-1.587942,0.084942,22.102500,0
24.840000,0.263634,-0.564860,-3.131466,0.182959,-0.546654,-1.587942,0.082704,22.553700,0
24.860000,0.265411,-0.565509,-3.122378,0.179959,-0.546705,-1.587942,0.087496,22.837900,0
24.880000,0.257933,-0.566916,-3.133702,0.176959,-0.546757,-1.587942,0.083446,22.399700,0
24.900000,0.259698,-0.566066,-3.126123,0.173960,-0.546808,-1.587942,0.087874,23.609900,0
24.920000,0.251179,-0.565660,-3.127561,0.170960,-0.546860,-1.587942,0.082393,23.276600,0
24.940000,0.245172,-0.565621,-3.123641,0.167961,-0.546911,-1.587942,0.079446,22.323000,0
24.960000,0.246116,-0.565621,-3.131868,0.164961,-0.546962,-1.587942,0.083273,22.778200,0
24.980000,0.243690,-0.565486,-3.137447,0.161962,-0.547014,-1.587942,0.083790,23.522000,0
25.000000,0.246588,-0.565408,-3.125388,0.158962,-0.547065,-1.587942,0.089525,22.224600,0
25.020000,0.237181,-0.564990,-3.131082,0.155962,-0.547117,-1.587942,0.083163,20.474600,0
25.040000,0.237557,-0.563828,-3.119777,0.152963,-0.547168,-1.587942,0.086219,21.139500,0
25.060000,0.229376,-0.565378,-3.137116,0.149963,-0.547220,-1.587942,0.081462,22.019400,0
25.080000,0.226282,-0.564919,-3.137656,0.146964,-0.547271,-1.587942,0.081258,23.566500,0
25.100000,0.198339,-0.566084,3.106904,0.143964,-0.547322,-1.587942,0.057521,22.000000,0
25.120000,0.217033,-0.567100,-3.138222,0.140965,-0.547374,-1.587942,0.078584,21.419800,0
25.140000,0.205953,-0.566527,3.128245,0.137965,-0.547425,-1.587942,0.070621,21.213900,0
25.160000,0.214031,-0.565146,3.138957,0.134966,-0.547477,-1.587942,0.081015,21.773300,0
25.180000,0.204552,-0.564588,3.133046,0.131966,-0.547528,-1.587942,0.074563,21.761400,0
25.200000,0.200897,-0.564560,3.131842,0.128966,-0.547580,-1.587942,0.073908,21.962100,0
25.220000,0.209557,-0.565778,3.133635,0.125967,-0.547631,-1.587942,0.085537,21.874400,0
25.240000,0.204985,-0.566229,-3.138493,0.122967,-0.547683,-1.587942,0.084089,21.848100,0
25.260000,0.206336,-0.565072,-3.127267,0.119968,-0.547734,-1.587942,0.088091,21.746200,0
25.280000,0.196885,-0.565629,3.139498,0.116968,-0.547785,-1.587942,0.081885,22.380700,0
25.300000,0.191579,-0.565460,3.134073,0.113969,-0.547837,-1.587942,0.079585,20.780800,0
25.320000,0.185874,-0.565614,3.130579,0.110969,-0.547888,-1.587942,0.076974,19.917700,0
25.340000,0.183124,-0.565050,3.130903,0.107969,-0.547940,-1.587942,0.077078,21.968600,0
25.360000,0.181242,-0.563588,3.136203,0.104970,-0.547991,-1.587942,0.077851,23.354500,0
25.380000,0.173354,-0.565003,3.132352,0.101970,-0.548043,-1.587942,0.073371,22.530500,0
25.400000,0.176865,-0.565866,-3.136718,0.098971,-0.548094,-1.587942,0.079896,22.534600,0
25.420000,0.180362,-0.564126,-3.127919,0.095971,-0.548145,-1.587942,0.085891,20.776200,0
25.440000,0.176919,-0.565634,-3.131513,0.092972,-0.548197,-1.587942,0.085739,22.694600,0
25.460000,0.175717,-0.565431,-3.123294,0.089972,-0.548248,-1.587942,0.087450,24.801700,0
25.480000,0.157593,-0.566030,-3.135834,0.086973,-0.548300,-1.587942,0.072811,23.914200,0
25.500000,0.169560,-0.565801,-3.129621,0.083973,-0.548351,-1.587942,0.087348,20.099700,0
25.520000,0.163818,-0.564600,-3.132454,0.080973,-0.548403,-1.587942,0.084414,20.442700,0
25.540000,0.163584,-0.564183,-3.122846,0.077974,-0.548454,-1.587942,0.087043,21.501100,0
25.560000,0.157507,-0.565237,-3.131398,0.074974,-0.548505,-1.587942,0.084212,21.792800,0
25.580000,0.158194,-0.566013,-3.129010,0.071975,-0.548557,-1.587942,0.087969,22.110000,0
25.600000,0.147793,-0.566122,-3.137940,0.068975,-0.548608,-1.587942,0.080740,22.523800,0
25.620000,0.138342,-0.565325,3.134654,0.065976,-0.548660,-1.587942,0.074260,21.498600,0
25.640000,0.138273,-0.566359,3.138699,0.062976,-0.548711,-1.587942,0.077337,19.851900,0
25.660000,0.134491,-0.565425,3.137715,0.059977,-0.548763,-1.587942,0.076354,20.783300,0
25.680000,0.133856,-0.565649,-3.141409,0.056977,-0.548814,-1.587942,0.078701,19.995300,0
25.700000,0.123664,-0.564631,3.126394,0.053977,-0.548865,-1.587942,0.071448,20.955700,0
25.720000,0.123332,-0.563999,3.133739,0.050978,-0.548917,-1.587942,0.073909,20.461900,0
25.740000,0.122920,-0.564953,3.139216,0.047978,-0.548968,-1.587942,0.076627,21.202000,0
25.760000,0.115465,-0.564387,3.127279,0.044979,-0.549020,-1.587942,0.072142,21.024000,0
25.780000,0.115738,-0.563599,3.128569,0.041979,-0.549071,-1.587942,0.075177,21.395500,0
25.800000,0.113658,-0.564751,3.139416,0.038980,-0.549123,-1.587942,0.076296,22.266100,0
25.820000,0.143304,-0.564669,-3.089299,0.035980,-0.549174,-1.587942,0.108437,21.958600,0
25.840000,0.112944,-0.565683,3.141006,0.032980,-0.549226,-1.587942,0.081640,21.733600,0
25.860000,0.102689,-0.565255,3.132655,0.029981,-0.549277,-1.587942,0.074443,22.209400,0
25.880000,0.098143,-0.564586,3.133242,0.026981,-0.549328,-1.587942,0.072779,27.487700,0
25.900000,0.098550,-0.566024,-3.141040,0.023982,-0.549380,-1.587942,0.076403,25.997900,0
25.920000,0.091110,-0.565370,3.130235,0.020982,-0.549431,-1.587942,0.071917,21.175800,0
25.940000,0.092054,-0.565885,3.134510,0.017983,-0.549483,-1.587942,0.075865,20.696300,0
25.960000,0.092462,-0.566794,3.135857,0.014983,-0.549534,-1.587942,0.079378,20.975200,0
25.980000,0.092533,-0.565539,3.139122,0.011984,-0.549586,-1.587942,0.082114,22.086200,0
26.000000,0.082216,-0.565626,3.137667,0.008984,-0.549637,-1.587942,0.074957,21.760000,0
26.020000,0.078030,-0.565826,3.136865,0.005984,-0.549688,-1.587942,0.073832,21.742500,0
26.040000,0.081669,-0.564532,-3.138684,0.002985,-0.549740,-1.587942,0.080062,21.894700,0
26.060000,0.072269,-0.565373,3.130111,-0.000015,-0.549791,-1.587942,0.073944,21.622000,0
26.080000,0.066668,-0.565766,3.127914,-0.003014,-0.549843,-1.587942,0.071478,22.690600,0
26.100000,0.073989,-0.564633,-3.141413,-0.006014,-0.549894,-1.587942,0.081349,22.074100,0
26.120000,0.070758,-0.564416,3.138305,-0.009013,-0.549946,-1.587942,0.081073,24.405400,0
26.140000,0.059464,-0.563970,3.135789,-0.012013,-0.549997,-1.587942,0.072830,21.954100,0
26.160000,0.057565,-0.564088,3.137723,-0.015012,-0.550048,-1.587942,0.073923,22.077200,0
26.180000,0.054805,-0.564012,3.133387,-0.018012,-0.550100,-1.587942,0.074134,25.755600,0
26.200000,0.049431,-0.563766,3.125032,-0.021012,-0.550151,-1.587942,0.071746,20.985200,0
26.220000,0.053105,-0.562895,3.136247,-0.024011,-0.550203,-1.587942,0.078153,20.896500,0
26.240000,0.046676,-0.564209,3.133529,-0.027011,-0.550254,-1.587942,0.074997,21.924000,0
26.260000,0.042888,-0.563683,3.133274,-0.030010,-0.550306,-1.587942,0.074115,22.279400,0
26.280000,0.039134,-0.564312,3.135824,-0.033010,-0.550357,-1.587942,0.073481,22.007800,0
26.300000,0.037285,-0.563500,3.138859,-0.036009,-0.550408,-1.587942,0.074454,20.320200,0
26.320000,0.038843,-0.565006,-3.135007,-0.039009,-0.550460,-1.587942,0.079200,20.881100,0
26.340000,0.030390,-0.565825,3.138092,-0.042008,-0.550511,-1.587942,0.074000,21.947900,0
26.360000,0.021860,-0.565527,3.126600,-0.045008,-0.550563,-1.587942,0.068522,20.733200,0
26.380000,0.031593,-0.567380,3.140697,-0.048008,-0.550614,-1.587942,0.081348,21.123800,0
26.400000,0.033959,-0.566066,-3.136303,-0.051007,-0.550666,-1.587942,0.086351,21.212900,0
26.420000,0.028597,-0.564683,-3.135112,-0.054007,-0.550717,-1.587942,0.083776,22.292800,0
26.440000,0.030346,-0.564159,-3.121389,-0.057006,-0.550769,-1.587942,0.088372,22.505900,0
26.460000,0.026231,-0.562756,-3.126249,-0.060006,-0.550820,-1.587942,0.087059,22.488700,0
26.480000,0.022320,-0.564431,-3.132242,-0.063005,-0.550871,-1.587942,0.086395,22.596800,0
26.500000,0.015084,-0.564131,-3.133326,-0.066005,-0.550923,-1.587942,0.082158,22.202300,0
26.520000,0.009273,-0.564081,-3.132093,-0.069005,-0.550974,-1.587942,0.079368,21.957900,0
26.540000,0.007558,-0.564421,-3.134239,-0.072004,-0.551026,-1.587942,0.080682,21.690500,0
26.560000,0.010054,-0.564881,-3.124025,-0.075004,-0.551077,-1.587942,0.086171,19.937700,0
26.580000,0.002248,-0.565515,-3.131244,-0.078003,-0.551129,-1.587942,0.081530,20.605500,0
26.600000,0.007336,-0.566652,3.139014,-0.078928,-0.551116,-1.578443,0.087651,22.412500,0
26.620000,0.001565,-0.566613,3.119699,-0.079101,-0.551114,-1.558446,0.082142,23.410800,0
26.640000,0.002718,-0.565402,3.105673,-0.079117,-0.551113,-1.540232,0.083073,27.842000,0
26.660000,0.002824,-0.565352,3.083185,-0.079114,-0.551112,-1.522244,0.083166,27.425400,0
26.680000,-0.000995,-0.567387,3.061034,-0.079112,-0.551111,-1.504254,0.079794,22.409700,0
26.700000,0.002559,-0.568678,3.050543,-0.079110,-0.551110,-1.486265,0.083538,20.938600,0
26.720000,-0.001851,-0.567746,3.025805,-0.079108,-0.551109,-1.468275,0.079028,21.955100,0
26.740000,0.004718,-0.567476,3.011770,-0.079106,-0.551108,-1.450286,0.085407,22.023800,0
26.760000,0.005694,-0.570479,2.991895,-0.079100,-0.551107,-1.432235,0.086979,21.650300,0
26.780000,-0.001574,-0.569986,2.976043,-0.079093,-0.551106,-1.414178,0.079786,21.823000,0
26.800000,0.000641,-0.569734,2.973216,-0.081386,-0.550720,-1.406519,0.084202,27.173000,0
26.820000,-0.005224,-0.569659,2.970745,-0.084348,-0.550228,-1.406521,0.081475,22.558100,0
26.840000,-0.007292,-0.568551,2.965796,-0.087311,-0.549735,-1.406523,0.082201,22.978600,0
26.860000,-0.005854,-0.569185,2.974550,-0.090273,-0.549243,-1.406529,0.086742,24.448700,0
26.880000,-0.010999,-0.569119,2.973385,-0.093234,-0.548752,-1.406534,0.084720,25.821400,0
26.900000,-0.015059,-0.568738,2.970688,-0.096196,-0.548260,-1.406537,0.083681,25.985700,0
26.920000,-0.009572,-0.568646,2.980243,-0.099157,-0.547769,-1.406540,0.091985,24.424600,0
26.940000,-0.025890,-0.566563,2.968350,-0.102117,-0.547278,-1.406543,0.078629,24.089800,0
26.960000,-0.026315,-0.566159,2.974343,-0.105078,-0.546788,-1.406545,0.081110,23.809600,0
26.980000,-0.032003,-0.564869,2.968139,-0.108038,-0.546297,-1.406547,0.078270,24.870400,0
27.000000,-0.029391,-0.565954,2.979776,-0.110998,-0.545807,-1.406548,0.084057,25.440200,0
27.020000,-0.031889,-0.564815,2.974752,-0.113958,-0.545316,-1.406549,0.084353,24.515800,0
27.040000,-0.032786,-0.564831,2.967097,-0.116918,-0.544826,-1.406550,0.086478,24.514900,0
27.060000,-0.036124,-0.563938,2.958233,-0.117644,-0.544741,-1.394393,0.083750,23.410700,0
27.080000,-0.038596,-0.563299,2.932889,-0.117815,-0.544710,-1.374393,0.081371,23.031400,0
27.100000,-0.038191,-0.563935,2.920172,-0.117813,-0.544710,-1.356386,0.081910,24.465400,0
27.120000,-0.038208,-0.563249,2.902679,-0.117809,-0.544709,-1.338398,0.081732,23.484700,0
27.140000,-0.038034,-0.565327,2.882691,-0.117806,-0.544709,-1.320396,0.082393,22.871500,0
27.160000,-0.041289,-0.563792,2.856551,-0.117801,-0.544708,-1.302384,0.078856,20.430100,0
27.180000,-0.040703,-0.565760,2.839856,-0.117797,-0.544708,-1.284367,0.079916,22.661700,0
27.200000,-0.036984,-0.567317,2.825327,-0.117793,-0.544707,-1.266348,0.083912,24.996200,0
27.220000,-0.041907,-0.566376,2.810703,-0.117789,-0.544706,-1.248328,0.078916,25.063900,0
27.240000,-0.037610,-0.567226,2.796767,-0.117785,-0.544705,-1.230309,0.083278,23.756600,0
27.260000,-0.040495,-0.567793,2.773014,-0.117781,-0.544704,-1.212291,0.080661,20.581400,0
27.280000,-0.037010,-0.570693,2.757097,-0.117777,-0.544703,-1.194274,0.084845,21.343900,0
27.300000,-0.034422,-0.573269,2.753444,-0.117773,-0.544702,-1.176259,0.088111,21.718900,0
27.320000,-0.041506,-0.571297,2.719856,-0.117770,-0.544701,-1.158247,0.080769,21.641900,0
27.340000,-0.041047,-0.569784,2.702066,-0.117767,-0.544700,-1.140236,0.080717,20.936400,0
27.360000,-0.038785,-0.570790,2.683453,-0.117764,-0.544699,-1.122227,0.083177,20.671200,0
27.380000,-0.040314,-0.570621,2.664286,-0.117761,-0.544698,-1.104220,0.081670,21.309000,0
27.400000,-0.034927,-0.573853,2.655265,-0.117758,-0.544697,-1.086214,0.087812,21.686700,0
27.420000,-0.043139,-0.571082,2.622933,-0.117755,-0.544696,-1.068210,0.079144,20.835000,0
27.440000,-0.040940,-0.573591,2.613726,-0.117753,-0.544695,-1.050207,0.082068,20.311900,0
27.460000,-0.043937,-0.572455,2.593618,-0.117750,-0.544694,-1.032205,0.078861,21.756100,0
27.480000,-0.045837,-0.571923,2.569257,-0.117748,-0.544693,-1.014205,0.076894,21.518600,0
27.500000,-0.041763,-0.573456,2.557072,-0.117745,-0.544692,-0.996205,0.081245,21.803400,0
27.520000,-0.040339,-0.577193,2.545957,-0.117743,-0.544691,-0.978207,0.083951,21.613400,0
27.540000,-0.047886,-0.573746,2.511546,-0.117741,-0.544690,-0.960209,0.075656,21.868800,0
27.560000,-0.043174,-0.576963,2.504038,-0.117739,-0.544689,-0.942212,0.081249,22.434600,0
27.580000,-0.049058,-0.577280,2.479961,-0.117736,-0.544688,-0.924216,0.076019,22.689400,0
27.600000,-0.043939,-0.579362,2.473993,-0.117734,-0.544687,-0.906221,0.081536,24.462000,0
27.620000,-0.045869,-0.577187,2.445083,-0.117732,-0.544686,-0.888226,0.078871,23.815600,0
27.640000,-0.042429,-0.579937,2.435713,-0.117730,-0.544685,-0.870232,0.083144,22.818900,0
27.660000,-0.051927,-0.573848,2.406185,-0.117728,-0.544684,-0.852238,0.071975,22.188000,0
27.680000,-0.047396,-0.578931,2.390398,-0.117726,-0.544683,-0.834245,0.078225,20.816400,0
27.700000,-0.045416,-0.579497,2.378157,-0.117724,-0.544682,-0.816252,0.080253,21.350800,0
27.720000,-0.047572,-0.581334,2.357320,-0.117722,-0.544681,-0.798260,0.079148,21.190200,0
27.740000,-0.045679,-0.582947,2.344853,-0.117720,-0.544680,-0.780268,0.081573,22.537100,0
27.760000,-0.045914,-0.580951,2.335251,-0.117718,-0.544680,-0.762276,0.080445,22.500500,0
27.780000,-0.048128,-0.581436,2.327273,-0.119653,-0.542653,-0.759999,0.081363,23.146000,0
27.800000,-0.053233,-0.575254,2.321985,-0.121722,-0.540475,-0.760006,0.076814,22.448400,0
27.820000,-0.054876,-0.570739,2.321100,-0.123791,-0.538298,-0.760015,0.076169,22.543800,0
27.840000,-0.061064,-0.569766,2.302077,-0.125860,-0.536122,-0.760024,0.073010,22.067000,0
27.860000,-0.058696,-0.569861,2.313210,-0.127929,-0.533946,-0.760030,0.077994,22.474800,0
27.880000,-0.064224,-0.564219,2.314635,-0.129997,-0.531770,-0.760035,0.073342,22.595100,0
27.900000,-0.064208,-0.561826,2.313823,-0.132065,-0.529595,-0.760039,0.075123,22.081200,0
27.920000,-0.063192,-0.562803,2.325240,-0.134133,-0.527420,-0.760041,0.079275,23.635000,0
27.940000,-0.066300,-0.560031,2.324265,-0.136201,-0.525245,-0.760043,0.078078,22.403000,0
27.960000,-0.067323,-0.560328,2.319975,-0.138269,-0.523070,-0.760045,0.080135,24.265100,0
27.980000,-0.072370,-0.555057,2.321030,-0.140336,-0.520896,-0.760046,0.076068,24.440100,0
28.000000,-0.073057,-0.554517,2.326187,-0.142403,-0.518721,-0.760047,0.078040,25.420300,0
28.020000,-0.074928,-0.553812,2.326280,-0.144471,-0.516546,-0.760047,0.078899,23.529900,0
28.040000,-0.075515,-0.552907,2.328126,-0.146538,-0.514372,-0.760048,0.080803,24.495400,0
28.060000,-0.081266,-0.544987,2.316890,-0.148605,-0.512197,-0.760048,0.074898,23.423200,0
28.080000,-0.084079,-0.542226,2.310427,-0.150672,-0.510023,-0.760049,0.073971,23.256600,0
28.100000,-0.082350,-0.543408,2.314677,-0.152739,-0.507849,-0.760049,0.078861,24.077800,0
28.120000,-0.088359,-0.537550,2.304520,-0.154806,-0.505674,-0.760049,0.073697,24.528600,0
28.140000,-0.090649,-0.537081,2.309144,-0.156873,-0.503500,-0.760049,0.074252,23.670300,0
28.160000,-0.087509,-0.537822,2.326931,-0.158940,-0.501325,-0.760049,0.080215,23.461400,0
28.180000,-0.090750,-0.538205,2.304219,-0.159176,-0.501076,-0.742412,0.077851,24.011000,0
28.200000,-0.091401,-0.536025,2.286392,-0.159186,-0.501062,-0.724181,0.076271,20.679100,0
28.220000,-0.089783,-0.537475,2.265855,-0.159183,-0.501064,-0.706193,0.078372,20.604600,0
28.240000,-0.090040,-0.538050,2.248754,-0.159181,-0.501066,-0.688203,0.078411,22.596900,0
28.260000,-0.092074,-0.534652,2.229887,-0.159178,-0.501067,-0.670210,0.075039,21.428300,0
28.280000,-0.090435,-0.536956,2.214579,-0.159175,-0.501067,-0.652215,0.077545,21.420100,0
28.300000,-0.092006,-0.536949,2.189580,-0.159172,-0.501068,-0.634219,0.076149,22.191400,0
28.320000,-0.092451,-0.537090,2.176146,-0.159170,-0.501068,-0.616223,0.075822,20.406700,0
28.340000,-0.092448,-0.539385,2.155110,-0.159167,-0.501068,-0.598228,0.076939,19.813700,0
28.360000,-0.095075,-0.535594,2.140542,-0.159165,-0.501068,-0.580233,0.072798,20.487900,0
28.380000,-0.093247,-0.540379,2.125404,-0.159162,-0.501068,-0.562238,0.076747,19.725900,0
28.400000,-0.095672,-0.538111,2.101754,-0.159160,-0.501067,-0.544245,0.073505,20.524000,0
28.420000,-0.094163,-0.538800,2.094564,-0.159158,-0.501067,-0.526252,0.075154,21.979400,0
28.440000,-0.093450,-0.540966,2.070357,-0.159155,-0.501067,-0.508261,0.076871,21.144000,0
28.460000,-0.095404,-0.542178,2.060572,-0.159153,-0.501066,-0.490270,0.075856,21.723000,0
28.480000,-0.098340,-0.539558,2.049950,-0.160565,-0.498918,-0.490200,0.074320,20.173000,0
28.500000,-0.100406,-0.536971,2.054378,-0.161979,-0.496269,-0.490207,0.073810,20.513400,0
28.520000,-0.100182,-0.532903,2.048215,-0.163394,-0.493619,-0.490217,0.074424,20.766900,0
28.540000,-0.099235,-0.535216,2.066650,-0.164808,-0.490970,-0.490224,0.079104,21.937200,0
28.560000,-0.104227,-0.528107,2.055354,-0.166222,-0.488322,-0.490230,0.073663,21.465500,0
28.580000,-0.106541,-0.524130,2.054983,-0.167636,-0.485674,-0.490234,0.072190,21.738400,0
28.600000,-0.103304,-0.522740,2.062214,-0.169050,-0.483026,-0.490237,0.076810,22.112100,0
28.620000,-0.107943,-0.518880,2.052657,-0.170463,-0.480378,-0.490238,0.073425,21.842500,0
28.640000,-0.108633,-0.515553,2.055293,-0.171876,-0.477731,-0.490239,0.073689,21.956300,0
28.660000,-0.108299,-0.514841,2.033256,-0.171884,-0.477310,-0.472503,0.073835,22.432400,0
28.680000,-0.108585,-0.516561,2.012957,-0.171890,-0.477296,-0.454301,0.074493,22.290500,0
28.700000,-0.106694,-0.517628,2.003184,-0.171887,-0.477299,-0.436314,0.076659,22.633300,0
28.720000,-0.107654,-0.516959,1.983582,-0.171885,-0.477301,-0.418325,0.075487,22.189600,0
28.740000,-0.109083,-0.519452,1.969993,-0.171883,-0.477303,-0.400335,0.075633,22.506200,0
28.760000,-0.110832,-0.519709,1.949500,-0.171881,-0.477304,-0.382343,0.074332,22.102900,0
28.780000,-0.112790,-0.517508,1.926778,-0.171879,-0.477305,-0.364351,0.071469,22.042300,0
28.800000,-0.112446,-0.518100,1.908050,-0.171877,-0.477305,-0.346360,0.072086,22.453800,0
28.820000,-0.112871,-0.517650,1.890117,-0.171875,-0.477306,-0.328368,0.071478,22.182700,0
28.840000,-0.112589,-0.519254,1.870514,-0.171873,-0.477306,-0.310378,0.072624,22.760900,0
28.860000,-0.114460,-0.518326,1.856633,-0.171871,-0.477306,-0.292388,0.070560,21.751000,0
28.880000,-0.115309,-0.515818,1.832757,-0.171869,-0.477306,-0.274399,0.068427,20.024400,0
28.900000,-0.117414,-0.518996,1.820783,-0.171867,-0.477307,-0.256410,0.068579,21.649400,0
28.920000,-0.118614,-0.516529,1.797716,-0.171865,-0.477307,-0.238422,0.066136,20.257400,0
28.940000,-0.116489,-0.518313,1.775515,-0.171863,-0.477306,-0.220435,0.068905,21.517900,0
28.960000,-0.116152,-0.517684,1.764301,-0.171861,-0.477306,-0.202449,0.068803,22.887500,0
28.980000,-0.119261,-0.518770,1.742517,-0.171859,-0.477306,-0.184463,0.066976,20.213300,0
29.000000,-0.119483,-0.522397,1.739245,-0.171857,-0.477306,-0.166477,0.069110,20.556100,0
29.020000,-0.119890,-0.516040,1.713060,-0.172266,-0.475000,-0.158996,0.066540,21.255000,0
29.040000,-0.119687,-0.509801,1.707062,-0.172740,-0.472035,-0.158999,0.065122,22.121300,0
29.060000,-0.120827,-0.513172,1.710391,-0.173215,-0.469068,-0.159011,0.068481,22.818600,0
29.080000,-0.119713,-0.509126,1.706047,-0.173689,-0.466103,-0.159020,0.069025,22.938300,0
29.100000,-0.119229,-0.506497,1.710201,-0.174164,-0.463139,-0.159027,0.069984,22.778800,0
29.120000,-0.120794,-0.500849,1.709863,-0.174640,-0.460175,-0.159031,0.067482,23.334100,0
29.140000,-0.122297,-0.495750,1.709998,-0.175115,-0.457211,-0.159034,0.065383,22.194100,0
29.160000,-0.122992,-0.494145,1.712483,-0.175590,-0.454247,-0.159036,0.066018,20.208200,0
29.180000,-0.122695,-0.490745,1.712899,-0.176066,-0.451284,-0.159037,0.066375,20.999000,0
29.200000,-0.120684,-0.490783,1.705696,-0.176541,-0.448321,-0.159038,0.070164,20.868900,0
29.220000,-0.120633,-0.487054,1.713137,-0.177016,-0.445359,-0.159039,0.070125,19.759400,0
29.240000,-0.122742,-0.482269,1.713151,-0.177492,-0.442396,-0.159040,0.067731,21.843700,0
29.260000,-0.124663,-0.482478,1.710532,-0.177967,-0.439433,-0.159041,0.068514,20.704200,0
29.280000,-0.122921,-0.476497,1.711553,-0.178442,-0.436471,-0.159041,0.068445,21.068400,0
29.300000,-0.124851,-0.474649,1.714753,-0.178917,-0.433509,-0.159042,0.067938,21.182200,0
29.320000,-0.126545,-0.467232,1.700456,-0.179393,-0.430546,-0.159043,0.064333,21.199200,0
29.340000,-0.125867,-0.469448,1.717362,-0.179868,-0.427584,-0.159043,0.068328,21.263300,0
29.360000,-0.128293,-0.467062,1.708560,-0.179938,-0.426889,-0.146440,0.065430,21.683500,0
29.380000,-0.126649,-0.467118,1.684910,-0.179910,-0.426717,-0.126441,0.066850,21.404900,0
29.400000,-0.126750,-0.469134,1.668739,-0.179909,-0.426720,-0.108439,0.068006,22.012200,0
29.420000,-0.128401,-0.469893,1.643896,-0.179907,-0.426722,-0.090450,0.067206,21.954400,0
29.440000,-0.128255,-0.470984,1.634719,-0.179906,-0.426725,-0.072461,0.068020,32.306000,0
29.460000,-0.130050,-0.469577,1.610469,-0.179904,-0.426727,-0.054471,0.065738,24.342900,0
29.480000,-0.130633,-0.467126,1.592041,-0.179903,-0.426728,-0.036482,0.063715,21.636400,0
29.500000,-0.131045,-0.467798,1.576404,-0.179901,-0.426729,-0.018492,0.063825,21.892700,0
29.520000,-0.130608,-0.470371,1.566409,-0.179900,-0.426730,-0.000504,0.065835,21.137800,0
29.540000,-0.131927,-0.470710,1.539527,-0.179899,-0.426731,0.017484,0.065080,20.167300,0
29.560000,-0.133396,-0.469626,1.522992,-0.179898,-0.426732,0.035471,0.063264,20.992500,0
29.580000,-0.132664,-0.462711,1.514453,-0.179813,-0.424575,0.044975,0.060641,21.073500,0
29.600000,-0.130512,-0.464043,1.526973,-0.179676,-0.421575,0.044972,0.064966,21.486200,0
29.620000,-0.131216,-0.459198,1.514126,-0.179539,-0.418575,0.044968,0.063130,23.295800,0
29.640000,-0.130170,-0.452943,1.504449,-0.179403,-0.415575,0.044961,0.061808,22.476500,0
29.660000,-0.129020,-0.453007,1.511873,-0.179267,-0.412576,0.044956,0.064493,21.930500,0
29.680000,-0.127868,-0.448271,1.508165,-0.179132,-0.409578,0.044951,0.064227,22.594000,0
29.700000,-0.127306,-0.448961,1.508429,-0.178996,-0.406579,0.044948,0.066844,21.948800,0
29.720000,-0.126576,-0.444010,1.504356,-0.178861,-0.403581,0.044945,0.066092,21.770100,0
29.740000,-0.127959,-0.445358,1.505372,-0.178726,-0.400583,0.044942,0.067691,22.171800,0
29.760000,-0.128292,-0.441108,1.499202,-0.178592,-0.397586,0.044940,0.066515,22.883700,0
29.780000,-0.129432,-0.435571,1.505044,-0.178457,-0.394588,0.044939,0.063899,21.864200,0
29.800000,-0.127465,-0.434913,1.506641,-0.178322,-0.391591,0.044938,0.066807,21.825000,0
29.820000,-0.127920,-0.427863,1.506973,-0.178187,-0.388593,0.044937,0.063788,23.003300,0
29.840000,-0.127101,-0.430309,1.511739,-0.178052,-0.385596,0.044936,0.067788,22.519000,0
29.860000,-0.127487,-0.425517,1.501336,-0.177917,-0.382599,0.044936,0.066220,22.748600,0
29.880000,-0.126107,-0.421717,1.505433,-0.177783,-0.379602,0.044936,0.066664,24.112500,0
29.900000,-0.125367,-0.416389,1.507304,-0.177648,-0.376605,0.044936,0.065697,23.917800,0
29.920000,-0.124429,-0.418160,1.513959,-0.177513,-0.373608,0.044935,0.069302,22.834500,0
29.940000,-0.126725,-0.411802,1.502058,-0.177379,-0.370610,0.044935,0.065289,22.657700,0
29.960000,-0.125578,-0.409387,1.510128,-0.177244,-0.367613,0.044935,0.066441,21.852200,0
29.980000,-0.126859,-0.403272,1.501755,-0.177109,-0.364616,0.044935,0.063398,19.935600,0
30.000000,-0.126234,-0.400669,1.501095,-0.176974,-0.361619,0.044935,0.064027,20.652500,0
30.020000,-0.128885,-0.396456,1.501183,-0.176840,-0.358622,0.044935,0.061082,19.998000,0
30.040000,-0.126916,-0.399677,1.512184,-0.176705,-0.355625,0.044935,0.066480,20.809700,0
30.060000,-0.124766,-0.392931,1.510836,-0.176570,-0.352628,0.044935,0.065635,21.267400,0
30.080000,-0.125733,-0.394262,1.512123,-0.176435,-0.349631,0.044935,0.067548,22.516900,0
30.100000,-0.126570,-0.389959,1.521787,-0.176301,-0.346634,0.044935,0.065956,23.104300,0
30.120000,-0.127568,-0.384562,1.516365,-0.176166,-0.343637,0.044935,0.063534,22.646000,0
30.140000,-0.126490,-0.382373,1.509675,-0.176031,-0.340640,0.044935,0.064776,23.531100,0
30.160000,-0.126546,-0.377963,1.498389,-0.175896,-0.337643,0.044935,0.063727,23.396300,0
30.180000,-0.126602,-0.374944,1.505044,-0.175762,-0.334646,0.044935,0.063566,24.524600,0
30.200000,-0.125498,-0.369652,1.500147,-0.175627,-0.331649,0.044935,0.062906,22.869300,0
30.220000,-0.126047,-0.368932,1.509339,-0.175492,-0.328652,0.044935,0.063775,31.507700,0
30.240000,-0.125049,-0.367503,1.509404,-0.175357,-0.325656,0.044935,0.065438,22.370900,0
30.260000,-0.125004,-0.362214,1.502396,-0.175223,-0.322659,0.044935,0.063926,20.907800,0
30.280000,-0.123693,-0.360906,1.504604,-0.175088,-0.319662,0.044935,0.065898,21.265600,0
30.300000,-0.124140,-0.359261,1.504380,-0.174953,-0.316665,0.044935,0.066305,22.575400,0
30.320000,-0.123330,-0.355829,1.507617,-0.174818,-0.313668,0.044935,0.066548,22.689700,0
30.340000,-0.124369,-0.355000,1.508432,-0.174684,-0.310671,0.044935,0.067058,23.247000,0
30.360000,-0.122996,-0.351476,1.501592,-0.174549,-0.307674,0.044935,0.067649,22.007100,0
30.380000,-0.120624,-0.348820,1.505376,-0.174414,-0.304677,0.044935,0.069584,22.266800,0
30.400000,-0.120112,-0.345057,1.506359,-0.174279,-0.301680,0.044935,0.069395,22.157300,0
30.420000,-0.121627,-0.343473,1.503795,-0.174145,-0.298683,0.044935,0.069024,22.451400,0
30.440000,-0.122276,-0.338790,1.506856,-0.174010,-0.295686,0.044935,0.067338,21.957700,0
30.460000,-0.122051,-0.332797,1.495293,-0.173875,-0.292689,0.044935,0.065532,22.208400,0
30.480000,-0.123175,-0.332448,1.506843,-0.173740,-0.289692,0.044935,0.066219,22.915400,0
30.500000,-0.121484,-0.330195,1.512009,-0.173606,-0.286695,0.044935,0.067889,22.089500,0
30.520000,-0.121480,-0.325158,1.507971,-0.173471,-0.283698,0.044935,0.066498,22.091500,0
30.540000,-0.121208,-0.321523,1.498196,-0.173336,-0.280701,0.044935,0.066210,22.176000,0
30.560000,-0.121287,-0.317575,1.494323,-0.173201,-0.277704,0.044935,0.065458,20.816300,0
30.580000,-0.121247,-0.317046,1.508139,-0.173067,-0.274707,0.044935,0.066917,21.718000,0
30.600000,-0.121548,-0.315942,1.508578,-0.172932,-0.271710,0.044935,0.067800,22.882800,0
30.620000,-0.121342,-0.312452,1.504543,-0.172797,-0.268713,0.044935,0.067533,24.939400,0
30.640000,-0.120147,-0.307882,1.508569,-0.172662,-0.265716,0.044935,0.067348,21.645200,0
30.660000,-0.120277,-0.304500,1.496222,-0.172527,-0.262719,0.044935,0.066901,20.847900,0
30.680000,-0.118671,-0.300176,1.498511,-0.172393,-0.259722,0.044935,0.067250,21.000400,0
30.700000,-0.118868,-0.295675,1.502188,-0.172258,-0.256725,0.044935,0.066087,20.990800,0
30.720000,-0.120226,-0.296521,1.511335,-0.172123,-0.253728,0.044935,0.067265,21.564600,0
30.740000,-0.122110,-0.291367,1.506774,-0.171988,-0.250731,0.044935,0.064336,21.365300,0
30.760000,-0.120932,-0.284107,1.504263,-0.171854,-0.247734,0.044935,0.062579,21.432400,0
30.780000,-0.120459,-0.286196,1.506532,-0.171719,-0.244737,0.044935,0.065928,22.133200,0
30.800000,-0.119177,-0.283406,1.505549,-0.171584,-0.241740,0.044935,0.066952,20.415000,0
30.820000,-0.118833,-0.282460,1.503735,-0.171449,-0.238743,0.044935,0.068407,20.355900,0
30.840000,-0.119267,-0.278537,1.500863,-0.171315,-0.235746,0.044935,0.067380,19.891400,0
30.860000,-0.118130,-0.274391,1.502871,-0.171180,-0.232749,0.044935,0.067441,19.864200,0
30.880000,-0.117606,-0.269934,1.509427,-0.171045,-0.229752,0.044935,0.066860,19.860800,0
30.900000,-0.115868,-0.268694,1.500017,-0.170910,-0.226755,0.044935,0.069199,19.691800,0
30.920000,-0.116045,-0.264026,1.505932,-0.170776,-0.223758,0.044935,0.067948,19.532500,0
30.940000,-0.116030,-0.259450,1.503045,-0.170641,-0.220761,0.044935,0.066927,20.814600,0
30.960000,-0.117254,-0.259915,1.508286,-0.170506,-0.217765,0.044935,0.067915,20.590200,0
30.980000,-0.117449,-0.248233,1.500118,-0.170371,-0.214768,0.044935,0.062615,20.148500,0
31.000000,-0.116871,-0.252780,1.506040,-0.170237,-0.211771,0.044935,0.067303,22.080200,0
31.020000,-0.117826,-0.246411,1.499885,-0.170102,-0.208774,0.044935,0.064416,23.313900,0
31.040000,-0.117110,-0.247910,1.504384,-0.169967,-0.205777,0.044935,0.067595,23.934100,0
31.060000,-0.116491,-0.243444,1.495830,-0.169832,-0.202780,0.044935,0.067073,24.138000,0
31.080000,-0.116691,-0.244057,1.509649,-0.169698,-0.199783,0.044935,0.069065,25.517900,0
31.100000,-0.116991,-0.236828,1.503008,-0.169563,-0.196786,0.044935,0.066085,25.870600,0
31.120000,-0.116306,-0.230926,1.499454,-0.169428,-0.193789,0.044935,0.064816,26.372200,0
31.140000,-0.114780,-0.234337,1.512204,-0.169293,-0.190792,0.044935,0.069770,21.378300,0
31.160000,-0.114979,-0.227330,1.521495,-0.169158,-0.187795,0.044935,0.067070,20.588600,0
31.180000,-0.116920,-0.229071,1.526942,-0.169024,-0.184798,0.044935,0.068373,22.210600,0
31.200000,-0.116036,-0.224237,1.524125,-0.168889,-0.181801,0.044935,0.067781,22.005600,0
31.220000,-0.113891,-0.220675,1.520013,-0.168754,-0.178804,0.044935,0.069016,21.381500,0
31.240000,-0.115578,-0.218323,1.521180,-0.168619,-0.175807,0.044935,0.067978,19.820000,0
31.260000,-0.113362,-0.210041,1.519676,-0.168485,-0.172810,0.044935,0.066519,19.997400,0
31.280000,-0.113556,-0.207438,1.525855,-0.168350,-0.169813,0.044935,0.066468,20.118200,0
31.300000,-0.113949,-0.207824,1.520802,-0.168215,-0.166816,0.044935,0.068018,21.424000,0
31.320000,-0.113697,-0.205968,1.512856,-0.168080,-0.163819,0.044935,0.068805,20.931700,0
31.340000,-0.113757,-0.203323,1.521915,-0.167946,-0.160822,0.044935,0.068868,22.789800,0
31.360000,-0.112889,-0.200898,1.514821,-0.167811,-0.157825,0.044935,0.069798,23.338200,0
31.380000,-0.111652,-0.196562,1.524643,-0.167676,-0.154828,0.044935,0.069860,24.949600,0
31.400000,-0.111696,-0.193082,1.520730,-0.167541,-0.151831,0.044935,0.069428,24.395100,0
31.420000,-0.113184,-0.191103,1.521402,-0.167407,-0.148834,0.044935,0.068751,23.640800,0
31.440000,-0.111774,-0.187011,1.512686,-0.167272,-0.145837,0.044935,0.069104,23.946900,0
31.460000,-0.110837,-0.182893,1.506930,-0.167137,-0.142840,0.044935,0.069094,22.747300,0
31.480000,-0.110217,-0.179088,1.500503,-0.167002,-0.139843,0.044935,0.069027,22.179000,0
31.500000,-0.109580,-0.178535,1.501925,-0.166868,-0.136846,0.044935,0.070851,21.945200,0
31.520000,-0.111116,-0.179823,1.503723,-0.166733,-0.133849,0.044935,0.072159,21.706500,0
31.540000,-0.111078,-0.173247,1.506360,-0.166598,-0.130852,0.044935,0.069855,21.408900,0
31.560000,-0.111933,-0.173805,1.495400,-0.166463,-0.127855,0.044935,0.071309,22.090900,0
31.580000,-0.111348,-0.165345,1.506110,-0.166329,-0.124858,0.044935,0.068280,21.598300,0
31.600000,-0.110870,-0.161411,1.513595,-0.166194,-0.121861,0.044935,0.068007,21.420100,0
31.620000,-0.112627,-0.171364,1.573998,-0.166059,-0.118864,0.044935,0.074908,21.905500,0
31.640000,-0.111718,-0.159602,1.517649,-0.165924,-0.115867,0.044935,0.069649,21.801000,0
31.660000,-0.110944,-0.159225,1.519086,-0.165789,-0.112871,0.044935,0.071810,21.820300,0
31.680000,-0.109546,-0.162220,1.584620,-0.165655,-0.109874,0.044935,0.076736,21.733700,0
31.700000,-0.110802,-0.144430,1.510802,-0.165520,-0.106877,0.044935,0.066365,24.456100,0
31.720000,-0.109308,-0.142235,1.492334,-0.165385,-0.103880,0.044935,0.067939,26.239100,0
31.740000,-0.111026,-0.144592,1.508726,-0.165250,-0.100883,0.044935,0.069647,27.878800,0
31.760000,-0.109410,-0.141003,1.509611,-0.165116,-0.097886,0.044935,0.070444,26.699900,0
31.780000,-0.110065,-0.138715,1.505069,-0.164981,-0.094889,0.044935,0.070260,22.408600,0
31.800000,-0.109983,-0.135072,1.522114,-0.164846,-0.091892,0.044935,0.069818,21.535100,0
31.820000,-0.109646,-0.131761,1.502368,-0.164814,-0.091006,0.054966,0.068589,22.565600,0
31.840000,-0.110830,-0.137038,1.490042,-0.164804,-0.090833,0.074963,0.071049,22.134000,0
31.860000,-0.110786,-0.135575,1.462230,-0.164804,-0.090824,0.093088,0.070147,22.121600,0
31.880000,-0.110654,-0.128868,1.451099,-0.164803,-0.090828,0.111077,0.066175,21.855600,0
31.900000,-0.112621,-0.136192,1.436711,-0.164802,-0.090832,0.129084,0.069140,21.876300,0
31.920000,-0.112324,-0.127924,1.413249,-0.164801,-0.090838,0.147117,0.064259,22.205100,0
31.940000,-0.113604,-0.133425,1.394559,-0.164800,-0.090845,0.165160,0.066589,21.870100,0
31.960000,-0.115165,-0.134756,1.376818,-0.164799,-0.090851,0.183207,0.066266,22.102400,0
31.980000,-0.114084,-0.133760,1.356350,-0.164798,-0.090858,0.201254,0.066427,22.129900,0
32.000000,-0.113842,-0.130452,1.342790,-0.164797,-0.090864,0.219298,0.064526,23.370500,0
32.020000,-0.113723,-0.128944,1.337539,-0.164246,-0.088516,0.226016,0.064707,25.658600,0
32.040000,-0.113180,-0.127523,1.336723,-0.163571,-0.085589,0.226016,0.065557,25.184600,0
32.060000,-0.112582,-0.124672,1.337586,-0.162897,-0.082663,0.226013,0.065547,26.580500,0
32.080000,-0.110182,-0.118648,1.336919,-0.162223,-0.079737,0.226008,0.064979,23.124800,0
32.100000,-0.111309,-0.117742,1.338745,-0.161550,-0.076811,0.226004,0.064803,21.369800,0
32.120000,-0.110755,-0.115785,1.337724,-0.160877,-0.073886,0.226001,0.065328,20.443700,0
32.140000,-0.109909,-0.110221,1.330041,-0.160204,-0.070961,0.225998,0.063804,21.058400,0
32.160000,-0.106901,-0.107841,1.323732,-0.159532,-0.068036,0.225995,0.065988,21.177300,0
32.180000,-0.105030,-0.103043,1.329508,-0.158860,-0.065112,0.225993,0.065852,21.898600,0
32.200000,-0.105517,-0.101856,1.335055,-0.158187,-0.062187,0.225991,0.065938,21.703600,0
32.220000,-0.105920,-0.098055,1.344125,-0.157515,-0.059263,0.225990,0.064551,21.890700,0
32.240000,-0.105390,-0.098681,1.343789,-0.156843,-0.056339,0.225989,0.066635,21.355700,0
32.260000,-0.103838,-0.096714,1.340326,-0.156171,-0.053415,0.225988,0.067923,20.243000,0
32.280000,-0.103195,-0.091089,1.341454,-0.155498,-0.050491,0.225988,0.066211,22.110000,0
32.300000,-0.102504,-0.091306,1.336182,-0.154826,-0.047567,0.225988,0.068196,23.906500,0
32.320000,-0.103531,-0.085587,1.333399,-0.154154,-0.044643,0.225987,0.065108,25.394200,0
32.340000,-0.101903,-0.083094,1.337122,-0.153482,-0.041719,0.225987,0.066123,25.421700,0
32.360000,-0.101773,-0.084179,1.333450,-0.152810,-0.038795,0.225987,0.068297,24.668800,0
32.380000,-0.102195,-0.078189,1.337955,-0.152138,-0.035872,0.225987,0.065460,24.154600,0
32.400000,-0.101299,-0.080546,1.338695,-0.151465,-0.032948,0.225987,0.069153,24.147800,0
32.420000,-0.098687,-0.070527,1.325564,-0.151367,-0.032292,0.239012,0.065093,22.927400,0
32.440000,-0.100139,-0.074279,1.294943,-0.151329,-0.032139,0.258823,0.066304,24.395400,0
32.460000,-0.099662,-0.071739,1.273193,-0.151329,-0.032142,0.276825,0.065095,22.561900,0
32.480000,-0.100790,-0.069951,1.259278,-0.151329,-0.032146,0.294821,0.063114,23.214300,0
32.500000,-0.103001,-0.071967,1.250663,-0.151328,-0.032150,0.312827,0.062617,22.572500,0
32.520000,-0.103543,-0.074742,1.230524,-0.151328,-0.032154,0.330838,0.064009,21.115000,0
32.540000,-0.104478,-0.076277,1.211353,-0.151327,-0.032158,0.348853,0.064353,24.528100,0
32.560000,-0.102897,-0.070442,1.196668,-0.151326,-0.032162,0.366869,0.061731,22.277100,0
32.580000,-0.103724,-0.069234,1.167046,-0.151326,-0.032166,0.384885,0.060333,23.542000,0
32.600000,-0.105728,-0.071587,1.158557,-0.151325,-0.032170,0.402901,0.060273,22.378900,0
32.620000,-0.106098,-0.072091,1.139618,-0.151324,-0.032174,0.420915,0.060322,21.773600,0
32.640000,-0.106765,-0.071124,1.122029,-0.151323,-0.032177,0.438927,0.059181,21.209300,0
32.660000,-0.107933,-0.072408,1.107086,-0.151322,-0.032180,0.456938,0.059168,22.023600,0
32.680000,-0.105706,-0.067449,1.077234,-0.151321,-0.032184,0.474947,0.057658,22.002900,0
32.700000,-0.107378,-0.071307,1.083304,-0.150091,-0.029795,0.478516,0.059562,20.135500,0
32.720000,-0.106225,-0.066719,1.082685,-0.148707,-0.027129,0.478514,0.058070,20.112100,0
32.740000,-0.102236,-0.059742,1.088660,-0.147324,-0.024463,0.478510,0.057250,21.357300,0
32.760000,-0.102100,-0.060194,1.080681,-0.145941,-0.021798,0.478504,0.058278,21.088900,0
32.780000,-0.098673,-0.054308,1.079057,-0.144559,-0.019133,0.478499,0.057817,21.396200,0
32.800000,-0.098871,-0.055640,1.083104,-0.143177,-0.016468,0.478495,0.059139,20.776900,0
32.820000,-0.097680,-0.051800,1.079132,-0.141795,-0.013803,0.478491,0.058223,19.895300,0
32.840000,-0.096270,-0.051194,1.087640,-0.140413,-0.011139,0.478488,0.059607,21.118700,0
32.860000,-0.094263,-0.048110,1.080555,-0.139032,-0.008475,0.478486,0.059793,21.836900,0
32.880000,-0.091382,-0.042836,1.089042,-0.137650,-0.005812,0.478484,0.059258,22.070200,0
32.900000,-0.091741,-0.041863,1.086198,-0.136269,-0.003148,0.478483,0.059005,21.862900,0
32.920000,-0.090881,-0.039941,1.083087,-0.134888,-0.000484,0.478482,0.059106,23.854400,0
32.940000,-0.088244,-0.035831,1.077778,-0.133506,0.002179,0.478481,0.059105,22.197700,0
32.960000,-0.086993,-0.034790,1.086663,-0.132125,0.004842,0.478481,0.060063,21.957700,0
32.980000,-0.084014,-0.028901,1.080627,-0.130744,0.007506,0.478480,0.059239,21.286000,0
33.000000,-0.085329,-0.029112,1.087443,-0.129362,0.010169,0.478480,0.059008,20.346600,0
33.020000,-0.081910,-0.023929,1.081405,-0.127981,0.012832,0.478480,0.058939,22.048000,0
33.040000,-0.080924,-0.023142,1.077840,-0.126600,0.015496,0.478480,0.059827,22.412400,0
33.060000,-0.078707,-0.018611,1.048983,-0.125219,0.018159,0.478479,0.059291,23.087700,0
33.080000,-0.078710,-0.016782,1.077698,-0.123837,0.020822,0.478479,0.058741,23.223900,0
33.100000,-0.076620,-0.013608,1.082422,-0.122456,0.023485,0.478479,0.058965,22.765000,0
33.120000,-0.077025,-0.014856,1.093501,-0.121075,0.026148,0.478479,0.060181,23.589000,0
33.140000,-0.074166,-0.008113,1.089913,-0.119693,0.028811,0.478479,0.058618,23.365300,0
33.160000,-0.071226,-0.006767,1.088238,-0.118312,0.031475,0.478479,0.060660,23.866700,0
33.180000,-0.070235,-0.004560,1.090353,-0.116931,0.034138,0.478479,0.060647,25.129000,0
33.200000,-0.068629,0.001133,1.082982,-0.115550,0.036801,0.478479,0.058939,23.355300,0
33.220000,-0.067525,0.001330,1.078933,-0.114168,0.039464,0.478479,0.060248,20.608000,0
33.240000,-0.067081,0.003817,1.083537,-0.112787,0.042127,0.478479,0.059638,20.613200,0
33.260000,-0.066785,0.003037,1.082810,-0.111406,0.044790,0.478479,0.061109,21.032100,0
33.280000,-0.063724,0.009939,1.078710,-0.110024,0.047453,0.478479,0.059590,21.536900,0
33.300000,-0.061948,0.016238,1.054492,-0.108643,0.050116,0.478479,0.057690,24.404200,0
33.320000,-0.062022,0.015970,1.064016,-0.107262,0.052779,0.478479,0.058323,20.814100,0
33.340000,-0.060746,0.013760,1.073803,-0.105881,0.055442,0.478479,0.061438,20.286800,0
33.360000,-0.057906,0.020609,1.067651,-0.104499,0.058106,0.478479,0.059808,21.277900,0
33.380000,-0.056419,0.023639,1.064057,-0.103118,0.060769,0.478479,0.059661,21.460100,0
33.400000,-0.055880,0.025447,1.070241,-0.101737,0.063432,0.478479,0.059545,21.187200,0
33.420000,-0.052842,0.031159,1.065556,-0.100355,0.066095,0.478479,0.058974,21.443700,0
33.440000,-0.050869,0.031270,1.066642,-0.098974,0.068758,0.478479,0.060987,21.765600,0
33.460000,-0.052262,0.030543,1.071351,-0.097593,0.071421,0.478479,0.061040,22.647200,0
33.480000,-0.050383,0.033959,1.069616,-0.096212,0.074084,0.478479,0.060912,21.777400,0
33.500000,-0.046659,0.041507,1.065918,-0.094830,0.076747,0.478479,0.059685,21.880100,0
33.520000,-0.046295,0.041517,1.066287,-0.093449,0.079410,0.478479,0.060492,20.804000,0
33.540000,-0.045151,0.044030,1.074523,-0.092068,0.082073,0.478479,0.060403,24.373900,0
33.560000,-0.041585,0.051446,1.011668,-0.090686,0.084736,0.478479,0.059322,26.227400,0
33.580000,-0.042458,0.048337,1.071939,-0.089305,0.087400,0.478479,0.060996,34.178500,0
33.600000,-0.041173,0.049720,1.062611,-0.087924,0.090063,0.478479,0.061752,26.418600,0
33.620000,-0.039481,0.051488,1.068193,-0.086543,0.092726,0.478479,0.062573,23.595800,0
33.640000,-0.038463,0.056170,1.068805,-0.085161,0.095389,0.478479,0.060983,22.787300,0
33.660000,-0.036440,0.059196,1.063513,-0.083780,0.098052,0.478479,0.061244,21.589100,0
33.680000,-0.035591,0.063394,1.060594,-0.082399,0.100715,0.478479,0.059865,22.643600,0
33.700000,-0.034371,0.064976,1.069517,-0.081017,0.103378,0.478479,0.060419,23.012200,0
33.720000,-0.032999,0.067768,1.083007,-0.079636,0.106041,0.478479,0.060331,25.218300,0
33.740000,-0.031453,0.069163,1.094414,-0.079619,0.106463,0.461008,0.060920,26.217800,0
33.760000,-0.029814,0.070910,1.103865,-0.079616,0.106472,0.442873,0.061196,26.341100,0
33.780000,-0.032833,0.064367,1.132367,-0.079618,0.106469,0.424884,0.062940,27.102300,0
33.800000,-0.030328,0.066833,1.142279,-0.079620,0.106467,0.406893,0.063251,25.626600,0
33.820000,-0.028185,0.067034,1.165657,-0.079623,0.106465,0.388900,0.064813,28.542200,0
33.840000,-0.026095,0.069778,1.177450,-0.079626,0.106464,0.370906,0.064895,27.482200,0
33.860000,-0.030203,0.062329,1.197333,-0.079628,0.106463,0.352913,0.066261,28.327100,0
33.880000,-0.028248,0.069490,1.188000,-0.078615,0.108694,0.351931,0.063826,32.637200,0
33.900000,-0.028145,0.069329,1.199375,-0.077580,0.111513,0.351932,0.064987,30.349500,0
33.920000,-0.023675,0.076731,1.185202,-0.076545,0.114332,0.351938,0.064877,25.109100,0
33.940000,-0.024639,0.075283,1.192363,-0.075509,0.117150,0.351942,0.065884,21.830600,0
33.960000,-0.022354,0.080826,1.201009,-0.074474,0.119968,0.351945,0.065181,21.095100,0
33.980000,-0.021411,0.082485,1.192617,-0.073440,0.122785,0.351947,0.065811,21.550800,0
34.000000,-0.020518,0.086722,1.193340,-0.072405,0.125602,0.351949,0.064838,22.396800,0
34.020000,-0.020820,0.086079,1.197091,-0.071370,0.128419,0.351950,0.065939,22.196000,0
34.040000,-0.018313,0.090754,1.194938,-0.070336,0.131236,0.351951,0.065918,43.857200,0
34.060000,-0.017790,0.092143,1.204300,-0.069301,0.134052,0.351952,0.066405,35.449000,0
34.080000,-0.016250,0.098530,1.138179,-0.068267,0.136869,0.351953,0.064619,32.079800,0
34.100000,-0.013316,0.103403,1.192592,-0.067232,0.139685,0.351953,0.064987,26.174500,0
34.120000,-0.013736,0.101291,1.185769,-0.066198,0.142502,0.351953,0.066713,28.172100,0
34.140000,-0.012910,0.104717,1.197720,-0.065163,0.145318,0.351954,0.066173,46.967700,0
34.160000,-0.010910,0.109810,1.194883,-0.064129,0.148134,0.351954,0.065582,51.019100,0
34.180000,-0.012028,0.112021,1.197772,-0.063095,0.150950,0.351954,0.064213,35.140700,0
34.200000,-0.009353,0.114407,1.195749,-0.062060,0.153767,0.351954,0.065782,31.078700,0
34.220000,-0.008678,0.114952,1.196867,-0.061026,0.156583,0.351954,0.066884,26.918000,0
34.240000,-0.007303,0.119486,1.201374,-0.059992,0.159399,0.351954,0.066100,38.905700,0
34.260000,-0.008111,0.118478,1.217700,-0.059940,0.159896,0.335759,0.066345,40.383900,0
34.280000,-0.008207,0.119562,1.226551,-0.059959,0.159984,0.316677,0.065668,28.939800,0
34.300000,-0.006432,0.120479,1.249208,-0.059961,0.159981,0.298690,0.066526,33.402900,0
34.320000,-0.005050,0.120869,1.270005,-0.059963,0.159979,0.280700,0.067416,32.556000,0
34.340000,-0.005731,0.121665,1.286871,-0.059965,0.159977,0.262709,0.066401,22.604200,0
34.360000,-0.005372,0.119662,1.301690,-0.059967,0.159976,0.244718,0.067867,54.296100,0
34.380000,-0.005392,0.119102,1.324850,-0.059969,0.159974,0.226727,0.068185,27.037500,0
34.400000,-0.005184,0.118919,1.337302,-0.059971,0.159974,0.208736,0.068463,22.333700,0
34.420000,-0.004286,0.118779,1.357412,-0.059974,0.159973,0.190745,0.069268,41.243900,0
34.440000,-0.003076,0.118963,1.382870,-0.059976,0.159972,0.172755,0.070138,29.679200,0
34.460000,-0.003103,0.114989,1.390405,-0.059978,0.159972,0.154766,0.072513,38.432800,0
34.480000,-0.000541,0.118763,1.405436,-0.059600,0.162263,0.147071,0.073350,25.795300,0
34.500000,0.000377,0.122921,1.398366,-0.059161,0.165234,0.147074,0.073042,23.405500,0
34.520000,0.001566,0.128372,1.398377,-0.058723,0.168206,0.147083,0.072260,36.514900,0
34.540000,0.001373,0.129808,1.389887,-0.058283,0.171176,0.147090,0.072596,23.098800,0
34.560000,0.001142,0.128259,1.406609,-0.057844,0.174146,0.147095,0.074733,22.211500,0
34.580000,0.001338,0.132496,1.395076,-0.057404,0.177116,0.147099,0.073767,22.772500,0
34.600000,0.001479,0.142176,1.396049,-0.056965,0.180085,0.147102,0.069662,23.317600,0
34.620000,0.001083,0.138779,1.423464,-0.056906,0.180801,0.134775,0.071614,25.982200,0
34.640000,0.001725,0.138290,1.440038,-0.056932,0.180975,0.114772,0.072544,22.210100,0
34.660000,0.003029,0.140871,1.462012,-0.056933,0.180972,0.096779,0.072136,21.743000,0
34.680000,0.004376,0.138185,1.480151,-0.056934,0.180970,0.078792,0.074763,31.593500,0
34.700000,0.003213,0.139558,1.496168,-0.056936,0.180967,0.060804,0.073025,33.891000,0
34.720000,0.006448,0.142546,1.513438,-0.056936,0.180966,0.042815,0.074119,26.058000,0
34.740000,0.004182,0.133452,1.530209,-0.056937,0.180964,0.024827,0.077414,26.021800,0
34.760000,0.004302,0.137686,1.546323,-0.056938,0.180963,0.006839,0.074988,22.894400,0
34.780000,0.005543,0.137635,1.551216,-0.056913,0.183076,-0.003168,0.077238,23.478900,0
34.800000,0.005733,0.143249,1.554303,-0.056925,0.186079,-0.003166,0.075898,23.390300,0
34.820000,0.005974,0.145472,1.548945,-0.056936,0.189082,-0.003162,0.076547,23.250200,0
34.840000,0.006566,0.141935,1.559556,-0.056947,0.192085,-0.003156,0.080926,25.956000,0
34.860000,0.007251,0.150095,1.571717,-0.056958,0.195087,-0.003152,0.078403,35.605000,0
34.880000,0.006212,0.155770,1.566372,-0.056968,0.198088,-0.003148,0.076043,32.450900,0
34.900000,0.004509,0.157800,1.572532,-0.056978,0.201090,-0.003145,0.075198,24.094600,0
34.920000,0.007678,0.160164,1.561756,-0.056987,0.204091,-0.003142,0.078174,24.086500,0
34.940000,0.007635,0.162801,1.571900,-0.056997,0.207091,-0.003140,0.078351,54.457600,0
34.960000,0.006944,0.166953,1.557342,-0.057006,0.210092,-0.003139,0.077140,55.252000,0
34.980000,0.008407,0.168287,1.555407,-0.057015,0.213093,-0.003137,0.079294,54.548600,0
35.000000,0.009095,0.172461,1.561818,-0.057025,0.216093,-0.003136,0.079219,41.506500,0
35.020000,0.009727,0.175294,1.557378,-0.057034,0.219093,-0.003136,0.079846,27.003900,0
35.040000,0.008889,0.176711,1.558166,-0.057043,0.222094,-0.003135,0.080042,23.808700,0
35.060000,0.008293,0.179561,1.542035,-0.057052,0.225094,-0.003135,0.079644,40.368400,0
35.080000,0.007506,0.186975,1.557349,-0.057062,0.228094,-0.003134,0.076549,27.952200,0
35.100000,0.007236,0.188304,1.549456,-0.057071,0.231094,-0.003134,0.077242,41.543200,0
35.120000,0.006166,0.196425,1.559964,-0.057080,0.234094,-0.003134,0.073614,40.559500,0
35.140000,0.006124,0.198487,1.529642,-0.057090,0.237094,-0.003134,0.074071,31.637800,0
35.160000,0.007016,0.193899,1.557688,-0.057099,0.240094,-0.003134,0.079024,42.810900,0
35.180000,0.006530,0.201754,1.552930,-0.057108,0.243094,-0.003134,0.075887,46.694200,0
35.200000,0.009210,0.205298,1.568336,-0.057110,0.244048,-0.012225,0.076811,29.269100,0
35.220000,0.008404,0.200501,1.598644,-0.057113,0.244222,-0.032222,0.078765,28.922400,0
35.240000,0.008600,0.204377,1.606539,-0.057114,0.244231,-0.050359,0.076855,29.315400,0
35.260000,0.008865,0.204263,1.621571,-0.057115,0.244228,-0.068348,0.077140,29.610600,0
35.280000,0.010333,0.198124,1.637936,-0.057116,0.244225,-0.086337,0.081698,29.676800,0
35.300000,0.011439,0.202018,1.653130,-0.057117,0.244223,-0.104327,0.080506,25.414400,0
35.320000,0.012175,0.204354,1.660410,-0.057369,0.246462,-0.112775,0.081299,37.717200,0
35.340000,0.011123,0.205308,1.653722,-0.057709,0.249445,-0.112773,0.081768,25.465100,0
35.360000,0.010023,0.208865,1.658234,-0.058049,0.252428,-0.112770,0.080818,35.194400,0
35.380000,0.010481,0.211344,1.666040,-0.058388,0.255411,-0.112767,0.081760,34.833400,0
35.400000,0.008301,0.216742,1.663280,-0.058727,0.258394,-0.112765,0.078916,25.974200,0
35.420000,0.007679,0.215833,1.663622,-0.059065,0.261376,-0.112762,0.080802,24.936900,0
35.440000,0.008192,0.219198,1.661008,-0.059403,0.264358,-0.112761,0.081292,25.976000,0
35.460000,0.007391,0.223124,1.663487,-0.059741,0.267340,-0.112759,0.080385,23.398300,0
35.480000,0.007858,0.227297,1.668188,-0.060079,0.270322,-0.112758,0.080415,22.260800,0
35.500000,0.007807,0.224026,1.669386,-0.060417,0.273303,-0.112757,0.084158,22.106700,0
35.520000,0.007758,0.235818,1.676619,-0.060754,0.276284,-0.112756,0.079570,20.889000,0
35.540000,0.007732,0.235438,1.678100,-0.061092,0.279266,-0.112756,0.081594,22.585000,0
35.560000,0.007018,0.239080,1.683461,-0.061430,0.282247,-0.112755,0.080923,23.136400,0
35.580000,0.006477,0.244222,1.673138,-0.061767,0.285228,-0.112755,0.079616,23.251900,0
35.600000,0.007027,0.246084,1.681214,-0.062105,0.288209,-0.112755,0.080955,25.155500,0
35.620000,0.006720,0.248045,1.676452,-0.062442,0.291190,-0.112755,0.081516,26.370400,0
35.640000,0.006386,0.249358,1.667362,-0.062780,0.294171,-0.112754,0.082415,26.424400,0
35.660000,0.005100,0.252722,1.684950,-0.062847,0.294966,-0.124009,0.080009,22.879200,0
35.680000,0.005540,0.254363,1.702757,-0.062869,0.295138,-0.144007,0.079640,21.892700,0
35.700000,0.007000,0.250393,1.720049,-0.062869,0.295138,-0.162030,0.082969,22.255200,0
35.720000,0.006356,0.256222,1.733333,-0.062870,0.295134,-0.180018,0.079413,22.335500,0
35.740000,0.007810,0.251660,1.754610,-0.062870,0.295130,-0.198022,0.082977,22.382100,0
35.760000,0.008883,0.252048,1.759626,-0.062871,0.295126,-0.216038,0.083692,22.209700,0
35.780000,0.008610,0.254959,1.779101,-0.063413,0.297469,-0.222826,0.083633,22.338100,0
35.800000,0.007616,0.258495,1.768995,-0.064078,0.300397,-0.222825,0.083041,20.798900,0
35.820000,0.007635,0.260444,1.772503,-0.064743,0.303325,-0.222823,0.084127,21.176300,0
35.840000,0.007395,0.259969,1.774675,-0.065407,0.306253,-0.222820,0.086269,21.717100,0
35.860000,0.006786,0.265205,1.794435,-0.066071,0.309180,-0.222817,0.085100,24.085100,0
35.880000,0.006883,0.270468,1.786179,-0.066735,0.312107,-0.222815,0.084578,22.786200,0
35.900000,0.006390,0.272379,1.775902,-0.067399,0.315034,-0.222813,0.085231,24.355000,0
35.920000,0.006233,0.273396,1.774335,-0.068062,0.317960,-0.222812,0.086635,22.790800,0
35.940000,0.005449,0.277492,1.763887,-0.068725,0.320887,-0.222810,0.085935,20.991100,0
35.960000,0.003263,0.282678,1.773732,-0.069388,0.323813,-0.222809,0.083488,21.956000,0
35.980000,0.003931,0.281576,1.769552,-0.070051,0.326740,-0.222809,0.086678,22.145500,0
36.000000,0.004447,0.286270,1.759644,-0.070714,0.329666,-0.222808,0.086789,22.608000,0
36.020000,0.002985,0.289940,1.776752,-0.071377,0.332592,-0.222808,0.085726,21.978500,0
36.040000,0.000487,0.294198,1.771121,-0.072040,0.335518,-0.222808,0.083472,22.306200,0
36.060000,-0.001280,0.300444,1.775468,-0.072703,0.338444,-0.222807,0.080903,22.576400,0
36.080000,-0.001348,0.298929,1.774523,-0.073366,0.341370,-0.222807,0.083593,22.526600,0
36.100000,-0.001929,0.303148,1.774903,-0.074029,0.344296,-0.222807,0.083016,31.262500,0
36.120000,-0.001554,0.303054,1.766228,-0.074692,0.347222,-0.222807,0.085440,53.350500,0
36.140000,-0.002636,0.307364,1.781240,-0.075355,0.350148,-0.222807,0.084371,51.923900,0
36.160000,-0.002593,0.310286,1.772657,-0.076018,0.353074,-0.222807,0.084982,25.598300,0
36.180000,-0.002896,0.314613,1.773721,-0.076680,0.356000,-0.222807,0.084599,22.450200,0
36.200000,-0.003988,0.317038,1.779748,-0.077343,0.358926,-0.222807,0.084472,23.275300,0
36.220000,-0.001703,0.314727,1.786235,-0.077442,0.359589,-0.235729,0.088028,20.711600,0
36.240000,-0.002640,0.320436,1.809902,-0.077480,0.359743,-0.255555,0.084534,21.457200,0
36.260000,-0.000624,0.314589,1.825272,-0.077480,0.359741,-0.273562,0.089138,32.270500,0
36.280000,-0.000466,0.318404,1.849801,-0.077480,0.359737,-0.291561,0.087405,35.231000,0
36.300000,0.000061,0.319011,1.864919,-0.077481,0.359732,-0.309569,0.087584,22.441900,0
36.320000,0.001212,0.315456,1.874647,-0.077481,0.359728,-0.327582,0.090292,22.658400,0
36.340000,-0.001105,0.316984,1.900126,-0.077482,0.359724,-0.345598,0.087522,23.319200,0
36.360000,-0.000165,0.316269,1.917671,-0.077483,0.359720,-0.363616,0.088691,44.022700,0
36.380000,-0.000449,0.321100,1.913148,-0.078404,0.362136,-0.368309,0.088096,34.331500,0
36.400000,-0.002872,0.328565,1.925028,-0.079487,0.364938,-0.368311,0.084811,23.510300,0
36.420000,-0.003785,0.329274,1.930017,-0.080569,0.367739,-0.368309,0.085880,25.885800,0
36.440000,-0.003376,0.331058,1.932288,-0.081650,0.370540,-0.368305,0.087668,28.397300,0
36.460000,-0.004504,0.334755,1.930953,-0.082731,0.373340,-0.368301,0.087225,23.402800,0
36.480000,-0.005648,0.336688,1.938215,-0.083812,0.376140,-0.368299,0.087556,23.423500,0
36.500000,-0.007630,0.339946,1.932347,-0.084892,0.378940,-0.368296,0.086544,24.386200,0
36.520000,-0.006528,0.340586,1.925615,-0.085973,0.381740,-0.368294,0.089471,33.108100,0
36.540000,-0.006190,0.338854,1.918178,-0.087053,0.384539,-0.368293,0.092876,32.582500,0
36.560000,-0.007751,0.344115,1.922462,-0.088133,0.387339,-0.368291,0.091267,25.953700,0
36.580000,-0.010368,0.349704,1.914279,-0.089214,0.390138,-0.368290,0.088610,24.662500,0
36.600000,-0.010875,0.349143,1.916783,-0.090294,0.392937,-0.368290,0.090693,25.547400,0
36.620000,-0.013310,0.355300,1.925191,-0.091374,0.395737,-0.368289,0.087915,29.101000,0
36.640000,-0.015115,0.358402,1.916317,-0.092454,0.398536,-0.368289,0.087133,33.197300,0
36.660000,-0.015773,0.362330,1.924169,-0.093534,0.401335,-0.368289,0.086996,30.634000,0
36.680000,-0.015922,0.363110,1.917209,-0.094614,0.404134,-0.368288,0.088744,23.456700,0
36.700000,-0.016297,0.364677,1.921014,-0.095694,0.406933,-0.368288,0.089941,22.679800,0
36.720000,-0.017738,0.369330,1.919732,-0.096774,0.409732,-0.368288,0.088764,21.061500,0
36.740000,-0.020658,0.374448,1.914332,-0.097854,0.412531,-0.368288,0.086079,20.206300,0
36.760000,-0.019791,0.375344,1.920562,-0.098934,0.415329,-0.368288,0.088671,21.242900,0
36.780000,-0.021906,0.378196,1.921013,-0.100014,0.418128,-0.368288,0.087724,24.536700,0
36.800000,-0.023456,0.381645,1.946820,-0.100204,0.418620,-0.383358,0.085191,27.226000,0
36.820000,-0.021279,0.378024,1.958720,-0.100239,0.418704,-0.402419,0.088823,27.755700,0
36.840000,-0.021255,0.377665,1.977090,-0.100238,0.418701,-0.420412,0.089007,27.505500,0
36.860000,-0.017843,0.378005,1.989121,-0.100238,0.418697,-0.438410,0.091895,27.748300,0
36.880000,-0.017083,0.377122,2.009056,-0.100238,0.418693,-0.456413,0.092967,26.505500,0
36.900000,-0.020046,0.382382,2.038777,-0.100238,0.418689,-0.474419,0.088028,25.145000,0
36.920000,-0.016924,0.377740,2.049040,-0.100239,0.418685,-0.492427,0.092833,27.074400,0
36.940000,-0.015799,0.378181,2.064930,-0.100239,0.418682,-0.510436,0.093650,26.235100,0
36.960000,-0.015563,0.378907,2.074026,-0.100240,0.418678,-0.528444,0.093552,24.440500,0
36.980000,-0.020463,0.384101,2.091858,-0.101611,0.421025,-0.531664,0.089154,23.951300,0
37.000000,-0.019717,0.381891,2.090898,-0.103134,0.423613,-0.531663,0.093269,24.999600,0
37.020000,-0.021049,0.384712,2.081506,-0.104657,0.426201,-0.531659,0.093336,27.519100,0
37.040000,-0.021831,0.387447,2.084903,-0.106180,0.428789,-0.531655,0.093936,25.899700,0
37.060000,-0.024146,0.392544,2.083626,-0.107702,0.431377,-0.531651,0.092139,25.906700,0
37.080000,-0.026860,0.397828,2.088093,-0.109223,0.433964,-0.531648,0.089942,24.652300,0
37.100000,-0.026681,0.397164,2.087024,-0.110745,0.436551,-0.531646,0.092834,21.867000,0
37.120000,-0.027259,0.399733,2.079596,-0.112266,0.439138,-0.531644,0.093696,22.954900,0
37.140000,-0.030597,0.404813,2.077846,-0.113787,0.441725,-0.531642,0.091012,21.604200,0
37.160000,-0.031534,0.406049,2.076217,-0.115308,0.444311,-0.531641,0.092099,22.122100,0
37.180000,-0.029526,0.406594,2.079939,-0.116829,0.446898,-0.531640,0.096157,23.237400,0
37.200000,-0.031119,0.407858,2.072236,-0.118350,0.449484,-0.531639,0.096654,21.623800,0
37.220000,-0.034058,0.412665,2.082399,-0.119871,0.452070,-0.531639,0.094428,21.511200,0
37.240000,-0.033886,0.414225,2.083868,-0.121392,0.454656,-0.531638,0.096395,22.356500,0
37.260000,-0.032706,0.414663,2.102291,-0.121602,0.455014,-0.548277,0.097625,24.014300,0
37.280000,-0.038128,0.421222,2.118185,-0.121628,0.455053,-0.566841,0.090093,28.308000,0
37.300000,-0.034034,0.417535,2.138705,-0.121627,0.455050,-0.584828,0.095288,29.658200,0
37.320000,-0.036208,0.420195,2.162554,-0.121626,0.455047,-0.602821,0.092255,22.289500,0
37.340000,-0.034681,0.416452,2.184005,-0.121625,0.455043,-0.620818,0.095124,22.186300,0
37.360000,-0.037626,0.420380,2.194077,-0.121625,0.455040,-0.638818,0.090868,22.036300,0
37.380000,-0.033391,0.419568,2.217035,-0.121625,0.455037,-0.656819,0.095097,22.058500,0
37.400000,-0.032487,0.417482,2.224216,-0.121626,0.455034,-0.674820,0.096726,21.928900,0
37.420000,-0.032718,0.416627,2.249387,-0.121626,0.455031,-0.692822,0.096848,21.724500,0
37.440000,-0.032436,0.416821,2.261375,-0.121626,0.455028,-0.710823,0.097030,21.843500,0
37.460000,-0.031395,0.418076,2.282743,-0.121627,0.455026,-0.728823,0.097505,22.276500,0
37.480000,-0.031540,0.421507,2.301276,-0.121627,0.455023,-0.746822,0.096119,20.628900,0
37.500000,-0.029868,0.420015,2.315498,-0.121628,0.455020,-0.764820,0.098210,20.972200,0
37.520000,-0.029749,0.419187,2.341272,-0.121629,0.455018,-0.782817,0.098619,22.083600,0
37.540000,-0.030267,0.422050,2.358963,-0.121630,0.455016,-0.800813,0.097128,22.022300,0
37.560000,-0.030562,0.422570,2.376081,-0.121630,0.455013,-0.818809,0.096675,22.562200,0
37.580000,-0.029172,0.422460,2.390202,-0.121631,0.455011,-0.836803,0.098021,20.093500,0
37.600000,-0.029635,0.423434,2.411128,-0.121632,0.455009,-0.854796,0.097265,22.175000,0
37.620000,-0.027162,0.422880,2.422846,-0.121632,0.455007,-0.872789,0.099783,20.749500,0
37.640000,-0.026818,0.423894,2.447835,-0.121633,0.455005,-0.890781,0.099789,21.920300,0
37.660000,-0.027848,0.424422,2.446707,-0.121634,0.455003,-0.908772,0.098646,21.777500,0
37.680000,-0.029825,0.425489,2.455971,-0.123713,0.456821,-0.909301,0.098978,22.025700,0
37.700000,-0.033052,0.427271,2.454317,-0.126084,0.458666,-0.909293,0.098186,21.930800,0
37.720000,-0.034804,0.427011,2.452478,-0.128454,0.460512,-0.909283,0.099462,21.939600,0
37.740000,-0.036551,0.428677,2.457173,-0.130823,0.462357,-0.909275,0.100107,23.816400,0
37.760000,-0.039992,0.433920,2.466505,-0.133191,0.464201,-0.909269,0.097995,21.875400,0
37.780000,-0.042969,0.435975,2.477796,-0.135560,0.466046,-0.909265,0.097352,22.191800,0
37.800000,-0.043243,0.437722,2.475033,-0.137928,0.467890,-0.909262,0.099375,22.165200,0
37.820000,-0.047850,0.442594,2.473296,-0.140296,0.469734,-0.909260,0.096348,23.306600,0
37.840000,-0.050909,0.442933,2.469970,-0.142663,0.471578,-0.909258,0.096122,23.338700,0
37.860000,-0.053039,0.444868,2.473503,-0.145031,0.473422,-0.909257,0.096321,24.448300,0
37.880000,-0.053537,0.445310,2.477142,-0.147398,0.475265,-0.909256,0.098525,23.486700,0
37.900000,-0.053376,0.446205,2.467402,-0.149766,0.477109,-0.909255,0.101223,23.028300,0
37.920000,-0.062380,0.451232,2.474275,-0.152133,0.478952,-0.909255,0.093936,22.741000,0
37.940000,-0.061981,0.450180,2.477093,-0.154500,0.480795,-0.909254,0.097453,22.460000,0
37.960000,-0.063997,0.454644,2.477528,-0.156867,0.482639,-0.909254,0.096998,21.667300,0
37.980000,-0.063543,0.453697,2.486410,-0.159235,0.484482,-0.909253,0.100522,20.796600,0
38.000000,-0.066446,0.457381,2.474368,-0.161602,0.486325,-0.909253,0.099461,20.690500,0
38.020000,-0.070151,0.459119,2.469584,-0.163969,0.488168,-0.909253,0.098212,22.331900,0
38.040000,-0.073114,0.462803,2.472309,-0.166336,0.490011,-0.909253,0.097111,21.344600,0
38.060000,-0.075889,0.464649,2.471951,-0.168703,0.491855,-0.909253,0.096719,22.149000,0
38.080000,-0.076907,0.464394,2.465114,-0.171071,0.493698,-0.909253,0.098618,21.870700,0
38.100000,-0.081146,0.468130,2.470659,-0.173438,0.495541,-0.909252,0.096277,21.676700,0
38.120000,-0.082551,0.469522,2.469641,-0.175805,0.497384,-0.909252,0.097328,24.347000,0
38.140000,-0.087926,0.474494,2.489441,-0.178172,0.499227,-0.909252,0.093574,20.323800,0
38.160000,-0.085863,0.473206,2.471969,-0.180539,0.501070,-0.909252,0.098691,23.570300,0
38.180000,-0.092543,0.480041,2.484046,-0.182906,0.502913,-0.909252,0.093212,22.211400,0
38.200000,-0.089950,0.476457,2.474333,-0.185273,0.504756,-0.909252,0.099435,21.802800,0
38.220000,-0.092971,0.479629,2.471891,-0.187641,0.506599,-0.909252,0.098436,22.566900,0
38.240000,-0.096939,0.482471,2.473141,-0.190008,0.508442,-0.909252,0.096625,22.550200,0
38.260000,-0.097290,0.482949,2.469363,-0.192375,0.510285,-0.909252,0.098936,22.569200,0
38.280000,-0.095165,0.480178,2.467924,-0.194742,0.512128,-0.909252,0.104577,23.121200,0
38.300000,-0.104150,0.487028,2.477446,-0.197109,0.513971,-0.909252,0.096784,22.709200,0
38.320000,-0.104945,0.487940,2.462413,-0.199476,0.515814,-0.909252,0.098555,23.103700,0
38.340000,-0.105468,0.489090,2.480828,-0.199772,0.515977,-0.926467,0.098062,22.340300,0
38.360000,-0.107292,0.489722,2.503769,-0.199769,0.515974,-0.944452,0.096131,22.046500,0
38.380000,-0.101391,0.485254,2.507793,-0.199767,0.515971,-0.962441,0.103060,22.270800,0
38.400000,-0.105159,0.489218,2.541098,-0.199765,0.515968,-0.980433,0.098316,22.439400,0
38.420000,-0.105062,0.491101,2.556422,-0.199763,0.515965,-0.998427,0.097911,21.916300,0
38.440000,-0.103827,0.489811,2.567685,-0.199763,0.515962,-1.016423,0.099437,22.682800,0
38.460000,-0.104731,0.490993,2.591025,-0.199762,0.515959,-1.034418,0.098255,21.396100,0
38.480000,-0.104162,0.491237,2.602200,-0.199762,0.515956,-1.052414,0.098744,21.078000,0
38.500000,-0.104201,0.492788,2.597069,-0.201899,0.517440,-1.052511,0.100760,23.648100,0
38.520000,-0.104516,0.493193,2.603232,-0.204508,0.518928,-1.052504,0.103251,23.874100,0
38.540000,-0.108744,0.495962,2.591628,-0.207117,0.520416,-1.052498,0.101367,24.443400,0
38.560000,-0.109673,0.494394,2.592998,-0.209724,0.521904,-1.052493,0.103764,23.078600,0
38.580000,-0.117221,0.498618,2.597656,-0.212332,0.523391,-1.052490,0.098284,22.557400,0
38.600000,-0.115573,0.499671,2.596152,-0.214939,0.524879,-1.052487,0.102514,22.652600,0
38.620000,-0.123629,0.503765,2.598177,-0.217546,0.526366,-1.052485,0.096598,24.248700,0
38.640000,-0.122282,0.502805,2.601646,-0.220153,0.527853,-1.052484,0.101025,25.561600,0
38.660000,-0.124781,0.504188,2.632473,-0.220533,0.527887,-1.069616,0.098641,24.802600,0
38.680000,-0.121377,0.501366,2.642447,-0.220531,0.527885,-1.087605,0.102639,27.094800,0
38.700000,-0.126069,0.504197,2.664616,-0.220528,0.527882,-1.105593,0.097383,22.270900,0
38.720000,-0.125661,0.505663,2.679268,-0.220526,0.527880,-1.123583,0.097432,21.971600,0
38.740000,-0.120374,0.504591,2.697692,-0.220524,0.527878,-1.141575,0.102822,21.439200,0
38.760000,-0.123894,0.505810,2.714529,-0.220523,0.527875,-1.159568,0.099116,25.020200,0
38.780000,-0.120620,0.505854,2.721485,-0.220522,0.527873,-1.177561,0.102299,28.750100,0
38.800000,-0.122384,0.507731,2.754610,-0.220522,0.527871,-1.195553,0.100183,26.279700,0
38.820000,-0.122843,0.508460,2.763843,-0.220521,0.527868,-1.213545,0.099587,22.681300,0
38.840000,-0.119178,0.508226,2.784621,-0.220521,0.527866,-1.231537,0.103229,25.082300,0
38.860000,-0.117784,0.508665,2.799366,-0.220521,0.527864,-1.249527,0.104516,23.808300,0
38.880000,-0.115621,0.509459,2.813756,-0.220521,0.527862,-1.267517,0.106502,24.165400,0
38.900000,-0.120354,0.510742,2.838135,-0.220521,0.527860,-1.285506,0.101619,25.823300,0
38.920000,-0.121160,0.510357,2.866594,-0.220521,0.527858,-1.303495,0.100890,24.597200,0
38.940000,-0.116906,0.509275,2.866540,-0.220521,0.527856,-1.321482,0.105268,26.444500,0
38.960000,-0.119082,0.511532,2.893855,-0.220521,0.527854,-1.339469,0.102744,29.391700,0
38.980000,-0.112785,0.510635,2.902629,-0.220521,0.527852,-1.357456,0.109103,29.916700,0
39.000000,-0.121204,0.511392,2.912653,-0.222859,0.528384,-1.364329,0.103065,28.959200,0
39.020000,-0.124064,0.513773,2.911844,-0.225799,0.528998,-1.364326,0.102868,26.635800,0
39.040000,-0.127058,0.513705,2.903274,-0.228739,0.529613,-1.364314,0.102918,25.328200,0
39.060000,-0.130151,0.514566,2.908490,-0.231679,0.530228,-1.364305,0.102729,23.221500,0
39.080000,-0.129365,0.514613,2.901752,-0.234617,0.530843,-1.364299,0.106496,22.714000,0
39.100000,-0.133164,0.516007,2.907606,-0.237555,0.531459,-1.364294,0.105529,23.826500,0
39.120000,-0.141189,0.517349,2.920058,-0.240493,0.532074,-1.364292,0.100389,26.970100,0
39.140000,-0.146237,0.519288,2.926393,-0.243431,0.532690,-1.364290,0.098114,29.801700,0
39.160000,-0.148273,0.520904,2.935783,-0.246368,0.533305,-1.364289,0.098876,31.544200,0
39.180000,-0.153211,0.520680,2.924989,-0.249305,0.533920,-1.364288,0.097001,29.581600,0
39.200000,-0.154307,0.521421,2.923692,-0.252242,0.534536,-1.364287,0.098809,25.857000,0
39.220000,-0.158799,0.522000,2.929391,-0.255179,0.535151,-1.364286,0.097273,25.034200,0
39.240000,-0.156931,0.521601,2.924148,-0.258115,0.535767,-1.364285,0.102171,22.949600,0
39.260000,-0.162560,0.522870,2.927702,-0.261052,0.536382,-1.364285,0.099414,22.072000,0
39.280000,-0.164060,0.523107,2.924410,-0.263988,0.536997,-1.364284,0.100888,22.822700,0
39.300000,-0.169524,0.525492,2.927289,-0.266925,0.537613,-1.364284,0.098152,21.373100,0
39.320000,-0.171571,0.525596,2.932437,-0.269861,0.538228,-1.364283,0.099098,20.536800,0
39.340000,-0.175696,0.525063,2.926435,-0.272797,0.538843,-1.364283,0.098074,21.739600,0
39.360000,-0.175545,0.525867,2.916858,-0.275734,0.539458,-1.364283,0.101107,22.208400,0
39.380000,-0.173665,0.525688,2.912189,-0.278670,0.540074,-1.364283,0.105985,21.544000,0
39.400000,-0.180516,0.525358,2.915417,-0.281606,0.540689,-1.364283,0.102246,24.849500,0
39.420000,-0.184914,0.524441,2.915533,-0.284543,0.541304,-1.364283,0.101046,26.787200,0
39.440000,-0.183424,0.525993,2.909126,-0.287479,0.541919,-1.364283,0.105267,25.598100,0
39.460000,-0.187483,0.527101,2.911467,-0.290415,0.542534,-1.364283,0.104082,25.284200,0
39.480000,-0.190307,0.528023,2.914475,-0.293351,0.543150,-1.364283,0.104149,26.562600,0
39.500000,-0.190182,0.527593,2.908706,-0.296288,0.543765,-1.364283,0.107332,26.842400,0
39.520000,-0.194527,0.529593,2.908309,-0.299224,0.544380,-1.364283,0.105736,30.390100,0
39.540000,-0.201549,0.533115,2.908434,-0.302160,0.544995,-1.364282,0.101310,30.525900,0
39.560000,-0.202407,0.533496,2.910935,-0.305097,0.545610,-1.364282,0.103402,28.408900,0
39.580000,-0.207054,0.534281,2.915209,-0.308033,0.546225,-1.364282,0.101683,26.906800,0
39.600000,-0.215670,0.535662,2.925911,-0.310969,0.546840,-1.364282,0.095952,25.313300,0
39.620000,-0.217645,0.536842,2.931172,-0.313905,0.547456,-1.364282,0.096844,25.700300,0
39.640000,-0.214683,0.535665,2.924778,-0.316842,0.548071,-1.364282,0.102909,25.997200,0
39.660000,-0.219269,0.537367,2.922639,-0.319778,0.548686,-1.364282,0.101144,27.099000,0
39.680000,-0.223445,0.537838,2.927352,-0.322714,0.549301,-1.364282,0.099928,30.229200,0
39.700000,-0.223159,0.537324,2.936635,-0.325650,0.549916,-1.364282,0.103262,25.476600,0
39.720000,-0.228755,0.538351,2.924277,-0.328587,0.550531,-1.364282,0.100572,26.225300,0
39.740000,-0.235489,0.539296,2.934310,-0.331523,0.551147,-1.364282,0.096762,26.625600,0
39.760000,-0.232304,0.541097,2.917391,-0.334459,0.551762,-1.364282,0.102710,26.410100,0
39.780000,-0.233567,0.540272,2.911556,-0.337395,0.552377,-1.364282,0.104531,26.306300,0
39.800000,-0.236353,0.540254,2.915275,-0.340332,0.552992,-1.364282,0.104756,25.652400,0
39.820000,-0.236068,0.540307,2.904550,-0.343268,0.553607,-1.364282,0.108022,24.951300,0
39.840000,-0.248452,0.543106,2.910912,-0.346204,0.554222,-1.364282,0.098382,23.701500,0
39.860000,-0.245403,0.542726,2.909990,-0.349140,0.554837,-1.364282,0.104441,22.452400,0
39.880000,-0.246448,0.542730,2.933206,-0.349773,0.554919,-1.377692,0.104041,23.053800,0
39.900000,-0.246177,0.542886,2.946217,-0.349941,0.554882,-1.397663,0.104456,24.884500,0
39.920000,-0.245757,0.543945,2.966762,-0.349937,0.554881,-1.415651,0.104753,22.883700,0
39.940000,-0.247476,0.544481,2.985745,-0.349935,0.554879,-1.433640,0.102985,23.635700,0
39.960000,-0.246504,0.543633,3.006241,-0.349932,0.554877,-1.451631,0.104038,23.798000,0
39.980000,-0.247035,0.545650,3.021784,-0.349931,0.554875,-1.469621,0.103308,24.152400,0
40.000000,-0.248293,0.546665,3.024189,-0.352175,0.555167,-1.478018,0.104230,24.583100,0
40.020000,-0.248238,0.546964,3.021918,-0.355165,0.555443,-1.478016,0.107263,23.387300,0
40.040000,-0.251712,0.547084,3.028252,-0.358155,0.555720,-1.478010,0.106793,22.616900,0
40.060000,-0.256318,0.547173,3.030469,-0.361144,0.555996,-1.478007,0.105196,21.949400,0
40.080000,-0.256708,0.546502,3.022731,-0.364133,0.556274,-1.478004,0.107868,22.513300,0
40.100000,-0.263058,0.549569,3.024180,-0.367122,0.556551,-1.478002,0.104298,23.228500,0
40.120000,-0.265466,0.550731,3.021117,-0.370110,0.556829,-1.478000,0.104822,22.606600,0
40.140000,-0.269296,0.551644,3.023005,-0.373098,0.557106,-1.477999,0.103945,22.967300,0
40.160000,-0.271842,0.552258,3.032142,-0.376086,0.557384,-1.477997,0.104370,20.759400,0
40.180000,-0.270417,0.551279,3.021518,-0.379074,0.557662,-1.477996,0.108844,21.572000,0
40.200000,-0.276021,0.550293,3.029364,-0.382061,0.557940,-1.477996,0.106316,21.169600,0
40.220000,-0.279087,0.550547,3.043553,-0.382845,0.557885,-1.489429,0.104017,22.920800,0
40.240000,-0.276406,0.550066,3.063576,-0.383019,0.557869,-1.509429,0.106898,23.112400,0
40.260000,-0.276597,0.549706,3.068748,-0.383017,0.557868,-1.527441,0.106732,23.630600,0
40.280000,-0.276210,0.550641,3.095802,-0.383014,0.557867,-1.545429,0.107048,23.920500,0
40.300000,-0.279397,0.551926,3.119519,-0.383012,0.557866,-1.563417,0.103785,23.744800,0
40.320000,-0.277305,0.550908,3.129172,-0.383010,0.557864,-1.581407,0.105934,19.836800,0
40.340000,-0.282223,0.552249,-3.131698,-0.383008,0.557863,-1.599396,0.100941,19.815000,0
40.360000,-0.276466,0.552832,-3.114346,-0.383007,0.557862,-1.617384,0.106660,20.120900,0
40.380000,-0.282117,0.554050,-3.087894,-0.383006,0.557860,-1.635373,0.100961,21.385200,0
40.400000,-0.277453,0.555078,-3.082361,-0.383005,0.557859,-1.653360,0.105589,21.072800,0
40.420000,-0.281399,0.555796,-3.059338,-0.383004,0.557857,-1.671347,0.101625,20.909100,0
40.440000,-0.274185,0.556136,-3.045526,-0.383004,0.557856,-1.689334,0.108832,21.098600,0
40.460000,-0.278586,0.556989,-3.021333,-0.382998,0.557855,-1.707377,0.104415,21.367300,0
40.480000,-0.281740,0.556733,-3.000096,-0.382992,0.557853,-1.725426,0.101259,21.217700,0
40.500000,-0.276491,0.559403,-2.990282,-0.382986,0.557852,-1.743473,0.106506,21.828100,0
40.520000,-0.276889,0.558821,-2.977133,-0.382980,0.557851,-1.761516,0.106095,22.694500,0
40.540000,-0.278935,0.557914,-2.954695,-0.382975,0.557850,-1.779554,0.104040,24.311100,0
40.560000,-0.275349,0.560353,-2.933612,-0.382970,0.557849,-1.797588,0.107650,27.147200,0
40.580000,-0.277173,0.559712,-2.913569,-0.382965,0.557847,-1.815618,0.105809,32.139300,0
40.600000,-0.283146,0.558461,-2.891852,-0.382961,0.557846,-1.833644,0.099817,27.293900,0
40.620000,-0.276364,0.560535,-2.881836,-0.382957,0.557845,-1.851667,0.106627,24.373000,0
40.640000,-0.279124,0.560451,-2.863284,-0.382953,0.557844,-1.869687,0.103862,22.476300,0
40.660000,-0.282349,0.560697,-2.835497,-0.382950,0.557843,-1.887704,0.100641,23.127500,0
40.680000,-0.277103,0.561724,-2.824506,-0.382946,0.557841,-1.905718,0.105914,23.303100,0
40.700000,-0.278619,0.561820,-2.807898,-0.382943,0.557840,-1.923731,0.104400,23.478800,0
40.720000,-0.280570,0.562548,-2.795373,-0.382940,0.557839,-1.941741,0.102478,22.718500,0
40.740000,-0.281476,0.563739,-2.776485,-0.382937,0.557838,-1.959750,0.101633,26.987700,0
40.760000,-0.280648,0.565106,-2.753784,-0.382934,0.557837,-1.977757,0.102543,27.922500,0
40.780000,-0.279683,0.568001,-2.737793,-0.382932,0.557836,-1.995763,0.103749,26.435700,0
40.800000,-0.283671,0.566682,-2.717590,-0.382929,0.557835,-2.013767,0.099651,26.268800,0
40.820000,-0.283847,0.566933,-2.691249,-0.382926,0.557833,-2.031771,0.099496,23.286500,0
40.840000,-0.280978,0.567835,-2.682475,-0.382924,0.557832,-2.049773,0.102435,23.048200,0
40.860000,-0.285480,0.566107,-2.657244,-0.382921,0.557831,-2.067774,0.097792,22.543900,0
40.880000,-0.282541,0.567506,-2.669510,-0.385294,0.556543,-2.071205,0.103336,20.642200,0
40.900000,-0.285492,0.566682,-2.657709,-0.387929,0.555102,-2.071202,0.103089,20.569000,0
40.920000,-0.287609,0.565111,-2.662295,-0.390564,0.553660,-2.071195,0.103590,21.183200,0
40.940000,-0.293898,0.561712,-2.660966,-0.393199,0.552220,-2.071186,0.099754,22.087400,0
40.960000,-0.292283,0.561063,-2.661024,-0.395833,0.550779,-2.071180,0.104059,22.715200,0
40.980000,-0.292532,0.560994,-2.672416,-0.398467,0.549339,-2.071174,0.106574,26.685100,0
41.000000,-0.297017,0.560564,-2.670001,-0.401100,0.547900,-2.071170,0.104851,27.883700,0
41.020000,-0.304555,0.555223,-2.664673,-0.403734,0.546460,-2.071166,0.099566,24.340400,0
41.040000,-0.307194,0.554190,-2.659394,-0.406367,0.545021,-2.071164,0.099596,22.520300,0
41.060000,-0.310452,0.554036,-2.643256,-0.406747,0.544813,-2.087558,0.096736,21.660600,0
41.080000,-0.311072,0.555382,-2.616601,-0.406799,0.544782,-2.106274,0.096312,20.393400,0
41.100000,-0.308420,0.557747,-2.601940,-0.406796,0.544783,-2.124261,0.099227,24.344300,0
41.120000,-0.309886,0.558017,-2.593472,-0.406793,0.544784,-2.142252,0.097806,23.969400,0
41.140000,-0.306066,0.558600,-2.574036,-0.406790,0.544784,-2.160248,0.101667,22.509700,0
41.160000,-0.308461,0.557182,-2.548877,-0.406787,0.544785,-2.178247,0.099104,23.801800,0
41.180000,-0.305099,0.560742,-2.536569,-0.406784,0.544784,-2.196248,0.102929,25.298400,0
41.200000,-0.309283,0.559845,-2.513554,-0.406781,0.544784,-2.214249,0.098655,22.656700,0
41.220000,-0.309316,0.560592,-2.499882,-0.406778,0.544784,-2.232250,0.098736,23.044400,0
41.240000,-0.312447,0.559334,-2.472461,-0.406775,0.544783,-2.250251,0.095444,23.913700,0
41.260000,-0.307624,0.559665,-2.467532,-0.406772,0.544783,-2.268251,0.100259,23.679200,0
41.280000,-0.310100,0.558177,-2.442056,-0.406770,0.544782,-2.286250,0.097593,23.375000,0
41.300000,-0.306041,0.561191,-2.429758,-0.406767,0.544782,-2.304248,0.102054,28.827700,0
41.320000,-0.309881,0.560060,-2.411315,-0.406765,0.544781,-2.322246,0.098081,27.657000,0
41.340000,-0.313872,0.558846,-2.387156,-0.406763,0.544780,-2.340242,0.093950,24.375500,0
41.360000,-0.308028,0.564048,-2.376638,-0.406760,0.544780,-2.358237,0.100595,25.438400,0
41.380000,-0.310510,0.561200,-2.354063,-0.406758,0.544779,-2.376232,0.097639,22.028000,0
41.400000,-0.312387,0.561088,-2.338058,-0.406756,0.544778,-2.394226,0.095768,25.445000,0
41.420000,-0.313086,0.566087,-2.323738,-0.406754,0.544777,-2.412219,0.096061,29.126300,0
41.440000,-0.314870,0.564047,-2.306253,-0.406752,0.544777,-2.430211,0.093881,31.145700,0
41.460000,-0.312689,0.564283,-2.294828,-0.406750,0.544776,-2.448203,0.096062,30.893200,0
41.480000,-0.314447,0.560359,-2.282070,-0.408590,0.542693,-2.449613,0.095787,33.451200,0
41.500000,-0.319629,0.556901,-2.273252,-0.410507,0.540379,-2.449606,0.092368,34.715500,0
41.520000,-0.321881,0.554864,-2.268035,-0.412423,0.538067,-2.449596,0.092086,29.378700,0
41.540000,-0.321410,0.554471,-2.270752,-0.414339,0.535755,-2.449588,0.094795,28.494500,0
41.560000,-0.324559,0.550484,-2.269584,-0.416255,0.533443,-2.449582,0.093266,30.697900,0
41.580000,-0.329282,0.549062,-2.263203,-0.418171,0.531132,-2.449578,0.090680,31.207800,0
41.600000,-0.333029,0.544059,-2.254232,-0.420087,0.528822,-2.449574,0.088381,28.845800,0
41.620000,-0.329995,0.545562,-2.274564,-0.422002,0.526511,-2.449572,0.093959,24.484500,0
41.640000,-0.333059,0.541309,-2.269380,-0.423917,0.524201,-2.449570,0.092455,24.965700,0
41.660000,-0.333310,0.541992,-2.274330,-0.425832,0.521891,-2.449569,0.094681,26.180500,0
41.680000,-0.339355,0.536471,-2.271161,-0.427747,0.519580,-2.449568,0.089992,28.333000,0
41.700000,-0.339196,0.535068,-2.267123,-0.429662,0.517270,-2.449568,0.092200,24.928500,0
41.720000,-0.340460,0.532677,-2.276684,-0.431576,0.514960,-2.449567,0.092823,24.444100,0
41.740000,-0.342379,0.530197,-2.268091,-0.433491,0.512650,-2.449566,0.092786,24.131100,0
41.760000,-0.347784,0.526001,-2.264325,-0.435406,0.510340,-2.449566,0.089011,23.248800,0
41.780000,-0.346630,0.529125,-2.285274,-0.437320,0.508030,-2.449566,0.093112,23.567000,0
41.800000,-0.345883,0.530472,-2.292393,-0.439235,0.505720,-2.449565,0.096578,25.205700,0
41.820000,-0.348378,0.527802,-2.287370,-0.441149,0.503410,-2.449565,0.095925,22.752200,0
41.840000,-0.353017,0.521264,-2.283602,-0.443063,0.501101,-2.449565,0.092276,21.657800,0
41.860000,-0.353989,0.518869,-2.289250,-0.444978,0.498791,-2.449565,0.093178,22.000400,0
41.880000,-0.357764,0.515045,-2.284834,-0.446892,0.496481,-2.449565,0.091041,22.037500,0
41.900000,-0.358090,0.515019,-2.277806,-0.448807,0.494171,-2.449565,0.093082,21.431200,0
41.920000,-0.359418,0.511789,-2.281304,-0.450721,0.491861,-2.449565,0.093453,20.831600,0
41.940000,-0.364791,0.507600,-2.276344,-0.452635,0.489551,-2.449565,0.089679,20.023700,0
41.960000,-0.368883,0.501652,-2.267270,-0.454550,0.487241,-2.449565,0.086870,21.403600,0
41.980000,-0.366015,0.503621,-2.272264,-0.456464,0.484931,-2.449565,0.092360,21.780200,0
42.000000,-0.368040,0.501094,-2.276035,-0.458378,0.482622,-2.449565,0.092207,22.818400,0
42.020000,-0.370992,0.499630,-2.271126,-0.460292,0.480312,-2.449565,0.091365,21.987800,0
42.040000,-0.375113,0.495291,-2.268122,-0.462207,0.478002,-2.449564,0.088793,21.791400,0
42.060000,-0.374933,0.496806,-2.277121,-0.464121,0.475692,-2.449564,0.091653,22.100000,0
42.080000,-0.378164,0.490642,-2.268087,-0.466035,0.473382,-2.449564,0.089550,22.510300,0
42.100000,-0.379116,0.486567,-2.260309,-0.467950,0.471072,-2.449564,0.090175,22.103200,0
42.120000,-0.383626,0.483347,-2.257099,-0.469864,0.468762,-2.449564,0.087463,22.205500,0
42.140000,-0.385081,0.484492,-2.259819,-0.471778,0.466452,-2.449564,0.088554,22.134500,0
42.160000,-0.386206,0.482082,-2.268687,-0.473693,0.464143,-2.449564,0.089307,21.958800,0
42.180000,-0.387053,0.478748,-2.268999,-0.475607,0.461833,-2.449564,0.090155,20.154100,0
42.200000,-0.390757,0.475666,-2.259568,-0.477521,0.459523,-2.449564,0.088253,20.366500,0
42.220000,-0.392190,0.477478,-2.268248,-0.479436,0.457213,-2.449564,0.089569,20.842800,0
42.240000,-0.396010,0.472175,-2.266080,-0.481350,0.454903,-2.449564,0.087070,20.730500,0
42.260000,-0.395793,0.471727,-2.273825,-0.483264,0.452593,-2.449564,0.089539,21.324000,0
42.280000,-0.408271,0.454506,-2.230549,-0.485178,0.450283,-2.449564,0.077023,21.749500,0
42.300000,-0.399405,0.466336,-2.276493,-0.487093,0.447974,-2.449564,0.089589,21.331300,0
42.320000,-0.392406,0.475639,-2.307983,-0.489007,0.445664,-2.449564,0.101145,21.781000,0
42.340000,-0.404065,0.463502,-2.275205,-0.490921,0.443354,-2.449564,0.089162,22.166200,0
42.360000,-0.404247,0.460404,-2.272912,-0.492836,0.441044,-2.449564,0.090680,20.292400,0
42.380000,-0.408420,0.454715,-2.265812,-0.494750,0.438734,-2.449564,0.087797,19.996100,0
42.400000,-0.406159,0.455298,-2.268749,-0.496664,0.436424,-2.449564,0.092452,22.389700,0
42.420000,-0.410954,0.452971,-2.267146,-0.498579,0.434114,-2.449564,0.089631,20.586500,0
42.440000,-0.415496,0.447175,-2.260325,-0.500493,0.431805,-2.449564,0.086376,20.416500,0
42.460000,-0.414579,0.447747,-2.269435,-0.502407,0.429495,-2.449564,0.089705,20.355200,0
42.480000,-0.415662,0.448634,-2.272780,-0.504321,0.427185,-2.449564,0.091216,20.346000,0
42.500000,-0.420330,0.442030,-2.270010,-0.506236,0.424875,-2.449564,0.087603,21.631500,0
42.520000,-0.424802,0.436855,-2.258304,-0.508150,0.422565,-2.449564,0.084564,21.993900,0
42.540000,-0.419252,0.442741,-2.276402,-0.510064,0.420255,-2.449564,0.093555,21.792200,0
42.560000,-0.424288,0.435599,-2.264843,-0.511979,0.417945,-2.449564,0.089450,22.256400,0
42.580000,-0.425976,0.435428,-2.265483,-0.513893,0.415636,-2.449564,0.090118,22.233200,0
42.600000,-0.428284,0.432235,-2.261842,-0.515807,0.413326,-2.449564,0.089542,22.297700,0
42.620000,-0.431668,0.429058,-2.268070,-0.517722,0.411016,-2.449564,0.087925,21.645700,0
42.640000,-0.432406,0.427129,-2.270499,-0.519636,0.408706,-2.449564,0.089154,22.103400,0
42.660000,-0.434178,0.422100,-2.258503,-0.521550,0.406396,-2.449564,0.088772,22.816500,0
42.680000,-0.434253,0.425410,-2.270944,-0.523464,0.404086,-2.449564,0.091724,23.096900,0
42.700000,-0.437476,0.420919,-2.260765,-0.525379,0.401776,-2.449564,0.089964,24.364800,0
42.720000,-0.448835,0.407329,-2.232587,-0.527293,0.399467,-2.449564,0.078851,22.383300,0
42.740000,-0.441963,0.419421,-2.259942,-0.527519,0.399191,-2.467016,0.087915,22.694900,0
42.760000,-0.439233,0.421218,-2.250007,-0.527532,0.399174,-2.485294,0.091009,22.464200,0
42.780000,-0.439411,0.420490,-2.220690,-0.527529,0.399176,-2.503285,0.090660,22.055100,0
42.800000,-0.438152,0.422776,-2.213875,-0.527526,0.399178,-2.521278,0.092437,22.642900,0
42.820000,-0.439004,0.422797,-2.183678,-0.527523,0.399179,-2.539274,0.091616,23.063700,0
42.840000,-0.443224,0.421679,-2.178759,-0.527520,0.399180,-2.557270,0.087247,21.935500,0
42.860000,-0.442913,0.422216,-2.170925,-0.529171,0.397075,-2.557388,0.089847,21.080200,0
42.880000,-0.439821,0.423317,-2.180870,-0.530827,0.394570,-2.557382,0.095438,21.514700,0
42.900000,-0.446410,0.411597,-2.172801,-0.532484,0.392065,-2.557378,0.088262,22.802200,0
42.920000,-0.447710,0.414347,-2.182513,-0.534140,0.389561,-2.557374,0.089914,20.326800,0
42.940000,-0.448939,0.410002,-2.179022,-0.535795,0.387057,-2.557372,0.089835,19.710500,0
42.960000,-0.451422,0.408575,-2.173960,-0.537451,0.384554,-2.557370,0.089319,20.762700,0
42.980000,-0.455343,0.406908,-2.174590,-0.539106,0.382050,-2.557369,0.087373,23.596800,0
43.000000,-0.456893,0.402230,-2.162687,-0.540762,0.379547,-2.557368,0.086882,21.588100,0
43.020000,-0.457463,0.399731,-2.163565,-0.542417,0.377045,-2.557367,0.087931,21.996700,0
43.040000,-0.458891,0.396976,-2.159824,-0.544072,0.374542,-2.557366,0.088086,21.917700,0
43.060000,-0.461384,0.393550,-2.154501,-0.545727,0.372039,-2.557366,0.087043,21.521000,0
43.080000,-0.461626,0.391503,-2.160410,-0.547382,0.369536,-2.557365,0.088525,21.631100,0
43.100000,-0.465346,0.389637,-2.168219,-0.549037,0.367034,-2.557365,0.086690,21.680700,0
43.120000,-0.475187,0.375157,-2.140123,-0.550692,0.364531,-2.557365,0.076249,21.873200,0
43.140000,-0.469907,0.384126,-2.158235,-0.552347,0.362029,-2.557365,0.085351,21.465500,0
43.160000,-0.475022,0.377971,-2.143781,-0.554001,0.359526,-2.557365,0.081104,21.742300,0
43.180000,-0.473970,0.377533,-2.153893,-0.555656,0.357024,-2.557365,0.084222,21.909500,0
43.200000,-0.473402,0.376157,-2.158733,-0.557311,0.354521,-2.557364,0.086653,22.084300,0
43.220000,-0.474524,0.375932,-2.159213,-0.558966,0.352019,-2.557364,0.087763,22.038400,0
43.240000,-0.478339,0.371269,-2.157047,-0.560620,0.349516,-2.557364,0.085108,20.959600,0
43.260000,-0.478937,0.369101,-2.157780,-0.562275,0.347014,-2.557364,0.086216,19.947400,0
43.280000,-0.478212,0.370906,-2.169255,-0.563930,0.344511,-2.557364,0.089690,20.447100,0
43.300000,-0.481624,0.364852,-2.172507,-0.565584,0.342009,-2.557364,0.087012,20.252300,0
43.320000,-0.486594,0.358970,-2.152114,-0.567239,0.339507,-2.557364,0.082961,20.577500,0
43.340000,-0.487666,0.355918,-2.152762,-0.568894,0.337004,-2.557364,0.083401,21.303700,0
43.360000,-0.484631,0.361627,-2.173876,-0.570548,0.334502,-2.557364,0.090097,24.106000,0
43.380000,-0.492278,0.351232,-2.156102,-0.572203,0.331999,-2.557364,0.082206,20.117600,0
43.400000,-0.493266,0.348001,-2.159659,-0.573858,0.329497,-2.557364,0.082689,21.810800,0
43.420000,-0.491179,0.351641,-2.170803,-0.575512,0.326994,-2.557364,0.087861,21.120300,0
43.440000,-0.497509,0.342958,-2.154973,-0.577167,0.324492,-2.557364,0.081771,21.499700,0
43.460000,-0.495782,0.346252,-2.164571,-0.578822,0.321990,-2.557364,0.086512,21.712100,0
43.480000,-0.499504,0.341660,-2.155138,-0.580476,0.319487,-2.557364,0.083953,21.654500,0
43.500000,-0.500708,0.339122,-2.157528,-0.582131,0.316985,-2.557364,0.084379,21.833800,0
43.520000,-0.502575,0.335059,-2.158714,-0.583786,0.314482,-2.557364,0.083777,22.010100,0
43.540000,-0.506651,0.329978,-2.149258,-0.585440,0.311980,-2.557364,0.080818,22.998600,0
43.560000,-0.507131,0.329869,-2.157790,-0.587095,0.309478,-2.557364,0.082523,40.869200,0
43.580000,-0.505732,0.331154,-2.172343,-0.588750,0.306975,-2.557364,0.086467,25.929500,0
43.600000,-0.505595,0.331711,-2.155692,-0.588802,0.306641,-2.574216,0.086901,24.064700,0
43.620000,-0.504892,0.333297,-2.135595,-0.588799,0.306644,-2.592201,0.088038,23.774600,0
43.640000,-0.503757,0.336091,-2.126225,-0.588796,0.306647,-2.610190,0.089993,23.306900,0
43.660000,-0.507291,0.330357,-2.100671,-0.588793,0.306649,-2.628183,0.084880,23.514400,0
43.680000,-0.502317,0.335723,-2.094702,-0.588790,0.306650,-2.646177,0.091229,24.078500,0
43.700000,-0.506333,0.331583,-2.062419,-0.588787,0.306651,-2.664172,0.086141,23.574000,0
43.720000,-0.511241,0.324079,-2.043874,-0.590163,0.304495,-2.664261,0.081316,24.300100,0
43.740000,-0.509271,0.327382,-2.059876,-0.591543,0.301828,-2.664256,0.086150,21.332900,0
43.760000,-0.513213,0.324646,-2.054355,-0.592923,0.299161,-2.664252,0.083685,19.750800,0
43.780000,-0.513089,0.323909,-2.056881,-0.594302,0.296494,-2.664248,0.085715,21.504800,0
43.800000,-0.515364,0.319357,-2.054386,-0.595681,0.293828,-2.664246,0.084276,20.774100,0
43.820000,-0.519072,0.310450,-2.047338,-0.597060,0.291162,-2.664244,0.080338,22.161100,0
43.840000,-0.517886,0.315914,-2.060038,-0.598439,0.288497,-2.664243,0.085091,23.201800,0
43.860000,-0.525752,0.299149,-2.025158,-0.599818,0.285832,-2.664241,0.075254,20.892600,0
43.880000,-0.523055,0.305432,-2.049189,-0.601197,0.283166,-2.664241,0.081252,20.398000,0
43.900000,-0.523016,0.303302,-2.050224,-0.602576,0.280501,-2.664240,0.082762,21.007300,0
43.920000,-0.525854,0.297663,-2.039983,-0.603954,0.277836,-2.664240,0.080578,21.486700,0
43.940000,-0.523024,0.301510,-2.065560,-0.605333,0.275172,-2.664239,0.086420,20.949800,0
43.960000,-0.525814,0.299809,-2.074579,-0.606711,0.272507,-2.664239,0.085380,21.659400,0
43.980000,-0.526970,0.299615,-2.045012,-0.606729,0.272083,-2.681710,0.084377,21.170200,0
44.000000,-0.528093,0.295657,-2.020853,-0.606734,0.272071,-2.699893,0.082102,21.351100,0
44.020000,-0.528885,0.297728,-2.012239,-0.606731,0.272074,-2.717881,0.081964,22.851100,0
44.040000,-0.529849,0.297953,-1.982947,-0.606729,0.272076,-2.735871,0.081118,23.649100,0
44.060000,-0.529921,0.301783,-1.972117,-0.606727,0.272077,-2.753862,0.082350,23.582400,0
44.080000,-0.529921,0.299424,-1.954012,-0.606724,0.272079,-2.771855,0.081526,23.892200,0
44.100000,-0.531517,0.299937,-1.934470,-0.606722,0.272080,-2.789847,0.080199,22.980700,0
44.120000,-0.530655,0.300460,-1.921672,-0.606720,0.272080,-2.807840,0.081187,25.409000,0
44.140000,-0.529792,0.304094,-1.907638,-0.606718,0.272081,-2.825832,0.083321,26.091900,0
44.160000,-0.531847,0.300361,-1.883838,-0.606715,0.272081,-2.843823,0.080031,24.074300,0
44.180000,-0.529971,0.307657,-1.872622,-0.606713,0.272081,-2.861813,0.084587,23.660100,0
44.200000,-0.531761,0.304076,-1.851972,-0.606711,0.272082,-2.879803,0.081493,23.351000,0
44.220000,-0.533222,0.301725,-1.832221,-0.606709,0.272082,-2.897791,0.079241,23.223800,0
44.240000,-0.534275,0.303120,-1.809131,-0.606707,0.272082,-2.915780,0.078802,19.961900,0
44.260000,-0.534695,0.302066,-1.790273,-0.606705,0.272082,-2.933767,0.078003,20.808900,0
44.280000,-0.536072,0.303671,-1.778350,-0.606703,0.272082,-2.951753,0.077373,21.141000,0
44.300000,-0.534608,0.305689,-1.763635,-0.606701,0.272082,-2.969740,0.079541,21.123800,0
44.320000,-0.535736,0.301841,-1.756638,-0.607123,0.269775,-2.977185,0.078258,21.135600,0
44.340000,-0.534985,0.308108,-1.770508,-0.607614,0.266811,-2.977182,0.083549,21.438900,0
44.360000,-0.534086,0.308358,-1.771922,-0.608104,0.263848,-2.977170,0.086370,21.939700,0
44.380000,-0.538591,0.294456,-1.761143,-0.608595,0.260885,-2.977162,0.077637,21.567800,0
44.400000,-0.538118,0.293395,-1.760323,-0.609086,0.257923,-2.977155,0.079339,21.425100,0
44.420000,-0.540554,0.288751,-1.758066,-0.609577,0.254962,-2.977151,0.076850,19.875100,0
44.440000,-0.542036,0.283817,-1.753400,-0.610068,0.252001,-2.977148,0.075104,19.943900,0
44.460000,-0.540595,0.284582,-1.756241,-0.610560,0.249040,-2.977146,0.078475,21.055200,0
44.480000,-0.539713,0.279099,-1.756761,-0.611051,0.246079,-2.977145,0.078610,20.747800,0
44.500000,-0.545068,0.256387,-1.712916,-0.611543,0.243119,-2.977144,0.067786,21.255100,0
44.520000,-0.542059,0.271742,-1.732980,-0.612034,0.240159,-2.977143,0.076772,21.927000,0
44.540000,-0.544150,0.262856,-1.740727,-0.612525,0.237199,-2.977143,0.073030,21.300900,0
44.560000,-0.544843,0.254630,-1.737150,-0.613017,0.234239,-2.977142,0.071158,21.963800,0
44.580000,-0.544928,0.256493,-1.739941,-0.613508,0.231279,-2.977141,0.073068,22.271800,0
44.600000,-0.545283,0.253695,-1.737757,-0.613999,0.228320,-2.977140,0.073252,21.527400,0
44.620000,-0.546329,0.252861,-1.748462,-0.614491,0.225360,-2.977140,0.073500,22.430100,0
44.640000,-0.544057,0.258812,-1.742031,-0.614567,0.224668,-2.989778,0.078342,21.790200,0
44.660000,-0.544410,0.263055,-1.735552,-0.614538,0.224496,-3.009778,0.080030,21.890400,0
44.680000,-0.545522,0.253258,-1.702449,-0.614537,0.224498,-3.027780,0.074767,21.808000,0
44.700000,-0.545545,0.256143,-1.687975,-0.614536,0.224501,-3.045769,0.075901,21.812200,0
44.720000,-0.547505,0.260165,-1.665769,-0.614534,0.224504,-3.063758,0.075924,22.547400,0
44.740000,-0.548421,0.259726,-1.648846,-0.614533,0.224505,-3.081748,0.074908,22.885700,0
44.760000,-0.547805,0.253931,-1.648476,-0.614749,0.222308,-3.090756,0.074037,22.165600,0
44.780000,-0.549624,0.245654,-1.633674,-0.614900,0.219309,-3.090754,0.070392,22.208000,0
44.800000,-0.551067,0.234720,-1.617103,-0.615051,0.216310,-3.090750,0.066580,22.007200,0
44.820000,-0.548958,0.242890,-1.633312,-0.615202,0.213312,-3.090747,0.072548,21.849000,0
44.840000,-0.550267,0.216904,-1.595992,-0.615353,0.210314,-3.090744,0.065419,23.803700,0
44.860000,-0.550527,0.226786,-1.640243,-0.615505,0.207316,-3.090741,0.067832,21.939500,0
44.880000,-0.549786,0.225025,-1.628628,-0.615657,0.204319,-3.090739,0.069049,22.361800,0
44.900000,-0.549192,0.228528,-1.629959,-0.615809,0.201322,-3.090738,0.071958,21.771100,0
44.920000,-0.549059,0.226936,-1.627151,-0.615962,0.198325,-3.090736,0.072764,21.976100,0
44.940000,-0.546842,0.273628,-1.705451,-0.616114,0.195328,-3.090735,0.104544,21.835900,0
44.960000,-0.550050,0.223944,-1.642636,-0.616267,0.192332,-3.090735,0.073376,21.531500,0
44.980000,-0.549243,0.223438,-1.647416,-0.616419,0.189335,-3.090734,0.075336,22.314700,0
45.000000,-0.551639,0.224063,-1.651520,-0.616572,0.186339,-3.090734,0.075096,21.916100,0
45.020000,-0.550688,0.219918,-1.646555,-0.616724,0.183343,-3.090733,0.075489,22.056400,0
45.040000,-0.551143,0.213837,-1.645846,-0.616877,0.180346,-3.090733,0.073774,22.231800,0
45.060000,-0.550857,0.213432,-1.646676,-0.617029,0.177350,-3.090733,0.075370,21.851700,0
45.080000,-0.550912,0.211608,-1.648566,-0.617182,0.174354,-3.090733,0.076024,22.072000,0
45.100000,-0.551578,0.210696,-1.649129,-0.617334,0.171358,-3.090733,0.076624,21.726000,0
45.120000,-0.552988,0.201205,-1.649606,-0.617487,0.168361,-3.090733,0.072380,22.107500,0
45.140000,-0.553952,0.201186,-1.636001,-0.617452,0.167496,-3.101051,0.071884,22.204200,0
45.160000,-0.553142,0.206851,-1.623604,-0.617443,0.167323,-3.121049,0.075479,22.266800,0
45.180000,-0.552627,0.204456,-1.595575,-0.617442,0.167321,-3.139098,0.074700,23.959000,0
45.200000,-0.552579,0.195925,-1.573799,-0.617441,0.167324,3.126099,0.070888,21.819600,0
45.220000,-0.554566,0.203920,-1.564565,-0.617440,0.167326,3.108110,0.072748,22.693500,0
45.240000,-0.555547,0.197880,-1.532009,-0.617439,0.167329,3.090121,0.069021,21.908900,0
45.260000,-0.554539,0.196364,-1.534239,-0.617316,0.165156,3.080828,0.070106,22.162100,0
45.280000,-0.555274,0.199831,-1.540569,-0.617131,0.162159,3.080830,0.072426,22.016400,0
45.300000,-0.554532,0.185647,-1.521427,-0.616947,0.159162,3.080836,0.067802,23.330400,0
45.320000,-0.554872,0.174300,-1.507096,-0.616763,0.156165,3.080839,0.064493,21.955400,0
45.340000,-0.554307,0.178004,-1.512046,-0.616580,0.153169,3.080842,0.067043,21.794400,0
45.360000,-0.554631,0.174582,-1.500509,-0.616397,0.150173,3.080844,0.066414,22.375800,0
45.380000,-0.555258,0.178004,-1.526594,-0.616214,0.147178,3.080846,0.068307,23.230300,0
45.400000,-0.554617,0.187599,-1.545717,-0.616032,0.144182,3.080848,0.075212,22.673300,0
45.420000,-0.555228,0.171513,-1.533830,-0.615849,0.141187,3.080849,0.067783,22.162600,0
45.440000,-0.554273,0.169419,-1.535085,-0.615667,0.138192,3.080850,0.068879,21.959700,0
45.460000,-0.554532,0.168914,-1.539379,-0.615485,0.135197,3.080851,0.069657,22.310000,0
45.480000,-0.555024,0.168428,-1.536534,-0.615303,0.132202,3.080851,0.070327,22.384400,0
45.500000,-0.555015,0.164423,-1.537646,-0.615121,0.129208,3.080852,0.069663,21.885300,0
45.520000,-0.554665,0.162598,-1.535116,-0.614938,0.126213,3.080852,0.070404,21.720200,0
45.540000,-0.554483,0.162097,-1.532035,-0.614756,0.123218,3.080852,0.071725,21.889200,0
45.560000,-0.553909,0.154736,-1.527959,-0.614574,0.120224,3.080853,0.069795,22.306800,0
45.580000,-0.554586,0.149653,-1.528852,-0.614392,0.117229,3.080853,0.068030,22.172300,0
45.600000,-0.554236,0.151959,-1.535288,-0.614210,0.114234,3.080853,0.070852,22.469700,0
45.620000,-0.553789,0.144011,-1.532886,-0.614028,0.111240,3.080853,0.068576,22.201100,0
45.640000,-0.554930,0.138405,-1.526652,-0.613846,0.108245,3.080853,0.066187,21.966800,0
45.660000,-0.553353,0.138860,-1.543713,-0.613664,0.105251,3.080853,0.069044,22.556300,0
45.680000,-0.554290,0.135572,-1.521752,-0.613482,0.102256,3.080853,0.067924,22.600200,0
45.700000,-0.552785,0.129956,-1.538431,-0.613522,0.101412,3.091463,0.067110,22.593800,0
45.720000,-0.552012,0.132908,-1.556073,-0.613533,0.101239,3.111461,0.069194,22.946300,0
45.740000,-0.551442,0.126213,-1.561326,-0.613534,0.101240,3.129475,0.066925,22.956100,0
45.760000,-0.552567,0.129529,-1.586997,-0.613535,0.101243,-3.135722,0.067211,23.571000,0
45.780000,-0.551460,0.130627,-1.608427,-0.613536,0.101246,-3.117733,0.068678,23.726900,0
45.800000,-0.551353,0.130050,-1.624261,-0.613537,0.101248,-3.099743,0.068531,23.159400,0
45.820000,-0.549818,0.129770,-1.636361,-0.613637,0.099085,-3.090332,0.070813,22.095700,0
45.840000,-0.549768,0.129038,-1.630102,-0.613793,0.096086,-3.090334,0.072007,20.421500,0
45.860000,-0.549285,0.138797,-1.652003,-0.613949,0.093088,-3.090338,0.079188,22.048600,0
45.880000,-0.550832,0.123956,-1.641179,-0.614105,0.090089,-3.090341,0.071766,21.508900,0
45.900000,-0.552614,0.093170,-1.582489,-0.614259,0.087092,-3.090344,0.061943,21.102900,0
45.920000,-0.551429,0.113095,-1.632599,-0.614414,0.084094,-3.090346,0.069341,21.228800,0
45.940000,-0.552097,0.103594,-1.620338,-0.614568,0.081097,-3.090348,0.066399,21.481300,0
45.960000,-0.552113,0.101383,-1.626288,-0.614722,0.078100,-3.090350,0.066798,22.075700,0
45.980000,-0.552100,0.095677,-1.622624,-0.614876,0.075103,-3.090351,0.066061,21.930000,0
46.000000,-0.551590,0.099618,-1.634230,-0.615030,0.072107,-3.090352,0.069148,22.212600,0
46.020000,-0.551979,0.086784,-1.612591,-0.615184,0.069110,-3.090353,0.065630,21.801200,0
46.040000,-0.552484,0.088331,-1.625375,-0.615337,0.066114,-3.090354,0.066664,22.243000,0
46.060000,-0.551730,0.091296,-1.626464,-0.615491,0.063117,-3.090354,0.069710,22.592000,0
46.080000,-0.552026,0.081735,-1.616668,-0.615645,0.060121,-3.090354,0.067191,22.465500,0
46.100000,-0.551822,0.082047,-1.620674,-0.615798,0.057125,-3.090355,0.068658,22.153800,0
46.120000,-0.554605,0.074548,-1.609465,-0.615952,0.054129,-3.090355,0.064656,22.150400,0
46.140000,-0.554467,0.076358,-1.632600,-0.616106,0.051132,-3.090355,0.066601,22.081000,0
46.160000,-0.554654,0.071182,-1.626013,-0.616259,0.048136,-3.090355,0.065774,21.794000,0
46.180000,-0.555661,0.065937,-1.618876,-0.616413,0.045140,-3.090355,0.064213,22.208500,0
46.200000,-0.554367,0.070228,-1.622513,-0.616566,0.042144,-3.090355,0.068245,20.246400,0
46.220000,-0.553879,0.065549,-1.622366,-0.616720,0.039148,-3.090355,0.068161,19.905900,0
46.240000,-0.552726,0.061171,-1.616164,-0.616874,0.036152,-3.090355,0.068854,21.106800,0
46.260000,-0.555995,0.059063,-1.623696,-0.617027,0.033156,-3.090355,0.066303,21.759400,0
46.280000,-0.556083,0.050402,-1.619958,-0.617181,0.030160,-3.090355,0.064364,21.811700,0
46.300000,-0.556127,0.057134,-1.630985,-0.617335,0.027164,-3.090355,0.068151,22.425900,0
46.320000,-0.555902,0.044428,-1.614072,-0.617488,0.024167,-3.090355,0.064833,23.566100,0
46.340000,-0.555003,0.046330,-1.627443,-0.617642,0.021171,-3.090355,0.067503,24.768900,0
46.360000,-0.554606,0.048323,-1.631011,-0.617795,0.018175,-3.090355,0.070013,23.281300,0
46.380000,-0.556933,0.038454,-1.619630,-0.617949,0.015179,-3.090355,0.065305,23.166200,0
46.400000,-0.556851,0.032833,-1.616035,-0.618103,0.012183,-3.090355,0.064639,22.142100,0
46.420000,-0.557616,0.038835,-1.636126,-0.618256,0.009187,-3.090355,0.067500,22.142200,0
46.440000,-0.557746,0.011071,-1.594659,-0.618410,0.006191,-3.090355,0.060860,22.646800,0
46.460000,-0.558107,0.031217,-1.629697,-0.618564,0.003195,-3.090355,0.066636,21.819600,0
46.480000,-0.557459,0.021852,-1.622247,-0.618717,0.000199,-3.090355,0.064972,21.935600,0
46.500000,-0.558620,0.017307,-1.614908,-0.618871,-0.002797,-3.090355,0.063516,22.139000,0
46.520000,-0.557839,0.019851,-1.627177,-0.619025,-0.005793,-3.090355,0.066342,22.123000,0
46.540000,-0.557496,0.020393,-1.634525,-0.619178,-0.008789,-3.090355,0.068237,22.280900,0
46.560000,-0.558464,0.037319,-1.671190,-0.619332,-0.011785,-3.090355,0.078205,21.960000,0
46.580000,-0.559151,0.020874,-1.643864,-0.619486,-0.014781,-3.090355,0.070082,22.588900,0
46.600000,-0.558132,0.016785,-1.643589,-0.619639,-0.017778,-3.090355,0.070553,23.160000,0
46.620000,-0.557797,0.013341,-1.641953,-0.619793,-0.020774,-3.090355,0.070762,22.821700,0
46.640000,-0.559496,0.007454,-1.640344,-0.619946,-0.023770,-3.090355,0.068038,30.838900,0
46.660000,-0.560779,-0.001077,-1.630194,-0.620100,-0.026766,-3.090355,0.064645,25.147700,0
46.680000,-0.561059,-0.002932,-1.623485,-0.620254,-0.029762,-3.090355,0.064991,24.632300,0
46.700000,-0.561350,-0.008002,-1.623496,-0.620407,-0.032758,-3.090355,0.064035,32.411400,0
46.720000,-0.560607,-0.005364,-1.634667,-0.620561,-0.035754,-3.090355,0.067217,24.951600,0
46.740000,-0.560610,-0.017463,-1.619548,-0.620715,-0.038750,-3.090355,0.063763,23.698100,0
46.760000,-0.561730,-0.009096,-1.636230,-0.620868,-0.041746,-3.090355,0.067552,31.390700,0
46.780000,-0.560005,-0.006275,-1.643477,-0.621022,-0.044742,-3.090355,0.072130,41.553200,0
46.800000,-0.560929,-0.013714,-1.646189,-0.621176,-0.047738,-3.090355,0.069191,25.807800,0
46.820000,-0.560935,-0.021143,-1.637400,-0.621329,-0.050734,-3.090355,0.067254,23.567400,0
46.840000,-0.561393,-0.045205,-1.603809,-0.621483,-0.053730,-3.090355,0.060692,24.091800,0
46.860000,-0.561369,-0.034866,-1.617020,-0.621637,-0.056726,-3.090355,0.064110,24.961900,0
46.880000,-0.561337,-0.038322,-1.622637,-0.621790,-0.059722,-3.090355,0.064128,24.697000,0
46.900000,-0.562679,-0.039610,-1.631157,-0.621944,-0.062718,-3.090355,0.063611,24.230300,0
46.920000,-0.563430,-0.042563,-1.623274,-0.622098,-0.065715,-3.090355,0.063071,23.843900,0
46.940000,-0.562477,-0.035943,-1.629891,-0.622251,-0.068711,-3.090355,0.068166,24.180200,0
46.960000,-0.562483,-0.044592,-1.631101,-0.622405,-0.071707,-3.090355,0.065771,23.797600,0
46.980000,-0.561729,-0.052273,-1.621083,-0.622558,-0.074703,-3.090355,0.064833,24.178900,0
47.000000,-0.562923,-0.040125,-1.637077,-0.622712,-0.077699,-3.090355,0.070616,25.048500,0
47.020000,-0.563663,-0.050599,-1.623027,-0.622866,-0.080695,-3.090355,0.066414,25.700100,0
47.040000,-0.563973,-0.059687,-1.630871,-0.623019,-0.083691,-3.090355,0.063739,25.709200,0
47.060000,-0.565996,-0.071797,-1.616859,-0.623173,-0.086687,-3.090355,0.059084,27.099600,0
47.080000,-0.565225,-0.071739,-1.616326,-0.623327,-0.089683,-3.090355,0.060810,24.579500,0
47.100000,-0.564848,-0.065231,-1.626421,-0.623480,-0.092679,-3.090355,0.064739,24.635000,0
47.120000,-0.565320,-0.068535,-1.631552,-0.623634,-0.095675,-3.090355,0.064320,24.595200,0
47.140000,-0.564833,-0.072208,-1.629986,-0.623788,-0.098671,-3.090355,0.064621,24.765900,0
47.160000,-0.565996,-0.078063,-1.626193,-0.623941,-0.101667,-3.090355,0.062568,24.477600,0
47.180000,-0.566937,-0.076786,-1.636727,-0.624095,-0.104663,-3.090355,0.063594,24.495900,0
47.200000,-0.565104,-0.073718,-1.651108,-0.624249,-0.107659,-3.090355,0.068192,24.441500,0
47.220000,-0.565785,-0.077470,-1.648904,-0.624402,-0.110655,-3.090355,0.067359,24.663000,0
47.240000,-0.565445,-0.083665,-1.641292,-0.624556,-0.113652,-3.090355,0.066282,31.011900,0
47.260000,-0.567098,-0.090236,-1.638206,-0.624709,-0.116648,-3.090355,0.063377,38.808400,0
47.280000,-0.565572,-0.082316,-1.653668,-0.624863,-0.119644,-3.090355,0.070063,47.329900,0
47.300000,-0.567116,-0.087830,-1.648023,-0.625017,-0.122640,-3.090355,0.067560,42.719200,0
47.320000,-0.565341,-0.087981,-1.655094,-0.625170,-0.125636,-3.090355,0.070693,24.814500,0
47.340000,-0.568017,-0.096371,-1.640346,-0.625324,-0.128632,-3.090355,0.065764,25.453700,0
47.360000,-0.567498,-0.088969,-1.657818,-0.625478,-0.131628,-3.090355,0.071982,38.492700,0
47.380000,-0.567782,-0.096518,-1.641339,-0.625631,-0.134624,-3.090355,0.069272,21.934200,0
47.400000,-0.565987,-0.097967,-1.647401,-0.625785,-0.137620,-3.090355,0.071751,21.921600,0
47.420000,-0.567785,-0.102219,-1.648890,-0.625939,-0.140616,-3.090355,0.069686,19.982800,0
47.440000,-0.566764,-0.106617,-1.646143,-0.626092,-0.143612,-3.090355,0.069917,20.404500,0
47.460000,-0.567116,-0.106860,-1.650861,-0.626246,-0.146608,-3.090355,0.071248,20.656000,0
47.480000,-0.567062,-0.115638,-1.643775,-0.626400,-0.149604,-3.090355,0.068372,21.499700,0
47.500000,-0.566879,-0.110486,-1.653865,-0.626553,-0.152600,-3.090355,0.073038,21.979400,0
47.520000,-0.568448,-0.124780,-1.642515,-0.626707,-0.155596,-3.090355,0.065907,21.593400,0
47.540000,-0.566190,-0.114945,-1.666904,-0.626861,-0.158592,-3.090355,0.074740,22.338100,0
47.560000,-0.568999,-0.128190,-1.638885,-0.627014,-0.161589,-3.090355,0.066942,22.653000,0
47.580000,-0.569266,-0.123662,-1.650518,-0.627168,-0.164585,-3.090355,0.070904,21.490400,0
47.600000,-0.569812,-0.127703,-1.647808,-0.627321,-0.167581,-3.090355,0.069983,21.852200,0
47.620000,-0.569430,-0.129765,-1.648037,-0.627475,-0.170577,-3.090355,0.070956,21.540800,0
47.640000,-0.569083,-0.141501,-1.639672,-0.627629,-0.173573,-3.090355,0.066756,21.820000,0
47.660000,-0.568615,-0.114401,-1.693327,-0.627782,-0.176569,-3.090355,0.085823,21.375900,0
47.680000,-0.568545,-0.140920,-1.645395,-0.627936,-0.179565,-3.090355,0.070857,21.429400,0
47.700000,-0.568422,-0.148730,-1.644896,-0.628090,-0.182561,-3.090355,0.068592,21.632200,0
47.720000,-0.570110,-0.150111,-1.649571,-0.628243,-0.185557,-3.090355,0.068087,21.142500,0
47.740000,-0.570365,-0.152000,-1.651000,-0.628397,-0.188553,-3.090355,0.068584,22.049600,0
47.760000,-0.569272,-0.154814,-1.642939,-0.628551,-0.191549,-3.090355,0.069739,20.829300,0
47.780000,-0.571263,-0.161804,-1.645716,-0.628704,-0.194545,-3.090355,0.066117,21.581000,0
47.800000,-0.572807,-0.169213,-1.647393,-0.628858,-0.197541,-3.090355,0.062803,21.084400,0
47.820000,-0.572275,-0.162410,-1.648514,-0.629012,-0.200537,-3.090355,0.068357,20.925700,0
47.840000,-0.572370,-0.165466,-1.641333,-0.629165,-0.203533,-3.090355,0.068372,21.083700,0
47.860000,-0.572687,-0.168337,-1.647401,-0.629319,-0.206529,-3.090355,0.068307,21.926800,0
47.880000,-0.570834,-0.167423,-1.653340,-0.629472,-0.209526,-3.090355,0.072187,20.819300,0
47.900000,-0.571571,-0.177892,-1.637035,-0.629626,-0.212522,-3.090355,0.067599,24.041900,0
47.920000,-0.571855,-0.173879,-1.642496,-0.629591,-0.213386,-3.100681,0.069959,23.158700,0
47.940000,-0.572370,-0.182958,-1.611231,-0.629583,-0.213560,-3.120678,0.064883,21.653900,0
47.960000,-0.573144,-0.182341,-1.594921,-0.629582,-0.213559,-3.138698,0.064497,23.310500,0
47.980000,-0.575348,-0.183918,-1.566067,-0.629581,-0.213556,3.126499,0.061803,20.346000,0
48.000000,-0.575531,-0.175512,-1.559491,-0.629580,-0.213553,3.108509,0.066094,19.835100,0
48.020000,-0.575624,-0.178324,-1.557970,-0.629501,-0.215700,3.098912,0.065572,21.214600,0
48.040000,-0.576547,-0.185839,-1.538990,-0.629498,-0.215712,3.098826,0.060796,19.594900,0
48.060000,-0.576256,-0.194541,-1.544298,-0.629368,-0.218245,3.098808,0.058161,21.038800,0
48.080000,-0.575430,-0.198803,-1.531007,-0.629238,-0.221244,3.098810,0.058300,23.231400,0
48.100000,-0.574697,-0.197059,-1.537666,-0.629108,-0.224243,3.098812,0.060824,26.107300,0
48.120000,-0.572436,-0.207920,-1.526347,-0.628979,-0.227241,3.098814,0.059753,26.398200,0
48.140000,-0.575312,-0.206988,-1.530208,-0.628850,-0.230240,3.098815,0.058370,23.754900,0
48.160000,-0.574153,-0.209961,-1.532543,-0.628721,-0.233238,3.098817,0.059325,19.731100,0
48.180000,-0.574918,-0.214696,-1.530967,-0.628592,-0.236236,3.098818,0.057835,20.149200,0
48.200000,-0.575720,-0.214468,-1.530939,-0.628464,-0.239233,3.098818,0.058269,20.549100,0
48.220000,-0.575987,-0.216812,-1.534798,-0.628335,-0.242231,3.098819,0.058193,20.752600,0
48.240000,-0.573662,-0.212677,-1.539550,-0.628207,-0.245229,3.098820,0.063520,23.005300,0
48.260000,-0.575338,-0.204869,-1.555435,-0.628079,-0.248226,3.098820,0.068275,22.622000,0
48.280000,-0.573972,-0.214472,-1.550738,-0.627950,-0.251224,3.098820,0.065302,21.645000,0
48.300000,-0.574380,-0.219665,-1.548818,-0.627822,-0.254221,3.098820,0.063641,22.491300,0
48.320000,-0.573909,-0.226452,-1.546199,-0.627694,-0.257219,3.098821,0.061963,21.051700,0
48.340000,-0.574355,-0.225457,-1.551631,-0.627565,-0.260216,3.098821,0.063557,20.914600,0
48.360000,-0.575430,-0.235826,-1.544807,-0.627437,-0.263213,3.098821,0.058777,20.479500,0
48.380000,-0.574244,-0.230769,-1.556272,-0.627309,-0.266211,3.098821,0.063812,19.748200,0
48.400000,-0.573950,-0.236839,-1.547503,-0.627181,-0.269208,3.098821,0.062300,21.283400,0
48.420000,-0.573677,-0.234076,-1.556979,-0.627052,-0.272205,3.098821,0.065595,22.174900,0
48.440000,-0.572745,-0.236629,-1.556492,-0.626924,-0.275203,3.098821,0.066508,19.564400,0
48.460000,-0.571955,-0.235374,-1.556680,-0.626796,-0.278200,3.098821,0.069582,19.173400,0
48.480000,-0.573246,-0.250398,-1.541056,-0.626668,-0.281197,3.098821,0.061664,19.742100,0
48.500000,-0.573256,-0.248273,-1.546350,-0.626539,-0.284194,3.098821,0.064260,20.798500,0
48.520000,-0.576211,-0.245289,-1.562978,-0.626411,-0.287192,3.098821,0.065390,20.763700,0
48.540000,-0.574410,-0.251558,-1.555817,-0.626283,-0.290189,3.098821,0.064677,21.833700,0
48.560000,-0.572149,-0.259906,-1.555753,-0.626155,-0.293186,3.098821,0.063436,21.264200,0
48.580000,-0.573420,-0.264691,-1.553505,-0.626026,-0.296183,3.098821,0.061312,21.107800,0
48.600000,-0.575026,-0.270035,-1.533858,-0.625898,-0.299181,3.098821,0.058629,20.972400,0
48.620000,-0.574121,-0.277058,-1.531013,-0.625770,-0.302178,3.098821,0.057434,20.830600,0
48.640000,-0.572583,-0.277789,-1.533993,-0.625642,-0.305175,3.098821,0.059710,21.749900,0
48.660000,-0.573376,-0.283563,-1.534762,-0.625513,-0.308173,3.098821,0.057654,21.435900,0
48.680000,-0.573797,-0.288534,-1.533769,-0.625385,-0.311170,3.098821,0.056336,21.234300,0
48.700000,-0.574330,-0.289137,-1.535658,-0.625257,-0.314167,3.098821,0.056745,21.505500,0
48.720000,-0.572541,-0.289742,-1.536709,-0.625128,-0.317164,3.098821,0.059307,21.086800,0
48.740000,-0.573292,-0.296034,-1.529157,-0.625000,-0.320162,3.098821,0.057061,21.304700,0
48.760000,-0.573555,-0.298972,-1.534830,-0.624872,-0.323159,3.098821,0.056731,21.907000,0
48.780000,-0.572752,-0.301528,-1.531727,-0.624744,-0.326156,3.098821,0.057530,20.864500,0
48.800000,-0.573092,-0.302705,-1.535909,-0.624615,-0.329153,3.098821,0.057914,21.856700,0
48.820000,-0.572540,-0.309533,-1.526327,-0.624487,-0.332151,3.098821,0.056658,22.931800,0
48.840000,-0.571475,-0.312595,-1.528497,-0.624359,-0.335148,3.098821,0.057492,23.526000,0
48.860000,-0.573302,-0.315453,-1.531306,-0.624231,-0.338145,3.098821,0.055756,23.002000,0
48.880000,-0.572510,-0.310896,-1.544413,-0.624102,-0.341142,3.098821,0.059804,22.046100,0
48.900000,-0.571109,-0.303763,-1.556238,-0.623974,-0.344140,3.098821,0.066520,23.947600,0
48.920000,-0.572110,-0.316666,-1.551088,-0.623846,-0.347137,3.098821,0.060042,21.856700,0
48.940000,-0.572515,-0.315427,-1.556071,-0.623717,-0.350134,3.098821,0.061856,21.913400,0
48.960000,-0.573178,-0.312640,-1.572641,-0.623589,-0.353131,3.098821,0.064659,23.512000,0
48.980000,-0.571699,-0.323123,-1.550543,-0.623461,-0.356129,3.098821,0.061389,23.137900,0
49.000000,-0.571349,-0.326622,-1.545018,-0.623333,-0.359126,3.098821,0.061309,21.652400,0
49.020000,-0.573320,-0.324895,-1.541591,-0.623302,-0.360019,3.088889,0.061089,23.492900,0
49.040000,-0.572785,-0.325477,-1.515084,-0.623293,-0.360192,3.068892,0.061288,22.295700,0
49.060000,-0.572537,-0.327936,-1.493900,-0.623292,-0.360200,3.050769,0.060142,21.124800,0
49.080000,-0.573605,-0.326506,-1.488209,-0.623291,-0.360197,3.032781,0.060031,21.048100,0
49.100000,-0.573182,-0.331655,-1.456824,-0.623290,-0.360193,3.014777,0.057665,22.491000,0
49.120000,-0.574901,-0.327289,-1.441765,-0.623289,-0.360187,2.996747,0.058512,22.425900,0
49.140000,-0.575590,-0.327130,-1.432580,-0.623288,-0.360181,2.978704,0.058030,24.573000,0
49.160000,-0.574718,-0.329345,-1.423433,-0.622887,-0.362477,2.971108,0.058463,21.949200,0
49.180000,-0.575058,-0.330050,-1.427091,-0.622375,-0.365436,2.971109,0.059085,26.354800,0
49.200000,-0.575453,-0.334504,-1.419863,-0.621864,-0.368395,2.971111,0.057468,19.208500,0
49.220000,-0.576569,-0.334975,-1.427074,-0.621354,-0.371353,2.971114,0.057698,21.157200,0
49.240000,-0.575747,-0.338264,-1.422295,-0.620844,-0.374311,2.971118,0.057733,22.021300,0
49.260000,-0.573844,-0.341639,-1.425941,-0.620334,-0.377269,2.971120,0.058574,23.070400,0
49.280000,-0.572346,-0.344966,-1.430022,-0.619825,-0.380227,2.971122,0.059141,23.283400,0
49.300000,-0.571101,-0.352603,-1.413233,-0.619315,-0.383184,2.971124,0.057095,23.363200,0
49.320000,-0.576131,-0.327393,-1.461770,-0.618806,-0.386142,2.971125,0.072613,24.180600,0
49.340000,-0.570854,-0.360002,-1.416525,-0.618297,-0.389099,2.971126,0.055655,22.885300,0
49.360000,-0.570358,-0.359166,-1.424953,-0.617788,-0.392056,2.971127,0.057718,23.542300,0
49.380000,-0.575874,-0.332961,-1.483624,-0.617279,-0.395013,2.971128,0.074598,23.001300,0
49.400000,-0.571589,-0.360551,-1.423754,-0.616770,-0.397969,2.971128,0.058664,22.955100,0
49.420000,-0.570040,-0.364396,-1.424724,-0.616261,-0.400926,2.971129,0.058914,22.778900,0
49.440000,-0.571309,-0.365847,-1.432800,-0.615752,-0.403883,2.971129,0.058497,21.189700,0
49.460000,-0.568259,-0.370901,-1.419260,-0.615243,-0.406840,2.971129,0.059153,19.979000,0
49.480000,-0.571210,-0.372681,-1.429057,-0.614734,-0.409796,2.971129,0.057200,19.457700,0
49.500000,-0.568853,-0.379661,-1.423510,-0.614226,-0.412753,2.971129,0.056159,19.660300,0
49.520000,-0.568167,-0.378336,-1.434806,-0.613717,-0.415710,2.971129,0.058920,20.222900,0
49.540000,-0.567078,-0.386161,-1.426636,-0.613208,-0.418666,2.971129,0.056432,20.551700,0
49.560000,-0.568180,-0.387969,-1.429027,-0.612699,-0.421623,2.971129,0.055808,20.339200,0
49.580000,-0.566312,-0.392983,-1.425693,-0.612190,-0.424579,2.971129,0.055705,20.466100,0
49.600000,-0.565052,-0.397431,-1.422354,-0.611681,-0.427536,2.971129,0.055502,20.663200,0
49.620000,-0.564798,-0.399446,-1.418711,-0.611172,-0.430492,2.971129,0.055807,21.281300,0
49.640000,-0.563954,-0.406073,-1.410005,-0.610663,-0.433449,2.971129,0.054141,21.331600,0
49.660000,-0.566167,-0.399046,-1.407292,-0.610576,-0.434171,2.958936,0.056621,21.352300,0
49.680000,-0.567259,-0.396538,-1.390475,-0.610544,-0.434341,2.938938,0.057469,20.730000,0
49.700000,-0.566138,-0.400851,-1.369644,-0.610544,-0.434340,2.920919,0.055618,23.161000,0
49.720000,-0.567698,-0.408438,-1.349419,-0.610544,-0.434336,2.902921,0.050064,20.694300,0
49.740000,-0.569528,-0.404087,-1.329844,-0.610543,-0.434331,2.884910,0.050961,22.345300,0
49.760000,-0.567665,-0.405117,-1.310814,-0.610542,-0.434327,2.866892,0.051881,22.272600,0
49.780000,-0.567006,-0.402124,-1.319166,-0.609841,-0.436706,2.860932,0.055053,19.761600,0
49.800000,-0.565511,-0.408196,-1.318908,-0.609008,-0.439591,2.860930,0.053644,20.723800,0
49.820000,-0.566171,-0.412116,-1.304469,-0.608175,-0.442476,2.860931,0.051827,21.757300,0
49.840000,-0.567566,-0.408851,-1.311776,-0.607343,-0.445361,2.860935,0.053992,20.820700,0
49.860000,-0.565797,-0.410715,-1.318213,-0.606511,-0.448245,2.860937,0.055373,21.634900,0
49.880000,-0.564006,-0.419155,-1.316327,-0.605679,-0.451129,2.860939,0.052526,19.606000,0
49.900000,-0.563664,-0.423192,-1.310927,-0.604848,-0.454012,2.860941,0.051439,28.920400,0
49.920000,-0.562846,-0.424195,-1.314742,-0.604016,-0.456896,2.860942,0.052577,25.530300,0
49.940000,-0.560596,-0.434115,-1.303862,-0.603185,-0.459779,2.860943,0.049723,23.784300,0
49.960000,-0.561236,-0.434567,-1.297941,-0.602354,-0.462662,2.860944,0.049800,22.657000,0
49.980000,-0.559131,-0.437970,-1.294129,-0.601523,-0.465545,2.860945,0.050571,22.607900,0
50.000000,-0.559023,-0.444854,-1.294869,-0.600692,-0.468428,2.860945,0.047875,24.291100,0
50.020000,-0.559632,-0.442624,-1.299539,-0.599861,-0.471311,2.860946,0.049410,23.707600,0
50.040000,-0.556912,-0.446810,-1.290479,-0.599030,-0.474194,2.860946,0.050238,29.611700,0
50.060000,-0.557036,-0.446909,-1.299680,-0.598199,-0.477077,2.860946,0.051035,21.164100,0
50.080000,-0.557477,-0.452601,-1.298901,-0.597368,-0.479959,2.860946,0.048371,22.846500,0
50.100000,-0.555259,-0.457659,-1.297402,-0.596537,-0.482842,2.860946,0.048353,22.415600,0
50.120000,-0.555597,-0.458992,-1.296144,-0.595706,-0.485725,2.860947,0.048201,22.988800,0
50.140000,-0.554034,-0.459277,-1.297025,-0.594875,-0.488608,2.860947,0.050283,23.477200,0
50.160000,-0.554658,-0.464583,-1.292960,-0.594044,-0.491490,2.860947,0.047699,23.499200,0
50.180000,-0.553818,-0.462544,-1.310969,-0.593214,-0.494373,2.860947,0.050647,25.955800,0
50.200000,-0.554460,-0.468985,-1.313773,-0.592383,-0.497256,2.860947,0.047301,23.607100,0
50.220000,-0.552999,-0.470243,-1.313783,-0.591552,-0.500138,2.860947,0.048786,20.693000,0
50.240000,-0.551679,-0.465751,-1.321029,-0.590721,-0.503021,2.860947,0.053976,21.275800,0
50.260000,-0.549257,-0.476247,-1.309952,-0.589890,-0.505904,2.860947,0.050305,21.425400,0
50.280000,-0.546481,-0.480800,-1.303884,-0.589059,-0.508786,2.860947,0.050952,21.392100,0
50.300000,-0.546561,-0.486662,-1.299838,-0.588228,-0.511669,2.860947,0.048595,21.969800,0
50.320000,-0.545181,-0.491181,-1.300665,-0.587397,-0.514552,2.860947,0.048253,21.556400,0
50.340000,-0.547084,-0.482789,-1.301812,-0.587289,-0.515159,2.847351,0.051617,22.433700,0
50.360000,-0.546621,-0.485641,-1.276692,-0.587250,-0.515288,2.827789,0.050296,21.840100,0
50.380000,-0.547509,-0.486144,-1.257334,-0.587250,-0.515286,2.809784,0.049281,21.804700,0
50.400000,-0.547698,-0.486931,-1.233481,-0.587250,-0.515281,2.791782,0.048663,21.542600,0
50.420000,-0.550178,-0.479897,-1.227268,-0.587249,-0.515277,2.773773,0.051245,21.865100,0
50.440000,-0.549117,-0.486377,-1.204632,-0.587249,-0.515272,2.755761,0.047843,21.763500,0
50.460000,-0.551331,-0.484106,-1.190908,-0.587248,-0.515268,2.737746,0.047551,21.531800,0
50.480000,-0.552163,-0.482145,-1.174918,-0.587248,-0.515264,2.719732,0.048247,21.474400,0
50.500000,-0.550384,-0.491478,-1.141813,-0.587247,-0.515260,2.701718,0.043869,21.367600,0
50.520000,-0.552484,-0.486701,-1.133246,-0.587246,-0.515257,2.683705,0.044987,21.870800,0
50.540000,-0.551680,-0.485833,-1.113915,-0.587245,-0.515253,2.665694,0.046156,21.220200,0
50.560000,-0.550851,-0.488861,-1.083734,-0.587244,-0.515250,2.647684,0.044953,21.160300,0
50.580000,-0.550247,-0.491709,-1.068030,-0.587244,-0.515247,2.629676,0.043850,21.679400,0
50.600000,-0.556372,-0.484335,-1.062921,-0.587243,-0.515244,2.611669,0.043685,23.452300,0
50.620000,-0.554382,-0.485651,-1.045528,-0.587242,-0.515241,2.593664,0.044219,21.220200,0
50.640000,-0.556182,-0.481303,-1.029565,-0.587241,-0.515238,2.575661,0.046003,21.052200,0
50.660000,-0.555979,-0.487335,-1.013517,-0.587240,-0.515236,2.557659,0.041901,21.018900,0
50.680000,-0.556508,-0.485590,-0.989342,-0.587239,-0.515233,2.539658,0.042698,22.166700,0
50.700000,-0.557146,-0.485337,-0.970330,-0.587238,-0.515231,2.521659,0.042417,22.171900,0
50.720000,-0.558456,-0.482013,-0.958422,-0.587237,-0.515228,2.503660,0.043950,24.004600,0
50.740000,-0.555657,-0.487181,-0.934335,-0.587236,-0.515226,2.485663,0.042235,22.512900,0
50.760000,-0.557157,-0.490241,-0.918508,-0.587235,-0.515224,2.467666,0.039100,20.954000,0
50.780000,-0.558176,-0.489641,-0.897503,-0.587234,-0.515222,2.449671,0.038714,20.843600,0
50.800000,-0.555775,-0.489648,-0.876332,-0.587233,-0.515219,2.431676,0.040540,20.782400,0
50.820000,-0.557821,-0.488587,-0.861818,-0.587232,-0.515217,2.413682,0.039676,19.518100,0
50.840000,-0.557429,-0.491307,-0.835942,-0.587231,-0.515215,2.395688,0.038207,19.939600,0
50.860000,-0.560222,-0.486332,-0.833251,-0.587230,-0.515213,2.377695,0.039542,20.075700,0
50.880000,-0.561583,-0.488763,-0.815069,-0.587230,-0.515211,2.359702,0.036841,20.380300,0
50.900000,-0.559249,-0.493092,-0.792927,-0.587229,-0.515209,2.341710,0.035666,20.231400,0
50.920000,-0.561879,-0.491126,-0.776863,-0.587228,-0.515207,2.323719,0.034964,20.233600,0
50.940000,-0.559635,-0.491790,-0.752041,-0.587227,-0.515205,2.305727,0.036188,20.423500,0
50.960000,-0.560227,-0.493944,-0.733646,-0.587226,-0.515203,2.287737,0.034364,20.096100,0
50.980000,-0.563305,-0.491755,-0.723235,-0.587225,-0.515201,2.269746,0.033494,20.281000,0
51.000000,-0.563521,-0.492158,-0.706984,-0.587225,-0.515199,2.251756,0.033057,20.297300,0
51.020000,-0.562008,-0.494477,-0.683913,-0.587224,-0.515197,2.233766,0.032637,20.710100,0
51.040000,-0.561160,-0.497665,-0.657086,-0.587223,-0.515195,2.215777,0.031410,21.167200,0
51.060000,-0.567121,-0.497058,-0.652506,-0.587223,-0.515193,2.197788,0.027074,19.551000,0
51.080000,-0.567120,-0.496398,-0.630218,-0.587222,-0.515192,2.179799,0.027519,19.970700,0
51.100000,-0.566209,-0.495079,-0.614563,-0.587221,-0.515190,2.161811,0.029085,19.224400,0
51.120000,-0.564016,-0.498542,-0.583082,-0.587221,-0.515188,2.143822,0.028558,20.148500,0
51.140000,-0.567028,-0.498067,-0.576961,-0.587220,-0.515186,2.125834,0.026472,19.185000,0
51.160000,-0.566012,-0.498085,-0.551699,-0.587219,-0.515184,2.107847,0.027241,19.106600,0
51.180000,-0.565372,-0.502202,-0.534679,-0.587219,-0.515182,2.089859,0.025412,18.645500,0
51.200000,-0.567353,-0.501795,-0.519824,-0.587218,-0.515180,2.071872,0.023954,19.347100,0
51.220000,-0.569940,-0.499579,-0.505490,-0.587218,-0.515178,2.053885,0.023278,20.119200,0
51.240000,-0.568692,-0.499529,-0.489087,-0.587217,-0.515176,2.035898,0.024248,20.608600,0
51.260000,-0.566155,-0.503141,-0.461472,-0.587216,-0.515175,2.017912,0.024256,20.163700,0
51.280000,-0.569302,-0.502868,-0.443502,-0.587216,-0.515173,1.999925,0.021733,20.988600,0
51.300000,-0.567247,-0.501006,-0.432920,-0.587216,-0.515171,1.981939,0.024483,20.728600,0
51.320000,-0.565950,-0.500671,-0.408364,-0.587215,-0.515169,1.963953,0.025737,20.527400,0
51.340000,-0.571595,-0.500911,-0.397208,-0.587215,-0.515167,1.945967,0.021148,21.029600,0
51.360000,-0.566816,-0.502960,-0.378226,-0.587214,-0.515165,1.927982,0.023771,21.069400,0
51.380000,-0.570516,-0.501872,-0.368616,-0.587214,-0.515163,1.909997,0.021342,21.204200,0
51.400000,-0.569513,-0.502688,-0.368423,-0.584968,-0.516128,1.908522,0.020482,21.322200,0
51.420000,-0.561389,-0.507525,-0.355149,-0.582134,-0.517123,1.908524,0.022857,21.266600,0
51.440000,-0.558822,-0.507961,-0.354182,-0.579300,-0.518119,1.908537,0.022859,21.205600,0
51.460000,-0.558537,-0.510612,-0.345378,-0.576467,-0.519114,1.908546,0.019843,21.482200,0
51.480000,-0.557012,-0.507959,-0.346710,-0.573635,-0.520110,1.908553,0.020591,22.111600,0
51.500000,-0.551059,-0.509645,-0.349255,-0.570802,-0.521105,1.908558,0.022828,21.408300,0
51.520000,-0.545687,-0.513584,-0.343539,-0.567971,-0.522100,1.908561,0.023856,22.062300,0
51.540000,-0.546577,-0.512694,-0.356065,-0.565139,-0.523095,1.908563,0.021277,21.705000,0
51.560000,-0.540837,-0.514831,-0.351196,-0.562308,-0.524090,1.908564,0.023382,24.213300,0
51.580000,-0.542564,-0.514163,-0.359601,-0.559477,-0.525084,1.908565,0.020133,21.747000,0
51.600000,-0.539279,-0.515765,-0.358597,-0.556646,-0.526079,1.908566,0.020199,22.406200,0
51.620000,-0.536654,-0.516106,-0.360240,-0.553815,-0.527073,1.908567,0.020366,22.451800,0
51.640000,-0.534415,-0.518642,-0.357757,-0.550984,-0.528068,1.908567,0.019063,22.363500,0
51.660000,-0.532882,-0.517022,-0.359844,-0.548153,-0.529062,1.908568,0.019447,22.021800,0
51.680000,-0.531448,-0.518824,-0.372276,-0.545323,-0.530057,1.908569,0.017852,22.513000,0
51.700000,-0.523448,-0.523551,-0.365491,-0.542492,-0.531051,1.908569,0.020468,21.856800,0
51.720000,-0.524024,-0.522578,-0.358502,-0.539662,-0.532045,1.908569,0.018281,21.797000,0
51.740000,-0.520023,-0.522719,-0.358839,-0.536831,-0.533040,1.908569,0.019724,22.953600,0
51.760000,-0.522918,-0.520987,-0.368650,-0.534000,-0.534034,1.908570,0.017118,23.469900,0
51.780000,-0.515513,-0.525544,-0.351762,-0.531170,-0.535028,1.908570,0.018306,22.809300,0
51.800000,-0.512617,-0.526577,-0.357012,-0.528339,-0.536022,1.908570,0.018341,23.957000,0
51.820000,-0.511119,-0.526605,-0.368446,-0.525509,-0.537017,1.908570,0.017762,23.207300,0
51.840000,-0.509625,-0.526227,-0.366348,-0.522678,-0.538011,1.908570,0.017586,21.357800,0
51.860000,-0.504186,-0.529383,-0.355482,-0.519848,-0.539005,1.908570,0.018381,20.909700,0
51.880000,-0.497455,-0.531696,-0.351618,-0.517017,-0.539999,1.908570,0.021251,20.870600,0
51.900000,-0.495493,-0.532439,-0.360626,-0.514187,-0.540993,1.908570,0.020558,20.621900,0
51.920000,-0.494974,-0.532792,-0.337041,-0.513685,-0.541055,1.892752,0.020454,20.890400,0
51.940000,-0.501428,-0.530373,-0.332549,-0.513597,-0.541031,1.873670,0.016176,20.929300,0
51.960000,-0.491696,-0.532517,-0.301669,-0.513600,-0.541029,1.855682,0.023500,20.666100,0
51.980000,-0.493029,-0.535575,-0.281671,-0.513603,-0.541027,1.837693,0.021284,21.458600,0
52.000000,-0.495722,-0.535989,-0.268217,-0.513605,-0.541025,1.819702,0.018579,28.171600,0
52.020000,-0.494739,-0.534622,-0.249825,-0.513606,-0.541023,1.801710,0.019923,38.609100,0
52.040000,-0.498691,-0.534141,-0.233865,-0.513607,-0.541021,1.783719,0.016426,37.554800,0
52.060000,-0.494304,-0.536850,-0.207363,-0.513608,-0.541018,1.765728,0.019749,28.769700,0
52.080000,-0.490712,-0.537442,-0.198344,-0.511284,-0.541501,1.758592,0.020969,28.385600,0
52.100000,-0.492427,-0.534464,-0.197991,-0.508334,-0.542060,1.758595,0.017628,29.114500,0
52.120000,-0.486706,-0.538510,-0.201170,-0.505383,-0.542620,1.758602,0.019124,26.557400,0
52.140000,-0.483160,-0.538586,-0.194259,-0.502433,-0.543179,1.758607,0.019812,24.368300,0
52.160000,-0.481572,-0.538844,-0.196472,-0.499484,-0.543739,1.758611,0.018569,27.355900,0
52.180000,-0.480174,-0.540537,-0.203122,-0.496535,-0.544299,1.758614,0.016788,28.468800,0
52.200000,-0.477325,-0.540686,-0.200809,-0.493587,-0.544859,1.758616,0.016789,31.689300,0
52.220000,-0.475855,-0.540871,-0.199778,-0.490638,-0.545420,1.758618,0.015467,29.668000,0
52.240000,-0.463563,-0.542074,-0.182569,-0.487690,-0.545980,1.758619,0.024441,25.015600,0
52.260000,-0.463174,-0.543084,-0.194128,-0.484742,-0.546540,1.758620,0.021843,23.491600,0
52.280000,-0.464243,-0.544668,-0.200146,-0.481795,-0.547100,1.758620,0.017719,22.710500,0
52.300000,-0.465345,-0.543257,-0.208217,-0.478847,-0.547661,1.758621,0.014202,21.175800,0
52.320000,-0.464918,-0.543454,-0.193417,-0.478188,-0.547741,1.745548,0.013945,21.699800,0
52.340000,-0.465759,-0.544749,-0.179037,-0.478017,-0.547708,1.725547,0.012610,25.714400,0
52.360000,-0.462896,-0.545018,-0.160046,-0.478019,-0.547706,1.707550,0.015360,28.812700,0
52.380000,-0.461996,-0.545179,-0.134474,-0.478022,-0.547705,1.689562,0.016224,29.123000,0
52.400000,-0.463395,-0.547499,-0.123166,-0.478024,-0.547703,1.671573,0.014630,24.600000,0
52.420000,-0.467381,-0.547460,-0.106295,-0.478026,-0.547702,1.653583,0.010648,21.946100,0
52.440000,-0.466899,-0.546116,-0.094515,-0.478028,-0.547700,1.635593,0.011242,23.269600,0
52.460000,-0.467504,-0.549636,-0.071735,-0.478029,-0.547698,1.617604,0.010702,22.747500,0
52.480000,-0.467671,-0.549859,-0.057545,-0.478030,-0.547696,1.599616,0.010582,22.845000,0
52.500000,-0.460063,-0.549443,-0.032651,-0.475881,-0.547802,1.590020,0.015903,22.330800,0
52.520000,-0.454395,-0.549720,-0.035249,-0.472879,-0.547857,1.590022,0.018578,22.143400,0
52.540000,-0.448854,-0.549540,-0.030045,-0.469876,-0.547913,1.590026,0.021085,20.575200,0
52.560000,-0.449321,-0.549745,-0.035841,-0.466874,-0.547969,1.590032,0.017642,24.755500,0
52.580000,-0.444922,-0.552095,-0.024515,-0.463872,-0.548026,1.590036,0.019382,23.470600,0
52.600000,-0.442259,-0.551042,-0.025726,-0.460871,-0.548083,1.590040,0.018846,21.820600,0
52.620000,-0.447467,-0.550900,-0.024083,-0.457870,-0.548141,1.590043,0.010763,22.640300,0
52.640000,-0.432817,-0.549467,-0.032360,-0.454870,-0.548198,1.590046,0.022089,24.864700,0
52.660000,-0.429388,-0.551492,-0.028111,-0.451869,-0.548256,1.590048,0.022713,25.184400,0
52.680000,-0.421024,-0.552122,-0.013861,-0.448869,-0.548314,1.590050,0.028104,30.614900,0
52.700000,-0.429221,-0.550555,-0.025546,-0.445869,-0.548372,1.590051,0.016791,28.469300,0
52.720000,-0.425233,-0.550311,-0.018900,-0.442869,-0.548429,1.590052,0.017736,22.779800,0
52.740000,-0.422175,-0.551457,-0.027643,-0.439870,-0.548487,1.590052,0.017943,23.661000,0
52.760000,-0.419977,-0.553466,-0.031015,-0.436870,-0.548545,1.590053,0.017596,23.588700,0
52.780000,-0.421484,-0.552718,-0.045360,-0.433870,-0.548603,1.590053,0.013052,23.565100,0
52.800000,-0.418166,-0.552584,-0.044069,-0.430871,-0.548661,1.590054,0.013297,24.641100,0
52.820000,-0.411585,-0.553849,-0.041433,-0.427871,-0.548719,1.590054,0.017075,23.270600,0
52.840000,-0.403687,-0.552961,-0.040336,-0.424872,-0.548777,1.590054,0.021595,24.480800,0
52.860000,-0.405329,-0.553745,-0.038762,-0.421872,-0.548835,1.590054,0.017256,27.496700,0
52.880000,-0.403673,-0.553652,-0.047097,-0.418872,-0.548892,1.590054,0.015927,27.629100,0
52.900000,-0.399297,-0.554195,-0.037234,-0.415873,-0.548950,1.590054,0.017386,33.415300,0
52.920000,-0.395319,-0.554912,-0.039772,-0.412873,-0.549008,1.590054,0.018521,27.986600,0
52.940000,-0.396389,-0.553828,-0.045672,-0.409874,-0.549066,1.590054,0.014301,29.590500,0
52.960000,-0.389033,-0.555492,-0.034193,-0.406874,-0.549124,1.590054,0.018943,29.050000,0
52.980000,-0.391003,-0.555818,-0.054400,-0.403875,-0.549181,1.590054,0.014482,29.253400,0
53.000000,-0.385141,-0.554701,-0.044888,-0.400876,-0.549239,1.590054,0.016656,27.249300,0
53.020000,-0.383644,-0.555585,-0.038909,-0.397876,-0.549297,1.590054,0.015559,28.062100,0
53.040000,-0.384959,-0.554032,-0.045074,-0.394877,-0.549355,1.590054,0.010966,24.404100,0
53.060000,-0.382503,-0.553351,-0.048300,-0.391877,-0.549413,1.590054,0.010167,22.996000,0
53.080000,-0.372871,-0.554177,-0.044693,-0.388878,-0.549470,1.590054,0.016685,23.971200,0
53.100000,-0.366828,-0.553515,-0.036987,-0.385878,-0.549528,1.590054,0.019463,22.754100,0
53.120000,-0.370214,-0.553751,-0.051629,-0.382879,-0.549586,1.590054,0.013332,23.054000,0
53.140000,-0.364843,-0.554386,-0.040551,-0.379879,-0.549644,1.590054,0.015767,24.854700,0
53.160000,-0.363548,-0.553116,-0.038563,-0.376880,-0.549701,1.590054,0.013763,27.110400,0
53.180000,-0.363137,-0.555743,-0.040258,-0.373881,-0.549759,1.590054,0.012298,27.349400,0
53.200000,-0.360673,-0.555232,-0.045830,-0.370881,-0.549817,1.590054,0.011556,24.591300,0
53.220000,-0.351937,-0.554523,-0.043725,-0.367882,-0.549875,1.590054,0.016609,23.230000,0
53.240000,-0.346400,-0.556220,-0.040824,-0.364882,-0.549933,1.590054,0.019522,23.625300,0
53.260000,-0.345165,-0.556750,-0.030079,-0.361883,-0.549990,1.590054,0.018033,22.686300,0
53.280000,-0.339437,-0.555494,-0.023528,-0.358883,-0.550048,1.590054,0.020194,22.143900,0
53.300000,-0.335788,-0.555758,-0.023713,-0.355884,-0.550106,1.590054,0.020876,24.430500,0
53.320000,-0.336733,-0.554982,-0.028809,-0.352884,-0.550164,1.590054,0.016854,28.356400,0
53.340000,-0.329621,-0.555256,-0.024120,-0.349885,-0.550221,1.590054,0.020880,27.250200,0
53.360000,-0.327818,-0.555847,-0.025721,-0.346886,-0.550279,1.590054,0.019865,28.257700,0
53.380000,-0.324770,-0.557132,-0.021293,-0.343886,-0.550337,1.590054,0.020288,28.717000,0
53.400000,-0.323528,-0.554648,-0.022355,-0.340887,-0.550395,1.590054,0.017872,28.511800,0
53.420000,-0.318340,-0.556706,-0.021348,-0.337887,-0.550452,1.590054,0.020523,23.092000,0
53.440000,-0.315565,-0.556501,-0.024037,-0.334888,-0.550510,1.590054,0.020230,25.512700,0
53.460000,-0.319976,-0.556756,-0.044120,-0.331888,-0.550568,1.590054,0.013424,28.239600,0
53.480000,-0.314908,-0.557630,-0.023170,-0.330964,-0.550553,1.580549,0.017546,29.804900,0
53.500000,-0.317859,-0.557412,-0.014796,-0.330791,-0.550551,1.560552,0.014640,29.672500,0
53.520000,-0.315657,-0.558087,0.011422,-0.330777,-0.550550,1.542365,0.016894,29.194400,0
53.540000,-0.315107,-0.560674,0.028664,-0.330780,-0.550549,1.524376,0.018659,29.218300,0
53.560000,-0.317229,-0.560950,0.047384,-0.330783,-0.550548,1.506387,0.017086,28.158700,0
53.580000,-0.314357,-0.561998,0.047855,-0.328594,-0.550394,1.497300,0.018367,28.148100,0
53.600000,-0.310847,-0.561137,0.048441,-0.325600,-0.550171,1.497302,0.018382,25.483900,0
53.620000,-0.307059,-0.560336,0.057357,-0.322605,-0.549949,1.497306,0.018697,26.142100,0
53.640000,-0.305907,-0.559832,0.053582,-0.319612,-0.549727,1.497308,0.017028,28.162500,0
53.660000,-0.300098,-0.559354,0.056633,-0.316618,-0.549505,1.497310,0.019233,28.649400,0
53.680000,-0.280528,-0.558862,0.089247,-0.313625,-0.549284,1.497312,0.034455,31.398000,0
53.700000,-0.290404,-0.558911,0.067312,-0.310632,-0.549063,1.497313,0.022498,30.235700,0
53.720000,-0.285483,-0.557955,0.072255,-0.307640,-0.548842,1.497315,0.023958,32.298100,0
53.740000,-0.281944,-0.558919,0.066932,-0.304647,-0.548622,1.497316,0.024929,26.554200,0
53.760000,-0.282089,-0.558271,0.068047,-0.301655,-0.548401,1.497316,0.021915,23.627200,0
53.780000,-0.281500,-0.559020,0.066504,-0.298662,-0.548181,1.497317,0.020298,23.349500,0
53.800000,-0.277827,-0.558994,0.063949,-0.295670,-0.547961,1.497317,0.020978,24.370200,0
53.820000,-0.270429,-0.557289,0.074992,-0.292678,-0.547740,1.497318,0.024212,23.743100,0
53.840000,-0.269993,-0.557506,0.067599,-0.289686,-0.547520,1.497318,0.022080,22.844700,0
53.860000,-0.271970,-0.557116,0.064577,-0.286694,-0.547300,1.497318,0.017696,22.411300,0
53.880000,-0.267137,-0.556855,0.065444,-0.283702,-0.547080,1.497318,0.019234,22.292300,0
53.900000,-0.261967,-0.554639,0.065784,-0.280710,-0.546860,1.497318,0.020293,22.713400,0
53.920000,-0.266430,-0.556844,0.046405,-0.277718,-0.546639,1.497319,0.015217,24.182900,0
53.940000,-0.261183,-0.556591,0.069483,-0.276869,-0.546591,1.486783,0.018602,25.161200,0
53.960000,-0.261177,-0.557327,0.087286,-0.276696,-0.546576,1.466785,0.018879,24.219500,0
53.980000,-0.263177,-0.557550,0.099480,-0.276695,-0.546575,1.448740,0.017412,23.972600,0
54.000000,-0.260421,-0.558806,0.120621,-0.276698,-0.546575,1.430751,0.020360,23.248300,0
54.020000,-0.253105,-0.557840,0.142868,-0.276701,-0.546574,1.412754,0.026148,22.538800,0
54.040000,-0.265514,-0.559666,0.150093,-0.276706,-0.546573,1.394737,0.017225,22.003800,0
54.060000,-0.262171,-0.559472,0.178566,-0.276711,-0.546572,1.376709,0.019438,22.048900,0
54.080000,-0.262647,-0.561527,0.198603,-0.276717,-0.546571,1.358676,0.020534,24.031100,0
54.100000,-0.260676,-0.561640,0.215605,-0.276722,-0.546570,1.340642,0.022014,23.850200,0
54.120000,-0.261152,-0.564320,0.231478,-0.276727,-0.546569,1.322609,0.023615,27.489400,0
54.140000,-0.256701,-0.562794,0.234946,-0.274363,-0.545940,1.316272,0.024414,27.432900,0
54.160000,-0.254749,-0.562064,0.236063,-0.271456,-0.545183,1.316272,0.023750,25.742500,0
54.180000,-0.252139,-0.561436,0.235128,-0.268550,-0.544426,1.316275,0.023636,26.746500,0
54.200000,-0.251249,-0.559271,0.225608,-0.265645,-0.543669,1.316281,0.021229,29.199600,0
54.220000,-0.246890,-0.558848,0.232255,-0.262739,-0.542913,1.316285,0.022475,28.123200,0
54.240000,-0.241424,-0.559142,0.234809,-0.259835,-0.542157,1.316289,0.025049,28.469700,0
54.260000,-0.241015,-0.559775,0.225581,-0.256930,-0.541401,1.316292,0.024308,25.507800,0
54.280000,-0.239830,-0.559658,0.225969,-0.254026,-0.540645,1.316294,0.023728,24.072400,0
54.300000,-0.235857,-0.558108,0.234271,-0.251121,-0.539890,1.316296,0.023767,25.698700,0
54.320000,-0.233157,-0.557152,0.232979,-0.248217,-0.539134,1.316298,0.023483,23.579900,0
54.340000,-0.227013,-0.556333,0.236264,-0.245314,-0.538379,1.316299,0.025637,24.882200,0
54.360000,-0.227931,-0.555677,0.229499,-0.242410,-0.537624,1.316300,0.023141,27.551300,0
54.380000,-0.223904,-0.555085,0.241762,-0.239506,-0.536868,1.316301,0.023985,27.181100,0
54.400000,-0.213971,-0.552438,0.258169,-0.236602,-0.536113,1.316301,0.027904,24.569600,0
54.420000,-0.209925,-0.549385,0.256329,-0.233699,-0.535358,1.316302,0.027604,26.243500,0
54.440000,-0.212434,-0.550711,0.244109,-0.230795,-0.534603,1.316302,0.024425,23.658600,0
54.460000,-0.207154,-0.551235,0.236965,-0.227892,-0.533847,1.316302,0.027063,23.185600,0
54.480000,-0.208222,-0.550054,0.235893,-0.224988,-0.533092,1.316302,0.023850,23.442800,0
54.500000,-0.206590,-0.550074,0.230392,-0.222085,-0.532337,1.316302,0.023552,23.735100,0
54.520000,-0.199437,-0.548874,0.240330,-0.219181,-0.531582,1.316302,0.026245,22.487100,0
54.540000,-0.201876,-0.548809,0.228724,-0.216278,-0.530827,1.316302,0.023038,20.956400,0
54.560000,-0.196811,-0.547877,0.242648,-0.213374,-0.530071,1.316302,0.024319,22.141300,0
54.580000,-0.199070,-0.549260,0.243526,-0.212743,-0.529967,1.302994,0.023647,24.376700,0
54.600000,-0.193669,-0.547677,0.270363,-0.212603,-0.529928,1.283325,0.025952,27.102100,0
54.620000,-0.194149,-0.547057,0.287501,-0.212606,-0.529928,1.265323,0.025181,24.361500,0
54.640000,-0.195511,-0.548203,0.309236,-0.212610,-0.529928,1.247326,0.025027,21.111200,0
54.660000,-0.199046,-0.550037,0.319157,-0.212614,-0.529928,1.229319,0.024258,20.976800,0
54.680000,-0.193154,-0.548523,0.340092,-0.212618,-0.529927,1.211308,0.026919,20.875200,0
54.700000,-0.196037,-0.548839,0.361817,-0.212622,-0.529927,1.193294,0.025154,21.567700,0
54.720000,-0.192633,-0.549948,0.377316,-0.212626,-0.529926,1.175280,0.028295,22.070800,0
54.740000,-0.199273,-0.552507,0.396582,-0.212630,-0.529925,1.157265,0.026237,22.124200,0
54.760000,-0.194063,-0.552466,0.413167,-0.212634,-0.529924,1.139252,0.029206,21.961400,0
54.780000,-0.192079,-0.552868,0.420002,-0.210229,-0.528815,1.135251,0.030132,21.786400,0
54.800000,-0.191040,-0.551931,0.405571,-0.207506,-0.527547,1.135251,0.029423,22.526600,0
54.820000,-0.184843,-0.550253,0.426778,-0.204784,-0.526279,1.135254,0.031183,22.751900,0
54.840000,-0.187709,-0.550356,0.392483,-0.202062,-0.525012,1.135258,0.029126,23.276400,0
54.860000,-0.176850,-0.546953,0.427590,-0.199340,-0.523746,1.135262,0.032317,20.754300,0
54.880000,-0.175090,-0.545920,0.426966,-0.196619,-0.522479,1.135266,0.031827,21.042600,0
54.900000,-0.172379,-0.544336,0.427625,-0.193898,-0.521213,1.135269,0.031587,20.060800,0
54.920000,-0.171015,-0.543339,0.423888,-0.191177,-0.519947,1.135271,0.030882,20.945700,0
54.940000,-0.169056,-0.541283,0.404563,-0.188456,-0.518681,1.135273,0.029786,20.400700,0
54.960000,-0.168877,-0.542602,0.422385,-0.185735,-0.517415,1.135274,0.030308,21.068800,0
54.980000,-0.164790,-0.540603,0.433706,-0.185305,-0.517215,1.119470,0.031111,21.096000,0
55.000000,-0.168207,-0.542567,0.452146,-0.185238,-0.517182,1.100590,0.030569,22.395400,0
55.020000,-0.166477,-0.542150,0.474664,-0.185241,-0.517182,1.082601,0.031233,23.269600,0
55.040000,-0.164560,-0.541644,0.484771,-0.185244,-0.517183,1.064608,0.032034,31.674400,0
55.060000,-0.166749,-0.542228,0.507770,-0.185248,-0.517183,1.046609,0.031136,27.062100,0
55.080000,-0.160910,-0.541687,0.535729,-0.185251,-0.517183,1.028607,0.034539,21.889000,0
55.100000,-0.164047,-0.544337,0.545601,-0.185255,-0.517183,1.010603,0.034454,21.320700,0
55.120000,-0.161477,-0.543671,0.567211,-0.185258,-0.517182,0.992599,0.035598,20.907000,0
55.140000,-0.161049,-0.544173,0.585045,-0.185261,-0.517182,0.974595,0.036259,22.717100,0
55.160000,-0.156969,-0.544546,0.608061,-0.185264,-0.517181,0.956592,0.039363,21.072800,0
55.180000,-0.161339,-0.547070,0.617381,-0.185266,-0.517181,0.938589,0.038286,23.320900,0
55.200000,-0.162160,-0.546302,0.636398,-0.185269,-0.517180,0.920587,0.037177,28.544300,0
55.220000,-0.163807,-0.548494,0.654747,-0.185272,-0.517179,0.902586,0.037966,32.394600,0
55.240000,-0.162075,-0.546585,0.671486,-0.185274,-0.517179,0.884587,0.037455,26.876000,0
55.260000,-0.161499,-0.547118,0.682871,-0.185277,-0.517178,0.866588,0.038234,27.729100,0
55.280000,-0.162979,-0.549345,0.702731,-0.185279,-0.517177,0.848591,0.039142,22.220900,0
55.300000,-0.157842,-0.546295,0.728050,-0.185281,-0.517176,0.830595,0.040010,23.063100,0
55.320000,-0.160205,-0.549078,0.739684,-0.185284,-0.517175,0.812599,0.040580,23.218900,0
55.340000,-0.158313,-0.551281,0.760331,-0.185286,-0.517175,0.794604,0.043483,23.595800,0
55.360000,-0.160884,-0.550619,0.778176,-0.185288,-0.517174,0.776610,0.041402,24.124000,0
55.380000,-0.159112,-0.548834,0.798818,-0.185290,-0.517173,0.758617,0.041082,23.317700,0
55.400000,-0.161386,-0.552112,0.807020,-0.185292,-0.517172,0.740625,0.042336,27.431600,0
55.420000,-0.157638,-0.548551,0.812988,-0.183406,-0.515109,0.738279,0.042218,31.303300,0
55.440000,-0.154905,-0.545634,0.811978,-0.181384,-0.512886,0.738286,0.042113,28.949100,0
55.460000,-0.151548,-0.543716,0.814339,-0.179363,-0.510665,0.738295,0.043198,27.182800,0
55.480000,-0.150808,-0.542903,0.816532,-0.177342,-0.508444,0.738304,0.043491,24.361500,0
55.500000,-0.146460,-0.539067,0.826299,-0.175321,-0.506224,0.738310,0.043722,22.642400,0
55.520000,-0.147135,-0.537037,0.820927,-0.173300,-0.504004,0.738315,0.042140,22.236200,0
55.540000,-0.143086,-0.532527,0.824935,-0.171280,-0.501784,0.738318,0.041714,22.525400,0
55.560000,-0.139639,-0.531010,0.824331,-0.169260,-0.499565,0.738320,0.043200,21.954100,0
55.580000,-0.139095,-0.529612,0.827171,-0.167240,-0.497345,0.738322,0.042817,21.921500,0
55.600000,-0.136833,-0.527727,0.824045,-0.165220,-0.495126,0.738324,0.043228,21.921300,0
55.620000,-0.132738,-0.524541,0.829238,-0.163201,-0.492907,0.738325,0.043917,21.674300,0
55.640000,-0.133748,-0.524059,0.821588,-0.161181,-0.490688,0.738325,0.043199,23.347900,0
55.660000,-0.130872,-0.520789,0.817614,-0.159161,-0.488469,0.738326,0.042952,22.172800,0
55.680000,-0.129517,-0.519401,0.821597,-0.157142,-0.486250,0.738326,0.043152,21.995400,0
55.700000,-0.128064,-0.518252,0.829648,-0.155122,-0.484031,0.738327,0.043626,21.506800,0
55.720000,-0.124518,-0.514307,0.822115,-0.153103,-0.481812,0.738327,0.043279,21.558000,0
55.740000,-0.122588,-0.511988,0.835562,-0.151084,-0.479593,0.738328,0.043144,22.013800,0
55.760000,-0.120724,-0.509150,0.828352,-0.149064,-0.477375,0.738328,0.042577,22.210700,0
55.780000,-0.121392,-0.510825,0.824723,-0.147045,-0.475156,0.738328,0.043936,22.252800,0
55.800000,-0.119960,-0.512206,0.762897,-0.145026,-0.472937,0.738328,0.046587,21.638800,0
55.820000,-0.112008,-0.504710,0.821866,-0.143007,-0.470718,0.738328,0.046004,21.852700,0
55.840000,-0.112470,-0.504304,0.825510,-0.140988,-0.468499,0.738328,0.045774,21.560400,0
55.860000,-0.108729,-0.498909,0.826563,-0.138968,-0.466281,0.738328,0.044486,21.564100,0
55.880000,-0.107772,-0.497919,0.823897,-0.136949,-0.464062,0.738328,0.044695,21.702400,0
55.900000,-0.106448,-0.495242,0.833154,-0.134930,-0.461843,0.738328,0.043895,21.606400,0
55.920000,-0.102381,-0.492083,0.829061,-0.132911,-0.459624,0.738329,0.044561,21.332700,0
55.940000,-0.097775,-0.489263,0.828782,-0.130892,-0.457405,0.738329,0.045953,21.694900,0
55.960000,-0.096552,-0.485147,0.828538,-0.128872,-0.455187,0.738329,0.044070,21.723400,0
55.980000,-0.099362,-0.487600,0.819903,-0.126853,-0.452968,0.738329,0.044217,21.588300,0
56.000000,-0.096736,-0.484430,0.828756,-0.124834,-0.450749,0.738329,0.043862,21.575800,0
56.020000,-0.095315,-0.484433,0.812366,-0.122815,-0.448530,0.738329,0.045225,21.929600,0
56.040000,-0.094466,-0.485228,0.831843,-0.122581,-0.448271,0.720784,0.046436,21.926100,0
56.060000,-0.093256,-0.485586,0.852559,-0.122569,-0.448256,0.702545,0.047463,21.512900,0
56.080000,-0.090109,-0.482260,0.873520,-0.122572,-0.448259,0.684556,0.047010,21.438900,0
56.100000,-0.089634,-0.482651,0.888268,-0.122575,-0.448260,0.666564,0.047622,21.417800,0
56.120000,-0.090157,-0.484932,0.907969,-0.122578,-0.448261,0.648569,0.048948,21.468300,0
56.140000,-0.090859,-0.485932,0.922674,-0.122581,-0.448262,0.630573,0.049248,20.415000,0
56.160000,-0.088619,-0.483595,0.944306,-0.122584,-0.448262,0.612576,0.049010,20.329000,0
56.180000,-0.091578,-0.486803,0.962612,-0.122587,-0.448263,0.594580,0.049466,20.912600,0
56.200000,-0.089765,-0.486561,0.979856,-0.122589,-0.448263,0.576584,0.050440,22.737000,0
56.220000,-0.088930,-0.486951,0.996430,-0.122592,-0.448263,0.558589,0.051282,26.231700,0
56.240000,-0.089461,-0.487616,1.011314,-0.122594,-0.448262,0.540595,0.051445,29.239900,0
56.260000,-0.090163,-0.485868,1.029209,-0.122597,-0.448262,0.522601,0.049660,28.176300,0
56.280000,-0.088871,-0.486126,1.052833,-0.122599,-0.448262,0.504609,0.050707,28.512400,0
56.300000,-0.088846,-0.487906,1.071259,-0.122601,-0.448262,0.486617,0.052068,27.106000,0
56.320000,-0.087931,-0.487922,1.091416,-0.122604,-0.448261,0.468626,0.052681,23.668300,0
56.340000,-0.085935,-0.485913,1.102307,-0.122606,-0.448261,0.450636,0.052559,23.269300,0
56.360000,-0.087526,-0.487885,1.122061,-0.122608,-0.448261,0.432647,0.052923,22.368700,0
56.380000,-0.087400,-0.489616,1.140870,-0.122610,-0.448260,0.414658,0.054314,22.830500,0
56.400000,-0.085752,-0.487010,1.153347,-0.122612,-0.448260,0.396670,0.053481,23.002900,0
56.420000,-0.086697,-0.488655,1.174495,-0.122614,-0.448259,0.378683,0.054054,22.360700,0
56.440000,-0.085071,-0.486240,1.197014,-0.122616,-0.448259,0.360696,0.053406,22.551600,0
56.460000,-0.084730,-0.489990,1.213668,-0.122618,-0.448259,0.342709,0.056365,22.541200,0
56.480000,-0.084300,-0.491082,1.233152,-0.122620,-0.448258,0.324723,0.057465,22.479200,0
56.500000,-0.083315,-0.489337,1.250188,-0.122622,-0.448258,0.306737,0.056855,22.620100,0
56.520000,-0.082449,-0.490602,1.263475,-0.122624,-0.448258,0.288752,0.058370,22.666100,0
56.540000,-0.082656,-0.488737,1.260062,-0.121839,-0.445969,0.285271,0.058004,23.098300,0
56.560000,-0.082142,-0.491211,1.264880,-0.120994,-0.443087,0.285273,0.061850,22.820500,0
56.580000,-0.079665,-0.482846,1.269537,-0.120149,-0.440205,0.285286,0.058799,22.861900,0
56.600000,-0.078032,-0.478967,1.264607,-0.119304,-0.437323,0.285295,0.058631,22.928900,0
56.620000,-0.077997,-0.478077,1.261022,-0.118459,-0.434442,0.285302,0.059508,22.542500,0
56.640000,-0.076077,-0.473861,1.266910,-0.117613,-0.431562,0.285307,0.059283,22.727900,0
56.660000,-0.076143,-0.470212,1.279527,-0.116768,-0.428682,0.285310,0.058096,22.525100,0
56.680000,-0.074049,-0.469175,1.280258,-0.115923,-0.425802,0.285312,0.060288,22.764500,0
56.700000,-0.074904,-0.463359,1.278069,-0.115078,-0.422922,0.285313,0.057001,21.305100,0
56.720000,-0.074273,-0.460706,1.274820,-0.114234,-0.420043,0.285314,0.057012,20.353600,0
56.740000,-0.073626,-0.460574,1.277238,-0.113389,-0.417163,0.285315,0.058870,20.550900,0
56.760000,-0.072308,-0.455520,1.272598,-0.112544,-0.414284,0.285316,0.057613,20.877300,0
56.780000,-0.070792,-0.453335,1.278453,-0.111699,-0.411405,0.285317,0.058579,21.046200,0
56.800000,-0.071563,-0.452570,1.273561,-0.110855,-0.408526,0.285317,0.059024,21.040000,0
56.820000,-0.070251,-0.450178,1.284366,-0.110010,-0.405647,0.285318,0.059697,21.057800,0
56.840000,-0.069351,-0.444860,1.273699,-0.109166,-0.402769,0.285318,0.057939,21.181200,0
56.860000,-0.068333,-0.440235,1.277475,-0.108321,-0.399890,0.285319,0.056805,21.161300,0
56.880000,-0.066474,-0.438010,1.269820,-0.107477,-0.397011,0.285319,0.057984,20.792000,0
56.900000,-0.067050,-0.437474,1.266852,-0.106632,-0.394132,0.285319,0.058696,21.340100,0
56.920000,-0.064030,-0.432727,1.257248,-0.105788,-0.391253,0.285319,0.058854,21.483700,0
56.940000,-0.063235,-0.433337,1.286991,-0.105706,-0.390718,0.270671,0.060168,21.895300,0
56.960000,-0.063579,-0.433746,1.305015,-0.105740,-0.390608,0.251344,0.060319,21.360200,0
56.980000,-0.063226,-0.435227,1.320501,-0.105742,-0.390611,0.233357,0.061629,21.541900,0
57.000000,-0.061009,-0.431608,1.339474,-0.105744,-0.390614,0.215368,0.060677,21.939700,0
57.020000,-0.060668,-0.434703,1.358141,-0.105746,-0.390616,0.197378,0.063053,21.793800,0
57.040000,-0.059400,-0.430903,1.382264,-0.105748,-0.390617,0.179387,0.061409,21.524600,0
57.060000,-0.058513,-0.430034,1.396991,-0.105750,-0.390619,0.161396,0.061521,21.621700,0
57.080000,-0.059154,-0.430022,1.408134,-0.105752,-0.390620,0.143406,0.061024,21.949000,0
57.100000,-0.059920,-0.433809,1.432712,-0.105754,-0.390620,0.125416,0.062976,21.483300,0
57.120000,-0.058356,-0.433562,1.450772,-0.105756,-0.390621,0.107427,0.063959,21.584900,0
57.140000,-0.058532,-0.432558,1.474259,-0.105758,-0.390622,0.089439,0.063158,21.514000,0
57.160000,-0.057042,-0.435335,1.485177,-0.105760,-0.390622,0.071451,0.066127,21.313500,0
57.180000,-0.058101,-0.434762,1.502450,-0.105762,-0.390622,0.053464,0.064961,21.503100,0
57.200000,-0.057395,-0.436798,1.517013,-0.105764,-0.390623,0.035478,0.066871,21.943900,0
57.220000,-0.057072,-0.435332,1.527924,-0.105634,-0.388462,0.026017,0.067491,24.726900,0
57.240000,-0.055914,-0.429543,1.532288,-0.105558,-0.385460,0.026019,0.066392,21.579800,0
57.260000,-0.056546,-0.424659,1.522689,-0.105482,-0.382458,0.026024,0.064619,21.418300,0
57.280000,-0.055491,-0.422440,1.520409,-0.105405,-0.379456,0.026032,0.065872,21.729400,0
57.300000,-0.055376,-0.420241,1.525004,-0.105328,-0.376454,0.026038,0.066426,21.479200,0
57.320000,-0.055296,-0.415755,1.519937,-0.105250,-0.373453,0.026043,0.065459,21.548400,0
57.340000,-0.056631,-0.413762,1.519769,-0.105172,-0.370453,0.026047,0.065053,21.765700,0
57.360000,-0.056607,-0.409560,1.524808,-0.105094,-0.367453,0.026050,0.064218,21.648700,0
57.380000,-0.056507,-0.408721,1.523560,-0.105016,-0.364453,0.026053,0.065671,21.426000,0
57.400000,-0.057553,-0.406082,1.526073,-0.104937,-0.361453,0.026055,0.065092,21.825000,0
57.420000,-0.057268,-0.404448,1.544194,-0.104859,-0.358454,0.026057,0.066184,21.650200,0
57.440000,-0.057533,-0.396299,1.531257,-0.104781,-0.355454,0.026058,0.062455,22.009100,0
57.460000,-0.056162,-0.396975,1.541320,-0.104702,-0.352455,0.026059,0.065864,21.480100,0
57.480000,-0.054931,-0.394496,1.530967,-0.104624,-0.349456,0.026060,0.067067,21.967300,0
57.500000,-0.054671,-0.392363,1.537626,-0.104545,-0.346456,0.026061,0.067786,21.314500,0
57.520000,-0.054998,-0.389054,1.534795,-0.104467,-0.343457,0.026061,0.067278,23.128800,0
57.540000,-0.052843,-0.385328,1.536044,-0.104389,-0.340458,0.026061,0.068340,21.849300,0
57.560000,-0.052841,-0.382926,1.542110,-0.104310,-0.337459,0.026062,0.068675,21.656300,0
57.580000,-0.052216,-0.377864,1.532511,-0.104232,-0.334460,0.026062,0.067746,21.616200,0
57.600000,-0.053474,-0.368601,1.484551,-0.104154,-0.331461,0.026062,0.062832,22.205500,0
57.620000,-0.054761,-0.374307,1.530296,-0.104076,-0.328462,0.026062,0.067333,21.677300,0
57.640000,-0.053075,-0.370741,1.539700,-0.103998,-0.325463,0.026062,0.068141,21.442800,0
57.660000,-0.051194,-0.369796,1.542890,-0.103998,-0.324954,0.025798,0.069276,21.875600,0
57.680000,-0.051905,-0.369441,1.536889,-0.103997,-0.324953,0.025798,0.068504,22.257900,0
57.700000,-0.051714,-0.370277,1.542301,-0.103997,-0.324954,0.025798,0.069193,21.689700,0
57.720000,-0.051929,-0.372082,1.538004,-0.103997,-0.324954,0.025798,0.070229,21.601300,0
57.740000,-0.052969,-0.369866,1.538690,-0.103997,-0.324954,0.025798,0.067978,21.300700,0
57.760000,-0.053491,-0.368197,1.532199,-0.103997,-0.324954,0.025798,0.066489,21.236600,0
57.780000,-0.054172,-0.368515,1.528870,-0.103997,-0.324954,0.025798,0.066182,21.151700,0
57.800000,-0.053699,-0.369948,1.524974,-0.103997,-0.324954,0.025798,0.067486,21.271600,0
57.820000,-0.053625,-0.368295,1.519537,-0.103997,-0.324954,0.025798,0.066451,21.740700,0
57.840000,-0.053382,-0.367657,1.528782,-0.103997,-0.324954,0.025798,0.066222,21.367600,0
57.860000,-0.052778,-0.369802,1.529730,-0.103997,-0.324954,0.025798,0.068079,21.203000,0
57.880000,-0.051538,-0.369867,1.514407,-0.103997,-0.324954,0.025798,0.069059,21.562100,0
57.900000,-0.052120,-0.362950,1.519052,-0.103997,-0.324954,0.025798,0.064303,21.754500,0
57.920000,-0.052467,-0.370491,1.529797,-0.103997,-0.324954,0.025798,0.068767,21.672900,0
57.940000,-0.051713,-0.372528,1.528575,-0.103997,-0.324954,0.025798,0.070688,21.216400,0
57.960000,-0.053516,-0.367452,1.523744,-0.103997,-0.324954,0.025798,0.065988,21.439200,0
57.980000,-0.053810,-0.369576,1.520256,-0.103997,-0.324954,0.025798,0.067156,21.738400,0
58.000000,-0.052363,-0.368329,1.522914,-0.103997,-0.324954,0.025798,0.067435,21.549800,0
58.020000,-0.051729,-0.367659,1.528923,-0.103997,-0.324954,0.025798,0.067496,21.466400,0
58.040000,-0.052265,-0.369447,1.520550,-0.103997,-0.324954,0.025798,0.068234,21.686100,0
58.060000,-0.051576,-0.367865,1.524701,-0.103997,-0.324954,0.025798,0.067745,21.500000,0
58.080000,-0.052502,-0.366209,1.503069,-0.103997,-0.324954,0.025798,0.065982,21.457300,0
58.100000,-0.052635,-0.367094,1.535496,-0.103997,-0.324954,0.025798,0.066436,21.392900,0
58.120000,-0.052862,-0.368614,1.547625,-0.103997,-0.324954,0.025798,0.067238,21.924600,0
58.140000,-0.052848,-0.361086,1.530499,-0.103997,-0.324954,0.025798,0.062624,21.823000,0
58.160000,-0.052841,-0.363862,1.517025,-0.103997,-0.324954,0.025798,0.064271,21.314300,0
58.180000,-0.053099,-0.371732,1.531815,-0.103997,-0.324954,0.025798,0.069129,21.428500,0
58.200000,-0.050760,-0.369346,1.527712,-0.103997,-0.324954,0.025798,0.069317,21.252100,0
58.220000,-0.051275,-0.373128,1.536061,-0.103997,-0.324954,0.025798,0.071416,21.317900,0
58.240000,-0.050465,-0.371464,1.543700,-0.103997,-0.324954,0.025798,0.070914,21.736200,0
58.260000,-0.051433,-0.369264,1.538154,-0.103997,-0.324954,0.025798,0.068749,21.798300,0
58.280000,-0.052750,-0.370123,1.541770,-0.103997,-0.324954,0.025798,0.068312,21.693700,0
58.300000,-0.053361,-0.365659,1.531656,-0.103997,-0.324954,0.025798,0.064968,20.617000,0
58.320000,-0.053323,-0.365389,1.539813,-0.103997,-0.324954,0.025798,0.064829,20.470200,0
58.340000,-0.053644,-0.373217,1.532680,-0.103997,-0.324954,0.025798,0.069748,21.315400,0
58.360000,-0.054131,-0.373081,1.545837,-0.103997,-0.324954,0.025798,0.069302,22.716000,0
58.380000,-0.053202,-0.368253,1.534088,-0.103997,-0.324954,0.025798,0.066745,21.776700,0
58.400000,-0.053726,-0.368455,1.534593,-0.103997,-0.324954,0.025798,0.066480,22.459700,0
58.420000,-0.053068,-0.369200,1.546388,-0.103997,-0.324954,0.025798,0.067465,21.778900,0
58.440000,-0.052996,-0.365520,1.535670,-0.103997,-0.324954,0.025798,0.065167,21.675300,0
58.460000,-0.053165,-0.372493,1.543136,-0.103997,-0.324954,0.025798,0.069598,22.856600,0
58.480000,-0.053893,-0.369961,1.543370,-0.103997,-0.324954,0.025798,0.067350,22.478000,0
58.500000,-0.054411,-0.366014,1.537451,-0.103997,-0.324954,0.025798,0.064379,22.021400,0
58.520000,-0.054475,-0.367455,1.535757,-0.103997,-0.324954,0.025798,0.065259,22.169700,0
58.540000,-0.053275,-0.371106,1.535499,-0.103997,-0.324954,0.025798,0.068576,22.572500,0
58.560000,-0.053600,-0.369986,1.541388,-0.103997,-0.324954,0.025798,0.067585,22.256600,0
58.580000,-0.052654,-0.367482,1.536870,-0.103997,-0.324954,0.025798,0.066669,22.160800,0
58.600000,-0.054025,-0.365154,1.541933,-0.103997,-0.324954,0.025798,0.064134,21.966300,0
58.620000,-0.054468,-0.368433,1.532846,-0.103997,-0.324954,0.025798,0.065906,21.928200,0
58.640000,-0.053840,-0.367955,1.539719,-0.103997,-0.324954,0.025798,0.066066,21.936700,0
58.660000,-0.053415,-0.367208,1.535221,-0.103997,-0.324954,0.025798,0.065909,21.819600,0
58.680000,-0.054029,-0.370975,1.528577,-0.103997,-0.324954,0.025798,0.067931,22.226200,0
58.700000,-0.053744,-0.371430,1.536336,-0.103997,-0.324954,0.025798,0.068449,22.811300,0
58.720000,-0.054040,-0.372486,1.535986,-0.103997,-0.324954,0.025798,0.068956,22.382100,0
58.740000,-0.054459,-0.367662,1.532313,-0.103997,-0.324954,0.025798,0.065406,21.756900,0
58.760000,-0.055553,-0.367000,1.538160,-0.103997,-0.324954,0.025798,0.064146,21.982100,0
58.780000,-0.054608,-0.369320,1.542436,-0.103997,-0.324954,0.025798,0.066390,22.152300,0
58.800000,-0.053132,-0.368346,1.544612,-0.103997,-0.324954,0.025798,0.066859,25.726400,0
58.820000,-0.054205,-0.369630,1.538508,-0.103997,-0.324954,0.025798,0.066897,27.212500,0
58.840000,-0.053492,-0.366896,1.543061,-0.103997,-0.324954,0.025798,0.065649,25.681300,0
58.860000,-0.053139,-0.368586,1.531559,-0.103997,-0.324954,0.025798,0.067010,26.628900,0
58.880000,-0.053206,-0.368356,1.537603,-0.103997,-0.324954,0.025798,0.066809,26.882500,0
58.900000,-0.051963,-0.370681,1.533180,-0.103997,-0.324954,0.025798,0.069271,28.165600,0
58.920000,-0.052407,-0.368234,1.540926,-0.103997,-0.324954,0.025798,0.067340,28.544700,0
58.940000,-0.052752,-0.367752,1.537401,-0.103997,-0.324954,0.025798,0.066767,26.143200,0
58.960000,-0.052965,-0.368038,1.540666,-0.103997,-0.324954,0.025798,0.066787,26.465100,0
58.980000,-0.053641,-0.368140,1.528646,-0.103997,-0.324954,0.025798,0.066338,26.820300,0
59.000000,-0.052492,-0.365223,1.538198,-0.103997,-0.324954,0.025798,0.065379,27.956400,0
59.020000,-0.052837,-0.365054,1.536902,-0.103997,-0.324954,0.025798,0.065003,22.997600,0
59.040000,-0.053543,-0.369970,1.534530,-0.103997,-0.324954,0.025798,0.067617,21.042700,0
59.060000,-0.052158,-0.368207,1.544148,-0.103997,-0.324954,0.025798,0.067514,21.000200,0
59.080000,-0.051717,-0.367186,1.534391,-0.103997,-0.324954,0.025798,0.067207,20.826800,0
59.100000,-0.053504,-0.369648,1.530730,-0.103997,-0.324954,0.025798,0.067433,20.544200,0
59.120000,-0.053855,-0.368247,1.522023,-0.103997,-0.324954,0.025798,0.066246,20.426800,0
59.140000,-0.053201,-0.366730,1.526222,-0.103997,-0.324954,0.025798,0.065768,21.188700,0
59.160000,-0.052814,-0.368424,1.523948,-0.103997,-0.324954,0.025798,0.067152,22.054000,0
59.180000,-0.052556,-0.366512,1.526094,-0.103997,-0.324954,0.025798,0.066130,21.993800,0
59.200000,-0.052047,-0.367502,1.525499,-0.103997,-0.324954,0.025798,0.067150,20.669000,0
59.220000,-0.052498,-0.369704,1.526151,-0.103997,-0.324954,0.025798,0.068225,20.683700,0
59.240000,-0.052898,-0.369405,1.522412,-0.103997,-0.324954,0.025798,0.067727,20.671100,0
59.260000,-0.051697,-0.366793,1.528493,-0.103997,-0.324954,0.025798,0.066976,21.172900,0
59.280000,-0.052832,-0.368668,1.522902,-0.103997,-0.324954,0.025798,0.067296,21.677300,0
59.300000,-0.053960,-0.373328,1.526773,-0.103997,-0.324954,0.025798,0.069597,21.171800,0
59.320000,-0.052515,-0.366524,1.514865,-0.103997,-0.324954,0.025798,0.066169,22.227000,0
59.340000,-0.053084,-0.367021,1.523744,-0.103997,-0.324954,0.025798,0.066044,20.104300,0
59.360000,-0.052264,-0.365230,1.516759,-0.103997,-0.324954,0.025798,0.065563,19.974200,0
59.380000,-0.053826,-0.370099,1.520797,-0.103997,-0.324954,0.025798,0.067492,21.452400,0
59.400000,-0.053454,-0.369096,1.523767,-0.103997,-0.324954,0.025798,0.067105,21.479400,0
59.420000,-0.053249,-0.365267,1.531937,-0.103997,-0.324954,0.025798,0.064812,21.390600,0
59.440000,-0.052326,-0.366638,1.541091,-0.103997,-0.324954,0.025798,0.066389,22.811400,0
59.460000,-0.053559,-0.367556,1.537829,-0.103997,-0.324954,0.025798,0.066022,26.336600,0
59.480000,-0.052602,-0.367790,1.533862,-0.103997,-0.324954,0.025798,0.066905,30.002900,0
59.500000,-0.052394,-0.367857,1.537750,-0.103997,-0.324954,0.025798,0.067108,33.082000,0
59.520000,-0.053276,-0.366667,1.544090,-0.103997,-0.324954,0.025798,0.065670,32.689000,0
59.540000,-0.054208,-0.368597,1.537218,-0.103997,-0.324954,0.025798,0.066209,25.279100,0
59.560000,-0.053685,-0.371015,1.541755,-0.103997,-0.324954,0.025798,0.068212,25.268400,0
59.580000,-0.053635,-0.366224,1.535287,-0.103997,-0.324954,0.025798,0.065112,31.420000,0
59.600000,-0.052517,-0.368311,1.532062,-0.103997,-0.324954,0.025798,0.067305,33.930100,0
59.620000,-0.051826,-0.371078,1.541608,-0.103997,-0.324954,0.025798,0.069637,34.427400,0
59.640000,-0.051406,-0.370741,1.538844,-0.103997,-0.324954,0.025798,0.069730,39.487500,0
59.660000,-0.050022,-0.372504,1.533520,-0.103997,-0.324954,0.025798,0.071932,40.677500,0
59.680000,-0.049898,-0.372553,1.521921,-0.103997,-0.324954,0.025798,0.072059,34.759100,0
59.700000,-0.050269,-0.367120,1.531739,-0.103997,-0.324954,0.025798,0.068298,37.458500,0
59.720000,-0.051946,-0.369618,1.535682,-0.103997,-0.324954,0.025798,0.068587,32.953100,0
59.740000,-0.052178,-0.366950,1.538174,-0.103997,-0.324954,0.025798,0.066699,31.347700,0
